date,qqq,tqqq,equity,weight,state,dd252
1999-03-10,43.0743408203125,31.424291,1.0,0.0,CASH,
1999-03-11,43.28524398803711,31.87252,1.0001773809440553,0.0,CASH,
1999-03-12,42.23078155517578,29.529681,1.00035519025698,0.0,CASH,
1999-03-15,43.443397521972656,32.060926,1.0005326342050185,0.0,CASH,
1999-03-16,43.81245040893555,32.864503,1.0007097126013171,0.0,CASH,
1999-03-17,43.496131896972656,32.138916,1.0008856310082632,0.0,CASH,
1999-03-18,44.33968353271485,33.995416,1.0010603888206397,0.0,CASH,
1999-03-19,43.20612335205078,31.373922,1.0012339853993932,0.0,CASH,
1999-03-22,42.67892837524414,30.212352,1.0014080094061644,0.0,CASH,
1999-03-23,41.17631912231445,27.008667,1.0015824610342432,0.0,CASH,
1999-03-24,42.57347106933594,29.746692,1.0017565456094,0.0,CASH,
1999-03-25,44.12880325317383,32.994461,1.0019306604421145,0.0,CASH,
1999-03-26,43.654293060302734,31.916321,1.0021052031193196,0.0,CASH,
1999-03-29,45.235965728759766,35.37214,1.0022797762029663,0.0,CASH,
1999-03-30,44.91963195800781,34.615346,1.0024543796983516,0.0,CASH,
1999-03-31,44.26061630249024,33.07744,1.0026282180128183,0.0,CASH,
1999-04-01,45.18323516845703,35.132366,1.00280168861458,0.0,CASH,
1999-04-05,46.81765365600586,38.930507,1.0029728016087194,0.0,CASH,
1999-04-06,46.9099006652832,39.144668,1.0031435457865225,0.0,CASH,
1999-04-07,46.42221832275391,37.907791,1.003314319031489,0.0,CASH,
1999-04-08,46.79127883911133,38.796423,1.0034847232178365,0.0,CASH,
1999-04-09,47.08125686645508,39.501907,1.0036547581285111,0.0,CASH,
1999-04-12,46.76490783691406,38.689668,1.0038244235848344,0.0,CASH,
1999-04-13,46.132232666015625,37.103898,1.0039925243331247,0.0,CASH,
1999-04-14,44.550575256347656,33.272716,1.0041586611943576,0.0,CASH,
1999-04-15,45.15687561035156,34.617792,1.0043244270625062,0.0,CASH,
1999-04-16,43.83880615234375,31.572451,1.0044914159278577,0.0,CASH,
1999-04-19,41.78263092041016,27.117173,1.0046596283708922,0.0,CASH,
1999-04-20,42.73165130615234,28.953903,1.0048274703182638,0.0,CASH,
1999-04-21,44.84055709838867,33.228975,1.004996935268615,0.0,CASH,
1999-04-22,46.05315017700195,35.911173,1.0051660299819292,0.0,CASH,
1999-04-23,46.65948867797852,37.314822,1.005336349780693,0.0,CASH,
1999-04-26,47.73371505737305,39.876609,1.0055082942096625,0.0,CASH,
1999-04-27,47.002174377441406,38.026629,1.0056818640899767,0.0,CASH,
1999-04-28,45.394134521484375,34.107865,1.0058562620912064,0.0,CASH,
1999-04-29,45.02505493164063,33.261692,1.0060310894937092,0.0,CASH,
1999-04-30,45.3150520324707,33.890383,1.0062059472828804,0.0,CASH,
1999-05-03,45.07779312133789,33.343707,1.0063828318929493,0.0,CASH,
1999-05-04,44.36604309082031,31.750081,1.006560945681387,0.0,CASH,
1999-05-05,45.710479736328125,34.622982,1.006740289269313,0.0,CASH,
1999-05-06,44.04970932006836,30.834461,1.0069192653215004,0.0,CASH,
1999-05-07,44.682373046875,32.14996,1.007098273191653,0.0,CASH,
1999-05-10,45.13051986694336,33.103677,1.0072769132341082,0.0,CASH,
1999-05-11,45.84227752685547,34.655852,1.0074555849639026,0.0,CASH,
1999-05-12,46.79127883911133,36.793429,1.0076346881797698,0.0,CASH,
1999-05-13,45.921348571777344,34.72572,1.007813423372022,0.0,CASH,
1999-05-14,45.05143356323242,32.737417,1.0079913904173308,0.0,CASH,
1999-05-17,45.86204528808594,34.490458,1.0081713888799053,0.0,CASH,
1999-05-18,45.65774154663086,34.014724,1.0083534198327504,0.0,CASH,
1999-05-19,46.2904167175293,35.414231,1.008534683372568,0.0,CASH,
1999-05-20,45.01847839355469,32.479911,1.0087147788517414,0.0,CASH,
1999-05-21,44.60330581665039,31.567543,1.0088941059243006,0.0,CASH,
1999-05-24,43.46976852416992,29.147328,1.0090726641683845,0.0,CASH,
1999-05-25,42.04624176025391,26.271363,1.0092528557155573,0.0,CASH,
1999-05-26,43.21931076049805,28.458988,1.009433479946124,0.0,CASH,
1999-05-27,43.17977523803711,28.368703,1.0096145370616043,0.0,CASH,
1999-05-28,43.89153289794922,29.759433,1.0097956266524084,0.0,CASH,
1999-06-01,42.91617965698242,27.76271,1.0099763480217467,0.0,CASH,
1999-06-02,43.64110565185547,29.157522,1.0101583040765678,0.0,CASH,
1999-06-03,43.02162551879883,27.903375,1.010342698048886,0.0,CASH,
1999-06-04,44.33968353271485,30.456263,1.0105239182463428,0.0,CASH,
1999-06-07,45.2623176574707,32.344767,1.010701561928262,0.0,CASH,
1999-06-08,44.12880325317383,29.900969,1.0108776325521478,0.0,CASH,
1999-06-09,44.86690902709961,31.38867,1.0110573441320332,0.0,CASH,
1999-06-10,44.35286331176758,30.296334,1.0112366864382294,0.0,CASH,
1999-06-11,43.6806640625,28.905706,1.011418468279568,0.0,CASH,
1999-06-14,42.85685729980469,27.257751,1.0116026909352716,0.0,CASH,
1999-06-15,43.496131896972656,28.465699,1.0117861442873044,0.0,CASH,
1999-06-16,45.730224609375,32.839696,1.0119704339125688,0.0,CASH,
1999-06-17,46.23768997192383,33.918921,1.0121531508041293,0.0,CASH,
1999-06-18,46.44858932495117,34.368531,1.01233429409547,0.0,CASH,
1999-06-21,47.83914566040039,37.440461,1.0125158715157083,0.0,CASH,
1999-06-22,46.39585494995117,34.035465,1.0126986868890624,0.0,CASH,
1999-06-23,47.12739562988281,35.630652,1.0128839464557993,0.0,CASH,
1999-06-24,46.19155883789063,33.49258,1.0130684360378939,0.0,CASH,
1999-06-25,46.132232666015625,33.348819,1.0132529592234492,0.0,CASH,
1999-06-28,47.22624969482422,35.706725,1.0134403305978685,0.0,CASH,
1999-06-29,47.8720817565918,37.155825,1.0136281387891866,0.0,CASH,
1999-06-30,48.61021041870117,38.858165,1.0138171884740665,0.0,CASH,
1999-07-01,48.93972396850586,39.631595,1.0140050665037301,0.0,CASH,
1999-07-02,49.559226989746094,41.119591,1.0141889555246821,0.0,CASH,
1999-07-06,49.24287796020508,40.314554,1.0143716705175152,0.0,CASH,
1999-07-07,49.321964263916016,40.491502,1.0145536133719355,0.0,CASH,
1999-07-08,49.98097229003906,42.097163,1.0147359914704053,0.0,CASH,
1999-07-09,50.481876373291016,43.344685,1.014918805016539,0.0,CASH,
1999-07-12,50.21823501586914,42.646886,1.0151024569884757,0.0,CASH,
1999-07-13,49.98097229003906,42.02395,1.0152861421926735,0.0,CASH,
1999-07-14,50.83113861083984,44.150213,1.01547066641703,0.0,CASH,
1999-07-15,51.29906463623047,45.350408,1.0156552241779315,0.0,CASH,
1999-07-16,51.7735595703125,46.589336,1.0158394124536794,0.0,CASH,
1999-07-19,51.24633026123047,45.146078,1.0160224247907346,0.0,CASH,
1999-07-20,49.26924896240234,39.901653,1.0162046637328248,0.0,CASH,
1999-07-21,49.50648498535156,40.461117,1.0163857255862998,0.0,CASH,
1999-07-22,48.24773788452149,37.35764,1.0165660130458287,0.0,CASH,
1999-07-23,48.32023239135742,37.510039,1.0167467358933617,0.0,CASH,
1999-07-26,47.133975982666016,34.731228,1.0169291047515698,0.0,CASH,
1999-07-27,48.08298873901367,36.814065,1.0171135240445572,0.0,CASH,
1999-07-28,49.025386810302734,38.962758,1.0172983803883082,0.0,CASH,
1999-07-29,47.97754669189453,36.447587,1.0174828666491418,0.0,CASH,
1999-07-30,47.74029159545898,35.890978,1.0176677901194444,0.0,CASH,
1999-08-02,47.60848617553711,35.577968,1.0178543625430114,0.0,CASH,
1999-08-03,47.29873275756836,34.867815,1.0180421809113802,0.0,CASH,
1999-08-04,46.44199752807617,32.957787,1.0182316498751394,0.0,CASH,
1999-08-05,47.18009567260742,34.514903,1.0184199419121651,0.0,CASH,
1999-08-06,46.67265701293945,33.386081,1.0186050356921754,0.0,CASH,
1999-08-09,46.07291412353516,32.084171,1.0187933967759413,0.0,CASH,
1999-08-10,45.65774154663086,31.202343,1.0189850269532243,0.0,CASH,
1999-08-11,47.16033935546875,34.268975,1.0191795236961347,0.0,CASH,
1999-08-12,46.60675048828125,33.047128,1.0193724398194914,0.0,CASH,
1999-08-13,48.6365852355957,37.350611,1.019560942812111,0.0,CASH,
1999-08-16,49.025386810302734,38.230036,1.0197470531390835,0.0,CASH,
1999-08-17,49.26924896240234,38.783673,1.0199344114316524,0.0,CASH,
1999-08-18,48.71563720703125,37.459356,1.0201238278153992,0.0,CASH,
1999-08-19,48.13570785522461,36.105198,1.0203112553328408,0.0,CASH,
1999-08-20,48.90018081665039,37.809479,1.0204987172863709,0.0,CASH,
1999-08-23,50.45550537109375,41.400257,1.0206886434388498,0.0,CASH,
1999-08-24,50.79819107055664,42.224998,1.0208818452170139,0.0,CASH,
1999-08-25,51.87901306152344,44.90125,1.0210783244571702,0.0,CASH,
1999-08-26,51.01567459106445,42.639441,1.0212724103752338,0.0,CASH,
1999-08-27,50.50822830200195,41.347714,1.0214661279282444,0.0,CASH,
1999-08-30,49.79646301269531,39.580903,1.021662314285984,0.0,CASH,
1999-08-31,50.35007095336914,40.883031,1.0218589437354622,0.0,CASH,
1999-09-01,50.712528228759766,41.747472,1.0220556110283059,0.0,CASH,
1999-09-02,50.53458404541016,41.289274,1.0222510994497582,0.0,CASH,
1999-09-03,52.8543701171875,46.956919,1.022445002643006,0.0,CASH,
1999-09-07,52.61712646484375,46.303863,1.0226385368748754,0.0,CASH,
1999-09-08,51.90538024902344,44.40437,1.0228288612715604,0.0,CASH,
1999-09-09,52.643463134765625,46.279054,1.0230192210897306,0.0,CASH,
1999-09-10,53.24979782104492,47.857964,1.0232092103666786,0.0,CASH,
1999-09-13,52.61053466796875,46.113452,1.0233967987172656,0.0,CASH,
1999-09-14,52.90050506591797,46.855567,1.0235848275781854,0.0,CASH,
1999-09-15,51.87901306152344,44.120835,1.0237753280900868,0.0,CASH,
1999-09-16,51.85265350341797,44.03455,1.0239630202289205,0.0,CASH,
1999-09-17,53.407962799072266,47.978012,1.0241483087731131,0.0,CASH,
1999-09-20,53.533199310302734,48.294904,1.0243332244477266,0.0,CASH,
1999-09-21,52.2480583190918,44.795562,1.0245177670191519,0.0,CASH,
1999-09-22,52.80165100097656,46.199703,1.0247068149443244,0.0,CASH,
1999-09-23,50.6136589050293,40.436109,1.024897117631548,0.0,CASH,
1999-09-24,50.67958450317383,40.576321,1.0250870489655772,0.0,CASH,
1999-09-27,51.03545379638672,41.413238,1.0252770154971993,0.0,CASH,
1999-09-28,51.272705078125,41.972573,1.0254670172329372,0.0,CASH,
1999-09-29,50.244590759277344,39.429181,1.0256570541793149,0.0,CASH,
1999-09-30,50.7718505859375,40.652997,1.025847533339533,0.0,CASH,
1999-10-01,50.79160690307617,40.682434,1.026039269130055,0.0,CASH,
1999-10-04,51.93175506591797,43.404099,1.0262310407569097,0.0,CASH,
1999-10-05,52.3007698059082,44.310049,1.0264224409829343,0.0,CASH,
1999-10-06,53.34865188598633,46.953896,1.0266150988466416,0.0,CASH,
1999-10-07,53.22342300415039,46.602467,1.0268053485525916,0.0,CASH,
1999-10-08,53.78361129760742,48.053462,1.0269968558915739,0.0,CASH,
1999-10-11,54.541500091552734,50.063743,1.027187176343771,0.0,CASH,
1999-10-12,53.302528381347656,46.629749,1.0273775320656715,0.0,CASH,
1999-10-13,51.7208366394043,42.457545,1.0275699614996319,0.0,CASH,
1999-10-14,52.04376602172852,43.233463,1.027767320180999,0.0,CASH,
1999-10-15,50.50822830200195,39.386906,1.0279659402893981,0.0,CASH,
1999-10-18,49.86896896362305,37.873254,1.028165414627127,0.0,CASH,
1999-10-19,50.13916397094727,38.471228,1.0283665596794134,0.0,CASH,
1999-10-20,51.66811752319336,41.972768,1.0285701925721682,0.0,CASH,
1999-10-21,52.51166534423828,44.009041,1.0287738657874663,0.0,CASH,
1999-10-22,52.2744255065918,43.392322,1.0289771710998172,0.0,CASH,
1999-10-25,52.3007698059082,43.438038,1.0291780666458616,0.0,CASH,
1999-10-26,51.87901306152344,42.366957,1.02937818460716,0.0,CASH,
1999-10-27,51.799930572509766,42.153488,1.0295820178176989,0.0,CASH,
1999-10-28,53.59249877929688,46.510242,1.0297858913904472,0.0,CASH,
1999-10-29,55.464134216308594,51.361599,1.029988170754176,0.0,CASH,
1999-11-01,55.17416000366211,50.532156,1.0301908985861692,0.0,CASH,
1999-11-02,55.20711517333984,50.599222,1.0303944839311934,0.0,CASH,
1999-11-03,56.30770492553711,53.601935,1.0305981095085597,0.0,CASH,
1999-11-04,56.94037628173828,55.384005,1.0308013663493545,0.0,CASH,
1999-11-05,57.520294189453125,57.050469,1.0310034361433524,0.0,CASH,
1999-11-08,58.68022537231445,60.475058,1.0312071820612754,0.0,CASH,
1999-11-09,58.284786224365234,59.224065,1.0314134234961267,0.0,CASH,
1999-11-10,59.04928588867188,61.526676,1.0316197061792647,0.0,CASH,
1999-11-11,60.10372924804688,64.79379,1.0318264395012078,0.0,CASH,
1999-11-12,60.894569396972656,67.320822,1.032033214251854,0.0,CASH,
1999-11-15,60.77595901489258,66.895462,1.032241259039539,0.0,CASH,
1999-11-16,62.31808471679688,71.955732,1.0324505746336465,0.0,CASH,
1999-11-17,61.47447967529297,68.999456,1.032661161769193,0.0,CASH,
1999-11-18,63.359352111816406,75.313634,1.0328697429386762,0.0,CASH,
1999-11-19,63.9261360168457,77.299203,1.0330779563599193,0.0,CASH,
1999-11-22,62.95072937011719,73.724359,1.0332862117543435,0.0,CASH,
1999-11-23,63.2407455444336,74.708175,1.0334940991063661,0.0,CASH,
1999-11-24,65.32328796386719,82.053078,1.0337044889812348,0.0,CASH,
1999-11-26,65.53412628173828,82.80848,1.0339149216854717,0.0,CASH,
1999-11-29,64.4533462524414,78.671752,1.034125397227796,0.0,CASH,
1999-11-30,62.00175094604492,69.656882,1.0343375570842468,0.0,CASH,
1999-12-01,63.34616470336914,74.155061,1.034548939565105,0.0,CASH,
1999-12-02,65.35625457763672,81.179183,1.0347583125608637,0.0,CASH,
1999-12-03,66.74676513671875,86.322223,1.0349673173215315,0.0,CASH,
1999-12-06,67.35307312011719,88.633734,1.0351763642978444,0.0,CASH,
1999-12-07,67.35307312011719,88.591914,1.0353854534983298,0.0,CASH,
1999-12-08,66.53590393066406,85.325629,1.0355937631978127,0.0,CASH,
1999-12-09,66.85221862792969,86.502092,1.035801703847913,0.0,CASH,
1999-12-10,67.40580749511719,88.609851,1.0360113303792957,0.0,CASH,
1999-12-13,68.32186889648438,92.179747,1.036221821565525,0.0,CASH,
1999-12-14,67.08946990966797,87.146978,1.036436056316711,0.0,CASH,
1999-12-15,68.38116455078125,92.138703,1.0366503353600818,0.0,CASH,
1999-12-16,70.06832122802734,98.9141,1.0368634245886221,0.0,CASH,
1999-12-17,70.67460632324219,101.433424,1.0370782034322257,0.0,CASH,
1999-12-20,71.59725952148438,105.355694,1.0372954960168173,0.0,CASH,
1999-12-21,75.44597625732422,122.29327,1.0375169503774238,0.0,CASH,
1999-12-22,75.20877075195312,121.079074,1.037740098867511,0.0,CASH,
1999-12-23,76.10502624511719,125.348398,1.0379616481472995,0.0,CASH,
1999-12-27,75.65690612792969,123.072944,1.038179949612901,0.0,CASH,
1999-12-28,75.18238830566406,120.69729,1.0383974730395586,0.0,CASH,
1999-12-29,78.02936553955078,134.351703,1.0386142179183626,0.0,CASH,
1999-12-30,77.18584442138672,129.931805,1.038824001510731,0.0,CASH,
1999-12-31,77.08039093017578,129.336919,1.0390305296252287,0.0,CASH,
2000-01-03,79.92745208740234,143.605506,1.0392436958124283,0.0,CASH,
2000-01-04,74.44425201416016,113.980504,1.0394610297115199,0.0,CASH,
2000-01-05,72.54627990722656,105.207044,1.0396784090609943,0.0,CASH,
2000-01-06,67.56396484375,83.479837,1.0398958338703563,0.0,CASH,
2000-01-07,75.92048645019531,114.414594,1.040112066169224,0.0,CASH,
2000-01-10,78.02936553955078,123.893601,1.0403275179456992,0.0,CASH,
2000-01-11,74.23339080810547,105.75164,1.0405434271892984,0.0,CASH,
2000-01-12,72.59896087646484,98.714837,1.040761032897292,0.0,CASH,
2000-01-13,76.9749755859375,116.517655,1.0409790971223736,0.0,CASH,
2000-01-14,78.76754760742188,124.601307,1.0411947284981105,0.0,CASH,
2000-01-18,79.18927764892578,126.542322,1.0414116440665475,0.0,CASH,
2000-01-19,80.98186492919922,135.073322,1.0416277783093384,0.0,CASH,
2000-01-20,80.19100189208984,131.049776,1.041848917536109,0.0,CASH,
2000-01-21,81.1927490234375,135.896779,1.0420680365623651,0.0,CASH,
2000-01-24,77.29129028320312,116.239595,1.0422872016731801,0.0,CASH,
2000-01-25,78.45115661621094,121.41473,1.042507653685299,0.0,CASH,
2000-01-26,75.28783416748047,106.667044,1.0427310481864625,0.0,CASH,
2000-01-27,76.39494323730469,111.31946,1.0429549043297792,0.0,CASH,
2000-01-28,72.54627990722656,94.439078,1.0431788085311,0.0,CASH,
2000-01-31,75.65690612792969,106.539096,1.043405244557441,0.0,CASH,
2000-02-01,77.68670654296875,115.059787,1.0436342140503505,0.0,CASH,
2000-02-02,78.34578704833984,117.930014,1.0438640620696773,0.0,CASH,
2000-02-03,81.40365600585938,131.679576,1.0440918895435418,0.0,CASH,
2000-02-04,81.95723724365234,134.299497,1.0443168664792952,0.0,CASH,
2000-02-07,83.09077453613281,139.804291,1.0445443783585788,0.0,CASH,
2000-02-08,86.57048797607422,157.297699,1.044771110800264,0.0,CASH,
2000-02-09,83.5125503540039,140.549514,1.0449999654237438,0.0,CASH,
2000-02-10,86.25413513183594,154.320457,1.0452276261210056,0.0,CASH,
2000-02-11,84.25064086914062,143.489046,1.0454557511981353,0.0,CASH,
2000-02-14,84.14520263671875,142.878181,1.045683096338473,0.0,CASH,
2000-02-15,84.75154113769531,145.893664,1.045909661010929,0.0,CASH,
2000-02-16,84.35613250732422,143.777268,1.0461412552898435,0.0,CASH,
2000-02-17,86.148681640625,152.86943,1.0463716554551765,0.0,CASH,
2000-02-18,83.0380630493164,136.23201,1.0466029368163077,0.0,CASH,
2000-02-22,83.30162048339844,137.459177,1.0468342692979635,0.0,CASH,
2000-02-23,87.94123077392578,160.356095,1.0470668991316237,0.0,CASH,
2000-02-24,89.83926391601562,170.656064,1.0473012426701676,0.0,CASH,
2000-02-25,87.78306579589844,158.850411,1.047535638657026,0.0,CASH,
2000-02-28,87.73036193847656,158.481908,1.0477692557272393,0.0,CASH,
2000-02-29,90.05010986328125,170.9716,1.0480045880219828,0.0,CASH,
2000-03-01,90.78826904296876,175.088207,1.0482391414242258,0.0,CASH,
2000-03-02,88.68594360351562,162.835155,1.0484720834516865,0.0,CASH,
2000-03-03,93.68802642822266,190.303874,1.0487046611940072,0.0,CASH,
2000-03-06,94.42611694335938,194.703065,1.0489389551369648,0.0,CASH,
2000-03-07,93.00261688232422,185.796627,1.049174133914606,0.0,CASH,-0.015075279034178934
2000-03-08,93.84619140625,190.755887,1.049409365420823,0.0,CASH,-0.006141579849748946
2000-03-09,97.00953674316406,209.946815,1.0496454825312198,0.0,CASH,0.0
2000-03-10,96.58771514892578,207.09889,1.0498812362324483,0.0,CASH,-0.0043482487227525235
2000-03-13,94.05705261230467,190.712269,1.050117876122987,0.0,CASH,-0.030434988455580236
2000-03-14,90.57738494873048,169.446234,1.050355819500476,0.0,CASH,-0.06630432440331013
2000-03-15,86.7813491821289,148.053822,1.0505938167929132,0.0,CASH,-0.10543486655455969
2000-03-16,91.7372817993164,173.341856,1.0508310342086937,0.0,CASH,-0.054347800441580496
2000-03-17,93.47714233398438,183.114044,1.0510687221727635,0.0,CASH,-0.03641285720734666
2000-03-20,90.8409652709961,167.525892,1.0513064638995853,0.0,CASH,-0.06358726862596475
2000-03-21,94.26795196533205,186.397746,1.0515455109653868,0.0,CASH,-0.02826098206293315
2000-03-22,96.16597747802734,197.558889,1.051785029655556,0.0,CASH,-0.008695632341488957
2000-03-23,97.85309600830078,207.853139,1.052024602902758,0.0,CASH,0.0
2000-03-24,99.17115783691406,216.143568,1.0522638132596907,0.0,CASH,0.0
2000-03-27,99.329345703125,217.065434,1.0525026604339396,0.0,CASH,0.0
2000-03-28,96.79859924316406,200.360593,1.0527398911851535,0.0,CASH,-0.02547833615581052
2000-03-29,92.79170989990234,175.374492,1.0529784286779642,0.0,CASH,-0.06581776771954495
2000-03-30,90.47193145751952,162.129832,1.053217438058564,0.0,CASH,-0.0891721795095527
2000-03-31,92.36994934082033,172.248975,1.0534560837574327,0.0,CASH,-0.07006384984257197
2000-04-03,86.83405303955078,141.189661,1.0536952015581498,0.0,CASH,-0.125796586850779
2000-04-04,85.99049377441406,137.001511,1.053933119246926,0.0,CASH,-0.13428913514217666
2000-04-05,84.46156311035156,129.622266,1.0541702542019473,0.0,CASH,-0.14968167249596287
2000-04-06,86.46503448486328,138.778642,1.0544086974657523,0.0,CASH,-0.12951168788235556
2000-04-07,89.94471740722656,155.46106,1.0546476130888773,0.0,CASH,-0.09447991657920674
2000-04-10,84.46156311035156,126.948696,1.0548865828472491,0.0,CASH,-0.14968167249596287
2000-04-11,82.45808410644531,117.848855,1.0551247695423587,0.0,CASH,-0.16985173391863895
2000-04-12,77.60762786865234,96.990865,1.0553621726187001,0.0,CASH,-0.2186837905828395
2000-04-13,74.23339080810547,84.289761,1.0555996291107343,0.0,ARMED,-0.25265398374843007
2000-04-14,67.80123901367188,62.335639,1.0558358823554665,0.0,ARMED,-0.31740978928507346
2000-04-17,75.60417175292969,83.825173,1.0560721884759237,0.0,ARMED,-0.23885362157830958
2000-04-18,77.60762786865234,90.44575,1.0563085474839398,0.0,ARMED,-0.2186837905828395
2000-04-19,75.23509979248047,82.103985,1.0565449593913516,0.0,ARMED,-0.24256926027336656
2000-04-20,73.60070037841797,76.710807,1.0567814242099987,0.0,ARMED,-0.259023606191917
2000-04-24,71.4917984008789,70.077336,1.0570171032371067,0.0,ARMED,-0.28025501532494534
2000-04-25,76.3159408569336,84.227248,1.057251995922715,0.0,ARMED,-0.2316878731384554
2000-04-26,73.70618438720703,75.543139,1.0574881994488274,0.0,ARMED,-0.25796164400901556
2000-04-27,76.9749755859375,85.555213,1.0577227771947115,0.0,ARMED,-0.22505302898098334
2000-04-28,79.92745208740234,95.355656,1.057956987235031,0.0,ARMED,-0.19532891793842
2000-05-01,80.66551208496094,97.947702,1.0581941879127599,0.0,ARMED,-0.1878984854480611
2000-05-02,76.0259780883789,80.995685,1.0584322816082439,0.0,ARMED,-0.2346070786008706
2000-05-03,75.18238830566406,78.25696,1.0586733689516636,0.0,ARMED,-0.2430999341285427
2000-05-04,75.34056091308594,78.709923,1.0589145112094205,0.0,ARMED,-0.241507528517671
2000-05-05,77.13314056396484,84.286529,1.059154867986482,0.0,ARMED,-0.22346070017918018
2000-05-08,74.12796020507812,74.389625,1.059398221424785,0.0,ARMED,-0.253715408267851
2000-05-09,72.54627990722656,69.587482,1.0596458347336242,0.0,ARMED,-0.26963900352215664
2000-05-10,67.27398681640625,54.378111,1.0598964493850305,0.0,ARMED,-0.3227179104000708
2000-05-11,71.38639831542969,64.321115,1.0601458615184793,0.0,ARMED,-0.28131613260809185
2000-05-12,71.38639831542969,64.286224,1.0603944909581542,0.0,ARMED,-0.28131613260809185
2000-05-15,74.49697875976562,72.655099,1.0606452826727004,0.0,ARMED,-0.25000030723627453
2000-05-16,76.60588073730469,78.785682,1.0608948710196915,0.0,ARMED,-0.2287688981032462
2000-05-17,75.02417755126953,73.863126,1.0611478860362649,0.0,ARMED,-0.2446927237847576
2000-05-18,72.33536529541016,65.882803,1.0613967504745407,0.0,ARMED,-0.2717623902244791
2000-05-19,68.90843963623047,56.484727,1.0616380918793211,0.0,ARMED,-0.30626302681803996
2000-05-22,68.85565948486328,56.32546,1.0618782242968299,0.0,ARMED,-0.3067943919548338
2000-05-23,63.1088981628418,42.192774,1.0621184110300026,0.0,ARMED,-0.36465001640641703
2000-05-24,67.0631103515625,50.101637,1.0623620239124865,0.0,ARMED,-0.3248409130570501
2000-05-25,65.58688354492188,46.767065,1.0626040063638398,0.0,ARMED,-0.33970285336472883
2000-05-26,65.58688354492188,46.742846,1.062842670590581,0.0,ARMED,-0.33970285336472883
2000-05-30,72.17720031738281,60.809303,1.0630809666695569,0.0,ARMED,-0.27335471902628217
2000-05-31,70.12103271484375,55.58162,1.0633172068803491,0.0,ARMED,-0.2940552238769285
2000-06-01,73.70618438720703,64.078573,1.0635488581193333,0.0,ARMED,-0.25796164400901556
2000-06-02,78.97842407226562,77.795851,1.0637835141348209,0.0,ARMED,-0.2048832747945818
2000-06-05,79.1761245727539,78.339414,1.064024131826395,0.0,ARMED,-0.2028929213991294
2000-06-06,76.9749755859375,71.764125,1.06426522618486,0.0,ARMED,-0.22505302898098334
2000-06-07,79.03113555908203,77.477294,1.0645110207800619,0.0,ARMED,-0.20435260093940566
2000-06-08,78.66209411621094,76.3512,1.0647539151598036,0.0,ARMED,-0.208067932398188
2000-06-09,79.08384704589844,77.539144,1.064996864961874,0.0,ARMED,-0.20382192708422942
2000-06-12,76.55317687988281,70.055147,1.065239870198919,0.0,ARMED,-0.22929949514935366
2000-06-13,79.50562286376953,78.123983,1.0654795491729387,0.0,ARMED,-0.19957569134306496
2000-06-14,77.7130355834961,72.799156,1.0657213961093563,0.0,ARMED,-0.21762259649062443
2000-06-15,79.08384704589844,76.613858,1.0659607605117118,0.0,ARMED,-0.20382192708422942
2000-06-16,79.50562286376953,77.800051,1.0661997556862575,0.0,ARMED,-0.19957569134306496
2000-06-19,82.66898345947266,87.046322,1.0664383813402145,0.0,ARMED,-0.16772850083445368
2000-06-20,82.3526382446289,86.002165,1.0666770604008644,0.0,ARMED,-0.1709133120561972
2000-06-21,83.40715026855469,89.261427,1.0669149463118717,0.0,ARMED,-0.16029699301713396
2000-06-22,80.34919738769531,79.397368,1.0671537320322984,0.0,ARMED,-0.19108298943353008
2000-06-23,77.18584442138672,69.978361,1.0673934181418405,0.0,ARMED,-0.2229301031330726
2000-06-26,79.29474639892578,75.678051,1.0676344288009796,0.0,ARMED,-0.20169869400004425
2000-06-27,78.34578704833984,72.921831,1.0678737992225884,0.0,ARMED,-0.21125235957458832
2000-06-28,79.29474639892578,75.533912,1.0681132233125665,0.0,ARMED,-0.20169869400004425
2000-06-29,77.30450439453125,69.807133,1.068352277218792,0.0,ARMED,-0.22173549168864426
2000-06-30,78.82023620605469,73.876892,1.0685926564844006,0.0,ARMED,-0.20647583402359082
2000-07-03,80.34919738769531,78.136553,1.0688343619581364,0.0,ARMED,-0.19108298943353008
2000-07-05,77.23857116699219,69.020199,1.0690833324971196,0.0,ARMED,-0.22239927565975914
2000-07-06,79.29474639892578,74.495595,1.069329815596351,0.0,ARMED,-0.20169869400004425
2000-07-07,80.92913055419922,79.062234,1.0695776285442182,0.0,ARMED,-0.18524450169963103
2000-07-10,79.70330810546875,75.427213,1.0698259233467968,0.0,ARMED,-0.19758549156574978
2000-07-11,80.13827514648438,76.621429,1.0700755494004361,0.0,ARMED,-0.19320645294492111
2000-07-12,82.03632354736328,82.023942,1.070326932231154,0.0,ARMED,-0.1740978160416662
2000-07-13,83.09077453613281,85.142193,1.0705813472342924,0.0,ARMED,-0.16348211147515201
2000-07-14,84.88333892822266,90.606401,1.070835397888137,0.0,ARMED,-0.14543543675479842
2000-07-17,85.83235931396484,93.596268,1.0710890838841975,0.0,ARMED,-0.1358811567077053
2000-07-18,83.93431091308594,87.336217,1.0713424049548645,0.0,ARMED,-0.1549897936109602
2000-07-19,82.03632354736328,81.36396,1.0715962110633093,0.0,ARMED,-0.1740978160416662
2000-07-20,84.67242431640625,89.163051,1.0718505025459522,0.0,ARMED,-0.1475588234571209
2000-07-21,81.82544708251953,80.120923,1.0721057050465583,0.0,ARMED,-0.17622081869864548
2000-07-24,80.13827514648438,75.121319,1.072358415679468,0.0,ARMED,-0.19320645294492111
2000-07-25,80.77095031738281,76.859472,1.0723443093700615,0.5001250312578145,STARTER,-0.1868369841195714
2000-07-26,80.66551208496094,76.516599,1.0700796679012836,0.4989476624567419,STARTER,-0.1878984854480611
2000-07-27,77.502197265625,67.472885,1.0071023323792891,0.4674887074529326,STARTER,-0.21974521510226053
2000-07-28,73.28439331054688,56.420095,0.9301068342209853,0.42326896273441605,STARTER,-0.26220803336831733
2000-07-31,75.44597625732422,61.381691,0.9648553333694613,0.44390710180958465,EXIT_SIGNAL,-0.24044625761638727
2000-08-01,74.44425201416016,58.902944,0.9474819254751345,0.0,ARMED,-0.250531134709588
2000-08-02,73.12621307373047,55.741933,0.9477097723169665,0.0,ARMED,-0.2638005157882577
2000-08-03,76.28956604003906,62.94533,0.9479372978845569,0.0,ARMED,-0.23195340208871507
2000-08-04,76.0259780883789,62.258338,0.9481645019021387,0.0,ARMED,-0.2346070786008706
2000-08-07,77.81853485107422,66.627991,0.9483917603765561,0.0,ARMED,-0.21656048068958567
2000-08-08,79.40018463134766,70.653878,0.9486190733208615,0.0,ARMED,-0.20063719267155455
2000-08-09,77.29129028320312,64.985277,0.948847570064429,0.0,ARMED,-0.22186852499551435
2000-08-10,75.7623519897461,61.092989,0.9490753687937888,0.0,ARMED,-0.23726113915836922
2000-08-11,76.8167953491211,63.610054,0.9493035988207962,0.0,ARMED,-0.2266455114009237
2000-08-14,78.45115661621094,67.635062,0.9495330138629261,0.0,ARMED,-0.21019154952771635
2000-08-15,78.45115661621094,67.597729,0.9497621075395866,0.0,ARMED,-0.21019154952771635
2000-08-16,79.2420425415039,69.604825,0.9499912564896413,0.0,ARMED,-0.20222929104615184
2000-08-17,80.77095031738281,73.595357,0.9499829056112445,0.5001250312578145,STARTER,-0.1868369841195714
2000-08-18,80.34919738769531,72.401938,0.9423929234950172,0.4959776888995067,STARTER,-0.19108298943353008
2000-08-21,80.56009674072266,72.932091,0.9459298487143795,0.49774132671770055,STARTER,-0.1889597563493448
2000-08-22,80.56009674072266,72.891834,0.9457845888802474,0.4975429880380535,STARTER,-0.1889597563493448
2000-08-23,81.87814331054688,76.429299,0.9687360898779589,0.5093289506128323,STARTER,-0.17569029846160655
2000-08-24,83.14347839355469,79.930438,0.9914532970702667,0.5204558532345506,STARTER,-0.16295151442904443
2000-08-25,82.69535827636719,78.593719,0.9829387271575263,0.5161849750910362,STARTER,-0.167462971884194
2000-08-28,83.09077453613281,79.677436,0.9900501936275131,0.5195437237589262,STARTER,-0.16348211147515201
2000-08-29,83.5125503540039,80.846551,0.9977133702369213,0.5231180080865402,STARTER,-0.15923587573398745
2000-08-30,83.40715026855469,80.495562,0.9955630366583397,0.5219719181957931,STARTER,-0.16029699301713396
2000-08-31,85.72689056396484,87.167226,1.038748937399853,0.541734629973064,STARTER,-0.1369429652724694
2000-09-01,86.57048797607422,89.692424,1.0551662982132028,0.5487554108028365,STARTER,-0.12845003293572865
2000-09-05,83.93431091308594,81.449326,1.002066131580957,0.5247290118679725,STARTER,-0.1549897936109602
2000-09-06,80.98186492919922,72.809715,0.9464058420267917,0.49665622624801564,STARTER,-0.18471359741724902
2000-09-07,82.7744140625,77.604959,0.9774761531660441,0.5125394145392758,STARTER,-0.16666707631503275
2000-09-08,80.24374389648438,70.444989,0.9313669161549243,0.4882848665655301,STARTER,-0.192144644380157
2000-09-11,78.29302215576172,65.269344,0.8980671750063995,0.46918529321978064,STARTER,-0.21178357109324497
2000-09-12,77.08039093017578,62.20145,0.8783741099033124,0.45715655151106505,EXIT_SIGNAL,-0.2239917580796995
2000-09-13,78.87299346923828,66.507676,0.9060710015665712,0.0,CASH,-0.20594469931400283
2000-09-14,78.45115661621094,65.404541,0.9062834967840713,0.0,CASH,-0.21019154952771635
2000-09-15,77.02767944335938,61.808813,0.9064974803806191,0.0,CASH,-0.22452243193487575
2000-09-18,75.81504821777344,58.856203,0.9067118742305258,0.0,CASH,-0.2367306189213303
2000-09-19,78.60934448242188,65.331974,0.9069259589717452,0.0,CASH,-0.20859899029870743
2000-09-20,79.82198333740234,68.319943,0.9071408140425699,0.0,CASH,-0.19639072650318423
2000-09-21,74.02249908447266,53.391479,0.9073557200135821,0.0,ARMED,-0.25477714002354657
2000-09-22,78.39848327636719,62.831498,0.9075703168439748,0.0,ARMED,-0.2107218393375494
2000-09-25,76.3159408569336,57.790231,0.9077853245662424,0.0,ARMED,-0.2316878731384554
2000-09-26,75.44597625732422,55.782449,0.9080007434653782,0.0,ARMED,-0.24044625761638727
2000-09-27,75.55146789550781,55.985959,0.9082162134837609,0.0,ARMED,-0.23938421862441717
2000-09-28,77.23857116699219,59.705775,0.9084328158508606,0.0,ARMED,-0.22239927565975914
2000-09-29,74.86602020263672,54.171077,0.9086509118313831,0.0,ARMED,-0.2462849757774921
2000-10-02,73.17888641357422,50.47918,0.9088683390214223,0.0,ARMED,-0.26327022597842464
2000-10-03,70.859130859375,45.650897,0.9090850969152929,0.0,ARMED,-0.2866244073412264
2000-10-04,72.22989654541016,48.275186,0.9093033494950442,0.0,ARMED,-0.27282419878924324
2000-10-05,72.4407958984375,48.67152,0.9095212936298165,0.0,ARMED,-0.2707009657050581
2000-10-06,70.01557159423828,43.756391,0.9097396509314014,0.0,ARMED,-0.2951169556326241
2000-10-09,69.69923400878906,43.139255,0.9099580606560702,0.0,ARMED,-0.29830169004529894
2000-10-10,66.06137084960938,36.360783,0.9101765228164087,0.0,ARMED,-0.33492594376838813
2000-10-11,65.0069351196289,34.599715,0.9103946762355789,0.0,ARMED,-0.345541494716765
2000-10-12,63.37253952026367,31.971132,0.9106128819423144,0.0,ARMED,-0.3619958022307811
2000-10-13,68.5393295288086,39.773547,0.9108296945332529,0.0,ARMED,-0.30997904955844
2000-10-16,69.17200469970703,40.853148,0.911046558746237,0.0,ARMED,-0.3036095807330903
2000-10-17,66.00865173339844,35.225715,0.9112649206978272,0.0,ARMED,-0.33545669443263293
2000-10-18,65.7977294921875,34.868481,0.9114851430591804,0.0,ARMED,-0.33758015794402396
2000-10-19,71.75540924072266,44.320662,0.9117065037326411,0.0,ARMED,-0.27760110838558394
2000-10-20,72.80986022949219,46.249943,0.9119279181651214,0.0,ARMED,-0.26698540381906977
2000-10-23,72.70440673828125,46.0232,0.9121493863696772,0.0,ARMED,-0.2680470587656967
2000-10-24,69.5937728881836,40.090241,0.9123719942590884,0.0,ARMED,-0.2993634218009945
2000-10-25,65.69232177734375,33.325375,0.9125950185188273,0.0,ARMED,-0.33864135203623913
2000-10-26,67.37943267822266,35.874357,0.912818821576676,0.0,ARMED,-0.32165633226251256
2000-10-27,67.24761962890625,35.643815,0.9130419550608676,0.0,ARMED,-0.3229833625412618
2000-10-30,64.75653839111328,31.662751,0.9132647807795461,0.0,ARMED,-0.3480623683492564
2000-10-31,68.92157745361328,37.754594,0.9134887480886114,0.0,ARMED,-0.30613076160185615
2000-11-01,68.3284683227539,36.758785,0.9137116828460662,0.0,ARMED,-0.3121018985972821
2000-11-02,69.17200469970703,38.099629,0.9139353971775294,0.0,ARMED,-0.3036095807330903
2000-11-03,70.06832122802734,39.559327,0.9141591662834941,0.0,ARMED,-0.29458589773210475
2000-11-06,69.54107666015625,38.644033,0.9143837156998277,0.0,ARMED,-0.29989394203803343
2000-11-07,69.27743530273438,38.182755,0.9146094088156931,0.0,ARMED,-0.30254815621366926
2000-11-08,63.86021041870117,29.204058,0.9148351576383495,0.0,ARMED,-0.35708616656384495
2000-11-09,63.847049713134766,29.16965,0.9150605991607239,0.0,ARMED,-0.3572186622072345
2000-11-10,60.52549362182617,24.600806,0.9152850068728562,0.0,ARMED,-0.3906584887539234
2000-11-13,60.617767333984375,24.699566,0.9155091064189766,0.0,ARMED,-0.3897295214733577
2000-11-14,63.97885513305664,28.794364,0.9157332608339153,0.0,ARMED,-0.3558917087375538
2000-11-15,65.27051544189453,30.52224,0.91595674335937,0.0,ARMED,-0.3428878950136781
2000-11-16,61.47447967529297,25.179839,0.916181007374307,0.0,ARMED,-0.3811045543476391
2000-11-17,61.43496322631836,25.117243,0.9164045991712405,0.0,ARMED,-0.3815023869186168
2000-11-20,58.930641174316406,22.031597,0.9166282455352206,0.0,ARMED,-0.4067146948652216
2000-11-21,58.838417053222656,21.915843,0.9168523102119123,0.0,ARMED,-0.4076431628868412
2000-11-22,56.2022590637207,18.95788,0.9170767934985773,0.0,ARMED,-0.43418273153940123
2000-11-24,59.41831970214844,22.201759,0.917301331748016,0.0,ARMED,-0.4018049823892167
2000-11-27,58.68022537231445,21.362045,0.9175259249736855,0.0,ARMED,-0.40923576052038446
2000-11-28,55.21370697021485,17.564348,0.917749116800078,0.0,ARMED,-0.4441349977756093
2000-11-29,53.09163665771485,15.529503,0.9179712703526557,0.0,ARMED,-0.46549897936109597
2000-11-30,53.13115692138672,15.555697,0.9181916563193511,0.0,ARMED,-0.46510110838558394
2000-12-01,53.987911224365234,16.299679,0.9184106377504874,0.0,ARMED,-0.45647571880998783
2000-12-04,54.83144760131836,17.054837,0.9186307647432246,0.0,ARMED,-0.44798340094579614
2000-12-05,59.62922668457031,21.522586,0.9188487572825376,0.0,ARMED,-0.39968167249596287
2000-12-06,57.36215972900391,19.056187,0.9190638845744262,0.0,ARMED,-0.42250541043079437
2000-12-07,56.0968017578125,17.784823,0.9192790622334197,0.0,ARMED,-0.4352444248905625
2000-12-08,57.36215972900391,18.97876,0.919495019857172,0.0,ARMED,-0.42250541043079437
2000-12-11,62.73984909057617,24.306333,0.9197102984565706,0.0,ARMED,-0.36836542467426814
2000-12-12,60.44643783569336,21.62778,0.9199252624857417,0.0,ARMED,-0.39145438432308477
2000-12-13,57.98165512084961,18.971254,0.9201402767584883,0.0,ARMED,-0.4162686292715059
2000-12-14,55.14781188964844,16.179449,0.9203385450737599,0.0,ARMED,-0.4447983977013811
2000-12-15,53.88247299194336,15.057151,0.9205529255163892,0.0,ARMED,-0.45753722013847753
2000-12-18,53.987911224365234,15.13759,0.9207658947023228,0.0,ARMED,-0.45647571880998783
2000-12-19,49.87556076049805,11.670464,0.920977086252504,0.0,ARMED,-0.4978768821294177
2000-12-20,47.01536178588867,9.656614,0.9211872298336926,0.0,ARMED,-0.526671987486881
2000-12-21,47.2921257019043,9.822478,0.9213944969631941,0.0,ARMED,-0.5238856617131986
2000-12-22,51.03545379638672,12.15025,0.9215853572441794,0.0,ARMED,-0.4861996378298796
2000-12-26,51.35177993774414,12.369943,0.9217725999792439,0.0,ARMED,-0.48301501863080765
2000-12-27,51.93175506591797,12.782711,0.9219770725575985,0.0,ARMED,-0.4771761084470313
2000-12-28,51.82627487182617,12.69815,0.922181956348011,0.0,ARMED,-0.4782380322253984
2000-12-29,49.24287796020508,10.79259,0.9223905451168718,0.0,ARMED,-0.5042464277638361
2001-01-02,45.07779312133789,8.048383,0.9226002791581859,0.0,ARMED,-0.5461784953656481
2001-01-03,52.66985321044922,12.11085,0.9228082303259336,0.0,ARMED,-0.4697452919113292
2001-01-04,51.7208366394043,11.450324,0.9230107354730492,0.0,ARMED,-0.479299533553888
2001-01-05,47.766639709472656,8.818789,0.9232026630937881,0.0,ARMED,-0.5191084832851177
2001-01-08,48.29385757446289,9.10665,0.9233847391668785,0.0,ARMED,-0.5138007078109292
2001-01-09,48.29385757446289,9.102339,0.9235697825442163,0.0,ARMED,-0.5138007078109292
2001-01-10,50.7718505859375,10.499137,0.9237563289860447,0.0,ARMED,-0.48885346796017237
2001-01-11,52.2480583190918,11.409905,0.9239447459466659,0.0,ARMED,-0.4739917196751652
2001-01-12,52.9202766418457,11.844863,0.9241339346271461,0.0,ARMED,-0.46722414944709756
2001-01-16,52.28761291503906,11.414326,0.9243220618966063,0.0,ARMED,-0.4735935030588444
2001-01-17,53.88247299194336,12.453273,0.9245131618163579,0.0,ARMED,-0.45753722013847753
2001-01-18,56.14954376220703,14.019218,0.9247046681064655,0.0,ARMED,-0.4347134437991117
2001-01-19,55.93867874145508,13.854637,0.9248932784981562,0.0,ARMED,-0.4368363312424881
2001-01-22,55.99138641357422,13.887231,0.9250800922651674,0.0,ARMED,-0.4363056957918462
2001-01-23,57.16445541381836,14.753506,0.9252673108517677,0.0,ARMED,-0.4244958022307811
2001-01-24,56.624019622802734,14.328033,0.9254542001673796,0.0,ARMED,-0.429936649416374
2001-01-25,54.40968704223633,12.640284,0.9256425962051879,0.0,ARMED,-0.4522294830688234
2001-01-26,55.29279327392578,13.249842,0.9258306632681497,0.0,ARMED,-0.4433387949701735
2001-01-29,56.51859664916992,14.124905,0.9260154620153912,0.0,ARMED,-0.4309979971267264
2001-01-30,56.30770492553711,13.960337,0.926198460309776,0.0,ARMED,-0.4331211534018429
2001-01-31,54.24098205566406,12.416801,0.9263778193808994,0.0,ARMED,-0.4539279235989412
2001-02-01,54.95801544189453,12.903587,0.926555742745469,0.0,ARMED,-0.44670917690173106
2001-02-02,51.92119216918945,10.758606,0.926734067954356,0.0,ARMED,-0.4772824506025518
2001-02-05,51.87901306152344,10.727413,0.9269150017513814,0.0,ARMED,-0.47770708953848195
2001-02-06,51.96335983276367,10.774794,0.9270970743339956,0.0,ARMED,-0.47685792688022455
2001-02-07,51.11980056762695,10.245084,0.9272784468902385,0.0,ARMED,-0.4853504751716222
2001-02-08,49.592960357666016,9.322359,0.9274598549292858,0.0,ARMED,-0.5007219668406033
2001-02-09,47.576847076416016,8.181127,0.9276416665061278,0.0,ARMED,-0.5210192240809335
2001-02-12,48.15047836303711,8.473283,0.9278224093807705,0.0,ARMED,-0.5152441806377241
2001-02-13,46.60675048828125,7.65442,0.9280035556635063,0.0,ARMED,-0.5307856891801216
2001-02-14,48.46258163452149,8.565266,0.92818436904909,0.0,ARMED,-0.5121020752581398
2001-02-15,49.26398086547852,8.98623,0.9283659543181407,0.0,ARMED,-0.5040339738800008
2001-02-16,46.50551223754883,7.472611,0.9285479435192301,0.0,ARMED,-0.5318049071163296
2001-02-20,44.70029830932617,6.598983,0.9287277575696522,0.0,ARMED,-0.5499789312724743
2001-02-21,43.443397521972656,6.03931,0.9289087120596504,0.0,ARMED,-0.5626328028796641
2001-02-22,43.02162551879883,5.860658,0.9290885959731884,0.0,ARMED,-0.5668790002162943
2001-02-23,43.173458099365234,5.920092,0.9292681460270004,0.0,ARMED,-0.5653504229414554
2001-02-26,43.9917106628418,6.254077,0.9294433056973824,0.0,ARMED,-0.5571126503307091
2001-02-27,41.33449172973633,5.11803,0.9296166542433945,0.0,ARMED,-0.5838642504172269
2001-02-28,40.0269660949707,4.630065,0.9297892973299929,0.0,ARMED,-0.597027788599322
2001-03-01,41.16576385498047,5.023203,0.9299634483334978,0.0,ARMED,-0.5855629213745506
2001-03-02,39.39431381225586,4.372499,0.9301368938902356,0.0,ARMED,-0.6033970269974659
2001-03-05,40.11135482788086,4.609317,0.9303107409063349,0.0,ARMED,-0.5961782034911872
2001-03-06,41.67191696166992,5.145283,0.930484989577045,0.0,ARMED,-0.5804672157388541
2001-03-07,41.68878936767578,5.149313,0.9306566862155478,0.0,ARMED,-0.5802973524835752
2001-03-08,40.912723541259766,4.859522,0.9308250907566545,0.0,ARMED,-0.5881104093493228
2001-03-09,38.04458999633789,3.835399,0.9309931564050865,0.0,ARMED,-0.616985396138163
2001-03-12,35.682640075683594,3.119403,0.9311630995967801,0.0,ARMED,-0.6407643700550322
2001-03-13,37.496280670166016,3.593719,0.9313308567569646,0.0,ARMED,-0.6225055102825836
2001-03-14,36.90580368041992,3.422432,0.9314975354227241,0.0,ARMED,-0.6284501481493316
2001-03-15,35.55610275268555,3.045514,0.9316609171361223,0.0,ARMED,-0.6420382868628227
2001-03-16,34.75471878051758,2.838312,0.9318228486807126,0.0,ARMED,-0.6501062346228245
2001-03-19,36.49245834350586,3.262862,0.9319859176735895,0.0,ARMED,-0.6326115098696581
2001-03-20,34.03767776489258,2.603041,0.9321501247183435,0.0,ARMED,-0.6573250581291031
2001-03-21,34.03767776489258,2.601995,0.9323121412918729,0.0,ARMED,-0.6573250581291031
2001-03-22,36.10443115234375,3.074933,0.9324671566857364,0.0,ARMED,-0.6365179806957304
2001-03-23,36.10443115234375,3.073702,0.9326207177487988,0.0,ARMED,-0.6365179806957304
2001-03-26,35.2692756652832,2.859177,0.9327750442751546,0.0,ARMED,-0.6449259237980303
2001-03-27,36.48402404785156,3.153444,0.9329286560419282,0.0,ARMED,-0.6230934710511519
2001-03-28,33.4893684387207,2.37565,0.9330856249819317,0.0,ARMED,-0.6390909438478194
2001-03-29,32.856712341308594,2.240053,0.9332422500696885,0.0,ARMED,-0.6442921905253391
2001-03-30,33.02540969848633,2.273657,0.9333985311053827,0.0,ARMED,-0.6424658675882626
2001-04-02,31.54917907714844,1.967854,0.9335533567283903,0.0,ARMED,-0.6492381099569319
2001-04-03,29.2377986907959,1.534575,0.9337070966696385,0.0,ARMED,-0.6749358991432353
2001-04-04,28.72325325012207,1.452962,0.9338567862186434,0.0,ARMED,-0.6806565846432431
2001-04-05,31.4732723236084,1.869729,0.9340050174545512,0.0,ARMED,-0.6500820367124784
2001-04-06,30.32602882385254,1.664567,0.9341529015826684,0.0,ARMED,-0.6628370214723026
2001-04-09,31.25394821166992,1.816743,0.9342952486882993,0.0,ARMED,-0.638976873731985
2001-04-10,33.5737419128418,2.220603,0.934437246733188,0.0,ARMED,-0.6121802857098289
2001-04-11,34.58600234985352,2.420603,0.934579266359525,0.0,ARMED,-0.6004873813416395
2001-04-12,36.10443115234375,2.738501,0.9347268705459512,0.0,ARMED,-0.5829475841429697
2001-04-16,33.95333480834961,2.247957,0.9348715306604063,0.0,ARMED,-0.6077955016525561
2001-04-17,34.7968864440918,2.414635,0.9350210359169422,0.0,ARMED,-0.5980513999908521
2001-04-18,38.42421340942383,3.168864,0.9351694519543894,0.0,ARMED,-0.5561511283147293
2001-04-19,40.7440071105957,3.741642,0.9353104695683907,0.0,ARMED,-0.5293545402925733
2001-04-20,40.82836532592773,3.763533,0.9354500238285756,0.0,ARMED,-0.5283800948746922
2001-04-23,38.08677673339844,3.004034,0.9355862580213858,0.0,ARMED,-0.560048954050893
2001-04-24,37.36974334716797,2.833281,0.9357210269985163,0.0,ARMED,-0.5683316079089681
2001-04-25,38.04458999633789,2.985738,0.93585804329388,0.0,ARMED,-0.5605362648891109
2001-04-26,37.07450485229492,2.75625,0.9359969365117706,0.0,ARMED,-0.5717419906129981
2001-04-27,38.08677673339844,2.981009,0.9361354789161771,0.0,ARMED,-0.560048954050893
2001-04-30,38.93034744262695,3.177971,0.9362744133090373,0.0,ARMED,-0.5503046320659961
2001-05-01,40.533111572265625,3.569301,0.936416712155527,0.0,ARMED,-0.5317906538372765
2001-05-02,41.31763458251953,3.775233,0.9365582894420242,0.0,ARMED,-0.5227284083931856
2001-05-03,39.47867584228516,3.269765,0.9366991448341376,0.0,ARMED,-0.5439707368497677
2001-05-04,40.65964889526367,3.56203,0.9368385345878333,0.0,ARMED,-0.5303289857104546
2001-05-07,39.81610107421875,3.33906,0.936973855713396,0.0,ARMED,-0.54007304330752
2001-05-08,40.65964889526367,3.550101,0.9371084527471442,0.0,ARMED,-0.5303289857104546
2001-05-09,39.26775741577149,3.184243,0.9372419535116254,0.0,ARMED,-0.5464071147823025
2001-05-10,38.60980224609375,3.023045,0.9373769609877567,0.0,ARMED,-0.554007339582463
2001-05-11,38.42421340942383,2.978359,0.9375116159278957,0.0,ARMED,-0.5561511283147293
2001-05-14,37.80841064453125,2.834101,0.9376485223885782,0.0,ARMED,-0.5632644388584191
2001-05-15,38.08677673339844,2.895707,0.9377828442563345,0.0,ARMED,-0.560048954050893
2001-05-16,39.77389907836914,3.279518,0.9379145804163701,0.0,ARMED,-0.5405605304042922
2001-05-17,40.40658187866211,3.434886,0.9380441019543756,0.0,ARMED,-0.5332522338348212
2001-05-18,40.52467727661133,3.463808,0.9381736413786887,0.0,ARMED,-0.5318880807532091
2001-05-21,43.06380081176758,4.113682,0.9383043155640972,0.0,ARMED,-0.5025579522704173
2001-05-22,42.93724822998047,4.075967,0.9384361249784348,0.0,ARMED,-0.5040197966557936
2001-05-23,41.03925323486328,3.534011,0.9385686976987214,0.0,ARMED,-0.5259440694592661
2001-05-24,42.09369659423828,3.805159,0.9387012891475349,0.0,ARMED,-0.5137638983174975
2001-05-25,41.3260612487793,3.59564,0.9388353893281464,0.0,ARMED,-0.5226310696065302
2001-05-29,38.9050407409668,2.962429,0.9389683910058141,0.0,ARMED,-0.5505969568784328
2001-05-30,37.47942733764648,2.635719,0.9391025293438329,0.0,ARMED,-0.5670646173554572
2001-05-31,37.73250198364258,2.688187,0.9392363141850923,0.0,ARMED,-0.5641412811018134
2001-06-01,38.845985412597656,2.92523,0.9393682545230443,0.0,ARMED,-0.551279121548516
2001-06-04,38.660400390625,2.882268,0.9395002133954721,0.0,ARMED,-0.553422866216144
2001-06-05,40.36439514160156,3.262376,0.9396340548909264,0.0,ARMED,-0.5337395446730391
2001-06-06,40.05228805541992,3.185559,0.9397656782316758,0.0,ARMED,-0.5373447812089345
2001-06-07,41.08143997192383,3.430009,0.939897320010139,0.0,ARMED,-0.5254567586210482
2001-06-08,39.94262313842773,3.143561,0.9400286072541275,0.0,ARMED,-0.5386115514392525
2001-06-11,38.845985412597656,2.883544,0.940160285863521,0.0,ARMED,-0.551279121548516
2001-06-12,38.63509750366211,2.835587,0.9402912367601247,0.0,ARMED,-0.553715146963942
2001-06-13,37.58063888549805,2.602438,0.9404207133719683,0.0,ARMED,-0.5658954943642649
2001-06-14,35.64046096801758,2.198478,0.9405498346300691,0.0,ARMED,-0.5883070339413167
2001-06-15,35.93570709228516,2.252364,0.9406782271493129,0.0,ARMED,-0.5848965631080093
2001-06-18,35.45486831665039,2.161186,0.9408062639105002,0.0,ARMED,-0.5904508667382218
2001-06-19,35.2777214050293,2.128057,0.9409331980925247,0.0,ARMED,-0.5924971404252783
2001-06-20,36.07910537719727,2.272359,0.9410605227864239,0.0,ARMED,-0.5832401292785991
2001-06-21,36.56836318969727,2.364028,0.9411878647095777,0.0,ARMED,-0.5775885749910086
2001-06-22,36.48402404785156,2.346877,0.9413155973512093,0.0,ARMED,-0.5785628000856968
2001-06-25,36.576805114746094,2.363993,0.9414411060936042,0.0,ARMED,-0.5774910599457987
2001-06-26,36.70335006713867,2.387725,0.9415666315704976,0.0,ARMED,-0.5760293036896996
2001-06-27,36.93954849243164,2.433011,0.9416940419790084,0.0,ARMED,-0.5733009093971984
2001-06-28,37.41191864013672,2.525494,0.9418214696283725,0.0,ARMED,-0.567844429264666
2001-06-29,38.55075073242188,2.755236,0.9419541468574311,0.0,ARMED,-0.5546894601879073
2001-07-02,38.339839935302734,2.709044,0.9420872165681021,0.0,ARMED,-0.557125749991165
2001-07-03,38.500125885009766,2.742065,0.9422203050775098,0.0,ARMED,-0.5552742420066966
2001-07-05,36.65271759033203,2.34637,0.9421181978383284,0.5001250312578145,EXIT_SIGNAL,-0.5766141736377659
2001-07-06,35.13431930541992,2.053945,0.8832563452077251,0.0,ARMED,-0.5941536183193271
2001-07-09,35.43800354003906,2.106484,0.883379720696546,0.0,ARMED,-0.5906456765054485
2001-07-10,34.16423416137695,1.878604,0.8835041650602902,0.0,ARMED,-0.6053593440432143
2001-07-11,34.58600234985352,1.947529,0.8836279257617737,0.0,ARMED,-0.6004873813416395
2001-07-12,36.77927017211914,2.317358,0.8837503012169061,0.0,ARMED,-0.5751523292523897
2001-07-13,36.399662017822266,2.244796,0.8838733950085269,0.0,ARMED,-0.5795372895682167
2001-07-16,35.72481918334961,2.119155,0.8839968566884305,0.0,ARMED,-0.5873325885234354
2001-07-17,36.52620315551758,2.261029,0.884121037197913,0.0,ARMED,-0.5780755773767563
2001-07-18,35.13431930541992,2.001775,0.8842441826277596,0.0,ARMED,-0.5941536183193271
2001-07-19,35.96944046020508,2.143831,0.884364888978507,0.0,ARMED,-0.5845068995089172
2001-07-20,35.13431930541992,1.993773,0.8844859627447429,0.0,ARMED,-0.5941536183193271
2001-07-23,34.25701904296875,1.843735,0.8846067021003957,0.0,ARMED,-0.6042875598386777
2001-07-24,33.86899948120117,1.780448,0.8847281600060708,0.0,ARMED,-0.6087696826826059
2001-07-25,34.16423416137695,1.826396,0.8848499856703776,0.0,ARMED,-0.6053593440432143
2001-07-26,34.67036437988281,1.906937,0.8849714769792734,0.0,ARMED,-0.5995128918591197
2001-07-27,35.38739776611328,2.024595,0.8850936873267641,0.0,ARMED,-0.5912302380010447
2001-07-30,35.17649841308594,1.987699,0.8852152120962844,0.0,ARMED,-0.5936663956103865
2001-07-31,35.22710037231445,1.995597,0.8853371048268915,0.0,ARMED,-0.5930818781794289
2001-08-01,36.35747528076172,2.18702,0.8854579603701956,0.0,ARMED,-0.5800246004064347
2001-08-02,37.04075241088867,2.309577,0.8855784810393694,0.0,ARMED,-0.5721318745352832
2001-08-03,36.42497253417969,2.193602,0.8856990181127457,0.0,ARMED,-0.5792449206911415
2001-08-06,35.85135269165039,2.089218,0.8858195715925572,0.0,ARMED,-0.5858709644612521
2001-08-07,35.6657600402832,2.05606,0.8859401414810372,0.0,ARMED,-0.5880147972581572
2001-08-08,34.16423416137695,1.795682,0.8860603762172062,0.0,ARMED,-0.6053593440432143
2001-08-09,34.30763626098633,1.817689,0.8861799240490967,0.0,ARMED,-0.6037028661491657
2001-08-10,33.9786491394043,1.764788,0.8862984330269789,0.0,ARMED,-0.6075030887108424
2001-08-13,34.67036437988281,1.871976,0.8864162544423009,0.0,ARMED,-0.5995128918591197
2001-08-14,34.24858474731445,1.803028,0.88653409152039,0.0,ARMED,-0.6043849867546103
2001-08-15,32.983245849609375,1.602582,0.8866519442633283,0.0,ARMED,-0.619001271441082
2001-08-16,33.371280670166016,1.658611,0.8867694608275242,0.0,ARMED,-0.6145189723385993
2001-08-17,31.85287475585937,1.431661,0.8868859372904051,0.0,ARMED,-0.6320585051494378
2001-08-20,32.2915153503418,1.490327,0.8870017251753199,0.0,ARMED,-0.626991644551359
2001-08-21,30.950252532958984,1.304126,0.8871192880993657,0.0,ARMED,-0.6424849477397793
2001-08-22,31.793825149536133,1.410329,0.8872354584806526,0.0,ARMED,-0.632740603722563
2001-08-23,31.48170280456543,1.368325,0.8873516440747272,0.0,ARMED,-0.636346016517013
2001-08-24,33.15193557739258,1.585654,0.8874681970069143,0.0,ARMED,-0.6170526890577896
2001-08-27,33.194129943847656,1.591177,0.8875854695874033,0.0,ARMED,-0.6165652900902946
2001-08-28,32.15655899047852,1.441436,0.8877034620968663,0.0,ARMED,-0.628550563335559
2001-08-29,31.68414688110352,1.377427,0.8878207657659558,0.0,ARMED,-0.634007528179116
2001-08-30,30.511592864990234,1.224047,0.8879380849358869,0.0,ARMED,-0.647552028661051
2001-08-31,30.899639129638672,1.270345,0.8880536578284737,0.0,ARMED,-0.6430695973646525
2001-09-04,29.92111587524414,1.149231,0.8881692457638812,0.0,ARMED,-0.6435174656258573
2001-09-05,29.80303001403809,1.135242,0.8882876683262857,0.0,ARMED,-0.6399487649464376
2001-09-06,28.596717834472656,0.997018,0.8884046966992836,0.0,ARMED,-0.6545222559608782
2001-09-07,28.42801284790039,0.979051,0.8885199777842543,0.0,ARMED,-0.6457292311214573
2001-09-10,28.765438079833984,1.013599,0.8886321005457095,0.0,ARMED,-0.6396301259736388
2001-09-17,26.3190975189209,0.754716,0.8887442374559896,0.0,ARMED,-0.670277579953485
2001-09-18,25.72861862182617,0.703719,0.8888362859625979,0.0,ARMED,-0.6776750270276677
2001-09-19,25.281530380249023,0.66685,0.8889227006031928,0.0,ARMED,-0.6832760935870807
2001-09-20,24.43797492980957,0.599936,0.8890077126581432,0.0,ARMED,-0.6938440526275595
2001-09-21,23.779985427856445,0.55133,0.8890856772247657,0.0,ARMED,-0.7020872642647829
2001-09-24,24.977842330932617,0.634505,0.8891632958173169,0.0,ARMED,-0.6870806601565774
2001-09-25,25.05376434326172,0.640129,0.889245155292989,0.0,ARMED,-0.6861295185142032
2001-09-26,24.18489646911621,0.573367,0.8893277280543803,0.0,ARMED,-0.6915132097152876
2001-09-27,24.02462577819824,0.561822,0.8894103084832421,0.0,ARMED,-0.6935575182812199
2001-09-28,24.44639205932617,0.59127,0.8894925436400242,0.0,ARMED,-0.6834950247011651
2001-10-01,24.235515594482425,0.57582,0.8895737274816098,0.0,ARMED,-0.6862252210481148
2001-10-02,24.31142807006836,0.581087,0.8896549187328315,0.0,ARMED,-0.6852423898740139
2001-10-03,26.1503849029541,0.712809,0.8897350582823773,0.0,ARMED,-0.6614336010124248
2001-10-04,26.40346336364746,0.733332,0.889812027428665,0.0,ARMED,-0.6473238020108146
2001-10-05,26.791505813598636,0.765489,0.8898886501337209,0.0,ARMED,-0.6338902226226145
2001-10-08,26.875864028930664,0.772536,0.8899645731766832,0.0,ARMED,-0.6308760387093232
2001-10-09,26.226316452026367,0.716336,0.890040502697207,0.0,ARMED,-0.6397971872303747
2001-10-10,27.41572380065918,0.813624,0.8901171450765227,0.0,ARMED,-0.6234613867648351
2001-10-11,29.27159309387207,0.978655,0.8901941472763516,0.0,ARMED,-0.5979721290274447
2001-10-12,29.14504814147949,0.965724,0.8902725691427176,0.0,ARMED,-0.5997101484659345
2001-10-15,29.018510818481445,0.952909,0.8903499380703908,0.0,ARMED,-0.6014480631192411
2001-10-16,29.490894317626957,0.999216,0.8904280203480535,0.0,ARMED,-0.5949601575298527
2001-10-17,27.373558044433597,0.783755,0.8905043427528303,0.0,ARMED,-0.6240405082752002
2001-10-18,28.115890502929688,0.84733,0.89058102507393,0.0,ARMED,-0.6138450147506103
2001-10-19,28.301485061645508,0.863906,0.8906570071885664,0.0,ARMED,-0.6112959841916881
2001-10-22,29.06068420410156,0.93322,0.8907329957858042,0.0,ARMED,-0.600868836823693
2001-10-23,29.2125301361084,0.947625,0.8908100512616088,0.0,ARMED,-0.5987833235219473
2001-10-24,29.84518241882324,1.008968,0.8908860529161788,0.0,ARMED,-0.5900942217887376
2001-10-25,31.04304313659668,1.130217,0.8909610004689658,0.0,ARMED,-0.5736423193403899
2001-10-26,30.37663459777832,1.057162,0.8910352472156331,0.0,ARMED,-0.5821899117184595
2001-10-29,28.71481132507324,0.883412,0.891109500149529,0.0,ARMED,-0.5901883929597087
2001-10-30,28.1580753326416,0.831827,0.891182344812994,0.0,ARMED,-0.5981340092192995
2001-10-31,28.596717834472656,0.870511,0.8912527199270684,0.0,ARMED,-0.5918737978407
2001-11-01,29.81146049499512,0.981246,0.8913238079412968,0.0,ARMED,-0.5745372520346537
2001-11-02,30.030771255493164,1.002681,0.8913949016256406,0.0,ARMED,-0.5714072960623345
2001-11-05,31.009300231933597,1.10047,0.8914638786137626,0.0,ARMED,-0.5574419411160394
2001-11-06,32.21559143066406,1.228662,0.8915335684497299,0.0,ARMED,-0.5402260127537091
2001-11-07,32.17341613769531,1.22358,0.8915979569870847,0.0,ARMED,-0.5408279294577142
2001-11-08,31.84443664550781,1.185785,0.8916602273202511,0.0,ARMED,-0.5455230539650773
2001-11-09,31.82755279541016,1.183647,0.891724271167887,0.0,ARMED,-0.5423201031104277
2001-11-12,32.055320739746094,1.208808,0.8917879657569975,0.0,ARMED,-0.5372905968636389
2001-11-13,33.20256805419922,1.338339,0.8918516648957213,0.0,ARMED,-0.49130832153827575
2001-11-14,33.438777923583984,1.366615,0.8919153685843836,0.0,ARMED,-0.48768938475210855
2001-11-15,33.30379867553711,1.349767,0.8919804925648585,0.0,ARMED,-0.48975738202672847
2001-11-16,33.21100616455078,1.338189,0.8920466831809437,0.0,ARMED,-0.4911790424864032
2001-11-19,34.155784606933594,1.452099,0.8921135866816758,0.0,ARMED,-0.47670423045241705
2001-11-20,32.578311920166016,1.250586,0.892180849213161,0.0,ARMED,-0.5008724582668869
2001-11-21,32.409603118896484,1.23088,0.8922481168160273,0.0,ARMED,-0.48342873646209383
2001-11-23,33.13507080078125,1.313264,0.8923157435570327,0.0,ARMED,-0.471865627968839
2001-11-26,33.95333480834961,1.410263,0.8923840836101383,0.0,ARMED,-0.45882345430362914
2001-11-27,33.911163330078125,1.404702,0.8924527830217758,0.0,ARMED,-0.459495618468554
2001-11-28,32.68798828125,1.252398,0.8925186545372196,0.0,ARMED,-0.47899160174805244
2001-11-29,33.70027542114258,1.368489,0.8925834683934143,0.0,ARMED,-0.46285692570777126
2001-11-30,33.447200775146484,1.337376,0.8926458075559485,0.0,ARMED,-0.46689064031920957
2001-12-03,32.873573303222656,1.268289,0.8927070883997619,0.0,ARMED,-0.47603359300779025
2001-12-04,34.44260787963867,1.449633,0.8927687276990607,0.0,ARMED,-0.4510250123503705
2001-12-05,36.146583557128906,1.664486,0.892606101108397,0.5001250312578145,STARTER,-0.4238656279688391
2001-12-06,36.19720458984375,1.671137,0.8944205287438034,0.5011048338585862,STARTER,-0.4230587877636329
2001-12-07,35.201805114746094,1.532937,0.8573856088653768,0.47951965483247616,STARTER,-0.43892429412882383
2001-12-10,34.58600234985352,1.452177,0.8357550195915289,0.46601388434856894,STARTER,-0.4487394717841534
2001-12-11,34.7800178527832,1.476329,0.8422623309714599,0.4701041323583023,STARTER,-0.44564709101273037
2001-12-12,35.05838394165039,1.511482,0.8517188695373328,0.4759540278476644,STARTER,-0.4412102603078092
2001-12-13,33.539974212646484,1.314787,0.798994376070836,0.44133663030821607,STARTER,-0.46541193995819874
2001-12-14,33.835227966308594,1.349243,0.8082648687715852,0.4477079093597382,STARTER,-0.4607059395781874
2001-12-17,34.417274475097656,1.418597,0.8268953509992172,0.4601154142288717,STARTER,-0.4306153396722676
2001-12-18,34.80533599853516,1.466294,0.8397179656626954,0.4683234542554305,STARTER,-0.39971813626238617
2001-12-19,34.17267227172852,1.386039,0.8182233622248339,0.45432001592077753,STARTER,-0.4022041839749957
2001-12-20,32.72173309326172,1.209212,0.7708280016799327,0.42072978797544613,STARTER,-0.4275860260298763
2001-12-21,33.30379867553711,1.273499,0.788098815205013,0.43338734884458385,STARTER,-0.4174037269410147
2001-12-24,33.168827056884766,1.257756,0.7839059626299649,0.4303192018865757,STARTER,-0.41976483783895424
2001-12-26,33.480934143066406,1.293003,0.7933891465917149,0.43709070723463994,STARTER,-0.41430502747388964
2001-12-27,33.750877380371094,1.324014,0.8017365930604281,0.4429137541210082,STARTER,-0.40958280567801064
2001-12-28,34.02082061767578,1.355514,0.8102150140048285,0.44870614426147004,STARTER,-0.40486058388213153
2001-12-31,32.82296371459961,1.212059,0.7717702030901827,0.42120551554198166,STARTER,-0.4258151594904319
2002-01-02,33.835227966308594,1.323952,0.8018094751790883,0.4428527559961299,STARTER,-0.40810722814776246
2002-01-03,35.00778579711914,1.461326,0.8386832777316813,0.4673125273284898,STARTER,-0.3875952190273694
2002-01-04,35.15119552612305,1.478989,0.8434504501450765,0.4702877489324447,STARTER,-0.38508649699082154
2002-01-07,34.76313781738281,1.429709,0.830263354416303,0.461838439612623,STARTER,-0.39187494106732057
2002-01-08,34.99936294555664,1.458568,0.8380327628087768,0.4667926180443821,STARTER,-0.3877425632380599
2002-01-09,34.678794860839844,1.418198,0.8272347984415659,0.4597972498052451,STARTER,-0.39335038513360976
2002-01-10,34.90654373168945,1.445855,0.834681657323755,0.46458177330963657,STARTER,-0.38936628576275223
2002-01-11,34.45945739746094,1.390016,0.819734915551011,0.4547834600030807,STARTER,-0.39718734048971527
2002-01-14,33.70870590209961,1.298899,0.795325562375083,0.43801475161513026,STARTER,-0.4103205277111551
2002-01-15,34.02925109863281,1.335703,0.8052236986157519,0.4448889808092481,STARTER,-0.40471310620748213
2002-01-16,32.71331024169922,1.180485,0.7636219475198511,0.4146105671980568,STARTER,-0.4277333702405668
2002-01-17,33.447200775146484,1.259702,0.7848957733737004,0.43044148825881906,STARTER,-0.41489513836842584
2002-01-18,32.55302047729492,1.158426,0.7577619637984256,0.4100093780579327,STARTER,-0.4305373812863109
2002-01-22,31.54917907714844,1.051027,0.7289856144123594,0.3866813360922512,STARTER,-0.44809796841828986
2002-01-23,32.41804885864258,1.137651,0.7522472426757285,0.40560821670248265,STARTER,-0.43289849218425047
2002-01-24,32.848262786865234,1.182714,0.7643627571887927,0.4149908442625012,STARTER,-0.4253725930025247
2002-01-25,32.75547409057617,1.172452,0.7616401249850202,0.4128607070981342,STARTER,-0.4269957816713812
2002-01-28,32.941043853759766,1.19214,0.7669502533662444,0.4168870079184531,STARTER,-0.42374953779762714
2002-01-29,32.03845977783203,1.093902,0.7406328427898983,0.39612636218073155,STARTER,-0.4341895896608159
2002-01-30,32.2830924987793,1.118737,0.7473237540008828,0.4014925683733455,STARTER,-0.42880583714469434
2002-01-31,32.48554611206055,1.139555,0.7529371315407382,0.4059147863169142,STARTER,-0.4252237663700439
2002-02-01,32.17341613769531,1.106473,0.7440950795013921,0.39881426499507777,STARTER,-0.43074637296098117
2002-02-04,31.144262313842773,1.000065,0.7155868404597946,0.37482122761395664,EXIT_SIGNAL,-0.44689164022883154
2002-02-05,30.629697799682617,0.95029,0.7021403011513229,0.0,ARMED,-0.4426709633999343
2002-02-06,30.41881561279297,0.930468,0.7021882250139446,0.0,ARMED,-0.44650811409022084
2002-02-07,29.68490982055664,0.862931,0.7022355948558496,0.0,ARMED,-0.4287338248317064
2002-02-08,30.511592864990234,0.934851,0.7022826892286864,0.0,ARMED,-0.41282486422765485
2002-02-11,30.899639129638672,0.970328,0.7023292293898321,0.0,ARMED,-0.40535717418803263
2002-02-12,30.646577835083008,0.946289,0.7023766087439373,0.0,ARMED,-0.40049496487099345
2002-02-13,31.169588088989254,0.994542,0.7024242700148795,0.0,ARMED,-0.3714916822026112
2002-02-14,31.11055564880371,0.988687,0.7024719345199795,0.0,ARMED,-0.36849286025514294
2002-02-15,30.18261337280273,0.900016,0.7025196022594566,0.0,ARMED,-0.38732898067616295
2002-02-19,29.25470352172852,0.816824,0.7025669944561764,0.0,ARMED,-0.40616444290987863
2002-02-20,29.65117835998535,0.849866,0.7026143898499889,0.0,ARMED,-0.39811647700676867
2002-02-21,28.242429733276367,0.728557,0.7026623460710462,0.0,ARMED,-0.42671239235830605
2002-02-22,28.385820388793945,0.739504,0.7027103055653059,0.0,ARMED,-0.38962460527689735
2002-02-25,29.5330810546875,0.829016,0.7027582683329915,0.0,ARMED,-0.3393090835699013
2002-02-26,29.42340660095215,0.819609,0.7028065132463891,0.0,ARMED,-0.33116020819338055
2002-02-27,29.018510818481445,0.785604,0.7028547614718383,0.0,ARMED,-0.340364119029535
2002-02-28,28.495506286621094,0.742965,0.7029030130095666,0.0,ARMED,-0.3522528254239903
2002-03-01,30.14889335632324,0.872137,0.7029509889303002,0.0,ARMED,-0.3146687659548344
2002-03-04,31.338314056396484,0.975176,0.7029998049711981,0.0,ARMED,-0.27228174323542287
2002-03-05,31.56605529785156,0.996233,0.7030486244020988,0.0,ARMED,-0.26699328199507544
2002-03-06,31.71791648864746,1.010405,0.7030974472232379,0.0,ARMED,-0.26346685868981057
2002-03-07,31.785369873046875,1.016641,0.7031459944281931,0.0,ARMED,-0.26190049940131543
2002-03-08,32.62052536010742,1.096564,0.7031948240111395,0.0,ARMED,-0.24250705359956137
2002-03-11,32.502403259277344,1.084419,0.7032442150756272,0.0,ARMED,-0.24525000936759478
2002-03-12,32.055320739746094,1.039439,0.7032941677390462,0.0,ARMED,-0.25563187327889825
2002-03-13,31.279239654541016,0.963723,0.7033444030354111,0.0,ARMED,-0.2736535311580376
2002-03-14,31.093679428100582,0.946366,0.7033943628153557,0.0,ARMED,-0.27796249188473976
2002-03-15,31.40578269958496,0.974661,0.7034448843929925,0.0,ARMED,-0.2707150296171015
2002-03-18,31.58292388916016,0.990945,0.7034956887472184,0.0,ARMED,-0.26660157037207366
2002-03-19,31.53232192993164,0.985972,0.7035464967706477,0.0,ARMED,-0.26777661665862196
2002-03-20,30.41881561279297,0.881308,0.7035967500905145,0.0,ARMED,-0.2936337471521847
2002-03-21,31.22862243652344,0.951507,0.7036472862046971,0.0,ARMED,-0.2748289317744119
2002-03-22,30.94182777404785,0.92509,0.703697825948656,0.0,ARMED,-0.2814886937338631
2002-03-25,29.99703025817871,0.840153,0.7037480900777495,0.0,ARMED,-0.30342817650267073
2002-03-26,30.2754020690918,0.863365,0.7037977992674402,0.0,ARMED,-0.2969640046073506
2002-03-27,30.03921127319336,0.842977,0.7038477912529102,0.0,ARMED,-0.30244867598902536
2002-03-28,30.41881561279297,0.87476,0.7038975074849854,0.0,ARMED,-0.2936337471521847
2002-04-01,31.00087547302246,0.924792,0.7039461099321971,0.0,ARMED,-0.2801175258884444
2002-04-02,29.600547790527344,0.799278,0.7039952744221482,0.0,ARMED,-0.31263503841865437
2002-04-03,29.549938201904297,0.795012,0.7040444423458097,0.0,ARMED,-0.3138102618701156
2002-04-04,29.322189331054688,0.776465,0.7040933343209725,0.0,ARMED,-0.31909890027537624
2002-04-05,28.99318504333496,0.750169,0.7041419502895612,0.0,ARMED,-0.32673882711689706
2002-04-08,29.35593605041504,0.778172,0.704190010772682,0.0,ARMED,-0.3183152555732317
2002-04-09,28.335208892822266,0.696841,0.7042377950959074,0.0,ARMED,-0.3420179278490576
2002-04-10,28.54610061645508,0.712259,0.7042850237432887,0.0,ARMED,-0.33712073531942865
2002-04-11,27.837520599365234,0.659076,0.7043316965988214,0.0,ARMED,-0.35357492662936574
2002-04-12,28.27616310119629,0.690098,0.7043783725473569,0.0,ARMED,-0.34338905140324794
2002-04-15,28.50392723083496,0.706635,0.7044250515891,0.0,ARMED,-0.33810005866816095
2002-04-16,29.693347930908203,0.794951,0.7044717337242556,0.0,ARMED,-0.3104800929974062
2002-04-17,29.5415153503418,0.782594,0.7045192576123874,0.0,ARMED,-0.31400585193424657
2002-04-18,28.97631072998047,0.737517,0.7045665051356286,0.0,ARMED,-0.32713067161358345
2002-04-19,29.06910514831543,0.744452,0.7046131966448881,0.0,ARMED,-0.3249758590660202
2002-04-22,28.335208892822266,0.687916,0.7046607300761537,0.0,ARMED,-0.3420179278490576
2002-04-23,27.84595489501953,0.652142,0.7047077074566921,0.0,ARMED,-0.353379070817865
2002-04-24,27.41572380065918,0.621782,0.7047552472636872,0.0,ARMED,-0.36336962172722154
2002-04-25,27.34824562072754,0.617064,0.7048022309453712,0.0,ARMED,-0.36493655680168435
2002-04-26,26.18414306640625,0.53814,0.7048497771289511,0.0,ARMED,-0.39196860070811046
2002-04-29,26.25162124633789,0.54219,0.7048973265200118,0.0,ARMED,-0.39040166563364753
2002-04-30,26.766197204589844,0.573961,0.7049454385605587,0.0,ARMED,-0.378452512318055
2002-05-01,26.622787475585938,0.564617,0.70499383362493,0.0,ARMED,-0.3817826811907643
2002-05-02,25.737037658691406,0.508145,0.7050419522524698,0.0,ARMED,-0.40235099611415337
2002-05-03,25.08751106262207,0.469569,0.7050903539425827,0.0,ARMED,-0.4174338867049868
2002-05-06,24.43797492980957,0.432999,0.7051384791580173,0.0,ARMED,-0.4325169987519618
2002-05-07,24.21019744873047,0.420803,0.7051868874747789,0.0,ARMED,-0.4378063015256468
2002-05-08,26.79993057250977,0.555754,0.7052347394432107,0.0,ARMED,-0.37766917765450836
2002-05-09,26.108211517333984,0.512606,0.7052831543683173,0.0,ARMED,-0.39373183450635696
2002-05-10,24.9356689453125,0.443435,0.7053315726171471,0.0,ARMED,-0.42095986709796873
2002-05-13,25.947946548461918,0.497348,0.705379994189928,0.0,ARMED,-0.3974534049634698
2002-05-14,27.47478675842285,0.58504,0.7054284190868885,0.0,ARMED,-0.3619980995519765
2002-05-15,27.67724609375,0.597853,0.7054771272399019,0.0,ARMED,-0.35729671854262013
2002-05-16,27.719409942626957,0.600461,0.7055255588051234,0.0,ARMED,-0.35631761665002937
2002-05-17,27.778465270996094,0.604175,0.705574273665403,0.0,ARMED,-0.3549462716396976
2002-05-20,27.17110061645508,0.564421,0.7056224319102796,0.0,ARMED,-0.36905010462916854
2002-05-21,26.42877578735352,0.518045,0.705670313433513,0.0,ARMED,-0.3862878963500218
2002-05-22,26.487817764282227,0.521411,0.7057179461789754,0.0,ARMED,-0.38491686137828807
2002-05-23,27.019258499145508,0.552689,0.7057654701223687,0.0,ARMED,-0.37257608502215045
2002-05-24,26.352855682373047,0.511681,0.705813193311194,0.0,ARMED,-0.38805086440089864
2002-05-28,26.2347469329834,0.504696,0.7058610037529836,0.0,ARMED,-0.38899794433809876
2002-05-29,25.54303359985352,0.464671,0.7059092375883201,0.0,ARMED,-0.3931862566959774
2002-05-30,25.762361526489254,0.476545,0.7059573346584124,0.0,ARMED,-0.3879757870917052
2002-05-31,25.340574264526367,0.453041,0.7060053229503177,0.0,ARMED,-0.3868137078929852
2002-06-03,24.44639205932617,0.404989,0.7060530903751562,0.0,ARMED,-0.4049285498260651
2002-06-04,24.76695251464844,0.420838,0.7061011412114087,0.0,ARMED,-0.3971255016480715
2002-06-05,25.0200252532959,0.433652,0.7061491953177875,0.0,ARMED,-0.3909652322217706
2002-06-06,24.362049102783203,0.399351,0.7061973367604836,0.0,ARMED,-0.40698161701651914
2002-06-07,23.87277603149414,0.375208,0.706245117176733,0.0,ARMED,-0.4188914495740791
2002-06-10,23.830596923828125,0.373142,0.7062929568762228,0.0,ARMED,-0.41991816888320854
2002-06-11,23.16419219970703,0.341761,0.7063409119248326,0.0,ARMED,-0.43613972111157573
2002-06-12,23.501611709594727,0.356626,0.7063889543182297,0.0,ARMED,-0.42792629163786944
2002-06-13,23.34976577758789,0.349641,0.7064366636045687,0.0,ARMED,-0.41541731756911815
2002-06-14,23.299156188964844,0.347297,0.706483899546543,0.0,ARMED,-0.4002171410637202
2002-06-17,24.092103958129883,0.382685,0.7065308582964658,0.0,ARMED,-0.37641922721053667
2002-06-18,24.48014259338379,0.401098,0.706578240724678,0.0,ARMED,-0.36498921218684477
2002-06-19,23.06295585632324,0.331357,0.7066256824074377,0.0,ARMED,-0.4017507981517239
2002-06-20,22.32063102722168,0.299294,0.7066725103780447,0.0,ARMED,-0.4210065795567083
2002-06-21,21.780738830566406,0.277515,0.7067199023059405,0.0,ARMED,-0.4350112924714483
2002-06-24,22.21096420288086,0.293903,0.7067669608764642,0.0,ARMED,-0.42385131856327163
2002-06-25,21.477052688598636,0.264709,0.7068144152304343,0.0,ARMED,-0.4428888599947278
2002-06-26,21.637348175048828,0.270583,0.7068618166749654,0.0,ARMED,-0.43873082199534374
2002-06-27,22.1097354888916,0.288251,0.7069084358931208,0.0,ARMED,-0.42647717440436483
2002-06-28,22.01694679260254,0.284564,0.7069550020828028,0.0,ARMED,-0.4288840976036846
2002-07-01,20.962495803833008,0.24362,0.7070015432882034,0.0,ARMED,-0.45623637917372206
2002-07-02,20.20329093933105,0.217101,0.7070485925588565,0.0,ARMED,-0.4759300258622534
2002-07-03,20.878137588500977,0.238813,0.7070957852478121,0.0,ARMED,-0.4584246171127847
2002-07-05,22.21940803527832,0.28479,0.7071429810866925,0.0,ARMED,-0.42363228696889177
2002-07-08,21.40958404541016,0.253593,0.7071902642566397,0.0,ARMED,-0.4439087261855915
2002-07-09,20.80221176147461,0.231959,0.7072376909069198,0.0,ARMED,-0.459684578081495
2002-07-10,20.161109924316406,0.210466,0.7072849242803935,0.0,ARMED,-0.4557046330843497
2002-07-11,20.92030906677246,0.234199,0.7073322730777305,0.0,ARMED,-0.4352083123283794
2002-07-12,20.92030906677246,0.234152,0.7073794847012355,0.0,ARMED,-0.4352083123283794
2002-07-15,21.569862365722656,0.255915,0.707426418770052,0.0,ARMED,-0.4176721324002619
2002-07-16,21.249303817749023,0.244453,0.7074734401675801,0.0,ARMED,-0.42632634504739486
2002-07-17,21.637348175048828,0.257796,0.7075204646905383,0.0,ARMED,-0.4158501983159443
2002-07-18,20.861270904541016,0.230004,0.7075679134852133,0.0,ARMED,-0.43680218281936034
2002-07-19,20.23702812194824,0.20931,0.7076153654619702,0.0,ARMED,-0.4536550473526756
2002-07-22,19.739337921142575,0.193825,0.7076623151812885,0.0,ARMED,-0.4670913349119791
2002-07-23,18.895761489868164,0.168936,0.7077092118493831,0.0,ARMED,-0.48986561395244554
2002-07-24,19.9249267578125,0.196506,0.7077558869552659,0.0,ARMED,-0.46208093894023394
2002-07-25,18.76923942565918,0.162273,0.7078020315158609,0.0,ARMED,-0.49328136703449665
2002-07-26,19.123519897460938,0.171429,0.7078486565693803,0.0,ARMED,-0.4837167537709277
2002-07-29,20.102069854736328,0.197711,0.7078949195338899,0.0,ARMED,-0.4572985550685782
2002-07-30,20.50697135925293,0.209618,0.7079420282566067,0.0,ARMED,-0.4463673110154046
2002-07-31,20.11893653869629,0.197676,0.7079892805788511,0.0,ARMED,-0.45684320028061765
2002-08-01,19.17413902282715,0.169788,0.7080360584409605,0.0,ARMED,-0.4823501744745706
2002-08-02,18.76923942565918,0.158998,0.7080821931703098,0.0,ARMED,-0.49328136703449665
2002-08-05,18.08595085144043,0.141602,0.7081269259820928,0.0,ARMED,-0.5117283080317829
2002-08-06,18.980121612548828,0.162577,0.7081719426223338,0.0,ARMED,-0.48758811910717714
2002-08-07,19.233198165893555,0.169049,0.7082172431446911,0.0,ARMED,-0.4807557375578668
2002-08-08,19.88273811340332,0.186143,0.7082610289559028,0.0,ARMED,-0.4541454191970582
2002-08-09,19.680274963378903,0.18042,0.708305379585581,0.0,ARMED,-0.4563040105892372
2002-08-12,19.739337921142575,0.182009,0.7083496486731453,0.0,ARMED,-0.4546723111684414
2002-08-13,19.064483642578125,0.163305,0.7083955508551996,0.0,ARMED,-0.4733161342539899
2002-08-14,20.279205322265625,0.194489,0.7084404440177686,0.0,ARMED,-0.43975769532336795
2002-08-15,20.692554473876957,0.206344,0.708485480588799,0.0,ARMED,-0.428338328654172
2002-08-16,20.83595848083496,0.210594,0.7085299577333408,0.0,ARMED,-0.4243765860670595
2002-08-19,21.34209251403809,0.225899,0.7085745220194533,0.0,ARMED,-0.41039390317930036
2002-08-20,21.249303817749023,0.222908,0.7086202138289088,0.0,ARMED,-0.4129573247843792
2002-08-21,21.721698760986328,0.237731,0.7086645025936139,0.0,ARMED,-0.3999067329337077
2002-08-22,22.06757164001465,0.24904,0.7087093565579754,0.0,ARMED,-0.39035149564542915
2002-08-23,21.215559005737305,0.220145,0.708754663333062,0.0,ARMED,-0.41388957390124015
2002-08-26,21.299917221069336,0.222728,0.7088001417568366,0.0,ARMED,-0.4115590564956033
2002-08-27,20.557579040527344,0.199396,0.708845848115184,0.0,ARMED,-0.4320672197351004
2002-08-28,19.806804656982425,0.17751,0.708892035609399,0.0,ARMED,-0.4528084452538128
2002-08-29,20.06831741333008,0.184506,0.7089380854600846,0.0,ARMED,-0.44558377806442895
2002-08-30,19.81525039672852,0.177489,0.7089842227001645,0.0,ARMED,-0.45257511950830853
2002-09-03,19.098228454589844,0.158186,0.7090305036141652,0.0,ARMED,-0.4723838851371289
2002-09-04,19.17413902282715,0.160042,0.7090756621051105,0.0,ARMED,-0.470286746170254
2002-09-05,18.701744079589844,0.148182,0.7091204576788995,0.0,ARMED,-0.4833373380209256
2002-09-06,19.275375366210938,0.161788,0.7091648339875232,0.0,ARMED,-0.46748994612641326
2002-09-09,19.469392776489254,0.166641,0.7092104794377553,0.0,ARMED,-0.4621299352505249
2002-09-10,19.950218200683597,0.178954,0.7092565499746527,0.0,ARMED,-0.44884643920041134
2002-09-11,19.781513214111328,0.174378,0.7093024546358738,0.0,ARMED,-0.45350715785213846
2002-09-12,19.241626739501957,0.160066,0.7093490377923075,0.0,ARMED,-0.46842230062978973
2002-09-13,19.39347076416016,0.163823,0.7093955395611667,0.0,ARMED,-0.4642273903769464
2002-09-16,19.11509132385254,0.156735,0.7094419880779668,0.0,ARMED,-0.4719180240449874
2002-09-17,18.710187911987305,0.146744,0.7094886367023986,0.0,ARMED,-0.4831040649686791
2002-09-18,18.49929428100586,0.141752,0.7095352883941625,0.0,ARMED,-0.4889303057895136
2002-09-19,18.204042434692383,0.134937,0.7095815208114293,0.0,ARMED,-0.497087064015985
2002-09-20,18.27997398376465,0.136599,0.7096270522918915,0.0,ARMED,-0.49498934542327444
2002-09-23,17.731647491455078,0.12428,0.7096724458950731,0.0,ARMED,-0.5101376558666566
2002-09-24,17.740089416503906,0.124433,0.7097179832098948,0.0,ARMED,-0.5099044355076678
2002-09-25,18.448686599731445,0.139319,0.7097634389558671,0.0,ARMED,-0.4903284159985162
2002-09-26,18.220932006835938,0.134131,0.709809122935355,0.0,ARMED,-0.49662046521823444
2002-09-27,17.97628402709961,0.128702,0.7098546690202867,0.0,ARMED,-0.5033792186222188
2002-09-30,17.478591918945312,0.117988,0.7098996546515746,0.0,ARMED,-0.5171286811509894
2002-10-01,18.54147720336914,0.13949,0.709942671188775,0.0,ARMED,-0.4877649417001796
2002-10-02,17.925676345825195,0.125565,0.7099863946434648,0.0,ARMED,-0.5047773288312214
2002-10-03,17.495458602905273,0.1165,0.7100297826998405,0.0,ARMED,-0.5166627146723323
2002-10-04,17.16646385192871,0.109906,0.7100728916501269,0.0,ARMED,-0.5257516693224069
2002-10-07,17.006183624267578,0.106806,0.7101170457867763,0.0,ARMED,-0.5301796418544654
2002-10-08,17.039936065673828,0.107421,0.7101616253573566,0.0,ARMED,-0.5292471819645732
2002-10-09,16.92184066772461,0.105167,0.7102059259166433,0.0,ARMED,-0.53250973771404
2002-10-10,17.782268524169922,0.121189,0.7102489891965151,0.0,ARMED,-0.5087391768048495
2002-10-11,18.74393081665039,0.140827,0.7102923369320937,0.0,ARMED,-0.4821718685450759
2002-10-14,18.9632568359375,0.145744,0.710335912803348,0.0,ARMED,-0.47611267083154174
2002-10-15,19.87429428100586,0.166721,0.710379463158697,0.0,ARMED,-0.4509439470200909
2002-10-16,19.2163200378418,0.150129,0.7104252713582063,0.0,ARMED,-0.46912143477417767
2002-10-17,19.86586570739746,0.165323,0.7104709415543567,0.0,ARMED,-0.451176798526275
2002-10-18,20.08517837524414,0.170765,0.7105168120386272,0.0,ARMED,-0.4451179696655454
2002-10-21,20.490100860595703,0.181059,0.7105628264598798,0.0,ARMED,-0.4339314018092757
2002-10-22,20.36356735229492,0.177668,0.7106096897684337,0.0,ARMED,-0.4374270725312156
2002-10-23,20.75160026550293,0.187789,0.7106564151738829,0.0,ARMED,-0.42670710347269647
2002-10-24,20.22860145568848,0.173554,0.7107027206423453,0.0,ARMED,-0.4411557001458548
2002-10-25,20.83595848083496,0.189152,0.7107484650787728,0.0,ARMED,-0.4243765860670595
2002-10-28,20.65881729125977,0.184291,0.710793648373999,0.0,ARMED,-0.4292703669980018
2002-10-29,20.177976608276367,0.171389,0.7108374242380789,0.0,ARMED,-0.44255428459417756
2002-10-30,20.71785926818848,0.185114,0.710878946170242,0.0,ARMED,-0.4276392472030418
2002-10-31,20.709423065185547,0.184854,0.7109203576913381,0.0,ARMED,-0.4278723094822571
2002-11-01,21.299917221069336,0.200633,0.710960332857456,0.0,ARMED,-0.4115590564956033
2002-11-04,21.84823226928711,0.216091,0.7109997460143264,0.0,ARMED,-0.3964110622117679
2002-11-05,22.01694679260254,0.221058,0.7108616836377372,0.5001250312578145,STARTER,-0.3917500800937519
2002-11-06,22.32906913757324,0.230423,0.7259427508834576,0.5104825660543593,STARTER,-0.3831272500021078
2002-11-07,21.5445499420166,0.206098,0.6868387389458271,0.48258793054733184,STARTER,-0.40480072463768113
2002-11-08,21.148080825805664,0.194686,0.6685020773781707,0.4683703796790284,STARTER,-0.4157537559754154
2002-11-11,20.50697135925293,0.176948,0.6399915639343166,0.4446608253984644,STARTER,-0.43346532994410303
2002-11-12,21.02998161315918,0.190458,0.6617360986790832,0.4628836636455711,STARTER,-0.4190164171113978
2002-11-13,21.28305053710937,0.197302,0.672759844703452,0.47165982643718835,STARTER,-0.41202502297426047
2002-11-14,22.01694679260254,0.217681,0.7055514084722503,0.4961915014464808,STARTER,-0.3917500800937519
2002-11-15,22.303747177124023,0.226152,0.7191918164369775,0.505723525380993,STARTER,-0.383826805692558
2002-11-18,21.974760055541992,0.216107,0.7030536853650988,0.4943537196595928,STARTER,-0.3929155495696015
2002-11-19,21.637348175048828,0.206117,0.6870040801747113,0.4825162648055387,STARTER,-0.4022370395663134
2002-11-20,22.55682373046875,0.23236,0.7292265521480963,0.512455731911148,STARTER,-0.3768352007823895
2002-11-21,23.39194869995117,0.25813,0.7706884004805912,0.5386629680771383,STARTER,-0.35376366863107145
2002-11-22,23.383520126342773,0.257808,0.7701874278167937,0.5383409610949116,STARTER,-0.35399652013725535
2002-11-25,23.611276626586918,0.265299,0.782251840174994,0.5454393676829322,STARTER,-0.3477044182242792
2002-11-26,22.818328857421875,0.238526,0.7392107368253564,0.5189492873538328,STARTER,-0.3696107443660369
2002-11-27,23.54378700256348,0.261237,0.7757529920959798,0.541587571273029,STARTER,-0.34956891645800126
2002-11-29,23.383520126342773,0.255859,0.7671207787300106,0.5364069702184974,STARTER,-0.35399652013725535
2002-12-02,23.619705200195312,0.26357,0.779539068942595,0.5437703852648712,STARTER,-0.3474715667180953
2002-12-03,22.919553756713867,0.240088,0.7417908094614627,0.5205308413347768,STARTER,-0.3668142604817428
2002-12-04,22.413423538208008,0.224143,0.7161639693492106,0.5033501167206637,STARTER,-0.38079683798298636
2002-12-05,22.10130882263184,0.214742,0.7010615702300242,0.49262709322302434,STARTER,-0.3894194573015992
2002-12-06,22.32906913757324,0.221346,0.711699303209868,0.5001872283758289,STARTER,-0.36568397373975703
2002-12-09,21.27461242675781,0.189951,0.6612245398580436,0.4620086237496853,STARTER,-0.39476845358083723
2002-12-10,21.59515953063965,0.198506,0.675000139510229,0.47296307554917794,STARTER,-0.3856493582247882
2002-12-11,21.696399688720703,0.201266,0.6794557769192693,0.476394436317188,STARTER,-0.3827692240909202
2002-12-12,21.81448745727539,0.204519,0.6845263454639476,1.0,BULL,-0.37940980012859926
2002-12-13,21.12277603149414,0.18503,0.6192965431143034,1.0,BULL,-0.3990879765157208
2002-12-16,21.806053161621094,0.202956,0.6792949748922151,1.0,BULL,-0.3796497434798297
2002-12-17,21.873537063598636,0.204807,0.6854902832276449,1.0,BULL,-0.37772992536361827
2002-12-18,21.40958404541016,0.191741,0.6417583012121258,1.0,BULL,-0.3909287088258674
2002-12-19,21.139636993408203,0.184457,0.6173787086052807,1.0,BULL,-0.3986083068583537
2002-12-20,21.35896873474121,0.190169,0.6364968075852779,1.0,BULL,-0.3923686402396178
2002-12-23,21.65421867370605,0.198024,0.6627875406888981,1.0,BULL,-0.38396921215344015
2002-12-24,21.384279251098636,0.190586,0.6378925091389647,1.0,BULL,-0.39164859314083234
2002-12-26,21.32522392272949,0.188977,0.6325071762855305,1.0,BULL,-0.39332863068963375
2002-12-27,20.93719291687012,0.178631,0.5978790509271531,1.0,BULL,-0.4043675441618938
2002-12-30,20.77690696716309,0.174499,0.5840492216229953,1.0,BULL,-0.40892744453819574
2002-12-31,20.557579040527344,0.168945,0.5654599496105821,1.0,BULL,-0.4151670026343848
2003-01-02,21.42645072937012,0.190338,0.6370624516202253,1.0,BULL,-0.39044887638467973
2003-01-03,21.662647247314453,0.196602,0.6580280979806424,1.0,BULL,-0.3837294315860299
2003-01-06,22.20252990722656,0.211269,0.707118636800604,1.0,BULL,-0.365630456138194
2003-01-07,22.48090171813965,0.219181,0.7336001492532893,1.0,BULL,-0.35767683105804293
2003-01-08,21.84823226928711,0.200641,0.6715466557152729,1.0,BULL,-0.37409350988100043
2003-01-09,22.52308464050293,0.2192,0.7336637423696445,1.0,BULL,-0.3547603906697976
2003-01-10,22.860506057739254,0.229016,0.7665179544823288,1.0,BULL,-0.3365970394117791
2003-01-13,22.72553825378418,0.224923,0.7528186584170052,1.0,BULL,-0.3321763623914362
2003-01-14,22.8436279296875,0.228393,0.7644327696671086,1.0,BULL,-0.328706122168957
2003-01-15,22.55682373046875,0.219753,0.7355146367561883,1.0,BULL,-0.32559905738868333
2003-01-16,22.303747177124023,0.212321,0.7106396872429985,1.0,BULL,-0.33316550682180834
2003-01-17,21.350536346435547,0.185064,0.6194103413225177,1.0,BULL,-0.3518561087128792
2003-01-21,21.11432838439941,0.178892,0.5987526195255037,1.0,BULL,-0.35902673642840555
2003-01-22,21.02998161315918,0.17672,0.5914829222242863,1.0,BULL,-0.3615872737208691
2003-01-23,21.51924514770508,0.189026,0.632671179585604,1.0,BULL,-0.34673457091284743
2003-01-24,20.93719291687012,0.173657,0.5812310424666303,1.0,BULL,-0.3644040847697536
2003-01-27,20.692554473876957,0.167542,0.5607641000186814,1.0,BULL,-0.3718306388303725
2003-01-28,20.903440475463867,0.172638,0.5778204432263261,1.0,BULL,-0.3591936290202338
2003-01-29,21.215559005737305,0.180343,0.6036091254113539,1.0,BULL,-0.34962546520840454
2003-01-30,20.667245864868164,0.166332,0.5567142226087031,1.0,BULL,-0.3664343036564722
2003-01-31,20.616640090942383,0.165083,0.5525338119598906,1.0,BULL,-0.367985651262531
2003-02-03,20.65881729125977,0.16607,0.5558373070042283,1.0,BULL,-0.3666926861783768
2003-02-04,20.405746459960938,0.15994,0.5353201594644202,1.0,BULL,-0.374450710566553
2003-02-05,20.312952041625977,0.157732,0.5279299699427407,1.0,BULL,-0.3772953740816428
2003-02-06,20.422611236572266,0.160262,0.5363978954363319,1.0,BULL,-0.3739337116394924
2003-02-07,20.08517837524414,0.152292,0.5097222566284576,1.0,BULL,-0.3842779000792279
2003-02-10,20.262338638305664,0.156298,0.5231303631609976,1.0,BULL,-0.3788469555709528
2003-02-11,20.37200355529785,0.15881,0.5315380425443579,1.0,BULL,-0.37548511771636395
2003-02-12,20.09363174438477,0.152275,0.5096653575243504,1.0,BULL,-0.3840187574367564
2003-02-13,20.19485664367676,0.154551,0.5172831434624585,1.0,BULL,-0.38091565292894913
2003-02-14,20.65881729125977,0.165179,0.5528551245477896,1.0,BULL,-0.3666926861783768
2003-02-18,21.299917221069336,0.18053,0.6042350155565324,1.0,BULL,-0.3470394180984707
2003-02-19,21.15652656555176,0.176855,0.5919347680510195,1.0,BULL,-0.35143513686555505
2003-02-20,21.072154998779297,0.17471,0.5847554399151487,1.0,BULL,-0.3540215932711789
2003-02-21,21.23244285583496,0.178669,0.5980062371598631,1.0,BULL,-0.3491078815732157
2003-02-24,20.86969947814941,0.169483,0.5672606389052666,1.0,BULL,-0.3602279776992321
2003-02-25,20.8950138092041,0.170072,0.5692320255122727,1.0,BULL,-0.3594519530713256
2003-02-26,20.431053161621094,0.158715,0.5312200769625827,1.0,BULL,-0.37367491982189793
2003-02-27,20.8950138092041,0.169502,0.5673242320216217,1.0,BULL,-0.3594519530713256
2003-02-28,21.2239933013916,0.17748,0.5940266468784876,1.0,BULL,-0.3493669072740615
2003-03-03,20.79378318786621,0.166659,0.5578086936112343,1.0,BULL,-0.36255523299157144
2003-03-04,20.667245864868164,0.163589,0.5475333848107107,1.0,BULL,-0.3664343036564722
2003-03-05,20.709423065185547,0.164564,0.550796715781561,1.0,BULL,-0.3651413385723181
2003-03-06,20.65881729125977,0.163332,0.5466732042368557,1.0,BULL,-0.3666926861783768
2003-03-07,20.700984954833984,0.164306,0.5499331882015821,1.0,BULL,-0.365400013448287
2003-03-10,20.253910064697266,0.153636,0.5142206328590451,1.0,BULL,-0.37684884704899235
2003-03-11,20.07675552368164,0.149581,0.5006485230264315,1.0,BULL,-0.3736841478928635
2003-03-12,20.43949508666992,0.157665,0.527705720532436,1.0,BULL,-0.35283081584206555
2003-03-13,21.612035751342773,0.184775,0.6184430565526964,1.0,BULL,-0.31570503645609516
2003-03-14,21.696399688720703,0.186909,0.6255855676212038,1.0,BULL,-0.31303384813692614
2003-03-17,22.43872833251953,0.206065,0.6897008169315729,1.0,BULL,-0.28952973412886207
2003-03-18,22.71709251403809,0.213701,0.7152585556940483,1.0,BULL,-0.2795616965817481
2003-03-19,22.52308464050293,0.208192,0.6968198989572126,1.0,BULL,-0.27876790959049635
2003-03-20,22.60743904113769,0.210498,0.7045380950790393,1.0,BULL,-0.27606672093556206
2003-03-21,22.919553756713867,0.219182,0.7336034962594133,1.0,BULL,-0.26068043540709396
2003-03-24,21.966331481933597,0.1918,0.6419557745734389,1.0,BULL,-0.2914286726821922
2003-03-25,22.27845573425293,0.199945,0.6692171394530044,1.0,BULL,-0.28136043275164735
2003-03-26,22.40498352050781,0.203319,0.6805099381152087,1.0,BULL,-0.2772790065233789
2003-03-27,22.244701385498047,0.198923,0.6657964991943284,1.0,BULL,-0.28244925196206794
2003-03-28,22.00006484985352,0.192329,0.643726340813008,1.0,BULL,-0.29034053025378637
2003-03-31,21.299917221069336,0.173936,0.582164857175212,1.0,BULL,-0.28267040582183844
2003-04-01,21.468624114990234,0.178042,0.5959076643201471,1.0,BULL,-0.27698876647576487
2003-04-02,22.05911636352539,0.192705,0.6449848151156128,1.0,BULL,-0.2571024185331503
2003-04-03,22.33748817443848,0.199971,0.669304161612227,1.0,BULL,-0.24772753054272167
2003-04-04,21.974760055541992,0.190198,0.6365938707628724,1.0,BULL,-0.2599433345585066
2003-04-07,22.00850486755371,0.191044,0.6394254379437333,1.0,BULL,-0.25880689106650845
2003-04-08,21.983200073242188,0.190355,0.6371193507243325,1.0,BULL,-0.2596590952157476
2003-04-09,21.477052688598636,0.177176,0.5930091570168071,1.0,BULL,-0.27670491254228413
2003-04-10,21.738569259643555,0.183621,0.6145806114856591,1.0,BULL,-0.26789766818393734
2003-04-11,21.51924514770508,0.178033,0.5958775412650315,1.0,BULL,-0.275283972768008
2003-04-14,21.95790100097656,0.188892,0.6322226807649949,1.0,BULL,-0.2605111066603478
2003-04-15,22.168785095214844,0.194304,0.6503366779078075,1.0,BULL,-0.24957183704666164
2003-04-16,22.118173599243164,0.192942,0.6457780555669888,1.0,BULL,-0.2391174930775286
2003-04-17,22.62430953979492,0.206156,0.6900053944888522,1.0,BULL,-0.22170602003873485
2003-04-21,22.708660125732425,0.208429,0.6976131394085886,1.0,BULL,-0.19857092948819344
2003-04-22,23.13888359069824,0.220242,0.7371513227507994,1.0,BULL,-0.16903967998465697
2003-04-23,23.307600021362305,0.225024,0.7531567060355241,1.0,BULL,-0.160947165583762
2003-04-24,23.18106460571289,0.221323,0.7407694363707884,1.0,BULL,-0.1655023278079879
2003-04-25,22.73396873474121,0.208482,0.6977905307331579,1.0,BULL,-0.18159738081433596
2003-04-28,23.18106460571289,0.22075,0.7388516018617656,1.0,BULL,-0.1655023278079879
2003-04-29,23.39194869995117,0.226739,0.7588968215380968,1.0,BULL,-0.15791068830663413
2003-04-30,23.15575408935547,0.219835,0.7357890912583521,1.0,BULL,-0.16641348384596566
2003-05-01,23.358203887939453,0.225567,0.7549741303608284,1.0,BULL,-0.15912547147346912
2003-05-02,23.855905532836918,0.239951,0.8031174664477123,1.0,BULL,-0.14120865569397667
2003-05-05,23.830596923828125,0.23915,0.8004365145424291,1.0,BULL,-0.14211974306910313
2003-05-06,24.13427734375,0.248255,0.8309110053009857,1.0,BULL,-0.13118751852180421
2003-05-07,23.86434364318848,0.239887,0.8029032580557796,1.0,BULL,-0.14090489123941652
2003-05-08,23.425689697265625,0.226622,0.7585052218215946,1.0,BULL,-0.15669604246550173
2003-05-09,23.96556663513184,0.242255,0.8108289685572911,1.0,BULL,-0.13726095371601965
2003-05-12,24.32829475402832,0.253217,0.8475188496880213,1.0,BULL,-0.12420306461531361
2003-05-13,24.17646026611328,0.248437,0.8315201604155444,1.0,BULL,-0.12966897090040896
2003-05-14,24.12584686279297,0.246839,0.8261716446294738,1.0,BULL,-0.13149100832495875
2003-05-15,24.395782470703125,0.255087,0.8537777511398061,1.0,BULL,-0.12177356694449493
2003-05-16,24.21019744873047,0.249227,0.8341642952534642,1.0,BULL,-0.12845446238497937
2003-05-19,23.358203887939453,0.222878,0.7459740308935292,1.0,BULL,-0.14032912329677594
2003-05-20,23.425689697265625,0.224777,0.7523299955229086,1.0,BULL,-0.13300027467421172
2003-05-21,23.358203887939453,0.2228,0.7457129644158612,1.0,BULL,-0.13549796754495824
2003-05-22,23.69563865661621,0.232421,0.7779145103343755,1.0,BULL,-0.12300929141465544
2003-05-23,23.704065322875977,0.232634,0.7786274226387767,1.0,BULL,-0.10051246025943206
2003-05-27,24.547630310058597,0.257434,0.8616331745127146,1.0,BULL,-0.06430847712137411
2003-05-28,24.62354278564453,0.259783,0.869495291897871,1.0,BULL,-0.044204749617917316
2003-05-29,24.72477149963379,0.262946,0.8800818722679221,1.0,BULL,-0.04027542373351911
2003-05-30,25.12969017028809,0.275824,0.9231846171321387,1.0,BULL,-0.008321993496946511
2003-06-02,24.952537536621094,0.269948,0.9035176091478139,1.0,BULL,-0.007049535130220219
2003-06-03,25.188739776611328,0.277572,0.9290351838368017,1.0,BULL,0.0
2003-06-04,25.66112899780273,0.293147,0.9811648042173091,1.0,BULL,0.0
2003-06-05,25.84671401977539,0.299463,1.0023044948961717,1.0,BULL,0.0
2003-06-06,25.41649055480957,0.284464,0.952102750043059,1.0,BULL,-0.016645189970247443
2003-06-09,25.079071044921875,0.273093,0.9140439434076336,1.0,BULL,-0.029699828545562523
2003-06-10,25.45867156982422,0.285454,0.9554162861057686,1.0,BULL,-0.015013221783406583
2003-06-11,25.74548721313477,0.295061,0.9875709739385478,1.0,BULL,-0.00391642846990814
2003-06-12,25.85515022277832,0.29879,1.000051959774754,1.0,BULL,0.0
2003-06-13,25.273088455200195,0.27857,0.9323754959485029,1.0,BULL,-0.022512410972779007
2003-06-16,26.04916763305664,0.304195,1.0181425278746987,1.0,BULL,0.0
2003-06-17,25.947946548461918,0.300607,1.0061334699019695,1.0,BULL,-0.0038857704023629314
2003-06-18,26.08290672302246,0.305256,1.021693701372209,1.0,BULL,0.0
2003-06-19,25.66112899780273,0.290407,0.9719940074376886,1.0,BULL,-0.016170656503074587
2003-06-20,25.62738609313965,0.289223,0.9680311521869328,1.0,BULL,-0.017464335348818305
2003-06-23,25.23091125488281,0.27576,0.922970408740206,1.0,BULL,-0.03266489725194721
2003-06-24,25.036888122558597,0.269362,0.9015562635591795,1.0,BULL,-0.04010360545976188
2003-06-25,24.90192413330078,0.264968,0.8868495186505472,1.0,BULL,-0.045278028337204734
2003-06-26,25.492416381835938,0.28378,0.9498133978542778,1.0,BULL,-0.02263897760541078
2003-06-27,25.16342544555664,0.272755,0.912912655337739,1.0,BULL,-0.03525225494343487
2003-06-30,25.26466178894043,0.27601,0.9238071602711931,1.0,BULL,-0.031370925900670255
2003-07-01,25.60207748413086,0.28703,0.9606911677571124,1.0,BULL,-0.01843464932791372
2003-07-02,26.125093460083008,0.304582,1.0194378192446671,1.0,BULL,0.0
2003-07-03,25.79609489440918,0.293033,0.9807832455191788,1.0,BULL,-0.01259320148180565
2003-07-07,26.901161193847656,0.330652,1.1066942688960204,1.0,BULL,0.0
2003-07-08,27.23015594482422,0.342737,1.1471428379039454,1.0,BULL,0.0
2003-07-09,27.16266441345215,0.340141,1.1384540100061735,1.0,BULL,-0.0024785583861078875
2003-07-10,26.656530380249023,0.32108,1.0746567262775795,1.0,BULL,-0.021065820031935134
2003-07-11,26.858983993530277,0.328352,1.0989961548109373,1.0,BULL,-0.013630915373604058
2003-07-14,27.179540634155277,0.340063,1.1381929435285054,1.0,BULL,-0.001858796210036484
2003-07-15,27.213275909423828,0.341282,1.1422729439935992,1.0,BULL,-0.0006199022669790555
2003-07-16,27.12892341613769,0.33806,1.1314888902622355,1.0,BULL,-0.003717662465527294
2003-07-17,26.302234649658203,0.307109,1.0278957037198866,1.0,BULL,-0.03407697322946812
2003-07-18,26.386592864990234,0.310021,1.0376421855528264,1.0,BULL,-0.03097900289455835
2003-07-21,26.04916763305664,0.298084,0.9976889734512459,1.0,BULL,-0.04337060405238169
2003-07-22,26.437204360961918,0.311363,1.042133867771166,1.0,BULL,-0.029120346775429407
2003-07-23,26.656530380249023,0.319069,1.0679258969623178,1.0,BULL,-0.021065820031935134
2003-07-24,26.302234649658203,0.306302,1.0251946697778598,1.0,BULL,-0.03407697322946812
2003-07-25,26.825244903564453,0.32453,1.086203897405204,1.0,BULL,-0.014869949407569583
2003-07-28,26.901161193847656,0.327239,1.095270936994982,1.0,BULL,-0.01208200025160322
2003-07-29,26.698715209960938,0.319804,1.0703859464634204,1.0,BULL,-0.019516624728118548
2003-07-30,26.50469398498535,0.312785,1.0468933104794216,1.0,BULL,-0.02664185843477551
2003-07-31,26.825244903564453,0.324089,1.0847278677045424,1.0,BULL,-0.014869949407569583
2003-08-01,26.53843307495117,0.313648,1.0497817767643898,1.0,BULL,-0.02540282440081032
2003-08-04,26.529993057250977,0.313303,1.0486270596516274,1.0,BULL,-0.025712775534299737
2003-08-05,25.483980178833008,0.2762,0.9244430914347436,1.0,BULL,-0.06412654299628118
2003-08-06,25.467119216918945,0.275612,0.9224750518338616,1.0,BULL,-0.0647457448087213
2003-08-07,25.568336486816406,0.278859,0.9333427807183243,1.0,BULL,-0.06102864270682529
2003-08-08,25.365880966186523,0.272195,0.9110383319083275,1.0,BULL,-0.06846361741061013
2003-08-11,25.644268035888672,0.281118,0.9409036675523252,1.0,BULL,-0.05824013318722787
2003-08-12,26.03228759765625,0.293839,0.983480932455082,1.0,BULL,-0.043990506319360745
2003-08-13,26.04072380065918,0.294082,0.9842942549432016,1.0,BULL,-0.04368069527677898
2003-08-14,26.066036224365234,0.294898,0.987025411940344,1.0,BULL,-0.04275112205812592
2003-08-15,26.29380416870117,0.302586,1.0127571950212648,1.0,BULL,-0.03438657413568824
2003-08-18,26.968647003173828,0.32584,1.0905884754275774,1.0,BULL,-0.009603652001857088
2003-08-19,27.306072235107425,0.338024,1.1313683980417732,1.0,BULL,0.0
2003-08-20,27.23859405517578,0.33547,1.1228201444012071,1.0,BULL,-0.002471178547784225
2003-08-21,27.533832550048828,0.346329,1.1591652839011706,1.0,BULL,0.0
2003-08-22,27.36511993408203,0.339913,1.1376908926099132,1.0,BULL,-0.006127465751820993
2003-08-25,27.42416763305664,0.342063,1.1448869557764036,1.0,BULL,-0.003982915084300265
2003-08-26,27.44949531555176,0.342961,1.14789256727571,1.0,BULL,-0.0030630401468362267
2003-08-27,27.668806076049805,0.351131,1.1752376073083743,1.0,BULL,0.0
2003-08-28,27.913440704345703,0.360393,1.206237578028391,1.0,BULL,0.0
2003-08-29,28.16650390625,0.370143,1.2388708877368946,1.0,BULL,0.0
2003-09-02,28.571422576904297,0.386053,1.2921217551689248,1.0,BULL,0.0
2003-09-03,28.554548263549805,0.385313,1.2896449706372026,1.0,BULL,-0.0005906010913202531
2003-09-04,28.816041946411133,0.395843,1.3248889451223866,1.0,BULL,0.0
2003-09-05,28.630451202392575,0.388138,1.2991002629373587,1.0,BULL,-0.006440535600402697
2003-09-08,29.102861404418945,0.407295,1.363218859253852,1.0,BULL,0.0
2003-09-09,28.756999969482425,0.392716,1.3144228569727978,1.0,BULL,-0.011884104113693894
2003-09-10,28.065275192260746,0.36432,1.2193812710771388,1.0,BULL,-0.03565237787926423
2003-09-11,28.377410888671875,0.376424,1.2598934332014189,1.0,BULL,-0.024927119902956263
2003-09-12,28.529224395751957,0.382411,1.2799319588655023,1.0,BULL,-0.01971067383016467
2003-09-15,28.25086784362793,0.371163,1.2422848339833228,1.0,BULL,-0.029275250599985703
2003-09-16,29.018510818481445,0.401366,1.3433744599449575,1.0,BULL,-0.0028983605689264502
2003-09-17,28.90041160583496,0.396408,1.3267800035824178,1.0,BULL,-0.00695635373342518
2003-09-18,29.33905792236328,0.414401,1.3870026847706343,1.0,BULL,0.0
2003-09-19,29.170345306396484,0.407193,1.3628774646292092,1.0,BULL,-0.005750444217167527
2003-09-22,28.61359214782715,0.383819,1.2846445434880227,1.0,BULL,-0.02472696214226966
2003-09-23,29.11972999572754,0.404132,1.3526322788838008,1.0,BULL,-0.007475629490767077
2003-09-24,28.023096084594727,0.358417,1.1996238939274673,1.0,BULL,-0.04485358191291755
2003-09-25,27.66036605834961,0.344448,1.1528695653820222,1.0,BULL,-0.05721696546820998
2003-09-26,27.48322486877441,0.337781,1.1305550755536535,1.0,BULL,-0.063254691357158
2003-09-29,27.95560646057129,0.35515,1.1886892249205256,1.0,BULL,-0.04715391562513249
2003-09-30,27.34824562072754,0.331952,1.1110453768571542,1.0,BULL,-0.06785535878158766
2003-10-01,27.964061737060547,0.354329,1.1859413328927635,1.0,BULL,-0.04686572380548948
2003-10-02,28.056846618652344,0.357806,1.1975788731857344,1.0,BULL,-0.04370322002512528
2003-10-03,28.84134101867676,0.387768,1.2978618706714977,1.0,BULL,-0.016964311021968492
2003-10-06,29.0522403717041,0.39622,1.3261507664311156,1.0,BULL,-0.009775963202981908
2003-10-07,29.229389190673828,0.403412,1.3502224344745575,1.0,BULL,-0.003737977271787596
2003-10-08,29.043813705444336,0.395673,1.3243199540813153,1.0,BULL,-0.010063179864200689
2003-10-09,29.26313591003418,0.404581,1.3541350846334541,1.0,BULL,-0.0025877454051185245
2003-10-10,29.5330810546875,0.415721,1.3914207328542472,1.0,BULL,0.0
2003-10-13,29.72710609436035,0.423856,1.4186486276725732,1.0,BULL,0.0
2003-10-14,29.80303001403809,0.427045,1.4293222302018467,1.0,BULL,0.0
2003-10-15,29.676483154296875,0.421545,1.4109136965201265,1.0,BULL,-0.00424610718043128
2003-10-16,29.912673950195312,0.43155,1.4444004927902374,1.0,BULL,0.0
2003-10-17,29.195655822753903,0.400456,1.3403286843721638,1.0,BULL,-0.02397037886466613
2003-10-20,29.55837821960449,0.415325,1.3900953184291631,1.0,BULL,-0.011844334985923632
2003-10-21,29.735530853271484,0.422733,1.4148899397953782,1.0,BULL,-0.00592200808322163
2003-10-22,29.16191291809082,0.398208,1.3328046146055263,1.0,BULL,-0.02509842594996725
2003-10-23,28.82449150085449,0.384328,1.2863481696051127,1.0,BULL,-0.036378641747396134
2003-10-24,28.84979057312012,0.385285,1.289551254465732,1.0,BULL,-0.03553287742997824
2003-10-27,28.85822296142578,0.385567,1.2904951101926856,1.0,BULL,-0.035250977245471105
2003-10-28,29.828330993652344,0.424396,1.4204560109795055,1.0,BULL,-0.0028196394840327432
2003-10-29,29.79457664489746,0.422894,1.415428807781334,1.0,BULL,-0.003948069152710398
2003-10-30,29.85363006591797,0.425348,1.423642360809505,1.0,BULL,-0.001973875166615069
2003-10-31,29.676483154296875,0.417715,1.3980946630654016,1.0,BULL,-0.007896010777628804
2003-11-03,30.165746688842773,0.438316,1.4670463362248771,1.0,BULL,0.0
2003-11-04,29.96328353881836,0.429427,1.4372947987890936,1.0,BULL,-0.006711690319248675
2003-11-05,30.233217239379883,0.440972,1.475935984490086,1.0,BULL,0.0
2003-11-06,30.31757354736328,0.4446,1.4880789227077733,1.0,BULL,0.0
2003-11-07,30.05608367919922,0.433032,1.44936075586593,1.0,BULL,-0.008625026265890123
2003-11-10,29.68490982055664,0.416927,1.3954572222397297,1.0,BULL,-0.020867887920458683
2003-11-11,29.575244903564453,0.412247,1.3797932335796477,1.0,BULL,-0.024485094186021628
2003-11-12,30.207931518554688,0.438645,1.4681475012396563,1.0,BULL,-0.0036164513178241764
2003-11-13,30.174196243286133,0.437112,1.4630165408516425,1.0,BULL,-0.004729181372419511
2003-11-14,29.55837821960449,0.410287,1.3732331015767076,1.0,BULL,-0.02504142775716367
2003-11-17,29.25470352172852,0.397583,1.3307127357780582,1.0,BULL,-0.035057885617867934
2003-11-18,28.57986640930176,0.370012,1.2384324299346574,1.0,BULL,-0.05731682765927182
2003-11-19,28.85822296142578,0.38077,1.2744395218161018,1.0,BULL,-0.048135467822239986
2003-11-20,28.57986640930176,0.369698,1.2373814700117374,1.0,BULL,-0.05731682765927182
2003-11-21,28.875110626220703,0.381103,1.2755540748553769,1.0,BULL,-0.04757844221567098
2003-11-24,29.676483154296875,0.412779,1.3815738408375888,1.0,BULL,-0.021145834512939166
2003-11-25,29.676483154296875,0.41272,1.3813763674762758,1.0,BULL,-0.021145834512939166
2003-11-26,29.81146049499512,0.418293,1.4000292326050443,1.0,BULL,-0.016693718960638204
2003-11-28,29.84518241882324,0.419653,1.404581160933615,1.0,BULL,-0.015581429292224058
2003-12-01,30.28384780883789,0.438098,1.4663166888898562,1.0,BULL,-0.001112415493037533
2003-12-02,30.115131378173828,0.430714,1.4416023956706159,1.0,BULL,-0.006677386924556772
2003-12-03,29.735530853271484,0.414365,1.386882192550172,1.0,BULL,-0.019198195171605925
2003-12-04,30.05608367919922,0.427708,1.431541295262025,1.0,BULL,-0.008625026265890123
2003-12-05,29.55837821960449,0.4064,1.3602232887729173,1.0,BULL,-0.02504142775716367
2003-12-08,29.72710609436035,0.413303,1.383327672046538,1.0,BULL,-0.019476078851774825
2003-12-09,29.043813705444336,0.384745,1.2877438711587994,1.0,BULL,-0.042013911170332596
2003-12-10,29.153478622436523,0.389049,1.3021493855162765,1.0,BULL,-0.03839670490476965
2003-12-11,29.777708053588867,0.413986,1.3856136772291954,1.0,BULL,-0.01780701522603767
2003-12-12,29.72710609436035,0.411818,1.3783573679524737,1.0,BULL,-0.019476078851774825
2003-12-15,29.33905792236328,0.395633,1.3241860738363573,1.0,BULL,-0.032275525726731535
2003-12-16,29.398099899291992,0.397967,1.3319979861296547,1.0,BULL,-0.030328075122333042
2003-12-17,29.44870948791504,0.399967,1.338691998377553,1.0,BULL,-0.028658759847349558
2003-12-18,29.99703025817871,0.422254,1.4132867238620066,1.0,BULL,-0.010572854344158
2003-12-19,29.912673950195312,0.418633,1.4011672146871867,1.0,BULL,-0.013355277147606093
2003-12-22,30.005470275878903,0.422472,1.4140163711970275,1.0,BULL,-0.010294467365496773
2003-12-23,30.233217239379883,0.432033,1.446017096748105,1.0,BULL,-0.0027824228034480925
2003-12-24,30.295669555664062,0.43465,1.4547762117744796,1.0,BULL,-0.0007224849859768234
2003-12-26,30.253467559814453,0.432774,1.4484972282859512,1.0,BULL,-0.002114482791595429
2003-12-29,30.75138092041016,0.454083,1.5198185817811827,1.0,BULL,0.0
2003-12-30,30.8526554107666,0.458504,1.5346156958551618,1.0,BULL,0.0
2003-12-31,30.76824951171875,0.454677,1.5218067034188085,1.0,BULL,-0.002735774212108688
2004-01-02,30.68387031555176,0.450872,1.5090713451171822,1.0,BULL,-0.005470682927212089
2004-01-05,31.299938201904297,0.477966,1.5997551290394592,1.0,BULL,0.0
2004-01-06,31.510881423950195,0.487562,1.6318729998048749,1.0,BULL,0.0
2004-01-07,31.797792434692383,0.500812,1.6762208309472006,1.0,BULL,0.0
2004-01-08,32.05097579956055,0.512706,1.7160301217854512,1.0,BULL,0.0
2004-01-09,31.84000587463379,0.502512,1.681910741357914,1.0,BULL,-0.006582324552179442
2004-01-12,32.3463249206543,0.526416,1.7619175757447936,1.0,BULL,0.0
2004-01-13,32.02565383911133,0.510687,1.709272516421198,1.0,BULL,-0.009913678982993446
2004-01-14,32.1353645324707,0.515866,1.7266066611371307,1.0,BULL,-0.0065219275667662835
2004-01-15,32.219764709472656,0.519859,1.7399712565900591,1.0,BULL,-0.003912661221702751
2004-01-16,32.54887771606445,0.535718,1.7930514267097681,1.0,BULL,0.0
2004-01-20,32.523563385009766,0.534395,1.7886233376077834,1.0,BULL,-0.0007777328384565019
2004-01-21,32.38851547241211,0.527664,1.7660946393874821,1.0,BULL,-0.004926813300637933
2004-01-22,32.194427490234375,0.518105,1.7341006078486527,1.0,BULL,-0.01088978332592827
2004-01-23,32.07627868652344,0.51233,1.7147716474828463,1.0,BULL,-0.014519672034890574
2004-01-26,32.56574630737305,0.535712,1.7930313446730244,1.0,BULL,0.0
2004-01-27,31.848424911499023,0.500236,1.6742929554198058,1.0,BULL,-0.02202686801965348
2004-01-28,31.308347702026367,0.474717,1.5888807061427486,1.0,BULL,-0.038611079060761444
2004-01-29,31.426490783691406,0.480023,1.6066399206364226,1.0,BULL,-0.03498324628978966
2004-01-30,31.283031463623047,0.473382,1.5844124529672767,1.0,BULL,-0.03938846761388626
2004-02-02,31.19864273071289,0.469484,1.571365823096123,1.0,BULL,-0.0419798018370805
2004-02-03,31.16488265991211,0.467894,1.5660440833590437,1.0,BULL,-0.043016476092358924
2004-02-04,30.65855407714844,0.445022,1.4894913592920798,1.0,BULL,-0.05856436429319012
2004-02-05,30.776708602905277,0.450104,1.5065008444139891,1.0,BULL,-0.05493618010721657
2004-02-06,31.33367347717285,0.474477,1.5880774246730007,1.0,BULL,-0.037833397661801715
2004-02-09,31.32524299621582,0.474027,1.5865712719172236,1.0,BULL,-0.03809227337978649
2004-02-10,31.375850677490234,0.476257,1.5940350955736302,1.0,BULL,-0.03653825767270724
2004-02-11,31.713428497314453,0.491561,1.6452576772945475,1.0,BULL,-0.026172217949926857
2004-02-12,31.43492317199707,0.478542,1.601683004566854,1.0,BULL,-0.034724312002637925
2004-02-13,31.173320770263672,0.466527,1.5614687259876054,1.0,BULL,-0.042757366097706306
2004-02-17,31.59528160095215,0.485406,1.6246568546016407,1.0,BULL,-0.029800167859232563
2004-02-18,31.688112258911133,0.489616,1.6387477503834664,1.0,BULL,-0.026949606503051782
2004-02-19,31.20708656311035,0.467249,1.5638852644090968,1.0,BULL,-0.041720516134927
2004-02-20,31.105823516845703,0.462634,1.5484388311470716,1.0,BULL,-0.044830011778259515
2004-02-23,30.75982666015625,0.44713,1.4965468482013646,1.0,BULL,-0.05545457580402291
2004-02-24,30.68387031555176,0.443754,1.4852473555269123,1.0,BULL,-0.057786975740065194
2004-02-25,30.86952018737793,0.451744,1.5119899344572656,1.0,BULL,-0.05208620444270562
2004-02-26,30.94547843933105,0.455014,1.5229346444825793,1.0,BULL,-0.04975374593749626
2004-02-27,30.861082077026367,0.451226,1.5102561852850602,1.0,BULL,-0.05234531443735824
2004-03-01,31.266143798828125,0.468929,1.569508234697331,1.0,BULL,-0.03990703901819337
2004-03-02,30.90328598022461,0.452535,1.5146374163013097,1.0,BULL,-0.05104935447992631
2004-03-03,30.7345027923584,0.445055,1.4896018104941702,1.0,BULL,-0.05623219863381557
2004-03-04,31.02141571044922,0.457455,1.531104686431139,1.0,BULL,-0.047421931693123365
2004-03-05,30.91171646118164,0.452536,1.5146407633074335,1.0,BULL,-0.05079047876194154
2004-03-08,30.185970306396484,0.420598,1.407744081720747,1.0,BULL,-0.07307604679207891
2004-03-09,30.0931396484375,0.416657,1.3945535305862633,1.0,BULL,-0.07592660814825969
2004-03-10,29.69650650024414,0.400122,1.3392107843267649,1.0,BULL,-0.08810606641860674
2004-03-11,29.42646789550781,0.389149,1.3024840861286715,1.0,BULL,-0.09639817193916078
2004-03-12,29.966571807861328,0.410521,1.3740163010097117,1.0,BULL,-0.07981314092971525
2004-03-15,29.44334602355957,0.388959,1.301848154965121,1.0,BULL,-0.09587989338068847
2004-03-16,29.49399185180664,0.39091,1.3083781639129457,1.0,BULL,-0.09432470629027001
2004-03-17,29.95811653137207,0.409309,1.3699597295874852,1.0,BULL,-0.08007277804687052
2004-03-18,29.82310676574707,0.403717,1.3512432713423619,1.0,BULL,-0.08421853796131273
2004-03-19,29.3252010345459,0.383439,1.2833726811609218,1.0,BULL,-0.09950778472082711
2004-03-22,28.95389175415039,0.368819,1.234439451628786,1.0,BULL,-0.1109096201613815
2004-03-23,28.71760368347168,0.359737,1.2040419420110802,1.0,BULL,-0.11816534427249192
2004-03-24,29.046714782714844,0.372054,1.2452670164397612,1.0,BULL,-0.10805929308186857
2004-03-25,29.82310676574707,0.401835,1.3449442058170897,1.0,BULL,-0.08421853796131273
2004-03-26,29.721824645996094,0.397683,1.331047436390453,1.0,BULL,-0.08732861929631486
2004-03-29,30.20284652709961,0.416935,1.3954839982887213,1.0,BULL,-0.07255782680277356
2004-03-30,30.30410385131836,0.421069,1.409320521605127,1.0,BULL,-0.06944850686694193
2004-03-31,30.245044708251957,0.418547,1.4008793721605273,1.0,BULL,-0.07126204255284241
2004-04-01,30.51510238647461,0.429699,1.4382051844548076,1.0,BULL,-0.06296935134061898
2004-04-02,31.308347702026367,0.463148,1.5501591922947815,1.0,BULL,-0.038611079060761444
2004-04-05,31.60369682312012,0.476189,1.5938074991572015,1.0,BULL,-0.029541760694583363
2004-04-06,31.20708656311035,0.458194,1.5335781239567374,1.0,BULL,-0.041720516134927
2004-04-07,31.173320770263672,0.456641,1.5283802234462447,1.0,BULL,-0.042757366097706306
2004-04-08,31.173320770263672,0.456577,1.528166015054312,1.0,BULL,-0.042757366097706306
2004-04-12,31.367416381835938,0.46504,1.556491727881293,1.0,BULL,-0.03679725052902605
2004-04-13,30.91171646118164,0.444706,1.4884337053569119,1.0,BULL,-0.05079047876194154
2004-04-14,31.063623428344727,0.451198,1.5101624691135895,1.0,BULL,-0.04612585459735752
2004-04-15,30.50665283203125,0.426864,1.428716422093412,1.0,BULL,-0.06322881275027337
2004-04-16,30.456016540527344,0.424677,1.4213965197003353,1.0,BULL,-0.06478370699485703
2004-04-19,30.827335357666016,0.44015,1.4731847454561997,1.0,BULL,-0.053381578708467825
2004-04-20,30.11002349853516,0.409361,1.3701337739059307,1.0,BULL,-0.07540815388228639
2004-04-21,30.371627807617188,0.419971,1.4056455088810307,1.0,BULL,-0.06737504121805127
2004-04-22,31.15643119812012,0.452467,1.514409819884881,1.0,BULL,-0.043275996071180156
2004-04-23,31.40117454528809,0.463064,1.5498780437803696,1.0,BULL,-0.035760634842914474
2004-04-26,31.173320770263672,0.452917,1.5159159726406581,1.0,BULL,-0.042757366097706306
2004-04-27,31.114255905151367,0.450276,1.5070765294673085,1.0,BULL,-0.04457107749110778
2004-04-28,30.548847198486328,0.425664,1.424700014744673,1.0,BULL,-0.061933145638676246
2004-04-29,30.076271057128903,0.405848,1.3583757413924975,1.0,BULL,-0.07644459386089719
2004-04-30,29.34208106994629,0.376068,1.258701899021293,1.0,BULL,-0.09898944759318795
2004-05-03,29.620555877685547,0.38672,1.294354208253599,1.0,BULL,-0.09043829064714826
2004-05-04,29.747159957885746,0.391622,1.3107612322731976,1.0,BULL,-0.08655064505152021
2004-05-05,29.98343086242676,0.400896,1.3418013670667015,1.0,BULL,-0.07929544806291255
2004-05-06,29.755586624145508,0.391698,1.3110156047386177,1.0,BULL,-0.08629188647186947
2004-05-07,29.51084899902344,0.381974,1.2784693171893364,1.0,BULL,-0.09380707199263427
2004-05-10,29.257701873779297,0.372086,1.2453741206357276,1.0,BULL,-0.10158048897054728
2004-05-11,29.69650650024414,0.388772,1.3012222648199425,1.0,BULL,-0.08810606641860674
2004-05-12,29.755586624145508,0.391034,1.3087931926723153,1.0,BULL,-0.08629188647186947
2004-05-13,29.54461479187012,0.382659,1.2807620163842417,1.0,BULL,-0.09277022202985497
2004-05-14,29.3252010345459,0.374077,1.2520380098285104,1.0,BULL,-0.09950778472082711
2004-05-17,29.046714782714844,0.363365,1.2161848802287676,1.0,BULL,-0.10805929308186857
2004-05-18,29.308326721191406,0.373128,1.2488617010168828,1.0,BULL,-0.1000259461409655
2004-05-19,29.274564743041992,0.371783,1.244359977780171,1.0,BULL,-0.10106267896541077
2004-05-20,29.40958404541016,0.376872,1.2613928919449482,1.0,BULL,-0.09691662620513375
2004-05-21,29.553058624267575,0.382331,1.2796641983755863,1.0,BULL,-0.09251093632770158
2004-05-24,29.755586624145508,0.390134,1.3057808871607612,1.0,BULL,-0.08629188647186947
2004-05-25,30.34630584716797,0.41331,1.3833511010894057,1.0,BULL,-0.06815260547867696
2004-05-26,30.54040908813477,0.421177,1.4096819982665134,1.0,BULL,-0.06219225563332875
2004-05-27,30.7345027923584,0.429143,1.4363442490498919,1.0,BULL,-0.05623219863381557
2004-05-28,30.844200134277344,0.433673,1.4515061867913814,1.0,BULL,-0.052863710134164354
2004-06-01,30.802005767822266,0.431825,1.4453209194743235,1.0,BULL,-0.054159377245761475
2004-06-02,30.7345027923584,0.428917,1.4355878256658794,1.0,BULL,-0.05623219863381557
2004-06-03,30.363201141357425,0.413303,1.383327672046538,1.0,BULL,-0.06763379979770201
2004-06-04,30.54040908813477,0.420472,1.4073223589491293,1.0,BULL,-0.06219225563332875
2004-06-07,31.266143798828125,0.450379,1.5074212710980752,1.0,BULL,-0.03990703901819337
2004-06-08,31.308347702026367,0.452127,1.5132718378027383,1.0,BULL,-0.038611079060761444
2004-06-09,30.86952018737793,0.43304,1.4493875319149216,1.0,BULL,-0.05208620444270562
2004-06-10,31.08894157409668,0.4422,1.4800461080102953,1.0,BULL,-0.04534840747506563
2004-06-14,30.650129318237305,0.423398,1.4171156988678044,1.0,BULL,-0.05882306430367412
2004-06-15,31.046741485595703,0.439761,1.4718827600739837,1.0,BULL,-0.046644250294163636
2004-06-16,30.99610137939453,0.437534,1.464428977435949,1.0,BULL,-0.04819926167708122
2004-06-17,30.709178924560547,0.42531,1.423515174576795,1.0,BULL,-0.057009821463608334
2004-06-18,30.75138092041016,0.426992,1.4291448388772774,1.0,BULL,-0.05571392007534326
2004-06-21,30.50665283203125,0.416726,1.3947844740088158,1.0,BULL,-0.06322881275027337
2004-06-22,30.95391273498535,0.434983,1.4558907648137547,1.0,BULL,-0.049494753081177456
2004-06-23,31.32524299621582,0.450564,1.508040467231006,1.0,BULL,-0.03809227337978649
2004-06-24,31.266143798828125,0.447937,1.4992478821433914,1.0,BULL,-0.03990703901819337
2004-06-25,31.50243759155273,0.458017,1.5329857038727985,1.0,BULL,-0.03265113919958218
2004-06-28,31.240833282470703,0.446528,1.4945319505147472,1.0,BULL,-0.0406842518638173
2004-06-29,31.536195755004883,0.459114,1.5366573695907708,1.0,BULL,-0.031614523513470605
2004-06-30,31.848424911499023,0.472671,1.5820327316131488,1.0,BULL,-0.02202686801965348
2004-07-01,31.257719039916992,0.446293,1.493745404075619,1.0,BULL,-0.04016573902867726
2004-07-02,31.07205581665039,0.438265,1.4668756389125557,1.0,BULL,-0.04586692031020578
2004-07-06,30.40538787841797,0.409981,1.3722089177027792,1.0,BULL,-0.06633836696277284
2004-07-07,30.464452743530277,0.412301,1.379973971910341,1.0,BULL,-0.06452465556937126
2004-07-08,30.12690544128418,0.398526,1.333868962552942,1.0,BULL,-0.07488975818548038
2004-07-09,30.16908836364746,0.400133,1.3392476013941284,1.0,BULL,-0.07359444248888503
2004-07-12,30.042503356933597,0.395028,1.322161135131368,1.0,BULL,-0.07748150239284324
2004-07-13,30.000320434570312,0.393296,1.3163641205246883,1.0,BULL,-0.0787768180894386
2004-07-14,29.69650650024414,0.381279,1.2761431479331917,1.0,BULL,-0.08810606641860674
2004-07-15,29.59525489807129,0.377312,1.2628655746394857,1.0,BULL,-0.0912152106469375
2004-07-16,29.257701873779297,0.364336,1.2194348231751222,1.0,BULL,-0.10158048897054728
2004-07-19,29.198610305786133,0.362066,1.2118371192737576,1.0,BULL,-0.10339502033228631
2004-07-20,29.89905548095703,0.388059,1.2988358494535668,1.0,BULL,-0.08188637230193807
2004-07-21,29.029848098754883,0.354147,1.1853321777782047,1.0,BULL,-0.108577220225339
2004-07-22,29.42646789550781,0.368601,1.233709804293765,1.0,BULL,-0.09639817193916078
2004-07-23,28.869495391845703,0.347606,1.1634394107214536,1.0,BULL,-0.11350118866124359
2004-07-26,28.74291229248047,0.342971,1.1479260373369495,1.0,BULL,-0.11738818999603484
2004-07-27,29.139551162719727,0.357106,1.19523596889897,1.0,BULL,-0.1052085560181869
2004-07-28,29.012964248657227,0.352387,1.1794414470000543,1.0,BULL,-0.10909567449131219
2004-07-29,29.35053062438965,0.364624,1.2203987609388194,1.0,BULL,-0.09872998618353346
2004-07-30,29.44334602355957,0.368017,1.2317551527173787,1.0,BULL,-0.09587989338068847
2004-08-02,29.502429962158203,0.370165,1.2389445218716215,1.0,BULL,-0.09406559629561728
2004-08-03,28.886388778686523,0.346908,1.161103200446937,1.0,BULL,-0.1129824415494356
2004-08-04,28.894821166992188,0.347148,1.1619064819166849,1.0,BULL,-0.11272350726228386
2004-08-05,28.35472869873047,0.327617,1.0965361053098348,1.0,BULL,-0.12930818685672751
2004-08-06,27.612110137939453,0.301817,1.010183347311948,1.0,BULL,-0.1521118577378362
2004-08-09,27.679628372192383,0.303975,1.01740618652743,1.0,BULL,-0.15003856779644642
2004-08-10,28.025609970092773,0.315317,1.055367929985261,1.0,BULL,-0.1394144723240187
2004-08-11,27.78089141845703,0.307,1.0275308800523761,1.0,BULL,-0.1469290721531139
2004-08-12,27.401124954223636,0.294354,0.9852046406089157,1.0,BULL,-0.15859060327999042
2004-08-13,27.44333267211914,0.295661,0.9895791776129171,1.0,BULL,-0.15729452618422468
2004-08-16,27.755565643310547,0.305699,1.0231764250851183,1.0,BULL,-0.14770675355207352
2004-08-17,28.06781578063965,0.31596,1.0575200549229602,1.0,BULL,-0.13811845379741983
2004-08-18,28.56571388244629,0.332716,1.1136024895358514,1.0,BULL,-0.12282944131457318
2004-08-19,28.413795471191406,0.327347,1.0956324136563687,1.0,BULL,-0.12749441689415908
2004-08-20,28.70073509216309,0.337203,1.1286205060140109,1.0,BULL,-0.1186833299851292
2004-08-23,28.768238067626957,0.33952,1.136375519203201,1.0,BULL,-0.11661050859707511
2004-08-24,28.759803771972656,0.339157,1.1351605559802076,1.0,BULL,-0.11686950145339392
2004-08-25,29.156435012817383,0.353124,1.1819081905134048,1.0,BULL,-0.10469010175221372
2004-08-26,29.029848098754883,0.348458,1.1662910599390581,1.0,BULL,-0.108577220225339
2004-08-27,29.164875030517575,0.353254,1.1823433013095181,1.0,BULL,-0.10443093318839425
2004-08-30,28.67540168762207,0.3354,1.1225858539725306,1.0,BULL,-0.11946124566075689
2004-08-31,28.70915412902832,0.33652,1.1263345008313537,1.0,BULL,-0.1184248056821463
2004-09-01,28.920135498046875,0.343874,1.1509483838668755,1.0,BULL,-0.1119461772783259
2004-09-02,29.35053062438965,0.35916,1.2021107194775615,1.0,BULL,-0.09872998618353346
2004-09-03,28.810436248779297,0.339262,1.1355119916232221,1.0,BULL,-0.11531472434714418
2004-09-07,29.05517196655273,0.347841,1.1642259571605817,1.0,BULL,-0.10779959739554634
2004-09-08,28.945453643798828,0.343832,1.1508078096096697,1.0,BULL,-0.11116873015603412
2004-09-09,29.190183639526367,0.352486,1.1797728006063253,1.0,BULL,-0.10365377891193717
2004-09-10,29.63744735717773,0.368619,1.2337700504039961,1.0,BULL,-0.08991960210450745
2004-09-13,30.02563095092773,0.38303,1.2820037556562267,1.0,BULL,-0.07799960524381477
2004-09-14,30.06783103942871,0.384569,1.2871547980809843,1.0,BULL,-0.07670376242471666
2004-09-15,29.747159957885746,0.372188,1.2457155152603705,1.0,BULL,-0.08655064505152021
2004-09-16,29.80622100830078,0.374331,1.2528881493839936,1.0,BULL,-0.08473705079645277
2004-09-17,29.89905548095703,0.377753,1.2643416043401474,1.0,BULL,-0.08188637230193807
2004-09-20,29.89905548095703,0.377677,1.2640872318747272,1.0,BULL,-0.08188637230193807
2004-09-21,30.0172061920166,0.382078,1.2788174058262272,1.0,BULL,-0.07825830525429855
2004-09-22,29.49399185180664,0.362021,1.21168650399818,1.0,BULL,-0.09432470629027001
2004-09-23,29.46867179870605,0.361015,1.208319415837487,1.0,BULL,-0.09510221198172886
2004-09-24,29.36740493774414,0.35722,1.1956175275971002,1.0,BULL,-0.09821182476339518
2004-09-27,29.11423683166504,0.347909,1.1644535535770102,1.0,BULL,-0.10598588600214476
2004-09-28,29.17329978942871,0.349955,1.1713015281066101,1.0,BULL,-0.10417223317791025
2004-09-29,29.603679656982425,0.365373,1.2229056685256574,1.0,BULL,-0.09095651063645349
2004-09-30,29.6543083190918,0.367173,1.2289302795487658,1.0,BULL,-0.08940185066853767
2004-10-01,30.464452743530277,0.397193,1.329407403389718,1.0,BULL,-0.06452465556937126
2004-10-04,30.64167022705078,0.404045,1.3523410893510173,1.0,BULL,-0.05908281855916331
2004-10-05,30.68387031555176,0.405632,1.3576527880697244,1.0,BULL,-0.057786975740065194
2004-10-06,30.928611755371094,0.415257,1.3898677220127347,1.0,BULL,-0.050271673080966583
2004-10-07,30.582599639892575,0.401236,1.3429393491488442,1.0,BULL,-0.060896705660065886
2004-10-08,30.02563095092773,0.379234,1.269298520409716,1.0,BULL,-0.07799960524381477
2004-10-11,30.16908836364746,0.384593,1.2872351262279593,1.0,BULL,-0.07359444248888503
2004-10-12,30.118471145629883,0.38258,1.2804976029004496,1.0,BULL,-0.07514875104179908
2004-10-13,30.05094146728516,0.379929,1.2716246896658607,1.0,BULL,-0.07722239239819062
2004-10-14,29.91592788696289,0.37473,1.254223604827449,1.0,BULL,-0.08136826945096676
2004-10-15,30.06783103942871,0.380362,1.2730739433175304,1.0,BULL,-0.07670376242471666
2004-10-18,30.49822998046875,0.396617,1.3274795278623233,1.0,BULL,-0.0634874541915903
2004-10-19,30.2788028717041,0.387972,1.2985446599207833,1.0,BULL,-0.07022542686673117
2004-10-20,30.422260284423828,0.393405,1.3167289441921988,1.0,BULL,-0.06582026411180153
2004-10-21,30.886409759521484,0.411328,1.3767173349517388,1.0,BULL,-0.05156757446923155
2004-10-22,30.211299896240234,0.384268,1.2861473492376758,1.0,BULL,-0.07229824825478526
2004-10-25,30.06783103942871,0.378711,1.2675480362068907,1.0,BULL,-0.07670376242471666
2004-10-26,30.228179931640625,0.384687,1.2875497448036104,1.0,BULL,-0.0717799111271461
2004-10-27,30.99610137939453,0.413921,1.3853961218311386,1.0,BULL,-0.04819926167708122
2004-10-28,31.190187454223636,0.421607,1.4111212108998115,1.0,BULL,-0.04223943895423565
2004-10-29,31.13956451416016,0.419462,1.4039418827639407,1.0,BULL,-0.04379392321465059
2004-11-01,31.257719039916992,0.424145,1.4196159124423944,1.0,BULL,-0.04016573902867726
2004-11-02,31.35898208618164,0.428173,1.4330976531096613,1.0,BULL,-0.037056243385344745
2004-11-03,31.569955825805664,0.436719,1.4617011674449305,1.0,BULL,-0.03057784925819218
2004-11-04,31.74716567993164,0.443976,1.485990390886429,1.0,BULL,-0.025136246524652073
2004-11-05,32.03409957885742,0.455914,1.5259469499941334,1.0,BULL,-0.01632533532312319
2004-11-08,32.06785583496094,0.457251,1.5304218971818535,1.0,BULL,-0.015288778206178688
2004-11-09,32.00033950805664,0.454257,1.52040096084675,1.0,BULL,-0.017362009578401616
2004-11-10,31.8906364440918,0.449481,1.504415659598769,1.0,BULL,-0.0207306737855536
2004-11-11,32.31259536743164,0.467219,1.5637848542253783,1.0,BULL,-0.007773534116246927
2004-11-12,32.62482452392578,0.480655,1.6087552285067583,1.0,BULL,0.0
2004-11-15,32.76826858520508,0.486883,1.6296003826467136,1.0,BULL,0.0
2004-11-16,32.56574630737305,0.477741,1.5990020526615707,1.0,BULL,-0.006180438777393049
2004-11-17,33.00456619262695,0.496941,1.6632645702413937,1.0,BULL,0.0
2004-11-18,33.156463623046875,0.503686,1.68584012654743,1.0,BULL,0.0
2004-11-19,32.64168167114258,0.480106,1.6069177221447102,1.0,BULL,-0.015525840082247888
2004-11-22,32.953941345214844,0.493771,1.652654560828475,1.0,BULL,-0.0061080783564402275
2004-11-23,32.903289794921875,0.491376,1.6446384811616168,1.0,BULL,-0.007635730728201673
2004-11-24,33.19023132324219,0.504114,1.6872726451684803,1.0,BULL,0.0
2004-11-26,33.088966369628906,0.499379,1.6714245711715816,1.0,BULL,-0.00305104693688496
2004-11-29,33.080528259277344,0.498877,1.6697443740973592,1.0,BULL,-0.003305281692569051
2004-11-30,33.01301956176758,0.495701,1.6591142826476968,1.0,BULL,-0.005339274672379712
2004-12-01,33.68811798095703,0.525992,1.760498445148239,1.0,BULL,0.0
2004-12-02,33.814701080322266,0.531794,1.7799177746793917,1.0,BULL,0.0
2004-12-03,33.865333557128906,0.534055,1.7874853555256405,1.0,BULL,0.0
2004-12-06,33.98347091674805,0.539514,1.805756661956279,1.0,BULL,0.0
2004-12-07,33.401180267333984,0.511649,1.7124923363124371,1.0,BULL,-0.01713452551213923
2004-12-08,33.595298767089844,0.520445,1.7419326021786936,1.0,BULL,-0.011422380915979358
2004-12-09,33.79783248901367,0.529731,1.7730129010456848,1.0,BULL,-0.005462609401763241
2004-12-10,33.696556091308594,0.52484,1.7566426940934496,1.0,BULL,-0.008442775787744883
2004-12-13,33.991920471191406,0.538514,1.80240965583233,1.0,BULL,0.0
2004-12-14,34.160701751708984,0.546405,1.8288208811564124,1.0,BULL,0.0
2004-12-15,34.03411102294922,0.540199,1.808049361151184,1.0,BULL,-0.003705741459290479
2004-12-16,33.71343231201172,0.524799,1.7565054668423679,1.0,BULL,-0.013093098700025618
2004-12-17,33.62738037109375,0.520654,1.7426321264585987,1.0,BULL,-0.015612131872804746
2004-12-20,33.397361755371094,0.509845,1.7064543372648329,1.0,BULL,-0.022345559581477326
2004-12-21,33.80630874633789,0.528451,1.76872873320703,1.0,BULL,-0.010374289379267876
2004-12-22,33.848899841308594,0.530321,1.774987634658815,1.0,BULL,-0.009127503078439902
2004-12-23,33.874446868896484,0.531395,1.778582319235936,1.0,BULL,-0.008379654636286205
2004-12-27,33.729644775390625,0.524451,1.7553407087112336,1.0,BULL,-0.012618504720758428
2004-12-28,34.05337905883789,0.539424,1.8054554314051237,1.0,BULL,-0.0031417004735777576
2004-12-29,34.09597396850586,0.541317,1.8117913139977593,1.0,BULL,-0.001894802503578208
2004-12-30,34.07042694091797,0.539969,1.807279549742676,1.0,BULL,-0.002642650945731795
2004-12-31,34.01076889038086,0.537002,1.7973489825729188,1.0,BULL,-0.004389045120263835
2005-01-03,33.65296173095703,0.519922,1.740182117975868,1.0,BULL,-0.014863278408106861
2005-01-04,33.039527893066406,0.49136,1.6445849290636336,1.0,BULL,-0.0328205745535215
2005-01-05,32.8350715637207,0.482115,1.6136418574477243,1.0,BULL,-0.03880570714335407
2005-01-06,32.673194885253906,0.474864,1.5893727160429691,1.0,BULL,-0.043544388439873405
2005-01-07,32.84358596801758,0.482174,1.613839330809037,1.0,BULL,-0.03855646155236003
2005-01-10,32.82652282714844,0.481302,1.6109207414689535,1.0,BULL,-0.03905595775689241
2005-01-11,32.59650421142578,0.471063,1.5766507457658385,1.0,BULL,-0.04578938546556499
2005-01-12,32.869136810302734,0.482765,1.615817411428291,1.0,BULL,-0.03780850144103487
2005-01-13,32.434627532958984,0.463498,1.5513306444381636,1.0,BULL,-0.05052806676208421
2005-01-14,32.74134826660156,0.476529,1.5949454812393444,1.0,BULL,-0.04154930702020532
2005-01-18,32.9884147644043,0.487197,1.6306513425696334,1.0,BULL,-0.034316829783686775
2005-01-19,32.44314193725586,0.462914,1.5493759928617772,1.0,BULL,-0.05027882117109028
2005-01-20,31.821199417114254,0.436175,1.459880396113502,1.0,BULL,-0.06848519540374165
2005-01-21,31.565603256225582,0.425554,1.4243318440710386,1.0,BULL,-0.07596736490794065
2005-01-24,31.12258529663086,0.407529,1.3640020586868558,1.0,BULL,-0.0889360083162265
2005-01-25,31.27592086791992,0.413448,1.3838129879345107,1.0,BULL,-0.08444735429490258
2005-01-26,31.65081214904785,0.428209,1.4332181453301236,1.0,BULL,-0.07347301062208322
2005-01-27,31.608211517333984,0.426369,1.427059654062057,1.0,BULL,-0.0747200760958403
2005-01-28,31.454837799072266,0.420052,1.4059166163770707,1.0,BULL,-0.07920984680888032
2005-01-31,31.863794326782227,0.436325,1.4603824470320945,1.0,BULL,-0.06723829743374199
2005-02-01,31.966039657592773,0.44041,1.4740549670484266,1.0,BULL,-0.06424522862755355
2005-02-02,32.01716613769531,0.442407,1.480738938277953,1.0,BULL,-0.0627485825552877
2005-02-03,31.65081214904785,0.427104,1.4295197035631597,1.0,BULL,-0.07347301062208322
2005-02-04,32.1619987487793,0.447687,1.4984111306124042,1.0,BULL,-0.05850883911744276
2005-02-07,32.09383010864258,0.444722,1.488487257454895,1.0,BULL,-0.06050436721379726
2005-02-08,32.15346908569336,0.447084,1.496392885919663,1.0,BULL,-0.058758531385123214
2005-02-09,31.616737365722656,0.424576,1.4210584720818165,1.0,BULL,-0.07447049549733153
2005-02-10,31.65081214904785,0.425836,1.4252756997979923,1.0,BULL,-0.07347301062208322
2005-02-11,32.11936950683594,0.444634,1.4881927209159875,1.0,BULL,-0.059756742109986716
2005-02-14,32.26422882080078,0.450532,1.5079333630350393,1.0,BULL,-0.055516216987940736
2005-02-15,32.47722625732422,0.459333,1.5373903639319155,1.0,BULL,-0.049281057122912975
2005-02-16,32.357948303222656,0.454148,1.5200361371792395,1.0,BULL,-0.05277272878026107
2005-02-17,31.92344856262207,0.43573,1.4583909783883449,1.0,BULL,-0.06549201492838153
2005-02-18,31.821199417114254,0.431425,1.4439821170247438,1.0,BULL,-0.06848519540374165
2005-02-22,31.429296493530277,0.415367,1.390235892686369,1.0,BULL,-0.07995752774727649
2005-02-23,31.47189140319824,0.41694,1.395500733319341,1.0,BULL,-0.07871062977727705
2005-02-24,31.8723201751709,0.432739,1.448380083071613,1.0,BULL,-0.06698871683523311
2005-02-25,32.051239013671875,0.439905,1.4723647289558321,1.0,BULL,-0.061751153514625234
2005-02-28,31.71043968200684,0.425748,1.4249811632590847,1.0,BULL,-0.0717275098009239
2005-03-01,32.059749603271484,0.439697,1.471668551682051,1.0,BULL,-0.06150201959280288
2005-03-02,32.04271697998047,0.438872,1.4689072716297928,1.0,BULL,-0.06200062244396243
2005-03-03,31.77859115600586,0.427895,1.4321671854072036,1.0,BULL,-0.06973248421584177
2005-03-04,31.966039657592773,0.435346,1.4571057280367483,1.0,BULL,-0.06424522862755355
2005-03-07,32.426109313964844,0.45402,1.519607720395374,1.0,BULL,-0.05077742402224983
2005-03-08,32.10234832763672,0.440292,1.4736600203258006,1.0,BULL,-0.060255009953631644
2005-03-09,32.00864791870117,0.436312,1.460338935952483,1.0,BULL,-0.06299793981545332
2005-03-10,31.966039657592773,0.434446,1.454093422525194,1.0,BULL,-0.06424522862755355
2005-03-11,31.6678466796875,0.422165,1.412988840316975,1.0,BULL,-0.07297435193633783
2005-03-14,31.812686920166016,0.427837,1.4319730590520146,1.0,BULL,-0.06873438516014974
2005-03-15,31.55709648132324,0.417403,1.3970503971547295,1.0,BULL,-0.07621638716059143
2005-03-16,31.19926643371582,0.403084,1.349124616465902,1.0,BULL,-0.08669129046346391
2005-03-17,31.27592086791992,0.40594,1.358683665955901,1.0,BULL,-0.08444735429490258
2005-03-18,31.10553932189941,0.399189,1.3360880276131204,1.0,BULL,-0.08943500200948684
2005-03-21,31.16517639160156,0.40137,1.3433878479694534,1.0,BULL,-0.08768922201539864
2005-03-22,30.781795501708984,0.386441,1.293420393545017,1.0,BULL,-0.09891208542959629
2005-03-23,30.892541885375977,0.3905,1.3070058914021265,1.0,BULL,-0.09567016187451449
2005-03-24,30.901071548461918,0.390711,1.3077121096942799,1.0,BULL,-0.09542046960683392
2005-03-28,30.96072006225586,0.39286,1.3149048258546465,1.0,BULL,-0.0936743546052311
2005-03-29,30.713638305664062,0.383341,1.2830446745607749,1.0,BULL,-0.10090727851843595
2005-03-30,31.292970657348636,0.404922,1.3552764137217206,1.0,BULL,-0.08394824893247055
2005-03-31,31.15666389465332,0.399515,1.337179151609528,1.0,BULL,-0.08793841177180672
2005-04-01,30.84143447875977,0.387275,1.2962117966523907,1.0,BULL,-0.09716624960092224
2005-04-04,31.06293487548828,0.395509,1.3237710450769877,1.0,BULL,-0.09068217915241539
2005-04-05,31.148155212402344,0.398652,1.3342906853245597,1.0,BULL,-0.08818748985904334
2005-04-06,31.09701919555664,0.396575,1.3273389536051174,1.0,BULL,-0.08968441510423819
2005-04-07,31.47189140319824,0.410805,1.3749668507489132,1.0,BULL,-0.07871062977727705
2005-04-08,31.2163200378418,0.40068,1.3410784137439284,1.0,BULL,-0.08619207343186042
2005-04-11,31.079988479614254,0.395316,1.3231250728950654,1.0,BULL,-0.09018296212081212
2005-04-12,31.23333740234375,0.401055,1.3423335410404094,1.0,BULL,-0.08569391725738729
2005-04-13,30.72216415405273,0.38125,1.2760460847555972,1.0,BULL,-0.10065769791992729
2005-04-14,30.28765296936035,0.364965,1.221540090027086,1.0,BULL,-0.11337731907556237
2005-04-15,29.597558975219727,0.339914,1.137694239616037,1.0,BULL,-0.13357871889329598
2005-04-18,29.606069564819336,0.340108,1.1383435588040833,1.0,BULL,-0.1333295849714735
2005-04-19,29.810548782348636,0.347054,1.1615918633410336,1.0,BULL,-0.12734378236661137
2005-04-20,29.5634822845459,0.338324,1.132372499878958,1.0,BULL,-0.13457625960313002
2005-04-21,30.3472843170166,0.365134,1.2221057340620336,1.0,BULL,-0.11163170658523158
2005-04-22,29.895736694335938,0.348727,1.1671914045864005,1.0,BULL,-0.124850042261198
2005-04-25,30.14281845092773,0.357271,1.1957882249094216,1.0,BULL,-0.11761711834799315
2005-04-26,29.861661911010746,0.347168,1.1619734220391638,1.0,BULL,-0.1258475271364461
2005-04-27,29.904253005981445,0.348551,1.1666023315085854,1.0,BULL,-0.12460074083561823
2005-04-28,29.606069564819336,0.338023,1.1313650510356492,1.0,BULL,-0.1333295849714735
2005-04-29,29.80202293395996,0.344635,1.1534954555272008,1.0,BULL,-0.12759336296512025
2005-05-02,29.92130470275879,0.348672,1.1670073192495833,1.0,BULL,-0.12410157963860058
2005-05-03,30.07466125488281,0.35393,1.1846058774493078,1.0,BULL,-0.11961231143683282
2005-05-04,30.44101333618164,0.366761,1.2275513130256988,1.0,BULL,-0.10888793920462292
2005-05-05,30.4665641784668,0.36758,1.230292511041213,1.0,BULL,-0.10813997909329764
2005-05-06,30.55176544189453,0.370556,1.2402532012660856,1.0,BULL,-0.1056458481457837
2005-05-09,30.69659996032715,0.375718,1.257530446877911,1.0,BULL,-0.10140604887335303
2005-05-10,30.475082397460938,0.367474,1.2299377283920745,1.0,BULL,-0.10789062183313214
2005-05-11,30.62844467163086,0.372915,1.2481487887124816,1.0,BULL,-0.10340118612760685
2005-05-12,30.54323005676269,0.369693,1.2373647349811174,1.0,BULL,-0.10589570791722158
2005-05-13,30.875513076782227,0.381652,1.2773915812174248,1.0,BULL,-0.09616865305650246
2005-05-16,31.079988479614254,0.389125,1.3024037579816965,1.0,BULL,-0.09018296212081212
2005-05-17,31.267412185668945,0.396051,1.325585122396168,1.0,BULL,-0.08469643238213909
2005-05-18,31.69341468811035,0.412123,1.3793782048202783,1.0,BULL,-0.07222588931374041
2005-05-19,31.95750999450684,0.422306,1.4134607681804519,1.0,BULL,-0.06449492089523379
2005-05-20,32.0853271484375,0.427249,1.4300050194511322,1.0,BULL,-0.06075327779727646
2005-05-23,32.2471923828125,0.433589,1.4512250382769698,1.0,BULL,-0.05601493150827197
2005-05-24,32.34943771362305,0.437584,1.4645963277421463,1.0,BULL,-0.05302186270208353
2005-05-25,32.21310806274414,0.431921,1.4456422320622226,1.0,BULL,-0.05701269555644917
2005-05-26,32.53685760498047,0.444816,1.4888018760305464,1.0,BULL,-0.04753544463258219
2005-05-27,32.553897857666016,0.445382,1.4906962814967015,1.0,BULL,-0.04703661844307938
2005-05-31,32.44314193725586,0.440703,1.4750356398427438,1.0,BULL,-0.05027882117109028
2005-06-01,32.70724868774414,0.451334,1.5106176619464466,1.0,BULL,-0.04254751774506893
2005-06-02,32.93729782104492,0.460722,1.542039355438081,1.0,BULL,-0.03581319668302363
2005-06-03,32.46018600463867,0.440561,1.474560364973143,1.0,BULL,-0.049779883312415785
2005-06-06,32.46871566772461,0.440776,1.475279971289792,1.0,BULL,-0.04953019104473544
2005-06-07,32.19607925415039,0.429538,1.4376663164688517,1.0,BULL,-0.05751118673843714
2005-06-08,32.12791442871094,0.42668,1.4281005729666054,1.0,BULL,-0.059506603165620064
2005-06-09,32.3323860168457,0.434698,1.4549368680684291,1.0,BULL,-0.05352102389910107
2005-06-10,31.99161148071289,0.420821,1.4084904640863876,1.0,BULL,-0.06349665433578455
2005-06-13,32.14495849609375,0.426746,1.428321475370786,1.0,BULL,-0.05900766530694557
2005-06-14,32.01716613769531,0.421526,1.4108501034037717,1.0,BULL,-0.0627485825552877
2005-06-15,32.11936950683594,0.425435,1.4239335503422887,1.0,BULL,-0.059756742109986716
2005-06-16,32.289791107177734,0.432079,1.4461710590298065,1.0,BULL,-0.05476792186910073
2005-06-17,32.29404830932617,0.43212,1.4463082862808885,1.0,BULL,-0.05464329907360377
2005-06-20,32.29404830932617,0.43199,1.4458731754847751,1.0,BULL,-0.05464329907360377
2005-06-21,32.27699661254883,0.431174,1.4431420184876327,1.0,BULL,-0.05514246027062131
2005-06-22,32.24288558959961,0.429676,1.4381282033139569,1.0,BULL,-0.05614100600299965
2005-06-23,31.88471031188965,0.415225,1.3897606178167683,1.0,BULL,-0.0666260153659014
2005-06-24,31.526567459106445,0.401105,1.3425008913466068,1.0,BULL,-0.07711007554084448
2005-06-27,31.38160896301269,0.395448,1.3235668777034268,1.0,BULL,-0.081353504061352
2005-06-28,31.68006706237793,0.406606,1.360912772034451,1.0,BULL,-0.07261661974514189
2005-06-29,31.611846923828125,0.403853,1.351698464175219,1.0,BULL,-0.07461365537531284
2005-06-30,31.36454391479492,0.394248,1.3195504703546879,1.0,BULL,-0.08185305610047022
2005-07-01,31.321897506713867,0.392516,1.313753455748008,1.0,BULL,-0.08310146160428622
2005-07-05,31.64596176147461,0.404574,1.3541116555905863,1.0,BULL,-0.07361499797376292
2005-07-06,31.492456436157227,0.398559,1.3339794137550325,1.0,BULL,-0.07810862127322282
2005-07-07,31.60332298278809,0.402643,1.3476485867652406,1.0,BULL,-0.07486318013923576
2005-07-08,32.208778381347656,0.425657,1.4246765857018053,1.0,BULL,-0.057139440066206415
2005-07-11,32.50724411010742,0.437356,1.463833210345886,1.0,BULL,-0.04840233241165326
2005-07-12,32.660736083984375,0.443413,1.4841060264386456,1.0,BULL,-0.04390909995429382
2005-07-13,32.73748016357422,0.446397,1.4940934927125098,1.0,BULL,-0.04166253956019994
2005-07-14,33.0615348815918,0.45951,1.5379827840158544,1.0,BULL,-0.032176355102605525
2005-07-15,33.16387939453125,0.46363,1.5517724492465248,1.0,BULL,-0.02918038289795566
2005-07-18,33.02744674682617,0.457759,1.5321221762928197,1.0,BULL,-0.0331742308199543
2005-07-19,33.41117477416992,0.473565,1.5850249550879594,1.0,BULL,-0.021941205511141648
2005-07-20,33.649940490722656,0.483564,1.6184916693213263,1.0,BULL,-0.014951720392007872
2005-07-21,33.65846633911133,0.483772,1.6191878465951077,1.0,BULL,-0.014702139793499103
2005-07-22,33.615814208984375,0.481773,1.6124971813533335,1.0,BULL,-0.01595071280107263
2005-07-25,33.4879150390625,0.476114,1.5935564736979055,1.0,BULL,-0.019694756786219347
2005-07-26,33.615814208984375,0.481409,1.6112788711242159,1.0,BULL,-0.01595071280107263
2005-07-27,33.871665954589844,0.492241,1.6475336414588326,1.0,BULL,-0.008461061462377018
2005-07-28,34.0336799621582,0.49914,1.6706246367079576,1.0,BULL,-0.0037183600756803825
2005-07-29,33.75226211547852,0.486592,1.6286264038646443,1.0,BULL,-0.011956418202387464
2005-08-01,33.81196594238281,0.489011,1.636722811678477,1.0,BULL,-0.010208683997796508
2005-08-02,34.17866134643555,0.504755,1.6894180760939317,1.0,BULL,0.0
2005-08-03,34.16161346435547,0.503829,1.686318748423155,1.0,BULL,-0.0004987872961811357
2005-08-04,33.82901763916016,0.488943,1.6364952152620487,1.0,BULL,-0.01022988301769312
2005-08-05,33.6670036315918,0.481751,1.6124235472186066,1.0,BULL,-0.01497009229406554
2005-08-08,33.419700622558594,0.47097,1.5763394741963113,1.0,BULL,-0.022205688987760874
2005-08-09,33.64139938354492,0.480182,1.6071720946101304,1.0,BULL,-0.015719221927533278
2005-08-10,33.35147476196289,0.467603,1.5650701045769746,1.0,BULL,-0.024201842666928264
2005-08-11,33.624366760253906,0.478922,1.6029548668939546,1.0,BULL,-0.016217562781739803
2005-08-12,33.43675994873047,0.470741,1.5755730097939271,1.0,BULL,-0.021706566860098864
2005-08-15,33.64139938354492,0.479224,1.6039656627433871,1.0,BULL,-0.015719221927533278
2005-08-16,33.09564208984375,0.455736,1.5253511829040705,1.0,BULL,-0.031687000424454714
2005-08-17,33.29179382324219,0.463683,1.551949840571094,1.0,BULL,-0.025947988840289926
2005-08-18,33.12124252319336,0.456399,1.5275702479642488,1.0,BULL,-0.0309379824014806
2005-08-19,33.10414505004883,0.455537,1.5246851286854048,1.0,BULL,-0.031438220634079306
2005-08-22,33.12124252319336,0.456087,1.5265259820535768,1.0,BULL,-0.0309379824014806
2005-08-23,33.02744674682617,0.452056,1.513034200367938,1.0,BULL,-0.03368226121967277
2005-08-24,32.83127975463867,0.443847,1.4855586270964396,1.0,BULL,-0.03942171924581217
2005-08-25,32.90804672241211,0.446809,1.495472459235577,1.0,BULL,-0.03717566967133279
2005-08-26,32.79717254638672,0.442138,1.4798385936306104,1.0,BULL,-0.04041962866965543
2005-08-29,33.05299758911133,0.452332,1.513957974058148,1.0,BULL,-0.03293469413311623
2005-08-30,32.93362808227539,0.447275,1.4970321640893371,1.0,BULL,-0.03642720970082691
2005-08-31,33.24061584472656,0.45963,1.5383844247507283,1.0,BULL,-0.02744535522327618
2005-09-01,33.189453125,0.457353,1.5307632918064964,1.0,BULL,-0.028942275164287823
2005-09-02,33.0615348815918,0.45191,1.5125455374738412,1.0,BULL,-0.03268490984829786
2005-09-06,33.547607421875,0.471688,1.5787426245933067,1.0,BULL,-0.018463389135231822
2005-09-07,33.60730743408203,0.474046,1.5866348650335789,1.0,BULL,-0.016716684909401813
2005-09-08,33.598785400390625,0.473525,1.5848910748430012,1.0,BULL,-0.01696602275224557
2005-09-09,33.78639221191406,0.481297,1.6109040064383338,1.0,BULL,-0.011477018673886508
2005-09-12,33.880184173583984,0.485141,1.623769897978794,1.0,BULL,-0.008732851466187963
2005-09-13,33.79490661621094,0.481313,1.610957558536317,1.0,BULL,-0.011227904052030113
2005-09-14,33.41117477416992,0.464756,1.5555411781420916,1.0,BULL,-0.022455138441098255
2005-09-15,33.394126892089844,0.463889,1.5526393238326277,1.0,BULL,-0.02295392573727939
2005-09-16,33.598785400390625,0.47226,1.5806571120962056,1.0,BULL,-0.01696602275224557
2005-09-19,33.334415435791016,0.46095,1.5428024728343412,1.0,BULL,-0.024700964794590385
2005-09-20,33.1979866027832,0.45513,1.5233228971929573,1.0,BULL,-0.028692602489963193
2005-09-21,32.83127975463867,0.439895,1.4723312588945927,1.0,BULL,-0.03942171924581217
2005-09-22,32.9506721496582,0.444546,1.48789818437708,1.0,BULL,-0.03592853401513951
2005-09-23,33.04448699951172,0.448192,1.5001013687049984,1.0,BULL,-0.033183697144478996
2005-09-26,33.05299758911133,0.448386,1.5007506878930448,1.0,BULL,-0.03293469413311623
2005-09-27,32.97626495361328,0.445111,1.4897892428371113,1.0,BULL,-0.03517973921315276
2005-09-28,32.98477935791016,0.445305,1.4904385620251575,1.0,BULL,-0.034930624591296144
2005-09-29,33.4282341003418,0.463112,1.5500387000743192,1.0,BULL,-0.021956016313436244
2005-09-30,33.649940490722656,0.472167,1.5803458405266784,1.0,BULL,-0.015469326032221287
2005-10-03,33.7352180480957,0.475593,1.591812683507328,1.0,BULL,-0.012974273446379136
2005-10-04,33.51349258422852,0.466049,1.5598688570603576,1.0,BULL,-0.019461521780062108
2005-10-05,33.05299758911133,0.446676,1.4950273074210918,1.0,BULL,-0.03293469413311623
2005-10-06,32.618099212646484,0.428889,1.435494109494409,1.0,BULL,-0.04565896007368975
2005-10-07,32.69483947753906,0.431766,1.4451234461130105,1.0,BULL,-0.04341369177266596
2005-10-10,32.51577377319336,0.424521,1.420874386744999,1.0,BULL,-0.04865279995571292
2005-10-11,32.353759765625,0.418026,1.3991355819699498,1.0,BULL,-0.05339300923208523
2005-10-12,31.97001838684082,0.403003,1.3488535089698623,1.0,BULL,-0.06462052264738749
2005-10-13,32.21731948852539,0.41221,1.3796693943530618,1.0,BULL,-0.05738498175893891
2005-10-14,32.456085205078125,0.421225,1.409842654560463,1.0,BULL,-0.050399169350061945
2005-10-17,32.55841827392578,0.425056,1.422665035021312,1.0,BULL,-0.04740510624705141
2005-10-18,32.32816696166992,0.415882,1.3919596008402026,1.0,BULL,-0.05414180403407198
2005-10-19,32.97626495361328,0.440741,1.4751628260754537,1.0,BULL,-0.03517973921315276
2005-10-20,32.66925048828125,0.428269,1.4334189656975604,1.0,BULL,-0.04416237496415909
2005-10-21,32.87393951416016,0.436161,1.459833538027767,1.0,BULL,-0.038173579095175714
2005-10-24,33.394126892089844,0.456705,1.5285944318381774,1.0,BULL,-0.02295392573727939
2005-10-25,33.266212463378906,0.451286,1.510457005652497,1.0,BULL,-0.026696448810795803
2005-10-26,33.09564208984375,0.444177,1.4866631391173428,1.0,BULL,-0.031687000424454714
2005-10-27,32.430477142333984,0.417231,1.3964747121014103,1.0,BULL,-0.05114841059402342
2005-10-28,32.67778015136719,0.42662,1.4278997525991683,1.0,BULL,-0.043912813900328085
2005-10-31,33.14680099487305,0.444831,1.4888520811224055,1.0,BULL,-0.030190192093936696
2005-11-01,33.12124252319336,0.443635,1.4848490617981625,1.0,BULL,-0.0309379824014806
2005-11-02,33.556148529052734,0.460945,1.5427857378037215,1.0,BULL,-0.01821349323991983
2005-11-03,34.05926513671875,0.481506,1.611603530718239,1.0,BULL,-0.0034932968411662824
2005-11-04,34.17866134643555,0.486388,1.6279436146153585,1.0,BULL,0.0
2005-11-07,34.22128677368164,0.488026,1.6334260106463874,1.0,BULL,0.0
2005-11-08,34.22981643676758,0.488208,1.634035165760946,1.0,BULL,0.0
2005-11-09,34.24688720703125,0.488754,1.6358626311046223,1.0,BULL,0.0
2005-11-10,34.62208557128906,0.504634,1.6890130883529342,1.0,BULL,0.0
2005-11-11,34.715877532958984,0.508545,1.702103229303699,1.0,BULL,0.0
2005-11-14,34.715877532958984,0.508353,1.701460604127901,1.0,BULL,0.0
2005-11-15,34.55388641357422,0.501044,1.676997336367957,1.0,BULL,-0.0046661968786751995
2005-11-16,34.767051696777344,0.510126,1.7073948459856625,1.0,BULL,0.0
2005-11-17,35.2275505065918,0.530203,1.7745926879361886,1.0,BULL,0.0
2005-11-18,35.34693908691406,0.535392,1.7919603027133606,1.0,BULL,0.0
2005-11-21,35.432220458984375,0.539064,1.804250509200502,1.0,BULL,0.0
2005-11-22,35.56013107299805,0.544701,1.823117582721203,1.0,BULL,0.0
2005-11-23,35.64540100097656,0.548415,1.8355483634655498,1.0,BULL,0.0
2005-11-25,35.722145080566406,0.551752,1.8467173229011682,1.0,BULL,0.0
2005-11-28,35.423683166503906,0.537716,1.7997387449454183,1.0,BULL,-0.00835509495270681
2005-11-29,35.25313949584961,0.529746,1.7730631061375441,1.0,BULL,-0.013129267115930987
2005-11-30,35.16786193847656,0.525703,1.7595311603784178,1.0,BULL,-0.015516513379578267
2005-12-01,35.824485778808594,0.554951,1.8574243954916811,1.0,BULL,0.0
2005-12-02,35.9097785949707,0.558705,1.8699890564809862,1.0,BULL,0.0
2005-12-05,35.64540100097656,0.546153,1.827977435613177,1.0,BULL,-0.0073622730169427
2005-12-06,35.764793395996094,0.551432,1.8456462809415046,1.0,BULL,-0.004037485182237122
2005-12-07,35.696563720703125,0.548066,1.834380258328292,1.0,BULL,-0.005937515702127971
2005-12-08,35.440731048583984,0.536077,1.7942530019082659,1.0,BULL,-0.013061833426408542
2005-12-09,35.577186584472656,0.542068,1.814304915596845,1.0,BULL,-0.009261878616668162
2005-12-12,35.70509338378906,0.547713,1.8331987651665378,1.0,BULL,-0.005699985329631341
2005-12-13,35.850074768066406,0.55418,1.8548438537701166,1.0,BULL,-0.0016626063774355382
2005-12-14,35.73069763183594,0.548438,1.8356253446064008,1.0,BULL,-0.004986969291975729
2005-12-15,35.790382385253906,0.550982,1.8441401281857273,1.0,BULL,-0.003324894064747008
2005-12-16,35.543331146240234,0.539366,1.8052613050499344,1.0,BULL,-0.010204670233800672
2005-12-19,34.979156494140625,0.513479,1.718617357519264,1.0,BULL,-0.02591556220177904
2005-12-20,35.004817962646484,0.514415,1.7217501552512802,1.0,BULL,-0.025200952713502978
2005-12-21,35.15864944458008,0.521003,1.743800231595857,1.0,BULL,-0.020917120065335748
2005-12-22,35.38946914672852,0.531066,1.777481154221157,1.0,BULL,-0.014489352722298676
2005-12-23,35.38946914672852,0.530865,1.7768084059902431,1.0,BULL,-0.014489352722298676
2005-12-27,35.08170700073242,0.516815,1.7297829699487581,1.0,BULL,-0.023059779999708985
2005-12-28,35.03898620605469,0.514733,1.7228145031986961,1.0,BULL,-0.02424945023297842
2005-12-29,34.808197021484375,0.504366,1.6881160907117156,1.0,BULL,-0.030676367735684384
2005-12-30,34.543190002441406,0.492652,1.6489092609757758,1.0,BULL,-0.03805616870945261
2006-01-03,35.312538146972656,0.525378,1.7584433833881343,1.0,BULL,-0.016631693966547956
2006-01-04,35.68010711669922,0.541577,1.8126615355899858,1.0,BULL,-0.006395792100585385
2006-01-05,35.833953857421875,0.548369,1.8353944011838483,1.0,BULL,-0.002111534532252657
2006-01-06,36.48363876342773,0.577979,1.9344992525139815,1.0,BULL,0.0
2006-01-09,36.628944396972656,0.584656,1.9568472124035894,1.0,BULL,0.0
2006-01-10,36.65458679199219,0.585649,1.960170789484671,1.0,BULL,0.0
2006-01-11,36.93667984008789,0.598935,2.004639112847459,1.0,BULL,0.0
2006-01-12,36.75716400146485,0.589961,1.9746030798911394,1.0,BULL,-0.004860096776435507
2006-01-13,36.74008560180664,0.5889,1.9710519063936296,1.0,BULL,-0.00532246642449663
2006-01-17,36.50074005126953,0.577152,1.9317312784494756,1.0,BULL,-0.01180235448084932
2006-01-18,36.08184051513672,0.557047,1.8644397203274785,1.0,BULL,-0.023143372080329794
2006-01-19,36.346866607666016,0.569095,1.9047644501088175,1.0,BULL,-0.015968225486843624
2006-01-20,35.26124572753906,0.51787,1.7333140614095246,1.0,BULL,-0.045359629501145804
2006-01-23,35.26979064941406,0.518036,1.7338696644261002,1.0,BULL,-0.04512828976211147
2006-01-24,35.42364501953125,0.524602,1.7558461066359499,1.0,BULL,-0.04096293513946325
2006-01-25,35.26979064941406,0.517551,1.7322463664559846,1.0,BULL,-0.04512828976211147
2006-01-26,35.51770782470703,0.528251,1.7680593319822402,1.0,BULL,-0.03841633903003994
2006-01-27,35.99641036987305,0.549392,1.8388183884486482,1.0,BULL,-0.025456253087326908
2006-01-30,36.06475830078125,0.552294,1.8485314002203483,1.0,BULL,-0.023605845005060022
2006-01-31,35.9023551940918,0.544603,1.8227895761210557,1.0,BULL,-0.02800264264341179
2006-02-01,36.03056716918945,0.550211,1.8415595864641625,1.0,BULL,-0.024531513791204884
2006-02-02,35.41510009765625,0.521787,1.746424284397033,1.0,BULL,-0.04119427487849758
2006-02-03,34.979156494140625,0.502301,1.6812045230657608,1.0,BULL,-0.05299673263601612
2006-02-06,34.885108947753906,0.498041,1.6669462769777377,1.0,BULL,-0.05554291563876257
2006-02-07,34.73124694824219,0.491243,1.6441933293471316,1.0,BULL,-0.05970847681474922
2006-02-08,35.13301086425781,0.508086,1.7005669534928065,1.0,BULL,-0.0488313780133679
2006-02-09,34.79963684082031,0.49341,1.6514462916177293,1.0,BULL,-0.057856932689121066
2006-02-10,35.01333236694336,0.502292,1.6811744000106452,1.0,BULL,-0.052071476956548124
2006-02-13,34.61157989501953,0.48479,1.6225950988292879,1.0,BULL,-0.0629482659279218
2006-02-14,34.96206283569336,0.499313,1.6712036687674008,1.0,BULL,-0.053459515390754
2006-02-15,35.18431091308594,0.508625,1.702370989793615,1.0,BULL,-0.04744251336580829
2006-02-16,35.50914764404297,0.522498,1.748804005751161,1.0,BULL,-0.038648091875751134
2006-02-17,35.22703552246094,0.509825,1.7063873971423538,1.0,BULL,-0.04628581467063675
2006-02-21,34.83383560180664,0.492538,1.6485277022776457,1.0,BULL,-0.05693105734963766
2006-02-22,35.26979064941406,0.510822,1.7097243622479312,1.0,BULL,-0.04512828976211147
2006-02-23,35.175743103027344,0.506519,1.6953221948965782,1.0,BULL,-0.04767447276485792
2006-02-24,35.26979064941406,0.510366,1.7081981274554103,1.0,BULL,-0.04512828976211147
2006-02-27,35.66300964355469,0.527219,1.7646052216623247,1.0,BULL,-0.03448253069976448
2006-02-28,35.13301086425781,0.503488,1.6851774193348885,1.0,BULL,-0.0488313780133679
2006-03-01,35.61172103881836,0.523855,1.7533458930613597,1.0,BULL,-0.03587108551731644
2006-03-02,35.63737487792969,0.524764,1.7563883216280296,1.0,BULL,-0.03517654991686747
2006-03-03,35.43220520019531,0.515477,1.7253046757549142,1.0,BULL,-0.040731182293752055
2006-03-06,35.12448501586914,0.501829,1.6796247361752568,1.0,BULL,-0.049062201369056146
2006-03-07,34.91929626464844,0.492821,1.6494749050107234,1.0,BULL,-0.05461735012928692
2006-03-08,34.9364013671875,0.493335,1.6511952661584333,1.0,BULL,-0.054154257544541395
2006-03-09,34.63722610473633,0.480452,1.6080757862635966,1.0,BULL,-0.062253936880811156
2006-03-10,34.67142868041992,0.48167,1.6121524397225666,1.0,BULL,-0.061327958264658644
2006-03-13,34.77399826049805,0.48574,1.6257747546470396,1.0,BULL,-0.058551055182893164
2006-03-14,35.36381912231445,0.51025,1.707809874745032,1.0,BULL,-0.04258262314271111
2006-03-15,35.66300964355469,0.522983,1.750427303721276,1.0,BULL,-0.03448253069976448
2006-03-16,35.36381912231445,0.509598,1.7056276267522175,1.0,BULL,-0.04258262314271111
2006-03-17,35.457061767578125,0.513411,1.7183897611028351,1.0,BULL,-0.04005823151716836
2006-03-20,35.542606353759766,0.516907,1.7300908945121616,1.0,BULL,-0.03774225221009486
2006-03-21,35.166221618652344,0.500262,1.6743799775790285,1.0,BULL,-0.047932251331210485
2006-03-22,35.25175476074219,0.503696,1.68587359660867,1.0,BULL,-0.04561658185414463
2006-03-23,35.14912033081055,0.49908,1.6704238163405207,1.0,BULL,-0.048395240639286685
2006-03-24,35.328758239746094,0.506518,1.6953188478904542,1.0,BULL,-0.043531839009436246
2006-03-27,35.33730697631836,0.506669,1.6958242458151707,1.0,BULL,-0.04330039599373281
2006-03-28,35.1918830871582,0.500196,1.6741590751748479,1.0,BULL,-0.047237509177422976
2006-03-29,35.859100341796875,0.528433,1.768668487096799,1.0,BULL,-0.029173696795603776
2006-03-30,35.97031021118164,0.533125,1.7843726398303679,1.0,BULL,-0.02616287205807366
2006-03-31,35.8676643371582,0.528332,1.7683304394782802,1.0,BULL,-0.028941840673223473
2006-04-03,35.910430908203125,0.529996,1.7738998576685314,1.0,BULL,-0.027784005934690548
2006-04-04,36.1071662902832,0.538478,1.8022891636118676,1.0,BULL,-0.022457718273433014
2006-04-05,36.44934844970703,0.553556,1.8527553219487725,1.0,BULL,-0.013193697768470014
2006-04-06,36.55198287963867,0.557994,1.8676093351268583,1.0,BULL,-0.010415038983327962
2006-04-07,36.20127487182617,0.541691,1.8130430942881162,1.0,BULL,-0.01990988284397921
2006-04-10,36.14994430541992,0.539153,1.8045483927455332,1.0,BULL,-0.02129957370489255
2006-04-11,35.859100341796875,0.525907,1.7602139496277034,1.0,BULL,-0.029173696795603776
2006-04-12,35.8676643371582,0.526056,1.7607126535401718,1.0,BULL,-0.028941840673223473
2006-04-13,36.01307678222656,0.532226,1.7813636813249378,1.0,BULL,-0.025005037319540846
2006-04-17,35.63669967651367,0.515309,1.724742378726091,1.0,BULL,-0.035194829887317924
2006-04-18,36.32101821899414,0.544771,1.8233518731498795,1.0,BULL,-0.016668028197422413
2006-04-19,36.48357391357422,0.551849,1.8470419824951914,1.0,BULL,-0.012267099492302203
2006-04-20,36.355255126953125,0.545786,1.8267490843656877,1.0,BULL,-0.015741120091246952
2006-04-21,35.92753601074219,0.526284,1.7614757709364322,1.0,BULL,-0.02732091334994502
2006-04-24,35.893333435058594,0.524551,1.7556754093236284,1.0,BULL,-0.02824689196609753
2006-04-25,35.81632232666016,0.520945,1.743606105240668,1.0,BULL,-0.03033184136414413
2006-04-26,35.80776596069336,0.520343,1.7415912075540505,1.0,BULL,-0.030563490933186332
2006-04-27,36.14994430541992,0.535032,1.7907553805087388,1.0,BULL,-0.02129957370489255
2006-04-28,35.799224853515625,0.519225,1.7378492547074758,1.0,BULL,-0.030794727395551447
2006-05-01,35.44851303100586,0.503737,1.6860108238597518,1.0,BULL,-0.04028967453287191
2006-05-02,35.542606353759766,0.507526,1.6986926300633949,1.0,BULL,-0.03774225221009486
2006-05-03,35.49127578735352,0.505103,1.6905828342250662,1.0,BULL,-0.03913194307100798
2006-05-04,35.78213119506836,0.517299,1.7314029209127493,1.0,BULL,-0.031257510150289214
2006-05-05,36.06440734863281,0.529313,1.7716138524858742,1.0,BULL,-0.023615346458627506
2006-05-08,36.09862518310547,0.530585,1.7758712442755373,1.0,BULL,-0.022688954735798128
2006-05-09,35.96175765991211,0.524313,1.7548788218661286,1.0,BULL,-0.026394418350446425
2006-05-10,35.64525604248047,0.510235,1.707759669653173,1.0,BULL,-0.034963180318275944
2006-05-11,34.84973907470703,0.475848,1.592666170068935,1.0,BULL,-0.05650049691569392
2006-05-12,34.37923812866211,0.456364,1.5274531027499105,1.0,BULL,-0.06923853801960167
2006-05-15,34.35356903076172,0.45514,1.523356367254197,1.0,BULL,-0.06993348672672761
2006-05-16,34.09696960449219,0.444739,1.4885441565590023,1.0,BULL,-0.07688049515792506
2006-05-17,33.635005950927734,0.426466,1.4273843136560802,1.0,BULL,-0.0893874030761369
2006-05-18,33.40403747558594,0.417491,1.397344933693637,1.0,BULL,-0.09564049556690057
2006-05-19,33.660667419433594,0.426929,1.4289339774914687,1.0,BULL,-0.08869266092234951
2006-05-22,33.33560562133789,0.414372,1.3869056215930398,1.0,BULL,-0.09749317573589011
2006-05-23,33.01055145263672,0.402067,1.345720711237846,1.0,BULL,-0.1062934839960924
2006-05-24,33.23297500610352,0.410016,1.3723260629171175,1.0,BULL,-0.10027173124436284
2006-05-25,33.66923522949219,0.425982,1.4257643626920888,1.0,BULL,-0.08846070152329988
2006-05-26,33.780460357666016,0.430015,1.4392628383899755,1.0,BULL,-0.0854494636790929
2006-05-30,33.05332565307617,0.402056,1.3456838941704825,1.0,BULL,-0.10513544270422104
2006-05-31,33.20730209350586,0.407497,1.3638949544908896,1.0,BULL,-0.10096678322815811
2006-06-01,33.99430084228516,0.436288,1.4602586078055084,1.0,BULL,-0.07966008343308983
2006-06-02,33.90876388549805,0.432803,1.4485942914635457,1.0,BULL,-0.08197585618682501
2006-06-05,33.17308044433594,0.404441,1.353666503776101,1.0,BULL,-0.1018932782276567
2006-06-06,33.14744567871094,0.403323,1.349924550929526,1.0,BULL,-0.10258729744475958
2006-06-07,32.899356842041016,0.394088,1.319014949374856,1.0,BULL,-0.10930389562694565
2006-06-08,32.848052978515625,0.392069,1.3122573440106027,1.0,BULL,-0.11069286355117447
2006-06-09,32.634178161621094,0.384235,1.2860368980355854,1.0,BULL,-0.11648317328720037
2006-06-12,31.99261283874512,0.361402,1.2096147072074555,1.0,BULL,-0.1338525017069051
2006-06-13,31.86430549621582,0.356891,1.194516362582321,1.0,BULL,-0.1373262124758423
2006-06-14,32.189361572265625,0.367654,1.2305401894943853,1.0,BULL,-0.12852585257730542
2006-06-15,33.06187438964844,0.397387,1.330056722577764,1.0,BULL,-0.1049039996885176
2006-06-16,32.81880187988281,0.388445,1.3001277938174112,1.0,BULL,-0.11148478905069015
2006-06-19,32.553428649902344,0.378849,1.2680099230519954,1.0,BULL,-0.11866933382107459
2006-06-20,32.596221923828125,0.380172,1.2724380121539802,1.0,BULL,-0.11751077614585725
2006-06-21,33.10982894897461,0.397972,1.3320147211602742,1.0,BULL,-0.10360570867985663
2006-06-22,32.69038391113281,0.382669,1.2807954864454811,1.0,BULL,-0.11496149484303442
2006-06-23,32.6561393737793,0.381293,1.276190006018927,1.0,BULL,-0.11588860950254831
2006-06-26,32.741729736328125,0.384117,1.2856419513129593,1.0,BULL,-0.11357139087544432
2006-06-27,32.12543869018555,0.362251,1.2124563154066883,1.0,BULL,-0.1302564597232867
2006-06-28,32.365116119384766,0.370193,1.239038238043092,1.0,BULL,-0.12376758659671261
2006-06-29,33.34950637817383,0.403803,1.3515311138690216,1.0,BULL,-0.09711683555328254
2006-06-30,33.18687438964844,0.397712,1.3311444995680477,1.0,BULL,-0.10151982979178698
2006-07-03,33.383731842041016,0.404607,1.3542221067926767,1.0,BULL,-0.09619023727711473
2006-07-05,32.6561393737793,0.377968,1.2650612106567964,1.0,BULL,-0.11588860950254831
2006-07-06,32.62192153930664,0.376607,1.2605059353221018,1.0,BULL,-0.11681500122537769
2006-07-07,32.26239776611328,0.363984,1.218256677019492,1.0,BULL,-0.12654851746857732
2006-07-10,31.97991371154785,0.354257,1.1857003484518391,1.0,BULL,-0.1341963097387111
2006-07-11,32.2195930480957,0.362059,1.21181369023089,1.0,BULL,-0.1277073849738023
2006-07-12,31.6118278503418,0.341404,1.1426812787407212,1.0,BULL,-0.14416163046595631
2006-07-13,31.081100463867188,0.324051,1.0846006814718323,1.0,BULL,-0.15853020362337933
2006-07-14,30.76439094543457,0.313996,1.050946534895524,1.0,BULL,-0.16710459416968093
2006-07-17,30.841432571411133,0.316211,1.0583601534600713,1.0,BULL,-0.16501881855828038
2006-07-18,30.94415855407715,0.319223,1.068441335905406,1.0,BULL,-0.16223768113307724
2006-07-19,31.346485137939453,0.331526,1.1096195522483518,1.0,BULL,-0.15134534902298724
2006-07-20,30.88423538208008,0.316706,1.0600169214914261,1.0,BULL,-0.1638600026913899
2006-07-21,30.5589542388916,0.306553,1.0260347683149709,1.0,BULL,-0.17266645591341034
2006-07-24,31.166719436645508,0.324702,1.0867795824585231,1.0,BULL,-0.15621221042125621
2006-07-25,31.346485137939453,0.330169,1.1050776649381528,1.0,BULL,-0.15134534902298724
2006-07-26,31.32080078125,0.329204,1.101847804028542,1.0,BULL,-0.15204071083678994
2006-07-27,31.11536026000977,0.322574,1.0796571534267596,1.0,BULL,-0.15760267585718857
2006-07-28,31.76590156555176,0.342658,1.1468784244201535,1.0,BULL,-0.13999033743482847
2006-07-31,31.75735092163086,0.342224,1.1454258237623594,1.0,BULL,-0.14022183208886663
2006-08-01,31.226646423339844,0.324907,1.0874657187139327,1.0,BULL,-0.15458978558627423
2006-08-02,31.57758903503418,0.335711,1.1236267728770788,1.0,BULL,-0.1450885902104665
2006-08-03,31.77446746826172,0.341835,1.1441238383801433,1.0,BULL,-0.13975842967411356
2006-08-04,31.628963470458984,0.336981,1.1278774706544943,1.0,BULL,-0.14369771166785728
2006-08-07,31.423524856567383,0.330258,1.1053755484831844,1.0,BULL,-0.1492596250499214
2006-08-08,31.226646423339844,0.323897,1.0840852425287442,1.0,BULL,-0.15458978558627423
2006-08-09,31.269441604614254,0.32508,1.088044750773376,1.0,BULL,-0.1534311762727224
2006-08-10,31.49199676513672,0.331871,1.1107742693611145,1.0,BULL,-0.1474058604759051
2006-08-11,31.269441604614254,0.324682,1.0867126423360443,1.0,BULL,-0.1534311762727224
2006-08-14,31.47488021850586,0.330932,1.1076314306107262,1.0,BULL,-0.14786926289065816
2006-08-15,32.27095031738281,0.355888,1.19115931544,1.0,BULL,-0.12631697117620455
2006-08-16,33.03278350830078,0.380929,1.2749716957898098,1.0,BULL,-0.1056915875679264
2006-08-17,33.15263366699219,0.384899,1.2882593101018875,1.0,BULL,-0.10244684117463165
2006-08-18,33.2039794921875,0.386509,1.2936479899614457,1.0,BULL,-0.10105673720704156
2006-08-21,32.88727188110352,0.375271,1.2560343351405057,1.0,BULL,-0.10963107611500833
2006-08-22,32.89582061767578,0.375389,1.2564292818631315,1.0,BULL,-0.109399633099305
2006-08-23,32.6475715637207,0.366717,1.227404044756245,1.0,BULL,-0.11612056890159783
2006-08-24,32.741729736328125,0.36972,1.237455104146464,1.0,BULL,-0.11357139087544432
2006-08-25,32.801666259765625,0.371579,1.2436771885308855,1.0,BULL,-0.1119487078487893
2006-08-28,33.04990768432617,0.379843,1.2713368471392008,1.0,BULL,-0.10522797859983479
2006-08-29,33.15263366699219,0.38321,1.2826062167585375,1.0,BULL,-0.10244684117463165
2006-08-30,33.30670547485352,0.388377,1.2999001974009825,1.0,BULL,-0.0982755997818382
2006-08-31,33.27245330810547,0.387,1.2952913699683049,1.0,BULL,-0.09920292099469064
2006-09-01,33.452232360839844,0.393096,1.3156947192998985,1.0,BULL,-0.0943356981280794
2006-09-05,33.77751159667969,0.404385,1.35347907143316,1.0,BULL,-0.08552929654439367
2006-09-06,33.101261138916016,0.379913,1.2715711375678773,1.0,BULL,-0.10383766807890626
2006-09-07,32.94719314575195,0.374437,1.2532429320331322,1.0,BULL,-0.1080088061950304
2006-09-08,33.14406204223633,0.38098,1.275142393102131,1.0,BULL,-0.1026789038503505
2006-09-11,33.34950637817383,0.387893,1.2982802464369911,1.0,BULL,-0.09711683555328254
2006-09-12,33.965824127197266,0.409224,1.3696752340669496,1.0,BULL,-0.08043104376875565
2006-09-13,34.19694519042969,0.417394,1.3970202740996138,1.0,BULL,-0.07417382021122354
2006-09-14,34.231170654296875,0.418459,1.4005848356216197,1.0,BULL,-0.07324722193505573
2006-09-15,34.35364532470703,0.422762,1.4149870029729728,1.0,BULL,-0.06993142119334328
2006-09-18,34.362205505371094,0.422887,1.4154053787384664,1.0,BULL,-0.0696996683476322
2006-09-19,34.13095474243164,0.414158,1.3861893622825148,1.0,BULL,-0.07596040331191756
2006-09-20,34.62771987915039,0.432055,1.446090730882832,1.0,BULL,-0.06251130234048685
2006-09-21,34.41361999511719,0.423847,1.4186185046174573,1.0,BULL,-0.0683077053999962
2006-09-22,34.14808654785156,0.413845,1.3851417493657185,1.0,BULL,-0.07549658779048762
2006-09-25,34.74762725830078,0.435458,1.4574805927226306,1.0,BULL,-0.05926500679715396
2006-09-26,34.91893005371094,0.441703,1.4783826459666929,1.0,BULL,-0.054627264689531274
2006-09-27,34.876121520996094,0.439882,1.4722877478149814,1.0,BULL,-0.05578623547142547
2006-09-28,34.97032165527344,0.44325,1.4835604644404419,1.0,BULL,-0.05323592140191058
2006-09-29,34.81616973876953,0.43719,1.4632776073293106,1.0,BULL,-0.05740933160475725
2006-10-02,34.37934494018555,0.420539,1.407546608359434,1.0,BULL,-0.06923564627286383
2006-10-03,34.52493667602539,0.425693,1.4247970779222674,1.0,BULL,-0.06529398891572824
2006-10-04,35.37287902832031,0.456867,1.5291366468302572,1.0,BULL,-0.0423373410533332
2006-10-05,35.54417419433594,0.463298,1.5506612432133737,1.0,BULL,-0.03769980549904883
2006-10-06,35.467079162597656,0.460075,1.5398738424758858,1.0,BULL,-0.03978702698381831
2006-10-09,35.586997985839844,0.464534,1.5547981427825748,1.0,BULL,-0.03654042161047777
2006-10-10,35.64694595336914,0.46667,1.5619473478633301,1.0,BULL,-0.034917428753815205
2006-10-11,35.57843017578125,0.463766,1.552227642079382,1.0,BULL,-0.0367723810095274
2006-10-12,36.143699645996094,0.485657,1.6254969531387518,1.0,BULL,-0.02146863761239215
2006-10-13,36.34070587158203,0.493375,1.651329146403391,1.0,BULL,-0.01613501730762057
2006-10-16,36.37495422363281,0.494543,1.6552384495561636,1.0,BULL,-0.01520779937143757
2006-10-17,35.972415924072266,0.477896,1.5995208386107829,1.0,BULL,-0.026105863336668866
2006-10-18,35.80110549926758,0.470847,1.5759277924430657,1.0,BULL,-0.03074381199762999
2006-10-19,35.88677978515625,0.47401,1.5865143728131166,1.0,BULL,-0.028424321283803344
2006-10-20,35.972415924072266,0.477184,1.597137770250531,1.0,BULL,-0.026105863336668866
2006-10-23,36.34070587158203,0.491619,1.6454518036497363,1.0,BULL,-0.01613501730762057
2006-10-24,36.09231948852539,0.48131,1.610947517517945,1.0,BULL,-0.022859671070005194
2006-10-25,36.34070587158203,0.491023,1.6434569879998626,1.0,BULL,-0.01613501730762057
2006-10-26,36.67472839355469,0.504334,1.6880089865157493,1.0,BULL,-0.007091905598101578
2006-10-27,36.15228271484375,0.482547,1.6150877640932702,1.0,BULL,-0.021236265106665653
2006-10-30,36.38351821899414,0.491584,1.6453346584353983,1.0,BULL,-0.014975943249057155
2006-10-31,36.46917343139648,0.494829,1.6561956933076132,1.0,BULL,-0.012656968918576816
2006-11-01,35.972415924072266,0.47438,1.5877527650789778,1.0,BULL,-0.026105863336668866
2006-11-02,36.006675720214844,0.475517,1.591558311041908,1.0,BULL,-0.025178335570478105
2006-11-03,35.91246032714844,0.471564,1.5783275958339371,1.0,BULL,-0.027729062746669864
2006-11-06,36.43491744995117,0.491927,1.6464826815359128,1.0,BULL,-0.013584393408098028
2006-11-07,36.68330383300781,0.501761,1.6793971397588283,1.0,BULL,-0.006859739645713514
2006-11-08,36.85458755493164,0.508557,1.7021433933771866,1.0,BULL,-0.0022225139214367973
2006-11-09,36.68330383300781,0.501231,1.6776232265131352,1.0,BULL,-0.006859739645713514
2006-11-10,36.85458755493164,0.50802,1.700346051088626,1.0,BULL,-0.0022225139214367973
2006-11-13,37.23144912719727,0.52337,1.7517225950912445,1.0,BULL,0.0
2006-11-14,37.62542724609375,0.539743,1.8065231263586632,1.0,BULL,0.0
2006-11-15,37.77960586547852,0.546128,1.8278937604600782,1.0,BULL,0.0
2006-11-16,37.94233703613281,0.552933,1.850670137133552,1.0,BULL,0.0
2006-11-17,37.94233703613281,0.552677,1.8498133035658209,1.0,BULL,0.0
2006-11-20,38.01940155029297,0.55579,1.8602325336296746,1.0,BULL,0.0
2006-11-21,38.07079315185547,0.557788,1.8669198518653247,1.0,BULL,0.0
2006-11-22,38.31062316894531,0.568073,1.9013438098501416,1.0,BULL,0.0
2006-11-24,38.24209213256836,0.564764,1.890268566585994,1.0,BULL,-0.001788825936731464
2006-11-27,37.37704849243164,0.52618,1.7611276822995414,1.0,BULL,-0.02436855888239453
2006-11-28,37.488407135009766,0.530641,1.7760586766184787,1.0,BULL,-0.02146182875464253
2006-11-29,37.74534606933594,0.541309,1.8117645379487677,1.0,BULL,-0.014755100618347283
2006-11-30,37.71965026855469,0.539956,1.8072360386630644,1.0,BULL,-0.015425823218393142
2006-12-01,37.3941650390625,0.525731,1.7596248765498883,1.0,BULL,-0.023921775582749993
2006-12-04,37.9080810546875,0.547167,1.8313712998228613,1.0,BULL,-0.010507323581833927
2006-12-05,38.04510498046875,0.552851,1.850395682631388,1.0,BULL,-0.006930667436696569
2006-12-06,37.9080810546875,0.546626,1.8295605695098047,1.0,BULL,-0.010507323581833927
2006-12-07,37.42844009399414,0.52563,1.7592868289313697,1.0,BULL,-0.023027113682302924
2006-12-08,37.5997314453125,0.532608,1.7826422376642863,1.0,BULL,-0.018555994782383567
2006-12-11,37.73678207397461,0.538192,1.8013319198604183,1.0,BULL,-0.014978641627418354
2006-12-12,37.51407623291016,0.528421,1.7686283230233115,1.0,BULL,-0.020791803164424416
2006-12-13,37.58259963989258,0.531078,1.7775213182946443,1.0,BULL,-0.019003176373358244
2006-12-14,38.00229644775391,0.54863,1.8362679697821989,1.0,BULL,-0.008048073763554209
2006-12-15,38.10005569458008,0.552618,1.8496158302045083,1.0,BULL,-0.005496320783837327
2006-12-18,37.72272872924805,0.53595,1.7938279321305244,1.0,BULL,-0.015345467942526558
2006-12-19,37.6026725769043,0.53059,1.775887979306157,1.0,BULL,-0.01847922412848879
2006-12-20,37.46548080444336,0.524542,1.7556452862685128,1.0,BULL,-0.022060261478258236
2006-12-21,37.19964599609375,0.513139,1.7174793754371214,1.0,BULL,-0.028999193460056305
2006-12-22,36.813743591308594,0.496936,1.6632478352107738,1.0,BULL,-0.03907218034631432
2006-12-26,36.96811294555664,0.502962,1.6834168941136913,1.0,BULL,-0.03504276653157956
2006-12-27,37.156768798828125,0.510434,1.708425723871839,1.0,BULL,-0.030118392097900015
2006-12-28,36.9766731262207,0.502779,1.6828043919930085,1.0,BULL,-0.034819325095341025
2006-12-29,37.01097869873047,0.503948,1.6867170421519049,1.0,BULL,-0.033923866612233566
2007-01-03,37.07959365844727,0.50652,1.695325541902702,1.0,BULL,-0.03213285007318589
2007-01-04,37.78275680541992,0.535104,1.7909963649496634,1.0,BULL,-0.013778589849545497
2007-01-05,37.6026725769043,0.527207,1.7645650575888372,1.0,BULL,-0.01847922412848879
2007-01-08,37.62841033935547,0.528047,1.7673765427329546,1.0,BULL,-0.01780740622728494
2007-01-09,37.81705093383789,0.535745,1.7931417958751148,1.0,BULL,-0.012883430084935643
2007-01-10,38.26296615600586,0.554449,1.8557441984174587,1.0,BULL,-0.0012439633970267039
2007-01-11,38.65742874145508,0.57134,1.912278478857083,1.0,BULL,0.0
2007-01-12,38.85467529296875,0.579821,1.9406644377942956,1.0,BULL,0.0
2007-01-16,38.828948974609375,0.578401,1.9359116890982881,1.0,BULL,-0.000662116416245806
2007-01-17,38.511661529541016,0.563953,1.8875541446194712,1.0,BULL,-0.008828120704686637
2007-01-18,37.79990768432617,0.532423,1.7820230415313558,1.0,BULL,-0.027146478530305718
2007-01-19,37.877071380615234,0.535435,1.7921042239766904,1.0,BULL,-0.02516052199593144
2007-01-22,37.46548080444336,0.517731,1.7328488275582956,1.0,BULL,-0.035753599227138166
2007-01-23,37.37113571166992,0.513579,1.7189520581316589,1.0,BULL,-0.03818175213440256
2007-01-24,37.98857498168945,0.538795,1.8033501645531596,1.0,BULL,-0.02229076178732159
2007-01-25,37.49976348876953,0.517745,1.732895685644031,1.0,BULL,-0.03487126823176434
2007-01-26,37.3625602722168,0.511821,1.7130680213657563,1.0,BULL,-0.03840245760648453
2007-01-29,37.396854400634766,0.512992,1.7169873655369008,1.0,BULL,-0.03751983207533838
2007-01-30,37.41402053833008,0.51346,1.718553764402909,1.0,BULL,-0.03707802841681129
2007-01-31,37.79133605957031,0.528756,1.7697495700748345,1.0,BULL,-0.027367085823796877
2007-02-01,37.73130798339844,0.52599,1.760491751135991,1.0,BULL,-0.02891202412837046
2007-02-02,37.86851119995117,0.531483,1.7788768557748438,1.0,BULL,-0.025380834753650272
2007-02-05,37.83419799804688,0.52979,1.7732103744069978,1.0,BULL,-0.026263951177750156
2007-02-06,37.78275680541992,0.527382,1.7651507836605285,1.0,BULL,-0.027587889474469662
2007-02-07,38.125755310058594,0.541499,1.8124004691123177,1.0,BULL,-0.018760161484146165
2007-02-08,38.11717224121094,0.54088,1.8103286723215934,1.0,BULL,-0.018981063313409652
2007-02-09,37.62841033935547,0.51982,1.739840723351225,1.0,BULL,-0.03156029343617217
2007-02-12,37.48262405395508,0.513535,1.718804789862205,1.0,BULL,-0.03531238464015585
2007-02-13,37.61125564575195,0.518582,1.735697129769776,1.0,BULL,-0.03200180255892682
2007-02-14,38.24582290649414,0.544588,1.8227393710291966,1.0,BULL,-0.01566999033922667
2007-02-15,38.46879196166992,0.553858,1.8537661177982048,1.0,BULL,-0.009931451707914762
2007-02-16,38.34015274047852,0.548042,1.834299930181317,1.0,BULL,-0.013242230146325196
2007-02-20,38.6317138671875,0.560288,1.8752873671751977,1.0,BULL,-0.005738342274130281
2007-02-21,38.75176239013672,0.565248,1.891888517549985,1.0,BULL,-0.0026486620221648494
2007-02-22,38.94902420043945,0.573615,1.9198929177890673,1.0,BULL,0.0
2007-02-23,38.811790466308594,0.567282,1.8986963280060976,1.0,BULL,-0.0035234190572946966
2007-02-26,38.62312698364258,0.558743,1.8701162427136964,1.0,BULL,-0.00836727552196792
2007-02-27,37.03670120239258,0.489633,1.6388046494875734,1.0,BULL,-0.049098097765060245
2007-02-28,37.156768798828125,0.494166,1.6539766282474349,1.0,BULL,-0.04601541215482119
2007-03-01,36.98527145385742,0.487094,1.6303066009388667,1.0,BULL,-0.05041853517243888
2007-03-02,36.4278564453125,0.464845,1.555839061687123,1.0,BULL,-0.064729933724463
2007-03-05,36.14487075805664,0.453796,1.5188579910236093,1.0,BULL,-0.07199547356955793
2007-03-06,36.74513244628906,0.476194,1.5938242341878215,1.0,BULL,-0.05658400433368305
2007-03-07,36.59935760498047,0.470306,1.5741170621300091,1.0,BULL,-0.06032671276607937
2007-03-08,36.848052978515625,0.479676,1.6054785095114121,1.0,BULL,-0.05394156246666948
2007-03-09,36.813743591308594,0.478115,1.6002538329519278,1.0,BULL,-0.05482244171618467
2007-03-12,37.053855895996094,0.487249,1.6308253868880789,1.0,BULL,-0.04865765814030265
2007-03-13,36.333534240722656,0.458608,1.5349637844920525,1.0,BULL,-0.06715161710488471
2007-03-14,36.86520004272461,0.47853,1.6016428404933667,1.0,BULL,-0.05350131872344399
2007-03-15,36.77943420410156,0.474971,1.5897308456982315,1.0,BULL,-0.055703320965699854
2007-03-16,36.75115585327149,0.473658,1.5853362266574866,1.0,BULL,-0.05642935586414932
2007-03-19,37.128684997558594,0.488038,1.6334661747198747,1.0,BULL,-0.04673645207420418
2007-03-20,37.39469909667969,0.498304,1.6678265395883363,1.0,BULL,-0.03990665069709831
2007-03-21,38.11546325683594,0.526889,1.7635007096414217,1.0,BULL,-0.021401330603658897
2007-03-22,37.978172302246094,0.520953,1.7436328812896595,1.0,BULL,-0.02492621877244372
2007-03-23,37.85805130004883,0.51577,1.726285348549231,1.0,BULL,-0.02801027555340696
2007-03-26,38.01251220703125,0.521845,1.7466184107522222,1.0,BULL,-0.024044555996800443
2007-03-27,37.74648666381836,0.510649,1.709145330188488,1.0,BULL,-0.030874651196204472
2007-03-28,37.34318542480469,0.494047,1.653578334518685,1.0,BULL,-0.041229242801329224
2007-03-29,37.38609313964844,0.495523,1.6585185155576336,1.0,BULL,-0.04012760506522217
2007-03-30,37.35177612304688,0.493932,1.6531934288144305,1.0,BULL,-0.04100868019626924
2007-04-02,37.40325546264648,0.495747,1.6592682449293983,1.0,BULL,-0.039686969558932805
2007-04-03,37.892372131347656,0.514968,1.723601049637824,1.0,BULL,-0.027129102481593725
2007-04-04,38.04681015014648,0.521029,1.7438872537550796,1.0,BULL,-0.023163970569583525
2007-04-05,38.23559188842773,0.528546,1.769046698788805,1.0,BULL,-0.018317077941163884
2007-04-09,38.14120101928711,0.52439,1.7551365413376727,1.0,BULL,-0.020740524255373538
2007-04-10,38.33856964111328,0.532291,1.7815812367229944,1.0,BULL,-0.015673166962659968
2007-04-11,37.93526840209961,0.515249,1.7245415583586536,1.0,BULL,-0.02602775856778472
2007-04-12,38.23559188842773,0.527251,1.764712325858291,1.0,BULL,-0.018317077941163884
2007-04-13,38.31282806396485,0.530206,1.7746027289545605,1.0,BULL,-0.016334071251711157
2007-04-16,38.66464614868164,0.544571,1.8226824719250896,1.0,BULL,-0.007301288224689451
2007-04-17,38.75042724609375,0.547947,1.8339819645995417,1.0,BULL,-0.0050988942193694875
2007-04-18,38.62172317504883,0.542239,1.8148772536440403,1.0,BULL,-0.008403317723860493
2007-04-19,38.74185562133789,0.547052,1.8309863941186073,1.0,BULL,-0.005318967120599316
2007-04-20,38.95639419555664,0.555893,1.8605772752604413,1.0,BULL,0.0
2007-04-23,39.01643753051758,0.558211,1.8683356354557554,1.0,BULL,0.0
2007-04-24,39.21380233764648,0.566429,1.895841331782369,1.0,BULL,0.0
2007-04-25,39.73722076416016,0.588855,1.970901291118052,1.0,BULL,0.0
2007-04-26,39.94314193725586,0.597744,2.000652828553836,1.0,BULL,0.0
2007-04-27,39.9603157043457,0.598246,2.002333025628058,1.0,BULL,0.0
2007-04-30,39.4368782043457,0.574471,1.9227579550311678,1.0,BULL,-0.013098933048296124
2007-05-01,39.40258026123047,0.572715,1.9168806122775133,1.0,BULL,-0.013957233152053883
2007-05-02,39.83159637451172,0.591167,1.978639569276622,1.0,BULL,-0.0032211790013457753
2007-05-03,39.97747421264648,0.597398,1.999494764434949,1.0,BULL,0.0
2007-05-04,40.01180267333984,0.59867,2.0037521562246123,1.0,BULL,0.0
2007-05-07,40.01180267333984,0.598404,2.002861852595642,1.0,BULL,0.0
2007-05-08,40.09761047363281,0.601986,2.014850828531628,1.0,BULL,0.0
2007-05-09,40.18341445922852,0.605583,2.0268900095594726,1.0,BULL,0.0
2007-05-10,39.63424301147461,0.580485,1.942886849860598,1.0,BULL,-0.013666619801836921
2007-05-11,40.1405029296875,0.602472,2.0164774735078668,1.0,BULL,-0.0010678915696564761
2007-05-14,39.86592864990234,0.589842,1.9742047861623895,1.0,BULL,-0.007900916674174585
2007-05-15,39.55702972412109,0.575871,1.9274437636046968,1.0,BULL,-0.015588141115857379
2007-05-16,39.94314193725586,0.592483,1.983044229335739,1.0,BULL,-0.005979395360154127
2007-05-17,39.75436019897461,0.583822,1.954055809296216,1.0,BULL,-0.010677396782427406
2007-05-18,40.08043670654297,0.59793,2.00127537169289,1.0,BULL,-0.0025626929436282087
2007-05-21,40.337867736816406,0.609187,2.038952619630185,1.0,BULL,0.0
2007-05-22,40.3721809387207,0.610468,2.043240134474964,1.0,BULL,0.0
2007-05-23,40.18341445922852,0.601632,2.0136659883637495,1.0,BULL,-0.004675657224926799
2007-05-24,39.6085205078125,0.57554,1.9263359045776696,1.0,BULL,-0.018915510957095205
2007-05-25,39.85735321044922,0.586131,1.9617840464364145,1.0,BULL,-0.01275204153704057
2007-05-29,40.16625595092773,0.5995,2.00653017130749,1.0,BULL,-0.0051006654335949975
2007-05-30,40.49232864379883,0.613835,2.0545095040943004,1.0,BULL,0.0
2007-05-31,40.68107986450195,0.622153,2.082349901033309,1.0,BULL,0.0
2007-06-01,40.70682907104492,0.623061,2.085388982593855,1.0,BULL,0.0
2007-06-04,40.82696914672852,0.628306,2.102944029713968,1.0,BULL,0.0
2007-06-05,40.82696914672852,0.628028,2.1020135620115106,1.0,BULL,0.0
2007-06-06,40.38933944702149,0.607557,2.0334969996481482,1.0,BULL,-0.010719132692270872
2007-06-07,39.76295852661133,0.579023,1.937993526907384,1.0,BULL,-0.026061464819816416
2007-06-08,40.25205993652344,0.600137,2.008662214208446,1.0,BULL,-0.014081603954947286
2007-06-11,40.17483139038086,0.596422,1.996228086457975,1.0,BULL,-0.015973210110305724
2007-06-12,39.93458557128906,0.585464,1.9595515933517405,1.0,BULL,-0.02185769833249962
2007-06-13,40.3721809387207,0.604459,2.0231279746761537,1.0,BULL,-0.01113940656171053
2007-06-14,40.63818740844727,0.616149,2.0622544762651187,1.0,BULL,-0.004623946921036071
2007-06-15,41.0134391784668,0.632958,2.1185143022025796,1.0,BULL,0.0
2007-06-18,41.02203750610352,0.633091,2.1189594540170646,1.0,BULL,0.0
2007-06-19,41.0134391784668,0.632422,2.1167203069201426,1.0,BULL,-0.00020960264675895512
2007-06-20,40.62702560424805,0.614272,2.0559721457704665,1.0,BULL,-0.00962926090145333
2007-06-21,40.99628448486328,0.630756,2.1111441947176433,1.0,BULL,-0.0006277850347246039
2007-06-22,40.60986709594727,0.612647,2.050533260819049,1.0,BULL,-0.010047536280832547
2007-06-25,40.43811798095703,0.604606,2.0236199845763743,1.0,BULL,-0.014234288705421094
2007-06-26,40.206241607666016,0.593939,1.987917470252209,1.0,BULL,-0.019886771794699998
2007-06-27,40.82453536987305,0.62108,2.0787585634623116,1.0,BULL,-0.004814537459312929
2007-06-28,40.8073616027832,0.620024,2.0752241249954215,1.0,BULL,-0.005233184804347646
2007-06-29,40.87606048583984,0.622883,2.084793215503792,1.0,BULL,-0.0035585024327952075
2007-07-02,41.24531555175781,0.639486,2.140363558179719,1.0,BULL,0.0
2007-07-03,41.485782623291016,0.650382,2.176832536906269,1.0,BULL,0.0
2007-07-05,41.786319732666016,0.664224,2.223161795673972,1.0,BULL,0.0
2007-07-06,41.95805740356445,0.672115,2.2495730209980547,1.0,BULL,0.0
2007-07-09,41.98383712768555,0.673052,2.252709165736195,1.0,BULL,0.0
2007-07-10,41.63175201416016,0.655815,2.1950168211776844,1.0,BULL,-0.008386206159636811
2007-07-11,41.91512298583984,0.668911,2.2388492133769216,1.0,BULL,-0.001636680840694238
2007-07-12,42.559200286865234,0.699445,2.3410466983655835,1.0,BULL,0.0
2007-07-13,42.85118103027344,0.713525,2.388172544590787,1.0,BULL,0.0
2007-07-16,42.8082275390625,0.711058,2.3799154804830045,1.0,BULL,-0.0010023875696819617
2007-07-17,43.13454818725586,0.726998,2.4332667580987537,1.0,BULL,0.0
2007-07-18,43.08301162719727,0.724064,2.4234466421310867,1.0,BULL,-0.001194786133724035
2007-07-19,43.211822509765625,0.730231,2.444087628897481,1.0,BULL,0.0
2007-07-20,42.97998046875,0.718147,2.40364240689568,1.0,BULL,-0.005365245609884384
2007-07-23,42.99715042114258,0.718681,2.405429708165869,1.0,BULL,-0.004967901748983872
2007-07-24,42.36168670654297,0.686488,2.297679540017575,1.0,BULL,-0.019673685437139987
2007-07-25,42.42179489135742,0.689099,2.3064185730072064,1.0,BULL,-0.018282672947424583
2007-07-26,42.06113052368164,0.671215,2.2465607154865004,1.0,BULL,-0.02662910100179028
2007-07-27,41.21095657348633,0.630216,2.109336811410711,1.0,BULL,-0.04630366922911233
2007-07-30,41.69186019897461,0.651999,2.1822446458086944,1.0,BULL,-0.035174686521206366
2007-07-31,40.8159408569336,0.61061,2.0437154093445646,1.0,BULL,-0.05544504984233356
2007-08-01,41.13368606567383,0.624599,2.090536678012489,1.0,BULL,-0.048091849021691946
2007-08-02,41.511531829833984,0.641533,2.147214879715443,1.0,BULL,-0.03934781226937112
2007-08-03,40.72148513793945,0.60462,2.02366684266211,1.0,BULL,-0.057630926611886624
2007-08-06,41.19380187988281,0.62539,2.0931841598565324,1.0,BULL,-0.04670065997394002
2007-08-07,41.485782623291016,0.638407,2.136752138571978,1.0,BULL,-0.03994369564219458
2007-08-08,41.94091033935547,0.659131,2.2061154934846994,1.0,BULL,-0.029411214260239515
2007-08-09,40.97052383422852,0.613087,2.0520059435135867,1.0,BULL,-0.05186771918797406
2007-08-10,40.60126495361328,0.596253,1.9956624424230274,1.0,BULL,-0.06041303987033575
2007-08-13,40.87606048583984,0.608104,2.035327811997948,1.0,BULL,-0.05405377251556376
2007-08-14,40.18049621582031,0.576801,1.9305564792999694,1.0,BULL,-0.07015039213539886
2007-08-15,39.41621398925781,0.543658,1.819626655333924,1.0,BULL,-0.08783726998901809
2007-08-16,39.02973937988281,0.527469,1.7654419731933118,1.0,BULL,-0.09678099388049843
2007-08-17,39.76827621459961,0.557223,1.8650287934052938,1.0,BULL,-0.07968991112068446
2007-08-20,39.95721054077149,0.564996,1.8910450720067502,1.0,BULL,-0.07531762790746932
2007-08-21,40.37799835205078,0.582653,1.9501431591373195,1.0,BULL,-0.0655798342473154
2007-08-22,40.927581787109375,0.606239,2.029085645576783,1.0,BULL,-0.05286147609580749
2007-08-23,40.8159408569336,0.601058,2.011744806848603,1.0,BULL,-0.05544504984233356
2007-08-24,41.39129638671875,0.62624,2.0960291150618895,1.0,BULL,-0.04213027864389307
2007-08-27,41.116493225097656,0.613505,2.053404992073397,1.0,BULL,-0.04848972255670159
2007-08-28,40.13755416870117,0.569434,1.9058990851848363,1.0,BULL,-0.07114414904323196
2007-08-29,41.28823852539063,0.618195,2.069102450794719,1.0,BULL,-0.044515224599477876
2007-08-30,41.50293350219727,0.627613,2.1006245544700715,1.0,BULL,-0.039546793176384876
2007-08-31,41.96665573120117,0.648408,2.170225546817593,1.0,BULL,-0.028815419166434153
2007-09-04,42.6622428894043,0.680384,2.27724941463699,1.0,BULL,-0.012718269872489807
2007-09-05,42.232887268066406,0.659567,2.207574788154741,1.0,BULL,-0.02265433820751217
2007-09-06,42.19852066040039,0.657693,2.2013024986784604,1.0,BULL,-0.02344964388244064
2007-09-07,41.41705322265625,0.620903,2.0781661433783727,1.0,BULL,-0.0415342187130332
2007-09-10,41.39129638671875,0.61951,2.073503763847712,1.0,BULL,-0.04213027864389307
2007-09-11,42.0181770324707,0.647419,2.1669153577610074,1.0,BULL,-0.027623122746678108
2007-09-12,42.02676773071289,0.647571,2.1674241026918475,1.0,BULL,-0.027424318397700542
2007-09-13,42.232887268066406,0.656851,2.198484319522095,1.0,BULL,-0.02265433820751217
2007-09-14,42.26721954345703,0.658205,2.2030161658139225,1.0,BULL,-0.02185982704374756
2007-09-17,41.91512298583984,0.641502,2.1471111225256005,1.0,BULL,-0.03000798042324504
2007-09-18,42.97137451171875,0.689758,2.3086242500428886,1.0,BULL,-0.005564403074934776
2007-09-19,43.08301162719727,0.694877,2.325757574391384,1.0,BULL,-0.002980917607426581
2007-09-20,42.96280670166016,0.68881,2.305451288237385,1.0,BULL,-0.005762677749802991
2007-09-21,43.2686653137207,0.703276,2.353869078826433,1.0,BULL,0.0
2007-09-24,43.46628189086914,0.712658,2.3852706902813234,1.0,BULL,0.0
2007-09-25,43.87866973876953,0.732684,2.452297834919528,1.0,BULL,0.0
2007-09-26,44.093482971191406,0.743183,2.48743805221487,1.0,BULL,0.0
2007-09-27,44.3168830871582,0.754215,2.5243622237742764,1.0,BULL,0.0
2007-09-28,44.170806884765625,0.746483,2.498483172423902,1.0,BULL,-0.003296175006380464
2007-10-01,44.677734375,0.771908,2.583580803125308,1.0,BULL,0.0
2007-10-02,44.68632888793945,0.772064,2.584102936080644,1.0,BULL,0.0
2007-10-03,44.37703323364258,0.755743,2.529476449131671,1.0,BULL,-0.006921482744140839
2007-10-04,44.480106353759766,0.760727,2.546157927653433,1.0,BULL,-0.0046148909367076385
2007-10-05,45.382266998291016,0.806728,2.700123556361216,1.0,BULL,0.0
2007-10-08,45.66581344604492,0.821546,2.7497194931058937,1.0,BULL,0.0
2007-10-09,45.863426208496094,0.831899,2.784371047507139,1.0,BULL,0.0
2007-10-10,45.97510147094727,0.837659,2.8036498027810857,1.0,BULL,0.0
2007-10-11,45.24479675292969,0.797416,2.668956235335002,1.0,BULL,-0.01588478751871991
2007-10-12,45.99228286743164,0.836625,2.800188998448922,1.0,BULL,0.0
2007-10-15,45.6400260925293,0.817067,2.734728252676726,1.0,BULL,-0.007659040885569679
2007-10-16,45.42522430419922,0.805207,2.6950327600466895,1.0,BULL,-0.012329428501449136
2007-10-17,46.00949478149414,0.835972,2.7980034034499837,1.0,BULL,0.0
2007-10-18,46.20708847045898,0.846443,2.8330499045738544,1.0,BULL,0.0
2007-10-19,45.0557746887207,0.782862,2.6202439082070463,1.0,BULL,-0.02491638880199798
2007-10-22,45.5970573425293,0.810783,2.7136956661938294,1.0,BULL,-0.013202111366953706
2007-10-23,46.55076217651367,0.861353,2.8829537658819357,1.0,BULL,0.0
2007-10-24,46.198516845703125,0.841487,2.8164621422235627,1.0,BULL,-0.007566907916026877
2007-10-25,45.57988357543945,0.807369,2.702268987286667,1.0,BULL,-0.020856341672619405
2007-10-26,46.33597946166992,0.847245,2.835734203485262,1.0,BULL,-0.004613946255688006
2007-10-29,46.52498626708984,0.857295,2.8693716150309503,1.0,BULL,-0.0005537161631445908
2007-10-30,46.61949920654297,0.862198,2.885781986056673,1.0,BULL,0.0
2007-10-31,47.28109359741211,0.898584,3.007566150882685,1.0,BULL,0.0
2007-11-01,46.39610290527344,0.847799,2.8375884448779294,1.0,BULL,-0.01871764430142353
2007-11-02,46.7569694519043,0.867287,2.90281490022145,1.0,BULL,-0.011085279667399695
2007-11-05,46.45627212524414,0.850248,2.845785262875481,1.0,BULL,-0.01744505910102545
2007-11-06,46.98034286499024,0.878719,2.941077874230436,1.0,BULL,-0.006360908970987289
2007-11-07,45.83763885498047,0.814304,2.7254804747562544,1.0,BULL,-0.030529216492375055
2007-11-08,44.44575881958008,0.739855,2.4762992158343673,1.0,BULL,-0.05996762261834021
2007-11-09,42.95936965942383,0.665389,2.2270610578083727,1.0,BULL,-0.09140490646825539
2007-11-12,41.86819839477539,0.614473,2.0566448940013804,1.0,BULL,-0.11448329111687439
2007-11-13,43.59516525268555,0.690303,2.310448368380441,1.0,BULL,-0.07795776417761002
2007-11-14,43.03669357299805,0.663544,2.220885831509687,1.0,BULL,-0.08976949773104181
2007-11-15,42.80471420288086,0.6526,2.1842561964891876,1.0,BULL,-0.09467588530516269
2007-11-16,43.19991683959961,0.67046,2.2440337258629186,1.0,BULL,-0.08631730882882704
2007-11-19,42.70161056518555,0.647038,2.1656401484277827,1.0,BULL,-0.09685653786310089
2007-11-20,42.87343597412109,0.654642,2.1910907829942916,1.0,BULL,-0.09322241276441778
2007-11-21,42.36653137207031,0.631218,2.1126905115469077,1.0,BULL,-0.10394349731391983
2007-11-23,42.821895599365234,0.65137,2.1801393789567305,1.0,BULL,-0.09431249699966637
2007-11-26,42.08297729492188,0.617448,2.0666022372201285,1.0,BULL,-0.10994069525445038
2007-11-27,42.92498779296875,0.654317,2.1900030060040083,1.0,BULL,-0.09213208648544857
2007-11-28,44.23096084594727,0.713839,2.389223504513707,1.0,BULL,-0.06451062188696466
2007-11-29,44.41996383666992,0.722777,2.4191390452495645,1.0,BULL,-0.06051318916402537
2007-11-30,44.08489990234375,0.706195,2.36363898970224,1.0,BULL,-0.06759982588988378
2007-12-03,43.7154541015625,0.688226,2.3034966366609986,1.0,BULL,-0.07541364263293548
2007-12-04,43.53501129150391,0.679493,2.2742672321805513,1.0,BULL,-0.07923002665304757
2007-12-05,44.3168830871582,0.715895,2.3961049491045463,1.0,BULL,-0.06269335763452288
2007-12-06,44.95268630981445,0.74649,2.4985066014667696,1.0,BULL,-0.049246053981397364
2007-12-07,44.96126937866211,0.746686,2.4991626146670636,1.0,BULL,-0.04906452119112947
2007-12-10,45.14169692993164,0.755448,2.528489082325106,1.0,BULL,-0.0452484598959777
2007-12-11,44.093482971191406,0.702598,2.351599808674395,1.0,BULL,-0.06741829309961589
2007-12-12,44.488731384277344,0.721286,2.414148659118756,1.0,BULL,-0.05905874844839887
2007-12-13,44.2481575012207,0.709376,2.3742858161825224,1.0,BULL,-0.06414691085650803
2007-12-14,43.79277801513672,0.687267,2.3002868577881315,1.0,BULL,-0.07377823389572191
2007-12-17,42.72737503051758,0.6369,2.1317082003431866,1.0,BULL,-0.09631161676733668
2007-12-18,42.86483001708984,0.642852,2.1516295807929318,1.0,BULL,-0.09340442964212636
2007-12-19,42.85626983642578,0.642278,2.149708399277785,1.0,BULL,-0.09358547834495345
2007-12-20,43.73263549804688,0.681492,2.2809578974223252,1.0,BULL,-0.07505025432743906
2007-12-21,44.59528732299805,0.721616,2.4152531711396596,1.0,BULL,-0.05680507936815293
2007-12-24,44.93072128295898,0.737666,2.4689726194290427,1.0,BULL,-0.04971061656200304
2007-12-26,45.15435409545898,0.748441,2.5050366104145945,1.0,BULL,-0.044980759541262794
2007-12-27,44.61249542236328,0.721262,2.4140683309717814,1.0,BULL,-0.056441126293975796
2007-12-28,44.569480895996094,0.718949,2.406326705807087,1.0,BULL,-0.057350887957558494
2007-12-31,44.05344772338867,0.693748,2.3219788044774456,1.0,BULL,-0.0682650427146656
2008-01-02,43.35677337646485,0.660612,2.211072409554268,1.0,BULL,-0.08299977691637095
2008-01-03,43.537391662597656,0.668657,2.2379990738214386,1.0,BULL,-0.0791796815592134
2008-01-04,41.62800216674805,0.580471,1.9428399917748624,1.0,BULL,-0.1195634660822118
2008-01-07,41.43018341064453,0.572009,1.914517625954005,1.0,BULL,-0.12374735315106633
2008-01-08,40.355098724365234,0.527296,1.7648629411338688,1.0,BULL,-0.14648550501010327
2008-01-09,41.21517181396485,0.560844,1.8771483025801134,1.0,BULL,-0.12829487056913746
2008-01-10,41.27537155151367,0.563123,1.8847761295365935,1.0,BULL,-0.12702163991881854
2008-01-11,40.46689224243164,0.529859,1.7734413178295503,1.0,BULL,-0.1441210605871739
2008-01-14,41.17215347290039,0.557396,1.8656078254647368,1.0,BULL,-0.1292047129139603
2008-01-15,40.03684997558594,0.511111,1.7106916470177524,1.0,BULL,-0.15321649882951693
2008-01-16,39.6068115234375,0.494482,1.6550342821826027,1.0,BULL,-0.16231185639061985
2008-01-17,39.05636215209961,0.473714,1.5855236590004278,1.0,BULL,-0.17395391729608123
2008-01-18,39.00474166870117,0.471698,1.5787760946545462,1.0,BULL,-0.1750456958373724
2008-01-22,37.99845504760742,0.435074,1.456195342371034,1.0,BULL,-0.19632876153086198
2008-01-23,37.852237701416016,0.429948,1.439038588979671,1.0,BULL,-0.1994212734646259
2008-01-24,38.626312255859375,0.456217,1.52696109284969,1.0,BULL,-0.18304951690090443
2008-01-25,37.83504104614258,0.428068,1.4327462174666468,1.0,BULL,-0.19978498449508264
2008-01-28,38.1274642944336,0.437888,1.465613817603827,1.0,BULL,-0.19360020267127498
2008-01-29,38.19628143310547,0.440152,1.4731914394684475,1.0,EXIT_SIGNAL,-0.1921447130995272
2008-01-30,38.161869049072266,0.438857,1.4681226380046648,0.0,CASH,-0.19287253856664133
2008-01-31,38.815547943115234,0.461314,1.4682473119173374,0.0,CASH,-0.1790471626223178
2008-02-01,39.21116638183594,0.475312,1.4683562651903646,0.0,CASH,-0.17067979189080928
2008-02-04,38.66073226928711,0.45518,1.4684757148043972,0.0,CASH,-0.18232153007131013
2008-02-05,37.55981063842773,0.416185,1.4686021668842846,0.0,CASH,-0.2056061359696737
2008-02-06,36.82013702392578,0.391501,1.4687271729009497,0.0,CASH,-0.2212503091100012
2008-02-07,37.07815933227539,0.399639,1.468846069860342,0.0,CASH,-0.2157931107095875
2008-02-08,37.49961471557617,0.41317,1.4689684736939383,0.0,CASH,-0.2068792859387525
2008-02-11,37.90384292602539,0.426431,1.469094385282401,0.0,CASH,-0.19832981764829516
2008-02-12,37.68882369995117,0.419068,1.4692220565835052,0.0,CASH,-0.20287749642884656
2008-02-13,38.514495849609375,0.446508,1.4693532371242717,0.0,CASH,-0.1854144454112746
2008-02-14,37.81784057617188,0.422169,1.469482097073085,0.0,CASH,-0.2001487762067794
2008-02-15,37.68882369995117,0.417748,1.469611551449972,0.0,CASH,-0.20287749642884656
2008-02-19,37.62002182006836,0.415359,1.4697357686234946,0.0,CASH,-0.20433266327563415
2008-02-20,37.79203414916992,0.420956,1.4698623292080202,0.0,CASH,-0.20069458479618507
2008-02-21,37.43080139160156,0.408784,1.4699891923229382,0.0,CASH,-0.20833469482926037
2008-02-22,37.56842422485352,0.413195,1.4701140247445963,0.0,CASH,-0.20542395772948452
2008-02-25,37.757625579833984,0.41934,1.4702388677671034,0.0,CASH,-0.20142232958205908
2008-02-26,37.90384292602539,0.424114,1.4703619710947524,0.0,CASH,-0.19832981764829516
2008-02-27,38.093055725097656,0.430371,1.470483042569361,0.0,CASH,-0.1943279474571492
2008-02-28,37.94686126708984,0.425322,1.4705956628945605,0.0,CASH,-0.19741997530347255
2008-02-29,36.9405403137207,0.391395,1.4707039150764143,0.0,CASH,-0.218703767128123
2008-03-03,36.69974136352539,0.383663,1.4708080899351175,0.0,CASH,-0.22379668972939915
2008-03-04,36.90614318847656,0.390061,1.4709035173642055,0.0,CASH,-0.2194312698702766
2008-03-05,37.08678436279297,0.395716,1.4709966162194545,0.0,CASH,-0.21561069042567826
2008-03-06,36.26968383789063,0.36949,1.4710830080853299,0.0,CASH,-0.2328924506967025
2008-03-07,36.18366241455078,0.366794,1.4711626917488245,0.0,CASH,-0.23471181266138774
2008-03-10,35.48701477050781,0.345545,1.4712444230080852,0.0,CASH,-0.24944598209441238
2008-03-11,36.837345123291016,0.384927,1.4713203205350598,0.0,CASH,-0.22088635603582407
2008-03-12,36.73413848876953,0.381621,1.4714043959852885,0.0,CASH,-0.22306918698724554
2008-03-13,37.017974853515625,0.390401,1.4714884762398288,0.0,CASH,-0.217066018634946
2008-03-14,36.33849334716797,0.368841,1.4715643863568506,0.0,CASH,-0.23143712248743487
2008-03-17,35.676239013671875,0.348621,1.4716297892187449,0.0,CASH,-0.24544386985954603
2008-03-18,37.26738739013672,0.395217,1.4716876032467352,0.0,CASH,-0.21179091779348103
2008-03-19,36.34709167480469,0.36589,1.4717401635168874,0.0,CASH,-0.23125526697220655
2008-03-20,37.08992385864258,0.388284,1.4717781250673319,0.0,CASH,-0.21554428976506024
2008-03-24,38.372467041015625,0.428505,1.471807327014258,0.0,CASH,-0.18841836934338785
2008-03-25,38.58764266967773,0.435641,1.4718666081418716,0.0,CASH,-0.18386738263199165
2008-03-26,38.47574996948242,0.431777,1.471939909434975,0.0,CASH,-0.18623392476716405
2008-03-27,37.62358474731445,0.403015,1.4720140905324712,0.0,CASH,-0.2042573069973629
2008-03-28,37.43422317504883,0.396859,1.4720871071044221,0.0,CASH,-0.2082623237568736
2008-03-31,37.632205963134766,0.403088,1.472165968915124,0.0,CASH,-0.20407496739469388
2008-04-01,39.2418327331543,0.45474,1.4722404535014444,0.0,CASH,-0.17003119540149203
2008-04-02,39.15574645996094,0.451666,1.4723196156380545,0.0,CASH,-0.1718519289472591
2008-04-03,39.2418327331543,0.454565,1.4723993662844586,0.0,CASH,-0.17003119540149203
2008-04-04,39.47421646118164,0.462562,1.4724788291082367,0.0,CASH,-0.16511625561591858
2008-04-07,39.38814163208008,0.459454,1.472555958954731,0.0,CASH,-0.16693674711796525
2008-04-08,39.08689498901367,0.448831,1.4726354302295424,0.0,CASH,-0.1733081446501682
2008-04-09,38.64788055419922,0.433631,1.472714321414698,0.0,CASH,-0.18259334516927128
2008-04-10,39.19878768920898,0.452102,1.472788833745043,0.0,CASH,-0.1709416025149958
2008-04-11,38.11422348022461,0.414502,1.472861012087533,0.0,CASH,-0.1938802472557285
2008-04-14,37.94208908081055,0.408822,1.4729288104496308,0.0,CASH,-0.1975209075348614
2008-04-15,37.99370956420898,0.410426,1.4729916437250858,0.0,CASH,-0.19642912899357023
2008-04-16,39.05244445800781,0.444672,1.473055940980769,0.0,CASH,-0.17403677692968345
2008-04-17,38.96637344360352,0.441659,1.4731211178612547,0.0,CASH,-0.17585718775048986
2008-04-18,40.205867767333984,0.483728,1.473191851060017,0.0,CASH,-0.14964175512356126
2008-04-21,40.48991775512695,0.493898,1.4732690182552817,0.0,CASH,-0.14363406862181516
2008-04-22,39.88739013671875,0.471766,1.473343266335642,0.0,CASH,-0.15637758981738203
2008-04-23,40.32636642456055,0.487264,1.4734166411686669,0.0,CASH,-0.14709319611068017
2008-04-24,40.68788909912109,0.500288,1.4734868038686535,0.0,CASH,-0.13944695430335596
2008-04-25,40.584598541259766,0.496392,1.473558139342577,0.0,CASH,-0.1416315602420598
2008-04-28,40.66205596923828,0.499147,1.4736332791108255,0.0,CASH,-0.13999332766144212
2008-04-29,40.971927642822266,0.510467,1.473711054203066,0.0,CASH,-0.13343950984533004
2008-04-30,40.6362419128418,0.497831,1.4737952662666527,0.0,CASH,-0.14053929761332784
2008-05-01,41.91876220703125,0.544878,1.4738736347470491,0.0,CASH,-0.11341386127909614
2008-05-02,41.979000091552734,0.547126,1.4739537620044552,0.0,CASH,-0.112139823816376
2008-05-05,41.85851287841797,0.542309,1.4740394501913812,0.0,CASH,-0.1146881407855368
2008-05-06,42.11674499511719,0.55224,1.4741301153135047,0.0,CASH,-0.10922650491691643
2008-05-07,41.35066223144531,0.521995,1.4742234183919212,0.0,CASH,-0.12542923428258845
2008-05-08,41.6605339050293,0.533627,1.474318774906403,0.0,CASH,-0.11887541646647637
2008-05-09,41.49698257446289,0.527235,1.474413552542212,0.0,CASH,-0.12233454395534127
2008-05-12,42.25445556640625,0.555997,1.474510091523424,0.0,CASH,-0.10631391214861807
2008-05-13,42.36637115478516,0.560298,1.4746124880575575,0.0,CASH,-0.10394688592600465
2008-05-14,42.27165985107422,0.556422,1.4747169397735083,0.0,CASH,-0.10595003975568107
2008-05-15,43.01193618774414,0.585537,1.4748213988881222,0.0,CASH,-0.09029311897941461
2008-05-16,43.04636001586914,0.586819,1.4749261580249378,0.0,CASH,-0.08956505146858007
2008-05-19,42.73647689819336,0.574021,1.4750315098905773,0.0,CASH,-0.09611911132841255
2008-05-20,42.40939331054688,0.560718,1.475137161946053,0.0,CASH,-0.1030369628999418
2008-05-21,41.47117233276367,0.523384,1.4752439923187073,0.0,CASH,-0.12288043322598696
2008-05-22,41.61750411987305,0.528812,1.47534995230052,0.0,CASH,-0.11978550085501949
2008-05-23,41.48838806152344,0.523778,1.4754567980835873,0.0,CASH,-0.12251631878932956
2008-05-27,42.220027923583984,0.551375,1.4755621878520873,0.0,CASH,-0.10704206034069264
2008-05-28,42.39217376708984,0.558,1.4756705128553693,0.0,CASH,-0.10340115801783956
2008-05-29,42.77089691162109,0.572834,1.4757791386025714,0.0,CASH,-0.09539112449881837
2008-05-30,43.04636001586914,0.583778,1.4758883579719193,0.0,CASH,-0.08956505146858007
2008-06-02,42.52129364013672,0.562292,1.4759967069202304,0.0,CASH,-0.10067025940228913
2008-06-03,42.28888320922852,0.552952,1.476101549541226,0.0,CASH,-0.10558576395654329
2008-06-04,42.83115005493164,0.574106,1.4762075711174245,0.0,CASH,-0.09411676431113747
2008-06-05,43.51115798950195,0.601328,1.4763133074106165,0.0,CASH,-0.07973452644751222
2008-06-06,42.202823638916016,0.546956,1.4764193441964075,0.0,CASH,-0.10740593273362964
2008-06-09,41.979000091552734,0.538136,1.4765248027181994,0.0,CASH,-0.112139823816376
2008-06-10,41.78105545043945,0.530402,1.4766331983896372,0.0,CASH,-0.11632637336615448
2008-06-11,40.7739486694336,0.49193,1.4767486336056324,0.0,CASH,-0.1376267855262695
2008-06-12,40.8170051574707,0.493378,1.4768602687685202,0.0,CASH,-0.13671613636904567
2008-06-13,41.634727478027344,0.522921,1.4769745496254456,0.0,CASH,-0.11942122505588182
2008-06-16,42.00482940673828,0.536749,1.4770876671176403,0.0,CASH,-0.11159353113952974
2008-06-17,41.78105545043945,0.52805,1.4772013794255263,0.0,CASH,-0.11632637336615448
2008-06-18,41.33344650268555,0.510963,1.4773159797731523,0.0,CASH,-0.12579334871924586
2008-06-19,41.979000091552734,0.534794,1.4774261922348557,0.0,CASH,-0.112139823816376
2008-06-20,40.845481872558594,0.491358,1.4775352403594069,0.0,CASH,-0.1361138509115568
2008-06-23,40.52676773071289,0.47975,1.4776407785880654,0.0,CASH,-0.14285468784226496
2008-06-24,40.32004928588867,0.472307,1.4777492561863044,0.0,CASH,-0.14722680424431733
2008-06-25,40.97467803955078,0.495213,1.4778545164978694,0.0,CASH,-0.13338133867120416
2008-06-26,39.32086563110352,0.43515,1.477957731733383,0.0,CASH,-0.16835964146870497
2008-06-27,39.32086563110352,0.435063,1.4780562622457556,0.0,CASH,-0.16835964146870497
2008-06-30,38.90741729736328,0.42125,1.4781518666783116,0.0,CASH,-0.17710411631653022
2008-07-01,39.458683013916016,0.439066,1.4782518765591102,0.0,CASH,-0.16544478962568343
2008-07-02,38.511192321777344,0.407344,1.4783589325013802,0.0,CASH,-0.1854843153652177
2008-07-03,38.44228744506836,0.405071,1.4784639429153796,0.0,CASH,-0.18694166060548856
2008-07-07,38.67484664916992,0.412337,1.4785701341714144,0.0,CASH,-0.18202300948286954
2008-07-08,39.59651565551758,0.441728,1.4786742794870056,0.0,CASH,-0.16252961505770125
2008-07-09,38.5456657409668,0.406466,1.4787810726324908,0.0,CASH,-0.18475519899826176
2008-07-10,39.00216674804688,0.420827,1.4788861130318403,0.0,CASH,-0.1751001556744527
2008-07-11,38.38198852539063,0.40067,1.4789817711412523,0.0,CASH,-0.1882169889680505
2008-07-14,38.09775161743164,0.391696,1.479073914056263,0.0,CASH,-0.19422862885056258
2008-07-15,38.10634994506836,0.391891,1.4791575521616998,0.0,CASH,-0.19404677333533427
2008-07-16,39.05384826660156,0.421054,1.4792382601630578,0.0,CASH,-0.17400708623331962
2008-07-17,39.312255859375,0.429337,1.4793172115718767,0.0,CASH,-0.1685417390276539
2008-07-18,38.407840728759766,0.399627,1.4793988088299292,0.0,CASH,-0.18767021220376368
2008-07-21,38.57149505615234,0.404663,1.4794821717761613,0.0,CASH,-0.18420890632141562
2008-07-22,38.57149505615234,0.404587,1.4795631910376692,0.0,CASH,-0.18420890632141562
2008-07-23,39.079689025878906,0.420501,1.479651260275231,0.0,CASH,-0.17346055151275308
2008-07-24,38.493953704833984,0.401511,1.4797419769868827,0.0,CASH,-0.1858489138893158
2008-07-25,38.99357223510742,0.417063,1.4798365160584748,0.0,CASH,-0.1752819305084411
2008-07-28,38.26140594482422,0.393485,1.4799357590662847,0.0,CASH,-0.19076732296821441
2008-07-29,39.05384826660156,0.417854,1.48003354053384,0.0,CASH,-0.17400708623331962
2008-07-30,39.25195693969727,0.424129,1.4801322094334617,0.0,CASH,-0.16981706739021585
2008-07-31,39.157222747802734,0.420974,1.4802302975575186,0.0,CASH,-0.17182070530733295
2008-08-01,38.65764999389648,0.404777,1.4803263363084072,0.0,CASH,-0.1823867205133265
2008-08-04,38.270015716552734,0.392519,1.4804220875751182,0.0,CASH,-0.1905852254092657
2008-08-05,39.56204605102539,0.432194,1.4805196074408309,0.0,CASH,-0.16325865074341717
2008-08-06,40.165000915527344,0.45187,1.4806200712735769,0.0,CASH,-0.15050609324895692
2008-08-07,39.85493087768555,0.441315,1.4807140788985507,0.0,CASH,-0.15706410648955516
2008-08-08,40.75933456420898,0.47127,1.4808098552454372,0.0,CASH,-0.1379358753571659
2008-08-11,41.12972259521485,0.484018,1.4809076944657744,0.0,CASH,-0.1301021303478046
2008-08-12,41.17277526855469,0.485435,1.4810117106003364,0.0,CASH,-0.1291915618718209
2008-08-13,41.0866584777832,0.482285,1.4811189664115454,0.0,CASH,-0.13101294086750892
2008-08-14,41.56040573120117,0.498864,1.4812256422452272,0.0,CASH,-0.12099313765712172
2008-08-15,41.48287963867188,0.495967,1.4813332074431986,0.0,CASH,-0.12263282250006136
2008-08-18,41.00050735473633,0.478562,1.4814390169552132,0.0,CASH,-0.13283504599435791
2008-08-19,40.4923210144043,0.460667,1.4815413067926588,0.0,CASH,-0.1435832394405402
2008-08-20,40.56121826171875,0.462926,1.481645073474615,0.0,CASH,-0.1421260555627496
2008-08-21,40.37171936035156,0.456343,1.481743261855929,0.0,CASH,-0.14613397684690455
2008-08-22,40.90576934814453,0.474361,1.4818423387333672,0.0,CASH,-0.13483876459271504
2008-08-25,40.04441833496094,0.444301,1.481940246171362,0.0,CASH,-0.15305642724912072
2008-08-26,39.992713928222656,0.44249,1.48203698393631,0.0,CASH,-0.1541499807776946
2008-08-27,40.25114822387695,0.450979,1.4821354923441443,0.0,CASH,-0.14868406880334795
2008-08-28,40.57845306396485,0.461889,1.4822319487801061,0.0,CASH,-0.14176153771989153
2008-08-29,39.725711822509766,0.432675,1.4823319406207252,0.0,CASH,-0.1597971028173486
2008-09-02,39.234745025634766,0.416547,1.482431350980426,0.0,CASH,-0.17018110114563323
2008-09-03,38.86435317993164,0.404665,1.482528414936528,0.0,CASH,-0.17801492683623443
2008-09-04,37.60676574707031,0.365301,1.4826263677045566,0.0,CASH,-0.20461303058504787
2008-09-05,37.4259033203125,0.359958,1.4827234444296107,0.0,CASH,-0.20843828954157317
2008-09-08,37.35697555541992,0.357896,1.4828199391291206,0.0,CASH,-0.20989611886928472
2008-09-09,36.56453704833984,0.335049,1.4829182053685932,0.0,CASH,-0.2266562749229395
2008-09-10,36.86601257324219,0.34327,1.4830147127430213,0.0,CASH,-0.22028003651632933
2008-09-11,37.55509948730469,0.362452,1.483110049403407,0.0,CASH,-0.20570577730122064
2008-09-12,37.40868377685547,0.358146,1.4832030380518875,0.0,CASH,-0.2088024846594707
2008-09-15,36.245849609375,0.3247,1.4832889696587181,0.0,CASH,-0.2333965470849666
2008-09-16,36.53007888793945,0.332293,1.4833366468043117,0.0,CASH,-0.2273850685649349
2008-09-17,34.63509750366211,0.280557,1.483387268611354,0.0,ARMED,-0.26746412004400355
2008-09-18,35.8065299987793,0.309003,1.4833884459028108,0.0,ARMED,-0.24268820210327924
2008-09-19,36.97705841064453,0.339263,1.4833925664262892,0.0,ARMED,-0.21793140561646318
2008-09-22,35.23595428466797,0.291293,1.4834467220289032,0.0,ARMED,-0.25475593723160883
2008-09-23,34.96873092651367,0.284627,1.4834982305956401,0.0,ARMED,-0.2604077387831898
2008-09-24,35.21009063720703,0.29049,1.4835453257782654,0.0,ARMED,-0.25530295603961606
2008-09-25,35.770355224609375,0.304321,1.4835712289504799,0.0,ARMED,-0.2434533023033284
2008-09-26,35.40833282470703,0.29504,1.4836130279798736,0.0,ARMED,-0.2511101133531083
2008-09-29,32.598426818847656,0.224768,1.4836618930111618,0.0,ARMED,-0.3105399148248148
2008-09-30,33.537933349609375,0.24417,1.4836883869728352,0.0,ARMED,-0.2906692549208497
2008-10-01,33.18454360961914,0.236419,1.483741375842395,0.0,ARMED,-0.2981434843242402
2008-10-02,31.67615127563477,0.204153,1.483788478743917,0.0,ARMED,-0.33004613756716206
2008-10-03,31.184850692749023,0.194632,1.483823218234534,0.0,ARMED,-0.34043719550395724
2008-10-06,30.047100067138672,0.173309,1.4838508927151213,0.0,ARMED,-0.36450073843505015
2008-10-07,28.142210006713867,0.140324,1.4838750347334033,0.0,ARMED,-0.4047893594353281
2008-10-08,27.918109893798828,0.136955,1.4839212586199582,0.0,ARMED,-0.40952909990798303
2008-10-09,27.168214797973636,0.125903,1.4839589455082236,0.0,ARMED,-0.4253894584312097
2008-10-10,26.995832443237305,0.123496,1.4839931001178912,0.0,ARMED,-0.42903536299095035
2008-10-13,30.27981376647949,0.168554,1.4840054667266727,0.0,ARMED,-0.3595788197222065
2008-10-14,28.96966552734375,0.146661,1.4840178334385092,0.0,ARMED,-0.3872885899380005
2008-10-15,26.375244140625,0.107245,1.4840316724936669,0.0,ARMED,-0.44216086951786104
2008-10-16,27.806060791015625,0.124687,1.4840434505229891,0.0,ARMED,-0.41189894997400045
2008-10-17,27.840545654296875,0.125135,1.4840690679398352,0.0,ARMED,-0.4111695915633241
2008-10-20,28.61627960205078,0.135576,1.4841150034093007,0.0,ARMED,-0.3947627386601509
2008-10-21,27.133745193481445,0.114483,1.484175074729744,0.0,ARMED,-0.4261184941169257
2008-10-22,26.38385772705078,0.104974,1.4842395656721763,0.0,ARMED,-0.4419786912776722
2008-10-23,26.280426025390625,0.103725,1.4842990530510323,0.0,ARMED,-0.44416628242226064
2008-10-24,25.435731887817383,0.093709,1.484352652740604,0.0,ARMED,-0.4620316504436863
2008-10-27,24.72894096374512,0.085886,1.4844009531042797,0.0,ARMED,-0.4769803512941875
2008-10-28,27.461280822753903,0.114343,1.4844439536092036,0.0,ARMED,-0.4191910818184422
2008-10-29,27.392332077026367,0.113469,1.4844881334887754,0.0,ARMED,-0.4206493548929743
2008-10-30,28.305986404418945,0.124812,1.48452141665512,0.0,ARMED,-0.3974929794411405
2008-10-31,28.34907341003418,0.125369,1.4845435077476297,0.0,ARMED,-0.39657585106387305
2008-11-03,28.288742065429688,0.124556,1.484569133796416,0.0,ARMED,-0.39786003378637613
2008-11-04,29.090347290039062,0.135131,1.4845938766145401,0.0,ARMED,-0.38079746728035924
2008-11-05,27.57333374023437,0.113977,1.4846212709065216,0.0,ARMED,-0.3984564993090083
2008-11-06,26.340763092041016,0.098681,1.4846436580523892,0.0,ARMED,-0.4166506504255363
2008-11-07,26.8837890625,0.104775,1.4846622160979743,0.0,ARMED,-0.40462465688987426
2008-11-10,26.52176856994629,0.100533,1.4846793014960014,0.0,ARMED,-0.41264205631470885
2008-11-11,25.94427490234375,0.093958,1.4846910846652364,0.0,ARMED,-0.4254313803825869
2008-11-12,24.746187210083008,0.080933,1.4847025733458274,0.0,ARMED,-0.45196454016885934
2008-11-13,26.25457763671875,0.095726,1.484710821693492,0.0,ARMED,-0.41855933580148175
2008-11-14,24.978900909423828,0.081765,1.4847220159416104,0.0,ARMED,-0.44681080241748217
2008-11-17,24.453125,0.076596,1.4847296752215702,0.0,ARMED,-0.45845477164163073
2008-11-18,24.42727470397949,0.076347,1.4847349778277639,0.0,ARMED,-0.4590272589806338
2008-11-19,23.15159034729004,0.06438,1.4847414588137429,0.0,ARMED,-0.48727889455917794
2008-11-20,22.031085968017575,0.055028,1.484745288503873,0.0,ARMED,-0.5120938742376304
2008-11-21,22.98782730102539,0.062193,1.4847455830961858,0.0,ARMED,-0.49090563332103565
2008-11-24,24.39278793334961,0.073592,1.4847461722809276,0.0,ARMED,-0.4597910119192091
2008-11-25,24.280738830566406,0.072572,1.4847467614659033,0.0,ARMED,-0.46227248031860924
2008-11-26,25.29781913757324,0.081686,1.4847526533182192,0.0,ARMED,-0.4397479568838002
2008-11-28,25.099586486816406,0.07976,1.484754420880862,0.0,ARMED,-0.44413806841850967
2008-12-01,23.211936950683597,0.061759,1.4847555992573604,0.0,ARMED,-0.4859424430784197
2008-12-02,23.987672805786133,0.067947,1.484756188446077,0.0,ARMED,-0.4687627962726524
2008-12-03,24.668615341186523,0.073728,1.4847591343909394,0.0,ARMED,-0.45368246683286373
2008-12-04,23.970443725585938,0.067463,1.4847600181761187,0.0,ARMED,-0.4691443559371705
2008-12-05,24.944429397583008,0.075682,1.484760312771354,0.0,ARMED,-0.44757421743097003
2008-12-08,25.927032470703125,0.08462,1.484760901961941,0.0,ARMED,-0.4258132357315566
2008-12-09,25.866701126098636,0.084024,1.4847611965573515,0.0,ARMED,-0.42714934928722714
2008-12-10,25.780502319335938,0.083178,1.4847617857482893,0.0,ARMED,-0.4290583303476243
2008-12-11,25.073713302612305,0.076331,1.4847620803438752,0.0,ARMED,-0.44471106264514404
2008-12-12,25.582263946533203,0.08097,1.4847626695351637,0.0,ARMED,-0.43344856860424175
2008-12-15,25.13405418395996,0.076708,1.484763258726686,0.0,ARMED,-0.44337473788629367
2008-12-16,26.340763092041016,0.087752,1.484763553322564,0.0,ARMED,-0.4166506504255363
2008-12-17,26.0218563079834,0.084558,1.4847650263023016,0.0,ARMED,-0.42371324251540277
2008-12-18,25.565021514892575,0.080099,1.4847653208985305,0.0,ARMED,-0.4338304239532116
2008-12-19,25.7747802734375,0.082065,1.484765615494818,0.0,ARMED,-0.4291850522554682
2008-12-22,25.213703155517575,0.0767,1.4847659100911637,0.0,ARMED,-0.441610811169742
2008-12-23,25.0842227935791,0.075513,1.4847662046875678,0.0,ARMED,-0.44447831674107063
2008-12-24,25.15327835083008,0.076131,1.4847664992840306,0.0,ARMED,-0.436183111644069
2008-12-26,25.1446475982666,0.076048,1.4847667938805518,0.0,ARMED,-0.4358326125237534
2008-12-29,24.9374942779541,0.074163,1.4847670884771313,0.0,ARMED,-0.433926387906425
2008-12-30,25.455400466918945,0.078778,1.484767677670407,0.0,ARMED,-0.4153209575761675
2008-12-31,25.671186447143555,0.080775,1.484772980412324,0.0,ARMED,-0.4103646206900057
2009-01-02,26.784706115722656,0.09128,1.484779756162159,0.0,ARMED,-0.38441752981648825
2009-01-05,26.776071548461918,0.091185,1.4847847643478973,0.0,ARMED,-0.38461597471337705
2009-01-06,27.043663024902344,0.093911,1.4847897725505284,0.0,ARMED,-0.3784660240155586
2009-01-07,26.27542495727539,0.085901,1.4847974321800264,0.0,ARMED,-0.3961221403573095
2009-01-08,26.55164337158203,0.088603,1.4848033242334164,0.0,ARMED,-0.38977392010600564
2009-01-09,25.95604705810547,0.082634,1.484808037894658,0.0,ARMED,-0.4034622782421017
2009-01-12,25.48128318786621,0.078093,1.4848118677565199,0.0,ARMED,-0.41437359138972707
2009-01-13,25.48992919921875,0.078167,1.4848156976282605,0.0,ARMED,-0.414174883477733
2009-01-14,24.71305656433105,0.071014,1.4848218843601408,0.0,ARMED,-0.43202944471637295
2009-01-15,25.118749618530277,0.074506,1.4848283657254737,0.0,ARMED,-0.4227055592363057
2009-01-16,25.39497184753418,0.076958,1.484834257901616,0.0,ARMED,-0.41635725131330015
2009-01-20,24.134721755981445,0.065494,1.4848410339310905,0.0,ARMED,-0.4453210884020947
2009-01-21,25.161909103393555,0.073852,1.4848469261575035,0.0,ARMED,-0.42171364160281755
2009-01-22,24.82527732849121,0.070882,1.4848534076321458,0.0,ARMED,-0.4294503185945805
2009-01-23,24.94610977172852,0.071911,1.4848592999076606,0.0,ARMED,-0.42667327360610974
2009-01-26,25.12738037109375,0.073473,1.4848646029767998,0.0,ARMED,-0.4225072020111187
2009-01-27,25.30866241455078,0.075058,1.4848704952967406,0.0,ARMED,-0.4183408674010224
2009-01-28,26.197734832763672,0.082962,1.4848781553426655,0.0,ARMED,-0.3979076622349498
2009-01-29,25.53308868408203,0.07664,1.484888761615625,0.0,ARMED,-0.41318296584424474
2009-01-30,25.0842227935791,0.072592,1.4849017249301404,0.0,ARMED,-0.4234990758087561
2009-02-02,25.3863468170166,0.075208,1.4849146883578275,0.0,ARMED,-0.41655547703093465
2009-02-03,25.783411026000977,0.07873,1.4849291250286896,0.0,ARMED,-0.4074299049402039
2009-02-04,25.81793785095215,0.079039,1.4849473920140983,0.0,ARMED,-0.40663638836775373
2009-02-05,26.387645721435547,0.084264,1.4849644806939117,0.0,ARMED,-0.3935430142355172
2009-02-06,27.07818603515625,0.090872,1.4849803910282657,0.0,ARMED,-0.37767259511481
2009-02-09,27.190410614013672,0.091993,1.4849963015330876,0.0,ARMED,-0.375093381321316
2009-02-10,26.189111709594727,0.081822,1.4850125068502213,0.0,ARMED,-0.39810584411673344
2009-02-11,26.06825828552246,0.080681,1.485030480216301,0.0,ARMED,-0.40088337129956375
2009-02-12,26.387645721435547,0.083639,1.4850481591512918,0.0,ARMED,-0.3935430142355172
2009-02-13,26.266801834106445,0.082483,1.4850649543385952,0.0,ARMED,-0.3963203222390932
2009-02-17,25.222335815429688,0.072636,1.4850820443713082,0.0,ARMED,-0.4203248780114024
2009-02-18,25.239599227905277,0.072778,1.4850988399418372,0.0,ARMED,-0.4199281197251772
2009-02-19,24.851163864135746,0.069411,1.4851165196906344,0.0,ARMED,-0.4288553784265716
2009-02-20,24.920223236083984,0.069983,1.4851341996499048,0.0,ARMED,-0.4272682137741186
2009-02-23,24.04839324951172,0.062632,1.4851498171317168,0.0,ARMED,-0.44730514284832557
2009-02-24,24.842533111572266,0.068831,1.4851657294518184,0.0,ARMED,-0.42905373565175886
2009-02-25,24.678524017333984,0.067461,1.4851831153197037,0.0,ARMED,-0.43282309279637576
2009-02-26,23.987977981567383,0.061792,1.4852005013911143,0.0,ARMED,-0.44869364342463547
2009-02-27,23.763545989990234,0.060052,1.4852161195701468,0.0,ARMED,-0.45385167648896574
2009-03-02,22.99530792236328,0.054223,1.4852308538570473,0.0,ARMED,-0.47150779283071675
2009-03-03,22.97804450988769,0.054096,1.4852444095357213,0.0,ARMED,-0.47190455111694196
2009-03-04,23.59090614318848,0.058419,1.4852600281764863,0.0,ARMED,-0.45781939085876966
2009-03-05,22.883102416992188,0.053156,1.4852747628989882,0.0,ARMED,-0.47408656826570206
2009-03-06,22.70182991027832,0.051888,1.4852865507941075,0.0,ARMED,-0.47825268369654406
2009-03-09,22.218446731567383,0.048569,1.485297454683609,0.0,ARMED,-0.4893620910542513
2009-03-10,23.59090614318848,0.057566,1.485309242758822,0.0,ARMED,-0.45781939085876966
2009-03-11,23.953449249267575,0.060215,1.4853230938568838,0.0,ARMED,-0.4494872038329367
2009-03-12,24.74758720397949,0.066199,1.4853360609631885,0.0,ARMED,-0.43123584047222085
2009-03-13,24.80800437927246,0.066678,1.4853478493448002,0.0,ARMED,-0.42984729606006
2009-03-16,24.39366912841797,0.063331,1.4853590483959047,0.0,ARMED,-0.4393698017804194
2009-03-17,25.317283630371094,0.070519,1.4853720158160981,0.0,ARMED,-0.41814272935508956
2009-03-18,25.63666343688965,0.073182,1.4853852780658878,0.0,ARMED,-0.41080254763444657
2009-03-19,25.619403839111328,0.073028,1.4853973615571319,0.0,ARMED,-0.4111992182489699
2009-03-20,25.22945785522461,0.069687,1.4854085609815426,0.0,ARMED,-0.4201611949442535
2009-03-23,26.716598510742188,0.082004,1.4854203499385514,0.0,ARMED,-0.38598282037935716
2009-03-24,26.22376251220703,0.077459,1.4854315495362873,0.0,ARMED,-0.39730947821397666
2009-03-25,26.34481430053711,0.078525,1.4854436334039463,0.0,ARMED,-0.39452739210265586
2009-03-26,27.15755271911621,0.085786,1.4854545384466338,0.0,ARMED,-0.37584854152425495
2009-03-27,26.64742851257324,0.080945,1.4854627909718825,0.0,ARMED,-0.3875725275111609
2009-03-30,25.99032592773437,0.074951,1.4854701593389013,0.0,ARMED,-0.40267446033026466
2009-03-31,26.215118408203125,0.076889,1.4854772330061685,0.0,ARMED,-0.3975081422901199
2009-04-01,26.60420227050781,0.080306,1.4854890225081934,0.0,ARMED,-0.3885659793994296
2009-04-02,27.46017265319824,0.088051,1.4855014015829944,0.0,ARMED,-0.36889354542520736
2009-04-03,27.97028923034668,0.09295,1.485512601791834,0.0,ARMED,-0.3571697347817049
2009-04-06,27.901124954223636,0.092253,1.4855243915745637,0.0,ARMED,-0.3587593104059559
2009-04-07,27.16619873046875,0.084955,1.4851639133858163,0.5001250312578144,STARTER,-0.3756498336122609
2009-04-08,27.624452590942383,0.089247,1.5226947741668848,0.5124421027720191,STARTER,-0.3651179635897669
2009-04-09,28.480417251586918,0.097536,1.5951713976106352,0.5345909748660687,STARTER,-0.34544566112309716
2009-04-13,28.43717193603516,0.097084,1.5912246848482603,0.5334333813709541,STARTER,-0.3464395513698746
2009-04-14,28.09134292602539,0.093534,1.5601917889708368,0.5241499575410623,STARTER,-0.35438760483453324
2009-04-15,28.013521194458008,0.092749,1.5533333388232327,0.5220458020592428,STARTER,-0.35617615138588354
2009-04-16,28.739809036254883,0.099955,1.6163400374107253,0.5406744264969411,STARTER,-0.33948416074816923
2009-04-17,28.80031394958496,0.100579,1.6217993967654118,0.5422183540019907,STARTER,-0.3380935998868685
2009-04-20,27.875186920166016,0.090878,1.5369866890752473,0.5169549400766619,STARTER,-0.35935543414193816
2009-04-21,28.26426124572754,0.094676,1.5701964104481205,0.5271691122303995,STARTER,-0.3504134904305023
2009-04-22,28.350719451904297,0.095538,1.5773660276016694,1.0,BULL,-0.34842645514641213
2009-04-23,28.627403259277344,0.098328,1.6234299102139145,1.0,BULL,-0.342067538947496
2009-04-24,29.12887191772461,0.103487,1.7086068171660906,1.0,BULL,-0.3305424800518385
2009-04-27,29.163454055786133,0.103848,1.7145670543069582,1.0,BULL,-0.329747692239713
2009-04-28,28.947301864624023,0.101531,1.676312568280947,1.0,BULL,-0.33471543387541625
2009-04-29,29.34501838684082,0.105708,1.7452763093817882,1.0,BULL,-0.3255748699236879
2009-04-30,29.63899803161621,0.108876,1.7975811051221438,1.0,BULL,-0.31881845022908173
2009-05-01,29.716815948486328,0.109725,1.8115983941321065,1.0,BULL,-0.3170299913494332
2009-05-04,30.304746627807617,0.116228,1.918965214428676,1.0,BULL,-0.3035178094979839
2009-05-05,30.27880477905273,0.11592,1.913880025953919,1.0,BULL,-0.3041140209056681
2009-05-06,30.287458419799805,0.11601,1.9153659576510884,1.0,BULL,-0.30391513765027034
2009-05-07,29.57847213745117,0.107853,1.7806910148309874,1.0,BULL,-0.32020949328474224
2009-05-08,29.595775604248047,0.108034,1.7836793885775166,1.0,BULL,-0.31981181444564877
2009-05-11,29.699522018432617,0.109161,1.8022865554965128,1.0,BULL,-0.3174274510092723
2009-05-12,29.336387634277344,0.105148,1.7360305121549577,1.0,BULL,-0.325773227148875
2009-05-13,28.54958724975586,0.096679,1.5962043394513368,1.0,BULL,-0.34385595399129365
2009-05-14,28.869483947753903,0.099921,1.649730901253809,1.0,BULL,-0.33650389275506487
2009-05-15,28.852197647094727,0.099733,1.6466269550419448,1.0,BULL,-0.33690117707150036
2009-05-18,29.60441398620605,0.107525,1.775275619312415,1.0,BULL,-0.3196132818770582
2009-05-19,29.742753982543945,0.109024,1.8000246372463775,1.0,BULL,-0.31643386761345094
2009-05-20,29.63899803161621,0.107874,1.7810377322269935,1.0,BULL,-0.31881845022908173
2009-05-21,29.094301223754883,0.101917,1.6826855642265837,1.0,BULL,-0.33133700484885886
2009-05-22,28.99918365478516,0.100909,1.6660431292182887,1.0,BULL,-0.33352305489589895
2009-05-26,30.079946517944336,0.112183,1.8521808398170163,1.0,BULL,-0.30868430288153215
2009-05-27,29.87244033813477,0.109852,1.8136952088603342,1.0,BULL,-0.3134533366052411
2009-05-28,30.218286514282227,0.113659,1.876550119650591,1.0,BULL,-0.3055048886179249
2009-05-29,30.590063095092773,0.117845,1.9456624539211491,1.0,BULL,-0.29696049223802967
2009-06-01,31.46333694458008,0.127929,2.1121528454128615,1.0,BULL,-0.27689037942471395
2009-06-02,31.506553649902344,0.128446,2.1206886974954893,1.0,BULL,-0.27589714671569965
2009-06-03,31.411449432373047,0.127272,2.1013055440235267,1.0,BULL,-0.27808288991178387
2009-06-04,31.76594352722168,0.131571,2.1722835480916416,1.0,BULL,-0.26993569017662256
2009-06-05,31.800525665283203,0.13199,2.1792013856595736,1.0,BULL,-0.24648345955792061
2009-06-08,31.7054386138916,0.130795,2.159471514791605,1.0,BULL,-0.2451953962987523
2009-06-09,31.9475154876709,0.13378,2.20875491608105,1.0,BULL,-0.23943232388069213
2009-06-10,31.83512115478516,0.132357,2.185260684913586,1.0,BULL,-0.24210807175238114
2009-06-11,31.83512115478516,0.132346,2.185079071039487,1.0,BULL,-0.24210807175238114
2009-06-12,31.688138961791992,0.130502,2.15463398159971,1.0,BULL,-0.24560724542048296
2009-06-15,31.039674758911133,0.122479,2.022171425973172,1.0,BULL,-0.2610450941640571
2009-06-16,30.7370662689209,0.118887,1.9628662409039304,1.0,BULL,-0.2677989899262514
2009-06-17,31.031024932861328,0.122288,2.0190179487047346,1.0,BULL,-0.2607964728748845
2009-06-18,30.970508575439453,0.121563,2.0070479433664277,1.0,BULL,-0.26223805931786537
2009-06-19,31.30291557312012,0.125467,2.071504358319189,1.0,BULL,-0.2468091920089297
2009-06-22,30.368009567260746,0.114214,1.8857133651164675,1.0,BULL,-0.26930430459050636
2009-06-23,30.298736572265625,0.113423,1.8726536765335695,1.0,BULL,-0.27097110725463713
2009-06-24,30.809476852416992,0.119149,1.9671919531779116,1.0,BULL,-0.2586820000824246
2009-06-25,31.415462493896484,0.12617,2.0831111359092995,1.0,BULL,-0.2441011597172269
2009-06-26,31.484743118286133,0.126994,2.096715666114493,1.0,BULL,-0.2424341734794665
2009-06-29,31.553964614868164,0.127822,2.1103862377284495,1.0,BULL,-0.24076860993733618
2009-06-30,31.493370056152344,0.127074,2.0980364942897545,1.0,BULL,-0.24222659759770038
2009-07-01,31.51067352294922,0.127273,2.1013220543757174,1.0,BULL,-0.2418102526055752
2009-07-02,30.81814193725586,0.118871,1.962602075268878,1.0,BULL,-0.25847350633251
2009-07-06,30.65365028381348,0.116958,1.9310177715279373,1.0,BULL,-0.26243139968192186
2009-07-07,29.89186668395996,0.108229,1.7868989072547166,1.0,BULL,-0.2807609512455058
2009-07-08,30.04769515991211,0.109912,1.81468582999178,1.0,BULL,-0.2770115057526009
2009-07-09,30.09963035583496,0.110473,1.8239481375708015,1.0,BULL,-0.275761874161929
2009-07-10,30.22947883605957,0.111894,1.8474093480338838,1.0,BULL,-0.2726375427715084
2009-07-13,30.809476852416992,0.118325,1.9535874229727181,1.0,BULL,-0.2586820000824246
2009-07-14,30.92202377319336,0.119612,1.9748362462422375,1.0,BULL,-0.2559739677907217
2009-07-15,31.960845947265625,0.131657,2.1737034383800475,1.0,BULL,-0.23097849058602304
2009-07-16,32.341739654541016,0.136353,2.251236052267898,1.0,BULL,-0.22181366891082366
2009-07-17,32.5148811340332,0.138532,2.287212109691583,1.0,BULL,-0.21764764895875666
2009-07-20,32.82651138305664,0.142504,2.352791228593317,1.0,BULL,-0.21014940048065078
2009-07-21,33.05160140991211,0.145423,2.400984946638171,1.0,BULL,-0.2047334276840599
2009-07-22,33.32861328125,0.149067,2.4611486700213328,1.0,BULL,-0.19806814455064892
2009-07-23,34.06443786621094,0.158928,2.623957252974504,1.0,BULL,-0.1803632022620677
2009-07-24,33.80473327636719,0.15528,2.5637274881825793,1.0,BULL,-0.18661204861653868
2009-07-27,34.06443786621094,0.158846,2.6226034040948605,1.0,BULL,-0.1803632022620677
2009-07-28,33.8306999206543,0.155563,2.5683999178525667,1.0,BULL,-0.18598725576790642
2009-07-29,34.0557746887207,0.158654,2.619433416474233,1.0,BULL,-0.1805716501185748
2009-07-30,34.25489044189453,0.161424,2.6651670920426627,1.0,BULL,-0.17578065374424579
2009-07-31,34.15101623535156,0.159942,2.640698750095943,1.0,BULL,-0.17828000871240446
2009-08-03,34.66176223754883,0.167105,2.7589624028384203,1.0,BULL,-0.1659907638599697
2009-08-04,34.66176223754883,0.167091,2.7587312579077494,1.0,BULL,-0.1659907638599697
2009-08-05,34.39339065551758,0.163196,2.6944234361247053,1.0,BULL,-0.17244814985776258
2009-08-06,34.09040832519531,0.158869,2.6229831421952485,1.0,BULL,-0.17973831762662063
2009-08-07,34.523250579833984,0.164908,2.7226891590753013,1.0,BULL,-0.16932354310689746
2009-08-10,34.280853271484375,0.161421,2.6651175609860904,1.0,BULL,-0.17515595268242834
2009-08-11,33.98653030395508,0.157249,2.596236371646203,1.0,BULL,-0.18223776438159411
2009-08-12,34.51459503173828,0.164566,2.717042618626058,1.0,BULL,-0.1695318073897748
2009-08-13,34.705047607421875,0.167277,2.7618021834152326,1.0,BULL,-0.1649492588719529
2009-08-14,34.30683135986328,0.161505,2.666504430570115,1.0,BULL,-0.1729881903405477
2009-08-17,33.31131362915039,0.147432,2.4341542441894255,1.0,BULL,-0.1875389896778361
2009-08-18,33.78740692138672,0.153741,2.538318056160986,1.0,BULL,-0.17401854408785733
2009-08-19,34.021148681640625,0.156919,2.590787955423249,1.0,BULL,-0.16830439266181874
2009-08-20,34.41934967041016,0.162416,2.6815453614159055,1.0,BULL,-0.1585698003264322
2009-08-21,34.8781852722168,0.168898,2.7885654643164686,1.0,BULL,-0.1473529082078282
2009-08-24,34.84355926513672,0.168381,2.7800296122338413,1.0,BULL,-0.14132854669910833
2009-08-25,34.94743347167969,0.169873,2.8046630577024683,1.0,BULL,-0.1387687101676558
2009-08-26,34.88682556152344,0.168976,2.7898532717873485,1.0,BULL,-0.14026230850815224
2009-08-27,34.97340774536133,0.17022,2.810392149912665,1.0,BULL,-0.1381286100228648
2009-08-28,35.008026123046875,0.170712,2.8185152431905234,1.0,BULL,-0.11875647994782335
2009-08-31,34.6530876159668,0.165506,2.732562349685381,1.0,BULL,-0.11677551126366326
2009-09-01,34.00384521484375,0.15619,2.5787519086761788,1.0,BULL,-0.1250633953068775
2009-09-02,33.97787094116211,0.15582,2.5726430783655942,1.0,BULL,-0.09649579627014071
2009-09-03,34.20295715332031,0.158904,2.623561004521925,1.0,BULL,-0.08925931177781998
2009-09-04,34.93877029418945,0.169147,2.79267654201197,1.0,BULL,-0.06966641624793646
2009-09-08,35.26771926879883,0.173911,2.8713318598487927,1.0,BULL,-0.06090731351355083
2009-09-09,35.57072448730469,0.17838,2.9451166237893385,1.0,BULL,-0.052839029242108815
2009-09-10,35.90834045410156,0.183445,3.0287415576355823,1.0,BULL,-0.04384914580667809
2009-09-11,35.94296646118164,0.183961,3.0372608993660193,1.0,BULL,-0.03918120520938129
2009-09-14,36.08146667480469,0.186073,3.0721307631929227,1.0,BULL,-0.024220199613878224
2009-09-15,36.19402313232422,0.187799,3.1006276310741896,1.0,BULL,-0.021176245812319694
2009-09-16,36.72206115722656,0.196004,3.236095070799448,1.0,BULL,-0.006896093534161762
2009-09-17,36.713409423828125,0.195851,3.23356898691426,1.0,BULL,-0.007130069241541137
2009-09-18,36.77494430541992,0.196821,3.2495840285393056,1.0,BULL,-0.00546593249738947
2009-09-21,36.88759613037109,0.198614,3.2791870900173543,1.0,BULL,0.0
2009-09-22,36.95692443847656,0.199719,3.297431029188154,1.0,BULL,0.0
2009-09-23,36.783599853515625,0.196894,3.2507892842492323,1.0,BULL,-0.0046899082538504056
2009-09-24,36.45433044433594,0.191591,3.163234886581585,1.0,BULL,-0.01359945400698348
2009-09-25,36.13371276855469,0.186521,3.079527400974387,1.0,BULL,-0.022274896583786452
2009-09-28,36.74893569946289,0.196034,3.236590381365171,1.0,BULL,-0.005627869260601437
2009-09-29,36.58430099487305,0.193384,3.1928379480596334,1.0,BULL,-0.010082642137167919
2009-09-30,36.610294342041016,0.193781,3.199392557879369,1.0,BULL,-0.0093793004072239
2009-10-01,35.527156829833984,0.176567,2.9151833552674744,1.0,BULL,-0.038687407850259814
2009-10-02,35.423179626464844,0.175003,2.889361164441112,1.0,BULL,-0.04150087799013136
2009-10-05,35.709129333496094,0.179228,2.9591174024471103,1.0,BULL,-0.03376349964017478
2009-10-06,36.3416748046875,0.188739,3.1161473621335123,1.0,BULL,-0.016647749863852646
2009-10-07,36.44565582275391,0.190345,3.142662987751887,1.0,BULL,-0.013834176503885631
2009-10-08,36.60163497924805,0.192774,3.1827666332232645,1.0,BULL,-0.009613610023744723
2009-10-09,36.80958938598633,0.196046,3.23678850559146,1.0,BULL,-0.003986669744001747
2009-10-12,36.88759613037109,0.197278,3.2571292594904873,1.0,BULL,-0.0018759220135021737
2009-10-13,36.89624786376953,0.197402,3.2591765431621424,1.0,BULL,-0.00164181883717196
2009-10-14,37.39882659912109,0.205454,3.392117899002213,1.0,BULL,0.0
2009-10-15,37.31216812133789,0.20401,3.3682769504387426,1.0,BULL,-0.002317144297389051
2009-10-16,37.069557189941406,0.200016,3.302334603788812,1.0,BULL,-0.008804271126180652
2009-10-19,37.442161560058594,0.206032,3.401660882568477,1.0,BULL,0.0
2009-10-20,37.45083236694336,0.20616,3.4037742076488957,1.0,BULL,0.0
2009-10-21,37.381492614746094,0.204999,3.384605688755413,1.0,BULL,-0.0018514876122879276
2009-10-22,37.52878952026367,0.207408,3.4243791271829753,1.0,BULL,0.0
2009-10-23,37.37283706665039,0.204807,3.381435701134785,1.0,BULL,-0.00415554180155675
2009-10-26,37.25151443481445,0.202797,3.34824989323134,1.0,BULL,-0.007388330105864593
2009-10-27,36.68829345703125,0.193583,3.1961235081455963,1.0,BULL,-0.022396034457189073
2009-10-28,35.86509323120117,0.180538,2.9807459638170175,1.0,BULL,-0.04433120040187244
2009-10-29,36.47166061401367,0.189685,3.1317661553059795,1.0,BULL,-0.028168478647018547
2009-10-30,35.49249267578125,0.174394,2.8793063599569337,1.0,BULL,-0.05425959298215366
2009-11-02,35.639801025390625,0.176552,2.9149356999846128,1.0,BULL,-0.05033438378962607
2009-11-03,35.75244140625,0.178213,2.9423593949734803,1.0,BULL,-0.04733294456658488
2009-11-04,35.81309127807617,0.179107,2.957119649832027,1.0,BULL,-0.04571685535610226
2009-11-05,36.69696044921875,0.192356,3.1758653060075233,1.0,BULL,-0.02216509196481742
2009-11-06,36.91357803344727,0.195748,3.231868420638611,1.0,BULL,-0.01639305436388283
2009-11-09,37.70211410522461,0.208278,3.438743133588944,1.0,BULL,0.0
2009-11-10,37.79742050170898,0.209842,3.4645653244153065,1.0,BULL,0.0
2009-11-11,38.0400276184082,0.213867,3.531019491983151,1.0,BULL,0.0
2009-11-12,37.82342529296875,0.210198,3.47044300979522,1.0,BULL,-0.005694063306479702
2009-11-13,38.135372161865234,0.215383,3.556049185904356,1.0,BULL,0.0
2009-11-16,38.525299072265625,0.221974,3.6648689171937137,1.0,BULL,0.0
2009-11-17,38.6466178894043,0.224055,3.6992269601027035,1.0,BULL,0.0
2009-11-18,38.429969787597656,0.220271,3.636751787412834,1.0,BULL,-0.005605874812296019
2009-11-19,37.83208084106445,0.209975,3.4667612012566784,1.0,BULL,-0.021076541566219853
2009-11-20,37.641448974609375,0.206786,3.414109688120317,1.0,BULL,-0.026009233658464748
2009-11-23,38.24800109863281,0.216767,3.57889951333638,1.0,BULL,-0.010314402981192683
2009-11-24,38.11802291870117,0.214542,3.54216397971192,1.0,BULL,-0.013677651488567921
2009-11-25,38.28268051147461,0.217306,3.5877985931672045,1.0,BULL,-0.009417056337793217
2009-11-27,37.70211410522461,0.207404,3.424313085774212,1.0,BULL,-0.024439493952163938
2009-11-30,37.74544525146485,0.208104,3.43587033230775,1.0,BULL,-0.02331827950684706
2009-12-01,38.135372161865234,0.214538,3.5420979383031566,1.0,BULL,-0.01322873139900893
2009-12-02,38.18736267089844,0.2154,3.5563298618915993,1.0,BULL,-0.011883451737487616
2009-12-03,38.031375885009766,0.212745,3.512494876825108,1.0,BULL,-0.015919685550626395
2009-12-04,38.230690002441406,0.216074,3.5674578392681773,1.0,BULL,-0.010762335999314532
2009-12-07,38.04870223999024,0.212973,3.5162592371246033,1.0,BULL,-0.01547135770392949
2009-12-08,37.81476211547852,0.20903,3.451158918436402,1.0,BULL,-0.021524671998628953
2009-12-09,38.19601821899414,0.215337,3.555289709703581,1.0,BULL,-0.011659485228426636
2009-12-10,38.38665771484375,0.218546,3.6082714298837577,1.0,BULL,-0.0067265957218941574
2009-12-11,38.23934555053711,0.216015,3.5664837284889224,1.0,BULL,-0.010538369490253552
2009-12-14,38.603294372558594,0.222167,3.6680554151665317,1.0,BULL,-0.0011210170310292922
2009-12-15,38.38665771484375,0.218411,3.606042532338004,1.0,BULL,-0.0067265957218941574
2009-12-16,38.43865203857422,0.219282,3.6204230490961637,1.0,BULL,-0.005381217353229162
2009-12-17,37.97073745727539,0.211259,3.4879604934696258,1.0,BULL,-0.017488734306921327
2009-12-18,38.589576721191406,0.221572,3.6582317556130244,1.0,BULL,-0.0014759679197834386
2009-12-21,39.023555755615234,0.229032,3.78139898295616,1.0,BULL,0.0
2009-12-22,39.257911682128906,0.233141,3.8492400201080286,1.0,BULL,0.0
2009-12-23,39.54433822631836,0.238227,3.9332116713502785,1.0,BULL,0.0
2009-12-24,39.90887451171875,0.244797,4.04168468524363,1.0,BULL,0.0
2009-12-28,40.11719512939453,0.248613,4.104688189203603,1.0,BULL,0.0
2009-12-29,39.9522705078125,0.245528,4.053753752695082,1.0,BULL,-0.004111070603268319
2009-12-30,40.07379531860352,0.24775,4.09043975526297,1.0,BULL,-0.001081825652342494
2009-12-31,39.70926284790039,0.240971,3.978516077761748,1.0,BULL,-0.010168514527957195
2010-01-04,40.29078674316406,0.25154,4.1530139900659835,1.0,BULL,0.0
2010-01-05,40.29078674316406,0.251521,4.152700293374359,1.0,BULL,0.0
2010-01-06,40.04775619506836,0.246951,4.077247983862546,1.0,BULL,-0.006031913688975932
2010-01-07,40.07379531860352,0.247415,4.084908787279062,1.0,BULL,-0.005385633840901738
2010-01-08,40.40361404418945,0.253506,4.185473342473036,1.0,BULL,0.0
2010-01-11,40.23873519897461,0.250384,4.133928022933455,1.0,BULL,-0.004080794481268857
2010-01-12,39.73528671264648,0.240968,3.978466546705176,1.0,BULL,-0.01654127600595401
2010-01-13,40.23002624511719,0.249951,4.126779040434852,1.0,BULL,-0.00429634336379936
2010-01-14,40.2647590637207,0.25058,4.137164051962846,1.0,BULL,-0.0034366970320249823
2010-01-15,39.79605865478516,0.241811,3.992384773601994,1.0,BULL,-0.015037154565920918
2010-01-19,40.43833923339844,0.253502,4.185407301064272,1.0,BULL,0.0
2010-01-20,39.85679244995117,0.242546,4.004519882462209,1.0,BULL,-0.01438107485301865
2010-01-21,39.48359298706055,0.235715,3.8917376666470678,1.0,BULL,-0.02360992722345423
2010-01-22,38.32918548583984,0.215023,3.5501054591156795,1.0,BULL,-0.052157279145050306
2010-01-25,38.45940017700195,0.217199,3.5860319854827925,1.0,BULL,-0.04893719905198424
2010-01-26,38.49411010742188,0.21777,3.5954593965837214,1.0,BULL,-0.04807885691731861
2010-01-27,38.79789733886719,0.22291,3.680322606844273,1.0,BULL,-0.04056650014885854
2010-01-28,37.79973220825195,0.205689,3.3959978317670436,1.0,BULL,-0.06525013329348683
2010-01-29,37.14008712768555,0.194905,3.217950193741793,1.0,BULL,-0.08156250153292222
2010-02-01,37.54803085327149,0.201312,3.3237320202280483,1.0,BULL,-0.07147445802472052
2010-02-02,37.88653945922852,0.206742,3.4133832326239233,1.0,BULL,-0.06310347612056133
2010-02-03,38.09484100341797,0.210136,3.469419367959392,1.0,BULL,-0.05795238564211236
2010-02-04,36.99253463745117,0.191878,3.1679733576603355,1.0,BULL,-0.08521132819177057
2010-02-05,37.30501174926758,0.196726,3.248015545081183,1.0,BULL,-0.07748407930519097
2010-02-08,37.035926818847656,0.192454,3.177483320522218,1.0,BULL,-0.08413828260634137
2010-02-09,37.4178352355957,0.198393,3.2755383021831945,1.0,BULL,-0.07469406644939736
2010-02-10,37.33971405029297,0.197135,3.2547682791272075,1.0,BULL,-0.07662592583788119
2010-02-11,37.90388488769531,0.2060552686452865,3.4020450560971596,1.0,BULL,-0.0626745408874233
2010-02-12,37.98201751708984,0.2068984508514404,3.41596629128175,1.0,BULL,-0.06074239849790619
2010-02-16,38.46807098388672,0.2149129509925842,3.548288511245,1.0,BULL,-0.04872277860225416
2010-02-17,38.68505096435547,0.2185600250959396,3.6085029891572304,1.0,BULL,-0.043357079006719146
2010-02-18,38.92809677124024,0.222703531384468,3.676913737285499,1.0,BULL,-0.03734679739050395
2010-02-19,38.91073226928711,0.222703531384468,3.676913737285499,1.0,BULL,-0.037776204292031434
2010-02-22,38.83261489868164,0.221140056848526,3.651100222055798,1.0,BULL,-0.0397079693468374
2010-02-23,38.32918548583984,0.2125063240528106,3.508554252877546,1.0,BULL,-0.052157279145050306
2010-02-24,38.71978759765625,0.218932569026947,3.6146538206646954,1.0,BULL,-0.04249807653630888
2010-02-25,38.71109771728516,0.2188077419996261,3.612592882480701,1.0,BULL,-0.042712968654427974
2010-02-26,38.84995269775391,0.2215373218059539,3.657659206415983,1.0,BULL,-0.03927922278105478
2010-03-01,39.414154052734375,0.2310400307178497,3.8145522773177407,1.0,BULL,-0.02532708316117438
2010-03-02,39.53566360473633,0.2324291169643402,3.8374865804706517,1.0,BULL,-0.022322272520939213
2010-03-03,39.57904815673828,0.2337200790643692,3.858800819407065,1.0,BULL,-0.02124941560286575
2010-03-04,39.70926284790039,0.2363001108169555,3.9013980523056313,1.0,BULL,-0.018029335509799904
2010-03-05,40.30814743041992,0.2467450201511383,4.073847184013638,1.0,BULL,-0.003219514090998743
2010-03-08,40.38624954223633,0.2480607479810714,4.095570313873029,1.0,BULL,-0.0012881263709041413
2010-03-09,40.61194610595703,0.2524518966674804,4.1680697252076735,1.0,BULL,0.0
2010-03-10,40.94176483154297,0.2586294710636139,4.270063654172513,1.0,BULL,0.0
2010-03-11,41.09799957275391,0.2610113322734833,4.309389021616988,1.0,BULL,0.0
2010-03-12,41.10668563842773,0.2616068422794342,4.319221101548364,1.0,BULL,0.0
2010-03-15,41.00252532958984,0.2598451673984527,4.290135228817729,1.0,BULL,-0.0025339018999021024
2010-03-16,41.262882232666016,0.2647584974765777,4.37125603883707,1.0,BULL,0.0
2010-03-17,41.37572860717773,0.2665944993495941,4.401569076383482,1.0,BULL,0.0
2010-03-18,41.514625549316406,0.2692983746528625,4.446211009920365,1.0,BULL,0.0
2010-03-19,41.26350402832031,0.264534592628479,4.3675592909377405,1.0,BULL,-0.0060489891856974065
2010-03-22,41.63713455200195,0.2716801166534424,4.485534409177485,1.0,BULL,0.0
2010-03-23,41.923858642578125,0.2773623764514923,4.579350519682737,1.0,BULL,0.0
2010-03-24,41.72402191162109,0.2734170854091644,4.514212375078817,1.0,BULL,-0.0047666588293016066
2010-03-25,41.66318893432617,0.2717049121856689,4.485943792147302,1.0,BULL,-0.0062176936162841034
2010-03-26,41.70664596557617,0.2731197774410248,4.50930371581571,1.0,BULL,-0.0051811232084766345
2010-03-29,41.90648651123047,0.2768659293651581,4.571154003443278,1.0,BULL,-0.0004143733880930256
2010-03-30,42.04549407958984,0.2797690033912658,4.619084778050189,1.0,BULL,0.0
2010-03-31,41.84565734863281,0.2759979963302612,4.556824123359126,1.0,BULL,-0.004752869132153448
2010-04-01,41.84565734863281,0.2754521071910858,4.547811301414225,1.0,BULL,-0.004752869132153448
2010-04-05,42.23666763305664,0.2834160923957824,4.679299501985839,1.0,BULL,0.0
2010-04-06,42.358306884765625,0.2855749726295471,4.714943374982983,1.0,BULL,0.0
2010-04-07,42.25403594970703,0.2839619815349579,4.688312323930742,1.0,BULL,-0.002461640767235096
2010-04-08,42.349609375,0.2849795222282409,4.705112279145283,1.0,BULL,-0.00020533185590454472
2010-04-09,42.60160446166992,0.2901147305965423,4.7898963778789225,1.0,BULL,0.0
2010-04-12,42.636348724365234,0.2912809252738952,4.809150662725019,1.0,BULL,0.0
2010-04-13,42.85356903076172,0.2956730723381042,4.88166655762876,1.0,BULL,0.0
2010-04-14,43.36621475219727,0.3060931861400604,5.053706306366949,1.0,BULL,0.0
2010-04-15,43.55736923217773,0.3101871311664581,5.1212987806024195,1.0,BULL,0.0
2010-04-16,43.03605270385742,0.2991458177566528,4.939002807557876,1.0,BULL,-0.011968503550834009
2010-04-19,43.00996398925781,0.2986751496791839,4.931231911833913,1.0,BULL,-0.012567454200505868
2010-04-20,43.22719955444336,0.3030911684036255,5.004141936255473,1.0,BULL,-0.007580110634653692
2010-04-21,43.47048568725586,0.3084254860877991,5.092213399918625,1.0,BULL,-0.0019946922060133376
2010-04-22,43.713775634765625,0.3129910826683044,5.167593007423737,1.0,BULL,0.0
2010-04-23,43.89622497558594,0.3171344995498657,5.236002279411492,1.0,BULL,0.0
2010-04-26,43.8006477355957,0.3147774338722229,5.197086294936836,1.0,BULL,-0.0021773453194071646
2010-04-27,42.87094497680664,0.2953501045703888,4.876334246037513,1.0,BULL,-0.02335690596058171
2010-04-28,42.89701843261719,0.296044647693634,4.887801397613967,1.0,BULL,-0.022762926505057957
2010-04-29,43.64425659179688,0.3111551105976105,5.137280461924166,1.0,BULL,-0.00574009231839856
2010-04-30,42.78406524658203,0.2928196787834167,4.834556025102,1.0,BULL,-0.025336113290435835
2010-05-03,43.38359451293945,0.3047784566879272,5.031999660076652,1.0,BULL,-0.011678235723723285
2010-05-04,42.080265045166016,0.2778339385986328,4.587136176811861,1.0,BULL,-0.041369387263481494
2010-05-05,41.86304473876953,0.2732684016227722,4.511757553400425,1.0,BULL,-0.0463178835525655
2010-05-06,40.464134216308594,0.2464973181486129,4.069757536713585,1.0,BULL,-0.07818646731435774
2010-05-07,39.45621871948242,0.22855906188488,3.7735906081110904,1.0,BULL,-0.10114779251684958
2010-05-10,41.50680160522461,0.2626491189002991,4.336429455639047,1.0,BULL,-0.05443345917992426
2010-05-11,41.46335220336914,0.2624757885932922,4.3335677112250295,1.0,BULL,-0.05542328010141884
2010-05-12,42.24535369873047,0.2766182422637939,4.567064602166644,1.0,BULL,-0.03760850227493695
2010-05-13,41.57630920410156,0.2641135454177856,4.360607653200251,1.0,BULL,-0.052850006413413864
2010-05-14,40.77692794799805,0.2478616535663604,4.092283194966935,1.0,BULL,-0.07106071260849356
2010-05-17,40.907257080078125,0.2512114644050598,4.147589751686318,1.0,BULL,-0.06809168435714474
2010-05-18,40.342472076416016,0.2416097074747085,3.989061363116062,1.0,BULL,-0.08095805279716961
2010-05-19,40.02100372314453,0.2352330386638641,3.8837803152451302,1.0,BULL,-0.08828142407682471
2010-05-20,38.53519058227539,0.2114392071962356,3.4909357777467864,1.0,BULL,-0.1221297365842332
2010-05-21,38.96095275878906,0.2130770236253738,3.5179767038156857,1.0,BULL,-0.11243044748248299
2010-05-24,38.80454635620117,0.2148386090993881,3.547061100405804,1.0,BULL,-0.11599354209198265
2010-05-25,38.83930206298828,0.2133246958255767,3.522065859068898,1.0,BULL,-0.1152017722574139
2010-05-26,38.40488052368164,0.2067250460386276,3.413103316750636,1.0,BULL,-0.125098330322447
2010-05-27,39.85590362548828,0.2291049659252166,3.7826036760794106,1.0,BULL,-0.0920425697732502
2010-05-28,39.62130737304688,0.2259037792682647,3.729750956944745,1.0,BULL,-0.09738690752830492
2010-06-01,39.256385803222656,0.2196518778800964,3.6265298631641305,1.0,BULL,-0.1057001866320817
2010-06-02,40.18608474731445,0.2351091504096985,3.8817348765365565,1.0,BULL,-0.08452071289353424
2010-06-03,40.56838607788086,0.2412124574184417,3.9825026247792943,1.0,BULL,-0.07581150542115966
2010-06-04,39.17817687988281,0.2173938900232315,3.5892496884048115,1.0,BULL,-0.107481864290772
2010-06-07,38.4656867980957,0.2047900706529617,3.381156191652823,1.0,BULL,-0.12371310244811651
2010-06-08,38.39617538452149,0.2036486715078354,3.3623112897765455,1.0,BULL,-0.12529664211725378
2010-06-09,38.074703216552734,0.1991574317216873,3.2881593391340473,1.0,BULL,-0.13262010029953597
2010-06-10,39.16080093383789,0.2156818360090255,3.5609830736606507,1.0,BULL,-0.10787770575674283
2010-06-11,39.534423828125,0.221314400434494,3.6539786960623313,1.0,BULL,-0.09936620176078625
2010-06-14,39.5257453918457,0.2214382737874984,3.656023888747485,1.0,BULL,-0.09956390523720415
2010-06-15,40.58577346801758,0.2376148849725723,3.923105436666185,1.0,BULL,-0.07541540324730789
2010-06-16,40.75086212158203,0.242403358221054,4.002164816454693,1.0,BULL,-0.07165451825876334
2010-06-17,40.88119888305664,0.244834691286087,4.042306981651449,1.0,BULL,-0.06868531620216056
2010-06-18,40.9151496887207,0.2455045729875564,4.053366964468861,1.0,BULL,-0.0679118828218882
2010-06-21,40.566925048828125,0.2390535175800323,3.9468577676884737,1.0,BULL,-0.07584478912729953
2010-06-22,40.25354766845703,0.2333971112966537,3.8534685078158155,1.0,BULL,-0.08298383993509417
2010-06-23,40.0881462097168,0.2302711457014084,3.801857714902089,1.0,BULL,-0.08675185093905236
2010-06-24,39.4787712097168,0.2191059440374374,3.6175163031489705,1.0,BULL,-0.10063402418604395
2010-06-25,39.48662567138672,0.2189573049545288,3.6150622195408366,1.0,BULL,-0.10045509167705735
2010-06-28,39.34706497192383,0.2169965803623199,3.582689965974366,1.0,BULL,-0.10363442428573866
2010-06-29,37.82934188842773,0.1927816569805145,3.182893052668277,1.0,BULL,-0.13820967726797628
2010-06-30,37.2536735534668,0.1832542568445205,3.0255923209606372,1.0,BULL,-0.151323978902823
2010-07-01,37.14899063110352,0.1814678460359573,2.9960980493538627,1.0,BULL,-0.15370876079287155
2010-07-02,37.04432678222656,0.1804751306772232,2.9797079691559776,1.0,BULL,-0.1560931081697855
2010-07-06,37.15773010253906,0.1814183443784713,2.995280759554742,1.0,BULL,-0.1535096668744219
2010-07-07,38.34395980834961,0.1985619962215423,3.278328489319767,1.0,BULL,-0.12648616527558731
2010-07-08,38.55331802368164,0.2019118070602417,3.3336350460391486,1.0,BULL,-0.12171677530074387
2010-07-09,38.91964721679688,0.2075692117214203,3.427040789480904,1.0,BULL,-0.11337142912760523
2010-07-12,39.03305816650391,0.2099262923002243,3.4659570199789798,1.0,BULL,-0.11078781402698767
2010-07-13,39.5389404296875,0.2170966267585754,3.5843417672119617,1.0,BULL,-0.09926330905042191
2010-07-14,39.73956298828125,0.220569372177124,3.6416780171410776,1.0,BULL,-0.09469292609140145
2010-07-15,39.77445983886719,0.2213391959667205,3.6543880790321484,1.0,BULL,-0.09389794085963388
2010-07-16,38.6754150390625,0.2035248130559921,3.3602663431148097,1.0,BULL,-0.11893528291845434
2010-07-19,39.00688552856445,0.2081150859594345,3.4360533654023864,1.0,BULL,-0.11138405295081344
2010-07-20,39.47787094116211,0.2146899700164795,3.54460701679767,1.0,BULL,-0.10065453320601514
2010-07-21,38.93710708618164,0.2071718871593475,3.4204808210270397,1.0,BULL,-0.11297367580384066
2010-07-22,39.92274856567383,0.221140056848526,3.651100222055798,1.0,BULL,-0.09051977504038367
2010-07-23,40.17567825317383,0.2268965393304824,3.746141775212889,1.0,BULL,-0.08475778325998173
2010-07-26,40.50713348388672,0.2318832129240036,3.8284735125023306,1.0,BULL,-0.07720690090284876
2010-07-27,40.48971557617188,0.2318336516618728,3.827655238609532,1.0,BULL,-0.0776036982977164
2010-07-28,40.16695785522461,0.2270946949720382,3.7494133946435633,1.0,BULL,-0.08495644266529667
2010-07-29,39.87038803100586,0.2216859757900238,3.6601135360475383,1.0,BULL,-0.09171260049854302
2010-07-30,39.9576416015625,0.2231998890638351,3.6851087773844426,1.0,BULL,-0.08972487671124307
2010-08-02,40.70774459838867,0.2352082282304763,3.883370686251892,1.0,BULL,-0.07263677865170926
2010-08-03,40.5333137512207,0.2327768802642822,3.843228275031718,1.0,BULL,-0.07661048817376914
2010-08-04,40.94327163696289,0.2395003736019134,3.954235517988297,1.0,BULL,-0.06727123665566714
2010-08-05,40.847312927246094,0.2380864769220352,3.930891585842149,1.0,BULL,-0.06945727223777398
2010-08-06,40.7862663269043,0.2369698882102966,3.912456312959108,1.0,BULL,-0.0708479749776052
2010-08-09,41.06538009643555,0.2411133646965026,3.980866569040538,1.0,BULL,-0.06448948356549655
2010-08-10,40.70774459838867,0.2360018938779831,3.896474385613944,1.0,BULL,-0.07263677865170926
2010-08-11,39.60001754760742,0.216575488448143,3.5757375901666206,1.0,BULL,-0.09787191108957471
2010-08-12,39.28599166870117,0.2104712426662445,3.4749543424484615,1.0,BULL,-0.10502573534395887
2010-08-13,39.00688552856445,0.2062782198190689,3.405726058497652,1.0,BULL,-0.11138405295081344
2010-08-16,39.076656341552734,0.207444354891777,3.424979359250071,1.0,BULL,-0.1097946039030403
2010-08-17,39.57384490966797,0.2153349816799163,3.5552563865281654,1.0,BULL,-0.09846815001340037
2010-08-18,39.73084259033203,0.2172700315713882,3.5872047417430752,1.0,BULL,-0.09489158549671628
2010-08-19,39.12899398803711,0.209280326962471,3.455291904749644,1.0,BULL,-0.10860229986064296
2010-08-20,39.18132019042969,0.2085609883069992,3.44341537020337,1.0,BULL,-0.10741025652612657
2010-08-23,38.79752731323242,0.2028054594993591,3.3483895625451163,1.0,BULL,-0.11615344292565688
2010-08-24,38.07357406616211,0.1911686956882476,3.1562624936628727,1.0,BULL,-0.13264582347712706
2010-08-25,38.439918518066406,0.1969004124403,3.250895155896987,1.0,BULL,-0.12430012969348048
2010-08-26,37.977630615234375,0.1904741376638412,3.1447950960629982,1.0,BULL,-0.13483151144872585
2010-08-27,38.439918518066406,0.1967756003141403,3.248834463736412,1.0,BULL,-0.12430012969348048
2010-08-30,38.03867721557617,0.1903998404741287,3.1435684232940604,1.0,BULL,-0.13344080870889463
2010-08-31,37.907840728759766,0.1894565820693969,3.1279948948250356,1.0,BULL,-0.13642139500963402
2010-09-01,39.04176330566406,0.2053359895944595,3.3901695056445638,1.0,BULL,-0.11058950223218089
2010-09-02,39.47787094116211,0.2123824656009674,3.5065093062158113,1.0,BULL,-0.10065453320601514
2010-09-03,40.132083892822266,0.2231998890638351,3.6851087773844426,1.0,BULL,-0.08575090648130224
2010-09-07,39.8616828918457,0.2177664190530777,3.5954002738888575,1.0,BULL,-0.09191091229334991
2010-09-08,40.34141159057617,0.2254578769207,3.722388952143761,1.0,BULL,-0.08098221172747477
2010-09-09,40.498416900634766,0.2283104062080383,3.7694852153121996,1.0,BULL,-0.07740547340553672
2010-09-10,40.64669036865234,0.2307675033807754,3.8100527550010312,1.0,BULL,-0.07402765519679466
2010-09-13,41.21365737915039,0.2409399598836898,3.9780035945094245,1.0,BULL,-0.0611115784541274
2010-09-14,41.38810729980469,0.2439915686845779,4.028386730560537,1.0,BULL,-0.05713743441893249
2010-09-15,41.6497802734375,0.2481351047754287,4.096797970735644,1.0,BULL,-0.051176261817453716
2010-09-16,41.815528869628906,0.2516334950923919,4.154557626969483,1.0,BULL,-0.04740034267443882
2010-09-17,41.95714569091797,0.2543126344680786,4.1987911616302265,1.0,BULL,-0.04417416954980613
2010-09-20,42.691551208496094,0.2675614655017853,4.417534028112711,1.0,BULL,-0.027443675800364553
2010-09-21,42.68281173706055,0.2667182385921478,4.403612054857863,1.0,BULL,-0.02764276971881441
2010-09-22,42.569149017333984,0.265453040599823,4.382723190413526,1.0,BULL,-0.030232120392813755
2010-09-23,42.55167007446289,0.2646584212779999,4.369603745552637,1.0,BULL,-0.030630308229713576
2010-09-24,43.417213439941406,0.2796451151371002,4.617039339341615,1.0,BULL,-0.010912362871999703
2010-09-27,43.18115234375,0.2764438390731811,4.564185144066433,1.0,BULL,-0.01629007123582138
2010-09-28,43.16366958618164,0.2771385014057159,4.575654263830243,1.0,BULL,-0.016688345975348184
2010-09-29,43.093746185302734,0.2749061584472656,4.538797495375647,1.0,BULL,-0.018281271128201215
2010-09-30,42.90138244628906,0.2711838185787201,4.47734035317222,1.0,BULL,-0.022663509899773504
2010-10-01,42.848907470703125,0.2703406512737274,4.46341936401105,1.0,BULL,-0.02385894243674269
2010-10-04,42.38555908203125,0.2609618902206421,4.308572715911545,1.0,BULL,-0.03441448312229323
2010-10-05,43.417213439941406,0.2803891897201538,4.62932427276403,1.0,BULL,-0.010912362871999703
2010-10-06,43.041282653808594,0.2732435762882232,4.511347678383768,1.0,BULL,-0.019476442957289453
2010-10-07,43.19862747192383,0.2759226560592651,4.555580228950833,1.0,BULL,-0.015891970301548652
2010-10-08,43.49589920043945,0.2814810574054718,4.6473513927943495,1.0,BULL,-0.009119822384934806
2010-10-11,43.51338195800781,0.2820517718791961,4.656774089755907,1.0,BULL,-0.008721547645408112
2010-10-12,43.81066131591797,0.2879073023796081,4.753450960581498,1.0,BULL,-0.0019492259235402987
2010-10-13,44.16910171508789,0.2949032187461853,4.868956003690851,1.0,BULL,0.0
2010-10-14,44.08167266845703,0.2932664155960083,4.841931807214468,1.0,BULL,-0.00197941645258759
2010-10-15,45.01717376708984,0.311973512172699,5.150792560162357,1.0,BULL,0.0
2010-10-18,44.85105514526367,0.311973512172699,5.150792560162357,1.0,BULL,-0.0036901166360561177
2010-10-19,44.4313850402832,0.299567848443985,4.945970682841043,1.0,BULL,-0.013012561158045832
2010-10-20,44.7548713684082,0.3057960271835327,5.048800107338034,1.0,BULL,-0.005826718488342597
2010-10-21,44.84228897094727,0.307929128408432,5.084018359819682,1.0,BULL,-0.003884846193307978
2010-10-22,45.1483039855957,0.3139333724975586,5.183150544370504,1.0,BULL,0.0
2010-10-25,45.36688232421875,0.3186970949172973,5.261801279259451,1.0,BULL,0.0
2010-10-26,45.48927688598633,0.3206072747707367,5.293339021387447,1.0,BULL,0.0
2010-10-27,45.62916564941406,0.3239075839519501,5.347828288307707,1.0,BULL,0.0
2010-10-28,45.725345611572266,0.3257683217525482,5.378549724730259,1.0,BULL,0.0
2010-10-29,45.62042617797852,0.3242048919200897,5.352736947570815,1.0,BULL,-0.002294557475519432
2010-11-01,45.655399322509766,0.3249498903751373,5.365037134445229,1.0,BULL,-0.0015297049836797694
2010-11-02,46.14497756958008,0.3347993195056915,5.527654678268696,1.0,BULL,0.0
2010-11-03,46.35482406616211,0.3396373987197876,5.607533070020262,1.0,BULL,0.0
2010-11-04,46.923095703125,0.3516715168952942,5.806220599403207,1.0,BULL,0.0
2010-11-05,46.923095703125,0.3520925641059875,5.813172237140694,1.0,BULL,0.0
2010-11-08,46.98429870605469,0.3529863059520721,5.827928229787179,1.0,BULL,0.0
2010-11-09,46.73076629638672,0.3472793102264404,5.733703720405788,1.0,BULL,-0.0053961092673561195
2010-11-10,46.96685028076172,0.3525889217853546,5.821367277239639,1.0,BULL,-0.000371367153996105
2010-11-11,46.66958236694336,0.3466590940952301,5.72346373364511,1.0,BULL,-0.006698330033194089
2010-11-12,45.908935546875,0.3290190100669861,5.432219733664045,1.0,BULL,-0.022887713316898095
2010-11-15,45.734073638916016,0.3254958391189575,5.374050940483809,1.0,BULL,-0.026609422755469625
2010-11-16,44.982200622558594,0.3093439936637878,5.107378283488088,1.0,BULL,-0.042612066980539876
2010-11-17,45.11332321166992,0.312270849943161,5.155701711472303,1.0,BULL,-0.03982129234470533
2010-11-18,45.8390007019043,0.3267858028411865,5.3953486958511245,1.0,BULL,-0.024376185995999555
2010-11-19,45.87397766113281,0.3275547325611114,5.4080439963370335,1.0,BULL,-0.023631746679211196
2010-11-22,46.25865936279297,0.3361894488334656,5.550606203060964,1.0,BULL,-0.015444294439755257
2010-11-23,45.52424240112305,0.320309966802597,5.2884303621243385,1.0,BULL,-0.031075409129039278
2010-11-24,46.4422607421875,0.3390171229839325,5.597292099165905,1.0,BULL,-0.01153657666060548
2010-11-26,46.136260986328125,0.336883932352066,5.56207237054374,1.0,BULL,-0.018049385498591697
2010-11-29,46.10128784179688,0.3321945667266845,5.484649292517408,1.0,BULL,-0.018793743624484827
2010-11-30,45.54174041748047,0.3195659518241882,5.276146412795602,1.0,BULL,-0.030702986493407414
2010-12-01,46.503448486328125,0.3398860096931457,5.611637724748894,1.0,BULL,-0.010234274703872503
2010-12-02,46.97557830810547,0.3502071499824524,5.782043385935681,1.0,BULL,-0.00018560238610298985
2010-12-03,47.09798049926758,0.3531348705291748,5.830381083278217,1.0,BULL,0.0
2010-12-06,47.08047866821289,0.3525146245956421,5.8201406044707005,1.0,BULL,-0.00037160470298636117
2010-12-07,47.10670852661133,0.3528376519680023,5.825473900155626,1.0,BULL,0.0
2010-12-08,47.28157424926758,0.3577252626419067,5.906170073753148,1.0,BULL,0.0
2010-12-09,47.32529067993164,0.358096718788147,5.9123029455510006,1.0,BULL,0.0
2010-12-10,47.64002227783203,0.3656148314476013,6.03642963336847,1.0,BULL,0.0
2010-12-13,47.47392272949219,0.3613227605819702,5.965566031749162,1.0,BULL,-0.003486554799894237
2010-12-14,47.56134414672852,0.3628357350826263,5.990545773610647,1.0,BULL,-0.0016515133146803862
2010-12-15,47.35150909423828,0.3591390252113342,5.9295117916885225,1.0,BULL,-0.006056109334105053
2010-12-16,47.71872329711914,0.3666323721408844,6.0532295885830125,1.0,BULL,0.0
2010-12-17,47.76077651977539,0.3677490353584289,6.0716660915831495,1.0,BULL,0.0
2010-12-20,47.79581069946289,0.3687407970428467,6.0880404262821965,1.0,BULL,0.0
2010-12-21,48.08489608764648,0.374819278717041,6.188398299508279,1.0,BULL,0.0
2010-12-22,48.07614135742188,0.3752165734767914,6.194957775915305,1.0,BULL,-0.00018206819473287617
2010-12-23,47.953495025634766,0.3723631203174591,6.147846259294867,1.0,BULL,-0.0027326889044784197
2010-12-27,47.979774475097656,0.3725126981735229,6.15031584237842,1.0,BULL,-0.002186166990092109
2010-12-28,47.892189025878906,0.3708997368812561,6.1236852833730175,1.0,BULL,-0.004007642262890965
2010-12-29,47.99728775024414,0.3731080889701843,6.160145954122442,1.0,BULL,-0.0018219512680790473
2010-12-30,47.883399963378906,0.3703042566776275,6.113853695488479,1.0,BULL,-0.0041904244505446275
2010-12-31,47.70820236206055,0.3669047951698303,6.057727388735786,1.0,BULL,-0.007833930323969396
2011-01-03,48.452823638916016,0.3834787309169769,6.331368905108348,1.0,BULL,0.0
2011-01-04,48.417781829833984,0.3828832507133484,6.321537317223811,1.0,BULL,-0.000723215004829747
2011-01-05,48.82951354980469,0.3923859298229217,6.478429896078728,1.0,BULL,0.0
2011-01-06,48.9871940612793,0.395933985710144,6.537009548369298,1.0,BULL,0.0
2011-01-07,48.943389892578125,0.3950155675411224,6.52184614094035,1.0,BULL,-0.00089419632090737
2011-01-10,49.12736511230469,0.3994572460651397,6.595179817690051,1.0,BULL,0.0
2011-01-11,49.19743728637695,0.4012931287288666,6.625490887049108,1.0,BULL,0.0
2011-01-12,49.54785537719727,0.409431517124176,6.759858545720933,1.0,BULL,0.0
2011-01-13,49.56539535522461,0.410721480846405,6.781156301088248,1.0,BULL,0.0
2011-01-14,49.93330764770508,0.4196286797523498,6.928217292058627,1.0,BULL,0.0
2011-01-18,50.07346725463867,0.4229775071144104,6.983507611232331,1.0,BULL,0.0
2011-01-19,49.50405883789063,0.4088112115859985,6.7496170828197375,1.0,BULL,-0.011371459736399414
2011-01-20,49.15365219116211,0.399630606174469,6.598042054150907,1.0,BULL,-0.018369310413417717
2011-01-21,48.77695083618164,0.3905004858970642,6.447300552826874,1.0,BULL,-0.025892283669190608
2011-01-24,49.45149612426758,0.4066275656223297,6.713564318899615,1.0,BULL,-0.012421171619855786
2011-01-25,49.52156448364258,0.4080414175987243,6.736907512975504,1.0,BULL,-0.011021860503278136
2011-01-26,49.78437423706055,0.4143686592578888,6.841372501164415,1.0,BULL,-0.0057733772680049755
2011-01-27,50.09098434448242,0.422357439994812,6.973270084705846,1.0,BULL,0.0
2011-01-28,48.82075881958008,0.3905004858970642,6.447300552826874,1.0,BULL,-0.025358366211508887
2011-01-31,49.05728530883789,0.3962817192077636,6.542750750883526,1.0,BULL,-0.02063642887381978
2011-02-01,49.97711944580078,0.4182881414890289,6.9060845332059975,1.0,BULL,-0.0022731615313961173
2011-02-02,49.89825439453125,0.416402667760849,6.874954697907306,1.0,BULL,-0.003847597576157491
2011-02-03,49.985870361328125,0.4180156886577606,6.901586241006386,1.0,BULL,-0.002098461120895845
2011-02-04,50.26618957519531,0.4255585074424743,7.026120835653156,1.0,BULL,0.0
2011-02-07,50.50270462036133,0.4317361712455749,7.128116240758511,1.0,BULL,0.0
2011-02-08,50.83560943603516,0.4409415125846863,7.2800996683034835,1.0,BULL,0.0
2011-02-09,50.748008728027344,0.4382615089416504,7.235851864284417,1.0,BULL,-0.0017232154582123016
2011-02-10,50.82683181762695,0.4403955638408661,7.271085862264904,1.0,BULL,-0.00017266672920002168
2011-02-11,51.19476318359375,0.449426531791687,7.420190323756503,1.0,BULL,0.0
2011-02-14,51.31741714477539,0.4522553086280823,7.466894425594478,1.0,BULL,0.0
2011-02-15,51.247337341308594,0.4510892033576965,7.447641616888896,1.0,BULL,-0.001365614393044945
2011-02-16,51.58022689819336,0.4594256579875946,7.585279418850879,1.0,BULL,0.0
2011-02-17,51.56270217895508,0.459028422832489,7.578720926537532,1.0,BULL,-0.0003397565364121613
2011-02-18,51.44882583618164,0.4564236104488373,7.535714556692565,1.0,BULL,-0.002547508413855426
2011-02-22,49.95957565307617,0.416229248046875,6.872091477352773,1.0,BULL,-0.03142001000336725
2011-02-23,49.54785537719727,0.4059577584266662,6.702505566199299,1.0,BULL,-0.03940214386818197
2011-02-24,49.8106575012207,0.4117380380630493,6.797940018757114,1.0,BULL,-0.03430712704047134
2011-02-25,50.50270462036133,0.4293790757656097,7.089199764237016,1.0,BULL,-0.020890219811533495
2011-02-28,50.60784530639648,0.4325049817562103,7.140809573057067,1.0,BULL,-0.018851828506224355
2011-03-01,49.79314422607422,0.4117132723331451,6.797531127834133,1.0,BULL,-0.03464666170713826
2011-03-02,50.055946350097656,0.4175193309783935,6.893391200907442,1.0,BULL,-0.02955164487942752
2011-03-03,51.04584503173828,0.4424297213554382,7.304670519241988,1.0,BULL,-0.010360207749954609
2011-03-04,50.78304672241211,0.4358796179294586,7.196526004793104,1.0,BULL,-0.015455150621083713
2011-03-07,50.09973907470703,0.4185120463371277,6.909781281105329,1.0,BULL,-0.028702623321305798
2011-03-08,50.30122375488281,0.4228784143924713,6.981871555493575,1.0,BULL,-0.024796384588128717
2011-03-09,49.95957565307617,0.414343774318695,6.840961642054079,1.0,BULL,-0.03142001000336725
2011-03-10,49.17992401123047,0.3953879773616791,6.527994758237043,1.0,BULL,-0.04653533013145705
2011-03-11,49.48651885986328,0.4019876718521118,6.636958038625563,1.0,BULL,-0.04059129174562459
2011-03-14,49.31133270263672,0.3980681002140045,6.572244530443463,1.0,BULL,-0.04398767380443824
2011-03-15,48.61051177978516,0.3817913830280304,6.303510197193491,1.0,BULL,-0.057574681171327136
2011-03-16,47.4366455078125,0.3537551164627075,5.840621562085735,1.0,BULL,-0.08033274841072857
2011-03-17,47.87464141845703,0.3629853725433349,5.993016340787878,1.0,BULL,-0.07184120161104057
2011-03-18,47.76675796508789,0.36099973320961,5.960232736064237,1.0,BULL,-0.07393276769860502
2011-03-21,48.687870025634766,0.3811464607715606,6.29286230360351,1.0,BULL,-0.05607491565066969
2011-03-22,48.60015487670898,0.380104124546051,6.27565296541915,1.0,BULL,-0.05777547329069155
2011-03-23,48.872100830078125,0.3858605623245239,6.3706937805059844,1.0,BULL,-0.0525031825366028
2011-03-24,49.7405891418457,0.4068505465984344,6.717245813346945,1.0,BULL,-0.035665561533466006
2011-03-25,49.8634033203125,0.4098277688026428,6.7664008004886025,1.0,BULL,-0.03328452938505766
2011-03-28,49.59144592285156,0.4028813540935516,6.65171304717837,1.0,BULL,-0.03855704200889154
2011-03-29,50.073951721191406,0.4144428670406341,6.8425976977928356,1.0,BULL,-0.029202569813718937
2011-03-30,50.31079864501953,0.4205461740493774,6.943365446035575,1.0,BULL,-0.024610753568016785
2011-03-31,50.3809928894043,0.4223325550556183,6.972859225595512,1.0,BULL,-0.02324987850782534
2011-04-01,50.40729522705078,0.4229775071144104,6.983507611232331,1.0,BULL,-0.022739947876880384
2011-04-04,50.24061584472656,0.4191570580005646,6.920430650835826,1.0,BULL,-0.0259714067584631
2011-04-05,50.109031677246094,0.4143933057785034,6.8417794239000385,1.0,BULL,-0.028522465088240967
2011-04-06,50.23183822631836,0.4175193309783935,6.893391200907442,1.0,BULL,-0.026141580852996005
2011-04-07,50.19677734375,0.4174202382564544,6.891755145168686,1.0,BULL,-0.026821315795565348
2011-04-08,49.95991134643555,0.4111682772636413,6.788533067294393,1.0,BULL,-0.031413501824176016
2011-04-11,49.79320907592773,0.4074459671974182,6.727076417137806,1.0,BULL,-0.03464540444524922
2011-04-12,49.45108795166016,0.3994076550006866,6.594361051750415,1.0,BULL,-0.04127820047662045
2011-04-13,49.87217712402344,0.4089350700378418,6.751662029481474,1.0,BULL,-0.0331144292471065
2011-04-14,49.78444290161133,0.4067018628120422,6.714790991668552,1.0,BULL,-0.03481535667003688
2011-04-15,49.69673156738281,0.4040723741054535,6.6713772070411235,1.0,BULL,-0.03651584035347699
2011-04-18,49.34581756591797,0.3962817192077636,6.542750750883526,1.0,BULL,-0.04331910630570823
2011-04-19,49.65283966064453,0.4034273326396942,6.660727345263789,1.0,BULL,-0.03736678478272337
2011-04-20,50.77574920654297,0.4302726984024048,7.103953788696146,1.0,BULL,-0.015596629561910103
2011-04-21,51.179290771484375,0.4411892592906952,7.284190053673793,1.0,BULL,-0.0077730586082983555
2011-04-25,51.31087112426758,0.444463849067688,7.338254684172235,1.0,BULL,-0.0052220742351022365
2011-04-26,51.60037612915039,0.4521057307720184,7.4644248425109225,1.0,BULL,0.0
2011-04-27,51.95127868652344,0.4614845216274261,7.619271982657265,1.0,BULL,0.0
2011-04-28,51.872337341308594,0.4607900083065033,7.60780532312765,1.0,BULL,-0.001519526510428748
2011-04-29,51.82845306396485,0.4585568010807037,7.570934285314729,1.0,BULL,-0.0023642463797614033
2011-05-02,51.73196029663086,0.4560758173465729,7.529972370084661,1.0,BULL,-0.00422161678090649
2011-05-03,51.486328125,0.4492275416851043,7.416904927014344,1.0,BULL,-0.008949742398622562
2011-05-04,51.40737533569336,0.4465979039669037,7.373488682152722,1.0,BULL,-0.010469489194135484
2011-05-05,51.12665939331055,0.4398992359638214,7.2628913142127995,1.0,BULL,-0.015872935451477166
2011-05-06,51.29332733154297,0.4437197744846344,7.325969750749821,1.0,BULL,-0.012664776914358189
2011-05-09,51.486328125,0.4485329091548919,7.405436299297373,1.0,BULL,-0.008949742398622562
2011-05-10,51.92495727539063,0.4600458741188049,7.595519405611557,1.0,BULL,-0.0005066556935322541
2011-05-11,51.547733306884766,0.4501211941242218,7.431659443520314,1.0,BULL,-0.0077677660654645875
2011-05-12,51.85478210449219,0.4580604434013366,7.562739245215785,1.0,BULL,-0.0018574438295063667
2011-05-13,51.24070739746094,0.4418342411518097,7.294838931357451,1.0,BULL,-0.013677647731254572
2011-05-16,50.35466003417969,0.4188588559627533,6.915507230167557,1.0,BULL,-0.03073300008605806
2011-05-17,50.495025634765625,0.4222829937934875,6.972040951702714,1.0,BULL,-0.02803113010066438
2011-05-18,50.916107177734375,0.4325545132160187,7.141627354903026,1.0,BULL,-0.01992581385792902
2011-05-19,51.065242767333984,0.4362768232822418,7.203084005059614,1.0,BULL,-0.017055132069719314
2011-05-20,50.67924118041992,0.4266504049301147,7.044148447730314,1.0,BULL,-0.024485201101190457
2011-05-23,49.9335823059082,0.4081405699253082,6.738544552807939,1.0,BULL,-0.03883824290043203
2011-05-24,49.62654113769531,0.4004499018192291,6.61156891379426,1.0,BULL,-0.04474841827966747
2011-05-25,49.81953430175781,0.4049155414104461,6.685298196202293,1.0,BULL,-0.041033530620654735
2011-05-26,50.1265754699707,0.4125079214572906,6.810651064741862,1.0,BULL,-0.035123355241419185
2011-05-27,50.3809928894043,0.4186606407165527,6.912234626643205,1.0,BULL,-0.03022612410744152
2011-05-31,51.19684982299805,0.4388073086738586,7.244863210088802,1.0,BULL,-0.0145218536020576
2011-06-01,50.082706451416016,0.4107710719108581,6.781975067027884,1.0,BULL,-0.0359677813973065
2011-06-02,50.1879768371582,0.4131528735160827,6.821299450378681,1.0,BULL,-0.0339414523366226
2011-06-03,49.43354797363281,0.3943952918052673,6.5116051700859945,1.0,BULL,-0.04846330593868031
2011-06-06,49.030006408691406,0.3848678767681122,6.354304192354937,1.0,BULL,-0.05623099857578351
2011-06-07,48.94229507446289,0.3826355636119842,6.317447915947177,1.0,BULL,-0.05791933688902828
2011-06-08,48.59138107299805,0.37439826130867,6.181447153817629,1.0,BULL,-0.06467401185251243
2011-06-09,48.67910385131836,0.3760359287261963,6.208485619652335,1.0,BULL,-0.06298545325418348
2011-06-10,47.93342590332031,0.3587675392627716,5.923378427843832,1.0,BULL,-0.0773388621952319
2011-06-13,47.93342590332031,0.3590151965618133,5.927467337073625,1.0,BULL,-0.0773388621952319
2011-06-14,48.54750442504883,0.3723631203174591,6.147846259294867,1.0,BULL,-0.06551858486512241
2011-06-15,47.62638092041016,0.3520182371139526,5.811945072324917,1.0,BULL,-0.08324911100282861
2011-06-16,47.44215393066406,0.3471059799194336,5.730841975991771,1.0,BULL,-0.08679526028738682
2011-06-17,47.293582916259766,0.3445259034633636,5.688244005022945,1.0,BULL,-0.08965507467811207
2011-06-20,47.53976058959961,0.3490903973579407,5.763605406795026,1.0,BULL,-0.08491644880471849
2011-06-21,48.55965805053711,0.3723631203174591,6.147846259294867,1.0,BULL,-0.0652846421057609
2011-06-22,48.20797348022461,0.3639770746231079,6.009389691393248,1.0,BULL,-0.07205414959824408
2011-06-23,48.65636444091797,0.3740504086017608,6.175703983116046,1.0,BULL,-0.06342315971637857
2011-06-24,47.81232070922852,0.3543505370616913,5.850452165876595,1.0,BULL,-0.07966999238401018
2011-06-27,48.577239990234375,0.3715694844722748,6.1347430519796555,1.0,BULL,-0.06494621078815355
2011-06-28,49.29821395874024,0.3882425129413605,6.410020624090975,1.0,BULL,-0.051068323915411606
2011-06-29,49.50042343139648,0.3931052982807159,6.49030692267184,1.0,BULL,-0.047176033335301404
2011-06-30,50.15985870361328,0.4080414175987243,6.736907512975504,1.0,BULL,-0.03448269278836569
2011-07-01,50.91598129272461,0.426947683095932,7.049056614946584,1.0,BULL,-0.019928236993854598
2011-07-05,51.17097473144531,0.4331004619598388,7.150641160941603,1.0,BULL,-0.0150199181773083
2011-07-06,51.33800506591797,0.4377155303955078,7.226837566198999,1.0,BULL,-0.011804783945858044
2011-07-07,52.041412353515625,0.455430805683136,7.519323000354164,1.0,BULL,0.0
2011-07-08,51.900726318359375,0.4516598880290985,7.457063821803617,1.0,BULL,-0.0027033477531427375
2011-07-11,50.9599494934082,0.4274439513683319,7.057250178905011,1.0,BULL,-0.020780813033302814
2011-07-12,50.573089599609375,0.4170228540897369,6.885194192621144,1.0,BULL,-0.028214506246140747
2011-07-13,50.78410720825195,0.4225811958312988,6.976964372370983,1.0,BULL,-0.024159704519985725
2011-07-14,50.195011138916016,0.4080414175987243,6.736907512975504,1.0,BULL,-0.03547946012796632
2011-07-15,50.863224029541016,0.4242686033248901,7.004824064379518,1.0,BULL,-0.02263943791477474
2011-07-18,50.59067535400391,0.4172715544700622,6.889300323490294,1.0,BULL,-0.027876587776997752
2011-07-19,51.74245834350586,0.4466970264911651,7.375125229938316,1.0,BULL,-0.005744540674241905
2011-07-20,51.52265167236328,0.4404451251029968,7.271904136157701,1.0,BULL,-0.00996822833378197
2011-07-21,51.86554718017578,0.4493770897388458,7.419374018051061,1.0,BULL,-0.00337933129380108
2011-07-22,52.40187454223633,0.4633205235004425,7.649585020203678,1.0,BULL,0.0
2011-07-25,52.29636764526367,0.4605917930603027,7.604532719603298,1.0,BULL,-0.0020134183728029997
2011-07-26,52.42823028564453,0.4631222784519195,7.646311924632487,1.0,BULL,0.0
2011-07-27,51.074249267578125,0.4279899597167969,7.066264969037268,1.0,BULL,-0.025825419066970556
2011-07-28,51.16217803955078,0.4302726984024048,7.103953788696146,1.0,BULL,-0.024148292612508948
2011-07-29,50.99512100219727,0.4261044561862945,7.0351346416917355,1.0,BULL,-0.02733468735525224
2011-08-01,50.757720947265625,0.4203480184078216,6.940093826604901,1.0,BULL,-0.031862783261564886
2011-08-02,49.47406005859375,0.3884406387805938,6.413291751474809,1.0,BULL,-0.056346937727166924
2011-08-03,49.9488410949707,0.3985140025615692,6.579606535244447,1.0,BULL,-0.047291109716375734
2011-08-04,47.627685546875,0.3442772328853607,5.684138366200635,1.0,BULL,-0.0915641194183886
2011-08-05,47.3287467956543,0.3366847932338714,5.558784513567389,1.0,BULL,-0.09726598556172383
2011-08-08,44.48004150390625,0.2775357365608215,4.5822127561435915,1.0,BULL,-0.15160131742830518
2011-08-09,46.6253547668457,0.3155463337898254,5.2097811033759065,1.0,BULL,-0.11068226959374827
2011-08-10,44.71744155883789,0.2783293426036834,4.595315471411964,1.0,BULL,-0.14707322152199265
2011-08-11,46.68691635131836,0.3140572309494018,5.185195491032239,1.0,BULL,-0.10950806279452485
2011-08-12,47.10013198852539,0.3220469057559967,5.317107835978833,1.0,BULL,-0.10162651434332381
2011-08-15,47.79473876953125,0.3359408378601074,5.546501548332331,1.0,BULL,-0.08837779743601204
2011-08-16,47.39028549194336,0.3273069560527801,5.403953118919885,1.0,BULL,-0.09609221532470114
2011-08-17,47.10894012451172,0.3219973742961883,5.316290054132874,1.0,BULL,-0.10145851065641054
2011-08-18,44.79656982421875,0.2753025591373443,4.54534221037751,1.0,BULL,-0.14556395323371085
2011-08-19,43.98767852783203,0.2598700225353241,4.290545595881225,1.0,BULL,-0.160992497969622
2011-08-22,44.14594650268555,0.2622023820877075,4.329053673526579,1.0,BULL,-0.157973743111958
2011-08-23,45.965946197509766,0.2946555912494659,4.864867586507895,1.0,BULL,-0.12325962659670808
2011-08-24,46.32641220092773,0.3016029596328735,4.979571085316966,1.0,BULL,-0.11638420849745057
2011-08-25,45.57029342651367,0.2871127128601074,4.740332007767448,1.0,BULL,-0.13080618631921748
2011-08-26,46.71327972412109,0.3078548312187195,5.082791687050744,1.0,BULL,-0.10900521589965373
2011-08-29,48.0145378112793,0.3340552449226379,5.515369744846282,1.0,BULL,-0.08418541786205891
2011-08-30,48.33105850219727,0.3408531546592712,5.627605628759154,1.0,BULL,-0.07814819918819793
2011-08-31,48.41019821166992,0.3428385853767395,5.660385789154927,1.0,BULL,-0.07663871261881583
2011-09-01,47.97057342529297,0.3331625163555145,5.5006304817923155,1.0,BULL,-0.08502398108928966
2011-09-02,46.845176696777344,0.3098394274711609,5.115558070135032,1.0,BULL,-0.10648945345759442
2011-09-06,46.853946685791016,0.3097898364067077,5.114739304195394,1.0,BULL,-0.10632217737434901
2011-09-07,48.04092788696289,0.3332121074199676,5.5014492477319505,1.0,BULL,-0.08368206164462
2011-09-08,47.82110595703125,0.3285970687866211,5.425253334521395,1.0,BULL,-0.08787487778077385
2011-09-09,46.75724411010742,0.3069621324539184,5.068052916043614,1.0,BULL,-0.10816665267242276
2011-09-12,47.35511779785156,0.3184742033481598,5.258121260952638,1.0,BULL,-0.09676299314611891
2011-09-13,47.988162994384766,0.3308302164077759,5.462123388240639,1.0,BULL,-0.08468848303803056
2011-09-14,48.6739616394043,0.3451213538646698,5.698075100860645,1.0,BULL,-0.07160776981763195
2011-09-15,49.39492416381836,0.360801637172699,5.95696210072724,1.0,BULL,-0.05785635153618229
2011-09-16,49.847686767578125,0.3702298700809479,6.112625546579026,1.0,BULL,-0.04922049636249093
2011-09-19,49.86531066894531,0.3711722195148468,6.128184067619468,1.0,BULL,-0.0488843434679308
2011-09-20,49.64508438110352,0.365913063287735,6.041353546083577,1.0,BULL,-0.053084872202963984
2011-09-21,48.781856536865234,0.347304105758667,5.7341131033756065,1.0,BULL,-0.06954981560340245
2011-09-22,47.19629669189453,0.3135122060775757,5.176196938445661,1.0,BULL,-0.09979229825696723
2011-09-23,47.69839096069336,0.3232873380184173,5.33758780950019,1.0,BULL,-0.09021550601997441
2011-09-26,48.25333404541016,0.3342534303665161,5.518641856323796,1.0,BULL,-0.07963069166150172
2011-09-27,48.75541687011719,0.3444763422012329,5.687425731130149,1.0,BULL,-0.07005411770560954
2011-09-28,48.03310775756836,0.3282492756843567,5.41951114791349,1.0,BULL,-0.08383122039653523
2011-09-29,47.4605712890625,0.318523645401001,5.258937566658081,1.0,BULL,-0.09475160556663376
2011-09-30,46.23617935180664,0.2937619388103485,4.850113070001927,1.0,BULL,-0.11810528221345185
2011-10-03,45.04702377319336,0.270737886428833,4.469977856324397,1.0,BULL,-0.14078687135225
2011-10-04,45.97192001342773,0.2872117757797241,4.741967571459365,1.0,BULL,-0.12314568386231828
2011-10-05,47.15227890014648,0.3090458214282989,5.102455354866658,1.0,BULL,-0.1006318801293331
2011-10-06,47.945045471191406,0.3249250948429107,5.36462775147541,1.0,BULL,-0.08551089346383434
2011-10-07,47.62791442871094,0.3182254433631897,5.254014145989811,1.0,BULL,-0.09155975379638126
2011-10-10,49.2751350402832,0.350876897573471,5.793101154542317,1.0,BULL,-0.0601411725740566
2011-10-11,49.60983657836914,0.3583702445030212,5.916818951436806,1.0,BULL,-0.05375717799208457
2011-10-12,49.856483459472656,0.3641267120838165,6.011860258570479,1.0,BULL,-0.04905271095667807
2011-10-13,50.31453704833984,0.3739018738269806,6.173251621671848,1.0,BULL,-0.04031593715425197
2011-10-14,51.24825286865234,0.3944953680038452,6.513257463370429,1.0,BULL,-0.022506527696306566
2011-10-17,50.45547866821289,0.3762341439723968,6.211758223176685,1.0,BULL,-0.03762765988253858
2011-10-18,51.08088302612305,0.3898802995681762,6.437061058113033,1.0,BULL,-0.025698888789126295
2011-10-19,50.09431838989258,0.3674012422561645,6.065923904975244,1.0,BULL,-0.044516320368551576
2011-10-20,49.847686767578125,0.3627366125583648,5.988909225825052,1.0,BULL,-0.04922049636249093
2011-10-21,50.47308349609375,0.3756386339664459,6.201926143245309,1.0,BULL,-0.03729187078981233
2011-10-24,51.52130889892578,0.3991094827651977,6.589438123128984,1.0,BULL,-0.017298340641627163
2011-10-25,50.508338928222656,0.3764818012714386,6.21584713240648,1.0,BULL,-0.03661941947995839
2011-10-26,50.4466667175293,0.3749936521053314,6.191277265561651,1.0,BULL,-0.0377957363298187
2011-10-27,51.83842468261719,0.4052136838436126,6.690220632776885,1.0,BULL,-0.011249771350547388
2011-10-28,51.91768646240234,0.4065532684326172,6.712337646130677,1.0,BULL,-0.009737956449428098
2011-10-31,51.04565048217773,0.3864065110683441,6.379707586544564,1.0,BULL,-0.026370903536779733
2011-11-01,49.71556091308594,0.3564847409725189,5.885688624091276,1.0,BULL,-0.05174062442655736
2011-11-02,50.13836669921875,0.3652670085430145,6.030686954713725,1.0,BULL,-0.04367615641325151
2011-11-03,51.17778015136719,0.3874984383583069,6.3977356906685605,1.0,BULL,-0.02385070271234635
2011-11-04,50.913516998291016,0.3814942240715027,6.298603998164578,1.0,BULL,-0.028891177121579514
2011-11-07,51.2746696472168,0.3899792432785034,6.438694653617597,1.0,BULL,-0.02200266215630009
2011-11-08,51.864845275878906,0.4029804170131683,6.653348610870287,1.0,BULL,-0.010745833050174292
2011-11-09,50.041481018066406,0.3612980246543884,5.965157632873021,1.0,BULL,-0.04552412420893115
2011-11-10,50.01505661010742,0.35980886220932,5.940571036435676,1.0,BULL,-0.04602813526967098
2011-11-11,50.95756530761719,0.3800050318241119,6.274016909680393,1.0,BULL,-0.028051013166279448
2011-11-14,50.64044952392578,0.3735540509223938,6.167508943017104,1.0,BULL,-0.03409958245735911
2011-11-15,51.204200744628906,0.385563313961029,6.365786105336554,1.0,BULL,-0.023346764411973253
2011-11-16,50.35857391357422,0.3665581047534942,6.052003407860912,1.0,BULL,-0.0394759914800521
2011-11-17,49.17823028564453,0.3413494527339935,5.63579968476442,1.0,BULL,-0.06198950417157012
2011-11-18,48.79948043823242,0.3331625163555145,5.5006304817923155,1.0,BULL,-0.06921366270884222
2011-11-21,47.865760803222656,0.3138094544410705,5.18110461361509,1.0,BULL,-0.08702314492715446
2011-11-22,48.02429962158203,0.3165390789508819,5.2261716756206305,1.0,BULL,-0.08399922408344862
2011-11-23,46.94085311889648,0.2954986989498138,4.878787591575388,1.0,BULL,-0.10466455069818681
2011-11-25,46.5797119140625,0.2888000011444092,4.7681897315886275,1.0,BULL,-0.11155284738236582
2011-11-28,48.20047378540039,0.3186227083206177,5.260573130349998,1.0,BULL,-0.08063893206408212
2011-11-29,47.9010009765625,0.3128663003444671,5.165532807310002,1.0,BULL,-0.08635098465876767
2011-11-30,49.671504974365234,0.3472049534320831,5.732476063543172,1.0,BULL,-0.052580933902591
2011-12-01,50.01505661010742,0.3546487987041473,5.855376570638541,1.0,BULL,-0.04602813526967098
2011-12-02,49.87409210205078,0.351274162530899,5.799660138902503,1.0,BULL,-0.04871684910358498
2011-12-05,50.42024230957031,0.362786203622818,5.989727991764688,1.0,BULL,-0.038299747390558636
2011-12-06,50.2793083190918,0.3600079715251922,5.943858401365189,1.0,BULL,-0.04098787914153823
2011-12-07,50.2793083190918,0.36055389046669,5.952871715356929,1.0,BULL,-0.04098787914153823
2011-12-08,49.433692932128906,0.342193603515625,5.649736911471269,1.0,BULL,-0.05711688792851677
2011-12-09,50.22645950317383,0.3584197759628296,5.917636733282766,1.0,BULL,-0.04199590126301811
2011-12-12,49.66271209716797,0.3466590940952301,5.72346373364511,1.0,BULL,-0.05274864654803724
2011-12-13,49.11655807495117,0.3349489271640777,5.53012475339909,1.0,BULL,-0.06316582102143042
2011-12-14,48.35024642944336,0.319366842508316,5.272859047866089,1.0,BULL,-0.07778221454325485
2011-12-15,48.21809387207031,0.3168858885765075,5.231897624682858,1.0,BULL,-0.08030285192988873
2011-12-16,48.466346740722656,0.3208559155464172,5.297444168162918,1.0,BULL,-0.07556775278006445
2011-12-19,47.98927688598633,0.311973512172699,5.150792560162357,1.0,BULL,-0.08466723701092849
2011-12-20,49.41163635253906,0.3396622240543365,5.607942945036918,1.0,BULL,-0.057537588369284465
2011-12-21,48.70488357543945,0.3255206048488617,5.374459831406789,1.0,BULL,-0.07101797428444911
2011-12-22,49.12010192871094,0.3334597647190094,5.505538156961745,1.0,BULL,-0.06309822664068443
2011-12-23,49.54417037963867,0.3420945107936859,5.648100855732513,1.0,BULL,-0.055009674945971754
2011-12-27,49.72897338867188,0.3447240889072418,5.691516116500458,1.0,BULL,-0.05148479897693092
2011-12-28,49.15423202514648,0.3336579203605652,5.508809776392419,1.0,BULL,-0.06244723963903309
2011-12-29,49.50790786743164,0.3401585817337036,5.616137985135861,1.0,BULL,-0.055701334992657725
2011-12-30,49.36642837524414,0.3373803198337555,5.570267902689523,1.0,BULL,-0.05839987147608816
2012-01-03,50.31254959106445,0.3565838038921356,5.887324187783193,1.0,BULL,-0.04035384530534836
2012-01-04,50.5247802734375,0.3608510792255401,5.9577784064326815,1.0,BULL,-0.0363058222991024
2012-01-05,50.940372467041016,0.3697334825992584,6.104430014433244,1.0,BULL,-0.02837894413939257
2012-01-06,51.11720657348633,0.3735540509223938,6.167508943017104,1.0,BULL,-0.02500606457657173
2012-01-09,50.94919204711914,0.3704280853271484,6.115898150103376,1.0,BULL,-0.028210722171378877
2012-01-10,51.320579528808594,0.3780204355716705,6.241250526596105,1.0,BULL,-0.021126991142007445
2012-01-11,51.42669677734375,0.3806501030921936,6.284667263504568,1.0,BULL,-0.0191029432587011
2012-01-12,51.63006591796875,0.3851660788059234,6.359227613023205,1.0,BULL,-0.015223942584503547
2012-01-13,51.444366455078125,0.3807490766048431,6.286301351055968,1.0,BULL,-0.018765917239739416
2012-01-17,51.91300964355469,0.3909721076488495,6.455087194049677,1.0,BULL,-0.009827160659109935
2012-01-18,52.60271072387695,0.4065036177635193,6.711517896097363,1.0,BULL,0.0
2012-01-19,52.92986679077149,0.4146410226821899,6.845869317223509,1.0,BULL,0.0
2012-01-20,52.850284576416016,0.4128051698207855,6.8155587399112925,1.0,BULL,-0.0015035408018323482
2012-01-23,52.86797332763672,0.4127556383609772,6.814740958065333,1.0,BULL,-0.0011693485528583292
2012-01-24,52.77073669433594,0.4104728996753692,6.777052138406454,1.0,BULL,-0.0030064329665627776
2012-01-25,53.433876037597656,0.4261540472507477,7.035953407631372,1.0,BULL,0.0
2012-01-26,53.24820327758789,0.421638011932373,6.961392074019056,1.0,BULL,-0.0034748136159750143
2012-01-27,53.40736389160156,0.4258061945438385,7.03021023692979,1.0,BULL,-0.0004961673747463369
2012-01-30,53.45157241821289,0.4265007674694061,7.041677880553083,1.0,BULL,0.0
2012-01-31,53.52230453491211,0.4279899597167969,7.066264969037268,1.0,BULL,0.0
2012-02-01,53.9555892944336,0.438509076833725,7.239939297373695,1.0,BULL,0.0
2012-02-02,54.12358093261719,0.4430252015590668,7.314502107126527,1.0,BULL,0.0
2012-02-03,54.86631774902344,0.4606413841247558,7.605351485542934,1.0,BULL,0.0
2012-02-06,54.82210922241211,0.4601945281028747,7.597973735243111,1.0,BULL,-0.0008057498375151351
2012-02-07,54.93706512451172,0.4621790945529938,7.630739626280561,1.0,BULL,0.0
2012-02-08,55.22887802124024,0.4698705375194549,7.757728058512045,1.0,BULL,0.0
2012-02-09,55.62677764892578,0.4802916049957275,7.929783552749072,1.0,BULL,0.0
2012-02-10,55.23770904541016,0.4700191915035248,7.7601823881436,1.0,BULL,-0.006994268227635381
2012-02-13,55.75057601928711,0.4826735854148865,7.969110888380902,1.0,BULL,0.0
2012-02-14,55.892032623291016,0.4868912696838379,8.038746341090755,1.0,BULL,0.0
2012-02-15,55.50298309326172,0.4760234355926513,7.859314572694421,1.0,BULL,-0.006960733252473927
2012-02-16,56.26341247558594,0.4959223866462707,8.187853262816548,1.0,BULL,0.0
2012-02-17,56.086570739746094,0.4917045533657074,8.118215349872502,1.0,BULL,-0.003143103627363142
2012-02-21,56.245723724365234,0.4958728551864624,8.18703548097059,1.0,BULL,-0.00031439172354463807
2012-02-22,55.98929214477539,0.4893225729465484,8.078888014240672,1.0,BULL,-0.00487208860517474
2012-02-23,56.360687255859375,0.498601496219635,8.232086305430451,1.0,BULL,0.0
2012-02-24,56.555206298828125,0.5034652352333069,8.312388349510156,1.0,BULL,0.0
2012-02-27,56.6347770690918,0.5058966279029846,8.352531498800591,1.0,BULL,0.0
2012-02-28,57.20952987670898,0.5210309028625488,8.60240370853493,1.0,BULL,0.0
2012-02-29,56.95312881469727,0.514183521270752,8.489351026869775,1.0,BULL,-0.004481789355099908
2012-03-01,57.4040641784668,0.526688277721405,8.695808959929845,1.0,BULL,0.0
2012-03-02,57.35985565185547,0.52510005235672,8.669586799800582,1.0,BULL,-0.0007701288618500168
2012-03-05,56.76741790771485,0.508724570274353,8.39922182332708,1.0,BULL,-0.011090613179802755
2012-03-06,56.21035385131836,0.4941360056400299,8.15835948325661,1.0,BULL,-0.020794874792092077
2012-03-07,56.64362716674805,0.5053507685661316,8.343519168902526,1.0,BULL,-0.013247093609166427
2012-03-08,57.25375747680664,0.5213788151741028,8.608147863330188,1.0,BULL,-0.002618398258228849
2012-03-09,57.49248123168945,0.527679979801178,8.712182310535214,1.0,BULL,0.0
2012-03-12,57.51900863647461,0.5285242795944214,8.726121997476257,1.0,BULL,0.0
2012-03-13,58.58892440795898,0.5582974553108215,9.217687614391668,1.0,BULL,0.0
2012-03-14,58.79230499267578,0.5645493268966675,9.320908216125446,1.0,BULL,0.0
2012-03-15,58.96030807495117,0.5688661932945251,9.392181200714571,1.0,BULL,0.0
2012-03-16,58.91868209838867,0.5676258206367493,9.371702211286891,1.0,BULL,-0.0007059999840839382
2012-03-19,59.3349723815918,0.5799818634986877,9.57570483062173,1.0,BULL,0.0
2012-03-20,59.44126129150391,0.5831573605537415,9.628133405381416,1.0,BULL,0.0
2012-03-21,59.45013046264648,0.5829592943191528,9.624863262091258,1.0,BULL,0.0
2012-03-22,59.32610321044922,0.5794359445571899,9.566691516629989,1.0,BULL,-0.0020862402022008286
2012-03-23,59.29067611694336,0.5786423087120056,9.553588309314778,1.0,BULL,-0.0026821529988618753
2012-03-26,60.32698440551758,0.6088622212409973,10.052529708342657,1.0,BULL,0.0
2012-03-27,60.415565490722656,0.611193835735321,10.091025484817044,1.0,BULL,0.0
2012-03-28,60.176414489746094,0.6040481328964233,9.973047414296266,1.0,BULL,-0.003958433543310713
2012-03-29,59.94610977172852,0.5978458523750305,9.870645578502126,1.0,BULL,-0.007770443182663289
2012-03-30,59.83098220825195,0.5936774611473083,9.801823971263522,1.0,BULL,-0.009676037586050068
2012-04-02,60.450984954833984,0.611789345741272,10.10085756474842,1.0,BULL,0.0
2012-04-03,60.43328857421875,0.611839771270752,10.10169010799954,1.0,BULL,-0.00029273932638906874
2012-04-04,59.60954666137695,0.5868796706199646,9.689590055538003,1.0,BULL,-0.013919347949180816
2012-04-05,59.9815559387207,0.5975978970527649,9.866551748803944,1.0,BULL,-0.007765448593832103
2012-04-09,59.52984619140625,0.5838528275489807,9.639615810409872,1.0,BULL,-0.015237779237442739
2012-04-10,58.57324981689453,0.555666983127594,9.174257592218561,1.0,BULL,-0.03106210989518876
2012-04-11,58.8566780090332,0.56370609998703,9.306986242870597,1.0,BULL,-0.026373547875058967
2012-04-12,59.52984619140625,0.5826114416122437,9.619120091389675,1.0,BULL,-0.015237779237442739
2012-04-13,58.62638854980469,0.5562623143196106,9.184086719868905,1.0,BULL,-0.03018307156438471
2012-04-16,57.970947265625,0.5387463569641113,8.894892094971125,1.0,BULL,-0.041025596043835266
2012-04-17,59.148956298828125,0.5705040097236633,9.419222126783469,1.0,BULL,-0.02153858463974856
2012-04-18,58.99839019775391,0.5663357973098755,9.350403471825897,1.0,BULL,-0.024029298416979983
2012-04-19,58.3341064453125,0.5480249524116516,9.048084973645679,1.0,BULL,-0.03501809790366717
2012-04-20,58.1746711730957,0.5421198606491089,8.95058982892729,1.0,BULL,-0.03765552841593944
2012-04-23,57.64323806762695,0.5284746885299683,8.72530323153662,1.0,BULL,-0.0464466689716444
2012-04-24,57.333229064941406,0.5191454291343689,8.571273873236235,1.0,BULL,-0.05157493946909242
2012-04-25,58.8566780090332,0.5603811740875244,9.25209054526155,1.0,BULL,-0.026373547875058967
2012-04-26,59.20210266113281,0.5704048871994019,9.417585578997874,1.0,BULL,-0.020659420101000414
2012-04-27,59.556400299072266,0.5801799893379211,9.578975958005564,1.0,BULL,-0.014798512487928961
2012-04-30,59.131256103515625,0.5681220889091492,9.379895775245318,1.0,BULL,-0.021831387070109676
2012-05-01,59.22868347167969,0.5713480710983276,9.433157877349801,1.0,BULL,-0.02021971162368219
2012-05-02,59.39695739746094,0.575119137763977,9.495419516134541,1.0,BULL,-0.017436069208145444
2012-05-03,58.76810073852539,0.5572550892829895,9.20047778416047,1.0,BULL,-0.02783882210630584
2012-05-04,57.3066635131836,0.5163662433624268,8.525388537337898,1.0,BULL,-0.05201439553052223
2012-05-07,57.35980224609375,0.517110288143158,8.537672978713474,1.0,BULL,-0.05113535719971829
2012-05-08,57.1472053527832,0.5114043951034546,8.443466675065114,1.0,BULL,-0.054652204666627124
2012-05-09,56.97006607055664,0.5085756182670593,8.39676257322714,1.0,BULL,-0.057582500713232676
2012-05-10,56.85493469238281,0.5033652782440186,8.310738024413078,1.0,BULL,-0.059487041693993326
2012-05-11,56.846073150634766,0.5028698444366455,8.302558237766135,1.0,BULL,-0.05963363222109008
2012-05-14,56.31464385986328,0.4889750182628631,8.073149764007475,1.0,BULL,-0.06842470967282299
2012-05-15,56.128639221191406,0.4847076535224914,8.002694069217469,1.0,BULL,-0.07150165935049735
2012-05-16,55.74776840209961,0.4741874039173126,7.829001043101172,1.0,BULL,-0.07780214923294282
2012-05-17,54.56975936889648,0.445009708404541,7.347267014070298,1.0,BULL,-0.09728916063702964
2012-05-18,53.861175537109375,0.4271458387374878,7.052328234377258,1.0,BULL,-0.10901078655125618
2012-05-21,55.36690139770508,0.4630727469921112,7.6454941427865295,1.0,BULL,-0.08410257601141624
2012-05-22,55.30491256713867,0.4613854885101318,7.617636911012187,1.0,BULL,-0.0851280155574009
2012-05-23,55.41118621826172,0.4639654755592346,7.660233405840497,1.0,BULL,-0.08337000199976485
2012-05-24,55.04804992675781,0.4556289911270141,7.522595111831675,1.0,BULL,-0.08937712151610067
2012-05-25,54.9771842956543,0.453048974275589,7.479998124956528,1.0,BULL,-0.09054940400507028
2012-05-29,55.67691040039063,0.4699201285839081,7.758546824451683,1.0,BULL,-0.07897430551396811
2012-05-30,55.20746612548828,0.4585071802139282,7.570115027328255,1.0,BULL,-0.08674000652368863
2012-05-31,54.96834182739258,0.4519571363925934,7.461971496973047,1.0,BULL,-0.09069567901230668
2012-06-01,53.50688552856445,0.4164274930953979,6.875364572923962,1.0,BULL,-0.11487156795638354
2012-06-04,53.914310455322266,0.4253594875335693,7.022834946864159,1.0,BULL,-0.10813181132442429
2012-06-05,54.1357421875,0.4312149584293365,7.119510833596072,1.0,BULL,-0.10446881505822314
2012-06-06,55.375762939453125,0.4606909155845642,7.606169267388894,1.0,BULL,-0.08395598548431948
2012-06-07,55.15433120727539,0.4555299580097198,7.520960040186596,1.0,BULL,-0.08761898175052063
2012-06-08,55.68577575683594,0.4689283072948456,7.742171505658958,1.0,BULL,-0.07882765188289942
2012-06-11,54.74689483642578,0.446498841047287,7.3718531184608045,1.0,BULL,-0.09435892769439602
2012-06-12,55.41118621826172,0.4605917930603027,7.604532719603298,1.0,BULL,-0.08337000199976485
2012-06-13,55.030311584472656,0.451559841632843,7.455412020566022,1.0,BULL,-0.08967055498618248
2012-06-14,55.23406219482422,0.456621766090393,7.538986176123238,1.0,BULL,-0.08630004563048221
2012-06-15,55.92028427124024,0.4734929203987121,7.817534875618393,1.0,BULL,-0.07494833520047461
2012-06-18,56.444068908691406,0.485700398683548,8.019084641462195,1.0,BULL,-0.06628371810875122
2012-06-19,57.02998733520508,0.5016789436340332,8.282896046090737,1.0,BULL,-0.056591263520104906
2012-06-20,57.074363708496094,0.5034652352333069,8.312388349510156,1.0,BULL,-0.05585717501312404
2012-06-21,55.653953552246094,0.4657518565654754,7.689727185400432,1.0,BULL,-0.07935406521782895
2012-06-22,56.23988723754883,0.4802421331405639,7.92896675499679,1.0,BULL,-0.06966135821329433
2012-06-25,55.15680694580078,0.4517588913440704,7.458698401401857,1.0,BULL,-0.08757802727265329
2012-06-26,55.503055572509766,0.4604918360710144,7.602882394506219,1.0,BULL,-0.08185026904062964
2012-06-27,55.84039688110352,0.4689283072948456,7.742171505658958,1.0,BULL,-0.07626985858336743
2012-06-28,55.21895980834961,0.4520561695098877,7.463606568618126,1.0,BULL,-0.08654987425587002
2012-06-29,56.9589729309082,0.4962196052074432,8.192760445939138,1.0,BULL,-0.057766007063984826
2012-07-02,57.12765502929688,0.5001897811889648,8.258309449653392,1.0,BULL,-0.05497561252343752
2012-07-03,57.60704803466797,0.5120989680290222,8.454934318688409,1.0,BULL,-0.04704533635458319
2012-07-05,57.64254379272461,0.5138853192329407,8.484427606201505,1.0,BULL,-0.04645815389455943
2012-07-06,56.923465728759766,0.4936395585536957,8.150162967017152,1.0,BULL,-0.05835337883592484
2012-07-09,56.81692886352539,0.4919523298740387,8.12230622728965,1.0,BULL,-0.060115746567632966
2012-07-10,56.25763702392578,0.476867526769638,7.873250815307592,1.0,BULL,-0.06936773543129637
2012-07-11,55.946922302246094,0.470317393541336,7.765105808811868,1.0,BULL,-0.07450768016357556
2012-07-12,55.42314910888672,0.4567207992076874,7.5406212477683185,1.0,BULL,-0.08317210794338281
2012-07-13,56.26652908325195,0.4765693843364715,7.8683283787330005,1.0,BULL,-0.06922064007242312
2012-07-16,56.106719970703125,0.4729965329170227,7.809339343472613,1.0,BULL,-0.07186425477395753
2012-07-17,56.399688720703125,0.4802421331405639,7.92896675499679,1.0,BULL,-0.06701786971970414
2012-07-18,57.16315841674805,0.4997923672199249,8.251748005059012,1.0,BULL,-0.054388303855469666
2012-07-19,57.79348373413086,0.5160689949989319,8.520480862168467,1.0,BULL,-0.04396125592806599
2012-07-20,57.02998733520508,0.4962196052074432,8.192760445939138,1.0,BULL,-0.056591263520104906
2012-07-23,56.3375358581543,0.4778602123260498,7.88964040345864,1.0,BULL,-0.0680460227364873
2012-07-24,55.89365005493164,0.4669428467750549,7.709390853216347,1.0,BULL,-0.07538892713340173
2012-07-25,55.520790100097656,0.4565227031707763,7.537350612431321,1.0,BULL,-0.08155689867451998
2012-07-26,56.25763702392578,0.474386602640152,7.832289884171201,1.0,BULL,-0.06936773543129637
2012-07-27,57.58928680419922,0.5103124976158142,8.425439062987955,1.0,BULL,-0.04733914844849729
2012-07-30,57.544898986816406,0.5072361826896667,8.374648020107543,1.0,BULL,-0.048073426267394415
2012-07-31,57.52716445922852,0.5075335502624512,8.379557663464327,1.0,BULL,-0.04836679663350396
2012-08-01,57.35847473144531,0.5025714635848999,8.297631864816834,1.0,BULL,-0.05115731738199536
2012-08-02,57.15427780151367,0.4973113238811493,8.210785105735265,1.0,BULL,-0.05453520990242677
2012-08-03,58.23735427856445,0.5255964398384094,8.677782331946364,1.0,BULL,-0.03661860394703986
2012-08-06,58.681243896484375,0.5374066829681396,8.872773605476818,1.0,BULL,-0.029275636446153386
2012-08-07,59.16952133178711,0.550705075263977,9.0923347458521,1.0,BULL,-0.021198391126369898
2012-08-08,59.142852783203125,0.5498113632202148,9.077579245252455,1.0,BULL,-0.021639550995045553
2012-08-09,59.320411682128906,0.5544759631156921,9.154593432355808,1.0,BULL,-0.018702313511513302
2012-08-10,59.35594177246094,0.5567587614059448,9.192283236108365,1.0,BULL,-0.018114563115741
2012-08-13,59.49797821044922,0.5601333975791931,9.247999667844402,1.0,BULL,-0.015764949820036955
2012-08-14,59.52461242675781,0.5609272122383118,9.261105827440646,1.0,BULL,-0.015324357887109952
2012-08-15,59.675540924072266,0.5648971199989319,9.32665040273335,1.0,BULL,-0.012827649232532656
2012-08-16,60.385738372802734,0.585142970085144,9.66091651805822,1.0,BULL,-0.0010793303381243513
2012-08-17,60.65205764770508,0.5931811332702637,9.793629423211417,1.0,BULL,0.0
2012-08-20,60.7408332824707,0.5954638719558716,9.831318242870296,1.0,BULL,0.0
2012-08-21,60.50116729736328,0.5886165499687195,9.71826654529882,1.0,BULL,-0.003945714475020012
2012-08-22,60.74972152709961,0.5949674248695374,9.823121726630838,1.0,BULL,0.0
2012-08-23,60.2525634765625,0.5817683339118958,9.605200086322183,1.0,BULL,-0.008183709127215222
2012-08-24,60.62544631958008,0.5920892953872681,9.775602795227936,1.0,BULL,-0.0020456918055845597
2012-08-27,60.72311019897461,0.5949674248695374,9.823121726630838,1.0,BULL,-0.000438048561475779
2012-08-28,60.72311019897461,0.594868540763855,9.821489115219952,1.0,BULL,-0.000438048561475779
2012-08-29,60.72311019897461,0.5950667858123779,9.824762210791143,1.0,BULL,-0.000438048561475779
2012-08-30,60.11052703857422,0.5769054889678955,9.52491280364764,1.0,BULL,-0.010521768206628868
2012-08-31,60.51004409790039,0.5892120003700256,9.72809764113652,1.0,BULL,-0.0039453255615715666
2012-09-04,60.44790649414063,0.5867301225662231,9.687120964501288,1.0,BULL,-0.00496817146436368
2012-09-05,60.385738372802734,0.5840510129928589,9.642887921887384,1.0,BULL,-0.005991519716423865
2012-09-06,61.72623825073242,0.6226570010185242,10.280286380863721,1.0,BULL,0.0
2012-09-07,61.637474060058594,0.6199771761894226,10.236041529125687,1.0,BULL,-0.0014380301341752055
2012-09-10,60.84738159179688,0.5971511602401733,9.859175966691476,1.0,BULL,-0.014237975354428944
2012-09-11,60.74972152709961,0.5945711731910706,9.816579471863166,1.0,BULL,-0.015820123683322418
2012-09-12,60.92730331420898,0.5997312664985657,9.90177442970714,1.0,BULL,-0.012943198211401885
2012-09-13,61.75289535522461,0.6236488819122314,10.296662683750123,1.0,BULL,0.0
2012-09-14,62.30332565307617,0.6396273374557495,10.560472612238147,1.0,BULL,0.0
2012-09-17,62.3299446105957,0.6408182978630066,10.580135788007224,1.0,BULL,0.0
2012-09-18,62.38321685791016,0.6420091986656189,10.599797979682622,1.0,BULL,0.0
2012-09-19,62.49861907958984,0.6462765336036682,10.670253182425789,1.0,BULL,0.0
2012-09-20,62.43647003173828,0.6447882652282715,10.645681347393605,1.0,BULL,-0.0009944067367698706
2012-09-21,62.45426940917969,0.6447882652282715,10.645681347393605,1.0,BULL,-0.0007096104052102259
2012-09-24,62.0892448425293,0.6328790783882141,10.449056478358589,1.0,BULL,-0.0065501325163555
2012-09-25,61.216793060302734,0.60747230052948,10.029581627878262,1.0,BULL,-0.020509669464132352
2012-09-26,60.71820831298828,0.5914939045906067,9.765772683483915,1.0,BULL,-0.028487201682556584
2012-09-27,61.55509948730469,0.6166034936904907,10.180340842888489,1.0,BULL,-0.01509664703285063
2012-09-28,61.04761505126953,0.6018158197402954,9.936191137888507,1.0,BULL,-0.02321657741705463
2012-10-01,60.95858383178711,0.599234938621521,9.893579881655036,1.0,BULL,-0.02464110840339606
2012-10-02,61.13664627075195,0.603105902671814,9.957490861443178,1.0,BULL,-0.021792046430713308
2012-10-03,61.52839660644531,0.6145187020301819,10.145920198332412,1.0,BULL,-0.01552390256669478
2012-10-04,61.742034912109375,0.6216643452644348,10.263897284759512,1.0,BULL,-0.01210561414992195
2012-10-05,61.41264724731445,0.6109458804130554,10.086931655118862,1.0,BULL,-0.017375933232899654
2012-10-08,60.85175704956055,0.594769299030304,9.819850599247001,1.0,BULL,-0.026350374684792066
2012-10-09,59.881309509277344,0.564202606678009,9.315183743203734,1.0,BULL,-0.04187787840527224
2012-10-10,59.57861709594727,0.5573543310165405,9.202116300133419,1.0,BULL,-0.04672106402741538
2012-10-11,59.39167785644531,0.5523924827575684,9.120194437860635,1.0,BULL,-0.04971215794684902
2012-10-12,59.36496353149414,0.5522931814193726,9.118554937794007,1.0,BULL,-0.050139596590207725
2012-10-15,59.80119323730469,0.5633089542388916,9.300429226697766,1.0,BULL,-0.043159767079814504
2012-10-16,60.647003173828125,0.5878218412399292,9.705145624297414,1.0,BULL,-0.02962650908180453
2012-10-17,60.61137008666992,0.5860355496406555,9.675653320877995,1.0,BULL,-0.03019665107346725
2012-10-18,59.908050537109375,0.5659890174865723,9.344678014810508,1.0,BULL,-0.041450012506379696
2012-10-19,58.47466659545898,0.52510005235672,8.669586799800582,1.0,BULL,-0.06438466230760231
2012-10-22,58.77735137939453,0.5333374738693237,8.805589530117485,1.0,BULL,-0.05954159875846854
2012-10-23,58.21647644042969,0.5175571441650391,8.545050729013296,1.0,BULL,-0.06851579606434166
2012-10-24,58.0117073059082,0.5123971700668335,8.459857739356677,1.0,BULL,-0.07179217460737342
2012-10-25,58.0117073059082,0.5123971700668335,8.459857739356677,1.0,BULL,-0.07179217460737342
2012-10-26,58.18087387084961,0.5177564024925232,8.548340554177003,1.0,BULL,-0.06908544976396558
2012-10-31,57.82475662231445,0.5077325105667114,8.382842568159646,1.0,BULL,-0.0747834516363215
2012-11-01,58.643836975097656,0.5292683243751526,8.738406438851833,1.0,BULL,-0.061677876427689515
2012-11-02,58.020599365234375,0.509915292263031,8.418881062721447,1.0,BULL,-0.07164989851460335
2012-11-05,58.403438568115234,0.5224200487136841,8.625338995781517,1.0,BULL,-0.06552433592587914
2012-11-06,58.510284423828125,0.5255964398384094,8.677782331946364,1.0,BULL,-0.06381476446195888
2012-11-07,57.13032150268555,0.487883061170578,8.05512116783664,1.0,BULL,-0.08589465904947358
2012-11-08,56.23112487792969,0.4650573134422302,7.678260033823978,1.0,BULL,-0.10028212293264771
2012-11-09,56.47148895263672,0.470119297504425,7.761835173474872,1.0,BULL,-0.09643621276300163
2012-11-12,56.46259307861328,0.4708137810230255,7.773301340957651,1.0,BULL,-0.09657854989227654
2012-11-13,56.07086563110352,0.4605917930603027,7.604532719603298,1.0,BULL,-0.10284632753726597
2012-11-14,55.41204833984375,0.4441169798374176,7.332527751016331,1.0,BULL,-0.11338763710477484
2012-11-15,55.225074768066406,0.4401469528675079,7.26698120753627,1.0,BULL,-0.1163792803527518
2012-11-16,55.46546936035156,0.4451097548007965,7.3489188153078935,1.0,BULL,-0.11253288189106703
2012-11-19,56.78309631347656,0.4771648347377777,7.8781594745707,1.0,BULL,-0.0914503848290592
2012-11-20,56.8009147644043,0.4772647619247436,7.87980930762094,1.0,BULL,-0.09116528331497553
2012-11-21,56.916648864746094,0.4806385636329651,7.935511962045494,1.0,BULL,-0.08931349679478995
2012-11-23,57.78022766113281,0.5026706457138062,8.299269396696106,1.0,BULL,-0.07549593075725902
2012-11-26,58.02952194213867,0.5091216564178467,8.405777855406235,1.0,BULL,-0.07150713412979448
2012-11-27,57.83364868164063,0.5033652782440186,8.310738024413078,1.0,BULL,-0.07464117554355121
2012-11-28,58.33223342895508,0.5168628692626953,8.53358800585839,1.0,BULL,-0.06666364332512709
2012-11-29,58.6794319152832,0.5257945656776428,8.6810534593302,1.0,BULL,-0.06110834480107519
2012-11-30,58.58149719238281,0.5239091515541077,8.649924608125184,1.0,BULL,-0.06267533498970124
2012-12-03,58.465763092041016,0.5213291645050049,8.607328113296875,1.0,BULL,-0.06452712150988682
2012-12-04,58.43013381958008,0.5179545283317566,8.551611681560837,1.0,BULL,-0.06509720246504458
2012-12-05,57.78022766113281,0.5019761323928833,8.287802737166489,1.0,BULL,-0.07549593075725902
2012-12-06,58.154144287109375,0.5112061500549316,8.440193579493924,1.0,BULL,-0.06951313255334368
2012-12-07,57.80693054199219,0.5024725198745728,8.295998269312271,1.0,BULL,-0.07506867522341487
2012-12-10,57.9760971069336,0.5069379806518555,8.369724599439273,1.0,BULL,-0.07236195038000692
2012-12-11,58.73285675048828,0.5264890789985657,8.692520118859816,1.0,BULL,-0.060253528550862634
2012-12-12,58.60820388793945,0.5229164361953735,8.6335345279273,1.0,BULL,-0.062248018419352125
2012-12-13,58.14525985717773,0.5111062526702881,8.438544238490522,1.0,BULL,-0.06965528657310427
2012-12-14,57.59326553344727,0.4966168999671936,8.199319922346165,1.0,BULL,-0.07848739089572143
2012-12-17,58.358917236328125,0.5159699320793152,8.51884529847655,1.0,BULL,-0.06623669297380708
2012-12-18,59.24922180175781,0.5398876070976257,8.913734536613209,1.0,BULL,-0.05199150518340301
2012-12-19,58.99104690551758,0.5321465730667114,8.785927338442088,1.0,BULL,-0.056122394794123176
2012-12-20,58.99104690551758,0.5325430631637573,8.792473529584468,1.0,BULL,-0.056122394794123176
2012-12-21,58.37062072753906,0.5159699320793152,8.51884529847655,1.0,BULL,-0.06604943297697363
2012-12-24,58.25423431396485,0.5116027593612671,8.44674173882366,1.0,BULL,-0.06791165673948585
2012-12-26,57.74394226074219,0.4994951486587524,8.24684082193642,1.0,BULL,-0.07607650999124849
2012-12-27,57.654422760009766,0.4967160820960998,8.200957454225437,1.0,BULL,-0.07750885365020876
2012-12-28,57.099365234375,0.482325792312622,7.963368701772995,1.0,BULL,-0.08638997028620865
2012-12-31,58.30794143676758,0.5137863755226135,8.482794010696944,1.0,BULL,-0.06705232378791559
2013-01-02,60.16115188598633,0.561720609664917,9.274205098381147,1.0,BULL,-0.037400301447089945
2013-01-03,59.8477897644043,0.5535833239555359,9.139855645442356,1.0,BULL,-0.04241420617325642
2013-01-04,59.65082931518555,0.5481250286102295,9.049737266930114,1.0,BULL,-0.045565642990891164
2013-01-07,59.66875076293945,0.5487205386161804,9.05956934686149,1.0,BULL,-0.045278893491176864
2013-01-08,59.552371978759766,0.5455440878868103,9.007125026602965,1.0,BULL,-0.04714099518067949
2013-01-09,59.776161193847656,0.5511022806167603,9.09889274611861,1.0,BULL,-0.04356028862454109
2013-01-10,60.134273529052734,0.5608279705047607,9.259467311467697,1.0,BULL,-0.037830364660156546
2013-01-11,60.214820861816406,0.5629116892814636,9.293870242337578,1.0,BULL,-0.03654157886056797
2013-01-14,59.94625473022461,0.555666983127594,9.174257592218561,1.0,BULL,-0.04083873191045839
2013-01-15,59.65082931518555,0.547429621219635,9.038255845995335,1.0,BULL,-0.045565642990891164
2013-01-16,59.89257049560547,0.5535833239555359,9.139855645442356,1.0,BULL,-0.04169769864299966
2013-01-17,60.17902755737305,0.562117874622345,9.280764082741335,1.0,BULL,-0.03711428438543374
2013-01-18,60.044734954833984,0.5589424967765808,9.228337476169003,1.0,BULL,-0.039263013501640964
2013-01-22,60.14321517944336,0.5612251162528992,9.266024327640528,1.0,BULL,-0.03768729509282365
2013-01-23,60.51025772094727,0.570355236530304,9.41676582896456,1.0,BULL,-0.031814484670620535
2013-01-24,59.67768096923828,0.5476287007331848,9.04154271887801,1.0,BULL,-0.045136007033358405
2013-01-25,59.982059478759766,0.5557659864425659,9.1758921718168,1.0,BULL,-0.040265843276078184
2013-01-28,60.11636734008789,0.5597361326217651,9.241440683484216,1.0,BULL,-0.038116870013851556
2013-01-29,60.12532424926758,0.5597361326217651,9.241440683484216,1.0,BULL,-0.037973556300499256
2013-01-30,59.99998474121094,0.5566596984863281,9.190647672416446,1.0,BULL,-0.03997903273985903
2013-01-31,59.86567687988281,0.5530869364738464,9.131660113296574,1.0,BULL,-0.04212800600208566
2013-02-01,60.57294845581055,0.5712481737136841,9.4315085363464,1.0,BULL,-0.030811410750164137
2013-02-04,59.51654052734375,0.5421704053878784,8.951424340365767,1.0,BULL,-0.04771431107059365
2013-02-05,60.39389801025391,0.5659890174865723,9.344678014810508,1.0,BULL,-0.03367628117759902
2013-02-06,60.19693756103516,0.560728907585144,9.257831747775779,1.0,BULL,-0.036827717995233766
2013-02-07,60.25066375732422,0.562117874622345,9.280764082741335,1.0,BULL,-0.03596807986113937
2013-02-08,60.86838912963867,0.5791882872581482,9.562602607400196,1.0,BULL,-0.026084255523712074
2013-02-11,60.88627243041992,0.5789889693260193,9.559311798142812,1.0,BULL,-0.025798116389046055
2013-02-12,60.63561630249024,0.5722408294677734,9.447897632450609,1.0,BULL,-0.029808703048736618
2013-02-13,60.8504753112793,0.5788901448249817,9.557680170825604,1.0,BULL,-0.026370882950416674
2013-02-14,60.83258438110352,0.5776990056037903,9.538014042775496,1.0,BULL,-0.026657144158092172
2013-02-15,60.65351486206055,0.5727371573448181,9.456092180502711,1.0,BULL,-0.02952231976805142
2013-02-19,61.09218978881836,0.585241973400116,9.66255109765646,1.0,BULL,-0.02250336585805901
2013-02-20,60.15216827392578,0.5585451126098633,9.221776523621461,1.0,BULL,-0.03754404241597609
2013-02-21,59.50758361816406,0.5403841137886047,8.921932036946346,1.0,BULL,-0.04785762478394595
2013-02-22,60.10739517211914,0.5562623143196106,9.184086719868905,1.0,BULL,-0.038260427873223146
2013-02-25,59.364349365234375,0.5355201959609985,8.841627040585609,1.0,BULL,-0.05014942346748619
2013-02-26,59.588165283203125,0.5419712662696838,8.948136483389415,1.0,BULL,-0.04656828965581383
2013-02-27,60.19693756103516,0.5584460496902466,9.220140959929545,1.0,BULL,-0.036827717995233766
2013-02-28,60.071590423583984,0.5563614368438721,9.1857232676545,1.0,BULL,-0.038833316507603355
2013-03-01,60.3222770690918,0.562117874622345,9.280764082741335,1.0,BULL,-0.0348222415558741
2013-03-04,60.590850830078125,0.5693625807762146,9.400376732860352,1.0,BULL,-0.030524966432974088
2013-03-05,61.48611831665039,0.5943721532821655,9.81329358307417,1.0,BULL,-0.01620037014977982
2013-03-06,61.333892822265625,0.5906011462211609,9.751032928383108,1.0,BULL,-0.018636031875215897
2013-03-07,61.49506759643555,0.5957620739936829,9.836241663538566,1.0,BULL,-0.01605717850943722
2013-03-08,61.56666946411133,0.5964565873146057,9.847708323068183,1.0,BULL,-0.014911523313686392
2013-03-11,61.7457160949707,0.6026095747947693,9.949296313391073,1.0,BULL,-0.012046713922756247
2013-03-12,61.52191162109375,0.5952655673027039,9.828044163205428,1.0,BULL,-0.01562766462491405
2013-03-13,61.44135665893555,0.5933802127838135,9.796916296094091,1.0,BULL,-0.016916572497512328
2013-03-14,61.64726257324219,0.5994340181350708,9.89686675453771,1.0,BULL,-0.013622005076039723
2013-03-15,61.47584915161133,0.5937766432762146,9.803461503142794,1.0,BULL,-0.016364680420795308
2013-03-18,61.34125518798828,0.5897074341773987,9.736277427783461,1.0,BULL,-0.0185182314208846
2013-03-19,61.2246322631836,0.5873256325721741,9.696953044432664,1.0,BULL,-0.02038423944669654
2013-03-20,61.65532302856445,0.5985403656959534,9.882112238031741,1.0,BULL,-0.0134930349413237
2013-03-21,60.95542526245117,0.5793864130973816,9.56587373478403,1.0,BULL,-0.024691646629399266
2013-03-22,61.54763412475586,0.5953648090362549,9.82968267917838,1.0,BULL,-0.015216095472812441
2013-03-25,61.32332992553711,0.5893111824989319,9.729735173015792,1.0,BULL,-0.01880504195710364
2013-03-26,61.65532302856445,0.5983421206474304,9.878839142460551,1.0,BULL,-0.0134930349413237
2013-03-27,61.736083984375,0.6015177369117737,9.931269685407592,1.0,BULL,-0.012200831097464282
2013-03-28,61.88862228393555,0.6049913763999939,9.98862069674187,1.0,BULL,-0.009760164378631808
2013-04-01,61.4669075012207,0.5932803750038147,9.795267939184367,1.0,BULL,-0.016507749988128317
2013-04-02,61.951454162597656,0.6066787242889404,10.016479404656728,1.0,BULL,-0.00875483210749639
2013-04-03,61.38613128662109,0.5906011462211609,9.751032928383108,1.0,BULL,-0.017800197978007137
2013-04-04,61.404052734375,0.5908983945846558,9.755940603552538,1.0,BULL,-0.017513448478292726
2013-04-05,60.8925895690918,0.5764089822769165,9.516715303314502,1.0,BULL,-0.025697039937039534
2013-04-08,61.21564483642578,0.585241973400116,9.66255109765646,1.0,BULL,-0.020528041452087642
2013-04-09,61.62840270996094,0.5967538356781006,9.852615998237612,1.0,BULL,-0.013923769555943433
2013-04-10,62.8308219909668,0.6316882371902466,10.429395270776869,1.0,BULL,0.0
2013-04-11,62.80390930175781,0.630596399307251,10.411368642793388,1.0,BULL,-0.0004283357810097588
2013-04-12,62.7590217590332,0.6299017071723938,10.399899030982738,1.0,BULL,-0.001142754935530177
2013-04-15,61.52072143554688,0.5915939211845398,9.76742399267467,1.0,BULL,-0.020851240106460334
2013-04-16,62.33729553222656,0.6163052320480347,10.175416438126542,1.0,BULL,-0.007854846444809938
2013-04-17,61.1169319152832,0.5802800059318542,9.580627267196322,1.0,BULL,-0.027277855380119065
2013-04-18,60.2734603881836,0.555170476436615,9.166060091885424,1.0,BULL,-0.040702341967623235
2013-04-19,61.09898376464844,0.5781955122947693,9.546211543108631,1.0,BULL,-0.027563513757107083
2013-04-22,61.72711944580078,0.5959601998329163,9.8395127909224,1.0,BULL,-0.017566259841781062
2013-04-23,62.31936264038086,0.6135260462760925,10.129531102228205,1.0,BULL,-0.008140261966642304
2013-04-24,62.29241561889648,0.6120378375053406,10.104960251289699,1.0,BULL,-0.008569144171752585
2013-04-25,62.62445068359375,0.6219624876976013,10.268819721334104,1.0,BULL,-0.0032845552681567414
2013-04-26,62.427024841308594,0.6167025566101074,10.181976406580407,1.0,BULL,-0.006426736701236502
2013-04-29,63.00133895874024,0.6330772638320923,10.452328589836101,1.0,BULL,0.0
2013-04-30,63.45893859863281,0.646972119808197,10.6817375556416,1.0,BULL,0.0
2013-05-01,63.162841796875,0.6387346982955933,10.545734825324697,1.0,BULL,-0.004665958938118608
2013-05-02,63.961456298828125,0.6618586778640747,10.927519872052466,1.0,BULL,0.0
2013-05-03,64.71519470214844,0.6849815845489502,11.309287205094043,1.0,BULL,0.0
2013-05-06,64.96646118164062,0.6938143372535706,11.455119063061291,1.0,BULL,0.0
2013-05-07,64.9305648803711,0.6921272873878479,11.42726527561482,1.0,BULL,-0.0005525358872352504
2013-05-08,65.24463653564453,0.7029456496238708,11.605880246258872,1.0,BULL,0.0
2013-05-09,65.15489196777344,0.7004637122154236,11.564902585529964,1.0,BULL,-0.0013755087411984057
2013-05-10,65.54972076416016,0.7123730778694153,11.761530406846013,1.0,BULL,0.0
2013-05-13,65.63046264648438,0.7151522636413574,11.807415742744352,1.0,BULL,0.0
2013-05-14,65.97145080566406,0.7256724238395691,11.981107292720134,1.0,BULL,0.0
2013-05-15,66.1060562133789,0.731031596660614,12.069589123446782,1.0,BULL,0.0
2013-05-16,66.0342788696289,0.7283514142036438,12.025338367146684,1.0,BULL,-0.0010857907408410306
2013-05-17,66.67138671875,0.7488954663276672,12.364527903139821,1.0,BULL,0.0
2013-05-20,66.57266998291016,0.745520830154419,12.308811471403784,1.0,BULL,-0.0014806462066894177
2013-05-21,66.64443969726562,0.7482999563217163,12.354695823208445,1.0,BULL,-0.00040417670623904556
2013-05-22,66.06121063232422,0.7300389409065247,12.053200027342573,1.0,BULL,-0.00915199332810912
2013-05-23,65.90865325927734,0.7220994830131531,11.922116781319229,1.0,BULL,-0.011440191917564402
2013-05-24,65.87276458740234,0.7217021584510803,11.915556812865365,1.0,BULL,-0.011978483884197644
2013-05-28,66.30348205566406,0.7365887761116028,12.16134011336991,1.0,BULL,-0.005518179254886735
2013-05-29,65.98941040039062,0.7254732251167297,11.977818451650105,1.0,BULL,-0.010228920559823607
2013-05-30,66.33937072753906,0.7372834086418152,12.17280874108688,1.0,BULL,-0.004979887288253493
2013-05-31,65.72917938232422,0.7162439823150635,11.825440402540478,1.0,BULL,-0.014132109481994726
2013-06-03,65.8458251953125,0.7204121351242065,11.894258073404371,1.0,BULL,-0.012382546157620689
2013-06-04,65.5048828125,0.7095947265625,11.715658848259158,1.0,BULL,-0.017496319840636265
2013-06-05,64.65241241455078,0.682401716709137,11.266692678453088,1.0,BULL,-0.030282470540415884
2013-06-06,64.96646118164062,0.6907381415367126,11.404329988368232,1.0,BULL,-0.025572072533927015
2013-06-07,65.85482025146484,0.7196186780929565,11.881157818370193,1.0,BULL,-0.012247629867514265
2013-06-10,65.88174438476562,0.7199158668518066,11.886064509445944,1.0,BULL,-0.011843796459723333
2013-06-11,65.22672271728516,0.6990746259689331,11.541968282377054,1.0,BULL,-0.021668425880491893
2013-06-12,64.47296142578125,0.6748589277267456,11.142158575853157,1.0,BULL,-0.032974044806397984
2013-06-13,65.28950500488281,0.6990746259689331,11.541968282377054,1.0,BULL,-0.020726758237331833
2013-06-14,64.85881042480469,0.6867679953575134,11.338781476700818,1.0,BULL,-0.02718671956819463
2013-06-17,65.4869155883789,0.7058229446411133,11.65338540035029,1.0,BULL,-0.017765809122401
2013-06-18,66.02530670166016,0.722495973110199,11.92866297246161,1.0,BULL,-0.009690514160374364
2013-06-19,65.28950500488281,0.6997693181037903,11.553437894187702,1.0,BULL,-0.020726758237331833
2013-06-20,63.737117767333984,0.6481629014015198,10.701397779129643,1.0,BULL,-0.044010918263843624
2013-06-21,63.39865112304688,0.6390319466590881,10.550642500494126,1.0,BULL,-0.04908755849805546
2013-06-24,62.76855850219727,0.6192824840545654,10.22457191731504,1.0,BULL,-0.05853827869242645
2013-06-25,63.227638244628906,0.6324816346168518,10.44249454171737,1.0,BULL,-0.05165257006950197
2013-06-26,63.79474639892578,0.649750292301178,10.72760616194742,1.0,BULL,-0.043146549987915894
2013-06-27,64.06478118896484,0.6569947004318237,10.847213891598052,1.0,BULL,-0.039096314897138607
2013-06-28,64.15478515625,0.6587812900543213,10.87671111548586,1.0,BULL,-0.03774635096636225
2013-07-01,64.55089569091797,0.6728742718696594,11.109391208675191,1.0,BULL,-0.03180511359059046
2013-07-02,64.577880859375,0.6731724143028259,11.114313645249783,1.0,BULL,-0.0314003647202713
2013-07-03,64.83895111083984,0.6823025345802307,11.265055146573816,1.0,BULL,-0.027484588188336323
2013-07-05,65.33401489257812,0.6973873972892761,11.514111542649552,1.0,BULL,-0.02005915718857798
2013-07-08,65.39705657958984,0.6996700167655945,11.551798394121075,1.0,BULL,-0.019113598829672673
2013-07-09,65.7930908203125,0.7124730944633484,11.763181716036769,1.0,BULL,-0.013173505782061334
2013-07-10,66.17118072509766,0.724481463432312,11.961444116951059,1.0,BULL,-0.007502558717766616
2013-07-11,67.48542785644531,0.7696375846862793,12.70698758242312,1.0,BULL,0.0
2013-07-12,67.78247833251953,0.7776758670806885,12.839702455763671,1.0,BULL,0.0
2013-07-15,67.9355239868164,0.7837295532226562,12.939650946019935,1.0,BULL,0.0
2013-07-16,67.84551239013672,0.7806532382965088,12.88885990313952,1.0,BULL,-0.0013249562437636087
2013-07-17,68.01652526855469,0.7862105965614319,12.980613845343681,1.0,BULL,0.0
2013-07-18,67.84551239013672,0.7804549932479858,12.885586807568332,1.0,BULL,-0.002514284252874477
2013-07-19,67.14335632324219,0.7567355632781982,12.49397066500286,1.0,BULL,-0.012837600007717276
2013-07-22,67.34139251708984,0.7621937394142151,12.58408707532775,1.0,BULL,-0.009926010609909386
2013-07-23,66.84628295898438,0.7452235817909241,12.303903796234355,1.0,BULL,-0.017205264528726727
2013-07-24,67.06233978271484,0.7522690892219543,12.420227605283344,1.0,BULL,-0.014028730254483923
2013-07-25,67.48542785644531,0.765865683555603,12.644712166326894,1.0,BULL,-0.007808358483653799
2013-07-26,67.84551239013672,0.778569757938385,12.854460908644349,1.0,BULL,-0.002514284252874477
2013-07-29,67.71947479248047,0.7749968767166138,12.795471381337121,1.0,BULL,-0.004367328011852356
2013-07-30,68.07952117919922,0.7865089178085327,12.985539234199306,1.0,BULL,0.0
2013-07-31,68.20555114746094,0.7914705872535706,13.067458144191056,1.0,BULL,0.0
2013-08-01,68.89867401123047,0.8155874013900757,13.465635239304069,1.0,BULL,0.0
2013-08-02,69.28575134277344,0.8291839361190796,13.690118816253941,1.0,BULL,0.0
2013-08-05,69.33075714111328,0.8309703469276428,13.719613087860717,1.0,BULL,0.0
2013-08-06,68.9166488647461,0.8161828517913818,13.475466335141768,1.0,BULL,-0.0059729374586855455
2013-08-07,68.79064178466797,0.8115181922912598,13.398451163944737,1.0,BULL,-0.007790414798816925
2013-08-08,69.1327133178711,0.8223356008529663,13.57705038908995,1.0,BULL,-0.0028565074349194974
2013-08-09,68.85366821289062,0.8135027885437012,13.431217547029023,1.0,BULL,-0.0068813459984521375
2013-08-12,69.01570129394531,0.8185646533966064,13.514790718492565,1.0,BULL,-0.004544243567493611
2013-08-13,69.40274810791016,0.8321612477302551,13.739275279536114,1.0,BULL,0.0
2013-08-14,69.14169311523438,0.8229309916496277,13.58688050083397,1.0,BULL,-0.003761450371819297
2013-08-15,67.97149658203125,0.7816459536552429,12.905249983337407,1.0,BULL,-0.020622404226033564
2013-08-16,67.94449615478516,0.7788667678833008,12.859364647439069,1.0,BULL,-0.02101144396843846
2013-08-19,67.82746887207031,0.7757903337478638,12.808571636371301,1.0,BULL,-0.02269764928314566
2013-08-20,68.12454223632812,0.7864095568656921,12.983898750039002,1.0,BULL,-0.018417222753119633
2013-08-21,67.89048767089844,0.778569757938385,12.854460908644349,1.0,BULL,-0.021789633382534035
2013-08-22,68.5566177368164,0.8007997870445251,13.221486518397764,1.0,BULL,-0.012191597511069019
2013-08-23,69.01570129394531,0.8176711797714233,13.500039154267627,1.0,BULL,-0.005576822597327835
2013-08-26,69.05170440673828,0.8183655738830566,13.511503845609889,1.0,BULL,-0.005058066297692676
2013-08-27,67.6384506225586,0.7668585777282715,12.661105198805812,1.0,BULL,-0.025421147338551497
2013-08-28,67.89949798583984,0.7767831683158875,12.824963684756542,1.0,BULL,-0.021659806896017986
2013-08-29,68.37657165527344,0.7928606867790222,13.090409176936484,1.0,BULL,-0.014785818726387845
2013-08-30,67.9355239868164,0.7780731916427612,12.846262424217535,1.0,BULL,-0.02114072080852547
2013-09-03,68.32261657714844,0.7908750772476196,13.05762606425968,1.0,BULL,-0.015563238635482923
2013-09-04,69.05170440673828,0.8166791200637817,13.483659899100195,1.0,BULL,-0.005058066297692676
2013-09-05,69.16873931884766,0.820252001285553,13.542649426407422,1.0,BULL,-0.0033717510536996897
2013-09-06,69.24974060058594,0.8232293725013733,13.591806873783272,1.0,BULL,-0.002204631826485004
2013-09-09,70.05989074707031,0.8522079586982727,14.070253537884634,1.0,BULL,0.0
2013-09-10,70.40196228027344,0.8651099801063538,14.28327045530489,1.0,BULL,0.0
2013-09-11,70.26688385009766,0.8607436418533325,14.211180672963483,1.0,BULL,-0.0019186742215796526
2013-09-12,70.22191619873047,0.85687255859375,14.147267724987987,1.0,BULL,-0.0025574014659732747
2013-09-13,70.26688385009766,0.8596518039703369,14.193154044980002,1.0,BULL,-0.0019186742215796526
2013-09-16,70.0779037475586,0.8524069786071777,14.07353942667363,1.0,BULL,-0.004602975857757374
2013-09-17,70.54598999023438,0.869476318359375,14.355360237646297,1.0,BULL,0.0
2013-09-18,71.39214324951172,0.9014334082603456,14.882983046903382,1.0,BULL,0.0
2013-09-19,71.56315612792969,0.9069905877113342,14.974734036826508,1.0,BULL,0.0
2013-09-20,71.31759643554688,0.8970667719841003,14.810888344093586,1.0,BULL,-0.003431370354094465
2013-09-23,71.17314910888672,0.8920049667358398,14.727316156723724,1.0,BULL,-0.005449829774776482
2013-09-24,71.17314910888672,0.8922030925750732,14.730587284107559,1.0,BULL,-0.005449829774776482
2013-09-25,70.9293441772461,0.8837676048278809,14.591314410500496,1.0,BULL,-0.008856679679562496
2013-09-26,71.4801025390625,0.9040133357048036,14.925578557638014,1.0,BULL,-0.0011605635268338022
2013-09-27,71.38982391357422,0.8997460007667542,14.855123354894845,1.0,BULL,-0.0024220873384288577
2013-09-30,71.21827697753906,0.8940896987915039,14.761735817186123,1.0,BULL,-0.0048192277849526954
2013-10-01,71.9405517578125,0.9208853840827942,15.204142018538327,1.0,BULL,0.0
2013-10-02,71.91351318359375,0.9191981554031372,15.176285278810825,1.0,BULL,-0.0003758460778807704
2013-10-03,71.07382202148438,0.8872411847114563,14.648664437741097,1.0,BULL,-0.012047860561953505
2013-10-04,71.68775939941406,0.910067081451416,15.025528031987953,1.0,BULL,-0.0035139063048815755
2013-10-07,71.09186553955078,0.8875395059585571,14.653589826596722,1.0,BULL,-0.01179704905682144
2013-10-08,69.71951293945312,0.8373212814331055,13.824469253286411,1.0,BULL,-0.030873252485420055
2013-10-09,69.5028305053711,0.8280921578407288,13.672093172364137,1.0,BULL,-0.03388521762590846
2013-10-10,70.9745101928711,0.8806911706924438,14.540521399432729,1.0,BULL,-0.013428331328255272
2013-10-11,71.5342788696289,0.9005396366119385,14.868226562210056,1.0,BULL,-0.005647341843461384
2013-10-14,72.03988647460938,0.9191981554031372,15.176285278810825,1.0,BULL,0.0
2013-10-15,71.75999450683594,0.9093722701072692,15.014056451989948,1.0,BULL,-0.0038852361028093307
2013-10-16,72.5726089477539,0.9404357075691224,15.526924744741066,1.0,BULL,0.0
2013-10-17,72.98788452148438,0.955620527267456,15.777631465913878,1.0,BULL,0.0
2013-10-18,74.17066192626953,1.002860188484192,16.55757490997479,1.0,BULL,0.0
2013-10-21,74.33319091796875,1.008616924285889,16.652620645530014,1.0,BULL,0.0
2013-10-22,74.44148254394531,1.0120903253555298,16.709967720489576,1.0,BULL,0.0
2013-10-23,73.99007415771484,0.99581378698349,16.44123633952064,1.0,BULL,-0.0060639360045521284
2013-10-24,74.31510925292969,1.008219599723816,16.646060677076147,1.0,BULL,-0.0016976192130647716
2013-10-25,74.84781646728516,1.028366208076477,16.978688276428066,1.0,BULL,0.0
2013-10-28,74.8658447265625,1.030450701713562,17.013104000515757,1.0,BULL,0.0
2013-10-29,74.99227905273438,1.0354127883911133,17.09502979916325,1.0,BULL,0.0
2013-10-30,74.9200439453125,1.032137155532837,17.04094794702545,1.0,BULL,-0.0009632339266697487
2013-10-31,74.74848175048828,1.0254878997802734,16.93116639274413,1.0,BULL,-0.003250965370377057
2013-11-01,74.76654052734375,1.0249913930892944,16.922968892410996,1.0,BULL,-0.0030101568887096475
2013-11-04,74.87489318847656,1.0299543142318726,17.004908468369972,1.0,BULL,-0.00156530599870508
2013-11-05,74.95614624023438,1.0343207120895386,17.076999234805058,1.0,BULL,-0.00048182043480227144
2013-11-06,74.93810272216797,1.0325345993041992,17.04750988366667,1.0,BULL,-0.0007224254450022283
2013-11-07,73.52962493896484,0.9752708673477172,16.10206550130737,1.0,BULL,-0.01950406271478955
2013-11-08,74.52276611328125,1.013777732849121,16.737827412498113,1.0,BULL,-0.0062608170518856365
2013-11-11,74.40541076660156,1.008914351463318,16.657531272980474,1.0,BULL,-0.007825716107655922
2013-11-12,74.52276611328125,1.0138767957687378,16.73946297619003,1.0,BULL,-0.0062608170518856365
2013-11-13,75.42564392089844,1.05020010471344,17.339173599601164,1.0,BULL,0.0
2013-11-14,75.66038513183594,1.0583375692367554,17.47352600482099,1.0,BULL,0.0
2013-11-15,75.80484771728516,1.0656821727752686,17.59478799594341,1.0,BULL,0.0
2013-11-18,75.06449890136719,1.036206603050232,17.108135958759494,1.0,BULL,-0.009766510166725806
2013-11-19,74.84781646728516,1.0259841680526731,16.939359956702557,1.0,BULL,-0.012624934668680532
2013-11-20,74.667236328125,1.018838882446289,16.821388774837523,1.0,BULL,-0.01500710605478539
2013-11-21,75.42564392089844,1.0500012636184692,17.335890663093203,1.0,BULL,-0.005002368684928427
2013-11-22,75.8319091796875,1.0665748119354248,17.60952578285686,1.0,BULL,0.0
2013-11-25,76.01251983642578,1.0736218690872192,17.725875178341465,1.0,BULL,0.0
2013-11-26,76.40975189208984,1.0913861989974976,18.019170521593168,1.0,BULL,0.0
2013-11-27,76.94245910644531,1.1132203340530396,18.379659781140976,1.0,BULL,0.0
2013-11-29,77.40289306640625,1.131480693817139,18.6811447519764,1.0,BULL,0.0
2013-12-02,77.17718505859375,1.1244338750839231,18.5647992928665,1.0,BULL,-0.002916015136783856
2013-12-03,77.114013671875,1.1211597919464111,18.51074302716432,1.0,BULL,-0.003732152418171375
2013-12-04,77.18624877929688,1.124037742614746,18.55825900628619,1.0,BULL,-0.002798917179019478
2013-12-05,77.0869369506836,1.1205642223358154,18.500909963139264,1.0,BULL,-0.004081967781896623
2013-12-06,77.6467056274414,1.1436879634857178,18.882691073492328,1.0,BULL,0.0
2013-12-09,77.96269226074219,1.157383918762207,19.108816118696183,1.0,BULL,0.0
2013-12-10,77.90850830078125,1.155299186706543,19.074396458233785,1.0,BULL,-0.0006949985741862008
2013-12-11,76.90634155273438,1.1121286153793335,18.36163512134485,1.0,BULL,-0.01354943855036328
2013-12-12,76.70770263671875,1.1030973196029663,18.212525247338025,1.0,BULL,-0.016097309977780028
2013-12-13,76.6083984375,1.0978373289108276,18.12568094849065,1.0,BULL,-0.017371049972374264
2013-12-16,77.03274536132812,1.1166930198669434,18.436995046976413,1.0,BULL,-0.01192810140911893
2013-12-17,76.87925720214844,1.109647512435913,18.320671237927424,1.0,BULL,-0.013896839977899367
2013-12-18,77.77311706542969,1.1479551792144775,18.953144308048138,1.0,BULL,-0.0024316142736384716
2013-12-19,77.5564193725586,1.137634515762329,18.78274651961077,1.0,BULL,-0.005211119272598208
2013-12-20,78.34619903564453,1.1718732118606567,19.348039450746864,1.0,BULL,0.0
2013-12-23,79.17041015625,1.2097842693328855,19.97396436153784,1.0,BULL,0.0
2013-12-24,79.2066650390625,1.2114720344543457,20.00182995810844,1.0,BULL,0.0
2013-12-26,79.46934509277344,1.2232811450958252,20.196802533859024,1.0,BULL,0.0
2013-12-27,79.27007293701172,1.214349389076233,20.049336096293533,1.0,BULL,-0.0025075348932230845
2013-12-30,79.1523208618164,1.2079980373382568,19.9444730422121,1.0,BULL,-0.00398926442122971
2013-12-31,79.66860961914062,1.2317174673080444,20.336089184777567,1.0,BULL,0.0
2014-01-02,79.04362487792969,1.2029361724853516,19.860899870748558,1.0,BULL,-0.007844805428370183
2014-01-03,78.47303771972656,1.176735758781433,19.42832181295302,1.0,BULL,-0.0150068126597106
2014-01-06,78.18318176269531,1.1642311811447144,19.22186683217398,1.0,BULL,-0.018645083220938163
2014-01-07,78.90774536132812,1.1944016218185425,19.71999143344958,1.0,BULL,-0.009550364459099292
2014-01-08,79.07988739013672,1.2033334970474243,19.86745983920242,1.0,BULL,-0.007389638551724698
2014-01-09,78.81717681884766,1.1909277439117432,19.66263648574059,1.0,BULL,-0.01068718036329841
2014-01-10,79.07080841064453,1.202837347984314,19.85926824343135,1.0,BULL,-0.007503597858101285
2014-01-13,77.90237426757812,1.149344563484192,18.97608353166944,1.0,BULL,-0.02216977753228111
2014-01-14,79.38780212402344,1.2151434421539309,20.062446192264492,1.0,BULL,-0.0035246943113429463
2014-01-15,80.0399398803711,1.243526816368103,20.53106569690286,1.0,BULL,0.0
2014-01-16,80.04900360107422,1.246108055114746,20.573682857698394,1.0,BULL,0.0
2014-01-17,79.59613037109375,1.223976731300354,20.208286907074832,1.0,BULL,-0.005657449932011338
2014-01-21,80.20298767089844,1.251367688179016,20.660521251983702,1.0,BULL,0.0
2014-01-22,80.4112777709961,1.2629789113998413,20.852226636725163,1.0,BULL,0.0
2014-01-23,80.13954162597656,1.2477948665618896,20.601532708770158,1.0,BULL,-0.0033793287776548997
2014-01-24,78.5635757446289,1.1738576889038086,19.380803865643795,1.0,BULL,-0.022978145324705213
2014-01-27,77.80278015136719,1.139717936515808,18.817144530012268,1.0,BULL,-0.03243944993708059
2014-01-28,77.75747680664062,1.139320731163025,18.81058652974576,1.0,BULL,-0.03300284534606268
2014-01-29,76.92420959472656,1.103394627571106,18.217433906601133,1.0,BULL,-0.043365411829424994
2014-01-30,78.34619903564453,1.1615519523620603,19.177631821372717,1.0,BULL,-0.02568145653937648
2014-01-31,78.13790893554688,1.1534135341644287,19.04326367065406,1.0,BULL,-0.02827176608141413
2014-02-03,76.34453582763672,1.076996088027954,17.78158472142176,1.0,BULL,-0.05057427336176745
2014-02-04,76.90608978271484,1.098035454750061,18.128952075874484,1.0,BULL,-0.043590751017086204
2014-02-05,76.70682525634766,1.0879125595092771,17.961819510258884,1.0,BULL,-0.04606881792375417
2014-02-06,77.68505096435547,1.129595160484314,18.650013932584027,1.0,BULL,-0.033903537939101835
2014-02-07,79.07080841064453,1.189538598060608,19.639701198494002,1.0,BULL,-0.016670166144717835
2014-02-10,79.52369689941406,1.211371898651123,20.00017668073033,1.0,BULL,-0.011038014768398274
2014-02-11,80.42938995361328,1.2528563737869265,20.685099975671637,1.0,BULL,0.0
2014-02-12,80.58338928222656,1.2588108777999878,20.783410934048625,1.0,BULL,0.0
2014-02-13,81.18116760253906,1.2911640405654907,21.317573045792344,1.0,BULL,0.0
2014-02-14,81.34420013427734,1.2949358224868774,21.379846493701212,1.0,BULL,0.0
2014-02-18,81.74271392822266,1.3151816129684448,21.714111624932407,1.0,BULL,0.0
2014-02-19,81.18116760253906,1.2864004373550415,21.23892427909075,1.0,BULL,-0.006869680473010509
2014-02-20,81.56156921386719,1.3050585985183716,21.546977091129456,1.0,BULL,-0.00221603499138201
2014-02-21,81.45287322998047,1.2983096837997437,21.435550132219443,1.0,BULL,-0.00354576798730577
2014-02-24,81.88764190673828,1.321136474609375,21.81242848787146,1.0,BULL,0.0
2014-02-25,81.79708099365234,1.3163727521896362,21.733777752982515,1.0,BULL,-0.0011059167290355942
2014-02-26,81.724609375,1.3120052814483645,21.66166927286124,1.0,BULL,-0.0019909296194406956
2014-02-27,82.25485229492188,1.3378093242645264,22.08770310770175,1.0,BULL,0.0
2014-02-28,82.16390991210938,1.3310600519180298,21.976270244229674,1.0,BULL,-0.0011056172405055076
2014-03-03,81.5545425415039,1.3018823862075806,21.49453670724564,1.0,BULL,-0.008513902023761899
2014-03-04,82.59134674072266,1.354283094406128,22.35969085464936,1.0,BULL,0.0
2014-03-05,82.81876373291016,1.36539888381958,22.543216452743877,1.0,BULL,0.0
2014-03-06,82.7459945678711,1.3602378368377686,22.458005749401064,1.0,BULL,-0.0008786555335906776
2014-03-07,82.33670806884766,1.3407864570617676,22.13685661870289,1.0,BULL,-0.005820609271796506
2014-03-10,82.40946197509766,1.3435649871826172,22.182731129570776,1.0,BULL,-0.0049421379813455735
2014-03-11,82.05476379394531,1.3268914222717283,21.907444700616356,1.0,BULL,-0.009224961887003502
2014-03-12,82.36398315429688,1.34177827835083,22.153231937495615,1.0,BULL,-0.0054912746594473205
2014-03-13,81.1998291015625,1.2848128080368042,21.212711959898265,1.0,BULL,-0.019547920765500715
2014-03-14,80.64502716064453,1.2584134340286257,20.77684899740741,1.0,BULL,-0.026246909206178337
2014-03-17,81.35443878173828,1.2919586896896362,21.33069298270007,1.0,BULL,-0.017681077151722624
2014-03-18,82.33670806884766,1.338404655456543,22.097532235352094,1.0,BULL,-0.005820609271796506
2014-03-19,81.89108276367188,1.3163727521896362,21.733777752982515,1.0,BULL,-0.011201338047378329
2014-03-20,82.11841583251953,1.326693773269653,21.90418144598194,1.0,BULL,-0.008456391629428794
2014-03-21,81.13030242919922,1.2780638933181765,21.101285000988256,1.0,BULL,-0.02038742463188914
2014-03-24,80.41921997070312,1.2459087371826172,20.57039204844101,1.0,BULL,-0.028973431310150177
2014-03-25,80.68360900878906,1.257421851158142,20.76047761498939,1.0,BULL,-0.025781050427255203
2014-03-26,79.64441680908203,1.209585428237915,19.970681425029877,1.0,BULL,-0.03832883734011494
2014-03-27,79.19772338867188,1.1881486177444458,19.616752133935933,1.0,BULL,-0.043722463135481116
2014-03-28,79.35272216796875,1.1958898305892944,19.744562284388085,1.0,BULL,-0.0418509213216387
2014-03-31,79.91785430908203,1.2197082042694092,20.137812022458117,1.0,BULL,-0.035027200275332904
2014-04-01,81.32169342041016,1.2858047485351562,21.229089246878342,1.0,BULL,-0.01807646292968146
2014-04-02,81.53138732910156,1.2959280014038086,21.396227717056004,1.0,BULL,-0.01554450158131282
2014-04-03,80.88416290283203,1.265360951423645,20.89155495645067,1.0,BULL,-0.023359450719612207
2014-04-04,78.7328109741211,1.1649258136749268,19.233335459890952,1.0,BULL,-0.049336075239739485
2014-04-07,77.98534393310547,1.1299922466278076,18.65656996466318,1.0,BULL,-0.05836140968479586
2014-04-08,78.70548248291016,1.1615519523620603,19.177631821372717,1.0,BULL,-0.049666054703077944
2014-04-09,80.0545883178711,1.2210981845855713,20.16076108701619,1.0,BULL,-0.03337619749980214
2014-04-10,77.57514190673828,1.1083563566207886,18.29935380068656,1.0,BULL,-0.06331441801138826
2014-04-11,76.67263793945312,1.069651484489441,17.660322730299338,1.0,BULL,-0.07421175487813647
2014-04-14,77.2743148803711,1.093669295310974,18.056865245814105,1.0,BULL,-0.06694677151206774
2014-04-15,77.5295639038086,1.1045852899551392,18.23709216190182,1.0,BULL,-0.06386475226989852
2014-04-16,78.55963897705078,1.1474589109420776,18.944950744089713,1.0,BULL,-0.05142705063305486
2014-04-17,78.57786560058594,1.148054599761963,18.95478577630212,1.0,BULL,-0.05120697220259263
2014-04-21,79.1612777709961,1.1740566492080688,19.384088770339115,1.0,BULL,-0.044162527874835544
2014-04-22,79.79022216796875,1.202837347984314,19.85926824343135,1.0,BULL,-0.03656830201798744
2014-04-23,79.08834838867188,1.1700867414474487,19.31854419504641,1.0,BULL,-0.04504311796139393
2014-04-24,79.84495544433594,1.2046233415603638,19.888755626382384,1.0,BULL,-0.0359074218756118
2014-04-25,78.5687484741211,1.1464661359786987,18.92855967979815,1.0,BULL,-0.05131705747860871
2014-04-28,78.82401275634766,1.1587728261947632,19.13174746956806,1.0,BULL,-0.04823485399329963
2014-04-29,79.45297241210938,1.1843775510787964,19.554490495151192,1.0,BULL,-0.040640443893311784
2014-04-30,79.66265869140625,1.1948976516723633,19.728181061033297,1.0,BULL,-0.03810857466651296
2014-05-01,79.8996353149414,1.2056163549423218,19.905150627048656,1.0,BULL,-0.03524718658422521
2014-05-02,79.75377655029297,1.1996616125106812,19.806835732296953,1.0,BULL,-0.03700836675734198
2014-05-05,80.17312622070312,1.2167311906814575,20.088660479644332,1.0,BULL,-0.03194490466845401
2014-05-06,79.13390350341797,1.1696891784667969,19.311980290217836,1.0,BULL,-0.04449306006759324
2014-05-07,78.90604400634766,1.1591700315475464,19.13830546983457,1.0,BULL,-0.04724436287386502
2014-05-08,78.8331298828125,1.1552000045776367,19.07275892635451,1.0,BULL,-0.04812476871728355
2014-05-09,79.12483215332031,1.1686975955963137,19.295608907799824,1.0,BULL,-0.04460259261418997
2014-05-12,80.42835998535156,1.2256630659103394,20.236128885397175,1.0,BULL,-0.028863069669424535
2014-05-13,80.4830322265625,1.228244066238403,20.278742109817998,1.0,BULL,-0.028202926499607872
2014-05-14,80.06373596191406,1.2099827527999878,19.97724139348374,1.0,BULL,-0.03326574373750657
2014-05-15,79.43476867675781,1.181995868682861,19.515168079987745,1.0,BULL,-0.040860245959064345
2014-05-16,79.95433807373047,1.2040282487869265,19.878930435106753,1.0,BULL,-0.03458667492812906
2014-05-19,80.51040649414062,1.2298312187194824,20.30494655626107,1.0,BULL,-0.02787239430685018
2014-05-20,80.21868896484375,1.2163348197937012,20.082116256689307,1.0,BULL,-0.0313947546530835
2014-05-21,80.98443603515625,1.2506722211837769,20.64903884695525,1.0,BULL,-0.02214869692657573
2014-05-22,81.33995056152344,1.2661545276641846,20.904657179672203,1.0,BULL,-0.017856016012939735
2014-05-23,81.93245697021484,1.2945386171340942,21.373288493434703,1.0,BULL,-0.010701762773876244
2014-05-27,82.95343017578125,1.343168020248413,22.176177065678978,1.0,BULL,0.0
2014-05-28,82.69818115234375,1.330464243888855,21.96643324382991,1.0,BULL,-0.003077015897915425
2014-05-29,83.2269058227539,1.3574596643447876,22.412137143095244,1.0,BULL,0.0
2014-05-30,83.23602294921875,1.3562685251235962,22.392471015045135,1.0,BULL,0.0
2014-06-02,83.15396881103516,1.352893948554993,22.33675556740278,1.0,BULL,-0.0009858008020596776
2014-06-03,83.11750793457031,1.3509093523025513,22.303989184318485,1.0,BULL,-0.0014238428320961782
2014-06-04,83.42744445800781,1.3652005195617676,22.539941388985334,1.0,BULL,0.0
2014-06-05,84.12936401367188,1.400729417800903,23.126536011863443,1.0,BULL,0.0
2014-06-06,84.61248016357422,1.4233571290969849,23.500127494632792,1.0,BULL,0.0
2014-06-09,84.54872131347656,1.4207770824432373,23.457530015710805,1.0,BULL,-0.0007535395484732366
2014-06-10,84.69453430175781,1.42891526222229,23.59189423005476,1.0,BULL,0.0
2014-06-11,84.67630004882812,1.426731824874878,23.555844910462508,1.0,BULL,-0.00021529432896716383
2014-06-12,83.91058349609375,1.3894157409667969,22.93974322275981,1.0,BULL,-0.009256214844643118
2014-06-13,84.15670776367188,1.398942947387695,23.097040756162993,1.0,BULL,-0.0063501918101316335
2014-06-16,84.22962188720703,1.4041038751602173,23.182249491318455,1.0,BULL,-0.005489284738190436
2014-06-17,84.27521514892578,1.4060887098312378,23.215019810777452,1.0,BULL,-0.0049509588344631705
2014-06-18,84.74922943115234,1.4316935539245603,23.63776480454793,1.0,BULL,0.0
2014-06-19,84.69453430175781,1.4261362552642822,23.54601184643745,1.0,BULL,-0.000645376126268693
2014-06-20,84.79414367675781,1.4312970638275146,23.631218613405554,1.0,BULL,0.0
2014-06-23,84.81246948242188,1.4328844547271729,23.657426996223336,1.0,BULL,0.0
2014-06-24,84.73019409179688,1.42891526222229,23.59189423005476,1.0,BULL,-0.0009700860159725933
2014-06-25,85.26945495605469,1.4551591873168943,24.025190676234832,1.0,BULL,0.0
2014-06-26,85.31517028808594,1.4591299295425415,24.090749028839024,1.0,BULL,0.0
2014-06-27,85.68988800048828,1.473621845245361,24.330015661011508,1.0,BULL,0.0
2014-06-30,85.83612823486328,1.484540939331055,24.510293749970455,1.0,BULL,0.0
2014-07-01,86.777587890625,1.5343691110610962,25.332974414255546,1.0,BULL,0.0
2014-07-02,86.9238510131836,1.5403248071670532,25.431305054506087,1.0,BULL,0.0
2014-07-03,87.47224426269531,1.5699048042297363,25.91968122381289,1.0,BULL,0.0
2014-07-07,87.20719146728516,1.5548173189163208,25.670581527615347,1.0,BULL,-0.0030301359893563085
2014-07-08,86.15608215332031,1.5006208419799805,24.77577860589749,1.0,BULL,-0.015046625594998142
2014-07-09,86.79589080810547,1.5345680713653564,25.336259318950862,1.0,BULL,-0.0077322064877931584
2014-07-10,86.52168273925781,1.520075798034668,25.096986782216312,1.0,BULL,-0.01086700737416535
2014-07-11,87.0792236328125,1.5464799404144287,25.532928472201366,1.0,BULL,-0.004493089587395249
2014-07-14,87.60023498535156,1.5760581493377686,26.021275118697847,1.0,BULL,0.0
2014-07-15,87.29859161376953,1.5595818758010864,25.74924603981578,1.0,BULL,-0.003443408246935342
2014-07-16,87.64591217041016,1.577249526977539,26.040945183122663,1.0,BULL,0.0
2014-07-17,86.4851303100586,1.5143190622329712,25.001941046661088,1.0,BULL,-0.013243993149328559
2014-07-18,87.85615539550781,1.5859845876693726,26.185164111552577,1.0,BULL,0.0
2014-07-21,87.74647521972656,1.5802273750305176,26.090110503247935,1.0,BULL,-0.001248406276003089
2014-07-22,88.30404663085938,1.6115938425064087,26.607981928255192,1.0,BULL,0.0
2014-07-23,88.87073516845703,1.6417696475982666,27.10619509796176,1.0,BULL,0.0
2014-07-24,88.77019500732422,1.6360121965408323,27.011137553282406,1.0,BULL,-0.0011313078590183823
2014-07-25,88.42285919189453,1.6159610748291016,26.68008647200176,1.0,BULL,-0.0050396339775240495
2014-07-28,88.45028686523438,1.6179472208023071,26.71287844152166,1.0,BULL,-0.004731009622297888
2014-07-29,88.29489135742188,1.6098076105117798,26.57849060892945,1.0,BULL,-0.006479566191768593
2014-07-30,88.64221954345703,1.629063606262207,26.89641388055295,1.0,BULL,-0.0025713259214841244
2014-07-31,86.8507308959961,1.5298036336898804,25.257596774937785,1.0,BULL,-0.022729690135137925
2014-08-01,86.53080749511719,1.5121349096298218,24.965879917944708,1.0,BULL,-0.02632956359485994
2014-08-04,87.12494659423828,1.5431041717529297,25.477193342685457,1.0,BULL,-0.019644133368645567
2014-08-05,86.45767211914062,1.5069732666015625,24.88065937366512,1.0,BULL,-0.027152504643315645
2014-08-06,86.39370727539062,1.5043928623199463,24.83805599018107,1.0,BULL,-0.027872256129884976
2014-08-07,86.11949920654297,1.4899009466171265,24.59878935800858,1.0,BULL,-0.030957727048156136
2014-08-08,86.74103546142578,1.5216641426086426,25.12321091053293,1.0,BULL,-0.023964015859600396
2014-08-11,87.2529067993164,1.5492578744888306,25.578793142132476,1.0,BULL,-0.01820428700262222
2014-08-12,87.21632385253906,1.5456849336624146,25.519802630731572,1.0,BULL,-0.01861592922329247
2014-08-13,88.13951110839844,1.5959115028381348,26.349060977156725,1.0,BULL,-0.008227951064796901
2014-08-14,88.59651184082031,1.6205273866653442,26.755477888631003,1.0,BULL,-0.0030856426147135574
2014-08-15,89.02609252929688,1.6425634622573853,27.119301257558003,1.0,BULL,0.0
2014-08-18,89.71161651611328,1.6822677850723269,27.774833610728667,1.0,BULL,0.0
2014-08-19,90.21434020996094,1.7112513780593872,28.25336293869893,1.0,BULL,0.0
2014-08-20,90.21434020996094,1.7112513780593872,28.25336293869893,1.0,BULL,0.0
2014-08-21,90.39716339111328,1.7209794521331787,28.413976867795114,1.0,BULL,0.0
2014-08-22,90.5342788696289,1.727729082107544,28.525415635829255,1.0,BULL,0.0
2014-08-25,90.85414123535156,1.7469849586486816,28.843336939265402,1.0,BULL,0.0
2014-08-26,90.94554901123048,1.7529407739639282,28.941669547703295,1.0,BULL,0.0
2014-08-27,90.96383666992188,1.7531399726867676,28.944958388773326,1.0,BULL,0.0
2014-08-28,90.8633041381836,1.7459930181503296,28.82695965228532,1.0,BULL,-0.0011051922985952922
2014-08-29,91.20149993896484,1.766440749168396,29.164558892895705,1.0,BULL,0.0
2014-09-02,91.466552734375,1.781131148338318,29.407102557014095,1.0,BULL,0.0
2014-09-03,90.92727661132812,1.750558376312256,28.90233532341573,1.0,BULL,-0.005895883324836482
2014-09-04,90.84500885009766,1.7450001239776611,28.810566619806405,1.0,BULL,-0.006795313321606766
2014-09-05,91.302001953125,1.7719990015029907,29.256327596505027,1.0,BULL,-0.001799026817243976
2014-09-08,91.4757080078125,1.7809321880340576,29.403817652318775,1.0,BULL,0.0
2014-09-09,90.71704864501952,1.7376552820205688,28.689300692309274,1.0,BULL,-0.008293560982640225
2014-09-10,91.466552734375,1.7779544591903689,29.35465430038086,1.0,BULL,-0.00010008420417706443
2014-09-11,91.3934097290039,1.7765650749206543,29.33171507675956,1.0,BULL,-0.0008996735920487886
2014-09-12,90.92727661132812,1.748573899269104,28.869570908518792,1.0,BULL,-0.005995377444223071
2014-09-15,90.04981994628906,1.6959657669067385,28.00099211511756,1.0,BULL,-0.015587614379564685
2014-09-16,90.83586120605467,1.7418243885040283,28.758134108672007,1.0,BULL,-0.0069947182229317395
2014-09-17,90.97297668457033,1.7503600120544434,28.89906025965718,1.0,BULL,-0.0054957904583721184
2014-09-18,91.65850830078124,1.788079023361206,29.521814420619425,1.0,BULL,0.0
2014-09-19,91.60169982910156,1.784109115600586,29.45626984532672,1.0,BULL,-0.0006197839429510354
2014-09-22,90.74964904785156,1.735669493675232,28.656514627351438,1.0,BULL,-0.009915710715553194
2014-09-23,90.50225830078124,1.720582127571106,28.40741689934125,1.0,BULL,-0.01261475908167431
2014-09-24,91.473388671875,1.776366949081421,29.328443949375725,1.0,BULL,-0.0020196666118409423
2014-09-25,89.5494155883789,1.6636061668395996,27.466723721256667,1.0,BULL,-0.023010332063023053
2014-09-26,90.50225830078124,1.7168104648590088,28.345145419619737,1.0,BULL,-0.01261475908167431
2014-09-29,90.38316345214844,1.7110530138015747,28.250087874940384,1.0,BULL,-0.013914091253238614
2014-09-30,90.51142120361328,1.717406153678894,28.354980451832144,1.0,BULL,-0.012514791244515377
2014-10-01,89.06383514404297,1.6352181434631348,26.998027457311455,1.0,BULL,-0.028308044772273
2014-10-02,89.06383514404297,1.634423851966858,26.984913424965793,1.0,BULL,-0.028308044772273
2014-10-03,89.94337463378906,1.6836572885513306,27.797774802537315,1.0,BULL,-0.01871221448819449
2014-10-06,89.75101470947266,1.6721431016921997,27.607671522302745,1.0,BULL,-0.02081087317119601
2014-10-07,88.47745513916016,1.60146963596344,26.44082771257869,1.0,BULL,-0.03470548692743636
2014-10-08,90.1999053955078,1.693980097770691,27.96820801834707,1.0,BULL,-0.01591344799641481
2014-10-09,88.74315643310547,1.6096088886260986,26.57520964060884,1.0,BULL,-0.03180666936133103
2014-10-10,86.52593231201172,1.489106297492981,24.585669421100853,1.0,BULL,-0.055996721787428094
2014-10-13,85.16995239257812,1.419425368309021,23.435212739293654,1.0,BULL,-0.07079054665509765
2014-10-14,85.17913818359375,1.4220068454742432,23.4778338364639,1.0,BULL,-0.07069032910643891
2014-10-15,84.62942504882812,1.391633152961731,22.976353475748205,1.0,BULL,-0.07668773343863378
2014-10-16,84.0979995727539,1.369993805885315,22.619080234338295,1.0,BULL,-0.08248561828234435
2014-10-17,85.20661163330078,1.4235942363739014,23.50404221928168,1.0,BULL,-0.07039059206929577
2014-10-20,86.48013305664062,1.4849374294281006,24.51683994111283,1.0,BULL,-0.05649639449888877
2014-10-21,88.75231170654297,1.6010723114013672,26.434267744124828,1.0,BULL,-0.031706784761338924
2014-10-22,88.29423522949219,1.576257586479187,26.024567896142585,1.0,BULL,-0.03670442748477909
2014-10-23,89.62271881103516,1.6483206748962402,27.214354865862646,1.0,BULL,-0.022210589365752598
2014-10-24,90.35565185546876,1.6862376928329468,27.84037818602137,1.0,BULL,-0.014214244476214888
2014-10-27,90.4197998046875,1.6925907135009766,27.945268794725774,1.0,BULL,-0.01351438637893676
2014-10-28,91.78495025634766,1.768227219581604,29.19405414859616,1.0,BULL,0.0
2014-10-29,91.4459457397461,1.7469849586486816,28.843336939265402,1.0,BULL,-0.0036934651667267504
2014-10-30,91.63833618164062,1.7579045295715332,29.02362290097376,1.0,BULL,-0.0015973650832468156
2014-10-31,92.90272521972656,1.8303639888763428,30.219954093648845,1.0,BULL,0.0
2014-11-03,93.17755889892578,1.8492238521575928,30.53133707869203,1.0,BULL,0.0
2014-11-04,92.86605072021484,1.8295702934265137,30.206849902239956,1.0,BULL,-0.0033431674149013713
2014-11-05,92.8751983642578,1.829371809959412,30.203572870294064,1.0,BULL,-0.0032449930889042466
2014-11-06,93.16838836669922,1.8450549840927124,30.462507598704008,1.0,BULL,-9.841996651260843e-05
2014-11-07,93.08595275878906,1.84048855304718,30.387114213887404,1.0,BULL,-0.0009831352228929502
2014-11-10,93.415771484375,1.8593482971191408,30.698495230743244,1.0,BULL,0.0
2014-11-11,93.70896911621094,1.8770172595977783,30.990216024111028,1.0,BULL,0.0
2014-11-12,93.87384796142578,1.887340068817139,31.160649239920787,1.0,BULL,0.0
2014-11-13,94.27698516845705,1.911559581756592,31.56052192844004,1.0,BULL,0.0
2014-11-14,94.57018280029295,1.9292277097702024,31.852228944496336,1.0,BULL,0.0
2014-11-17,94.28617095947266,1.911162495613098,31.553965896360875,1.0,BULL,-0.0030031859134718175
2014-11-18,94.99162292480467,1.9540432691574097,32.261942569790065,1.0,BULL,0.0
2014-11-19,94.56104278564452,1.9292277097702024,31.852228944496336,1.0,BULL,-0.004532822220555177
2014-11-20,94.98249053955078,1.9548369646072388,32.27504676119895,1.0,BULL,-9.613884859216437e-05
2014-11-21,95.16573333740234,1.968932628631592,32.50777113860378,1.0,BULL,0.0
2014-11-24,95.90782165527344,2.01340126991272,33.241964067600165,1.0,BULL,0.0
2014-11-25,96.05441284179688,2.0199520587921143,33.35011989912633,1.0,BULL,0.0
2014-11-26,96.67745971679688,2.061244010925293,34.03186457148948,1.0,BULL,0.0
2014-11-28,97.12638092041016,2.092015266418457,34.53990883703374,1.0,BULL,0.0
2014-12-01,96.02696990966795,2.0147900581359863,33.26489345028468,1.0,BULL,-0.011319386147447541
2014-12-02,96.41175079345705,2.036428928375244,33.62215881894517,1.0,BULL,-0.0073577345328939
2014-12-03,96.58582305908205,2.054891347885132,33.926979867347136,1.0,BULL,-0.005565510175562616
2014-12-04,96.5399932861328,2.0487375259399414,33.82537809971276,1.0,BULL,-0.00603736728086135
2014-12-05,96.54917907714844,2.0501270294189453,33.84831929152141,1.0,BULL,-0.005942791626661226
2014-12-08,95.86202239990234,2.005857229232788,33.117409299033,1.0,BULL,-0.013017663260241119
2014-12-09,96.16437530517578,2.0253124237060547,33.43862141172653,1.0,BULL,-0.009904678894837926
2014-12-10,94.65264129638672,1.9272422790527344,31.819448784100565,1.0,BULL,-0.02546928651702296
2014-12-11,95.1015625,1.9574182033538816,32.31766392199449,1.0,BULL,-0.020847254898433643
2014-12-12,94.06625366210938,1.892699956893921,31.249142879771558,1.0,BULL,-0.03150665379788409
2014-12-15,93.09510040283205,1.8359228372573853,30.31173263819494,1.0,BULL,-0.04150551559088289
2014-12-16,91.60169982910156,1.7448019981384275,28.807295492422565,1.0,BULL,-0.056881364660707145
2014-12-17,93.26920318603516,1.8385038375854488,30.35434586261576,1.0,BULL,-0.03971297702872045
2014-12-18,95.51387786865234,1.9732990264892576,32.579861905038854,1.0,BULL,-0.0166021119749038
2014-12-19,95.93413543701172,1.995335340499878,32.943689210340565,1.0,BULL,-0.012275197244046576
2014-12-22,96.17322540283205,2.0137414932250977,33.247581274311024,1.0,BULL,-0.009813559493781265
2014-12-23,95.83294677734376,1.994481086730957,32.92958517975539,1.0,BULL,-0.013317021913194615
2014-12-24,95.91577911376952,1.9986505508422847,32.99842450068018,1.0,BULL,-0.012464191450031081
2014-12-26,96.59626770019533,2.039155960083008,33.667183072875744,1.0,BULL,-0.005457973572074448
2014-12-29,96.57787322998048,2.03955340385437,33.67374500951696,1.0,BULL,-0.005647360534097756
2014-12-30,95.93413543701172,1.997459888458252,32.978766245379504,1.0,BULL,-0.012275197244046576
2014-12-31,94.95014190673828,1.9349148273468015,31.946125258636297,1.0,BULL,-0.02240626071978513
2015-01-02,94.6650619506836,1.9190309047698972,31.683876102720703,1.0,BULL,-0.025341405150712704
2015-01-05,93.27645874023438,1.8326596021652224,30.257855477542055,1.0,BULL,-0.03963827483009574
2015-01-06,92.0257797241211,1.7599886655807495,29.058032720499384,1.0,BULL,-0.05251509577473834
2015-01-07,93.21208953857422,1.8276952505111692,30.17589228333481,1.0,BULL,-0.0403010113703659
2015-01-08,94.9961166381836,1.931936264038086,31.896948129386903,1.0,BULL,-0.02193291114153839
2015-01-09,94.3708267211914,1.8928215503692627,31.25115043087355,1.0,BULL,-0.028370811031008913
2015-01-12,93.38681030273438,1.8346449136734009,30.29063366975047,1.0,BULL,-0.03850211016037097
2015-01-13,93.3592300415039,1.8330563306808472,30.264405605059142,1.0,BULL,-0.038786072776594294
2015-01-14,92.8442153930664,1.804861545562744,29.79889977281621,1.0,BULL,-0.044088593508418206
2015-01-15,91.6395263671875,1.7331840991973877,28.61547988918924,1.0,BULL,-0.05649190777239854
2015-01-16,92.71548461914062,1.7949336767196655,29.634987161713227,1.0,BULL,-0.04541398803775076
2015-01-20,93.45116424560548,1.8346449136734009,30.29063366975047,1.0,BULL,-0.037839530722516224
2015-01-21,93.92937469482422,1.8628392219543457,30.756131629243978,1.0,BULL,-0.03291594101715489
2015-01-22,95.66742706298828,1.9664852619171145,32.46736425220779,1.0,BULL,-0.015021190366574122
2015-01-23,95.87894439697266,1.979589343070984,32.68371724719459,1.0,BULL,-0.012843436681324594
2015-01-26,95.76860809326172,1.975221037864685,32.61159498976183,1.0,BULL,-0.013979444248633732
2015-01-27,93.2856674194336,1.822334170341492,30.087378961610494,1.0,BULL,-0.03954346352227234
2015-01-28,92.80743408203124,1.790963053703308,29.569430777296393,1.0,BULL,-0.044467288881257394
2015-01-29,93.69947052001952,1.8427859544754028,30.42504512059094,1.0,BULL,-0.03528300311322019
2015-01-30,92.97297668457033,1.800493836402893,29.726787356320227,1.0,BULL,-0.04276288477425427
2015-02-02,93.78224182128906,1.8477494716644287,30.50699453748669,1.0,BULL,-0.03443080105971863
2015-02-03,94.68347930908205,1.89818274974823,31.33966572078523,1.0,BULL,-0.02515178253506567
2015-02-04,94.6007080078125,1.893218278884888,31.257700558390646,1.0,BULL,-0.02600398458856723
2015-02-05,95.41911315917967,1.9434529542922971,32.08709274155592,1.0,BULL,-0.01757779652707847
2015-02-06,94.83979034423828,1.908109664916992,31.50356258638938,1.0,BULL,-0.023542425389509902
2015-02-09,94.53633880615234,1.887063145637512,31.15607714069536,1.0,BULL,-0.02666672112883739
2015-02-10,96.0077133178711,1.9774057865142824,32.64766595941499,1.0,BULL,-0.011517649395953011
2015-02-11,96.3571548461914,1.999644160270691,33.014829342283235,1.0,BULL,-0.00791984697596304
2015-02-12,97.47908020019533,2.0695347785949707,34.1687480656477,1.0,BULL,0.0
2015-02-13,98.3159408569336,2.1217544078826904,35.03091253645933,1.0,BULL,0.0
2015-02-17,98.40789031982422,2.1275131702423096,35.12599173119959,1.0,BULL,0.0
2015-02-18,98.54583740234376,2.136646509170532,35.2767863735822,1.0,BULL,0.0
2015-02-19,99.03321838378906,2.168811798095703,35.80784662205461,1.0,BULL,0.0
2015-02-20,99.6953582763672,2.2105095386505127,36.49629100417382,1.0,BULL,0.0
2015-02-23,99.79650115966795,2.219245672225952,36.640527646289925,1.0,BULL,0.0
2015-02-24,99.87008666992188,2.223811149597168,36.71590528560768,1.0,BULL,0.0
2015-02-25,99.621826171875,2.205941677093506,36.42087400110896,1.0,BULL,-0.002485834410731913
2015-02-26,100.12757873535156,2.2394981384277344,36.97490299601299,1.0,BULL,0.0
2015-02-27,99.68612670898438,2.20991325378418,36.48644613102464,1.0,BULL,-0.00440889545061296
2015-03-02,100.5874252319336,2.269479513168335,37.46990605214373,1.0,BULL,0.0
2015-03-03,100.1183853149414,2.2369158267974854,36.93226812153126,1.0,BULL,-0.004663007487374138
2015-03-04,99.73213958740234,2.212097406387329,36.52250725974102,1.0,BULL,-0.008502908216997729
2015-03-05,99.9068832397461,2.2218260765075684,36.683131029773975,1.0,BULL,-0.006765676630237971
2015-03-06,98.77574920654295,2.145382881164551,35.42102695207302,1.0,BULL,-0.018010959334263665
2015-03-09,99.06080627441406,2.166032552719116,35.7619603020626,1.0,BULL,-0.015177035837227848
2015-03-10,97.22159576416016,2.046105146408081,33.781916586541975,1.0,BULL,-0.03346173202080216
2015-03-11,96.66063690185548,2.010167121887207,33.18856714466186,1.0,BULL,-0.039038560943614575
2015-03-12,97.29515838623048,2.0486867427825928,33.82453965189958,1.0,BULL,-0.0327304018182375
2015-03-13,96.87213134765624,2.0222787857055664,33.388534979919164,1.0,BULL,-0.03693596764914364
2015-03-16,98.12281036376952,2.0997154712677,34.66704193103582,1.0,BULL,-0.024502216479656225
2015-03-17,98.27914428710938,2.1114304065704346,34.86045963877603,1.0,BULL,-0.02294800706451927
2015-03-18,99.24473571777344,2.172187566757202,35.86358175157052,1.0,BULL,-0.013348482785638383
2015-03-19,99.3918914794922,2.182710886001587,36.037325458511205,1.0,BULL,-0.011885518986938348
2015-03-20,100.03522491455078,2.2279813289642334,36.78475641565661,1.0,BULL,-0.00548975496797488
2015-03-23,99.84169006347656,2.209317207336426,36.47660519425016,1.0,BULL,-0.007413801145993326
2015-03-24,99.4822006225586,2.186880588531494,36.10616871581072,1.0,BULL,-0.010987701562363172
2015-03-25,97.2055435180664,2.034395456314087,33.58858547904538,1.0,BULL,-0.033621317039076004
2015-03-26,96.87371063232422,2.0177154541015625,33.313192767973796,1.0,BULL,-0.03692026703185136
2015-03-27,97.26084899902344,2.0371758937835693,33.63449148091094,1.0,BULL,-0.03307149204028004
2015-03-30,98.37614440917967,2.1104495525360107,34.844265393219956,1.0,BULL,-0.021983670599532434
2015-03-31,97.3345718383789,2.04511833190918,33.765623931618165,1.0,BULL,-0.03233856902146848
2015-04-01,96.82763671875,2.010566234588623,33.19515663592605,1.0,BULL,-0.03737831547546133
2015-04-02,96.89218139648438,2.0139424800872803,33.25089963819138,1.0,BULL,-0.0367366380730868
2015-04-06,97.6848373413086,2.062394142150879,34.0508536430895,1.0,BULL,-0.02885636931189195
2015-04-07,97.5189208984375,2.0528621673583984,33.89347738219212,1.0,BULL,-0.03050584430827974
2015-04-08,98.2931900024414,2.1017117500305176,34.70000119648088,1.0,BULL,-0.02280837017352977
2015-04-09,98.91073608398438,2.14083194732666,35.345889431612555,1.0,BULL,-0.01666897372194509
2015-04-10,99.3162841796875,2.166447401046753,35.76880959405763,1.0,BULL,-0.012637176558750851
2015-04-13,99.06745910644533,2.1503634452819824,35.50325781976052,1.0,BULL,-0.015110896038779575
2015-04-14,98.78168487548828,2.1318955421447754,35.19834623474023,1.0,BULL,-0.01795194928473065
2015-04-15,99.39926147460938,2.1696245670318604,35.821265723440284,1.0,BULL,-0.011812249439575151
2015-04-16,99.26099395751952,2.1620781421661377,35.69667159112603,1.0,BULL,-0.013186849860761463
2015-04-17,97.71248626708984,2.061004877090454,34.02791638765556,1.0,BULL,-0.02858149473669036
2015-04-20,99.17804718017578,2.1531431674957275,35.549152012501956,1.0,BULL,-0.014011473586366119
2015-04-21,99.60199737548828,2.1807448863983154,36.004866112654284,1.0,BULL,-0.009796730099941642
2015-04-22,100.14582824707033,2.216090679168701,36.58843759975528,1.0,BULL,-0.004390180818775624
2015-04-23,100.52375793457033,2.2427003383636475,37.02777244474017,1.0,BULL,-0.0006329548372121518
2015-04-24,101.88790893554688,2.330469846725464,38.47687793940439,1.0,BULL,0.0
2015-04-27,101.62982940673828,2.3155767917633057,38.23098835678268,1.0,BULL,-0.0025329750262305106
2015-04-28,101.42706298828124,2.300485849380493,37.981831583151845,1.0,BULL,-0.004523068066468627
2015-04-29,100.79105377197266,2.2565996646881104,37.25725521757148,1.0,BULL,-0.010765312342096212
2015-04-30,99.2056655883789,2.1505613327026367,35.50652501076965,1.0,BULL,-0.026325433264753006
2015-05-01,100.51454162597656,2.237537145614624,36.942526314024974,1.0,BULL,-0.013479198110141644
2015-05-04,100.6804656982422,2.2454800605773926,37.07366663748161,1.0,BULL,-0.011850701912711648
2015-05-05,99.03976440429688,2.139044523239136,35.31637843041327,1.0,BULL,-0.02795370482136117
2015-05-06,98.3576889038086,2.093371868133545,34.562306809132444,1.0,BULL,-0.034648076190978205
2015-05-07,98.94759368896484,2.129313707351685,35.15571923300793,1.0,BULL,-0.028858333410709647
2015-05-08,100.18273162841795,2.2073538303375244,36.44418914851504,1.0,BULL,-0.016735816103632062
2015-05-11,99.79558563232422,2.1831278800964355,36.04421017787863,1.0,BULL,-0.020535540723936485
2015-05-12,99.34393310546876,2.1549291610717773,35.57863939545299,1.0,BULL,-0.024968378060319263
2015-05-13,99.54673767089844,2.166050434112549,35.76225553016583,1.0,BULL,-0.022977910618711794
2015-05-14,101.0030517578125,2.2619614601135254,37.345780348419936,1.0,BULL,-0.008684614170402893
2015-05-15,101.0030517578125,2.26176381111145,37.34251709378552,1.0,BULL,-0.008684614170402893
2015-05-18,101.44547271728516,2.289562940597534,37.80149051219755,1.0,BULL,-0.004342381965475428
2015-05-19,101.33489227294922,2.2830097675323486,37.69329531692428,1.0,BULL,-0.005427696655816994
2015-05-20,101.39942169189452,2.2867839336395264,37.75560812858025,1.0,BULL,-0.004794359298917139
2015-05-21,101.9247817993164,2.322725534439087,38.34901661608101,1.0,BULL,0.0
2015-05-22,101.82341766357422,2.316370248794556,38.24408861181687,1.0,BULL,-0.0009944994137124352
2015-05-26,100.6528091430664,2.236147165298462,36.9195772494669,1.0,BULL,-0.012479522975623714
2015-05-27,102.27500915527344,2.3437740802764893,38.69653552096006,1.0,BULL,0.0
2015-05-28,102.04460144042967,2.326498031616211,38.411301873114006,1.0,BULL,-0.002252825169577477
2015-05-29,101.43629455566406,2.287179946899414,37.762146446973205,1.0,BULL,-0.008200582004701085
2015-06-01,101.77730560302734,2.307236671447754,38.09329003305954,1.0,BULL,-0.004866326156866774
2015-06-02,101.45469665527344,2.286188125610352,37.74577112818049,1.0,BULL,-0.008020654378574577
2015-06-03,101.75888061523438,2.306243419647217,38.07689109601855,1.0,BULL,-0.005046477573573016
2015-06-04,100.984619140625,2.256005048751831,37.247437899045266,1.0,BULL,-0.012616865305671854
2015-06-05,100.74495697021484,2.238927125930786,36.965475378583044,1.0,BULL,-0.014960176466331854
2015-06-08,99.72186279296876,2.1704180240631104,35.83436597847446,1.0,BULL,-0.024963540784714078
2015-06-09,99.55592346191406,2.1596949100494385,35.65732358952697,1.0,BULL,-0.026586022487969374
2015-06-10,100.92009735107422,2.245280504226685,37.070371891849526,1.0,BULL,-0.013247730950013414
2015-06-11,101.06757354736328,2.2575936317443848,37.27366596373659,1.0,BULL,-0.011805773647764028
2015-06-12,100.23802185058594,2.200204610824585,36.3261530164673,1.0,BULL,-0.019916764823701527
2015-06-15,99.7402801513672,2.169822931289673,35.82454078719883,1.0,BULL,-0.024783463964867747
2015-06-16,100.28411865234376,2.2029848098754883,36.37205508195815,1.0,BULL,-0.019466050596066098
2015-06-17,100.56062316894533,2.221452474594116,36.676962730603734,1.0,BULL,-0.016762511198853414
2015-06-18,102.02619934082033,2.3153786659240723,38.22771722939885,1.0,BULL,-0.002432752795703652
2015-06-19,101.52175903320312,2.280031204223633,37.64411818767488,1.0,BULL,-0.0073649479798797435
2015-06-22,102.2700653076172,2.3350367546081543,38.55227919697041,1.0,BULL,-4.833876522791769e-05
2015-06-23,102.3532257080078,2.340795516967773,38.647358391710654,1.0,BULL,0.0
2015-06-24,101.82662200927734,2.304853200912476,38.053938095085776,1.0,BULL,-0.005144964363240967
2015-06-25,101.62338256835938,2.289762258529663,37.80478132145494,1.0,BULL,-0.00713063154189697
2015-06-26,100.9489517211914,2.2472665309906006,37.10316189318206,1.0,BULL,-0.01371988012202463
2015-06-29,98.56546020507812,2.088408231735229,34.480355424049336,1.0,BULL,-0.03700680146354518
2015-06-30,98.91650390625,2.112236738204956,34.87377245804454,1.0,BULL,-0.03357707368756546
2015-07-01,99.70177459716795,2.1555254459381104,35.58848426860217,1.0,BULL,-0.02590491010419027
2015-07-02,99.72949981689452,2.1636672019958496,35.72290752856677,1.0,BULL,-0.025634032273669782
2015-07-06,99.49854278564452,2.145397663116455,35.42127100730502,1.0,BULL,-0.027890502742992096
2015-07-07,99.74795532226562,2.156320333480835,35.60160814188461,1.0,BULL,-0.0254537203661217
2015-07-08,98.01114654541016,2.048295259475708,33.8180761246261,1.0,BULL,-0.04242249457759817
2015-07-09,97.95571899414062,2.0423378944396973,33.71971792975259,1.0,BULL,-0.04296402661907628
2015-07-10,99.4523468017578,2.1372570991516118,35.286867429213984,1.0,BULL,-0.028341841560769132
2015-07-13,101.19841003417967,2.2464730739593506,37.09006163814788,1.0,BULL,-0.011282650506028724
2015-07-14,101.86359405517578,2.2915499210357666,37.83429625902894,1.0,BULL,-0.004783744229310716
2015-07-15,101.97444152832033,2.3024706840515137,38.01460190261084,1.0,BULL,-0.0037007546862085627
2015-07-16,103.41564178466795,2.3924248218536377,39.49977639874086,1.0,BULL,0.0
2015-07-17,104.93997955322266,2.501840114593506,41.30626141693215,1.0,BULL,0.0
2015-07-20,105.3003158569336,2.529839038848877,41.76853351735099,1.0,BULL,0.0
2015-07-21,105.23562622070312,2.522887706756592,41.65376457631237,1.0,BULL,-0.0006143346836524621
2015-07-22,104.04387664794922,2.440082550048828,40.286622275855386,1.0,BULL,-0.011931960495649818
2015-07-23,103.6558609008789,2.4108924865722656,39.804684047386445,1.0,BULL,-0.015616809338814597
2015-07-24,102.63961029052734,2.3423843383789062,38.673590392776696,1.0,BULL,-0.025267783337147964
2015-07-27,101.78968048095705,2.2822165489196777,37.68019899826481,1.0,BULL,-0.03333926728905812
2015-07-28,102.66734313964844,2.3423843383789062,38.673590392776696,1.0,BULL,-0.025004414239957695
2015-07-29,103.05535125732422,2.368596315383911,39.106359364745664,1.0,BULL,-0.021319637850464757
2015-07-30,103.54499816894533,2.4015591144561768,39.65058678662231,1.0,BULL,-0.016669633644529003
2015-07-31,103.42488861083984,2.394211769104004,39.52927952719073,1.0,BULL,-0.017810271800530963
2015-08-03,103.10154724121094,2.372170209884644,39.165365621645414,1.0,BULL,-0.02088093086738707
2015-08-04,102.90752410888672,2.356879472732544,38.91291016600777,1.0,BULL,-0.022723500196313196
2015-08-05,103.70207214355467,2.4120841026306152,39.82435804818597,1.0,BULL,-0.015177957448393342
2015-08-06,102.03910064697266,2.296315193176269,37.91297258035349,1.0,BULL,-0.030970611848798124
2015-08-07,101.9097900390625,2.287179946899414,37.762146446973205,1.0,BULL,-0.03219862913305627
2015-08-10,103.0738525390625,2.3644258975982666,39.03750429832203,1.0,BULL,-0.02114393769621814
2015-08-11,101.75272369384766,2.274273157119751,37.54905080205875,1.0,BULL,-0.03369023287552031
2015-08-12,102.10379028320312,2.2943286895751958,37.88017470627154,1.0,BULL,-0.030356277165145773
2015-08-13,101.9375,2.2840030193328857,37.70969425396526,1.0,BULL,-0.03193547739688163
2015-08-14,102.09452056884766,2.296315193176269,37.91297258035349,1.0,BULL,-0.030444308376448737
2015-08-17,102.94448852539062,2.3527097702026367,38.844066908708264,1.0,BULL,-0.022372462156179274
2015-08-18,102.41790771484376,2.3151795864105225,38.22443035651617,1.0,BULL,-0.027373214587561367
2015-08-19,101.74347686767578,2.27169132232666,37.506423800326445,1.0,BULL,-0.03377804672580775
2015-08-20,98.9257354736328,2.084634304046631,34.41804654876808,1.0,BULL,-0.0605371439907324
2015-08-21,94.60211944580078,1.8252962827682493,30.13628448100491,1.0,BULL,-0.10159700209891043
2015-08-24,90.96217346191406,1.609048843383789,26.565963096415544,1.0,BULL,-0.1361642866722268
2015-08-25,90.6203384399414,1.5878008604049685,26.215151414091757,1.0,BULL,-0.13941057343965768
2015-08-26,95.18415832519533,1.8169561624526975,29.998586157281764,1.0,BULL,-0.0960695839268193
2015-08-27,97.5954132080078,1.95893657207489,32.34273272433378,1.0,BULL,-0.07317074584461902
2015-08-28,97.57693481445312,1.9573488235473635,32.31651843695394,1.0,BULL,-0.07334622863785001
2015-08-31,96.36669158935548,1.884670615196228,31.116575620482624,1.0,BULL,-0.08483948215042192
2015-09-01,93.35494232177734,1.713697910308838,28.293756047783436,1.0,BULL,-0.11344100383692912
2015-09-02,95.98792266845705,1.8530970811843872,30.595285454039914,1.0,BULL,-0.08843651714329936
2015-09-03,95.51675415039062,1.8225160837173464,30.090382415514064,1.0,BULL,-0.09291103855600413
2015-09-04,94.38043212890624,1.7615537643432615,29.083873052281792,1.0,BULL,-0.10370228844198026
2015-09-08,97.04109954833984,1.911080837249756,31.55261768802278,1.0,BULL,-0.07843486737319139
2015-09-09,95.95095825195312,1.844557762145996,30.45429828924674,1.0,BULL,-0.08878755518343351
2015-09-10,96.9949188232422,1.903534293174744,31.428021587521172,1.0,BULL,-0.07887342944892517
2015-09-11,97.53073120117188,1.9343138933181765,31.93620362618028,1.0,BULL,-0.07378500807459942
2015-09-14,97.235107421875,1.9170377254486084,31.65096801014687,1.0,BULL,-0.07659244295160894
2015-09-15,98.38067626953124,1.983957290649414,32.75583360006529,1.0,BULL,-0.0657133792153457
2015-09-16,98.93498229980467,2.0171194076538086,33.30335183119932,1.0,BULL,-0.06044933014044507
2015-09-17,98.97190856933594,2.02267861366272,33.39513628030749,1.0,BULL,-0.060098654368670235
2015-09-18,97.5642547607422,1.9370942115783687,31.982107659858478,1.0,BULL,-0.07346664664047164
2015-09-21,97.8698959350586,1.9535750150680544,32.254211529860044,1.0,BULL,-0.07056408009231752
2015-09-22,96.40666198730467,1.86739444732666,30.83134000444921,1.0,BULL,-0.08445989736357762
2015-09-23,96.4807586669922,1.870373010635376,30.880517133698614,1.0,BULL,-0.08375622730252863
2015-09-24,96.12882995605467,1.8487279415130613,30.523149419295663,1.0,BULL,-0.08709837027782297
2015-09-25,95.3138427734375,1.8038502931594849,29.782203639484642,1.0,BULL,-0.09483801641264045
2015-09-28,92.60040283203124,1.6483665704727173,27.21511261799428,1.0,BULL,-0.12060659952964536
2015-09-29,92.11882781982422,1.6239417791366575,26.811850710849896,1.0,BULL,-0.12517994775075902
2015-09-30,94.2396011352539,1.7313703298568726,28.585533918584513,1.0,BULL,-0.10503971077073826
2015-10-01,94.66560363769533,1.75559663772583,28.985518793782997,1.0,BULL,-0.1009941150954109
2015-10-02,96.32330322265624,1.8467425107955933,30.490369258899896,1.0,BULL,-0.08525152618225751
2015-10-05,97.70318603515624,1.9309377670288088,31.880462592102308,1.0,BULL,-0.07214726527600557
2015-10-06,97.24015045166016,1.9033359289169312,31.42474652376262,1.0,BULL,-0.0765445510745133
2015-10-07,97.8236083984375,1.9339162111282349,31.929637753164346,1.0,BULL,-0.0710036565194575
2015-10-08,98.21253967285156,1.9575468301773071,32.31978759615042,1.0,BULL,-0.06731011323567015
2015-10-09,98.65703582763672,1.9813754558563232,32.713206598332974,1.0,BULL,-0.06308888985976813
2015-10-12,98.89787292480467,1.9980566501617432,32.9886189912781,1.0,BULL,-0.06080174480034428
2015-10-13,98.25886535644533,1.95893657207489,32.34273272433378,1.0,BULL,-0.06687017454017086
2015-10-14,98.10142517089844,1.950596570968628,32.20503636879799,1.0,BULL,-0.06836532851255583
2015-10-15,99.71283721923828,2.045912504196167,33.778735995776465,1.0,BULL,-0.0530623160265421
2015-10-16,100.1295394897461,2.0713298320770264,34.1983850308377,1.0,BULL,-0.04910504137720517
2015-10-19,100.7037353515625,2.108463287353516,34.81147145551271,1.0,BULL,-0.04365210557978039
2015-10-20,100.18512725830078,2.073514699935913,34.234457968678214,1.0,BULL,-0.04857714392407497
2015-10-21,99.57392120361328,2.040154218673706,33.68366467378563,1.0,BULL,-0.05438155248366483
2015-10-22,101.60204315185548,2.161085844039917,35.68028839958388,1.0,BULL,-0.035121192894642106
2015-10-23,104.44515991210938,2.340795516967773,38.647358391710654,1.0,BULL,-0.008121114717130395
2015-10-26,104.51000213623048,2.347745895385742,38.762111587250445,1.0,BULL,-0.00750533096004069
2015-10-27,104.72301483154295,2.363036632537842,39.01456704288808,1.0,BULL,-0.005482424441869527
2015-10-28,105.59351348876952,2.417843103408813,39.919441179300925,1.0,BULL,0.0
2015-10-29,105.42684173583984,2.4089064598083496,39.771894046053895,1.0,BULL,-0.0015784279490558273
2015-10-30,104.9545440673828,2.3759429454803467,39.227654815053114,1.0,BULL,-0.006051218491320287
2015-11-02,106.13992309570312,2.4569616317749023,40.565301859809644,1.0,BULL,0.0
2015-11-03,106.5103759765625,2.480393886566162,40.95217663903717,1.0,BULL,0.0
2015-11-04,106.51961517333984,2.4813857078552246,40.968551957829895,1.0,BULL,0.0
2015-11-05,106.23252868652344,2.459543466567993,40.60792886154195,1.0,BULL,-0.0026951513704703833
2015-11-06,106.30663299560548,2.4676849842071533,40.742348185131846,1.0,BULL,-0.0019994643933680667
2015-11-09,105.1767807006836,2.388254880905152,39.43092920506665,1.0,BULL,-0.01260645253431536
2015-11-10,104.90821838378906,2.371376037597656,39.15225355748709,1.0,BULL,-0.015127700066589145
2015-11-11,104.77857971191406,2.360852003097534,38.978498041422284,1.0,BULL,-0.01634474043670353
2015-11-12,103.75984191894533,2.292343139648437,37.8473925776884,1.0,BULL,-0.025908592045732814
2015-11-13,101.7224578857422,2.1575114727020264,35.621274269934716,1.0,BULL,-0.045035435772005084
2015-11-16,103.1856689453125,2.2474660873413086,37.10645663881416,1.0,BULL,-0.0312988947866738
2015-11-17,103.2505111694336,2.2552101612091064,37.23431402576283,1.0,BULL,-0.030690159728669952
2015-11-18,105.23236846923828,2.384482145309448,39.368640011658925,1.0,BULL,-0.012084597771094274
2015-11-19,105.30642700195312,2.3880574703216557,39.427669886806946,1.0,BULL,-0.011389340539885495
2015-11-20,106.01953887939452,2.4355151653289795,40.21121314553995,1.0,BULL,-0.004694687388154262
2015-11-23,105.71394348144533,2.4158565998077397,39.886643305218975,1.0,BULL,-0.007563599348189953
2015-11-24,105.62130737304688,2.408311367034912,39.76206885477826,1.0,BULL,-0.008433261787804458
2015-11-25,105.71394348144533,2.413672685623169,39.850586112877295,1.0,BULL,-0.007563599348189953
2015-11-27,105.86209106445312,2.4224092960357666,39.99483062774282,1.0,BULL,-0.006172798388510148
2015-11-30,105.59351348876952,2.4071199893951416,39.74239879035345,1.0,BULL,-0.008694189169415223
2015-12-01,106.64928436279295,2.4786064624786377,40.92266563783788,1.0,BULL,0.0
2015-12-02,105.9917449951172,2.4335293769836426,40.17842708058211,1.0,BULL,-0.00616543628590116
2015-12-03,104.19513702392578,2.309421300888061,38.12935903452533,1.0,BULL,-0.023011381215825244
2015-12-04,106.63075256347656,2.468081474304199,40.74889437627422,1.0,BULL,-0.0001737639350054554
2015-12-07,106.14920043945312,2.437898635864258,40.25056508351371,1.0,BULL,-0.004689050904820635
2015-12-08,106.158447265625,2.4380972385406494,40.25384408364697,1.0,BULL,-0.004602347780396254
2015-12-09,104.54704284667967,2.324512720108032,38.37852368090558,1.0,BULL,-0.01971172641873531
2015-12-10,105.01936340332033,2.357475757598877,38.922755039156954,1.0,BULL,-0.015282999498881455
2015-12-11,102.60224151611328,2.195836544036865,36.25403469540924,1.0,BULL,-0.03794721053085259
2015-12-14,103.3801498413086,2.2450830936431885,37.06711257358981,1.0,BULL,-0.0306531313455759
2015-12-15,104.00992584228516,2.2832093238830566,37.696590062556375,1.0,BULL,-0.024748019044641634
2015-12-16,105.55648040771484,2.3840854167938232,39.362089884141845,1.0,BULL,-0.010246706872975131
2015-12-17,104.01915740966795,2.284797430038452,37.72281025449828,1.0,BULL,-0.024661458994680086
2015-12-18,102.02384185791016,2.159298896789551,35.65078527113401,1.0,BULL,-0.043370591115719614
2015-12-21,103.15716552734376,2.223437786102295,36.70974092281215,1.0,BULL,-0.032743950006920985
2015-12-22,103.83522033691406,2.265535593032837,37.40479054169439,1.0,BULL,-0.026386150105857098
2015-12-23,104.6062469482422,2.317363739013672,38.260491485232556,1.0,BULL,-0.019156597503278805
2015-12-24,104.5876693725586,2.312597751617432,38.18180335478387,1.0,BULL,-0.01933079066167276
2015-12-28,104.53194427490234,2.312002182006836,38.17197029075881,1.0,BULL,-0.019853298599622815
2015-12-29,106.17613983154295,2.417444944381714,39.91286743353559,1.0,BULL,-0.0044364529408419395
2015-12-30,105.21932220458984,2.355688095092773,38.89324010158295,1.0,BULL,-0.013408080201820716
2015-12-31,103.90953063964844,2.2683162689208984,37.45070047993467,1.0,BULL,-0.025689377472281838
2016-01-04,101.71727752685548,2.129711151123047,35.16228116964914,1.0,BULL,-0.04624510014675842
2016-01-05,101.54080200195312,2.110647678375244,34.84753652060379,1.0,BULL,-0.04789982784565261
2016-01-06,100.56544494628906,2.054054021835327,33.91315531936635,1.0,BULL,-0.057045290578868424
2016-01-07,97.41637420654295,1.8586571216583248,30.68708368045955,1.0,BULL,-0.08657264051432412
2016-01-08,96.61749267578124,1.8147714138031008,29.962515187628615,1.0,BULL,-0.09406337554864586
2016-01-11,96.91476440429688,1.8306574821472168,30.224799770916594,1.0,BULL,-0.09127599886541937
2016-01-12,98.03874969482422,1.892414927482605,31.244436943806004,1.0,BULL,-0.08073691932782179
2016-01-13,94.65744018554688,1.694435715675354,27.975730430417478,1.0,BULL,-0.11244186258627831
2016-01-14,96.6732177734375,1.804048776626587,29.78548067143054,1.0,BULL,-0.09354086761069569
2016-01-15,93.67278289794922,1.6382393836975098,27.047909197633906,1.0,BULL,-0.12167452920453803
2016-01-19,93.8771743774414,1.6451895236968994,27.16265845679898,1.0,BULL,-0.1197580467760494
2016-01-20,93.58919525146484,1.6302967071533203,26.916772810551983,1.0,BULL,-0.12245829111146311
2016-01-21,93.68209075927734,1.6362537145614624,27.015125100863425,1.0,BULL,-0.12158725378226276
2016-01-22,96.3945541381836,1.7772411108016968,29.34287666724917,1.0,BULL,-0.09615376498660277
2016-01-25,94.9640121459961,1.6972156763076782,28.021628559533625,1.0,BULL,-0.10956728201800792
2016-01-26,95.8186264038086,1.745667576789856,28.821586500806458,1.0,BULL,-0.10155396750850476
2016-01-27,93.43126678466795,1.615799903869629,26.67742548269794,1.0,BULL,-0.12393911180088901
2016-01-28,94.7503433227539,1.6795423030853271,27.729834943233705,1.0,BULL,-0.11157075371984648
2016-01-29,96.72894287109376,1.7889573574066162,29.536316025050287,1.0,BULL,-0.09301835967274552
2016-02-01,96.9890594482422,1.7990845441818235,29.703519445410656,1.0,BULL,-0.09057936930630683
2016-02-02,94.88970184326172,1.684903860092163,27.81835613770745,1.0,BULL,-0.11026405465158318
2016-02-03,94.4345474243164,1.661074995994568,27.424933199150193,1.0,BULL,-0.11453182280084706
2016-02-04,94.4252471923828,1.658096194267273,27.375752133526078,1.0,BULL,-0.11461902668589108
2016-02-05,91.14610290527344,1.4875211715698242,24.55949843384282,1.0,BULL,-0.14536601487902867
2016-02-08,89.75272369384766,1.419608473777771,23.438235875070774,1.0,BULL,-0.15843107405641488
2016-02-09,89.47406005859375,1.403126835823059,23.166118227757735,1.0,BULL,-0.16104397143232196
2016-02-10,89.8177719116211,1.419807195663452,23.44151684339138,1.0,BULL,-0.15782114762172672
2016-02-11,89.68773651123047,1.4164317846298218,23.385787618437536,1.0,BULL,-0.15904042819325204
2016-02-12,91.05322265625,1.4767982959747314,24.38245998127004,1.0,BULL,-0.1462369091337663
2016-02-16,93.10618591308594,1.5750925540924072,26.0053328011232,1.0,BULL,-0.12698724169247066
2016-02-17,95.21481323242188,1.6839118003845217,27.80197688254002,1.0,BULL,-0.10721563861107597
2016-02-18,94.1279754638672,1.6267223358154297,26.85775868090282,1.0,BULL,-0.11740640336911723
2016-02-19,94.40664672851562,1.643600583076477,27.13642448754559,1.0,BULL,-0.1147934344559789
2016-02-22,95.93934631347656,1.7212432622909546,28.418332466411496,1.0,BULL,-0.10042203389648618
2016-02-23,94.36021423339844,1.6354585886001587,27.00199729120628,1.0,BULL,-0.1152288100461164
2016-02-24,95.26126098632812,1.684109807014465,27.805246041736492,1.0,BULL,-0.10678011994647574
2016-02-25,96.19947814941406,1.7305762767791748,28.572423822613562,1.0,BULL,-0.09798290045558478
2016-02-26,96.0787124633789,1.726604461669922,28.506847756323182,1.0,BULL,-0.09911526329099152
2016-02-29,95.21481323242188,1.680933117866516,27.752797785103258,1.0,BULL,-0.10721563861107597
2016-03-01,98.27098846435548,1.84177839756012,30.408410001067377,1.0,BULL,-0.07855932600482063
2016-03-02,98.30813598632812,1.843764066696167,30.44119409783785,1.0,BULL,-0.07821101122526453
2016-03-03,98.12236785888672,1.8334380388259888,30.270707740969513,1.0,BULL,-0.07995287127197115
2016-03-04,98.1595230102539,1.8366150856018064,30.32316190216481,1.0,BULL,-0.07960448495518357
2016-03-07,97.55569458007812,1.8024606704711916,29.75926047948864,1.0,BULL,-0.0852662991322175
2016-03-08,96.7475357055664,1.7548028230667114,28.972412634186753,1.0,BULL,-0.09284402343988907
2016-03-09,97.3698959350586,1.7883613109588623,29.526475088275813,1.0,BULL,-0.08700844532784968
2016-03-10,97.22130584716795,1.7816102504730225,29.415012701993415,1.0,BULL,-0.08840170444607476
2016-03-11,98.92123413085938,1.8739473819732664,30.939531263347774,1.0,BULL,-0.07246227931211213
2016-03-14,99.08843231201172,1.884868621826172,31.11984477967911,1.0,BULL,-0.07089454088656799
2016-03-15,99.0512924194336,1.8836772441864011,31.100174715254283,1.0,BULL,-0.07124278412889284
2016-03-16,99.93374633789062,1.9317326545715328,31.893586465384733,1.0,BULL,-0.06296843026210874
2016-03-17,99.8780288696289,1.9261720180511477,31.801778398028326,1.0,BULL,-0.06349086666282733
2016-03-18,100.03455352783205,1.9372920989990237,31.985374850867615,1.0,BULL,-0.06202320882397416
2016-03-21,100.42587280273438,1.9603271484375,32.36569162982863,1.0,BULL,-0.05835399268961017
2016-03-22,100.73330688476562,1.977801322937012,32.65419640505852,1.0,BULL,-0.055471328414194776
2016-03-23,99.90412902832033,1.930739164352417,31.877183591969047,1.0,BULL,-0.06324613779429944
2016-03-24,99.93203735351562,1.9301437139511108,31.86735249613135,1.0,BULL,-0.06298445460193636
2016-03-28,99.79228973388672,1.923193454742432,31.75260126877893,1.0,BULL,-0.06429480206899973
2016-03-29,101.39482879638672,2.015133857727051,33.27056970261619,1.0,BULL,-0.04926854969351646
2016-03-30,101.88858795166016,2.045316696166992,33.7688989953767,1.0,BULL,-0.0446388031535041
2016-03-31,101.73951721191406,2.0334019660949707,33.572182605629685,1.0,BULL,-0.04603656911730558
2016-04-01,102.82028198242188,2.101116180419922,34.69016813245583,1.0,BULL,-0.035902747995437245
2016-04-04,102.42897033691406,2.075102567672729,34.2606742242454,1.0,BULL,-0.03957189259256999
2016-04-05,101.44140625,2.0193030834198,33.339405087166284,1.0,BULL,-0.04883181489598298
2016-04-06,103.10907745361328,2.11600923538208,34.93605771507754,1.0,BULL,-0.03319484917626658
2016-04-07,101.6277084350586,2.024664878845215,33.42793021801474,1.0,BULL,-0.04708494724308021
2016-04-08,101.55318450927734,2.019899845123291,33.34925783306488,1.0,BULL,-0.0477837229191338
2016-04-11,101.18050384521484,1.9982540607452397,32.99187830953782,1.0,BULL,-0.051278173597253174
2016-04-12,102.02833557128906,2.0449202060699463,33.762352804234325,1.0,BULL,-0.043328455686440726
2016-04-13,103.33271026611328,2.124746799468994,35.0803179754419,1.0,BULL,-0.031097949850254603
2016-04-14,103.3420181274414,2.126136302947998,35.103259167250556,1.0,BULL,-0.031010674427979223
2016-04-15,103.08114624023438,2.109853982925415,34.834432329194904,1.0,BULL,-0.03345674698032386
2016-04-18,103.63085174560548,2.1410298347473145,35.349156622621685,1.0,BULL,-0.028302417922651535
2016-04-19,102.9972915649414,2.1040940284729004,34.7393334525811,1.0,BULL,-0.03424301269034702
2016-04-20,103.08114624023438,2.10925817489624,34.824595328795134,1.0,BULL,-0.03345674698032386
2016-04-21,103.09044647216795,2.109853982925415,34.834432329194904,1.0,BULL,-0.03336954309528006
2016-04-22,101.5345458984375,2.014338493347168,33.25743795658434,1.0,BULL,-0.04795848837537864
2016-04-25,101.5345458984375,2.0127508640289307,33.23122563739185,1.0,BULL,-0.04795848837537864
2016-04-26,101.0407485961914,1.9851478338241575,32.775489887178615,1.0,BULL,-0.05258859260154791
2016-04-27,100.23018646240234,1.937490701675415,31.988653851000866,1.0,BULL,-0.06018885113710204
2016-04-28,99.0189971923828,1.8687841892242432,30.854285132632576,1.0,BULL,-0.07154560122929576
2016-04-29,98.4972915649414,1.8389981985092163,30.362507935576513,1.0,BULL,-0.07643738864782812
2016-05-02,99.42893981933594,1.8876489400863647,31.165748813357315,1.0,BULL,-0.06770176271314954
2016-05-03,98.50658416748048,1.837409257888794,30.336273966323123,1.0,BULL,-0.07635025630001546
2016-05-04,97.873046875,1.8010700941085815,29.736301573993785,1.0,BULL,-0.08229063645601686
2016-05-05,97.84507751464844,1.8000776767730713,29.719916414264286,1.0,BULL,-0.08255289194623106
2016-05-06,98.3668441772461,1.8260903358459477,30.149394576975876,1.0,BULL,-0.07766053222984759
2016-05-09,98.64631652832033,1.8421748876571653,30.414956192209747,1.0,BULL,-0.0750400519074148
2016-05-10,99.9972686767578,1.919420838356018,31.69031404355857,1.0,BULL,-0.06237281127369543
2016-05-11,99.0935516357422,1.8669970035552976,30.82477806780799,1.0,BULL,-0.0708465394043164
2016-05-12,98.65568542480467,1.8407849073410036,30.39200712765168,1.0,BULL,-0.07495220418728876
2016-05-13,98.2922821044922,1.8185449838638303,30.024818158347802,1.0,BULL,-0.07835966559205798
2016-05-16,99.5220947265625,1.888641119003296,31.182130036712103,1.0,BULL,-0.06682829311808247
2016-05-17,98.27366638183594,1.816162109375,29.985476061310816,1.0,BULL,-0.07853421643660874
2016-05-18,98.62770080566406,1.8368133306503296,30.326434997736005,1.0,BULL,-0.07521460275196568
2016-05-19,98.11528778076172,1.8078221082687376,29.84777970577502,1.0,BULL,-0.0800192578226856
2016-05-20,99.1960220336914,1.8681883811950684,30.844448132232813,1.0,BULL,-0.0698857228497427
2016-05-23,99.06559753417967,1.8590543270111084,30.69364168072607,1.0,BULL,-0.07110865182006809
2016-05-24,101.05006408691406,1.9728378057479856,32.57224698816277,1.0,BULL,-0.05250124564204117
2016-05-25,101.77677917480467,2.015331983566284,33.27384083000003,1.0,BULL,-0.04568718127927884
2016-05-26,102.07491302490234,2.032210111618042,33.55250466845545,1.0,BULL,-0.04289172088890725
2016-05-27,102.60595703125,2.0627920627593994,34.05742345248014,1.0,BULL,-0.03791237189917385
2016-05-31,102.80165100097656,2.075102567672729,34.2606742242454,1.0,BULL,-0.036077441914450614
2016-06-01,102.81092834472656,2.075897455215454,34.273798097527845,1.0,BULL,-0.03599045264110079
2016-06-02,103.0252456665039,2.087612628936768,34.46721974164278,1.0,BULL,-0.03398090027459555
2016-06-03,102.54076385498048,2.059018135070801,33.99511457719888,1.0,BULL,-0.03852365754125797
2016-06-06,102.91343688964844,2.08106017112732,34.359036355493636,1.0,BULL,-0.03502927840037018
2016-06-07,102.6525650024414,2.066365957260132,34.11642970937989,1.0,BULL,-0.037475350952714814
2016-06-08,102.82958984375,2.075500011444092,34.267236160886625,1.0,BULL,-0.035815472573161866
2016-06-09,102.6618881225586,2.066365957260132,34.11642970937989,1.0,BULL,-0.03738793245597671
2016-06-10,101.49728393554688,1.996864676475525,32.96893908591651,1.0,BULL,-0.04830787621340549
2016-06-13,100.6494369506836,1.9456323385238647,32.12307514277811,1.0,BULL,-0.056257737198680546
2016-06-14,100.6494369506836,1.946625828742981,32.139478016193806,1.0,BULL,-0.056257737198680546
2016-06-15,100.3606185913086,1.9291505813598635,31.850955527277726,1.0,BULL,-0.0589658506295454
2016-06-16,100.65876770019533,1.9430512189865112,32.08045995016993,1.0,BULL,-0.056170247164710974
2016-06-17,99.4789047241211,1.87652850151062,30.982146455955956,1.0,BULL,-0.06723326538488628
2016-06-20,100.10482788085938,1.9102863073349,31.539499719302405,1.0,BULL,-0.06136427938579547
2016-06-21,100.42243957519533,1.9293497800827024,31.854244368347747,1.0,BULL,-0.058386184443728006
2016-06-22,100.1795425415039,1.9168397188186648,31.64769885095039,1.0,BULL,-0.06066371527895753
2016-06-23,101.60877227783205,1.9976592063903809,32.98205705463688,1.0,BULL,-0.04726250265134835
2016-06-24,97.42375946044922,1.753015637397766,28.942905569362168,1.0,BULL,-0.08650339247435468
2016-06-27,95.49004364013672,1.6509478092193604,27.257729778789816,1.0,BULL,-0.10463493298928683
2016-06-28,97.5825424194336,1.754405498504639,28.965852665732893,1.0,BULL,-0.08501455961501514
2016-06-29,99.3107452392578,1.845550894737244,30.470695258100374,1.0,BULL,-0.06881001750158366
2016-06-30,100.45979309082033,1.9126691818237305,31.578841816339395,1.0,BULL,-0.058035938158924716
2016-07-01,100.9642333984375,1.938881278038025,32.011612756495715,1.0,BULL,-0.05330603949498991
2016-07-05,100.34769439697266,1.9045274257659912,31.444418556374796,1.0,BULL,-0.059087034699491614
2016-07-06,101.16974639892578,1.9494049549102783,32.185362367998465,1.0,BULL,-0.05137904109348934
2016-07-07,101.46867370605467,1.9678728580474851,32.49027395301876,1.0,BULL,-0.048576140831055215
2016-07-08,103.03809356689452,2.0588197708129883,33.99183951344034,1.0,BULL,-0.03386043157696317
2016-07-11,103.62660217285156,2.093967914581299,34.57214774590692,1.0,BULL,-0.028342264160526542
2016-07-12,104.14972686767578,2.126930952072144,35.11637910415829,1.0,BULL,-0.02343717081695862
2016-07-13,103.89749908447266,2.112037420272827,34.870481648787155,1.0,BULL,-0.025802191686157494
2016-07-14,104.60746002197266,2.1549291610717773,35.57863939545299,1.0,BULL,-0.019145223083490648
2016-07-15,104.4393310546875,2.1428167819976807,35.37865975107155,1.0,BULL,-0.02072168905126237
2016-07-18,105.13059997558594,2.185510635375977,36.08355030672827,1.0,BULL,-0.014239986665459892
2016-07-19,104.74757385253906,2.1628735065460205,35.70980333715789,1.0,BULL,-0.017831441829321282
2016-07-20,105.97135162353516,2.236941337585449,36.93268931362521,1.0,BULL,-0.006356655305361891
2016-07-21,105.72848510742188,2.2236368656158447,36.71302779569483,1.0,BULL,-0.00863389999166575
2016-07-22,106.16753387451172,2.2494513988494877,37.13923483102258,1.0,BULL,-0.004517146937830785
2016-07-25,106.17684173583984,2.251436710357666,37.17201302323099,1.0,BULL,-0.004429871515555406
2016-07-26,106.29832458496094,2.2589826583862305,37.296599282795825,1.0,BULL,-0.0032907841803996307
2016-07-27,107.03630065917967,2.303066730499268,38.02444283938532,1.0,BULL,0.0
2016-07-28,107.4099578857422,2.328087091445923,38.43753781055475,1.0,BULL,0.0
2016-07-29,107.64349365234376,2.343377590179444,38.68998932981769,1.0,BULL,0.0
2016-08-01,108.21331787109376,2.380113124847412,39.29650594510204,1.0,BULL,0.0
2016-08-02,107.39127349853516,2.326498031616211,38.411301873114006,1.0,BULL,-0.007596517588878027
2016-08-03,107.74625396728516,2.3485398292541504,38.77521971503404,1.0,BULL,-0.0043161406839496985
2016-08-04,108.05453491210938,2.369589328765869,39.122754365411936,1.0,BULL,-0.0014673143944586853
2016-08-05,109.0914306640625,2.4380972385406494,40.25384408364697,1.0,BULL,0.0
2016-08-08,108.97000885009766,2.4303529262542725,40.12598276032359,1.0,BULL,-0.001113027973193903
2016-08-09,109.22222900390624,2.446437358856201,40.39154240737012,1.0,BULL,0.0
2016-08-10,108.9419937133789,2.42757248878479,40.08007675845803,1.0,BULL,-0.0025657349523355855
2016-08-11,109.40904998779295,2.458948135375977,40.598099733891615,1.0,BULL,0.0
2016-08-12,109.48377990722656,2.4635140895843506,40.67348524595879,1.0,BULL,0.0
2016-08-15,109.95087432861328,2.494492292404175,41.18494628475115,1.0,BULL,0.0
2016-08-16,109.34367370605467,2.455173969268799,40.535786922235644,1.0,BULL,-0.00552247197911182
2016-08-17,109.5398406982422,2.4666919708251958,40.725953184465574,1.0,BULL,-0.003738338897993798
2016-08-18,109.56786346435548,2.4690749645233154,40.765297249689915,1.0,BULL,-0.0034834726562799068
2016-08-19,109.5398406982422,2.465698719024658,40.709554247424585,1.0,BULL,-0.003738338897993798
2016-08-22,109.62390899658205,2.468081474304199,40.74889437627422,1.0,BULL,-0.002973740172852346
2016-08-23,109.82008361816406,2.4827771186828613,40.99152464063623,1.0,BULL,-0.0011895377026136522
2016-08-24,109.11014556884766,2.434919834136963,40.20138401788961,1.0,BULL,-0.007646403586140771
2016-08-25,108.93267059326172,2.423402547836304,40.01122956478381,1.0,BULL,-0.009260533320621267
2016-08-26,109.0914306640625,2.4351189136505127,40.20467089077228,1.0,BULL,-0.007816615100141311
2016-08-29,109.24091339111328,2.4418699741363525,40.31613327705468,1.0,BULL,-0.006457074050890355
2016-08-30,108.88592529296876,2.419827461242676,39.952203626010515,1.0,BULL,-0.009685680465456592
2016-08-31,108.77384948730467,2.4134738445281982,39.84730317636934,1.0,BULL,-0.010705006654069926
2016-09-01,109.05406951904295,2.424196720123291,40.02434162894212,1.0,BULL,-0.008156413626052905
2016-09-02,109.40904998779295,2.4525928497314453,40.49317172962746,1.0,BULL,-0.004927876600607672
2016-09-06,110.09098815917967,2.4980664253234863,41.2439564780256,1.0,BULL,0.0
2016-09-07,110.1563949584961,2.502633810043335,41.319365608341045,1.0,BULL,0.0
2016-09-08,109.51182556152344,2.4597413539886475,40.61119605255108,1.0,BULL,-0.005851402428479147
2016-09-09,106.75601959228516,2.273280143737793,37.53265580139248,1.0,BULL,-0.03086861518563766
2016-09-12,108.67105865478516,2.3898441791534424,39.4571690788821,1.0,BULL,-0.013483886289766267
2016-09-13,107.69953918457033,2.333447933197021,38.52604719590436,1.0,BULL,-0.02230334221496122
2016-09-14,108.21331787109376,2.363433122634888,39.021113234030466,1.0,BULL,-0.01763925814869327
2016-09-15,109.8948211669922,2.473046064376831,40.830861506856166,1.0,BULL,-0.002374567464761723
2016-09-16,109.84236907958984,2.470266342163086,40.78496731411473,1.0,BULL,-0.002850727631605654
2016-09-19,109.36476135253906,2.437898635864258,40.25056508351371,1.0,BULL,-0.007186451646818082
2016-09-20,109.57076263427734,2.451401472091675,40.47350166520264,1.0,BULL,-0.005316371550098342
2016-09-21,110.64775848388672,2.522690534591675,41.65050919442737,1.0,BULL,0.0
2016-09-22,111.5281219482422,2.581666946411133,42.624230524514445,1.0,BULL,0.0
2016-09-23,110.81635284423828,2.535200357437134,41.85705077545003,1.0,BULL,-0.00638196978098704
2016-09-26,109.88919067382812,2.472252130508423,40.81775337907257,1.0,BULL,-0.014695228842593333
2016-09-27,110.97552490234376,2.542349100112915,41.975079034748354,1.0,BULL,-0.004954777649307962
2016-09-28,111.162841796875,2.556248664855957,42.20456574395437,1.0,BULL,-0.003275229108015698
2016-09-29,110.35746002197266,2.502037763595581,41.30952467156657,1.0,BULL,-0.010496562712791202
2016-09-30,111.18157958984376,2.553468704223633,42.15866761483822,1.0,BULL,-0.003107219527638594
2016-10-03,111.02237701416016,2.547710418701172,42.063596292847386,1.0,BULL,-0.0045346852905561175
2016-10-04,110.85381317138672,2.53321385383606,41.82425290136806,1.0,BULL,-0.006046087435852443
2016-10-05,111.24710083007812,2.5596249103546143,42.2603087462197,1.0,BULL,-0.002519733258796286
2016-10-06,111.19095611572266,2.5556528568267822,42.194728743554606,1.0,BULL,-0.0030231463296406247
2016-10-07,110.94744110107422,2.538972854614258,41.919336032483024,1.0,BULL,-0.00520658679644459
2016-10-10,111.64983367919922,2.5844459533691406,42.67011290813175,1.0,BULL,0.0
2016-10-11,110.05774688720705,2.4776132106781006,40.9062667007969,1.0,BULL,-0.014259643203470174
2016-10-12,109.9641342163086,2.472450494766236,40.82102844283112,1.0,BULL,-0.015098092019860121
2016-10-13,109.57076263427734,2.4434585571289062,40.342361341746006,1.0,BULL,-0.01862135371285567
2016-10-14,109.701904296875,2.449018716812134,40.43416153635301,1.0,BULL,-0.017446773704304475
2016-10-17,109.40221405029295,2.43213963508606,40.15548195239876,1.0,BULL,-0.020130971581778567
2016-10-18,110.3761749267578,2.494492292404175,41.18494628475115,1.0,BULL,-0.011407618896244753
2016-10-19,110.3668212890625,2.495485305786133,41.20134128541743,1.0,BULL,-0.011491395444646724
2016-10-20,110.23568725585938,2.484960556030273,41.02757396022847,1.0,BULL,-0.012665907119961073
2016-10-21,110.64775848388672,2.511967182159424,41.47346286910517,1.0,BULL,-0.008975160663398207
2016-10-24,111.97761535644533,2.6035091876983643,42.98485362080238,1.0,BULL,0.0
2016-10-25,111.6217269897461,2.5774965286254883,42.55537545809081,1.0,BULL,-0.003178209908885621
2016-10-26,110.86317443847656,2.5280520915985107,41.739030388901114,1.0,BULL,-0.00995235444531739
2016-10-27,110.35746002197266,2.4927048683166504,41.15543528355186,1.0,BULL,-0.014468564358290914
2016-10-28,109.6644515991211,2.449615001678467,40.44400640950219,1.0,BULL,-0.02065737647619137
2016-10-31,109.5614242553711,2.4357142448425293,40.214500018422626,1.0,BULL,-0.021577447361984414
2016-11-01,108.73729705810548,2.385673761367798,39.388314012458466,1.0,BULL,-0.02893719684979279
2016-11-02,107.86637115478516,2.323519229888916,38.362120807489895,1.0,BULL,-0.03671487545589647
2016-11-03,106.80811309814452,2.2565996646881104,37.25725521757148,1.0,BULL,-0.046165496932983774
2016-11-04,106.43351745605467,2.2309839725494385,36.8343311187517,1.0,BULL,-0.049510769476049044
2016-11-07,108.96208953857422,2.390836238861084,39.47354833404953,1.0,BULL,-0.02692971991118165
2016-11-08,109.67381286621094,2.4377005100250244,40.24729395612988,1.0,BULL,-0.020573777025890028
2016-11-09,110.17952728271484,2.471854448318481,40.81118750605663,1.0,BULL,-0.016057567112916615
2016-11-10,108.40015411376952,2.354299068450928,38.87030678252373,1.0,BULL,-0.031948003458442065
2016-11-11,108.44701385498048,2.352313756942749,38.8375285903153,1.0,BULL,-0.03152952927445629
2016-11-14,107.35126495361328,2.2728829383850098,37.52609780112597,1.0,BULL,-0.04131495735201651
2016-11-15,108.84033203125,2.3781280517578125,39.26373168926833,1.0,BULL,-0.02801705783078856
2016-11-16,109.48651123046876,2.4168498516082764,39.90304224225995,1.0,BULL,-0.022246447364028255
2016-11-17,110.28253936767578,2.472846984863281,40.82757463397349,1.0,BULL,-0.01513763249354616
2016-11-18,109.8704605102539,2.4450466632843018,40.368581533687916,1.0,BULL,-0.01881764350387316
2016-11-21,111.01300048828124,2.5185203552246094,41.581658064378445,1.0,BULL,-0.0086143544412296
2016-11-22,111.35015106201172,2.541157484054565,41.955405033948814,1.0,BULL,-0.0056034796993691405
2016-11-23,110.90062713623048,2.510576009750366,41.45049412267355,1.0,BULL,-0.009617888510900952
2016-11-25,111.25651550292967,2.5348026752471924,41.8504849024341,1.0,BULL,-0.006439678602015775
2016-11-28,111.00363159179688,2.520703792572021,41.61770738397069,1.0,BULL,-0.008698022024742014
2016-11-29,111.38761901855467,2.544930219650269,42.01769422735654,1.0,BULL,-0.005268877498530333
2016-11-30,110.03903198242188,2.462522268295288,40.65710992716606,1.0,BULL,-0.01731224019954869
2016-12-01,108.13792419433594,2.327293634414673,38.424437555520576,1.0,BULL,-0.034289810065046944
2016-12-02,108.35334014892578,2.336625099182129,38.57850332528702,1.0,BULL,-0.03236606884315951
2016-12-05,109.19617462158205,2.3906381130218506,39.4702772066657,1.0,BULL,-0.024839256721170933
2016-12-06,109.45842742919922,2.4079136848449707,39.75550298176233,1.0,BULL,-0.022497245714932168
2016-12-07,110.8444366455078,2.497272253036499,41.230844413867295,1.0,BULL,-0.010119689612342775
2016-12-08,111.0411148071289,2.5125627517700195,41.48329593313022,1.0,BULL,-0.008363283557480394
2016-12-09,111.91205596923828,2.571340084075928,42.45373039033463,1.0,BULL,-0.0005854686849542379
2016-12-12,111.40631866455078,2.53559684753418,41.86359696659241,1.0,BULL,-0.005101882997561646
2016-12-13,112.81110382080078,2.63468599319458,43.499593659728006,1.0,BULL,0.0
2016-12-14,112.57699584960938,2.6154239177703857,43.1815700105494,1.0,BULL,-0.002075220995650273
2016-12-15,112.75489044189452,2.631309747695923,43.443850657462676,1.0,BULL,-0.0004982965063045075
2016-12-16,112.33692169189452,2.5993385314941406,42.915994618004035,1.0,BULL,-0.00420332850974936
2016-12-19,112.79715728759766,2.631111860275269,43.44058346645356,1.0,BULL,-0.00012362730911030795
2016-12-20,113.22925567626952,2.662883758544922,43.96514869665481,1.0,BULL,0.0
2016-12-21,113.14472198486328,2.653549671173096,43.81103962676656,1.0,BULL,-0.0007465711127513375
2016-12-22,112.82534790039062,2.630516529083252,43.430754338803204,1.0,BULL,-0.0035671679855751037
2016-12-23,112.9004898071289,2.638657093048096,43.565157916894265,1.0,BULL,-0.002903541732011128
2016-12-27,113.48284912109376,2.677180528640747,44.20119340612733,1.0,BULL,0.0
2016-12-28,112.59990692138672,2.615225553512573,43.17829494679085,1.0,BULL,-0.007780402118428342
2016-12-29,112.44025421142578,2.602516889572144,42.96847042926025,1.0,BULL,-0.009187246511192737
2016-12-30,111.28496551513672,2.52646279335022,41.712790515085665,1.0,BULL,-0.019367539879191376
2017-01-03,112.28057861328124,2.5876240730285645,42.72258478301324,1.0,BULL,-0.010594292592439492
2017-01-04,112.89110565185548,2.631707191467285,43.450412594103895,1.0,BULL,-0.005214386789027969
2017-01-05,113.52982330322266,2.6783716678619385,44.220859534177436,1.0,BULL,0.0
2017-01-06,114.5254135131836,2.746284484863281,45.34212406113683,1.0,BULL,0.0
2017-01-09,114.9011459350586,2.774085283279419,45.80112503417184,1.0,BULL,0.0
2017-01-10,115.15474700927734,2.789970874786377,46.063401744710404,1.0,BULL,0.0
2017-01-11,115.4646987915039,2.8114166259765625,46.417478649855966,1.0,BULL,0.0
2017-01-12,115.28622436523438,2.797119379043579,46.18142606763402,1.0,BULL,-0.0015457055544898513
2017-01-13,115.68074798583984,2.8292882442474365,46.712545361727074,1.0,BULL,0.0
2017-01-17,115.33323669433594,2.8026797771453857,46.27323019861573,1.0,BULL,-0.003004054672489209
2017-01-18,115.56804656982422,2.8217432498931885,46.58797484766107,1.0,BULL,-0.0009742452221126463
2017-01-19,115.51166534423828,2.814197301864624,46.46338858809624,1.0,BULL,-0.001461631641785921
2017-01-20,115.76528930664062,2.8324663639068604,46.765017236608564,1.0,BULL,0.0
2017-01-23,115.8591766357422,2.838820219039917,46.86992162262445,1.0,BULL,0.0
2017-01-24,116.6388168334961,2.8979954719543457,47.84692588921949,1.0,BULL,0.0
2017-01-25,117.8128890991211,2.982588291168213,49.243583127250474,1.0,BULL,0.0
2017-01-26,117.9350128173828,2.994899272918701,49.446841771765165,1.0,BULL,0.0
2017-01-27,118.160400390625,3.009196519851685,49.682894353987116,1.0,BULL,0.0
2017-01-30,117.23991394042967,2.940887928009033,48.55509544500946,1.0,BULL,-0.007790143289564844
2017-01-31,117.00511169433594,2.924604177474976,48.286244988705555,1.0,BULL,-0.009777291651600795
2017-02-01,117.8128890991211,2.980205774307251,49.20424693477555,1.0,BULL,-0.002941013151234073
2017-02-02,117.70957946777344,2.9726598262786865,49.07966067521071,1.0,BULL,-0.0038153300205584495
2017-02-03,118.04773712158205,2.998473644256592,49.50585590141433,1.0,BULL,-0.0009534773804972252
2017-02-06,118.18858337402344,3.009593963623047,49.68945629062833,1.0,BULL,0.0
2017-02-07,118.62066650390624,3.040571928024292,50.20091339304598,1.0,BULL,0.0
2017-02-08,118.81790161132812,3.0576493740081787,50.48286804075878,1.0,BULL,0.0
2017-02-09,119.2499771118164,3.089421033859253,51.007429334585325,1.0,BULL,0.0
2017-02-10,119.64445495605467,3.1200008392333984,51.51231269123763,1.0,BULL,0.0
2017-02-13,120.32076263427734,3.1748085021972656,52.417206509524036,1.0,BULL,0.0
2017-02-14,120.72462463378906,3.2045938968658447,52.908973865643325,1.0,BULL,0.0
2017-02-15,121.43843841552734,3.259798288345337,53.820417811446816,1.0,BULL,0.0
2017-02-16,121.4009017944336,3.2570178508758545,53.77451180958125,1.0,BULL,-0.00030909999818440337
2017-02-17,121.9268798828125,3.297924518585205,54.44989530041338,1.0,BULL,0.0
2017-02-21,122.52803802490234,3.350348711013794,55.315437180726015,1.0,BULL,0.0
2017-02-22,122.57498931884766,3.350745677947998,55.32199124461781,1.0,BULL,0.0
2017-02-23,122.11473846435548,3.314604997634888,54.725295884234384,1.0,BULL,-0.003754851271452697
2017-02-24,122.34960174560548,3.3324763774871826,55.020358659730775,1.0,BULL,-0.0018387729380574536
2017-02-27,122.49984741210938,3.3424055576324463,55.18429292089467,1.0,BULL,-0.0006130280504681451
2017-02-28,122.12413024902344,3.3161933422088623,54.751520012551,1.0,BULL,-0.0036782305454780007
2017-03-01,123.45792388916016,3.423424005508423,56.52193602927649,1.0,BULL,0.0
2017-03-02,122.83800506591795,3.3694112300872803,55.630166084272524,1.0,BULL,-0.005021296355175675
2017-03-03,123.06340789794922,3.38688588142395,55.918678732251834,1.0,BULL,-0.0031955501824664223
2017-03-06,122.79100036621094,3.363454341888428,55.53181576214844,1.0,BULL,-0.0054020309263257404
2017-03-07,122.58436584472656,3.346773862838745,55.25641517832743,1.0,BULL,-0.007075755179698828
2017-03-08,122.80044555664062,3.363851308822632,55.53836982604023,1.0,BULL,-0.005325525586432289
2017-03-09,122.89437103271484,3.3741772174835205,55.708854214721214,1.0,BULL,-0.004564736216941978
2017-03-10,123.41096496582033,3.4111123085021973,56.31866557563767,1.0,BULL,-0.00038036378598094167
2017-03-13,123.6175765991211,3.430968999862671,56.64650654334248,1.0,BULL,0.0
2017-03-14,123.3170166015625,3.405552387237549,56.22686931740538,1.0,BULL,-0.0024313694365104555
2017-03-15,124.07785034179688,3.4651246070861816,57.21042764789221,1.0,BULL,0.0
2017-03-16,123.99329376220705,3.4631381034851074,57.177629773810246,1.0,BULL,-0.000681480049476213
2017-03-17,123.94998931884766,3.454797744750977,57.0399275137124,1.0,BULL,-0.001030490313919885
2017-03-20,124.06295013427734,3.4651246070861816,57.21042764789221,1.0,BULL,-0.0001200875698481596
2017-03-21,122.18047332763672,3.310633420944214,54.659723754318705,1.0,BULL,-0.015291826937148367
2017-03-22,123.00877380371094,3.3757660388946533,55.73508621578725,1.0,BULL,-0.00861617553125682
2017-03-23,122.69815063476562,3.3487589359283447,55.28918943416114,1.0,BULL,-0.01111962935552635
2017-03-24,122.9522705078125,3.36702823638916,55.590822019048176,1.0,BULL,-0.009071561369605852
2017-03-27,123.14997100830078,3.384899854660034,55.885888730919284,1.0,BULL,-0.007478202845552784
2017-03-28,123.90292358398438,3.448444128036499,56.935027064071214,1.0,BULL,-0.0014098145424878972
2017-03-29,124.47710418701172,3.4941160678863525,57.689086876227904,1.0,BULL,0.0
2017-03-30,124.6841812133789,3.5115909576416016,57.977603460581925,1.0,BULL,0.0
2017-03-31,124.59944152832033,3.50325083732605,57.839905136858775,1.0,BULL,-0.0006796346114954499
2017-04-03,124.52416229248048,3.495704174041748,57.71530706816981,1.0,BULL,-0.001283393926488352
2017-04-04,124.7218017578125,3.5115909576416016,57.977603460581925,1.0,BULL,0.0
2017-04-05,124.21354675292967,3.471478223800659,57.315328097533396,1.0,BULL,-0.0040751095455610065
2017-04-06,124.2794418334961,3.4742586612701416,57.361234099398956,1.0,BULL,-0.003546773042738649
2017-04-07,124.21354675292967,3.4702868461608887,57.29565803310857,1.0,BULL,-0.0040751095455610065
2017-04-10,124.26058197021484,3.4742586612701416,57.361234099398956,1.0,BULL,-0.003697988491966009
2017-04-11,123.72408294677734,3.430572271347046,56.639956415825395,1.0,BULL,-0.00799955418357845
2017-04-12,123.22525787353516,3.385297536849976,55.89245460393522,1.0,BULL,-0.011999056004525666
2017-04-13,122.73583221435548,3.345184326171875,55.23017136813726,1.0,BULL,-0.015923194786052086
2017-04-17,123.75232696533205,3.4246151447296143,56.541602157326594,1.0,BULL,-0.007773098037526793
2017-04-18,123.56411743164062,3.4146862030029297,56.37767183253741,1.0,BULL,-0.00928213279359047
2017-04-19,123.7617416381836,3.426600456237793,56.57438034953501,1.0,BULL,-0.007697612655509722
2017-04-20,124.7970962524414,3.509604454040528,57.94480558649996,1.0,BULL,0.0
2017-04-21,124.7688217163086,3.508016347885132,57.91858539455805,1.0,BULL,-0.0002265640546285086
2017-04-24,126.27484130859376,3.635501146316528,60.02340431562957,1.0,BULL,0.0
2017-04-25,127.1877899169922,3.716122627258301,61.35449336011959,1.0,BULL,0.0
2017-04-26,127.00899505615234,3.699839353561402,61.08565077656511,1.0,BULL,-0.001405754915283497
2017-04-27,127.7713623046875,3.7645745277404794,62.15445130139244,1.0,BULL,0.0
2017-04-28,127.9972915649414,3.7860207557678223,62.50853607928741,1.0,BULL,0.0
2017-05-01,129.1361541748047,3.881336212158203,64.08222783351646,1.0,BULL,0.0
2017-05-02,129.35260009765625,3.9043707847595215,64.46253673972807,1.0,BULL,0.0
2017-05-03,128.93846130371094,3.865847110748291,63.82649731412028,1.0,BULL,-0.003201627131056095
2017-05-04,128.9855499267578,3.869818687438965,63.892069444035954,1.0,BULL,-0.0028375940693988744
2017-05-05,129.45619201660156,3.911916494369507,64.58711906291819,1.0,BULL,0.0
2017-05-08,129.73854064941406,3.935348510742188,64.97398990577102,1.0,BULL,0.0
2017-05-09,130.19033813476562,3.978637933731079,65.68871352545277,1.0,BULL,0.0
2017-05-10,130.26560974121094,3.9849915504455566,65.79361397509395,1.0,BULL,0.0
2017-05-11,130.16212463378906,3.975461006164551,65.63626133244483,1.0,BULL,-0.0007944161749786627
2017-05-12,130.45396423339844,4.001276016235352,66.06247624052199,1.0,BULL,0.0
2017-05-15,130.86801147460938,4.038605213165283,66.67879442883373,1.0,BULL,0.0
2017-05-16,131.4138946533203,4.089443206787109,67.51814760820213,1.0,BULL,0.0
2017-05-17,128.07260131835938,3.780063152313232,62.41017394803918,1.0,BULL,-0.025425723389261967
2017-05-18,129.1926727294922,3.8757753372192383,63.990415829785334,1.0,BULL,-0.016902489114167696
2017-05-19,129.73854064941406,3.922639846801758,64.76416538824039,1.0,BULL,-0.012748682384963628
2017-05-22,130.830322265625,4.0243096351623535,66.44276940123476,1.0,BULL,-0.004440720589210301
2017-05-23,130.9621124267578,4.034238815307617,66.60670366239864,1.0,BULL,-0.0034378573723451433
2017-05-24,131.5644989013672,4.089839458465576,67.52468986296981,1.0,BULL,0.0
2017-05-25,132.68455505371094,4.1974687576293945,69.30168749821006,1.0,BULL,0.0
2017-05-26,132.91989135742188,4.215339183807373,69.59673452820762,1.0,BULL,0.0
2017-05-30,133.03285217285156,4.224075794219971,69.74097904307315,1.0,BULL,0.0
2017-05-31,132.98574829101562,4.218912124633789,69.65572503960853,1.0,BULL,-0.00035407706492474045
2017-06-01,133.50341796875,4.269350528717041,70.48848085496333,1.0,BULL,0.0
2017-06-02,135.0282745361328,4.415102958679199,72.89490480629892,1.0,BULL,0.0
2017-06-05,135.0,4.411529541015625,72.8359064221486,1.0,BULL,-0.00020939715204049136
2017-06-06,134.46353149414062,4.3614888191223145,72.00971647980973,1.0,BULL,-0.004182405825241209
2017-06-07,134.99061584472656,4.409147262573242,72.79657416604839,1.0,BULL,-0.0002788948576557537
2017-06-08,135.13182067871094,4.4210615158081055,72.99328268304598,1.0,BULL,0.0
2017-06-09,131.7527618408203,4.101356506347656,67.71484037970089,1.0,BULL,-0.02500564871337496
2017-06-12,131.04685974121094,4.027089595794678,66.4886675303509,1.0,BULL,-0.030229452374599397
2017-06-13,132.1104736328125,4.121213436126709,68.04268528378041,1.0,BULL,-0.02235851652648113
2017-06-14,131.53628540039062,4.066009998321533,67.13125708347577,1.0,BULL,-0.026607613663913066
2017-06-15,130.95274353027344,4.011203765869141,66.22638688343763,1.0,BULL,-0.030925929418013753
2017-06-16,130.3845672607422,3.963149309158325,65.43299087880601,1.0,BULL,-0.03513053693885915
2017-06-19,132.56471252441406,4.154972076416016,68.60005232443835,1.0,BULL,-0.01899706628241493
2017-06-20,131.52655029296875,4.060847759246826,67.04602669825941,1.0,BULL,-0.026679655225796628
2017-06-21,132.82899475097656,4.1788010597229,68.99347723118296,1.0,BULL,-0.01704132983754858
2017-06-22,132.79119873046875,4.174035549163818,68.91479697348369,1.0,BULL,-0.017321027249438514
2017-06-23,133.30087280273438,4.220897674560547,69.68850716819165,1.0,BULL,-0.013549346606746449
2017-06-26,132.67799377441406,4.164900779724121,68.76397871285282,1.0,BULL,-0.018158764471405187
2017-06-27,130.2713165283203,3.935746669769287,64.98056365153636,1.0,BULL,-0.035968612914251685
2017-06-28,132.14942932128906,4.100959300994873,67.70828237943438,1.0,BULL,-0.02207023736113789
2017-06-29,129.85601806640625,3.8920586109161377,64.25925841333982,1.0,BULL,-0.0390418969107833
2017-06-30,129.90321350097656,3.878556489944458,64.03633364077503,1.0,BULL,-0.03869264212879875
2017-07-03,128.5347442626953,3.7729146480560303,62.29214962511557,1.0,BULL,-0.048819562874837685
2017-07-05,129.79940795898438,3.880542516708374,64.06912364210757,1.0,BULL,-0.03946082198067091
2017-07-06,128.62913513183594,3.778076887130737,62.377380010331926,1.0,BULL,-0.04812105331086869
2017-07-07,130.01646423339844,3.8912646770477295,64.24615028555623,1.0,BULL,-0.03785456615340632
2017-07-10,130.86590576171875,3.97268009185791,65.59034745782984,1.0,BULL,-0.031568544666728204
2017-07-11,131.23399353027344,4.005247116088867,66.12804049768825,1.0,BULL,-0.02884462836998969
2017-07-12,132.79119873046875,4.147822856903076,68.4820161923906,1.0,BULL,-0.017321027249438514
2017-07-13,133.0837860107422,4.175226211547852,68.93445522878439,1.0,BULL,-0.015155828269628357
2017-07-14,134.13143920898438,4.273321628570557,70.55404511212959,1.0,BULL,-0.007403004449300421
2017-07-17,134.19747924804688,4.275705814361572,70.59340885922748,1.0,BULL,-0.0069142961737009845
2017-07-18,135.09405517578125,4.360694408416748,71.99660047927671,1.0,BULL,-0.00027947157627272734
2017-07-19,135.8868865966797,4.440522193908691,73.31458533235784,1.0,BULL,0.0
2017-07-20,136.06614685058594,4.457202434539795,73.58998197980412,1.0,BULL,0.0
2017-07-21,136.00955200195312,4.450451850891113,73.47852746627115,1.0,BULL,-0.0004159362923310539
2017-07-24,136.63241577148438,4.508434295654297,74.43583805019311,1.0,BULL,0.0
2017-07-25,136.2832489013672,4.478250503540039,73.93749301193377,1.0,BULL,-0.0025555199924237604
2017-07-26,136.72679138183594,4.518362998962402,74.59976443860758,1.0,BULL,0.0
2017-07-27,135.86801147460938,4.437740802764893,73.26866358499343,1.0,BULL,-0.006280992178250178
2017-07-28,135.75474548339844,4.423443794250488,73.0326149391462,1.0,BULL,-0.007109403275052939
2017-07-31,135.17897033691406,4.365858554840088,72.08186235549074,1.0,BULL,-0.011320539517374328
2017-08-01,135.490478515625,4.39445161819458,72.55394390168638,1.0,BULL,-0.009042213700154011
2017-08-02,135.8585662841797,4.426621913909912,73.08508681402769,1.0,BULL,-0.006350072936558315
2017-08-03,135.33001708984375,4.380551338195801,72.32444538335623,1.0,BULL,-0.01021580538733935
2017-08-04,135.5753936767578,4.397629737854004,72.60641577656787,1.0,BULL,-0.008421156478854441
2017-08-07,136.43426513671875,4.475471496582031,73.89161062831646,1.0,BULL,-0.00213949469713115
2017-08-08,136.1982879638672,4.458791732788086,73.61622185361958,1.0,BULL,-0.0038653976490444775
2017-08-09,136.01901245117188,4.4413161277771,73.32769346014143,1.0,BULL,-0.0051765928499517555
2017-08-10,133.10269165039062,4.152985572814941,68.56725445035639,1.0,BULL,-0.02650614188205669
2017-08-11,134.112548828125,4.247905254364014,70.13441182256719,1.0,BULL,-0.019120192372613753
2017-08-14,135.83969116210938,4.413118362426758,72.86213842321463,1.0,BULL,-0.00648812285259559
2017-08-15,135.93405151367188,4.4210615158081055,72.99328268304598,1.0,BULL,-0.0057979848729879935
2017-08-16,136.16995239257812,4.444096565246582,73.37359946200701,1.0,BULL,-0.004072639923968779
2017-08-17,133.38584899902344,4.170856475830078,68.86230935310337,1.0,BULL,-0.024435169940339452
2017-08-18,133.29144287109375,4.156163692474365,68.61972632523788,1.0,BULL,-0.025125642721683716
2017-08-21,133.12159729003906,4.148616790771484,68.4951243201742,1.0,BULL,-0.026367868764861746
2017-08-22,135.15069580078125,4.333291053771973,71.54416144288292,1.0,BULL,-0.011527335389983184
2017-08-23,134.6693572998047,4.284840106964111,70.74421924710893,1.0,BULL,-0.015047775649802753
2017-08-24,134.27297973632812,4.249096393585205,70.15407795061729,1.0,BULL,-0.017946823886586083
2017-08-25,133.98983764648438,4.220501899719238,69.6819727861734,1.0,BULL,-0.02001768422772454
2017-08-28,134.40512084960938,4.257437229156494,70.29178808346457,1.0,BULL,-0.016980362873746158
2017-08-29,134.93359375,4.309859275817871,71.15729453640482,1.0,BULL,-0.013115188425859348
2017-08-30,136.5191650390625,4.459186553955078,73.622740490139,1.0,BULL,-0.0015185490764103582
2017-08-31,137.98207092285156,4.585877418518066,75.71445128342692,1.0,BULL,0.0
2017-09-01,137.79331970214844,4.582701206207275,75.6620108995431,1.0,BULL,-0.0013679401928142765
2017-09-05,136.55690002441406,4.459982872009277,73.6358879816697,1.0,BULL,-0.010328667260214863
2017-09-06,136.97222900390625,4.49850606918335,74.27191953452805,1.0,BULL,-0.0073186459095104794
2017-09-07,137.2930908203125,4.52630615234375,74.73090869843892,1.0,BULL,-0.004993258167028669
2017-09-08,136.10389709472656,4.414708614349365,72.88839404252893,1.0,BULL,-0.01361172372296926
2017-09-11,137.6706085205078,4.555298328399658,75.20957973589874,1.0,BULL,-0.0022572671960975343
2017-09-12,138.00096130371094,4.593820095062256,75.84558767050885,1.0,BULL,0.0
2017-09-13,138.18972778320312,4.612883567810059,76.1603323195542,1.0,BULL,0.0
2017-09-14,137.37803649902344,4.5350446701049805,74.87518470430213,1.0,BULL,-0.005873745445487022
2017-09-15,137.84996032714844,4.57158088684082,75.47841051032911,1.0,BULL,-0.002458702694513759
2017-09-18,137.66929626464844,4.560461521148682,75.29482586661395,1.0,BULL,-0.0037660651547932744
2017-09-19,137.90573120117188,4.579922199249268,75.61612851592581,1.0,BULL,-0.0020551207863784837
2017-09-20,137.48011779785156,4.541794776916504,74.98663134508568,1.0,BULL,-0.005135041487778436
2017-09-21,136.6383514404297,4.4544219970703125,73.54407597793856,1.0,BULL,-0.011226423032016486
2017-09-22,136.50587463378906,4.443302154541016,73.36048346147398,1.0,BULL,-0.012185081890136895
2017-09-25,135.06817626953125,4.30390214920044,71.05894027790603,1.0,BULL,-0.022588882428143053
2017-09-26,135.4181365966797,4.333291053771973,71.54416144288292,1.0,BULL,-0.020056419756985133
2017-09-27,136.6383514404297,4.450847148895264,73.48505397553998,1.0,BULL,-0.011226423032016486
2017-09-28,136.59103393554688,4.443302154541016,73.36048346147398,1.0,BULL,-0.011568832743952817
2017-09-29,137.57470703125,4.537426471710205,74.91450908765293,1.0,BULL,-0.004450553321285855
2017-10-02,137.69769287109375,4.550134181976318,75.12431785968471,1.0,BULL,-0.003560575159980761
2017-10-03,137.9908905029297,4.578729629516602,75.59643876962744,1.0,BULL,-0.0014388716401944057
2017-10-04,138.12330627441406,4.590643405914307,75.79313941387561,1.0,BULL,-0.00048065445858080924
2017-10-05,139.47584533691406,4.722894668579102,77.97665433814525,1.0,BULL,0.0
2017-10-06,139.6650390625,4.739972114562988,78.25860898585805,1.0,BULL,0.0
2017-10-09,139.5042266845703,4.728057861328125,78.06190046886046,1.0,BULL,-0.0011514146919596735
2017-10-10,139.60829162597656,4.737985610961914,78.22581111177608,1.0,BULL,-0.0004063109630323414
2017-10-11,140.0244140625,4.779290676116943,78.90777228474828,1.0,BULL,0.0
2017-10-12,139.76910400390625,4.753474235534668,78.48153375842284,1.0,BULL,-0.0018233253129685822
2017-10-13,140.3081817626953,4.8066935539245605,79.36020344839264,1.0,BULL,0.0
2017-10-16,140.79055786132812,4.85633659362793,80.17982751771558,1.0,BULL,0.0
2017-10-17,140.9702911376953,4.873413562774658,80.46177429267895,1.0,BULL,0.0
2017-10-18,140.80003356933594,4.854748249053955,80.15360338939895,1.0,BULL,-0.0012077549601786641
2017-10-19,140.27984619140625,4.8011322021484375,79.26838357191208,1.0,BULL,-0.00489780464179268
2017-10-20,140.65821838378906,4.836082935333252,79.84543248611897,1.0,BULL,-0.002213748381929781
2017-10-23,139.74069213867188,4.745930194854736,78.35697898985569,1.0,BULL,-0.008722398096081108
2017-10-24,139.97715759277344,4.770154476165772,78.75693040586916,1.0,BULL,-0.007044984704981605
2017-10-25,139.44749450683594,4.71217155456543,77.79961194919775,1.0,BULL,-0.010802252152348535
2017-10-26,139.00296020507812,4.668484687805176,77.07832639287477,1.0,BULL,-0.013955642119626188
2017-10-27,143.05120849609375,5.070796966552734,83.72064380566772,1.0,BULL,0.0
2017-10-30,143.3728485107422,5.106938362121582,84.31735097517529,1.0,BULL,0.0
2017-10-31,143.9119110107422,5.160949230194092,85.20908942918157,1.0,BULL,0.0
2017-11-01,143.86463928222656,5.154199600219727,85.09765066114743,1.0,BULL,-0.00032847683130343697
2017-11-02,143.59033203125,5.127987384796143,84.66487775280376,1.0,BULL,-0.002234554299457403
2017-11-03,144.97129821777344,5.270960330963135,87.02541144777263,1.0,BULL,0.0
2017-11-06,145.46315002441406,5.324574947357178,87.91060764701125,1.0,BULL,0.0
2017-11-07,145.5482635498047,5.333312511444092,88.05486790737561,1.0,BULL,0.0
2017-11-08,146.13467407226562,5.400032997131348,89.15644662441134,1.0,BULL,0.0
2017-11-09,145.3685760498047,5.3134541511535645,87.72699938504782,1.0,BULL,-0.005242410997420732
2017-11-10,145.3590850830078,5.311866760253906,87.70079100223005,1.0,BULL,-0.0053073577108351255
2017-11-13,145.53878784179688,5.327751636505127,87.96305590364447,1.0,BULL,-0.004077651209418498
2017-11-14,145.0091094970703,5.274137496948242,87.07786757715527,1.0,BULL,-0.007702241664005793
2017-11-15,144.32806396484375,5.196692943572998,85.79923072567321,1.0,BULL,-0.012362638223208267
2017-11-16,146.17251586914062,5.391296863555908,89.01220998229525,1.0,BULL,0.0
2017-11-17,145.6144561767578,5.330929279327393,88.01551990577656,1.0,BULL,-0.003817815470060104
2017-11-20,145.5009765625,5.317824363708496,87.79915313347827,1.0,BULL,-0.004594155766203034
2017-11-21,147.0805206298828,5.48542070388794,90.56622773572478,1.0,BULL,0.0
2017-11-22,147.26025390625,5.507264137268066,90.92687051388626,1.0,BULL,0.0
2017-11-24,147.7993927001953,5.56921911239624,91.94976897322273,1.0,BULL,0.0
2017-11-27,147.73316955566406,5.560083866119385,91.79894283984244,1.0,BULL,-0.0004480610056739609
2017-11-28,148.1114959716797,5.600991249084473,92.47433813979869,1.0,BULL,0.0
2017-11-29,145.5293426513672,5.313058376312256,87.72046500302957,1.0,BULL,-0.017433848084325798
2017-11-30,146.74949645996094,5.444911479949951,89.89740618153387,1.0,BULL,-0.00919577175818398
2017-12-01,146.12525939941406,5.372233867645264,88.69747320599932,1.0,BULL,-0.013410414628756473
2017-12-04,144.4416046142578,5.186764240264893,85.63530433725873,1.0,BULL,-0.024777896768550578
2017-12-05,144.53614807128906,5.194310188293457,85.75989059682357,1.0,BULL,-0.02413957051027471
2017-12-06,145.18882751464844,5.263017177581787,86.89426718794128,1.0,BULL,-0.019732894046185945
2017-12-07,145.68067932128906,5.315043926239014,87.7532471316127,1.0,BULL,-0.016412072772902242
2017-12-08,146.32382202148438,5.385340213775635,88.91386359654587,1.0,BULL,-0.012069785255137355
2017-12-11,147.4589080810547,5.508852481842041,90.95309464220288,1.0,BULL,-0.004406058330204021
2017-12-12,147.26025390625,5.488201141357422,90.61213373759034,1.0,BULL,-0.005747305837707883
2017-12-13,147.54400634765625,5.515604972839356,91.06458064673355,1.0,BULL,-0.0038315028843672883
2017-12-14,147.43997192382812,5.507659912109375,90.93340489590452,1.0,BULL,-0.0045339090220246625
2017-12-15,149.11416625976562,5.686775207519531,93.89066150587979,1.0,BULL,0.0
2017-12-18,150.3643035888672,5.832925319671631,96.3036513302313,1.0,BULL,0.0
2017-12-19,149.4733428955078,5.738007545471191,94.73652544901819,1.0,BULL,-0.005925347120919633
2017-12-20,149.3122100830078,5.714178085327148,94.34309266952415,1.0,BULL,-0.006996963246915677
2017-12-21,149.3312225341797,5.711398124694824,94.297194540408,1.0,BULL,-0.006870520662352164
2017-12-22,149.1605987548828,5.69233512878418,93.98245776411207,1.0,BULL,-0.008005256601830157
2017-12-26,148.3549346923828,5.600196361541748,92.46121426651625,1.0,BULL,-0.013363337231810601
2017-12-27,148.3738555908203,5.600196361541748,92.46121426651625,1.0,BULL,-0.013237503520045824
2017-12-28,148.553955078125,5.615288257598877,92.71038678564594,1.0,BULL,-0.01203974924588569
2017-12-29,147.63455200195312,5.509249210357666,90.95964476971997,1.0,BULL,-0.018154252849651553
2018-01-02,150.22218322753906,5.792019844055176,95.62828752127272,1.0,BULL,-0.0009451735414325313
2018-01-03,151.68179321289062,5.961601257324219,98.42813637935295,1.0,BULL,0.0
2018-01-04,151.94720458984375,5.996551513671875,99.0051774208104,1.0,BULL,0.0
2018-01-05,153.4732208251953,6.177651882171631,101.99520828661939,1.0,BULL,0.0
2018-01-08,154.07034301757812,6.2463579177856445,103.12956913223825,1.0,BULL,0.0
2018-01-09,154.07981872558594,6.251123428344727,103.20824938993752,1.0,BULL,0.0
2018-01-10,153.71961975097656,6.2066426277160645,102.47385570583094,1.0,BULL,-0.0023377427205498735
2018-01-11,154.771728515625,6.33095121383667,104.52623424301865,1.0,BULL,0.0
2018-01-12,155.90914916992188,6.465187072753906,106.74251555037257,1.0,BULL,0.0
2018-01-16,155.4636688232422,6.4151458740234375,105.91631773528428,1.0,BULL,-0.002857307278318677
2018-01-17,157.1413116455078,6.617294788360596,109.25386750597232,1.0,BULL,0.0
2018-01-18,157.1697235107422,6.623649597167969,109.35878763748704,1.0,BULL,0.0
2018-01-19,157.66259765625,6.687192440032959,110.40790235239072,1.0,BULL,0.0
2018-01-22,159.3497772216797,6.896092891693115,113.85692238211057,1.0,BULL,0.0
2018-01-23,160.6672821044922,7.070838451385498,116.74203311640483,1.0,BULL,0.0
2018-01-24,159.62460327148438,6.927468299865723,114.37494142116944,1.0,BULL,-0.006489677421254281
2018-01-25,159.56776428222656,6.91873025894165,114.23067328805566,1.0,BULL,-0.006843445708819118
2018-01-26,162.01316833496094,7.227714061737059,119.3321046934509,1.0,BULL,0.0
2018-01-29,161.22647094726562,7.13200044631958,117.75183919345653,1.0,BULL,-0.004855762008609266
2018-01-30,159.89952087402344,6.949709892272949,114.74215794509628,1.0,BULL,-0.013046146079728205
2018-01-31,160.56301879882812,7.035492897033691,116.15846556567853,1.0,BULL,-0.008950812770568417
2018-02-01,159.19813537597656,6.859555721282959,113.25368083058476,1.0,BULL,-0.017375334288656785
2018-02-02,156.02284240722656,6.440564155578613,106.33598251584436,1.0,BULL,-0.03697431504672155
2018-02-05,149.8714599609375,5.697100162506104,94.06113014906194,1.0,BULL,-0.07494272532786073
2018-02-06,153.84286499023438,6.136348247528076,101.31327073189546,1.0,BULL,-0.0504298720202454
2018-02-07,151.85240173339844,5.893688201904297,97.30686791601883,1.0,BULL,-0.06271568358292456
2018-02-08,145.44509887695312,5.163332462310791,85.24843743078063,1.0,BULL,-0.10226372108070536
2018-02-09,147.9568328857422,5.406387805938721,89.26136675592608,1.0,BULL,-0.08676045036140145
2018-02-12,150.58230590820312,5.709013938903809,94.2578307933101,1.0,BULL,-0.0705551440307901
2018-02-13,151.35952758789062,5.7785162925720215,95.40533913045968,1.0,BULL,-0.06575786929272309
2018-02-14,154.1935577392578,6.116886615753174,100.99195233708475,1.0,BULL,-0.04826527791578117
2018-02-15,157.0560302734375,6.436592102050781,106.27040251317926,1.0,BULL,-0.030597130544812168
2018-02-16,156.35467529296875,6.364707946777344,105.0835697926789,1.0,BULL,-0.034926130388940324
2018-02-20,156.66741943359375,6.396479606628418,105.60813108650545,1.0,BULL,-0.03299576791384573
2018-02-21,156.221923828125,6.338893890380859,104.65737063010057,1.0,BULL,-0.035745517270933114
2018-02-22,156.2029571533203,6.340085983276367,104.67705250364952,1.0,BULL,-0.03586258599441783
2018-02-23,159.39720153808594,6.717774391174316,110.91282113641542,1.0,BULL,-0.01614663069526856
2018-02-26,161.51084899902344,6.987437725067139,115.36505775192279,1.0,BULL,-0.0031004846155403554
2018-02-27,159.51095581054688,6.737234115600586,111.23410804022842,1.0,BULL,-0.01544450090156102
2018-02-28,158.48728942871094,6.601805686950684,108.99813698657614,1.0,BULL,-0.021762915585727405
2018-03-01,155.89964294433594,6.284087657928467,103.75250043006244,1.0,BULL,-0.03773474374617092
2018-03-02,157.33091735839844,6.456847190856934,106.60482116302414,1.0,BULL,-0.028900434604685832
2018-03-05,159.0748748779297,6.659393310546875,109.94892893397868,1.0,BULL,-0.01813613971770711
2018-03-06,159.74786376953125,6.743588447570801,111.33902029899373,1.0,BULL,-0.01398222495560475
2018-03-07,160.11752319335938,6.794025897979736,112.1717603688497,1.0,BULL,-0.0117005621276558
2018-03-08,160.9990234375,6.895299434661865,113.8438221270764,1.0,BULL,-0.006259644866423497
2018-03-09,164.1268768310547,7.296816825866699,120.47301566658689,1.0,BULL,0.0
2018-03-12,164.99887084960938,7.406032562255859,122.2762059391461,1.0,BULL,0.0
2018-03-13,162.75247192382812,7.137162685394287,117.8370695786729,1.0,BULL,-0.01361463211362679
2018-03-14,162.7240447998047,7.112936496734619,117.43708667166176,1.0,BULL,-0.01378691889278505
2018-03-15,162.5819091796875,7.081164360046387,116.9125175050858,1.0,BULL,-0.01464835278857668
2018-03-16,162.09854125976562,7.034300327301025,116.13877581938017,1.0,BULL,-0.017577875381264207
2018-03-19,158.63995361328125,6.592671871185303,108.8473344714441,1.0,BULL,-0.03853915607776526
2018-03-20,159.162109375,6.641124248504639,109.64730028546636,1.0,BULL,-0.035374554047278184
2018-03-21,158.4690399169922,6.545013427734375,108.06047678520545,1.0,BULL,-0.03957500374998868
2018-03-22,154.5576629638672,6.0668463706970215,100.1657702674953,1.0,BULL,-0.06328048084195059
2018-03-23,150.48487854003906,5.57676362991333,92.0743316145393,1.0,BULL,-0.08796419172346515
2018-03-26,156.07662963867188,6.204260349273682,102.43452344973072,1.0,BULL,-0.05407455920755855
2018-03-27,151.02598571777344,5.609330177307129,92.6120167816483,1.0,BULL,-0.08468473184020586
2018-03-28,149.28858947753906,5.415918827056885,89.41872727132463,1.0,BULL,-0.09521447808203287
2018-03-29,152.0228271484375,5.715767860412598,94.36934041608902,1.0,BULL,-0.07864322728001627
2018-04-02,147.63671875,5.208210468292236,85.98938911515371,1.0,BULL,-0.10522588433610769
2018-04-03,149.2981414794922,5.382956027984619,88.87449984944797,1.0,BULL,-0.09515658676493521
2018-04-04,151.65257263183594,5.637528419494629,93.07757969132452,1.0,BULL,-0.08088720940362137
2018-04-05,152.5164794921875,5.726093292236328,94.53981693202059,1.0,BULL,-0.07565137441939906
2018-04-06,148.7000274658203,5.298761367797852,87.48441635718234,1.0,BULL,-0.09878154498793434
2018-04-09,149.74432373046875,5.404799461364746,89.23514262760946,1.0,BULL,-0.09245243340510256
2018-04-10,153.0481414794922,5.761836051940918,95.12994248301338,1.0,BULL,-0.07242915850624121
2018-04-11,152.1652069091797,5.664931774139404,93.5300187277183,1.0,BULL,-0.07778031373394745
2018-04-12,153.99749755859375,5.863506317138672,96.80855436875716,1.0,BULL,-0.06667544592497843
2018-04-13,153.2000274658203,5.776531219482422,95.37256487462597,1.0,BULL,-0.07150863107750172
2018-04-16,154.36778259277344,5.904016017913818,97.47738379569749,1.0,BULL,-0.06443127884508859
2018-04-17,157.6905517578125,6.281705379486084,103.71316817396222,1.0,BULL,-0.04429314609345503
2018-04-18,158.01333618164062,6.32539176940918,104.43444585753578,1.0,BULL,-0.04233686347063437
2018-04-19,156.56080627441406,6.153425216674805,101.59521750685883,1.0,BULL,-0.0511401352733275
2018-04-20,154.08297729492188,5.858343124389648,96.72330823804197,1.0,BULL,-0.06615738337165322
2018-04-23,153.6937255859375,5.812274932861328,95.9627061711176,1.0,BULL,-0.06851650078245752
2018-04-24,150.4373779296875,5.441734790802002,89.84495792490063,1.0,BULL,-0.08825207618053432
2018-04-25,150.61773681640625,5.463180541992188,90.1990348300462,1.0,BULL,-0.08715898453820947
2018-04-26,153.78863525390625,5.801948547363281,95.7922139096872,1.0,BULL,-0.06794128673717326
2018-04-27,153.88357543945312,5.815450668334961,96.015138682252,1.0,BULL,-0.06736588773560426
2018-04-30,152.79183959960938,5.691539764404297,93.96932601808022,1.0,BULL,-0.07398251386293597
2018-05-01,154.53868103027344,5.876611709594727,97.02492901380487,1.0,BULL,-0.06339552365100742
2018-05-02,153.6272735595703,5.774148941040039,95.33323261852576,1.0,BULL,-0.06891924309229891
2018-05-03,153.60826110839844,5.774544715881348,95.339767000544,1.0,BULL,-0.06903447085764047
2018-05-04,156.52285766601562,6.0994133949279785,100.70346330735372,1.0,BULL,-0.05137012841329891
2018-05-07,157.82347106933594,6.244372367858887,103.09678700365512,1.0,BULL,-0.04348756899563
2018-05-08,157.66207885742188,6.223720550537109,102.75581822629316,1.0,BULL,-0.044465710307040385
2018-05-09,159.38046264648438,6.432223796844482,106.1982802557465,1.0,BULL,-0.03405119183055494
2018-05-10,161.0323486328125,6.632385730743408,109.50302427960315,1.0,BULL,-0.024039693098337755
2018-05-11,160.88050842285156,6.612529277801514,109.17518724827305,1.0,BULL,-0.024959943092650372
2018-05-14,161.15579223632812,6.641917705535889,109.66040054050053,1.0,BULL,-0.023291544926898777
2018-05-15,159.37094116210938,6.427060604095459,106.1130341250313,1.0,BULL,-0.034108898191367976
2018-05-16,160.42471313476562,6.545411109924316,108.06704265822137,1.0,BULL,-0.027722357682150034
2018-05-17,159.8076629638672,6.471541404724121,106.84742780913788,1.0,BULL,-0.03146208127977912
2018-05-18,158.98171997070312,6.367884635925293,105.13601804931214,1.0,BULL,-0.036467830645887656
2018-05-21,159.87405395507812,6.4790873527526855,106.97201406870272,1.0,BULL,-0.031059708882507087
2018-05-22,159.6652374267578,6.445329189300537,106.4146549007942,1.0,BULL,-0.03232527226027493
2018-05-23,161.01339721679688,6.60736608505249,109.08994111755784,1.0,BULL,-0.024154550951109965
2018-05-24,160.96592712402344,6.601805686950684,108.99813698657614,1.0,BULL,-0.02444225045189441
2018-05-25,161.1272735595703,6.618486404418945,109.27354150677185,1.0,BULL,-0.023464386574911122
2018-05-29,160.4152374267578,6.533893585205078,107.87688426874087,1.0,BULL,-0.027779786608536194
2018-05-30,161.56402587890625,6.673293113708496,110.1784195795594,1.0,BULL,-0.020817384707037534
2018-05-31,161.45960998535156,6.658997058868408,109.94238667921101,1.0,BULL,-0.021450212634992694
2018-06-01,163.99440002441406,6.968771934509277,115.05687897589337,1.0,BULL,-0.006087743631354003
2018-06-04,165.47543334960938,7.147488117218018,118.00754609460445,1.0,BULL,0.0
2018-06-05,165.98805236816406,7.221358776092529,119.22717668918679,1.0,BULL,0.0
2018-06-06,166.95640563964844,7.340502738952637,121.19428547741104,1.0,BULL,0.0
2018-06-07,165.59884643554688,7.170125961303711,118.38130487329896,1.0,BULL,-0.00813121963724861
2018-06-08,165.6083526611328,7.165360927581787,118.30263248834912,1.0,BULL,-0.008074281267322014
2018-06-11,166.05450439453125,7.221358776092529,119.22717668918679,1.0,BULL,-0.005402016422561329
2018-06-12,166.92799377441406,7.33573579788208,121.1155816014635,1.0,BULL,-0.00017017535281449447
2018-06-13,166.91844177246094,7.32739782333374,120.97791870511274,1.0,BULL,-0.00022738790429788214
2018-06-14,168.60838317871094,7.550198078155518,124.65642938041333,1.0,BULL,0.0
2018-06-15,168.01974487304688,7.475136756896973,123.4171405305303,1.0,BULL,-0.0034911568130047144
2018-06-18,167.9226837158203,7.458456516265869,123.14174388308402,1.0,BULL,-0.004066817141374468
2018-06-19,167.4469757080078,7.391735553741455,122.04015729329886,1.0,BULL,-0.006888195289033394
2018-06-20,168.63621520996094,7.5466227531433105,124.59739950526533,1.0,BULL,0.0
2018-06-21,167.1710662841797,7.351226329803467,121.37133573910795,1.0,BULL,-0.008688222301224346
2018-06-22,166.79998779296875,7.277355670928955,120.15170514452562,1.0,BULL,-0.010888689684514063
2018-06-25,163.0419921875,6.812691688537598,112.47993914487911,1.0,BULL,-0.03317331935786061
2018-06-26,163.7079620361328,6.887752532958984,113.71922012201271,1.0,BULL,-0.029224168531606254
2018-06-27,161.48165893554688,6.611338138580322,109.15552112022294,1.0,BULL,-0.042425977513230295
2018-06-28,162.8707733154297,6.773374557495117,111.83079946423716,1.0,BULL,-0.03418863431768182
2018-06-29,163.30838012695312,6.804351806640625,112.34224475753068,1.0,BULL,-0.03159365902735889
2018-07-02,164.40249633789062,6.95685625076294,114.86014684064753,1.0,BULL,-0.02510563265902943
2018-07-03,162.49969482421875,6.717377185821533,110.90626313614891,1.0,BULL,-0.03638910170097154
2018-07-05,164.5166473388672,6.9640069007873535,114.97820659094351,1.0,BULL,-0.024428725857993605
2018-07-06,167.07591247558594,7.277355670928955,120.15170514452562,1.0,BULL,-0.009252477188439912
2018-07-09,168.57913208007812,7.479902267456055,123.49582078822958,1.0,BULL,-0.0003384986422503289
2018-07-10,168.70285034179688,7.497773170471191,123.79087569097656,1.0,BULL,0.0
2018-07-11,167.84657287597656,7.3881611824035645,121.98114316364969,1.0,BULL,-0.0050756549998145495
2018-07-12,170.7388458251953,7.752744674682617,128.0005450241173,1.0,BULL,0.0
2018-07-13,170.88156127929688,7.775380611419678,128.3742723118141,1.0,BULL,0.0
2018-07-16,170.47239685058594,7.722956657409668,127.50873436787619,1.0,BULL,-0.0023944328788182423
2018-07-17,171.5094757080078,7.865930557250977,129.8692838083439,1.0,BULL,0.0
2018-07-18,171.1859893798828,7.81588888168335,129.04307812050618,1.0,BULL,-0.0018861134452753392
2018-07-19,170.3297119140625,7.700320243835449,127.13499920742994,1.0,BULL,-0.0068787091154883795
2018-07-20,170.2917022705078,7.689596652984619,126.95794894573304,1.0,BULL,-0.007100327445308308
2018-07-23,170.83401489257812,7.756316661834717,128.05951979001935,1.0,BULL,-0.003938329428396448
2018-07-24,171.53805541992188,7.85520601272583,129.69221780114816,1.0,BULL,0.0
2018-07-25,173.93557739257812,8.182854652404785,135.101812237074,1.0,BULL,0.0
2018-07-26,171.30014038085938,7.825421333312988,129.200462254153,1.0,BULL,-0.015151799598597804
2018-07-27,168.98825073242188,7.498965740203857,123.81056543727493,1.0,BULL,-0.0284434428787963
2018-07-30,166.60025024414062,7.176083087921143,118.47965913179776,1.0,BULL,-0.042172666790770696
2018-07-31,167.8751220703125,7.319056987762451,120.84020857226547,1.0,BULL,-0.03484310348185404
2018-08-01,168.51254272460938,7.419137954711914,122.4925805841938,1.0,BULL,-0.031178409554066033
2018-08-02,170.80538940429688,7.714617729187012,127.3710557260266,1.0,BULL,-0.01799624915848197
2018-08-03,171.32867431640625,7.783721923828125,128.5119903174108,1.0,BULL,-0.014987750725017013
2018-08-06,172.3372039794922,7.926694869995117,130.87252401237967,1.0,BULL,-0.009189456447304956
2018-08-07,172.9651336669922,8.004137992858887,132.1511372456135,1.0,BULL,-0.0055793285084834165
2018-08-08,173.17440795898438,8.025585174560547,132.50523776900732,1.0,BULL,-0.004376157224440402
2018-08-09,173.06976318359375,8.018437385559082,132.38722525520782,1.0,BULL,-0.004977786729797096
2018-08-10,171.74732971191406,7.831380367279053,129.29884800364948,1.0,BULL,-0.012580794070238488
2018-08-13,171.5570068359375,7.808741569519043,128.92507347945613,1.0,BULL,-0.013675008829689417
2018-08-14,172.6321258544922,7.952907085418701,131.30529692072335,1.0,BULL,-0.007493875362508562
2018-08-15,170.52003479003906,7.663384914398193,126.52518391013878,1.0,BULL,-0.01963682562096003
2018-08-16,171.08135986328125,7.733681678771973,127.68580824782136,1.0,BULL,-0.01640962459827766
2018-08-17,171.119384765625,7.732490062713623,127.66613424702183,1.0,BULL,-0.0161910097357304
2018-08-20,170.9671630859375,7.717000007629394,127.41038798212679,1.0,BULL,-0.017066170999282204
2018-08-21,171.59512329101562,7.79682731628418,128.72836496245853,1.0,BULL,-0.01345586760711992
2018-08-22,172.26109313964844,7.887375831604004,130.22335284074003,1.0,BULL,-0.009627037079080858
2018-08-23,172.0137481689453,7.84805965423584,129.57422890559693,1.0,BULL,-0.01104908640568214
2018-08-24,173.61209106445312,8.066093444824219,133.1740435776994,1.0,BULL,-0.0018598054117179297
2018-08-27,175.3816680908203,8.309148788452148,137.18697290284484,1.0,BULL,0.0
2018-08-28,175.63858032226562,8.346083641052246,137.79678032738659,1.0,BULL,0.0
2018-08-29,177.6650390625,8.63798999786377,142.61625708506907,1.0,BULL,0.0
2018-08-30,177.35110473632812,8.58913803100586,141.8096939070332,1.0,BULL,-0.0017670011378064787
2018-08-31,177.57940673828125,8.614160537719727,142.22282430557502,1.0,BULL,-0.0004819874786318179
2018-09-04,176.81832885742188,8.511695861816406,140.53109641929822,1.0,BULL,-0.0047657671399282675
2018-09-05,174.5349578857422,8.173324584960938,134.9444674671743,1.0,BULL,-0.01761787909019452
2018-09-06,172.97467041015625,7.950523853302002,131.2659489191243,1.0,BULL,-0.02640006541013251
2018-09-07,172.30870056152344,7.871887683868408,129.9676380668427,1.0,BULL,-0.030148522912784692
2018-09-10,172.88900756835938,7.9409918785095215,131.10857265822693,1.0,BULL,-0.02688222465907031
2018-09-11,174.220947265625,8.117325782775879,134.0199075208378,1.0,BULL,-0.01938530965376606
2018-09-12,173.7072296142578,8.04703140258789,132.8593225469023,1.0,BULL,-0.022276805099791686
2018-09-13,175.56239318847656,8.285319328308105,136.7935401233508,1.0,BULL,-0.011834888198143267
2018-09-14,175.04873657226562,8.222174644470215,135.75099915421248,1.0,BULL,-0.014726040103556937
2018-09-17,172.52749633789062,7.875463008880615,130.0266679419907,1.0,BULL,-0.02891701570392846
2018-09-18,173.95455932617188,8.062519073486328,133.11502944805022,1.0,BULL,-0.020884692654826842
2018-09-19,173.82130432128906,8.044649124145508,132.81999029080208,1.0,BULL,-0.021634727695969302
2018-09-20,175.74317932128906,8.297233581542969,136.9902486403484,1.0,BULL,-0.010817320905408101
2018-09-21,174.7823028564453,8.164982795715332,134.80674158882817,1.0,BULL,-0.01622568076007669
2018-09-24,175.2683868408203,8.235279083251953,135.96735805376136,1.0,BULL,-0.013489723326132741
2018-09-25,175.50669860839844,8.26863956451416,136.51815134865393,1.0,BULL,-0.012148369006590443
2018-09-26,175.6305694580078,8.260300636291504,136.38047270680434,1.0,BULL,-0.011451153334542608
2018-09-27,177.117431640625,8.489057540893555,140.1573297678543,1.0,BULL,-0.003082246370836983
2018-09-28,177.07933044433594,8.4759521484375,139.9409551228066,1.0,BULL,-0.003296701597876095
2018-10-01,177.4414825439453,8.524802207946777,140.74748680984476,1.0,BULL,-0.0012583033765919405
2018-10-02,177.04116821289062,8.4759521484375,139.9409551228066,1.0,BULL,-0.003511500365527165
2018-10-03,177.23184204101562,8.500971794128418,140.3540382848519,1.0,BULL,-0.0024382794936486096
2018-10-04,173.82920837402344,8.016053199768066,132.34786150810993,1.0,BULL,-0.021590239186715654
2018-10-05,171.7037811279297,7.714617729187012,127.3710557260266,1.0,BULL,-0.03355335391828684
2018-10-08,170.6553192138672,7.576409816741943,125.08919441600759,1.0,BULL,-0.03945469455117101
2018-10-09,171.20816040039062,7.634791374206543,126.05309449119373,1.0,BULL,-0.03634298957285531
2018-10-10,163.67849731445312,6.644698143005371,109.7063065423661,1.0,BULL,-0.07872422071247576
2018-10-11,161.64837646484375,6.375432014465332,105.26062792712523,1.0,BULL,-0.09015089677841359
2018-10-12,166.1470489501953,6.91396427154541,114.15198515760697,1.0,BULL,-0.0648298065454106
2018-10-15,164.13600158691406,6.65303897857666,109.84401667521337,1.0,BULL,-0.07614912617009928
2018-10-16,168.91114807128906,7.226123809814453,119.30584907413663,1.0,BULL,-0.049271882849903026
2018-10-17,168.9778289794922,7.249952793121338,119.69927398088126,1.0,BULL,-0.04889656473129622
2018-10-18,165.0605010986328,6.74716329574585,111.39804230139232,1.0,BULL,-0.070945516520181
2018-10-19,164.90806579589844,6.719759941101074,110.94560326499854,1.0,BULL,-0.07180350919864342
2018-10-22,165.75628662109375,6.821033477783203,112.61766502322523,1.0,BULL,-0.06702923942856831
2018-10-23,165.1462860107422,6.745970249176025,111.37834468234453,1.0,BULL,-0.07046267019001917
2018-10-24,157.58816528320312,5.828557014465332,96.23152907279855,1.0,BULL,-0.11300407713998317
2018-10-25,163.03993225097656,6.426662921905518,106.10646825201538,1.0,BULL,-0.08231842848034121
2018-10-26,158.84620666503906,5.927447319030762,97.86424282942617,1.0,BULL,-0.1059231039306543
2018-10-29,155.5770263671875,5.610522270202637,92.63169865519724,1.0,BULL,-0.1243239120755899
2018-10-30,158.14089965820312,5.827366352081299,96.21187081749785,1.0,BULL,-0.10989297335773851
2018-10-31,161.85801696777344,6.22054386138916,102.70336996965993,1.0,BULL,-0.08897092066135692
2018-11-01,163.99302673339844,6.492193222045898,107.18839658649985,1.0,BULL,-0.07695387005370224
2018-11-02,161.4386749267578,6.201479911804199,102.38861744786516,1.0,BULL,-0.09133121643608222
2018-11-05,161.03836059570312,6.140716552734375,101.38539298932821,1.0,BULL,-0.09358441342501744
2018-11-06,162.2583770751953,6.270583629608154,103.52954416649996,1.0,BULL,-0.08671746601696262
2018-11-07,167.34800720214844,6.8472442626953125,113.05041431332064,1.0,BULL,-0.05807012969345182
2018-11-08,166.28050231933594,6.730482578277588,111.1226377811966,1.0,BULL,-0.06407865499727916
2018-11-09,163.47833251953125,6.3885369300842285,105.47699469942351,1.0,BULL,-0.07985086214951986
2018-11-12,158.5316925048828,5.827366352081299,96.21187081749785,1.0,BULL,-0.1076933687042747
2018-11-13,158.6651153564453,5.824982166290283,96.17250707039996,1.0,BULL,-0.10694238892644936
2018-11-14,157.4546661376953,5.677243232727051,93.7332852449824,1.0,BULL,-0.11375548634357358
2018-11-15,160.20913696289062,5.981063365936279,98.74946264691306,1.0,BULL,-0.09825175617960857
2018-11-16,159.64683532714844,5.915533065795898,97.66753431242859,1.0,BULL,-0.10141670995278373
2018-11-19,154.4619140625,5.348404407501221,88.30404042650528,1.0,BULL,-0.1306003990567749
2018-11-20,151.69786071777344,5.051734924316406,83.40592277487063,1.0,BULL,-0.1461580650968235
2018-11-21,152.85108947753906,5.164920806884766,85.27466155909724,1.0,BULL,-0.1396670370034464
2018-11-23,151.74551391601562,5.050542831420898,83.38624090132168,1.0,BULL,-0.14588984576400688
2018-11-26,155.2529296875,5.397253513336182,89.11055636804463,1.0,BULL,-0.12614811272529391
2018-11-27,155.7772216796875,5.45325231552124,90.03511631438114,1.0,BULL,-0.12319709886823982
2018-11-28,160.79054260253906,5.970339775085449,98.57241238521614,1.0,BULL,-0.09497927419487817
2018-11-29,160.26632690429688,5.915533065795898,97.66753431242859,1.0,BULL,-0.09792985862616732
2018-11-30,161.42916870117188,6.0394439697265625,99.71334697660036,1.0,BULL,-0.09138472288640076
2018-12-03,164.25033569335938,6.349218845367432,104.82783927328272,1.0,BULL,-0.07550558871867596
2018-12-04,157.9503173828125,5.651032447814941,93.30053595488698,1.0,BULL,-0.11096567891869902
2018-12-06,159.0654296875,5.733242034912109,94.65784519131891,1.0,BULL,-0.10468919193751414
2018-12-07,153.8137969970703,5.172070503234863,85.39270556389441,1.0,BULL,-0.13424837093041786
2018-12-10,155.424560546875,5.334107398986816,88.06799178065805,1.0,BULL,-0.12518207652435842
2018-12-11,155.93919372558594,5.391296863555908,89.01220998229525,1.0,BULL,-0.12228542796915276
2018-12-12,157.31166076660156,5.527120590209961,91.25470754521636,1.0,BULL,-0.11456040199748252
2018-12-13,157.3593292236328,5.528312206268311,91.2743815460159,1.0,BULL,-0.11429209677951291
2018-12-14,153.52780151367188,5.1113057136535645,84.38945748710921,1.0,BULL,-0.13585811635308276
2018-12-17,150.04888916015625,4.781276226043701,78.9405544133314,1.0,BULL,-0.15543941592599309
2018-12-18,150.99253845214844,4.86110258102417,80.25851564816426,1.0,BULL,-0.1501280204090607
2018-12-19,147.28488159179688,4.509625911712647,74.45551205099265,1.0,BULL,-0.17099682431058272
2018-12-20,145.14991760253906,4.328524112701416,71.4654575669354,1.0,EXIT_SIGNAL,-0.18301361726277832
2018-12-21,140.6512451171875,3.910327911376953,64.52861055272776,0.0,CASH,-0.2083347074957813
2018-12-24,137.16336059570312,3.620806455612183,64.53457688834938,0.0,CASH,-0.22796650753865522
2018-12-26,145.7277374267578,4.278298854827881,64.5405514583617,0.0,CASH,-0.17976131828900288
2018-12-27,146.29164123535156,4.339145660400391,64.54664695518142,0.0,CASH,-0.17658734657476272
2018-12-28,146.2152099609375,4.321249485015869,64.55266106352474,0.0,CASH,-0.1770175453061359
2018-12-31,147.44827270507812,4.419079780578613,64.55862450000839,0.0,CASH,-0.17007716609226675
2019-01-02,148.04086303710938,4.48231315612793,64.56451675529695,0.0,CASH,-0.16674173029038797
2019-01-03,143.20428466796875,4.04803991317749,64.57057608397719,0.0,CASH,-0.19396474723655932
2019-01-04,149.3312530517578,4.565825939178467,64.57661035810058,0.0,CASH,-0.15947868055670067
2019-01-07,151.109130859375,4.711378574371338,64.58265288388672,0.0,CASH,-0.1494717719549934
2019-01-08,152.4759521484375,4.847387790679932,64.58868316076894,0.0,CASH,-0.14177852348993292
2019-01-09,153.71856689453125,4.961920738220215,64.59483446417153,0.0,CASH,-0.13478438017028616
2019-01-10,154.15821838378906,5.0096435546875,64.60096072056619,0.0,CASH,-0.1323097712569189
2019-01-11,153.5943145751953,4.949991226196289,64.60704910476109,0.0,CASH,-0.13548374297115906
2019-01-14,152.23703002929688,4.821140766143799,64.61312524360969,0.0,CASH,-0.14312331321559513
2019-01-15,155.20965576171875,5.088384628295898,64.61917631380004,0.0,CASH,-0.12639168301919979
2019-01-16,155.18096923828125,5.095542907714844,64.62528692850243,0.0,CASH,-0.1265531471068384
2019-01-17,156.40447998046875,5.214848041534424,64.63134683118452,0.0,CASH,-0.11966653199874677
2019-01-18,157.95289611816406,5.358015537261963,64.63738678447898,0.0,CASH,-0.11095116432784213
2019-01-22,154.7891082763672,5.062137603759766,64.64340934747007,0.0,CASH,-0.12875876372101203
2019-01-23,154.9898223876953,5.066911220550537,64.6494247759133,0.0,CASH,-0.12762903041845997
2019-01-24,155.99346923828125,5.1563897132873535,64.65546128748825,0.0,CASH,-0.1219799344799345
2019-01-25,157.85731506347656,5.3401198387146,64.661375209813,0.0,CASH,-0.11148914892622941
2019-01-28,155.90744018554688,5.143265247344971,64.66734868941333,0.0,CASH,-0.12246415497254426
2019-01-29,154.4355010986328,4.997712135314941,64.67333555135441,0.0,CASH,-0.13074906625661664
2019-01-30,158.36395263671875,5.3723320960998535,64.67940509259235,0.0,CASH,-0.10863750419119544
2019-01-31,160.7344512939453,5.608558654785156,64.68547520345192,0.0,CASH,-0.0952949880173034
2019-02-01,160.0557861328125,5.53697395324707,64.69148171164335,0.0,CASH,-0.09911490196725092
2019-02-04,162.04396057128906,5.739795207977295,64.69748877758195,0.0,CASH,-0.0879243241869081
2019-02-05,163.47772216796875,5.8913116455078125,64.70348356483449,0.0,CASH,-0.07985429755563989
2019-02-06,162.99024963378906,5.844782829284668,64.70955593543957,0.0,CASH,-0.08259807053850676
2019-02-07,160.8013458251953,5.606170654296875,64.71562887593181,0.0,CASH,-0.09491846750655475
2019-02-08,161.1167755126953,5.634805202484131,64.72167670558409,0.0,CASH,-0.0931430496237543
2019-02-11,160.9638214111328,5.621681213378906,64.727750783601,0.0,CASH,-0.09400396239741882
2019-02-12,163.34388732910156,5.8650641441345215,64.73385111725621,0.0,CASH,-0.08060759623259628
2019-02-13,163.4585723876953,5.876994609832764,64.73995973230839,0.0,CASH,-0.07996208342265387
2019-02-14,163.6593017578125,5.898470401763916,64.74605607827641,0.0,CASH,-0.07883226423494882
2019-02-15,164.34756469726562,5.968860626220703,64.75215299831699,0.0,CASH,-0.07495832852376472
2019-02-19,164.6725311279297,6.004652976989746,64.75824278384063,0.0,CASH,-0.07312923242033975
2019-02-20,164.6438446044922,5.999880313873291,64.7643408514626,0.0,CASH,-0.07329069650797837
2019-02-21,164.04165649414062,5.931876659393311,64.77046519343001,0.0,CASH,-0.07668015407109363
2019-02-22,165.25558471679688,6.060725688934326,64.77662095783091,0.0,CASH,-0.0698474748390856
2019-02-25,165.85775756835938,6.127537727355957,64.7827721660318,0.0,CASH,-0.06645810316112333
2019-02-26,166.0298309326172,6.146625995635986,64.78892395835335,0.0,CASH,-0.0654895762907508
2019-02-27,165.9246368408203,6.127537727355957,64.79509433230885,0.0,CASH,-0.06608166853552755
2019-02-28,165.5423583984375,6.089359760284424,64.80124729474717,0.0,CASH,-0.06823334927361768
2019-03-01,166.6893310546875,6.2110514640808105,64.80737512671658,0.0,CASH,-0.061777534092970376
2019-03-04,166.71804809570312,6.212244987487793,64.81349067986781,0.0,CASH,-0.06161589823502578
2019-03-05,166.84226989746094,6.227753162384033,64.819599094168,0.0,CASH,-0.06091670720445885
2019-03-06,165.89596557617188,6.120378494262695,64.82577238956513,0.0,CASH,-0.06624304673801318
2019-03-07,163.8600311279297,5.897277355194092,64.83195913483267,0.0,CASH,-0.07770244504724366
2019-03-08,163.6115264892578,5.863872051239014,64.8381207435982,0.0,CASH,-0.07910117064898947
2019-03-11,167.0143280029297,6.230140686035156,64.844277791838,0.0,CASH,-0.05994826621923932
2019-03-12,167.93190002441406,6.331549167633057,64.85040197392392,0.0,CASH,-0.054783648428782694
2019-03-13,169.19361877441406,6.468750476837158,64.856565335491,0.0,CASH,-0.04768197689758091
2019-03-14,168.90692138671875,6.440117835998535,64.86271126718796,0.0,CASH,-0.04929567303728377
2019-03-15,170.47447204589844,6.599987506866455,64.86885778128512,0.0,CASH,-0.040472605384518134
2019-03-18,170.8804473876953,6.659640789031982,64.87500487783765,0.0,CASH,-0.038187545003820156
2019-03-19,171.45504760742188,6.726451873779297,64.8811448336319,0.0,CASH,-0.034953367797327495
2019-03-20,172.13490295410156,6.804027080535889,64.88733686345208,0.0,CASH,-0.031126754805446133
2019-03-21,174.82569885253906,7.119106292724609,64.89353720895494,0.0,CASH,-0.015981423384946902
2019-03-22,170.98577880859375,6.653648853302002,64.89973814693526,0.0,CASH,-0.0375946797926664
2019-03-25,170.6602020263672,6.611877918243408,64.90591392360987,0.0,CASH,-0.039427211302211274
2019-03-26,171.45504760742188,6.702581882476807,64.91206968317678,0.0,CASH,-0.034953367797327495
2019-03-27,170.353759765625,6.5712995529174805,64.91826466435657,0.0,CASH,-0.04115204282989515
2019-03-28,170.7464141845703,6.613070964813232,64.92439068160792,0.0,CASH,-0.03894196018776552
2019-03-29,172.03915405273438,6.7622551918029785,64.93049666567481,0.0,CASH,-0.031665684140516404
2019-04-01,174.31817626953125,7.028401851654053,64.93649500697227,0.0,CASH,-0.01883804945885481
2019-04-02,174.97891235351562,7.105978965759277,64.94248101788213,0.0,CASH,-0.015119050563681458
2019-04-03,175.984375,7.228907108306885,64.948588703302,0.0,CASH,-0.009459734291949018
2019-04-04,175.91734313964844,7.218163967132568,64.95470469516401,0.0,CASH,-0.009837027769074802
2019-04-05,176.8270721435547,7.3267717361450195,64.96081353019156,0.0,CASH,-0.0047165549472596435
2019-04-08,177.2771453857422,7.384057998657227,64.96692293974047,0.0,CASH,-0.0021832864743938085
2019-04-09,176.6547088623047,7.302901744842529,64.97302003392191,0.0,CASH,-0.005686713635539187
2019-04-10,177.6027069091797,7.421056270599365,64.9791177003108,0.0,CASH,-0.0003508408500019211
2019-04-11,177.181396484375,7.364963531494141,64.98521078164701,0.0,CASH,-0.002722215809464079
2019-04-12,177.9474334716797,7.455667018890381,64.9913095921279,0.0,CASH,0.0
2019-04-15,177.97616577148438,7.461635112762451,64.99743476515495,0.0,CASH,0.0
2019-04-16,178.5889892578125,7.534436702728271,65.0035218262354,0.0,CASH,0.0
2019-04-17,179.21141052246094,7.609625816345215,65.00965588878566,0.0,CASH,0.0
2019-04-18,179.44126892089844,7.633495330810547,65.01579568991482,0.0,CASH,0.0
2019-04-22,179.9487762451172,7.697943687438965,65.02189737076509,0.0,CASH,0.0
2019-04-23,182.2373962402344,7.990345001220703,65.02802542656889,0.0,CASH,0.0
2019-04-24,181.6628570556641,7.912770748138428,65.03419276734631,0.0,CASH,-0.003152696408222022
2019-04-25,182.4001922607422,8.001087188720703,65.04032198194244,0.0,CASH,0.0
2019-04-26,182.56295776367188,8.029731750488281,65.04642596456576,0.0,CASH,0.0
2019-04-29,182.917236328125,8.072698593139648,65.0525176137107,0.0,CASH,0.0
2019-04-30,181.50003051757807,7.887707233428955,65.05860983334341,0.0,CASH,-0.007747798069749345
2019-05-01,180.91590881347656,7.797002792358398,65.06472327739384,0.0,CASH,-0.01094116418344726
2019-05-02,180.13070678710938,7.701523780822754,65.07082438595114,0.0,CASH,-0.015233827040864623
2019-05-03,183.0034637451172,8.06434154510498,65.0769518883395,0.0,CASH,0.0
2019-05-06,181.88311767578125,7.919930458068848,65.08306705596083,0.0,CASH,-0.006121993794042768
2019-05-07,178.34007263183594,7.459248065948486,65.08916988461127,0.0,CASH,-0.02548252922565608
2019-05-08,177.88995361328125,7.393607139587402,65.09528620033639,0.0,CASH,-0.027942149439083352
2019-05-09,176.9324188232422,7.276645183563232,65.10140825671914,0.0,CASH,-0.03317448095042952
2019-05-10,177.15264892578125,7.296934127807617,65.10753088886669,0.0,CASH,-0.03197106054497856
2019-05-13,171.0050048828125,6.542654514312744,65.11365409683319,0.0,CASH,-0.06556410800516788
2019-05-14,172.8817901611328,6.747933864593506,65.11972620321882,0.0,CASH,-0.0553086448575727
2019-05-15,175.3236846923828,7.028401851654053,65.125806628255,0.0,CASH,-0.04196521145321375
2019-05-16,177.08560180664062,7.248002052307129,65.13187986791237,0.0,CASH,-0.032337431310692666
2019-05-17,175.2757568359375,7.022433757781982,65.13792265914182,0.0,CASH,-0.042227107351053506
2019-05-20,172.3168487548828,6.670358180999756,65.14394533195238,0.0,CASH,-0.05839569793672561
2019-05-21,174.11712646484375,6.870862007141113,65.14994271087386,0.0,CASH,-0.04855830102019332
2019-05-22,173.3414764404297,6.781351566314697,65.15596649506219,0.0,CASH,-0.05279674552031699
2019-05-23,170.68896484375,6.461498260498047,65.1619649806939,0.0,CASH,-0.06729107006694979
2019-05-24,170.60276794433594,6.451951503753662,65.16792006020225,0.0,CASH,-0.06776208246010385
2019-05-28,169.961181640625,6.3827290534973145,65.17383689385537,0.0,CASH,-0.0712679521883649
2019-05-29,168.56312561035156,6.222803115844727,65.17978012732846,0.0,CASH,-0.07890745802974408
2019-05-30,169.27174377441406,6.296798706054688,65.18572390276786,0.0,CASH,-0.07503530091555166
2019-05-31,166.57138061523438,5.993655204772949,65.19169926064427,0.0,CASH,-0.08979110446111016
2019-06-03,162.90386962890625,5.61054801940918,65.19763118783814,0.0,CASH,-0.10983176878119183
2019-06-04,167.4906768798828,6.065263748168945,65.20353002106206,0.0,CASH,-0.08476772268551269
2019-06-05,168.73553466796875,6.198931694030762,65.20946819988639,0.0,CASH,-0.07796534986365322
2019-06-06,170.0761260986328,6.342151165008545,65.21538104276074,0.0,CASH,-0.07063985228437675
2019-06-07,173.36061096191406,6.703775405883789,65.22121678449545,0.0,CASH,-0.052692187272659785
2019-06-10,175.38113403320312,6.94843864440918,65.2269495221772,0.0,CASH,-0.0416512865708939
2019-06-11,175.62046813964844,6.974694728851318,65.23269570589963,0.0,CASH,-0.040343474677351554
2019-06-12,174.60548400878906,6.856540679931641,65.23842427571924,0.0,CASH,-0.04588973107101746
2019-06-13,175.6396484375,6.9687275886535645,65.2440290846902,0.0,CASH,-0.04023866629034589
2019-06-14,174.8927459716797,6.878024101257324,65.24956964933646,0.0,CASH,-0.04432002327963536
2019-06-17,175.94610595703125,7.0033392906188965,65.25507184518983,0.0,CASH,-0.038564066732175384
2019-06-18,178.50279235839844,7.306482791900635,65.2606081683784,0.0,CASH,-0.024593367221656393
2019-06-19,179.1731414794922,7.39241361618042,65.26622265240177,0.0,CASH,-0.02093032660277827
2019-06-20,180.8393096923828,7.595304489135742,65.27172625252622,0.0,CASH,-0.01182575459745705
2019-06-21,180.5711975097656,7.56069278717041,65.27710857997204,0.0,CASH,-0.013290820761399313
2019-06-24,180.5769805908203,7.55830717086792,65.28243177292796,0.0,CASH,-0.013259219823710144
2019-06-25,177.4771270751953,7.171618461608887,65.28776317175004,0.0,CASH,-0.03019798946329688
2019-06-26,178.302490234375,7.262323379516602,65.29315977520542,0.0,CASH,-0.02568789363074342
2019-06-27,178.98385620117188,7.341093063354492,65.2985827346965,0.0,CASH,-0.021964652808668883
2019-06-28,179.2141876220703,7.37212324142456,65.30398541515255,0.0,CASH,-0.02070603498699064
2019-07-01,181.63259887695312,7.665719032287598,65.30925897134004,0.0,CASH,-0.007490923068392719
2019-07-02,182.35240173339844,7.758812427520752,65.31461070243182,0.0,CASH,-0.003557648573392802
2019-07-03,183.7247772216797,7.930671691894531,65.32017799544425,0.0,CASH,0.0
2019-07-05,183.35047912597656,7.8793511390686035,65.3257509473855,0.0,CASH,-0.002037276089612572
2019-07-08,182.06448364257807,7.713459014892578,65.3313580746187,0.0,CASH,-0.009036851774751775
2019-07-09,182.97622680664065,7.829226493835449,65.33700457049736,0.0,CASH,-0.004074303021937231
2019-07-10,184.79962158203125,8.060761451721191,65.34269563084142,0.0,CASH,0.0
2019-07-11,184.6653289794922,8.039280891418457,65.34821864469744,0.0,CASH,-0.0007266930602423116
2019-07-12,185.7305603027344,8.174141883850098,65.35365914334653,0.0,CASH,0.0
2019-07-15,186.32557678222656,8.243363380432129,65.35907934739416,0.0,CASH,0.0
2019-07-16,185.36587524414065,8.1264009475708,65.36448703322482,0.0,CASH,-0.005150669890090276
2019-07-17,184.4541473388672,8.005861282348633,65.36994185510451,0.0,CASH,-0.010043867705541332
2019-07-18,184.6653289794922,8.040472984313965,65.37531931091695,0.0,CASH,-0.00891046646094562
2019-07-19,183.31211853027344,7.845934867858887,65.3805415537154,0.0,CASH,-0.016173078886937753
2019-07-22,184.77085876464844,8.030923843383789,65.38576421367159,0.0,CASH,-0.008344093411261744
2019-07-23,185.9800567626953,8.186076164245605,65.39101842711479,0.0,CASH,-0.0018543885681088224
2019-07-24,187.28526306152344,8.36032485961914,65.39629382155778,0.0,CASH,0.0
2019-07-25,185.5098419189453,8.121628761291504,65.40158780714908,0.0,CASH,-0.009479769596152932
2019-07-26,187.41964721679688,8.362711906433105,65.4069341272737,0.0,CASH,0.0
2019-07-29,186.7766571044922,8.285135269165039,65.412288671033,0.0,CASH,-0.0034307508409772147
2019-07-30,185.970458984375,8.174141883850098,65.41760990867809,0.0,CASH,-0.007732317576852221
2019-07-31,183.3985137939453,7.829226493835449,65.42290561985737,0.0,CASH,-0.02145523952566264
2019-08-01,182.48675537109372,7.719426155090332,65.42817579829138,0.0,CASH,-0.026320035913828477
2019-08-02,179.79959106445312,7.366156578063965,65.43344640126752,0.0,CASH,-0.04065772327235939
2019-08-05,173.44642639160156,6.592782497406006,65.43863953193429,0.0,CASH,-0.07455579515114474
2019-08-06,175.87445068359375,6.863700866699219,65.44371102636676,0.0,CASH,-0.061600780412569334
2019-08-07,176.82455444335938,6.963954448699951,65.44889198683539,0.0,CASH,-0.05653138788155798
2019-08-08,180.6729431152344,7.424636840820312,65.45400323377936,0.0,CASH,-0.03599784868743372
2019-08-09,178.97425842285156,7.20503568649292,65.45912007458266,0.0,CASH,-0.045061384541910665
2019-08-12,176.92051696777344,6.963954448699951,65.46418536375991,0.0,CASH,-0.05601936832630261
2019-08-13,180.79769897460935,7.421056270599365,65.4691938934279,0.0,CASH,-0.035332198841072526
2019-08-14,175.39459228515625,6.756288528442383,65.47427295203391,0.0,CASH,-0.06416112243414207
2019-08-15,175.1930389404297,6.727645397186279,65.47923028982332,0.0,CASH,-0.06523653447188549
2019-08-16,178.00497436523438,7.037949562072754,65.48401910827505,0.0,CASH,-0.05023311585189416
2019-08-19,180.83612060546875,7.367349624633789,65.4887563052527,0.0,CASH,-0.035127195622733476
2019-08-20,179.43495178222656,7.215778350830078,65.49357180796576,0.0,CASH,-0.04260329988421141
2019-08-21,181.02798461914065,7.39957332611084,65.49850981530201,0.0,CASH,-0.03410348217261716
2019-08-22,180.442626953125,7.327965259552002,65.50352097106293,0.0,CASH,-0.0372267281860863
2019-08-23,174.73240661621094,6.657230377197266,65.50855850365294,0.0,CASH,-0.0676942934691902
2019-08-26,177.37152099609375,6.926955699920654,65.51352363637339,0.0,CASH,-0.05361298225623057
2019-08-27,176.9972686767578,6.885183334350586,65.51854893951337,0.0,CASH,-0.0556098503802166
2019-08-28,177.63072204589844,6.954406261444092,65.52360062752537,0.0,CASH,-0.0522299839758803
2019-08-29,180.34664916992188,7.270678997039795,65.52864490486532,0.0,CASH,-0.03773882915644022
2019-08-30,179.914794921875,7.219358444213867,65.53368957053456,0.0,CASH,-0.040043039277737336
2019-09-03,178.1681365966797,7.009305477142334,65.5387164205297,0.0,CASH,-0.04936254420229247
2019-09-04,180.74012756347656,7.304095268249512,65.54368383902873,0.0,CASH,-0.03563937800818617
2019-09-05,184.05108642578125,7.707490921020508,65.54863862933978,0.0,CASH,-0.01797336000274863
2019-09-06,183.86875915527344,7.686009407043457,65.55363281121896,0.0,CASH,-0.018946189016223913
2019-09-09,183.4848480224609,7.637077331542969,65.55860136028568,0.0,CASH,-0.020994592897640052
2019-09-10,182.9569854736328,7.573821067810059,65.56356508294026,0.0,CASH,-0.02381106681948819
2019-09-11,184.6748809814453,7.777907848358154,65.568542190051,0.0,CASH,-0.01464502935584211
2019-09-12,185.44259643554688,7.874578952789307,65.57351967498738,0.0,CASH,-0.010548791498700583
2019-09-13,184.78045654296875,7.791034698486328,65.57845069953235,0.0,CASH,-0.014081718288452727
2019-09-16,183.955078125,7.683621406555176,65.58339510646749,0.0,CASH,-0.018485623803299767
2019-09-17,184.8380279541016,7.785067558288574,65.58845699959933,0.0,CASH,-0.013774539121338747
2019-09-18,184.76126098632807,7.780293941497803,65.59350106417426,0.0,CASH,-0.014184138482523867
2019-09-19,185.06832885742188,7.814903259277344,65.59839454757457,0.0,CASH,-0.012545741037785274
2019-09-20,183.1105499267578,7.569046974182129,65.60329620543159,0.0,CASH,-0.022991705266921847
2019-09-23,183.19134521484372,7.576209545135498,65.60811232049288,0.0,CASH,-0.0225606123197003
2019-09-24,180.75840759277344,7.276645183563232,65.61291577164798,0.0,CASH,-0.0355418427200328
2019-09-25,182.78744506835935,7.509374141693115,65.61781070344709,0.0,CASH,-0.024715669980315602
2019-09-26,182.11427307128903,7.43418550491333,65.62261486466238,0.0,CASH,-0.028307459886373953
2019-09-27,179.85447692871094,7.164458274841309,65.62722407208535,0.0,CASH,-0.04036487316260373
2019-09-30,181.5662078857422,7.355415344238281,65.63172943315267,0.0,CASH,-0.0312317273988022
2019-10-01,180.08522033691406,7.177587032318115,65.63633928076557,0.0,CASH,-0.039133714041189815
2019-10-02,176.98876953125,6.809995174407959,65.64090517378685,0.0,CASH,-0.055655198590151
2019-10-03,178.93128967285156,7.034368515014648,65.64542449804938,0.0,CASH,-0.0452906494596399
2019-10-04,181.5662078857422,7.330350875854492,65.64976178492577,0.0,CASH,-0.0312317273988022
2019-10-07,181.01808166503903,7.262323379516602,65.65407330690498,0.0,CASH,-0.03415632057162532
2019-10-08,178.3062744140625,6.931729316711426,65.65843200782571,0.0,CASH,-0.04862549331443633
2019-10-09,180.04678344726562,7.141782760620117,65.66274409921834,0.0,CASH,-0.03933879867462731
2019-10-10,181.44114685058597,7.2981276512146,65.66698612099498,0.0,CASH,-0.031899005547136206
2019-10-11,183.7779541015625,7.571433067321777,65.67124144597118,0.0,CASH,-0.019430690268143924
2019-10-14,183.7586975097656,7.579789161682129,65.6754709867076,0.0,CASH,-0.019533436122609382
2019-10-15,186.0955047607422,7.867418766021728,65.67968776901158,0.0,CASH,-0.007065120843616768
2019-10-16,185.6339263916016,7.808937072753906,65.68390482205977,0.0,CASH,-0.009527927577036022
2019-10-17,186.12432861328125,7.862642288208008,65.6881143263024,0.0,CASH,-0.006911327722313287
2019-10-18,184.33567810058597,7.637077331542969,65.69235016700796,0.0,CASH,-0.016454886998285456
2019-10-21,185.97048950195312,7.838773727416992,65.69658628085801,0.0,CASH,-0.007732154746654896
2019-10-22,184.48953247070312,7.657365798950195,65.70082266787017,0.0,CASH,-0.015633978558845296
2019-10-23,184.8453826904297,7.693168640136719,65.70503325633189,0.0,CASH,-0.013735297043801498
2019-10-24,186.6436004638672,7.91396427154541,65.70924411463885,0.0,CASH,-0.004140690500991084
2019-10-25,188.13414001464844,8.09417724609375,65.71347610292814,0.0,CASH,0.0
2019-10-28,189.9901123046875,8.341229438781738,65.71771357906573,0.0,CASH,0.0
2019-10-29,188.518798828125,8.149080276489258,65.72189917158747,0.0,CASH,-0.007744158149677549
2019-10-30,189.43235778808597,8.263651847839355,65.72605895059775,0.0,CASH,-0.002935702862826184
2019-10-31,189.5189208984375,8.269620895385742,65.73021899289563,0.0,CASH,-0.002480083834543678
2019-11-01,191.2402191162109,8.493995666503906,65.73412628931403,0.0,CASH,0.0
2019-11-04,192.4230499267578,8.645566940307617,65.73799990750769,0.0,CASH,0.0
2019-11-05,192.5287933349609,8.6563081741333,65.74192070969976,0.0,CASH,0.0
2019-11-06,192.09603881835935,8.601407051086426,65.74588087779802,0.0,CASH,-0.0022477392036039934
2019-11-07,192.7404022216797,8.688532829284668,65.74983345750394,0.0,CASH,0.0
2019-11-08,193.50965881347656,8.791170120239258,65.75379410225106,0.0,CASH,0.0
2019-11-11,193.2500457763672,8.754173278808594,65.75773411131723,0.0,CASH,-0.001341602474528747
2019-11-12,193.8077850341797,8.82578182220459,65.76168218482766,0.0,CASH,0.0
2019-11-13,193.85589599609372,8.812653541564941,65.76568268714065,0.0,CASH,0.0
2019-11-14,193.70199584960935,8.810266494750977,65.76968865224896,0.0,CASH,-0.000793889428503558
2019-11-15,195.125244140625,8.976163864135742,65.77367659209311,0.0,CASH,0.0
2019-11-18,195.279052734375,9.022704124450684,65.77766477374567,0.0,CASH,0.0
2019-11-19,195.56761169433597,9.059703826904297,65.7816401461098,0.0,CASH,0.0
2019-11-20,194.39442443847656,8.900969505310059,65.78562097942941,0.0,CASH,-0.005998883177512293
2019-11-21,193.9616241455078,8.83174991607666,65.78958900096251,0.0,CASH,-0.008211930057918981
2019-11-22,194.086669921875,8.855618476867676,65.79358336879145,0.0,CASH,-0.007572530848183656
2019-11-25,196.38497924804688,9.162341117858888,65.79761192029972,0.0,CASH,0.0
2019-11-26,196.760009765625,9.217243194580078,65.8016459404423,0.0,CASH,0.0
2019-11-27,198.13514709472656,9.403425216674805,65.80573243169871,0.0,CASH,0.0
2019-11-29,197.23123168945312,9.278108596801758,65.80981917673923,0.0,CASH,-0.004562115397129807
2019-12-02,195.21176147460935,8.979741096496582,65.81384088781152,0.0,CASH,-0.014754502989414497
2019-12-03,193.68276977539065,8.778042793273926,65.81785762140159,0.0,CASH,-0.02247141602396907
2019-12-04,194.66360473632807,8.90813159942627,65.8218746001399,0.0,CASH,-0.017521083004716886
2019-12-05,195.04830932617188,8.954675674438477,65.82578734497505,0.0,CASH,-0.015579455809922038
2019-12-06,197.13504028320312,9.231563568115234,65.82968726174153,0.0,CASH,-0.0050475992078542475
2019-12-09,196.24078369140625,9.118184089660645,65.83355344977339,0.0,CASH,-0.009560965992644554
2019-12-10,196.07725524902344,9.09789752960205,65.83746688885128,0.0,CASH,-0.010386303873281322
2019-12-11,197.11575317382807,9.23514461517334,65.8414249746209,0.0,CASH,-0.005144942408482067
2019-12-12,198.5871124267578,9.446391105651855,65.84539636210923,0.0,CASH,0.0
2019-12-13,199.24099731445312,9.531129837036133,65.84939411824217,0.0,CASH,0.0
2019-12-16,201.24124145507807,9.804435729980469,65.8533738256774,0.0,CASH,0.0
2019-12-17,201.3566131591797,9.817562103271484,65.85735900002318,0.0,CASH,0.0
2019-12-18,201.51046752929688,9.840237617492676,65.86135748245913,0.0,CASH,0.0
2019-12-19,202.77023315429688,10.04074478149414,65.86532484520112,0.0,CASH,0.0
2019-12-20,203.5875701904297,10.160091400146484,65.86933165244258,0.0,CASH,0.0
2019-12-23,204.12535095214844,10.235283851623535,65.87332563413213,0.0,CASH,0.0
2019-12-24,204.2313232421875,10.24853229522705,65.87729894578719,0.0,CASH,0.0
2019-12-26,206.0335235595703,10.514777183532717,65.8813195523333,0.0,CASH,0.0
2019-12-27,205.86007690429688,10.48373317718506,65.88533256119494,0.0,CASH,-0.0008418370577606415
2019-12-30,204.5108337402344,10.274799346923828,65.88930136815002,0.0,CASH,-0.0073904954544722345
2019-12-31,204.8963165283203,10.33330249786377,65.89319720385107,0.0,CASH,-0.00551952425800839
2020-01-02,208.3175506591797,10.845489501953123,65.89713249200496,0.0,CASH,0.0
2020-01-03,206.40936279296875,10.550593376159668,65.90104186555217,0.0,CASH,-0.009159995690103173
2020-01-06,207.73928833007807,10.75117015838623,65.90489393848615,0.0,CASH,-0.0027758694707759046
2020-01-07,207.7103729248047,10.738038063049316,65.90878546564909,0.0,CASH,-0.0029146739314748205
2020-01-08,209.2716522216797,10.98517608642578,65.9127086076411,0.0,CASH,0.0
2020-01-09,211.0448760986328,11.262164115905762,65.91661367414756,0.0,CASH,0.0
2020-01-10,210.5051727294922,11.170233726501465,65.92053728210435,0.0,CASH,-0.002557291980348264
2020-01-13,212.9337615966797,11.560643196105955,65.92445589188792,0.0,CASH,0.0
2020-01-14,212.09532165527344,11.42573070526123,65.9284061271168,0.0,CASH,-0.003937562249965554
2020-01-15,212.18202209472656,11.432894706726074,65.93240892312824,0.0,CASH,-0.0035303913119094643
2020-01-16,214.21548461914065,11.751667976379396,65.9363544022443,0.0,CASH,0.0
2020-01-17,215.27560424804688,11.927172660827637,65.9403262826579,0.0,CASH,0.0
2020-01-21,215.17921447753903,11.921201705932615,65.94431148571562,0.0,CASH,-0.0004477505514131064
2020-01-22,215.74778747558597,12.002389907836914,65.94824459291983,0.0,CASH,0.0
2020-01-23,216.44171142578125,12.113422393798828,65.95220410461918,0.0,CASH,0.0
2020-01-24,214.6202850341797,11.799424171447754,65.95616908828089,0.0,CASH,-0.008415320594182818
2020-01-27,210.1871490478516,11.069944381713867,65.9600688776686,0.0,CASH,-0.028897213650402986
2020-01-28,213.41563415527344,11.58452320098877,65.96400815954743,0.0,CASH,-0.01398102634919085
2020-01-29,213.76255798339844,11.626306533813477,65.9680131171108,0.0,CASH,-0.01237817528208518
2020-01-30,214.52389526367188,11.757638931274414,65.97199214007428,0.0,CASH,-0.008860658832699153
2020-01-31,211.1219482421875,11.17978572845459,65.97599234657433,0.0,CASH,-0.02457827166746429
2020-02-03,214.3118896484375,11.693167686462402,65.97994566990029,0.0,CASH,-0.009840163262958113
2020-02-04,219.21725463867188,12.49189281463623,65.98392017616884,0.0,CASH,0.0
2020-02-05,219.9400329589844,12.63635540008545,65.98794728999475,0.0,CASH,0.0
2020-02-06,221.8385162353516,12.944385528564451,65.9919275153369,0.0,CASH,0.0
2020-02-07,220.8844451904297,12.77723789215088,65.99593416800398,0.0,CASH,-0.004300745700578479
2020-02-10,223.55393981933597,13.238086700439451,65.99990963738921,0.0,CASH,0.0
2020-02-11,223.5924835205078,13.247640609741213,66.00389058426977,0.0,CASH,0.0
2020-02-12,225.7705078125,13.635660171508787,66.00791891692455,0.0,CASH,0.0
2020-02-13,225.48141479492188,13.58312702178955,66.01193963729496,0.0,CASH,-0.0012804729031224982
2020-02-14,226.12710571289065,13.675057411193848,66.01598679776744,0.0,CASH,0.0
2020-02-18,226.21380615234372,13.698936462402344,66.02000800957423,0.0,CASH,0.0
2020-02-19,228.38217163085935,14.095316886901855,66.02402946632387,0.0,CASH,0.0
2020-02-20,226.26199340820312,13.694161415100098,66.02807212808312,0.0,CASH,-0.00928346642610578
2020-02-21,221.9156036376953,12.910958290100098,66.03210193657974,0.0,CASH,-0.0283146794996596
2020-02-24,213.35775756835935,11.423343658447266,66.03607958464245,0.0,CASH,-0.06578628250713192
2020-02-25,207.55616760253903,10.499255180358888,66.04001816515837,0.0,CASH,-0.09118927226062978
2020-02-26,208.6259307861328,10.643717765808104,66.04392291228916,0.0,CASH,-0.0865051799080846
2020-02-27,198.1791839599609,9.052234649658203,66.04779644090125,0.0,CASH,-0.13224757193270054
2020-02-28,198.3334197998047,9.193117141723633,66.05145265815423,0.0,CASH,-0.13157223095164938
2020-03-02,208.568115234375,10.447919845581056,66.0546765981554,0.0,CASH,-0.08675833255719445
2020-03-03,201.87989807128903,9.46413230895996,66.05765167979463,0.0,CASH,-0.11604353076389295
2020-03-04,210.30279541015625,10.612676620483398,66.06005806563226,0.0,CASH,-0.07916281770857891
2020-03-05,203.9133453369141,9.681427001953123,66.06182753150455,0.0,CASH,-0.10713982671771294
2020-03-06,200.4729461669922,9.174015045166016,66.0633873247296,0.0,CASH,-0.12220404624655923
2020-03-09,186.54714965820312,7.310318470001221,66.06447527334821,0.0,CASH,-0.1831798939204211
2020-03-10,196.70474243164065,8.448116302490234,66.06534040341593,0.0,CASH,-0.13870359920396869
2020-03-11,188.13723754882807,7.361656665802002,66.06636284317038,0.0,CASH,-0.1762174945384105
2020-03-12,170.88673400878906,5.343946933746338,66.06732762180425,0.0,ARMED,-0.25175098919280714
2020-03-13,185.36175537109372,6.786191940307617,66.06804335119182,0.0,ARMED,-0.188370291571186
2020-03-16,163.15765380859375,4.447320461273193,66.06868043589743,0.0,ARMED,-0.2855937368337571
2020-03-17,175.5318603515625,5.172023296356201,66.06916546391483,0.0,ARMED,-0.23141172054673476
2020-03-18,170.19285583496094,4.693265914916992,66.06959805965828,0.0,ARMED,-0.2547892218572624
2020-03-19,171.21434020996094,4.801910400390625,66.06960592508668,0.0,ARMED,-0.25031652432704077
2020-03-20,164.50686645507812,4.239579200744629,66.06960592508668,0.0,ARMED,-0.27968603993758634
2020-03-23,164.62567138671875,4.252711296081543,66.06960592508668,0.0,ARMED,-0.2791658376346121
2020-03-24,177.37387084960938,5.200678825378418,66.06960592508668,0.0,ARMED,-0.22334624641233447
2020-03-25,176.0604248046875,5.080091953277588,66.06960592508668,0.0,ARMED,-0.22909733475492555
2020-03-26,185.331787109375,5.907472133636475,66.06960592508668,0.0,ARMED,-0.1885015113660795
2020-03-27,178.95773315429688,5.293802738189697,66.06960592508668,0.0,ARMED,-0.21641110653964968
2020-03-30,185.46697998046875,5.850165843963623,66.06960592508668,0.0,ARMED,-0.18790955241355556
2020-03-31,183.8831787109375,5.687792778015137,66.06964000861424,0.0,ARMED,-0.19484442503614885
2020-04-01,176.07008361816406,4.98219108581543,66.06971866294583,0.0,ARMED,-0.22905504242795627
2020-04-02,179.64341735839844,5.277087688446045,66.06988383724516,0.0,ARMED,-0.21340875219996924
2020-04-03,177.09381103515625,5.064571380615234,66.07005425559007,0.0,ARMED,-0.2245725234568745
2020-04-06,189.75509643554688,6.124764442443848,66.07020632158358,0.0,ARMED,-0.16913349636479735
2020-04-07,189.6777801513672,6.112825393676758,66.07036363159511,0.0,ARMED,-0.16947203541812006
2020-04-08,193.70509338378903,6.503234386444092,66.07069922710886,0.0,ARMED,-0.15183793901005493
2020-04-09,193.98513793945312,6.527113437652588,66.07118426994674,0.0,ARMED,-0.15061172877803763
2020-04-13,196.08090209960935,6.753955841064453,66.0717348631318,0.0,ARMED,-0.14143516238850495
2020-04-14,204.60862731933597,7.63028621673584,66.07225924198772,0.0,ARMED,-0.10409544730115472
2020-04-15,202.2618408203125,7.3771772384643555,66.07269185798805,0.0,ARMED,-0.11437114650422842
2020-04-16,205.95106506347656,7.772360801696777,66.07299338019841,0.0,ARMED,-0.09821741516513305
2020-04-17,207.92127990722656,7.966969013214111,66.07328179405684,0.0,ARMED,-0.08959058221367777
2020-04-20,205.45852661132807,7.709084510803223,66.07355185548671,0.0,ARMED,-0.10037405659047427
2020-04-21,197.87725830078125,6.856632709503174,66.07373539313153,0.0,ARMED,-0.13356959132249635
2020-04-22,203.74913024902344,7.463138580322266,66.07399234654022,0.0,ARMED,-0.1078588630887134
2020-04-23,203.31451416015625,7.414188385009766,66.07423619104156,0.0,ARMED,-0.1097618841772845
2020-04-24,206.52088928222656,7.772360801696777,66.07448003644281,0.0,ARMED,-0.09572236831151515
2020-04-27,208.1820526123047,7.923989772796631,66.07474223676432,0.0,ARMED,-0.08844875619803061
2020-04-28,204.2610321044922,7.49537467956543,66.07498608403311,0.0,ARMED,-0.1056174365718654
2020-04-29,211.5043029785156,8.274998664855957,66.07520895601233,0.0,ARMED,-0.07390186603367588
2020-04-30,211.41734313964844,8.32991886138916,66.07544493891085,0.0,ARMED,-0.07428263060144491
2020-05-01,205.45852661132807,7.58253002166748,66.07568092265215,0.0,ARMED,-0.10037405659047427
2020-05-04,207.8536529541016,7.849966526031494,66.07592477338514,0.0,ARMED,-0.08988669531498539
2020-05-05,210.21011352539065,8.100687026977539,66.07616075884015,0.0,ARMED,-0.07956863697241967
2020-05-06,211.5043029785156,8.26067066192627,66.07644918652443,0.0,ARMED,-0.07390186603367588
2020-05-07,214.22775268554688,8.583027839660645,66.07673237131401,0.0,ARMED,-0.06197689970384668
2020-05-08,217.1637420654297,8.929261207580566,66.07698147010355,0.0,ARMED,-0.049121301743125234
2020-05-11,219.10491943359372,9.15132999420166,66.07723056983215,0.0,ARMED,-0.04062161302266931
2020-05-12,214.5175018310547,8.606905937194824,66.0775058916176,0.0,ARMED,-0.06070819670729166
2020-05-13,211.8326416015625,8.280967712402344,66.07782841278622,0.0,ARMED,-0.07246419416681227
2020-05-14,214.2373809814453,8.55556869506836,66.07812995843722,0.0,ARMED,-0.0619347410019232
2020-05-15,215.62814331054688,8.70241928100586,66.07840528397013,0.0,ARMED,-0.05584511360600941
2020-05-18,219.645751953125,9.20625114440918,66.07867536634124,0.0,ARMED,-0.038253509962482
2020-05-19,219.0952911376953,9.135807037353516,66.07895069414668,0.0,ARMED,-0.04066377172459279
2020-05-20,223.47018432617188,9.670680046081545,66.07926011145736,0.0,ARMED,-0.021507752858339835
2020-05-21,221.0364227294922,9.373397827148438,66.0795695302169,0.0,ARMED,-0.0321642834417053
2020-05-22,221.79942321777344,9.458166122436523,66.07985797278074,0.0,ARMED,-0.028823390048702158
2020-05-26,221.2006072998047,9.418766021728516,66.08014641660365,0.0,ARMED,-0.03144538069575076
2020-05-27,222.40782165527344,9.551289558410645,66.08045583951335,0.0,ARMED,-0.026159441137298622
2020-05-28,222.11813354492188,9.490400314331056,66.08080984196941,0.0,ARMED,-0.027427876883762248
2020-05-29,225.3727569580078,9.882003784179688,66.08117171306186,0.0,ARMED,-0.013177099820715132
2020-06-01,226.04884338378903,10.003783226013184,66.06498698663293,0.5001250312578145,STARTER,-0.010216770557912591
2020-06-02,227.56504821777344,10.203166007995604,66.70717738351755,1.0,BULL,-0.0035778774115812206
2020-06-03,228.58876037597656,10.34165859222412,67.61262667006191,1.0,BULL,0.0
2020-06-04,226.985595703125,10.131531715393066,66.2388402556461,1.0,BULL,-0.007013313647682096
2020-06-05,231.4861297607422,10.73206901550293,70.16508708652728,1.0,BULL,0.0
2020-06-08,233.282470703125,10.970850944519045,71.72621708111664,1.0,BULL,0.0
2020-06-09,234.9725799560547,11.215603828430176,73.32638452222197,1.0,BULL,0.0
2020-06-10,237.7926483154297,11.620338439941406,75.97249490621175,1.0,BULL,0.0
2020-06-11,226.01019287109372,9.909465789794922,64.78699765325169,1.0,BULL,-0.04954928391523128
2020-06-12,227.8065185546875,10.124367713928224,66.19200280184828,1.0,BULL,-0.04199511562483493
2020-06-15,230.57830810546875,10.481345176696776,68.52588219890592,1.0,BULL,-0.030338785749133734
2020-06-16,234.5380096435547,11.035320281982422,72.14771052017244,1.0,BULL,-0.013686876759779976
2020-06-17,235.28158569335935,11.142773628234863,72.85022868201526,1.0,BULL,-0.01055988332633162
2020-06-18,235.9190368652344,11.228736877441406,73.4122469525002,1.0,BULL,-0.007879181562038706
2020-06-19,235.8804168701172,11.213213920593262,73.31075956758707,1.0,BULL,-0.008041591945163629
2020-06-22,238.7092437744141,11.611982345581056,75.91786368014992,1.0,BULL,0.0
2020-06-23,240.7408599853516,11.915234565734863,77.90049334881287,1.0,BULL,0.0
2020-06-24,235.7778778076172,11.213213920593262,73.31075956758707,1.0,BULL,-0.020615454219264584
2020-06-25,238.0223388671875,11.510499000549316,75.25437672980529,1.0,BULL,-0.011292312897484447
2020-06-26,232.40139770507807,10.683117866516112,69.8450498572955,1.0,BULL,-0.03464082615963471
2020-06-29,234.9361267089844,11.024575233459473,72.0774605744935,1.0,BULL,-0.024111957050915178
2020-06-30,239.5412750244141,11.65854263305664,76.22226971972896,1.0,BULL,-0.004982888908058647
2020-07-01,242.3371734619141,12.075218200683594,78.94644876173292,1.0,BULL,0.0
2020-07-02,243.9818420410156,12.331908226013184,80.62465992078124,1.0,BULL,0.0
2020-07-06,249.9800720214844,13.238086700439451,86.54915513994247,1.0,BULL,0.0
2020-07-07,248.2579498291016,12.97781467437744,84.84752525399524,1.0,BULL,-0.006889037907928941
2020-07-08,251.5279083251953,13.476869583129885,88.11029136954964,1.0,BULL,0.0
2020-07-09,253.6466827392578,13.813551902770996,90.31148335256687,1.0,BULL,0.0
2020-07-10,255.3784942626953,14.106061935424805,92.22388178060434,1.0,BULL,0.0
2020-07-13,250.1251678466797,13.23450756072998,86.525755118097,1.0,BULL,-0.020570747083392904
2020-07-14,251.8955078125,13.515074729919434,88.36007241808464,1.0,BULL,-0.013638526847184473
2020-07-15,252.40830993652344,13.581934928894045,88.79719704679319,1.0,BULL,-0.01163051859455555
2020-07-16,250.686279296875,13.290620803833008,86.89261733109096,1.0,BULL,-0.01837357127258199
2020-07-17,250.97650146484372,13.352704048156738,87.29851075558312,1.0,BULL,-0.01723713193062948
2020-07-20,258.0969543457031,14.489306449890137,94.72949227323625,1.0,BULL,0.0
2020-07-21,255.4074859619141,14.02606964111328,91.7009009566354,1.0,BULL,-0.010420380165302778
2020-07-22,256.3072204589844,14.188441276550291,92.76246885415473,1.0,BULL,-0.0069343471768423814
2020-07-23,249.6123962402344,13.076909065246582,85.49539348472278,1.0,BULL,-0.03287353051870667
2020-07-24,247.24215698242188,12.690081596374512,82.96635803017416,1.0,BULL,-0.04205705329146192
2020-07-27,251.65370178222656,13.371807098388672,87.42340439735953,1.0,BULL,-0.024964465697825622
2020-07-28,248.45147705078125,12.869169235229492,84.13721331988843,1.0,BULL,-0.037371526988274395
2020-07-29,251.31509399414065,13.307333946228027,87.00188601823247,1.0,BULL,-0.026276405968272853
2020-07-30,252.6308441162109,13.523433685302734,88.41472234919992,1.0,BULL,-0.021178515040401247
2020-07-31,257.13916015625,14.252910614013672,93.18396229321056,1.0,BULL,-0.003710986020277529
2020-08-03,260.6123962402344,14.784205436706545,96.65750942089082,1.0,BULL,0.0
2020-08-04,261.57977294921875,14.976423263549805,97.91420843582985,1.0,BULL,0.0
2020-08-05,262.2279663085937,15.095815658569336,98.69478278565124,1.0,BULL,0.0
2020-08-06,265.7011108398437,15.673666954040527,102.4727110128393,1.0,BULL,0.0
2020-08-07,262.63433837890625,15.161478996276855,99.1240824670067,1.0,BULL,-0.011542189083228904
2020-08-10,261.5120849609375,14.957321166992188,97.78932102907126,1.0,BULL,-0.01576593287722916
2020-08-11,256.5587463378906,14.108448028564451,92.23948179516799,1.0,BULL,-0.03440845419522465
2020-08-12,263.0116271972656,15.16386604309082,99.13968871658817,1.0,BULL,-0.010122214521712025
2020-08-13,263.61151123046875,15.270124435424805,99.83439440111353,1.0,BULL,-0.007864474494555185
2020-08-14,263.30181884765625,15.225951194763184,99.54559461111594,1.0,BULL,-0.009030041254263543
2020-08-17,266.3590087890625,15.728586196899414,102.83176698353363,1.0,BULL,0.0
2020-08-18,268.9228210449219,16.190635681152344,105.85259570295949,1.0,BULL,0.0
2020-08-19,267.1136474609375,15.874244689941406,103.78406619391144,1.0,BULL,-0.0067274825429640694
2020-08-20,270.8190002441406,16.527313232421875,108.05375651088768,1.0,BULL,0.0
2020-08-21,272.6958312988281,16.872358322143555,110.30962336509144,1.0,BULL,0.0
2020-08-24,274.3984680175781,17.185157775878906,112.35467179706247,1.0,BULL,0.0
2020-08-25,276.55596923828125,17.586315155029297,114.97739462924238,1.0,BULL,0.0
2020-08-26,282.4573974609375,18.71217155456543,122.33811996619875,1.0,BULL,0.0
2020-08-27,281.5770263671875,18.54263687133789,121.22972084989941,1.0,BULL,-0.0031168278886084533
2020-08-28,283.0089111328125,18.829174041748047,123.10306936138524,1.0,BULL,0.0
2020-08-31,285.2823791503906,19.26494789123535,125.95211087007657,1.0,BULL,0.0
2020-09-01,290.1583251953125,20.26544761657715,132.49326805582024,1.0,BULL,0.0
2020-09-02,292.9059143066406,20.83733367919922,136.23219624659913,1.0,BULL,0.0
2020-09-03,278.0555114746094,17.63764762878418,115.31300069794874,1.0,BULL,-0.05070024914718685
2020-09-04,274.35015869140625,16.910560607910156,110.55938570857302,1.0,BULL,-0.06335056654338678
2020-09-08,261.16375732421875,14.520350456237791,94.93245457302685,1.0,BULL,-0.1083698055655895
2020-09-09,268.83575439453125,15.767988204956056,103.08937297942171,1.0,BULL,-0.08217710444354676
2020-09-10,263.47607421875,14.855836868286133,97.12582784370883,1.0,BULL,-0.10047540404759725
2020-09-11,261.6476135253906,14.53109073638916,95.00267334361673,1.0,BULL,-0.10671788876385047
2020-09-14,266.2042236328125,15.27967643737793,99.89684433951064,1.0,BULL,-0.09116132303793079
2020-09-15,269.977294921875,15.92916488647461,104.14312839962358,1.0,BULL,-0.07827981022179653
2020-09-16,265.6721496582031,15.16386604309082,99.13968871658817,1.0,BULL,-0.09297785848027196
2020-09-17,261.521728515625,14.465429306030272,94.57338613229689,1.0,BULL,-0.1071476684426379
2020-09-18,258.1841125488281,13.906679153442385,90.92033907684966,1.0,BULL,-0.11854250823171342
2020-09-21,258.8031921386719,14.07143783569336,91.99751322395043,1.0,BULL,-0.11642892991319698
2020-09-22,263.61151123046875,14.840316772460938,97.02435916384914,1.0,BULL,-0.1000130132077286
2020-09-23,255.56224060058597,13.46612548828125,88.04004765888851,1.0,BULL,-0.12749375100347038
2020-09-24,256.7522277832031,13.663119316101074,89.32797164302612,1.0,BULL,-0.12343105672352017
2020-09-25,262.7213134765625,14.62063694000244,95.5881165760184,1.0,BULL,-0.10305220671808668
2020-09-28,268.1778564453125,15.487417221069336,101.25503073936281,1.0,BULL,-0.0844232111866493
2020-09-29,266.9684753417969,15.32504653930664,100.19346907686129,1.0,BULL,-0.08855211758438608
2020-09-30,268.7969970703125,15.628296852111816,102.17608627548864,1.0,BULL,-0.08230942449010681
2020-10-01,273.0635070800781,16.360164642333984,106.96095740915197,1.0,BULL,-0.06774327952213921
2020-10-02,265.3818664550781,15.011046409606934,98.14057075746595,1.0,BULL,-0.09396890437230232
2020-10-05,271.0414733886719,15.957818984985352,104.33046574477929,1.0,BULL,-0.07464663514810099
2020-10-06,266.2042236328125,15.100589752197266,98.72599528481418,1.0,BULL,-0.09116132303793079
2020-10-07,270.80926513671875,15.894537925720217,103.91674113791625,1.0,BULL,-0.0754394093483175
2020-10-08,272.2508239746094,16.128543853759766,105.44664616330704,1.0,BULL,-0.0705178329393773
2020-10-09,276.4108581542969,16.846086502075195,110.13786109442815,1.0,BULL,-0.05631520343790397
2020-10-12,284.9437255859375,18.417272567749023,120.41010281854419,1.0,BULL,-0.02718343444703397
2020-10-13,284.9340515136719,18.419662475585938,120.42572777317909,1.0,BULL,-0.027216462364167526
2020-10-14,282.5541687011719,17.96478271484375,117.45177391765792,1.0,BULL,-0.03534153835702891
2020-10-15,280.6579895019531,17.59347915649414,115.02423208304022,1.0,BULL,-0.041815218493216455
2020-10-16,279.1196594238281,17.323654174804688,113.26014602367808,1.0,BULL,-0.047067178262504394
2020-10-19,274.56298828125,16.46284294128418,107.63225683681405,1.0,BULL,-0.06262395236645024
2020-10-20,275.1531066894531,16.5690975189209,108.32693758126817,1.0,BULL,-0.06060924942130819
2020-10-21,274.9403381347656,16.526119232177734,108.04595026858803,1.0,BULL,-0.061335655220218555
2020-10-22,274.9306030273437,16.53447914123535,108.10060643472113,1.0,BULL,-0.06136889151537839
2020-10-23,275.472412109375,16.631181716918945,108.73283724077814,1.0,BULL,-0.05951911977787738
2020-10-26,271.3414001464844,15.873048782348633,103.77624748157618,1.0,BULL,-0.07362266552795016
2020-10-27,273.4601135253906,16.247936248779297,106.22722051312842,1.0,BULL,-0.06638923910867967
2020-10-28,262.7987670898437,14.341261863708496,93.76159304829477,1.0,BULL,-0.10278777500299308
2020-10-29,267.39422607421875,15.070741653442385,98.53085169735884,1.0,BULL,-0.08709857666347398
2020-10-30,260.6123962402344,14.022488594055176,91.6774884647543,1.0,BULL,-0.11025218846417162
2020-11-02,261.1928405761719,14.027262687683104,91.70870096391722,1.0,BULL,-0.10827051343616301
2020-11-03,265.7107849121094,14.732864379882812,96.32184723702414,1.0,BULL,-0.09284595518976413
2020-11-04,277.5718078613281,16.72430992126465,109.34169920007872,1.0,BULL,-0.05235164500386069
2020-11-05,284.808349609375,18.01492691040039,117.7796111541715,1.0,BULL,-0.02764561690887657
2020-11-06,285.02105712890625,18.07581901550293,118.17771704141747,1.0,BULL,-0.026919419487992258
2020-11-09,279.19708251953125,16.972639083862305,110.96524795797612,1.0,BULL,-0.04680285073642354
2020-11-10,274.19537353515625,16.056913375854492,104.97833397550681,1.0,BULL,-0.06387901321752243
2020-11-11,280.3290710449219,17.136211395263672,112.03466574291976,1.0,BULL,-0.042938167675754646
2020-11-12,279.01324462890625,16.885486602783203,110.3954546202806,1.0,BULL,-0.04743048535097272
2020-11-13,281.4609069824219,17.328428268432617,113.29135852284101,1.0,BULL,-0.03907400556015084
2020-11-16,283.65704345703125,17.727195739746094,115.89845640038602,1.0,BULL,-0.03157625161479949
2020-11-17,282.7573547363281,17.563629150390625,114.82907602554924,1.0,BULL,-0.03464784790821285
2020-11-18,280.6676330566406,17.1564998626709,112.16730951183551,1.0,BULL,-0.041782294765095984
2020-11-19,282.8637390136719,17.581541061401367,114.94618213007945,1.0,BULL,-0.03428464500875761
2020-11-20,280.9288635253906,17.22456169128418,112.61229026298616,1.0,BULL,-0.040890436813479036
2020-11-23,280.9385070800781,17.228137969970703,112.63567157977822,1.0,BULL,-0.040857513085358566
2020-11-24,284.8856506347656,17.932546615600586,117.2410178456033,1.0,BULL,-0.02738170613884794
2020-11-25,286.6368713378906,18.270421981811523,119.45000983590236,1.0,BULL,-0.021402923814597297
2020-11-27,289.2779846191406,18.769479751586918,122.7127946565102,1.0,BULL,-0.012385989870118963
2020-11-30,289.8681335449219,18.866186141967773,123.34505040263842,1.0,BULL,-0.010371182735963935
2020-12-01,293.5831298828125,19.607606887817383,128.19237770971668,1.0,BULL,0.0
2020-12-02,293.9604187011719,19.6864013671875,128.70752735131472,1.0,BULL,0.0
2020-12-03,294.3763732910156,19.76639747619629,129.23053311535492,1.0,BULL,0.0
2020-12-04,295.5761108398437,20.008758544921875,130.81506313178974,1.0,BULL,0.0
2020-12-07,297.24969482421875,20.34783172607422,133.03188630445968,1.0,BULL,0.0
2020-12-08,298.25592041015625,20.53407859802246,134.24954787288274,1.0,BULL,0.0
2020-12-09,291.5030822753906,19.158693313598636,125.25743012562248,1.0,BULL,-0.02264108663955189
2020-12-10,292.6736755371094,19.39389419555664,126.7951476283307,1.0,BULL,-0.01871629191926949
2020-12-11,292.0255432128906,19.257789611816406,125.9053108263856,1.0,BULL,-0.020889366382728314
2020-12-14,294.14422607421875,19.66849136352539,128.59043371682014,1.0,BULL,-0.01378579285294046
2020-12-15,297.2884826660156,20.27977561950684,132.5869429634159,1.0,BULL,-0.0032436497582687407
2020-12-16,298.92352294921875,20.620040893554688,134.81155990834986,1.0,BULL,0.0
2020-12-17,300.877685546875,21.04268455505371,137.57475769181642,1.0,BULL,0.0
2020-12-18,299.9683532714844,20.813453674316406,136.07607140060637,1.0,BULL,-0.0030222655885491223
2020-12-21,299.4070739746094,20.735849380493164,135.5687030612367,1.0,BULL,-0.004887738914877149
2020-12-22,300.22125244140625,20.899417877197266,136.6380959061091,1.0,BULL,-0.002181727449397264
2020-12-23,298.7092590332031,20.584228515625,134.5774225195032,1.0,BULL,-0.0072070034363982405
2020-12-24,300.02740478515625,20.851659774780277,136.32585868415921,1.0,BULL,-0.0028260014037707615
2020-12-28,303.0513916015625,21.477270126342773,140.41603036831498,1.0,BULL,0.0
2020-12-29,303.3226013183594,21.54054450988769,140.8297113300533,1.0,BULL,0.0
2020-12-30,303.3324584960937,21.536964416503903,140.80630507319,1.0,BULL,0.0
2020-12-31,304.07867431640625,21.705307006835938,141.90691041722536,1.0,BULL,0.0
2021-01-04,299.7850646972656,20.756147384643555,135.70140918033056,1.0,BULL,-0.014120061621529345
2021-01-05,302.2565612792969,21.276691436767575,139.10466895222498,1.0,BULL,-0.005992242110386847
2021-01-06,298.069580078125,20.39678001403809,133.35190482863803,1.0,BULL,-0.019761643106969595
2021-01-07,305.280517578125,21.870065689086918,142.9840845643262,1.0,BULL,0.0
2021-01-08,309.2057800292969,22.717742919921875,148.52610508589416,1.0,BULL,0.0
2021-01-11,304.7378234863281,21.713666915893555,141.96156658335846,1.0,BULL,-0.014449783385502735
2021-01-12,304.253173828125,21.619346618652344,141.34491085179388,1.0,BULL,-0.016017185062655148
2021-01-13,306.3078918457031,22.03960227966309,144.09249615066116,1.0,BULL,-0.009372037558027513
2021-01-14,304.6699523925781,21.7041130065918,141.89910417492575,1.0,BULL,-0.014669284760100543
2021-01-15,302.2565612792969,21.176403045654297,138.44899447919784,1.0,BULL,-0.02247441412428175
2021-01-19,306.6664123535156,22.094520568847656,144.45154588633767,1.0,BULL,-0.008212549181780049
2021-01-20,313.7998046875,23.634666442871094,154.52085025073436,1.0,BULL,0.0
2021-01-21,316.31011962890625,24.22207260131836,158.36124712137294,1.0,BULL,0.0
2021-01-22,315.3990173339844,24.00239372253418,156.92501076856,1.0,BULL,-0.002880408303062798
2021-01-25,318.0061950683594,24.668590545654297,161.28053234072541,1.0,BULL,0.0
2021-01-26,318.47137451171875,24.694862365722656,161.4522946113887,1.0,BULL,0.0
2021-01-27,309.59344482421875,22.703418731689453,148.43245511836975,1.0,BULL,-0.02787669598597886
2021-01-28,311.42529296875,23.0377140045166,150.61804085180552,1.0,BULL,-0.022124693479191992
2021-01-29,304.8734130859375,21.602632522583008,141.23563592963455,1.0,BULL,-0.04269759392544992
2021-02-01,312.4914855957031,23.190534591674805,151.61716504594554,1.0,BULL,-0.01877684901879806
2021-02-02,317.5894775390625,24.31280517578125,158.95444671593177,1.0,BULL,-0.002769156173010434
2021-02-03,316.3294677734375,24.03343391418457,157.12794812827937,1.0,BULL,-0.006725586378258375
2021-02-04,320.0705871582031,24.883501052856445,162.68559360448228,1.0,BULL,0.0
2021-02-05,321.1561279296875,25.143770217895508,164.38720478537607,1.0,BULL,0.0
2021-02-08,323.3077697753906,25.635662078857425,167.60313968215044,1.0,BULL,0.0
2021-02-09,323.2398681640625,25.623722076416016,167.52507725915402,1.0,BULL,-0.0002100215883314993
2021-02-10,322.5032958984375,25.442249298095703,166.3386281898939,1.0,BULL,-0.002488260265170905
2021-02-11,324.2769470214844,25.85294914245605,169.0237386102928,1.0,BULL,0.0
2021-02-12,326.08935546875,26.292314529418945,171.89626119606118,1.0,BULL,0.0
2021-02-16,325.2073974609375,26.07263565063477,170.46002484324828,1.0,BULL,-0.0027046513264583627
2021-02-17,323.64697265625,25.709680557250977,168.0870643545499,1.0,BULL,-0.007489918856716793
2021-02-18,322.2319030761719,25.363449096679688,165.823441138189,1.0,BULL,-0.011829433644140463
2021-02-19,320.8265380859375,25.02915382385254,163.63785540475322,1.0,BULL,-0.016139187908318142
2021-02-22,312.5108337402344,23.090242385864254,150.9614656328471,1.0,BULL,-0.041640493627878916
2021-02-23,311.5803527832031,22.8848934173584,149.6189166576655,1.0,BULL,-0.044493947570568015
2021-02-24,314.14874267578125,23.43647575378418,153.22510131924366,1.0,BULL,-0.03661760984440676
2021-02-25,303.1967163085937,20.98895835876465,137.2235017284039,1.0,BULL,-0.07020357695285206
2021-02-26,304.46636962890625,21.30415344238281,139.2842125251167,1.0,BULL,-0.06631000208136495
2021-03-01,313.6253662109375,23.161874771118164,151.42979029068297,1.0,BULL,-0.0382226191955749
2021-03-02,308.5952453613281,22.05154037475586,144.17054610362192,1.0,BULL,-0.053648209651843026
2021-03-03,299.6396789550781,20.13889503479004,131.66588119227225,1.0,BULL,-0.0811117445880769
2021-03-04,294.7355651855469,19.143171310424805,125.15594897572716,1.0,BULL,-0.09615091617490057
2021-03-05,299.1744384765625,20.00040054321289,130.76041943569226,1.0,BULL,-0.08253847155942151
2021-03-08,290.70361328125,18.290721893310547,119.58272842503185,1.0,BULL,-0.10851547771816528
2021-03-09,302.1693115234375,20.44453430175781,133.66411711051666,1.0,BULL,-0.07335426178179805
2021-03-10,301.3067932128906,20.270225524902344,132.5245054950544,1.0,BULL,-0.07599929847521303
2021-03-11,308.24627685546875,21.67665672302246,141.71959801214092,1.0,BULL,-0.05471837186354034
2021-03-12,305.7456970214844,21.136999130249023,138.19137601327412,1.0,BULL,-0.062386760273182906
2021-03-15,309.0119323730469,21.81275749206543,142.60940987401474,1.0,BULL,-0.05237037888328033
2021-03-16,310.7080383300781,22.170934677124023,144.95113292347892,1.0,BULL,-0.047169025546882404
2021-03-17,311.9874267578125,22.450305938720703,146.77763151113132,1.0,BULL,-0.04324559656559823
2021-03-18,302.4310302734375,20.389617919921875,133.3050798448758,1.0,BULL,-0.07255166351966291
2021-03-19,303.49713134765625,20.649890899658203,135.0067159658408,1.0,BULL,-0.06928231094393644
2021-03-22,309.1887512207031,21.750675201416016,142.20352268454042,1.0,BULL,-0.05182813840627343
2021-03-23,307.8397827148437,21.466524124145508,140.34577418761822,1.0,BULL,-0.05596494472403968
2021-03-24,302.64813232421875,20.3824520111084,133.25822992104233,1.0,BULL,-0.07188588879521918
2021-03-25,302.1240539550781,20.272613525390625,132.54011797965367,1.0,BULL,-0.07349305063706235
2021-03-26,306.6559143066406,21.168048858642575,138.39437572317158,1.0,BULL,-0.05959544780041659
2021-03-29,306.56854248046875,21.156105041503903,138.31628836010395,1.0,BULL,-0.059863386096183024
2021-03-30,305.025634765625,20.85524177551269,136.34927741105807,1.0,BULL,-0.06459493494611657
2021-03-31,309.6933898925781,21.791269302368164,142.4689224526925,1.0,BULL,-0.050280591197473634
2021-04-01,314.97247314453125,22.899219512939453,149.71257909522552,1.0,BULL,-0.03409152165742535
2021-04-05,321.2608947753906,24.27460479736328,158.70469684248582,1.0,BULL,-0.014807170526675129
2021-04-06,321.0377197265625,24.2172966003418,158.33002215217442,1.0,BULL,-0.015491568974785541
2021-04-07,321.8140563964844,24.396385192871094,159.50088367690648,1.0,BULL,-0.013110820701644599
2021-04-08,325.1717529296875,25.158100128173828,164.48089216300735,1.0,BULL,-0.0028139604181297573
2021-04-09,327.1417236328125,25.61417007446289,167.46262732075692,1.0,BULL,0.0
2021-04-12,326.71466064453125,25.51388359069824,166.80696531776536,1.0,BULL,-0.0013054372384507795
2021-04-13,330.5285339355469,26.387828826904297,172.52072316992542,1.0,BULL,0.0
2021-04-14,326.5595092773437,25.461349487304688,166.4635031266169,1.0,BULL,-0.012008115036074796
2021-04-15,331.5086364746094,26.58601188659668,173.81642222127363,1.0,BULL,0.0
2021-04-16,331.89678955078125,26.6982421875,174.55017158733278,1.0,BULL,0.0
2021-04-19,328.8593444824219,25.96995735168457,169.78872541558619,1.0,BULL,-0.009151775985753008
2021-04-20,326.4623413085937,25.40165328979492,166.07321595170617,1.0,BULL,-0.01637391024343149
2021-04-21,329.2572326660156,26.043981552124023,170.27268749809255,1.0,BULL,-0.007952944915008753
2021-04-22,325.2882385253906,25.09601593017578,164.07499250349738,1.0,BULL,-0.019911464146234237
2021-04-23,329.3833312988281,26.041593551635746,170.25707501349328,1.0,BULL,-0.007573011644237515
2021-04-26,331.52801513671875,26.55735969543457,173.62909734615354,1.0,BULL,-0.0011111117241044965
2021-04-27,330.0918884277344,26.208740234375,171.34986164519333,1.0,BULL,-0.005438139746665738
2021-04-28,328.975830078125,25.93891716003418,169.58578805586683,1.0,BULL,-0.008800806650193116
2021-04-29,330.1596984863281,26.199190139770508,171.28742417683185,1.0,BULL,-0.0052338290671755106
2021-04-30,327.99566650390625,25.707300186157227,168.07150175009312,1.0,BULL,-0.011754024653733874
2021-05-03,326.2488708496094,25.287038803100582,165.32387904111894,1.0,BULL,-0.017017093503122638
2021-05-04,320.3778686523437,23.954633712768555,156.61276107657446,1.0,BULL,-0.034706334201148215
2021-05-05,319.3006591796875,23.67526054382324,154.78625001888642,1.0,BULL,-0.0379519500268215
2021-05-06,321.707275390625,24.193418502807617,158.17390977621724,1.0,BULL,-0.030700851833932008
2021-05-07,324.3178100585937,24.785594940185547,162.0454942059475,1.0,BULL,-0.022835350418561218
2021-05-10,316.1273193359375,22.923099517822266,149.8687039412183,1.0,BULL,-0.04751317491256113
2021-05-11,315.6905822753906,22.80847930908203,149.11932962052424,1.0,BULL,-0.04882905706115914
2021-05-12,307.5196533203125,21.072532653808597,137.76990127927178,1.0,BULL,-0.07344794224572926
2021-05-13,309.8971862792969,21.51666831970215,140.6736114241318,1.0,BULL,-0.06628447145047889
2021-05-14,316.7386779785156,22.91593170166016,149.82184154734927,1.0,BULL,-0.04567116058212539
2021-05-17,314.8172302246094,22.529102325439453,147.29279362276498,1.0,BULL,-0.051460453562352515
2021-05-18,312.69195556640625,22.056320190429688,144.20179601289172,1.0,BULL,-0.05786387391805914
2021-05-19,313.0510559082031,22.13749885559082,144.73253319901778,1.0,BULL,-0.05678191002716726
2021-05-20,319.1065368652344,23.417375564575195,153.1002263825207,1.0,BULL,-0.03853683762008764
2021-05-21,317.34039306640625,23.03054618835449,150.5711784579364,1.0,BULL,-0.04385820213590175
2021-05-24,322.677734375,24.18386459350586,158.1114473677845,1.0,BULL,-0.027776873612604502
2021-05-25,323.12420654296875,24.30086898803711,158.87640923300663,1.0,BULL,-0.02643165973279249
2021-05-26,324.24981689453125,24.546817779541016,160.48439538644723,1.0,BULL,-0.02304021279205526
2021-05-27,323.0367736816406,24.260278701782227,158.61103440492576,1.0,BULL,-0.026695093619714005
2021-05-28,324.0556640625,24.49667358398437,160.15655814993363,1.0,BULL,-0.023625192334322143
2021-06-01,322.978515625,24.257884979248047,158.59538451021962,1.0,BULL,-0.02687062426199438
2021-06-02,323.6093444824219,24.38444328308105,159.42280878387444,1.0,BULL,-0.024969946469130755
2021-06-03,320.2419738769531,23.61795234680176,154.41157532857505,1.0,BULL,-0.0351157831011345
2021-06-04,325.6763610839844,24.82857894897461,162.32651892873452,1.0,BULL,-0.018742056755704617
2021-06-07,326.64678955078125,25.04825592041016,163.76274281151186,1.0,BULL,-0.015818170483377747
2021-06-08,326.8020324707031,25.076908111572266,163.9500676866319,1.0,BULL,-0.015350425916966004
2021-06-09,326.8797607421875,25.105567932128903,164.13744244189445,1.0,BULL,-0.015116231812257741
2021-06-10,330.285888671875,25.87444496154785,169.16427591175756,1.0,BULL,-0.004853619949402255
2021-06-11,331.1495361328125,26.079797744750977,170.50684982701046,1.0,BULL,-0.002251463230422135
2021-06-14,334.3228759765625,26.81047248840332,175.28392095339197,1.0,BULL,0.0
2021-06-15,332.1394348144531,26.31380653381348,172.03677355745472,1.0,BULL,-0.006530935568592189
2021-06-16,330.9264221191406,26.032041549682617,170.19462507509616,1.0,BULL,-0.010159202679448032
2021-06-17,335.1282958984375,27.003881454467773,176.54840750557725,1.0,BULL,0.0
2021-06-18,332.4984741210937,26.35917091369629,172.33336088469846,1.0,BULL,-0.007847208992883048
2021-06-21,334.5649108886719,26.84151077270508,175.48684584307574,1.0,BULL,-0.0016811024812311004
2021-06-22,337.68365478515625,27.591289520263672,180.38881684625144,1.0,BULL,0.0
2021-06-23,337.8487854003906,27.63904571533203,180.70104159816574,1.0,BULL,0.0
2021-06-24,339.93768310546875,28.14765167236328,184.02625141709942,1.0,BULL,0.0
2021-06-25,339.51983642578125,28.059303283691406,183.44863936706864,1.0,BULL,-0.0012291861139673843
2021-06-28,343.6489562988281,29.052637100219727,189.94294662897886,1.0,BULL,0.0
2021-06-29,344.89263916015625,29.3797664642334,192.08168243858117,1.0,BULL,0.0
2021-06-30,344.3485412597656,29.250825881958008,191.2386830904339,1.0,BULL,-0.0015775862938552931
2021-07-01,344.4845275878906,29.26515007019043,191.33233305795832,1.0,BULL,-0.001183300325746095
2021-07-02,348.4388122558594,30.258485794067383,197.82665278990416,1.0,BULL,0.0
2021-07-06,349.9447326660156,30.664411544799805,200.48055071114013,1.0,BULL,0.0
2021-07-07,350.6830749511719,30.860218048095703,201.76071209810277,1.0,BULL,0.0
2021-07-08,348.5650939941406,30.325345993041992,198.26377741861268,1.0,BULL,-0.006039587046868911
2021-07-09,350.7414245605469,30.838727951049805,201.6202122067449,1.0,BULL,0.0
2021-07-12,352.1112670898437,31.225557327270508,204.14926013132916,1.0,BULL,0.0
2021-07-13,352.1112670898437,31.20884132385254,204.0399727391342,1.0,BULL,0.0
2021-07-14,352.7427673339844,31.37837600708008,205.1483718554336,1.0,BULL,0.0
2021-07-15,350.2652282714844,30.7288875579834,200.90208779532063,1.0,BULL,-0.007023642415761366
2021-07-16,347.4283142089844,29.974334716796875,195.96890429298196,1.0,BULL,-0.015066086727068662
2021-07-19,344.5816650390625,29.25560188293457,191.26990805963246,1.0,BULL,-0.023136129357387403
2021-07-20,348.5845642089844,30.220277786254883,197.5768530363157,1.0,BULL,-0.0117882023674859
2021-07-21,351.27569580078125,30.910356521606445,202.0885119245095,1.0,BULL,-0.004159040720497775
2021-07-22,353.5977478027344,31.559850692749023,206.33483339472932,1.0,BULL,0.0
2021-07-23,357.7268371582031,32.60810470581055,213.18820286235163,1.0,BULL,0.0
2021-07-26,358.008544921875,32.74421310424805,214.07806460436797,1.0,BULL,0.0
2021-07-27,354.0640869140625,31.674467086791992,207.08418277535213,1.0,BULL,-0.011017776150212488
2021-07-28,355.4241943359375,32.02070236206055,209.3478309317843,1.0,BULL,-0.007218684086161886
2021-07-29,356.0557861328125,32.17829132080078,210.3781302149804,1.0,BULL,-0.0054545032982065145
2021-07-30,354.2001342773437,31.695959091186523,207.22469513674565,1.0,BULL,-0.010637764652691173
2021-08-02,354.2292785644531,31.686403274536133,207.16222025827727,1.0,BULL,-0.010556357972535513
2021-08-03,356.3763427734375,32.23799133300781,210.76844232996234,1.0,BULL,-0.004559115059093566
2021-08-04,356.8913269042969,32.397979736328125,211.81442891797144,1.0,BULL,-0.0031206462343571495
2021-08-05,359.1549987792969,33.006874084472656,215.7953132099323,1.0,BULL,0.0
2021-08-06,357.58111572265625,32.57706069946289,212.98524056256105,1.0,BULL,-0.004382183352563573
2021-08-09,358.24176025390625,32.75136947631836,214.12485217802333,1.0,BULL,-0.0025427420709569493
2021-08-10,356.40545654296875,32.26186752319336,210.92454223588388,1.0,BULL,-0.007655586712347895
2021-08-11,355.7934875488281,32.08755874633789,209.7849306204216,1.0,BULL,-0.00935950005399877
2021-08-12,357.07586669921875,32.421852111816406,211.97050388382172,1.0,BULL,-0.005788954872254948
2021-08-13,358.3292541503906,32.7465934753418,214.09362720882476,1.0,BULL,-0.002299131661017695
2021-08-16,358.4846496582031,32.80391311645508,214.46837671934992,1.0,BULL,-0.001866461899102445
2021-08-17,355.32720947265625,31.9419059753418,208.83266882015064,1.0,BULL,-0.010657764251230217
2021-08-18,351.90728759765625,31.01304244995117,202.75986123231402,1.0,BULL,-0.020179897833175864
2021-08-19,353.6074523925781,31.454782485961918,205.64790901243236,1.0,BULL,-0.015446106571184726
2021-08-20,357.2702941894531,32.42662811279297,212.0017288530203,1.0,BULL,-0.005247607846889268
2021-08-23,362.6138000488281,33.87126159667969,221.44658371358835,1.0,BULL,0.0
2021-08-24,363.7213134765625,34.20555877685547,223.63218191705977,1.0,BULL,0.0
2021-08-25,364.1390686035156,34.24375534057617,223.88190685043446,1.0,BULL,0.0
2021-08-26,361.8267517089844,33.66352081298828,220.08839731373618,1.0,BULL,-0.006350092846117983
2021-08-27,365.3439331054688,34.647308349609375,226.52029204735615,1.0,BULL,0.0
2021-08-30,369.4439392089844,35.79584884643555,234.02932351797003,1.0,BULL,0.0
2021-08-31,369.1427001953125,35.6955680847168,233.37369892508536,1.0,BULL,-0.0008153849114884704
2021-09-01,369.7547607421875,35.891361236572266,234.65377302179866,1.0,BULL,0.0
2021-09-02,369.5798645019531,35.841217041015625,234.32593578528505,1.0,BULL,-0.00047300605375122373
2021-09-03,370.716552734375,36.16357421875,236.43347156576007,1.0,BULL,0.0
2021-09-07,371.24114990234375,36.311614990234375,237.4013458506303,1.0,BULL,0.0
2021-09-08,369.9490661621094,35.93911361694336,234.9659728336417,1.0,BULL,-0.003480443212112272
2021-09-09,368.6763610839844,35.554683685302734,232.45261221387045,1.0,BULL,-0.006908686763399063
2021-09-10,365.8782043457031,34.7547607421875,227.22280397418115,1.0,BULL,-0.014445988969841728
2021-09-13,365.6256408691406,34.67594909667969,226.7075421022625,1.0,BULL,-0.015126310848569191
2021-09-14,364.5860595703125,34.377479553222656,224.75618104792275,1.0,BULL,-0.017926596590334576
2021-09-15,367.2966613769531,35.139190673828125,229.7361645939524,1.0,BULL,-0.010625138205794915
2021-09-16,367.5492858886719,35.20844268798828,230.18892664733144,1.0,BULL,-0.009944651918686875
2021-09-17,363.1966857910156,33.964385986328125,222.0554207328177,1.0,BULL,-0.02166910676104805
2021-09-20,355.69189453125,31.87504005432129,208.39550678133523,1.0,BULL,-0.041884514621248314
2021-09-21,356.12957763671875,31.915637969970703,208.66093148955858,1.0,BULL,-0.04070554212430422
2021-09-22,359.4559936523437,32.84927749633789,214.7649640465937,1.0,BULL,-0.03174528538417731
2021-09-23,362.7727355957031,33.76142120361328,220.72845930216408,1.0,BULL,-0.0228110873723677
2021-09-24,363.1130676269531,33.856929779052734,221.35288386592146,1.0,BULL,-0.021894346242405383
2021-09-27,360.2146301269531,33.04030227661133,216.01386305425092,1.0,BULL,-0.029701771418096268
2021-09-28,350.0214538574219,30.284751892089844,197.99837765046058,1.0,BULL,-0.05715879301231497
2021-09-29,349.44757080078125,30.084177017211918,196.68704117444187,1.0,BULL,-0.058704642810462615
2021-09-30,348.16363525390625,29.74510383605957,194.4702180017719,1.0,BULL,-0.062163137503771115
2021-10-01,350.3228759765625,30.28713798522949,198.0139776650242,1.0,BULL,-0.05634686222495511
2021-10-04,342.9698486328125,28.424640655517575,185.83717493025938,1.0,BULL,-0.07615346864691086
2021-10-05,347.5995788574219,29.51826286315918,192.98715666519678,1.0,BULL,-0.06368251755264975
2021-10-06,349.8269348144531,30.100889205932617,196.79630362656556,1.0,BULL,-0.0576827625211368
2021-10-07,353.0365905761719,30.915136337280277,202.11976183377934,1.0,BULL,-0.049037019013007166
2021-10-08,351.2761535644531,30.43996238708496,199.01312679923552,1.0,BULL,-0.0537790499332913
2021-10-11,348.5819091796875,29.764205932617188,194.59510540853051,1.0,BULL,-0.06103644687184284
2021-10-12,347.3661804199219,29.46095466613769,192.61248197488533,1.0,BULL,-0.06431121519988359
2021-10-13,350.1478576660156,30.151031494140625,197.12412839304352,1.0,BULL,-0.056818303256190195
2021-10-14,356.59637451171875,31.81534767150879,208.0052445464958,1.0,BULL,-0.03944814682983655
2021-10-15,358.84326171875,32.405147552490234,211.86129131184052,1.0,BULL,-0.03339578111654662
2021-10-18,362.4516296386719,33.37698745727539,218.2150737423216,1.0,BULL,-0.023676039862455922
2021-10-19,365.1944885253906,34.110042572021484,223.00770747315988,1.0,BULL,-0.016287691648794067
2021-10-20,364.7179870605469,34.002586364746094,222.30517060626366,1.0,BULL,-0.0175712278757697
2021-10-21,366.9452209472656,34.61149215698242,226.28612971843822,1.0,BULL,-0.0115718016610179
2021-10-22,363.862060546875,33.735145568847656,220.55667209142953,1.0,BULL,-0.01987680880045184
2021-10-25,367.5871887207031,34.747596740722656,227.17596652038333,1.0,BULL,-0.00984255431436365
2021-10-26,368.74462890625,35.07233428955078,229.2990649053151,1.0,BULL,-0.0067247959897507315
2021-10-27,369.6005554199219,35.34932327270508,231.10998841847507,1.0,BULL,-0.0044192150650687045
2021-10-28,373.7050476074219,36.509803771972656,238.69708231208534,1.0,BULL,0.0
2021-10-29,375.5433349609375,37.0494499206543,242.2252294907384,1.0,BULL,0.0
2021-11-01,376.8271789550781,37.414794921875,244.61381493407163,1.0,BULL,0.0
2021-11-02,378.4028015136719,37.913848876953125,247.8765748146082,1.0,BULL,0.0
2021-11-03,382.4197998046875,39.11730194091797,255.74461861079175,1.0,BULL,0.0
2021-11-04,387.3219299316406,40.57626724243164,265.28317331902673,1.0,BULL,0.0
2021-11-05,387.6915588378906,40.72670364379883,266.26670996863874,1.0,BULL,0.0
2021-11-08,387.1663513183594,40.55955123901367,265.17388592683176,1.0,BULL,-0.001354704552004038
2021-11-09,384.5012512207031,39.72381210327149,259.7099153582246,1.0,BULL,-0.008228983955055558
2021-11-10,378.8502807617188,37.98308944702149,248.32926204777357,1.0,BULL,-0.02280492797592404
2021-11-11,379.9007263183594,38.29112243652344,250.34314786072412,1.0,BULL,-0.02009544015578868
2021-11-12,383.8982543945313,39.50651931762695,258.28927901997525,1.0,BULL,-0.009784335915720699
2021-11-15,383.8106689453125,39.49458312988281,258.2112415370501,1.0,BULL,-0.010010251201267195
2021-11-16,386.5438232421875,40.31122589111328,263.5503621090056,1.0,BULL,-0.002960434834184844
2021-11-17,386.7480163574219,40.358985900878906,263.8626118009912,1.0,BULL,-0.002433745225965289
2021-11-18,390.75531005859375,41.59347534179688,271.9335680168229,1.0,BULL,0.0
2021-11-19,392.9339294433594,42.297889709472656,276.5389516927548,1.0,BULL,0.0
2021-11-22,388.3723449707031,40.831764221191406,266.9535844707932,1.0,BULL,-0.011609036865608213
2021-11-23,386.6021423339844,40.27539825439453,263.316124959874,1.0,BULL,-0.016114126663342
2021-11-24,387.84716796875,40.64790344238281,265.7515229169338,1.0,BULL,-0.012945589814082559
2021-11-26,380.4940185546875,38.40573501586914,251.0924723012757,1.0,BULL,-0.03165903974313078
2021-11-29,388.7516479492188,40.79117584228516,266.688222112748,1.0,BULL,-0.010643727051174445
2021-11-30,383.0423583984375,39.03851318359375,255.22950637930055,1.0,BULL,-0.025173624122850735
2021-12-01,376.5257263183594,37.03512954711914,242.1316044632852,1.0,BULL,-0.0417581733098088
2021-12-02,379.2392578125,37.73237228393555,246.69010080527684,1.0,BULL,-0.03485235202330228
2021-12-03,372.6448669433594,35.836448669433594,234.294760696229,1.0,BULL,-0.051634793993845296
2021-12-06,375.630859375,36.674560546875,239.77424398915053,1.0,BULL,-0.044035571305515275
2021-12-07,386.9425659179688,39.981693267822266,261.39591405451904,1.0,BULL,-0.015247763240700762
2021-12-08,388.673828125,40.53806686401367,265.03342344558075,1.0,BULL,-0.010841775166614775
2021-12-09,382.9548950195313,38.78778839111328,253.5902952566614,1.0,BULL,-0.025396214671419726
2021-12-10,387.1175537109375,39.988861083984375,261.44277644838814,1.0,BULL,-0.014802426811707292
2021-12-13,381.5250854492188,38.26963424682617,250.20266043940185,1.0,BULL,-0.029035018712440075
2021-12-14,377.57611083984375,37.130638122558594,242.7560290270426,1.0,BULL,-0.03908498974693253
2021-12-15,386.1838684082031,39.58770751953125,258.82007855627944,1.0,BULL,-0.01717861586735092
2021-12-16,376.25335693359375,36.567115783691406,239.07178194246802,1.0,BULL,-0.042451341713849344
2021-12-17,374.3761596679688,36.008358001708984,235.41868500687826,1.0,BULL,-0.0472287282538314
2021-12-20,370.74456787109375,34.931453704833984,228.37800313417148,1.0,BULL,-0.05647097364103848
2021-12-21,379.0419616699219,37.26674270629883,243.64586582898767,1.0,BULL,-0.03535446224538874
2021-12-22,383.65814208984375,38.59676361083984,252.3413962490041,1.0,BULL,-0.023606481035261973
2021-12-23,386.5505676269531,39.5136833190918,258.3361164737731,1.0,BULL,-0.016245382081025883
2021-12-27,392.939208984375,41.4024543762207,270.6846939492369,1.0,BULL,0.0
2021-12-28,391.1180114746094,40.91533660888672,267.49997155162544,1.0,BULL,-0.004634807288569798
2021-12-29,391.0595397949219,40.850868225097656,267.07848434758745,1.0,BULL,-0.004783613206509663
2021-12-30,389.8909606933594,40.46882247924805,264.5807112723442,1.0,BULL,-0.007757556948552957
2021-12-31,387.4562683105469,39.71664810180664,259.6630779044267,1.0,BULL,-0.0139536614022302
2022-01-03,391.186279296875,40.86281204223633,267.15657171065504,1.0,BULL,-0.004461070942833101
2022-01-04,386.1123046875,39.27490615844727,256.77501765427286,1.0,BULL,-0.01737394523320901
2022-01-05,374.2505187988281,35.66212844848633,233.15507426055296,1.0,BULL,-0.04756127604025895
2022-01-06,373.9875793457031,35.56422805786133,232.5150122721251,1.0,BULL,-0.04823043668168392
2022-01-07,369.9361877441406,34.4013671875,224.91235577405803,1.0,BULL,-0.058540916035561774
2022-01-10,370.1797180175781,34.52791213989258,225.7396927574635,1.0,BULL,-0.05792115026042588
2022-01-11,375.7405090332031,36.04656982421875,235.66850970053795,1.0,BULL,-0.04376936573885093
2022-01-12,377.2305603027344,36.45727157592773,238.35363259097244,1.0,BULL,-0.03997730010767464
2022-01-13,367.7937316894531,33.81156921386719,221.0563214787489,1.0,BULL,-0.0639933015590759
2022-01-14,370.0823059082031,34.322566986083984,224.39716872235311,1.0,BULL,-0.058169056570480215
2022-01-18,360.8695068359375,31.848777770996094,208.22380686085006,1.0,BULL,-0.081614920107687
2022-01-19,356.90582275390625,30.74082946777344,200.98016268835266,1.0,BULL,-0.09170219058465501
2022-01-20,352.2701416015625,29.551692962646484,193.20571897955102,1.0,BULL,-0.10349964180955451
2022-01-21,342.5021667480469,27.063575744628903,176.93868221045227,1.0,BULL,-0.1283583849183494
2022-01-24,344.0701904296875,27.455183029174805,179.49896757427075,1.0,BULL,-0.12436788550829181
2022-01-25,336.0940856933594,25.430309295654297,166.2605657668975,1.0,BULL,-0.14466645728213912
2022-01-26,335.5682373046875,25.382551193237305,165.9483285449476,1.0,BULL,-0.14600470090010498
2022-01-27,332.1889038085937,24.62322425842285,160.983932543446,1.0,BULL,-0.15460484417628328
2022-01-28,342.6092529296875,26.920312881469727,176.00204536481624,1.0,BULL,-0.12808585884003454
2022-01-31,353.5653991699219,29.52781105041504,193.04958166352264,1.0,BULL,-0.10020331113360281
2022-02-01,355.97088623046875,30.09133720397949,196.73385368816844,1.0,BULL,-0.09408153197401148
2022-02-02,358.86328125,30.802907943725582,201.3860249377557,1.0,BULL,-0.08672060958856875
2022-02-03,344.3135681152344,27.09701156616211,177.15728193491344,1.0,BULL,-0.12374850805757642
2022-02-04,348.6570739746094,28.033037185668945,183.2769145065122,1.0,BULL,-0.11269462043307177
2022-02-07,345.8523254394531,27.397872924804688,179.12428041392369,1.0,BULL,-0.11983248927137291
2022-02-08,349.7380065917969,28.32912826538086,185.21272542643078,1.0,BULL,-0.10994373023817028
2022-02-09,357.1493225097656,30.08656311035156,196.7026411890055,1.0,BULL,-0.09108250247440319
2022-02-10,349.06610107421875,28.09034538269043,183.65158919682364,1.0,BULL,-0.11165367799144943
2022-02-11,337.9931030273437,25.444637298583984,166.35424067449318,1.0,BULL,-0.13983360453910876
2022-02-14,338.411865234375,25.516271591186523,166.82257780236463,1.0,BULL,-0.13876788699945763
2022-02-15,346.82623291015625,27.364442825317383,178.90571809956944,1.0,BULL,-0.11735396982501789
2022-02-16,346.73858642578125,27.35967063903809,178.87451807044215,1.0,BULL,-0.11757702337215958
2022-02-17,336.4252624511719,24.933643341064453,163.01341837096024,1.0,BULL,-0.14382363795986153
2022-02-18,332.5881652832031,24.08835220336914,157.48699786395588,1.0,BULL,-0.15358875449757348
2022-02-22,329.2477111816406,23.343351364135746,152.61626430001436,1.0,BULL,-0.16208995271140536
2022-02-23,320.81396484375,21.557260513305664,140.93899872224827,1.0,EXIT_SIGNAL,-0.18355318708725
2022-02-24,331.5948181152344,23.66809463500977,154.6620303950055,0.0,CASH,-0.15611674647510154
2022-02-25,336.7368469238281,24.79037094116211,154.66376727410955,0.0,CASH,-0.1430306794931776
2022-02-28,337.73992919921875,25.05303192138672,154.66559623458033,0.0,CASH,-0.14047791241762086
2022-03-01,332.5686340332031,23.89733123779297,154.66736384131835,0.0,CASH,-0.15363846002339887
2022-03-02,338.14898681640625,25.038707733154297,154.66928490813925,0.0,CASH,-0.13943689231111434
2022-03-03,333.318603515625,23.992843627929688,154.67127965082778,0.0,CASH,-0.1517298454965862
2022-03-04,328.4881591796875,22.966073989868164,154.67333579685848,0.0,CASH,-0.1640229540118262
2022-03-07,316.373046875,20.40155601501465,154.67520783529199,0.0,CASH,-0.19485498102180887
2022-03-08,314.9025573730469,20.119792938232425,154.6770798963831,0.0,CASH,-0.19859726346227569
2022-03-09,326.2384948730469,22.27360725402832,154.67928956904083,0.0,CASH,-0.1697481762731915
2022-03-10,322.6156616210937,21.557260513305664,154.68156065387726,0.0,CASH,-0.17896800765962162
2022-03-11,315.9251403808594,20.220081329345703,154.68377039054582,0.0,CASH,-0.19599486852577763
2022-03-14,309.8578796386719,19.035720825195312,154.6860108499771,0.0,CASH,-0.21143557946391345
2022-03-15,319.5772399902344,20.797931671142575,154.6883311400857,0.0,CASH,-0.18670055651549355
2022-03-16,331.42926025390625,23.13322639465332,154.6910811549464,0.0,CASH,-0.15653807847135626
2022-03-17,335.44158935546875,23.906879425048828,154.69373914057664,0.0,CASH,-0.1463270101691293
2022-03-18,342.3074645996094,25.392105102539062,154.69594905122358,0.0,CASH,-0.12885388687892174
2022-03-21,341.35565185546875,25.21063041687012,154.6983001840166,0.0,CASH,-0.1312761769491867
2022-03-22,348.06427001953125,26.70063018798828,154.70109334785042,0.0,CASH,-0.11420326080675791
2022-03-23,343.0621643066406,25.573579788208008,154.7042855925167,0.0,CASH,-0.12693323429507308
2022-03-24,350.6872253417969,27.230728149414062,154.70723234074785,0.0,CASH,-0.10752804168305397
2022-03-25,350.3947448730469,27.187747955322266,154.710197562764,0.0,CASH,-0.10827238193228994
2022-03-28,355.816162109375,28.424640655517575,154.71338999529505,0.0,CASH,-0.09447529293640988
2022-03-29,361.9396667480469,29.881208419799805,154.71650882087545,0.0,CASH,-0.07889144561687356
2022-03-30,357.9418640136719,28.9833927154541,154.71991626783984,0.0,CASH,-0.08906554543426781
2022-03-31,353.50518798828125,27.78470039367676,154.72313959928238,0.0,CASH,-0.10035654394993665
2022-04-01,352.8324584960937,27.66530990600586,154.72616652420035,0.0,CASH,-0.10206858865508661
2022-04-04,360.0967712402344,29.39409065246582,154.72923648782188,0.0,CASH,-0.08358147263804006
2022-04-05,352.10107421875,27.45040702819824,154.73253983414378,0.0,CASH,-0.10392990526748092
2022-04-06,344.45654296875,25.645212173461918,154.73664147438004,0.0,CASH,-0.12338464807555738
2022-04-07,345.2755126953125,25.812360763549805,154.74071252165697,0.0,CASH,-0.12130043324578943
2022-04-08,340.4489440917969,24.75694274902344,154.744765254765,0.0,CASH,-0.13358367832074847
2022-04-11,332.3948059082031,22.9995059967041,154.7488672190719,0.0,CASH,-0.15408083920324522
2022-04-12,330.99072265625,22.703418731689453,154.75304298219953,0.0,CASH,-0.15765412285590552
2022-04-13,337.7186889648437,24.06447410583496,154.7575750354518,0.0,CASH,-0.14053196717695615
2022-04-14,329.9960632324219,22.44552993774414,154.76211950398363,0.0,CASH,-0.1601854544234501
2022-04-18,330.2495422363281,22.50761985778809,154.76671323689527,0.0,CASH,-0.15954036989609677
2022-04-19,337.6309509277344,23.954633712768555,154.77135009672685,0.0,CASH,-0.14075525371874997
2022-04-20,332.706787109375,22.87533950805664,154.7764661497147,0.0,CASH,-0.15328687109306804
2022-04-21,325.8227233886719,21.53338623046875,154.78134897880884,0.0,CASH,-0.1708062826542005
2022-04-22,317.290771484375,19.823701858520508,154.7862626725004,0.0,CASH,-0.1925194426270862
2022-04-25,321.3665771484375,20.55914878845215,154.7910536756931,0.0,CASH,-0.18214683136592646
2022-04-26,309.2366027832031,18.247737884521484,154.7959553922581,0.0,CASH,-0.21301668117446704
2022-04-27,308.8661499023437,18.166553497314453,154.80107225858768,0.0,CASH,-0.2139594552025843
2022-04-28,319.8357849121094,20.08636283874512,154.80603572171228,0.0,CASH,-0.18604257961737924
2022-04-29,305.4435119628906,17.445430755615234,154.81085805274805,0.0,CASH,-0.22266980494930344
2022-05-02,310.543212890625,18.26684188842773,154.8158218296394,0.0,CASH,-0.20969145916162935
2022-05-03,310.8747863769531,18.309823989868164,154.82052159557134,0.0,CASH,-0.2088476301958584
2022-05-04,321.3861694335937,20.12456703186035,154.8260201814394,0.0,CASH,-0.18209697051033302
2022-05-05,305.1998596191406,17.125463485717773,154.8311380415773,0.0,CASH,-0.22328988138397576
2022-05-06,301.5433044433594,16.528507232666016,154.83607174791513,0.0,CASH,-0.23259553246733877
2022-05-09,289.74481201171875,14.57526683807373,154.84107934307804,0.0,ARMED,-0.26262178630476074
2022-05-10,293.26483154296875,15.076711654663086,154.84599493297168,0.0,ARMED,-0.25366360791287124
2022-05-11,284.567138671875,13.73475456237793,154.8513899641939,0.0,ARMED,-0.2757985658713161
2022-05-12,283.8943786621094,13.624917030334473,154.8568159078387,0.0,ARMED,-0.27751068824135017
2022-05-13,294.4154357910156,15.105364799499512,154.86237723378972,0.0,ARMED,-0.2507354087875642
2022-05-16,291.0026550292969,14.637351989746094,154.86817228238542,0.0,ARMED,-0.25942067277671843
2022-05-17,298.5400085449219,15.740528106689451,154.87419493364698,0.0,ARMED,-0.24023868904160917
2022-05-18,283.88458251953125,13.443439483642578,154.8805742754097,0.0,ARMED,-0.277535618669147
2022-05-19,282.3634338378906,13.171228408813477,154.88673876823702,0.0,ARMED,-0.28140682481722346
2022-05-20,281.48590087890625,13.056614875793455,154.89288506739447,0.0,ARMED,-0.2836400785595836
2022-05-23,286.1662292480469,13.70132541656494,154.89889638641455,0.0,ARMED,-0.27172900360924246
2022-05-24,280.0817565917969,12.846484184265137,154.90500014036718,0.0,ARMED,-0.2872135175420121
2022-05-25,284.00164794921875,13.362255096435549,154.91141148610077,0.0,ARMED,-0.27723769617373073
2022-05-26,291.8704528808594,14.479754447937012,154.91783539159107,0.0,ARMED,-0.25721219413238694
2022-05-27,301.39697265625,15.89812183380127,154.92415505565216,0.0,ARMED,-0.2329679355866091
2022-05-31,300.59747314453125,15.783507347106934,154.93045653403465,0.0,ARMED,-0.2350026002203197
2022-06-01,298.374267578125,15.41578197479248,154.93678900886786,0.0,ARMED,-0.24066048702716847
2022-06-02,306.5454406738281,16.6669979095459,154.9435705678052,0.0,ARMED,-0.21986548131413952
2022-06-03,298.5692749023437,15.348922729492188,154.95041390905556,0.0,ARMED,-0.2401642084177552
2022-06-06,299.5638122558594,15.539950370788574,154.95739282644877,0.0,ARMED,-0.23763318750974693
2022-06-07,302.14776611328125,15.917223930358888,154.96452578559587,0.0,ARMED,-0.23105722410792562
2022-06-08,299.97344970703125,15.592486381530762,154.97205878352372,0.0,ARMED,-0.23659069177044245
2022-06-09,291.9386901855469,14.322158813476562,154.9796413452177,0.0,ARMED,-0.2570385354515343
2022-06-10,281.6418762207031,12.793954849243164,154.98725502781505,0.0,ARMED,-0.28324313333693696
2022-06-13,268.5465393066406,11.022189140319824,154.99517659855135,0.0,ARMED,-0.31656975642428387
2022-06-14,269.0341186523437,11.09382438659668,155.00439020087418,0.0,ARMED,-0.3153289045709824
2022-06-15,275.7523803710937,11.891355514526367,155.0151113380508,0.0,ARMED,-0.2982314463251774
2022-06-16,264.62677001953125,10.439559936523438,155.02553795002893,0.0,ARMED,-0.3265452671330288
2022-06-17,267.8444519042969,10.826387405395508,155.03466108014757,0.0,ARMED,-0.31835651474794013
2022-06-21,274.60205078125,11.643022537231444,155.04395085541552,0.0,ARMED,-0.3011589464665274
2022-06-22,274.2015380859375,11.600040435791016,155.05310583177837,0.0,ARMED,-0.30217822040548525
2022-06-23,278.2851867675781,12.096709251403809,155.06261206359804,0.0,ARMED,-0.2917856492691113
2022-06-24,287.8202819824219,13.362255096435549,155.0722111773261,0.0,ARMED,-0.26751956689090073
2022-06-27,285.7100830078125,13.047062873840332,155.08204472499085,0.0,ARMED,-0.2728898606319188
2022-06-28,277.00537109375,11.85792636871338,155.0920942877508,0.0,ARMED,-0.2950426815137073
2022-06-29,277.2593994140625,11.881803512573242,155.10279071891526,0.0,ARMED,-0.29439619901844016
2022-06-30,273.8205261230469,11.461549758911133,155.11328477704353,0.0,ARMED,-0.3031478664835018
2022-07-01,275.6279602050781,11.647797584533691,155.12313323971583,0.0,ARMED,-0.29854808605766214
2022-07-05,280.3465881347656,12.249528884887695,155.13300079485614,0.0,ARMED,-0.28653954167777274
2022-07-06,282.1442565917969,12.483534812927246,155.14303519130675,0.0,ARMED,-0.28196461401484585
2022-07-07,288.18182373046875,13.25718879699707,155.15436309566908,0.0,ARMED,-0.26659947100894144
2022-07-08,288.543212890625,13.31927490234375,155.16577186716793,0.0,ARMED,-0.26567976345140265
2022-07-11,282.3786926269531,12.469209671020508,155.1771199039134,0.0,ARMED,-0.2813679923751723
2022-07-12,279.6432189941406,12.106261253356934,155.1891461303947,0.0,ARMED,-0.28832956192656134
2022-07-13,279.0667724609375,12.029850959777832,155.20215861661492,0.0,ARMED,-0.2897965739223687
2022-07-14,280.0633239746094,12.154017448425291,155.21646554547848,0.0,ARMED,-0.28726042713200983
2022-07-15,285.1434936523437,12.793954849243164,155.2304658243071,0.0,ARMED,-0.27433178687016124
2022-07-18,282.7303771972656,12.49786376953125,155.24426408799468,0.0,ARMED,-0.2804729822507781
2022-07-19,291.4253234863281,13.591485023498535,155.2581867878105,0.0,ARMED,-0.25834501413190236
2022-07-20,296.0462341308594,14.274402618408203,155.273281334042,0.0,ARMED,-0.2465851527109083
2022-07-21,300.2960510253906,14.880910873413086,155.28793370968765,0.0,ARMED,-0.23576969628059763
2022-07-22,295.0301513671875,14.102478981018066,155.3024765472775,0.0,ARMED,-0.24917100502709266
2022-07-25,293.3498840332031,13.89235019683838,155.3169899335962,0.0,ARMED,-0.2534471558808782
2022-07-26,287.5857849121094,13.051836967468262,155.3317388835737,0.0,ARMED,-0.26811634386034233
2022-07-27,299.7391967773437,14.680330276489258,155.34699467876908,0.0,ARMED,-0.23718684742081153
2022-07-28,302.6699523925781,15.100589752197266,155.36168483243253,0.0,ARMED,-0.22972830027605207
2022-07-29,308.1898193359375,15.931549072265623,155.3759139904573,0.0,ARMED,-0.2156806643640582
2022-08-01,308.0040588378906,15.907673835754396,155.39008279464238,0.0,ARMED,-0.2161534105135886
2022-08-02,307.08575439453125,15.759628295898438,155.40404940392136,0.0,ARMED,-0.21849042454110923
2022-08-03,315.44854736328125,17.02039909362793,155.419238300067,0.0,ARMED,-0.1972077610208024
2022-08-04,316.9237060546875,17.26395606994629,155.43421282016394,0.0,ARMED,-0.19345359585306798
2022-08-05,314.33477783203125,16.853252410888672,155.44888038212218,0.0,ARMED,-0.20004221863099803
2022-08-08,313.3187866210937,16.68132781982422,155.46374672398977,0.0,ARMED,-0.20262783795253014
2022-08-09,309.7724914550781,16.108247756958008,155.4789229471196,0.0,ARMED,-0.2116528858096316
2022-08-10,318.41845703125,17.43110466003418,155.49477932892893,0.0,ARMED,-0.1896495698297399
2022-08-11,316.611083984375,17.168441772460938,155.5104213638077,0.0,ARMED,-0.19424919492581139
2022-08-12,322.77569580078125,18.137901306152344,155.52578727454895,0.0,ARMED,-0.1785607330073894
2022-08-15,325.3841552734375,18.572481155395508,155.5412164201119,0.0,ARMED,-0.17192240470363396
2022-08-16,324.62213134765625,18.453094482421875,155.51783815409712,0.5001250312578145,STARTER,-0.17386169685966701
2022-08-17,320.9194641113281,17.81315803527832,152.82857017554102,0.49127647424421855,STARTER,-0.1832846995829085
2022-08-18,321.6913146972656,17.932546615600586,153.33970663207631,0.4929205643905082,STARTER,-0.18132039933419453
2022-08-19,315.4192199707031,16.88190460205078,148.91924632932583,0.47781547246173023,STARTER,-0.19728239697442462
2022-08-22,307.1151123046875,15.554279327392578,143.33137013196412,0.4574021883876446,STARTER,-0.21841571092260292
2022-08-23,306.86114501953125,15.501745223999023,143.11811511356382,0.45653658263433294,STARTER,-0.21906203808810176
2022-08-24,307.7501220703125,15.621133804321287,143.62967150373188,0.45841411537473176,STARTER,-0.21679966001420337
2022-08-25,313.1917419433594,16.442546844482422,147.1002383687532,0.471134934254779,STARTER,-0.2029511568650476
2022-08-26,300.3546142578125,14.441550254821776,138.67462068134003,0.4389412801490567,EXIT_SIGNAL,-0.23562065736800542
2022-08-29,297.3944396972656,13.997414588928224,136.7816302677667,0.0,CASH,-0.24315407346103923
2022-08-30,294.0826721191406,13.529400825500488,136.7968173715284,0.0,ARMED,-0.2515822666838151
2022-08-31,292.37286376953125,13.281068801879885,136.81241329389044,0.0,ARMED,-0.25593359714541164
2022-09-01,292.4999084472656,13.295395851135254,136.82794041641694,0.0,ARMED,-0.25561027823289395
2022-09-02,288.3674621582031,12.741421699523926,136.843485590303,0.0,ARMED,-0.26612703551894745
2022-09-06,286.2962341308594,12.45010471343994,136.85879902761368,0.0,ARMED,-0.27139815120296695
2022-09-07,292.0798034667969,13.185555458068848,136.87424995170693,0.0,ARMED,-0.25667941302744557
2022-09-08,293.59405517578125,13.400458335876465,136.89018059405285,0.0,ARMED,-0.2528257591431762
2022-09-09,300.0126953125,14.250523567199709,136.90620543688144,0.0,ARMED,-0.23649081472948696
2022-09-12,303.5785522460937,14.77107048034668,136.92232994516948,0.0,ARMED,-0.22741598368167604
2022-09-13,286.9312744140625,12.340267181396484,136.93860305479313,0.0,ARMED,-0.2697820226296833
2022-09-14,289.2076110839844,12.617255210876465,136.95573668302188,0.0,ARMED,-0.2639889212596126
2022-09-15,284.3912353515625,11.982093811035156,136.97273658568923,0.0,ARMED,-0.27624622626328144
2022-09-16,282.6522827148437,11.748086929321287,136.9895592294849,0.0,ARMED,-0.2806717266891958
2022-09-19,284.8533630371094,12.029850959777832,137.00624803653608,0.0,ARMED,-0.2750701469233211
2022-09-20,282.582763671875,11.743309020996094,137.02274859108172,0.0,ARMED,-0.28084864729518066
2022-09-21,277.5228271484375,11.09859848022461,137.04038211401277,0.0,ARMED,-0.2937257957388696
2022-09-22,274.1070556640625,10.687893867492676,137.05772968650427,0.0,ARMED,-0.30241867088666585
2022-09-23,269.6441345214844,10.176898956298828,137.07475312736156,0.0,ARMED,-0.31377646120266245
2022-09-26,268.52838134765625,10.038406372070312,137.09165901379848,0.0,ARMED,-0.3166159670303247
2022-09-27,268.6361694335937,10.047956466674805,137.10887707314566,0.0,ARMED,-0.3163416546596757
2022-09-28,273.9798583984375,10.635361671447754,137.12655976562533,0.0,ARMED,-0.30274237812360394
2022-09-29,266.0816650390625,9.737542152404783,137.14413590811176,0.0,ARMED,-0.3228426714483382
2022-09-30,261.5698547363281,9.226547241210938,137.1616489962252,0.0,ARMED,-0.33432488090866674
2022-10-03,267.70635986328125,9.866482734680176,137.17895749039047,0.0,ARMED,-0.3187079483485028
2022-10-04,276.1233215332031,10.783406257629396,137.1961048605959,0.0,ARMED,-0.2972874296589144
2022-10-05,275.9764404296875,10.783406257629396,137.21415268184444,0.0,ARMED,-0.2976612307460986
2022-10-06,273.8036804199219,10.51119327545166,137.2320830867026,0.0,ARMED,-0.3031907374995263
2022-10-07,263.37066650390625,9.312507629394531,137.24998860669652,0.0,ARMED,-0.32974195376267723
2022-10-10,260.73797607421875,9.021191596984863,137.2679236943999,0.0,ARMED,-0.33644194798440985
2022-10-11,257.1558532714844,8.663018226623535,137.2858175492062,0.0,ARMED,-0.34555817441544745
2022-10-12,257.0677795410156,8.643918991088867,137.30401336741377,0.0,ARMED,-0.3457823152709666
2022-10-13,263.0966186523437,9.22177028656006,137.32326317210342,0.0,ARMED,-0.33043938442191556
2022-10-14,255.18862915039065,8.390809059143066,137.3427881421173,0.0,ARMED,-0.35056460817444646
2022-10-17,263.6152648925781,9.216996192932127,137.36256114363562,0.0,ARMED,-0.3291194697165978
2022-10-18,265.699951171875,9.446227073669434,137.38266404524356,0.0,ARMED,-0.32381410381868914
2022-10-19,264.7310485839844,9.331612586975098,137.4035603842787,0.0,ARMED,-0.32627988622405135
2022-10-20,263.38043212890625,9.174015045166016,137.42478705273558,0.0,ARMED,-0.3297171009997645
2022-10-21,269.55615234375,9.82350254058838,137.44600064146778,0.0,ARMED,-0.31400036906352924
2022-10-24,272.5215759277344,10.157793998718262,137.46719023318133,0.0,ARMED,-0.30645359461042987
2022-10-25,278.1589660644531,10.769078254699709,137.48853583358076,0.0,ARMED,-0.2921068712297582
2022-10-26,272.0126342773437,10.057509422302246,137.51016845392914,0.0,ARMED,-0.30774881188260317
2022-10-27,267.0604248046875,9.503534317016602,137.53161349246898,0.0,ARMED,-0.320351803285411
2022-10-28,275.2326354980469,10.363150596618652,137.55306187541368,0.0,ARMED,-0.2995541569663226
2022-10-31,272.03228759765625,10.00497817993164,137.57473194127007,0.0,ARMED,-0.3076987956972411
2022-11-01,269.25262451171875,9.694558143615724,137.59643271691874,0.0,ARMED,-0.3147728240008102
2022-11-02,260.0234680175781,8.691675186157227,137.6185464303611,0.0,ARMED,-0.3382603159158958
2022-11-03,254.9440155029297,8.190231323242188,137.64052717093676,0.0,ARMED,-0.35118713105296806
2022-11-04,259.0447082519531,8.572281837463379,137.66251142232522,0.0,ARMED,-0.340751184078823
2022-11-07,261.892822265625,8.844493865966797,137.68443363105195,0.0,ARMED,-0.33350295344021263
2022-11-08,263.8013000488281,9.03551959991455,137.7061954209197,0.0,ARMED,-0.32864602458311043
2022-11-09,257.7137756347656,8.405134201049805,137.7285453558516,0.0,ARMED,-0.3441383050042902
2022-11-10,276.7301025390625,10.243757247924805,137.75091531328056,0.0,ARMED,-0.29574321876830945
2022-11-11,281.8291320800781,10.826387405395508,137.77308118383408,0.0,ARMED,-0.28276658160808554
2022-11-14,279.36279296875,10.539847373962402,137.79529436068742,0.0,ARMED,-0.2890432245465768
2022-11-15,283.2286376953125,10.964879035949709,137.8175384573296,0.0,ARMED,-0.2792049476880407
2022-11-16,279.36279296875,10.520747184753418,137.8401252212026,0.0,ARMED,-0.2890432245465768
2022-11-17,278.74615478515625,10.439559936523438,137.86268833693825,0.0,ARMED,-0.2906125211947469
2022-11-18,278.7559509277344,10.430006980895996,137.8851894966827,0.0,ARMED,-0.29058759076695007
2022-11-21,275.88836669921875,10.114816665649414,137.9078147066084,0.0,ARMED,-0.29788537160161765
2022-11-22,279.8619079589844,10.539847373962402,137.9302411443666,0.0,ARMED,-0.28777301536708466
2022-11-23,282.6708374023437,10.85504150390625,137.95321857079554,0.0,ARMED,-0.28062450643966164
2022-11-25,280.811279296875,10.630586624145508,137.9762107728465,0.0,ARMED,-0.28535693848754784
2022-11-28,276.69091796875,10.162572860717772,137.99906992785816,0.0,ARMED,-0.2958429404794968
2022-11-29,274.5964660644531,9.919013023376465,138.02197667871593,0.0,ARMED,-0.30117315914031806
2022-11-30,287.1141662597656,11.251419067382812,138.04527062462083,0.0,ARMED,-0.2693165769792585
2022-12-01,287.46649169921875,11.313502311706545,138.06856850184107,0.0,ARMED,-0.26841993589229807
2022-12-02,286.32135009765625,11.17978572845459,138.09154157666674,0.0,ARMED,-0.2713342330033508
2022-12-05,281.51593017578125,10.616259574890137,138.11460067318419,0.0,ARMED,-0.283563656313627
2022-12-06,275.68280029296875,9.942893028259276,138.13738958225346,0.0,ARMED,-0.2984085222609304
2022-12-07,274.557373046875,9.82350254058838,138.16052211221594,0.0,ARMED,-0.30127264785685304
2022-12-08,277.806640625,10.172122955322266,138.18345566285552,0.0,ARMED,-0.2930035123167186
2022-12-09,276.03515625,9.976323127746582,138.20621206579912,0.0,ARMED,-0.2975118035090859
2022-12-12,279.49981689453125,10.339272499084473,138.22909835561833,0.0,ARMED,-0.28869450921695783
2022-12-13,282.50445556640625,10.664015769958496,138.25196101087744,0.0,ARMED,-0.28104793538778694
2022-12-14,280.409912109375,10.410906791687012,138.27526634224313,0.0,ARMED,-0.2863783870432606
2022-12-15,270.99481201171875,9.379364967346191,138.29842196109047,0.0,ARMED,-0.31033909109718116
2022-12-16,268.4110412597656,9.102380752563477,138.32154304152405,0.0,ARMED,-0.3169145885096979
2022-12-19,264.638916015625,8.725104331970215,138.3443935414628,0.0,ARMED,-0.32651435650915606
2022-12-20,264.432861328125,8.686899185180664,138.36724781626796,0.0,ARMED,-0.3270387498066144
2022-12-21,268.26873779296875,9.064173698425291,138.39047374725615,0.0,ARMED,-0.31727673986426663
2022-12-22,261.7055053710937,8.419955253601074,138.41356628422238,0.0,ARMED,-0.3339796604988323
2022-12-23,262.2940979003906,8.443957328796387,138.43667915375684,0.0,ARMED,-0.33248173787915225
2022-12-27,258.5858154296875,8.083927154541016,138.45971347810254,0.0,ARMED,-0.33897012979475116
2022-12-28,255.17173767089844,7.757497787475586,138.48276262579338,0.0,ARMED,-0.3476976285325024
2022-12-29,261.3915405273437,8.3047456741333,138.50660144323155,0.0,ARMED,-0.33179777931584564
2022-12-30,261.23468017578125,8.3047456741333,138.53020802512702,0.0,ARMED,-0.3321987656486086
2023-01-03,259.4687194824219,8.117531776428223,138.55362622821806,0.0,ARMED,-0.33671313843421236
2023-01-04,260.7048034667969,8.242341041564941,138.5770208986727,0.0,ARMED,-0.3247954020066822
2023-01-05,256.6236572265625,7.853505134582519,138.6012168869731,0.0,ARMED,-0.31971668196601744
2023-01-06,263.70684814453125,8.467960357666016,138.62595610497507,0.0,ARMED,-0.30093986040552567
2023-01-09,265.4139099121094,8.645577430725098,138.65067223295168,0.0,ARMED,-0.29641461259366186
2023-01-10,267.6604919433594,8.875997543334961,138.67533774628964,0.0,ARMED,-0.2904591512189336
2023-01-11,272.291015625,9.317636489868164,138.70045889409707,0.0,ARMED,-0.2781841020343593
2023-01-12,273.7627258300781,9.461649894714355,138.725529551496,0.0,ARMED,-0.27428274737238
2023-01-13,275.6462707519531,9.648866653442385,138.7501643424291,0.0,ARMED,-0.25517576400876174
2023-01-17,276.2054748535156,9.70167064666748,138.77487508552133,0.0,ARMED,-0.2536647376974924
2023-01-18,272.61480712890625,9.34164047241211,138.79961776480684,0.0,ARMED,-0.2467948882798784
2023-01-19,269.9365539550781,9.048810958862305,138.82456864963208,0.0,ARMED,-0.25419461099579854
2023-01-20,277.3238220214844,9.788080215454102,138.8494964744884,0.0,ARMED,-0.233784391434126
2023-01-23,283.48486328125,10.431336402893066,138.87450040424363,0.0,ARMED,-0.21676210339611868
2023-01-24,282.90606689453125,10.36893081665039,138.89949230258262,0.0,ARMED,-0.21836125496720538
2023-01-25,282.2782287597656,10.292126655578612,138.88996697613783,0.5001250312578145,STARTER,-0.22009590356321762
2023-01-26,287.7818908691406,10.887378692626951,142.91989021603467,0.5141324306725535,STARTER,-0.20488988273984599
2023-01-27,290.64654541015625,11.199405670166016,145.03830263972208,0.5211426435745767,STARTER,-0.1969751532857522
2023-01-30,284.7700500488281,10.52734661102295,140.51505925775058,0.5056388041238759,STARTER,-0.21321127190222566
2023-01-31,289.03765869140625,10.997788429260254,143.7026080066019,0.5165175171504874,STARTER,-0.2014203325975572
2023-02-01,295.2183532714844,11.708250999450684,148.5101738943699,0.5320839534839217,STARTER,-0.184343744569474
2023-02-02,305.813720703125,12.917959213256836,156.68705117810572,0.5564230927480411,STARTER,-0.15506989479545552
2023-02-03,300.37860107421875,12.25070095062256,152.19611297555446,0.5432524852525098,STARTER,-0.17008654018759972
2023-02-06,297.83770751953125,11.938671112060549,150.10267663095976,0.5367992444236682,STARTER,-0.17710675319027203
2023-02-07,304.008544921875,12.677938461303713,155.10455515209281,0.5516561079372765,STARTER,-0.16005739947398145
2023-02-08,298.6029663085937,11.996275901794434,150.51657351861698,0.5379060965544907,STARTER,-0.17499242624750233
2023-02-09,295.96392822265625,11.674649238586426,148.35854534167188,0.5310991653748554,STARTER,-0.182283801933535
2023-02-10,294.0213928222656,11.434625625610352,146.75134198194812,0.5258770438765333,STARTER,-0.1876508163253089
2023-02-13,298.7304077148437,11.977076530456545,150.42518199570546,0.5373714921385326,STARTER,-0.17464031947955672
2023-02-14,300.93780517578125,12.236298561096191,152.18751866849573,0.5426444593819347,STARTER,-0.1685415199730793
2023-02-15,303.24322509765625,12.509920120239258,154.04708265410153,0.54808182760826,STARTER,-0.16217189505026075
2023-02-16,297.5531921386719,11.794660568237305,149.2325678913586,0.5334161729183303,STARTER,-0.1778928382950511
2023-02-17,295.45379638671875,11.540236473083496,147.5283299833057,0.5279388548154268,STARTER,-0.18369324080637506
2023-02-21,288.4588317871094,10.728963851928713,142.06592267187142,0.5096971555476065,STARTER,-0.2030195684853987
2023-02-22,288.6746520996094,10.738565444946287,142.14368265914226,0.5098742147035273,STARTER,-0.20242328039562096
2023-02-23,291.1960144042969,11.0073881149292,143.97096726112903,0.5160047523528324,STARTER,-0.19545703011600557
2023-02-24,286.3201599121094,10.450539588928224,140.22572247579015,0.50298539254664,STARTER,-0.20892848666011976
2023-02-27,288.3704833984375,10.676158905029297,141.7614513011551,0.5082778950415804,STARTER,-0.20326366549047603
2023-02-28,287.9976806640625,10.623353004455566,141.38312173129827,1.0,BULL,-0.20429367896682293
2023-03-01,285.68243408203125,10.364131927490234,137.93322365631795,1.0,BULL,-0.21069045388467944
2023-03-02,288.0467224121094,10.613755226135254,141.25538768536742,1.0,BULL,-0.2041581819418975
2023-03-03,294.0017395019531,11.261810302734377,149.88016460325497,1.0,BULL,-0.18770511631538478
2023-03-06,294.3353271484375,11.309815406799316,150.51905059987865,1.0,BULL,-0.18678344986892537
2023-03-07,290.7250671386719,10.887378692626951,144.89696298229205,1.0,BULL,-0.19675820627571294
2023-03-08,292.1770324707031,11.036191940307615,146.87747530295397,1.0,BULL,-0.1927465837169675
2023-03-09,287.1147766113281,10.455340385437012,139.14709055007594,1.0,BULL,-0.2067330469992552
2023-03-10,283.0826416015625,10.023300170898438,133.39719273351045,1.0,BULL,-0.21787339822406993
2023-03-13,285.1820983886719,10.23931884765625,136.2721226035312,1.0,BULL,-0.21207282707923647
2023-03-14,291.735595703125,10.935383796691896,145.53584897891582,1.0,BULL,-0.19396622557480625
2023-03-15,293.2659606933594,11.093795776367188,147.64410803768325,1.0,BULL,-0.18973799327304064
2023-03-16,300.9967346191406,11.972274780273438,159.33553012405986,1.0,BULL,-0.16837870431960633
2023-03-17,299.5740966796875,11.794660568237305,156.97171412820796,1.0,BULL,-0.1723092984770117
2023-03-20,300.6372375488281,11.919469833374023,158.632764412296,1.0,BULL,-0.16937195569087082
2023-03-21,304.9311828613281,12.42351531982422,165.34095949336043,1.0,BULL,-0.15750825102683053
2023-03-22,300.7846984863281,11.916532516479492,158.59367251429651,1.0,BULL,-0.16896453713179194
2023-03-23,304.3514099121094,12.341432571411133,164.24854401906904,1.0,BULL,-0.15911010073407006
2023-03-24,305.4715576171875,12.46696949005127,165.91927843243425,1.0,BULL,-0.15601525425000706
2023-03-27,303.37872314453125,12.211064338684082,162.51351104879947,1.0,BULL,-0.16179752865905417
2023-03-28,301.7673034667969,12.008270263671877,159.81458356499925,1.0,BULL,-0.1662497062615056
2023-03-29,307.2696228027344,12.664936065673828,168.5539581280288,1.0,BULL,-0.15104739537534406
2023-03-30,310.1781311035156,13.007753372192385,173.11641415851,1.0,BULL,-0.13862562545282064
2023-03-31,315.3365173339844,13.64510440826416,181.59873410784346,1.0,BULL,-0.12430062550155085
2023-04-03,314.5701599121094,13.548535346984863,180.31352450023635,1.0,BULL,-0.12642882403894828
2023-04-04,313.5090026855469,13.413341522216797,178.51426912611043,1.0,BULL,-0.1293756908572974
2023-04-05,310.4139099121094,12.983612060546877,172.7951244487829,1.0,BULL,-0.11839544766836363
2023-04-06,312.5067443847656,13.244348526000977,176.26519038932204,1.0,BULL,-0.09490614626778815
2023-04-10,312.329833984375,13.215375900268556,175.87960212269059,1.0,BULL,-0.09541852086107927
2023-04-11,310.32537841796875,12.95946979522705,172.4738220468811,1.0,BULL,-0.08848188897805997
2023-04-12,307.5840148925781,12.61665153503418,167.91135332422525,1.0,BULL,-0.08923010498658712
2023-04-13,313.6072692871094,13.340914726257324,177.55036192040512,1.0,BULL,-0.07139498187571225
2023-04-14,313.0176696777344,13.263659477233888,176.52219423431947,1.0,BULL,-0.07314081244014503
2023-04-17,313.2829284667969,13.278145790100098,176.7149883676352,1.0,BULL,-0.07211430822332665
2023-04-18,313.3025817871094,13.287801742553713,176.84349663622123,1.0,BULL,-0.07205609874857766
2023-04-19,313.1552429199219,13.258830070495604,176.45792106176438,1.0,BULL,-0.07249248903442862
2023-04-20,310.7675476074219,12.949813842773438,172.34531377829506,1.0,BULL,-0.06594166500949905
2023-04-21,311.0918884277344,12.973955154418944,172.66660348802216,1.0,BULL,-0.0452111958543947
2023-04-24,310.4433898925781,12.896699905395508,171.63843580193648,1.0,BULL,-0.04591731078086414
2023-04-25,304.5871887207031,12.167610168457031,161.93519210972562,1.0,BULL,-0.06391511761000646
2023-04-26,306.4344177246094,12.370404243469238,164.63411959352587,1.0,BULL,-0.058238046449753056
2023-04-27,314.7666931152344,13.369885444641112,177.93592480268723,1.0,BULL,-0.032630544499871905
2023-04-28,316.93817138671875,13.640275955200195,181.53447362746311,1.0,BULL,-0.02595696117907509
2023-05-01,316.5746459960937,13.60165023803711,181.0204151687696,1.0,BULL,-0.027074180271441595
2023-05-02,313.8135681152344,13.239516258239746,176.200879140243,1.0,BULL,-0.035559774410280465
2023-05-03,311.7599792480469,12.97878360748291,172.73086396840253,1.0,BULL,-0.04187104935684871
2023-05-04,310.6595458984375,12.833932876586914,170.8030876335159,1.0,BULL,-0.04525300060362847
2023-05-05,317.262451171875,13.62096118927002,181.277419013767,1.0,BULL,-0.024960355229151854
2023-05-08,318.0484619140625,13.732016563415527,182.75542275468985,1.0,BULL,-0.02254471596261476
2023-05-09,316.0341491699219,13.466453552246094,179.2211217181197,1.0,BULL,-0.028735283977360027
2023-05-10,319.47320556640625,13.901012420654297,185.00453956800226,1.0,BULL,-0.01816606497653206
2023-05-11,320.5147399902344,14.01689338684082,186.54676571278145,1.0,BULL,-0.01496512723279686
2023-05-12,319.3651123046875,13.872040748596191,184.61896399354546,1.0,BULL,-0.018498266959839804
2023-05-15,321.094482421875,14.084490776062012,187.44639974593173,1.0,BULL,-0.013183410384435157
2023-05-16,321.4579772949219,14.137603759765623,188.15326503011562,1.0,BULL,-0.01206628508144858
2023-05-17,325.34893798828125,14.644587516784668,194.9005647013542,1.0,BULL,-0.00010823294430750696
2023-05-18,331.39178466796875,15.431617736816406,205.37492146595466,1.0,BULL,0.0
2023-05-19,330.6449584960937,15.325392723083496,203.96120358976154,1.0,BULL,-0.0022536049667716274
2023-05-22,331.75537109375,15.484731674194336,206.08179944231324,1.0,BULL,0.0
2023-05-23,327.5499267578125,14.886008262634276,198.11356333602257,1.0,BULL,-0.012676341371875122
2023-05-24,325.8696594238281,14.644587516784668,194.9005647013542,1.0,BULL,-0.017741119459550925
2023-05-25,333.7990417480469,15.702008247375488,208.97347029073052,1.0,BULL,0.0
2023-05-26,342.32781982421875,16.88979721069336,224.7814088503764,1.0,BULL,0.0
2023-05-30,343.8802795410156,17.126394271850586,227.9302104655378,1.0,BULL,0.0
2023-05-31,341.9248962402344,16.778745651245117,223.30345587815225,1.0,BULL,-0.0056862327301557825
2023-06-01,345.8748779296875,17.387126922607422,231.40022563737827,1.0,BULL,0.0
2023-06-02,348.4688415527344,17.778228759765625,236.605286471663,1.0,BULL,0.0
2023-06-05,348.71453857421875,17.816852569580078,237.11931954600715,1.0,BULL,0.0
2023-06-06,348.6555480957031,17.797542572021484,236.8623283931844,1.0,BULL,-0.00016916552649859362
2023-06-07,342.7404479980469,16.88979721069336,224.7814088503764,1.0,BULL,-0.01713175080281426
2023-06-08,346.9949951171875,17.46921157836914,232.49266649601898,1.0,BULL,-0.004931091958660261
2023-06-09,348.32147216796875,17.681663513183594,235.3201276327546,1.0,BULL,-0.0011271867466642327
2023-06-12,354.20703125,18.584571838378903,247.33667246561015,1.0,BULL,0.0
2023-06-13,356.92877197265625,18.999813079833984,252.86299762527267,1.0,BULL,0.0
2023-06-14,359.5228271484375,19.40540885925293,258.26095413027053,1.0,BULL,0.0
2023-06-15,363.8068237304688,20.08621406555176,267.3215930186779,1.0,BULL,0.0
2023-06-16,361.5173950195313,19.699939727783203,262.1807799725988,1.0,BULL,-0.006292979025136813
2023-06-20,360.9998474121094,19.603370666503903,260.89557036499167,1.0,BULL,-0.007715568085218227
2023-06-21,356.08026123046875,18.81772232055664,250.43960456149557,1.0,BULL,-0.02123809119568465
2023-06-22,360.2816162109375,19.44255828857422,258.7553651025669,1.0,BULL,-0.00968977844720964
2023-06-23,356.7099914550781,18.866161346435547,251.0842654975965,1.0,BULL,-0.019507144485691352
2023-06-26,351.9281311035156,18.1202335357666,241.15692876932093,1.0,BULL,-0.03265109902323782
2023-06-27,357.9792175292969,19.01631736755371,253.08264840020107,1.0,BULL,-0.016018408179966914
2023-06-28,358.6778564453125,19.1325626373291,254.62972295570614,1.0,BULL,-0.014098051357486874
2023-06-29,357.95953369140625,19.00178337097168,252.88921965815157,1.0,BULL,-0.016072513371532038
2023-06-30,363.4793701171875,19.859113693237305,264.2991800789317,1.0,BULL,-0.0009000755123931281
2023-07-03,364.3353576660156,19.99473762512207,266.10415962383615,1.0,BULL,0.0
2023-07-05,364.3254699707031,19.98021125793457,265.91083241918403,1.0,BULL,-2.713899462258862e-05
2023-07-06,361.55084228515625,19.5103702545166,259.6578548750191,1.0,BULL,-0.007642726192421678
2023-07-07,360.3504333496094,19.3117790222168,257.01486180501234,1.0,BULL,-0.010937517406858999
2023-07-10,360.468505859375,19.326313018798828,257.2082905470618,1.0,BULL,-0.010613440955641096
2023-07-11,362.2494201660156,19.60240173339844,260.8826751155218,1.0,BULL,-0.005725322717407444
2023-07-12,366.8246765136719,20.328954696655277,270.5521576230967,1.0,BULL,0.0
2023-07-13,373.0528259277344,21.34128761291504,284.0250025781806,1.0,BULL,0.0
2023-07-14,372.9741516113281,21.321908950805664,283.76709758878127,1.0,BULL,-0.0002108932326423396
2023-07-17,376.4572448730469,21.912843704223636,291.63167670449985,1.0,BULL,0.0
2023-07-18,379.5369873046875,22.43595695495605,298.5936391260194,1.0,BULL,0.0
2023-07-19,379.44830322265625,22.43595695495605,298.5936391260194,1.0,BULL,-0.00023366387202750083
2023-07-20,370.7013244628906,20.86176300048828,277.64314869236404,1.0,BULL,-0.02328011007449904
2023-07-21,369.5895080566406,20.67770004272461,275.1935082113587,1.0,BULL,-0.026209512065450302
2023-07-24,370.1797790527344,20.760046005249023,276.2894267258604,1.0,BULL,-0.02465427235011819
2023-07-25,372.6888427734375,21.17659950256348,281.83321631787595,1.0,BULL,-0.01804341806020715
2023-07-26,371.4490661621094,20.958635330200195,278.9323944115178,1.0,BULL,-0.021309968232648857
2023-07-27,370.5635681152344,20.77942276000977,276.54730633091043,1.0,BULL,-0.023643069027813546
2023-07-28,377.3132629394531,21.903154373168945,291.5027242098002,1.0,BULL,-0.005859045204069102
2023-07-31,377.510009765625,21.946748733520508,292.08290889855124,1.0,BULL,-0.005340658768088091
2023-08-01,376.6343383789063,21.777219772338867,289.8266971595954,1.0,BULL,-0.0076478683840397466
2023-08-02,368.3694152832031,20.353174209594727,270.87448809114716,1.0,BULL,-0.029424199472077195
2023-08-03,367.7790832519531,20.20786476135254,268.9406068202418,1.0,BULL,-0.030979600002187135
2023-08-04,366.0572814941406,19.926929473876957,265.20172062008265,1.0,BULL,-0.03551618488167407
2023-08-07,369.1565551757813,20.42098999023437,271.777028632298,1.0,BULL,-0.027350251691208416
2023-08-08,366.0177917480469,19.89786720275879,264.8149392890317,1.0,BULL,-0.035620232042859024
2023-08-09,361.9936218261719,19.234281539916992,255.98347030655913,1.0,BULL,-0.046223071967507745
2023-08-10,362.6626892089844,19.321468353271484,257.14381429971195,1.0,BULL,-0.04446022037413877
2023-08-11,360.3504333496094,18.93397331237793,251.98675527004872,1.0,BULL,-0.05055252741329108
2023-08-14,364.3944091796875,19.563650131225582,260.3669412897711,1.0,BULL,-0.039897503093272224
2023-08-15,360.527587890625,18.963037490844727,252.37356198544902,1.0,BULL,-0.0500857625209582
2023-08-16,356.7099914550781,18.33335494995117,243.9932998126785,1.0,BULL,-0.060144324830412765
2023-08-17,352.8136901855469,17.713361740112305,235.7419901346077,1.0,BULL,-0.07041025779573762
2023-08-18,352.370849609375,17.631023406982422,234.6461731575034,1.0,BULL,-0.07157704941548648
2023-08-21,358.0480651855469,18.48351287841797,245.99170809963243,1.0,BULL,-0.05661878245845264
2023-08-22,357.5364685058594,18.40117073059082,244.89584035382944,1.0,BULL,-0.05796673192530344
2023-08-23,363.1742858886719,19.268190383911133,256.4347532693093,1.0,BULL,-0.043112270907287975
2023-08-24,355.4111633300781,17.9991455078125,239.54540335081538,1.0,BULL,-0.0635664633002988
2023-08-25,358.1661682128906,18.42538452148437,245.21809466883178,1.0,BULL,-0.05630760586356409
2023-08-28,360.862060546875,18.837099075317383,250.69748416654556,1.0,BULL,-0.04920449753905143
2023-08-29,368.7433166503906,20.038333892822266,266.6843696969366,1.0,BULL,-0.0284390481437633
2023-08-30,370.7997131347656,20.37255096435547,271.13236769619715,1.0,BULL,-0.02302087665281405
2023-08-31,371.9114990234375,20.556610107421875,273.58195740850374,1.0,BULL,-0.020091555069251643
2023-09-01,371.5179138183594,20.48395156860352,272.6149660043524,1.0,BULL,-0.021128569163380462
2023-09-05,371.990234375,20.53723526000977,273.3241031878032,1.0,BULL,-0.01988410400599261
2023-09-06,368.7137451171875,19.99473762512207,266.10415962383615,1.0,BULL,-0.028516962903568754
2023-09-07,366.076904296875,19.55881118774414,260.30254119546936,1.0,BULL,-0.03546448293063709
2023-09-08,366.5885009765625,19.61693382263184,261.07607847322197,1.0,BULL,-0.03411653346378629
2023-09-11,370.9078979492188,20.28536605834961,269.97204908739366,1.0,BULL,-0.022735832459304883
2023-09-12,366.7951354980469,19.636306762695312,261.3339073095732,1.0,BULL,-0.03357209503381453
2023-09-13,368.19232177734375,19.83005714416504,263.9124749009288,1.0,BULL,-0.029890803549632472
2023-09-14,371.20306396484375,20.2950496673584,270.1009254290453,1.0,BULL,-0.021958132194250135
2023-09-15,364.8470153808594,19.253660202026367,256.24137529595845,1.0,BULL,-0.038704981109088044
2023-09-18,365.2273254394531,19.297250747680664,256.82150921601084,1.0,BULL,-0.037702944229113466
2023-09-19,364.4488830566406,19.18099975585937,255.27435850745766,1.0,BULL,-0.03975397590415697
2023-09-20,359.1970520019531,18.349328994750977,244.20589373848753,1.0,BULL,-0.05359144426786977
2023-09-21,352.61492919921875,17.304264068603516,230.29742796420263,1.0,BULL,-0.07093395111938339
2023-09-22,352.6641845703125,17.318849563598633,230.4915420836846,1.0,BULL,-0.07080417359376323
2023-09-25,354.3392333984375,17.547300338745117,233.53192714277077,1.0,BULL,-0.06639077283400985
2023-09-26,349.0184020996094,16.764726638793945,223.11688091042734,1.0,BULL,-0.08041004230393545
2023-09-27,349.8363037109375,16.86680030822754,224.47534975025948,1.0,BULL,-0.07825504387509585
2023-09-28,352.7626953125,17.27509880065918,229.90927587828676,1.0,BULL,-0.07054461854252281
2023-09-29,353.0189208984375,17.313987731933594,230.42683737719062,1.0,BULL,-0.06986951810565334
2023-10-02,355.96514892578125,17.727153778076172,235.92554436475993,1.0,BULL,-0.0621068279703213
2023-10-03,349.7179870605469,16.78902816772461,223.44030290549986,1.0,BULL,-0.07856678332170641
2023-10-04,354.4772033691406,17.469532012939453,232.49693106670983,1.0,BULL,-0.06602725102897333
2023-10-05,353.4327087402344,17.28482437133789,230.0387106756241,1.0,BULL,-0.06877927432009923
2023-10-06,359.3546447753906,18.154895782470703,241.61823855006446,1.0,BULL,-0.05317622051179627
2023-10-09,361.18743896484375,18.422237396240234,245.1762104924038,1.0,BULL,-0.04834719395902509
2023-10-10,363.1877136230469,18.723602294921875,249.1869884584543,1.0,BULL,-0.04307689165618955
2023-10-11,365.7790832519531,19.122188568115234,254.49165747958972,1.0,BULL,-0.03624917863852284
2023-10-12,364.5079650878906,18.89859390258789,251.51590097394947,1.0,BULL,-0.03959830719932378
2023-10-13,359.9261474609375,18.18406105041504,242.00639063598032,1.0,BULL,-0.05167043134061311
2023-10-16,363.9956359863281,18.79651260375977,250.15733059672,1.0,BULL,-0.04094818644350717
2023-10-17,362.8033752441406,18.616670608520508,247.76386568082688,1.0,BULL,-0.04408954231149376
2023-10-18,358.04412841796875,17.829225540161133,237.28398782024271,1.0,BULL,-0.056629155011615695
2023-10-19,354.6940002441406,17.352872848510742,230.94434810739574,1.0,BULL,-0.06545603693851121
2023-10-20,349.4027404785156,16.570289611816406,220.52917495330558,1.0,BULL,-0.07939739164863124
2023-10-23,350.45703125,16.716115951538086,222.4699353828849,1.0,BULL,-0.07661955758568129
2023-10-24,353.8663024902344,17.18760871887207,228.74489577358725,1.0,BULL,-0.06763684613917487
2023-10-25,345.20513916015625,15.928675651550291,211.9901209831741,1.0,BULL,-0.09045718676417192
2023-10-26,338.6230773925781,15.000271797180176,199.63426355255268,1.0,BULL,-0.10779953280090782
2023-10-27,340.2488708496094,15.214143753051758,202.48062333737963,1.0,BULL,-0.10351590956677459
2023-10-30,344.0818176269531,15.705082893371582,209.01438986188325,1.0,BULL,-0.09341690234072342
2023-10-31,345.7273864746094,15.933534622192385,212.0547876131441,1.0,BULL,-0.08908117511860891
2023-11-01,351.72808837890625,16.7550048828125,222.98749688178873,1.0,BULL,-0.07327058983965806
2023-11-02,358.1131896972656,17.644515991210938,234.8257420448076,1.0,BULL,-0.05644719309062529
2023-11-03,362.320556640625,18.266695022583008,243.10614218723393,1.0,BULL,-0.045361667610649414
2023-11-06,363.7985229492188,18.475706100463867,245.88780995774155,1.0,BULL,-0.04146753776815448
2023-11-07,367.2374572753906,18.99580764770508,252.80969049163704,1.0,BULL,-0.03240667033967615
2023-11-08,367.4739074707031,19.029834747314453,253.26254728404683,1.0,BULL,-0.03178367389078807
2023-11-09,364.6459655761719,18.577781677246094,247.24630418192302,1.0,BULL,-0.039234704986898405
2023-11-10,372.8440246582031,19.817272186279297,263.7423236072336,1.0,BULL,-0.017634546487853453
2023-11-13,371.6813049316406,19.637426376342773,261.3488079226418,1.0,BULL,-0.020698068003423442
2023-11-14,379.6822814941406,20.872058868408203,277.7801734101571,1.0,BULL,0.0
2023-11-15,379.9680480957031,20.93038749694824,278.55645219763943,1.0,BULL,0.0
2023-11-16,380.2932739257813,20.96441078186035,279.0092582213506,1.0,BULL,0.0
2023-11-17,380.38189697265625,20.978992462158203,279.20332157213386,1.0,BULL,0.0
2023-11-20,385.0130310058594,21.72754669189453,289.1656125494648,1.0,BULL,0.0
2023-11-21,382.7763366699219,21.33382797241211,283.92572438787147,1.0,BULL,-0.005809399048375186
2023-11-22,384.3429565429688,21.58172607421875,287.2249282729336,1.0,BULL,-0.0017403942436441389
2023-11-24,383.8010864257813,21.474788665771484,285.8017293422581,1.0,BULL,-0.0031478014572956514
2023-11-27,383.466064453125,21.41160011291504,284.9607712326311,1.0,BULL,-0.004017958947240996
2023-11-28,384.4710693359375,21.58172607421875,287.2249282729336,1.0,BULL,-0.0014076450049131939
2023-11-29,384.0966491699219,21.503955841064453,286.1899068125233,1.0,BULL,-0.002380132001099877
2023-11-30,383.1309814453125,21.32410430908203,283.7963149748835,1.0,BULL,-0.004888274964693906
2023-12-01,384.2247619628906,21.503955841064453,286.1899068125233,1.0,BULL,-0.0020473827623688212
2023-12-04,380.6578369140625,20.891496658325195,278.03886531438627,1.0,BULL,-0.011311809578025911
2023-12-05,381.6135864257813,21.042179107666016,280.04425429741156,1.0,BULL,-0.008829427334438256
2023-12-06,379.4064331054688,20.66790199279785,275.06310880874605,1.0,BULL,-0.0145620990690708
2023-12-07,384.70751953125,21.533113479614254,286.57795736104174,1.0,BULL,-0.0007935094399563747
2023-12-08,386.4220886230469,21.79073905944824,290.0066214277905,1.0,BULL,0.0
2023-12-11,389.7229309082031,22.344865798950195,297.38133336974647,1.0,BULL,0.0
2023-12-12,392.8267822265625,22.8844051361084,304.56190580787114,1.0,BULL,0.0
2023-12-13,397.8224792480469,23.6912899017334,315.3005009570338,1.0,BULL,0.0
2023-12-14,397.4776306152344,23.65240859985352,314.7830409955274,1.0,BULL,-0.0008668404899198068
2023-12-15,399.3990173339844,23.934329986572266,318.53505090430065,1.0,BULL,0.0
2023-12-18,401.9146728515625,24.43498420715332,325.19811261222014,1.0,BULL,0.0
2023-12-19,403.9683532714844,24.799541473388672,330.04989945659634,1.0,BULL,0.0
2023-12-20,397.9654235839844,23.697654724121094,315.3852085308159,1.0,BULL,-0.014859900878091192
2023-12-21,402.5959777832031,24.48366928100586,325.84604812938727,1.0,BULL,-0.0033972351476724283
2023-12-22,403.19818115234375,24.58131217956543,327.1455491256786,1.0,BULL,-0.001906515975579448
2023-12-26,405.6665344238281,25.03046417236328,333.12318263244055,1.0,BULL,0.0
2023-12-27,406.4923095703125,25.162282943725582,334.877520400391,1.0,BULL,0.0
2023-12-28,406.2947692871094,25.098812103271484,334.0328054070602,1.0,BULL,-0.0004859631499841699
2023-12-29,404.5364074707031,24.75218391418457,329.41963144657706,1.0,BULL,-0.004811658310773126
2024-01-02,397.6907653808594,23.49748992919922,312.7212733725951,1.0,BULL,-0.02165242486077268
2024-01-03,393.4825744628906,22.74564552307129,302.71519439263477,1.0,BULL,-0.0320048738958284
2024-01-04,391.4575805664063,22.364845275878903,297.64723442919114,1.0,BULL,-0.03698650294220529
2024-01-05,391.9217834472656,22.447834014892575,298.7517074694239,1.0,BULL,-0.03584453083121997
2024-01-08,400.0220336914063,23.8001766204834,316.74964269274534,1.0,BULL,-0.01591733896699221
2024-01-09,400.8122863769531,23.95640754699707,318.82887474803067,1.0,BULL,-0.013973261140815985
2024-01-10,403.5288391113281,24.42996597290039,325.13132638907945,1.0,BULL,-0.007290348154721404
2024-01-11,404.3684997558594,24.547138214111328,326.6907377383688,1.0,BULL,-0.0052247232344890815
2024-01-12,404.5759582519531,24.57642936706543,327.08056519134175,1.0,BULL,-0.004714360575197807
2024-01-16,404.5364074707031,24.561782836914062,326.8856387726806,1.0,BULL,-0.004811658310773126
2024-01-17,402.2544860839844,24.137039184570312,321.2328487845548,1.0,BULL,-0.010425347261324047
2024-01-18,407.9641723632813,25.172042846679688,335.00741211601667,1.0,BULL,0.0
2024-01-19,416.0544738769531,26.62690544128418,354.3697561169182,1.0,BULL,0.0
2024-01-22,416.5977783203125,26.73430824279785,355.79914882883514,1.0,BULL,0.0
2024-01-23,418.3265075683594,27.05164909362793,360.022546105044,1.0,BULL,0.0
2024-01-24,420.6479187011719,27.49592018127441,365.9352210618184,1.0,BULL,0.0
2024-01-25,421.16162109375,27.574031829833984,366.97478632076246,1.0,BULL,0.0
2024-01-26,418.6524963378906,27.066295623779297,360.21747252370517,1.0,BULL,-0.005957629162275602
2024-01-29,422.9396667480469,27.862070083618164,370.8082038379022,1.0,BULL,0.0
2024-01-30,420.1243896484375,27.305513381958008,363.40115223487396,1.0,BULL,-0.006656450839089723
2024-01-31,411.8957824707031,25.69930648803711,342.0246108817226,1.0,BULL,-0.026112197898720102
2024-02-01,416.74603271484375,26.60737991333008,354.10989653261896,1.0,BULL,-0.01464424957069066
2024-02-02,423.7892761230469,27.945072174072266,371.9128545685804,1.0,BULL,0.0
2024-02-05,423.2361145019531,27.803489685058597,370.02857431630565,1.0,BULL,-0.0013052751739124346
2024-02-06,422.3865356445313,27.642379760742188,367.8844090953821,1.0,BULL,-0.0033099952206159244
2024-02-07,426.7329711914063,28.46745491027832,378.8650947842989,1.0,BULL,0.0
2024-02-08,427.5232543945313,28.58462142944336,380.42442998054014,1.0,BULL,0.0
2024-02-09,431.73138427734375,29.42434310913086,391.6000420881181,1.0,BULL,0.0
2024-02-12,430.0422058105469,29.077714920043945,386.986868127635,1.0,BULL,-0.003912568157685148
2024-02-13,423.3348388671875,27.700965881347656,368.6641147700268,1.0,BULL,-0.019448540726801355
2024-02-14,427.9480590820313,28.579744338989254,380.35952219925133,1.0,BULL,-0.008763146097532815
2024-02-15,429.2222900390625,28.818960189819336,383.5431765260708,1.0,BULL,-0.005811702205715474
2024-02-16,425.3302307128906,28.02806663513184,373.0174037618613,1.0,BULL,-0.01482670428319155
2024-02-20,422.1197814941406,27.37874794006348,364.3758097125292,1.0,BULL,-0.022262923505761756
2024-02-21,420.4306640625,27.03700256347656,359.8276196863828,1.0,BULL,-0.02617535029045792
2024-02-22,432.7389831542969,29.37552070617676,390.9502788977978,1.0,BULL,0.0
2024-02-23,431.4646911621094,29.107006072998047,387.37669558060793,1.0,BULL,-0.002944712729366361
2024-02-26,431.2374572753906,29.06795310974121,386.85695102766,1.0,BULL,-0.003469818845442174
2024-02-27,432.2747192382813,29.24859046936035,389.26100121723215,1.0,BULL,-0.0010728497641498969
2024-02-28,429.9730224609375,28.7750244140625,382.958448038786,1.0,BULL,-0.006391752998996969
2024-02-29,433.65765380859375,29.46827888488769,392.18477057540287,1.0,BULL,0.0
2024-03-01,440.1872253417969,30.820619583129883,410.18268041437494,1.0,BULL,0.0
2024-03-04,438.6165466308594,30.454463958740234,405.30962148524316,1.0,BULL,-0.0035682060280551875
2024-03-05,430.7435607910156,28.8238468170166,383.6082112291063,1.0,BULL,-0.021453745150028847
2024-03-06,433.45025634765625,29.355995178222656,390.69041931349847,1.0,BULL,-0.015304780798464757
2024-03-07,440.0291748046875,30.66439247131348,408.1034991277883,1.0,BULL,-0.0003590529847535828
2024-03-08,433.6773986816406,29.32181739807129,390.2355571574899,1.0,BULL,-0.014788767791026891
2024-03-11,432.0672302246094,28.98007202148437,385.6873671313436,1.0,BULL,-0.018446685068796542
2024-03-12,438.2609558105469,30.210359573364254,402.0609070710388,1.0,BULL,-0.004376023247276817
2024-03-13,434.8924255371094,29.50733757019043,392.7045912813989,1.0,BULL,-0.012028517639457115
2024-03-14,433.7959899902344,29.26811408996582,389.52083541718207,1.0,BULL,-0.014519356727355825
2024-03-15,428.6394653320313,28.198938369750977,375.2914860827597,1.0,BULL,-0.026233746335548425
2024-03-18,432.7276306152344,28.99471664428711,385.88226816565543,1.0,BULL,-0.016946413473880928
2024-03-19,433.8057556152344,29.19488525390625,388.54625409257494,1.0,BULL,-0.014497171565138967
2024-03-20,438.94927978515625,30.23117446899414,402.337926475499,1.0,BULL,-0.0028123159541474374
2024-03-21,441.0264587402344,30.62314796447754,407.5545879574368,1.0,BULL,0.0
2024-03-22,441.5309143066406,30.686843872070312,408.402298303991,1.0,BULL,0.0
2024-03-25,439.9285278320313,30.37326431274414,404.228958964701,1.0,BULL,-0.003629160320802516
2024-03-26,438.5042114257813,30.08907890319824,400.4468178332489,1.0,BULL,-0.006855019168051535
2024-03-27,439.9977416992188,30.353662490844727,403.96808400642766,1.0,BULL,-0.003472401496120492
2024-03-28,439.1867065429688,30.16257667541504,401.4249783511144,1.0,BULL,-0.005309272097862139
2024-04-01,440.1164855957031,30.34876251220703,403.9028716129467,1.0,BULL,-0.003203464729437222
2024-04-02,436.3181457519531,29.53541374206543,393.07824890383574,1.0,BULL,-0.011806123616221464
2024-04-03,437.2974243164063,29.73139953613281,395.6865669526299,1.0,BULL,-0.009588207423442574
2024-04-04,430.61083984375,28.33008575439453,377.0368885597389,1.0,BULL,-0.02473229871126692
2024-04-05,435.6851196289063,29.329627990722656,390.3395060680795,1.0,BULL,-0.013239830979704492
2024-04-08,435.8136901855469,29.34922409057617,390.6003048733047,1.0,BULL,-0.012948638330504747
2024-04-09,437.4259948730469,29.653005599975582,394.6432448099821,1.0,BULL,-0.009297014774242718
2024-04-10,433.6079406738281,28.873950958251957,384.2750327021901,1.0,BULL,-0.017944323661355344
2024-04-11,440.5318908691406,30.23117446899414,402.337926475499,1.0,BULL,-0.002262635310754657
2024-04-12,433.509033203125,28.77105712890625,382.9056485921373,1.0,BULL,-0.018168333957120142
2024-04-15,426.37738037109375,27.325647354125977,363.669109426616,1.0,BULL,-0.034320437017062
2024-04-16,426.41693115234375,27.33054542541504,363.73429643574764,1.0,BULL,-0.034230860545815145
2024-04-17,421.2140197753906,26.316307067871094,350.2360925156628,1.0,BULL,-0.04601465916187253
2024-04-18,418.8104553222656,25.84593772888184,343.97608350672783,1.0,BULL,-0.05145836508425272
2024-04-19,410.14556884765625,24.243730545043945,322.6527731341641,1.0,BULL,-0.0710830078756104
2024-04-22,414.2702941894531,24.94928741455078,332.0428247240906,1.0,BULL,-0.06174113574809659
2024-04-23,420.4524230957031,26.06151962280273,346.84520036074724,1.0,BULL,-0.047739559174555635
2024-04-24,421.8767700195313,26.316307067871094,350.2360925156628,1.0,BULL,-0.0445136312096589
2024-04-25,419.8391418457031,25.894933700561523,344.628156672839,1.0,BULL,-0.049128547420062896
2024-04-26,426.3180236816406,27.085561752319336,360.47387983649287,1.0,BULL,-0.03445487084157994
2024-04-29,428.0489807128906,27.408939361572266,364.7776185783955,1.0,BULL,-0.03053451787157735
2024-04-30,419.97760009765625,25.841035842895508,343.9108457288974,1.0,BULL,-0.04881496065305113
2024-05-01,416.9409484863281,25.282468795776367,336.4770390216539,1.0,BULL,-0.055692512174209674
2024-05-02,422.2625122070313,26.21831321716309,348.931920799091,1.0,BULL,-0.0436399841444115
2024-05-03,430.7493286132813,27.781322479248047,369.73355740815606,1.0,BULL,-0.02441864282660755
2024-05-06,435.4674377441406,28.69266700744629,381.86237721818816,1.0,BULL,-0.013732847159800388
2024-05-07,435.5367736816406,28.69266700744629,381.86237721818816,1.0,BULL,-0.013575811864528053
2024-05-08,435.2795715332031,28.63876724243164,381.14504088989725,1.0,BULL,-0.014158335398223088
2024-05-09,436.2291259765625,28.795557022094727,383.23171055954225,1.0,BULL,-0.012007739794174577
2024-05-10,437.2578430175781,28.991544723510746,385.8400539926859,1.0,BULL,-0.009677853012337145
2024-05-13,438.2667236328125,29.18263435363769,388.38321041669775,1.0,BULL,-0.007392892701418297
2024-05-14,441.0857849121094,29.726497650146484,395.62132917479965,1.0,BULL,-0.0010081500074128336
2024-05-15,447.9801025390625,31.09841728210449,413.87980935985274,1.0,BULL,0.0
2024-05-16,447.0701293945313,30.907331466674805,411.33670370453956,1.0,BULL,-0.0020312802719889556
2024-05-17,446.85247802734375,30.83873176574707,410.42373019580566,1.0,BULL,-0.002517130795157141
2024-05-20,449.96826171875,31.475690841674805,418.90083366134763,1.0,BULL,0.0
2024-05-21,450.8486022949219,31.637386322021484,421.05279187752166,1.0,BULL,0.0
2024-05-22,450.7595520019531,31.617786407470703,420.7919423035977,1.0,BULL,-0.00019751706563020388
2024-05-23,448.7318115234375,31.14741516113281,414.5319079103133,1.0,BULL,-0.004695125504902142
2024-05-24,452.9752197265625,32.01956558227539,426.13910472554556,1.0,BULL,0.0
2024-05-28,454.6864318847656,32.3674430847168,430.76890543485314,1.0,BULL,0.0
2024-05-29,451.4816589355469,31.691280364990234,421.7700520527645,1.0,BULL,-0.007048314452521298
2024-05-30,446.6447448730469,30.67214584350586,408.20668650789736,1.0,BULL,-0.017686226040184105
2024-05-31,445.8138427734375,30.63784408569336,407.7501743691811,1.0,BULL,-0.019513643885412324
2024-06-03,448.2075500488281,30.93672561645508,411.7279019123775,1.0,BULL,-0.014249120672198745
2024-06-04,449.4341125488281,31.167015075683597,414.79275748423737,1.0,BULL,-0.011551519833494006
2024-06-05,458.4946594238281,33.04850387573242,439.83294582607346,1.0,BULL,0.0
2024-06-06,458.33636474609375,33.00930404663086,439.3112466782255,1.0,BULL,-0.0003452486838849689
2024-06-07,457.9308166503906,32.88681411743164,437.6810637629474,1.0,BULL,-0.001229769555322724
2024-06-10,459.7804870605469,33.23468399047852,442.31076293485773,1.0,BULL,0.0
2024-06-11,462.9358215332031,33.92064666748047,451.44004110390824,1.0,BULL,0.0
2024-06-12,468.999267578125,35.258262634277344,469.2419837658958,1.0,BULL,0.0
2024-06-13,471.5413513183594,35.82172775268555,476.7409774822709,1.0,BULL,0.0
2024-06-14,473.9844970703125,36.34109878540039,483.6531358103652,1.0,BULL,0.0
2024-06-17,479.7907104492188,37.65912628173828,501.1943812045248,1.0,BULL,0.0
2024-06-18,479.9391479492188,37.67872619628906,501.4552307784488,1.0,BULL,0.0
2024-06-20,476.2397155761719,36.7918701171875,489.6523206297256,1.0,BULL,-0.007708127975920687
2024-06-21,474.9637451171875,36.45379638671875,485.1529954760787,1.0,BULL,-0.010366736810887844
2024-06-24,469.5564880371094,35.21906280517578,468.7202846180478,1.0,BULL,-0.021633284045434853
2024-06-25,474.9261169433594,36.39500045776367,484.37049752300544,1.0,BULL,-0.010445138779114238
2024-06-26,475.9069519042969,36.62272644042969,487.40123652933846,1.0,BULL,-0.008401473524615621
2024-06-27,477.1353759765625,36.88832092285156,490.93595640767296,1.0,BULL,-0.005841932221276047
2024-06-28,474.65863037109375,36.30793762207031,483.2118035125604,1.0,BULL,-0.011002473127455281
2024-07-01,477.4424743652344,36.903076171875,491.1323297342471,1.0,BULL,-0.005202062792028395
2024-07-02,482.4555358886719,38.03431701660156,506.18768579652914,1.0,BULL,0.0
2024-07-03,486.477783203125,38.96881866455078,518.6246969920236,1.0,BULL,0.0
2024-07-05,491.55023193359375,40.14925003051758,534.3347154240505,1.0,BULL,0.0
2024-07-08,492.7192077636719,40.41484069824219,537.8693845336863,1.0,BULL,0.0
2024-07-09,493.145263671875,40.50336837768555,539.0475737244324,1.0,BULL,0.0
2024-07-10,498.2870178222656,41.77233123779297,555.9358321159042,1.0,BULL,0.0
2024-07-11,487.3594665527344,39.0278434753418,519.4102410670188,1.0,BULL,-0.02193023474159428
2024-07-12,490.2226257324219,39.66231918334961,527.8542941097066,1.0,BULL,-0.01618423077745168
2024-07-15,491.540283203125,39.95742416381836,531.7817606411894,1.0,BULL,-0.013539856303354747
2024-07-16,491.728515625,39.9869384765625,532.1745580630363,1.0,BULL,-0.013162097270623674
2024-07-17,477.2939147949219,36.47024917602539,485.37196087357455,1.0,BULL,-0.04213054379600911
2024-07-18,475.03509521484375,35.92430114746094,478.1060970216328,1.0,BULL,-0.04666371343376163
2024-07-19,470.8245544433594,34.95045852661133,465.14550823643856,1.0,BULL,-0.05511374448190387
2024-07-22,477.8387756347656,36.47517395019531,485.43750326359714,1.0,BULL,-0.04103707593440398
2024-07-23,476.154541015625,36.08169174194336,480.2007627613232,1.0,BULL,-0.044417125100648436
2024-07-24,459.0747680664063,32.19120407104492,428.42339155488287,1.0,BULL,-0.07869410270256316
2024-07-25,454.01220703125,31.11898422241211,414.15352879889736,1.0,BULL,-0.0888540323296323
2024-07-26,458.6685180664063,32.00922775268555,426.0015215520668,1.0,BULL,-0.07950939586788686
2024-07-29,459.58990478515625,32.196128845214844,428.4889339449054,1.0,BULL,-0.07766028745086084
2024-07-30,453.2790832519531,30.88290023803711,411.0115555737112,1.0,BULL,-0.09032532046894792
2024-07-31,466.69329833984375,33.583126068115234,446.9480774115729,1.0,BULL,-0.06340466107365261
2024-08-01,455.3893432617188,31.163253784179688,414.74269954731847,1.0,BULL,-0.0860902913907503
2024-08-02,444.5806884765625,28.890932083129883,384.5010295644561,1.0,BULL,-0.10778191569273365
2024-08-05,431.324951171875,26.37268829345703,350.9864538824585,1.0,BULL,-0.1343845299101799
2024-08-06,435.4463195800781,27.03175926208496,359.7578381100188,1.0,BULL,-0.1261134566917459
2024-08-07,430.7305908203125,26.161195755004883,348.1717610734461,1.0,BULL,-0.1355773371283172
2024-08-08,443.906982421875,28.556474685668945,380.04983313717736,1.0,BULL,-0.1091339598572233
2024-08-09,446.2252502441406,28.945032119750977,385.22103124942873,1.0,BULL,-0.10448148499966525
2024-08-12,447.1862487792969,29.14177131652832,387.8393761162164,1.0,BULL,-0.1025528805994218
2024-08-13,458.2821960449219,31.261621475219727,416.05184659636296,1.0,BULL,-0.08028469606168442
2024-08-14,458.4307861328125,31.31572151184082,416.7718482813356,1.0,BULL,-0.0799864942571501
2024-08-15,470.01220703125,33.671653747558594,448.12626660231905,1.0,BULL,-0.056744024587654374
2024-08-16,470.6165161132813,33.76019287109375,449.30460809916127,1.0,BULL,-0.055531251506243606
2024-08-19,476.7985229492188,35.06849670410156,466.71644408033296,1.0,BULL,-0.0431247335460615
2024-08-20,475.79791259765625,34.852088928222656,463.83633580304473,1.0,BULL,-0.04513283392952261
2024-08-21,478.0171203613281,35.32917404174805,470.18572310604225,1.0,BULL,-0.040679160274987525
2024-08-22,470.4382019042969,33.63230895996094,447.60263824392047,1.0,BULL,-0.05588910592068075
2024-08-23,475.5403747558594,34.68977355957031,461.67612767333185,1.0,BULL,-0.0456496803103944
2024-08-26,470.9236450195313,33.671653747558594,448.12626660231905,1.0,BULL,-0.0549148820339016
2024-08-27,472.3304748535156,33.956932067871094,451.92295296594887,1.0,BULL,-0.05209154973009644
2024-08-28,466.9707336425781,32.80601119995117,436.60568118707016,1.0,BULL,-0.062847882966234
2024-08-29,466.2871398925781,32.63386154174805,434.31459135210696,1.0,BULL,-0.06421977050403826
2024-08-30,471.8450317382813,33.74542999267578,449.1081332351897,1.0,BULL,-0.05306577361687548
2024-09-03,457.5193481445313,30.666488647460938,408.1313965277243,1.0,BULL,-0.08181563681090276
2024-09-04,456.3304748535156,30.405811309814453,404.662117502015,1.0,BULL,-0.08420155747207425
2024-09-05,456.7564697265625,30.504180908203125,405.9712899354088,1.0,BULL,-0.08334663880510063
2024-09-06,444.521240234375,28.03020668029785,373.0458850018323,1.0,BULL,-0.10790122091253918
2024-09-09,450.2376403808594,29.072912216186523,386.9229503359708,1.0,BULL,-0.09642911760254813
2024-09-10,454.3985900878906,29.85494613647461,397.3308127974481,1.0,BULL,-0.088078609645876
2024-09-11,464.26611328125,31.75838279724121,422.6630988472584,1.0,BULL,-0.06827571926256881
2024-09-12,468.8233642578125,32.69780349731445,435.16557627972736,1.0,BULL,-0.059129884003846445
2024-09-13,470.9236450195313,33.12570571899414,440.8604027503773,1.0,BULL,-0.0549148820339016
2024-09-16,468.8431396484375,32.683048248291016,434.96920295315323,1.0,BULL,-0.05909019725721709
2024-09-17,469.0908508300781,32.70272445678711,435.2310679010512,1.0,BULL,-0.05859307175970119
2024-09-18,467.0598449707031,32.27482223510742,429.5362414304012,1.0,BULL,-0.06266904762648451
2024-09-19,478.8691101074219,34.71437072753906,462.00348424255367,1.0,BULL,-0.038969322941040274
2024-09-20,477.9576416015625,34.4930305480957,459.05773203784554,1.0,BULL,-0.040798526739772356
2024-09-23,479.2245788574219,34.74879455566406,462.4616209796284,1.0,BULL,-0.038255941421382
2024-09-24,481.53619384765625,35.24064254760742,469.00748314659745,1.0,BULL,-0.03361681796932592
2024-09-25,481.9826354980469,35.36399459838867,470.64913978778185,1.0,BULL,-0.03272086516617689
2024-09-26,485.6037902832031,36.11400985717773,480.63087517671505,1.0,BULL,-0.025453658404535173
2024-09-27,482.9053039550781,35.49229049682617,472.3565926624823,1.0,BULL,-0.030869184460017407
2024-09-30,484.2148742675781,35.76860809326172,476.03402335286427,1.0,BULL,-0.02824103990545246
2024-10-01,477.4685363769531,34.2537841796875,455.8736715614365,1.0,BULL,-0.041780100024075395
2024-10-02,478.1431579589844,34.382076263427734,457.58107366743826,1.0,BULL,-0.04042621851020489
2024-10-03,477.7860412597656,34.30312728881836,456.5303646791295,1.0,BULL,-0.041142907258748806
2024-10-04,483.4707946777344,35.51202392578125,472.61921914086076,1.0,BULL,-0.029734314992360567
2024-10-07,478.29205322265625,34.34260177612305,457.0557191732839,1.0,BULL,-0.04012740425587691
2024-10-08,485.4351501464844,35.8327522277832,476.8876990215158,1.0,BULL,-0.0257920981605132
2024-10-09,489.2546997070313,36.69625473022461,488.3798031967936,1.0,BULL,-0.018126737788011327
2024-10-10,488.69915771484375,36.56796646118164,486.6724518594906,1.0,BULL,-0.019241641392394815
2024-10-11,489.4630432128906,36.661712646484375,487.9200926300592,1.0,BULL,-0.017708618313877933
2024-10-14,493.57037353515625,37.59922409057617,500.3971603288284,1.0,BULL,-0.009465717785952399
2024-10-15,486.972900390625,36.099212646484375,480.4339433944553,1.0,BULL,-0.022706024895226662
2024-10-16,487.0324096679688,36.079471588134766,480.1712153786794,1.0,BULL,-0.02258659718546241
2024-10-17,487.3697509765625,36.188018798828125,481.61583870020655,1.0,BULL,-0.021909595183547848
2024-10-18,490.5642700195313,36.8294792175293,490.15284923021534,1.0,BULL,-0.015498593233446378
2024-10-21,491.50677490234375,37.03178405761719,492.8452656284072,1.0,BULL,-0.013607103290698919
2024-10-22,492.0425109863281,37.14033889770508,494.28999048733175,1.0,BULL,-0.012531947677924204
2024-10-23,484.5025329589844,35.4232063293457,471.4371715290134,1.0,BULL,-0.027663744729946038
2024-10-24,488.4313354492188,36.2669677734375,482.6665476885153,1.0,BULL,-0.01977912733131304
2024-10-25,491.4075927734375,36.87882232666016,490.8095423479084,1.0,BULL,-0.013806149473639229
2024-10-28,491.4869384765625,36.91335678100586,491.26915137724535,1.0,BULL,-0.013646912527286892
2024-10-29,496.2093811035156,37.934757232666016,504.8626735291407,1.0,BULL,-0.0041695581952549965
2024-10-30,492.459228515625,37.09099578857422,493.6332973696388,1.0,BULL,-0.011695647484677885
2024-10-31,480.0281982421875,34.26858139038086,456.07060334369635,1.0,BULL,-0.03664317737973033
2024-11-01,483.5798950195313,34.99885940551758,465.7896614855525,1.0,BULL,-0.029515364191126103
2024-11-04,482.1711730957031,34.67319869995117,461.4555376774775,1.0,BULL,-0.03234249368365216
2024-11-05,488.3221435546875,35.99065017700195,478.98911699813334,1.0,BULL,-0.019998261867485545
2024-11-06,501.5865478515625,38.9117431640625,517.8650957220643,1.0,BULL,0.0
2024-11-07,509.4836120605469,40.73249435424805,542.0969448431886,1.0,BULL,0.0
2024-11-08,510.0789184570313,40.831180572509766,543.4103310785746,1.0,BULL,0.0
2024-11-11,509.7813415527344,40.75716400146485,542.4252660176858,1.0,BULL,-0.0005833938504988812
2024-11-12,508.8586120605469,40.53512191772461,539.4701723724166,1.0,BULL,-0.0023923874371750697
2024-11-13,508.2038269042969,40.35749053955078,537.1061279174206,1.0,BULL,-0.0036760812589677894
2024-11-14,504.6720275878906,39.50385284423828,525.7453115969827,1.0,BULL,-0.010600106519783825
2024-11-15,492.6477355957031,36.64691162109375,487.72311007910065,1.0,BULL,-0.03417350184566892
2024-11-18,496.0704040527344,37.38705062866211,497.57340530709797,1.0,BULL,-0.027463425555151577
2024-11-19,499.4832763671875,38.13706207275391,507.5550899273327,1.0,BULL,-0.02077255441549164
2024-11-20,499.195556640625,38.09265899658203,506.96414227445695,1.0,BULL,-0.02133662345687226
2024-11-21,500.99127197265625,38.4676628112793,511.9549592002249,1.0,BULL,-0.017816157766066487
2024-11-22,501.794921875,38.61075973510742,513.8593946258839,1.0,BULL,-0.016240617446198424
2024-11-25,502.5885925292969,38.788387298583984,516.2233883121812,1.0,BULL,-0.01468464125197011
2024-11-26,505.2870788574219,39.39037322998047,524.2350443480356,1.0,BULL,-0.009394310225767755
2024-11-27,501.3087158203125,38.43805694580078,511.56094332960913,1.0,BULL,-0.017193815151679503
2024-11-29,505.7136535644531,39.41997528076172,524.6290094499527,1.0,BULL,-0.008558018641081966
2024-12-02,511.2199096679688,40.69795608520508,541.6372850451529,1.0,BULL,0.0
2024-12-03,512.7872924804688,41.05816268920898,546.4311701886609,1.0,BULL,0.0
2024-12-04,519.126953125,42.55817794799805,566.3944378917328,1.0,BULL,0.0
2024-12-05,517.6883544921875,42.20784378051758,561.731942140462,1.0,BULL,-0.002771188481261788
2024-12-06,522.3214721679688,43.29338836669922,576.1791399610089,1.0,BULL,0.0
2024-12-09,518.2537841796875,42.2818603515625,562.7170072013508,1.0,BULL,-0.007787709686522648
2024-12-10,516.4879150390625,41.822975158691406,556.6098373598542,1.0,BULL,-0.011168518699208874
2024-12-11,525.7342529296875,44.05820846557617,586.3579086695994,1.0,BULL,0.0
2024-12-12,522.3412475585938,43.18482971191406,574.7343643333857,1.0,BULL,-0.00645384117961878
2024-12-13,526.3394165039062,44.11248397827149,587.0802457147124,1.0,BULL,0.0
2024-12-16,533.9190673828125,46.03191375732422,612.6253795338251,1.0,BULL,0.0
2024-12-17,531.5678100585938,45.415130615234375,604.4167917157109,1.0,BULL,-0.0044037710354571935
2024-12-18,512.3905639648438,40.505516052246094,539.0761565018008,1.0,BULL,-0.040321660590804664
2024-12-19,510.1086730957031,39.93313980102539,531.458567105261,1.0,BULL,-0.04459551220716684
2024-12-20,514.5632934570312,40.96934127807617,545.2490718081149,1.0,BULL,-0.03625226201540288
2024-12-23,519.576416015625,42.1104736328125,560.4360711061278,1.0,BULL,-0.02686296902167762
2024-12-24,526.621826171875,43.78380584716797,582.7059638659651,1.0,BULL,-0.013667317121127454
2024-12-26,526.2640991210938,43.68974304199219,581.4541092934044,1.0,BULL,-0.014337319510318691
2024-12-27,519.2684326171875,41.91244888305664,557.8006171878781,1.0,BULL,-0.027439804383537214
2024-12-30,512.3621826171875,40.22922134399414,535.3990304236111,1.0,BULL,-0.04037481723830072
2024-12-31,508.0097351074219,39.17472076416016,521.3649882730903,1.0,BULL,-0.04852670349907917
2025-01-02,507.0160827636719,38.92718505859375,518.0706074144045,1.0,BULL,-0.05038775773829329
2025-01-03,515.3134765625,40.79359436035156,542.9101070902769,1.0,BULL,-0.03484721179094463
2025-01-06,521.2359619140625,42.18473052978516,561.4243345950348,1.0,BULL,-0.023754734085299822
2025-01-07,511.9348754882813,39.912376403808594,531.1822330782334,1.0,BULL,-0.041175139150385176
2025-01-08,512.0243530273438,39.94207763671875,531.5775181663166,1.0,BULL,-0.04100755281655932
2025-01-10,503.9952392578125,38.03606414794922,506.210937860534,1.0,BULL,-0.056045625550857237
2025-01-13,502.3755187988281,37.64001083374024,500.9399792553359,1.0,BULL,-0.05907926970768418
2025-01-14,501.89849853515625,37.50634002685547,499.1609932841662,1.0,BULL,-0.059972701489414915
2025-01-15,513.4453125,40.04108810424805,532.8952197410922,1.0,BULL,-0.038346176665260634
2025-01-16,509.8481140136719,39.2242317199707,522.0239152135259,1.0,BULL,-0.04508352452579123
2025-01-17,518.45361328125,41.15994644165039,547.7857806073919,1.0,BULL,-0.02896591458584108
2025-01-21,521.4943237304688,41.84313583374024,556.8781499324872,1.0,BULL,-0.023270837120029975
2025-01-22,528.1620483398438,43.46696090698242,578.4891665205874,1.0,BULL,-0.010782568734974629
2025-01-23,529.2849731445312,43.73429489135742,582.0470369255294,1.0,BULL,-0.008679394540069274
2025-01-24,526.2938232421875,42.9471435546875,571.5710682547451,1.0,BULL,-0.014281647924661578
2025-01-27,510.9710083007813,39.17967224121094,521.4308860440036,1.0,BULL,-0.04298040748857124
2025-01-28,518.5231323242188,40.917362213134766,544.5572975196197,1.0,BULL,-0.028835709378318697
2025-01-29,517.5493774414062,40.66487503051758,541.1970188900208,1.0,BULL,-0.030659496806600073
2025-01-30,519.7553100585938,41.1747932434082,547.9833723827348,1.0,BULL,-0.026527910669396526
2025-01-31,519.0000610351562,40.9520149230957,545.0184803786166,1.0,BULL,-0.02794244906964438
2025-02-03,514.8463745117188,39.961875915527344,531.8410077125731,1.0,BULL,-0.03572206732489458
2025-02-04,521.1663208007812,41.41242980957031,551.1460084682922,1.0,BULL,-0.02388516792356421
2025-02-05,523.5313110351562,41.95204925537109,558.3276470490894,1.0,BULL,-0.019455675929641147
2025-02-06,526.2640991210938,42.580787658691406,566.6953439689316,1.0,BULL,-0.014337319510318691
2025-02-07,519.6260986328125,40.95696640014648,545.0843781495299,1.0,BULL,-0.026769916309716923
2025-02-10,525.9161987304688,42.39761352539063,564.2575325947236,1.0,BULL,-0.014988917124785561
2025-02-11,524.6641845703125,42.09562301635742,560.2384285620861,1.0,BULL,-0.01733386832926942
2025-02-12,524.97216796875,42.17978286743164,561.35848759282,1.0,BULL,-0.016757032967409824
2025-02-13,532.5244140625,43.95707321166992,585.0119289296476,1.0,BULL,-0.0026121062264152783
2025-02-14,534.76025390625,44.471946716308594,591.8642309619738,1.0,BULL,0.0
2025-02-18,535.9724731445312,44.74918746948242,595.5539476774414,1.0,BULL,0.0
2025-02-19,536.1215209960938,44.75413513183594,595.6197946796561,1.0,BULL,0.0
2025-02-20,533.8458862304688,44.20956039428711,588.3722075592466,1.0,BULL,-0.004244624915256123
2025-02-21,522.7661743164062,41.44213104248047,551.5412935563754,1.0,BULL,-0.024911043777675168
2025-02-24,516.5953369140625,39.95197677612305,531.7092629394448,1.0,BULL,-0.03642119056469195
2025-02-25,510.0865783691406,38.42716979980469,511.4160494635174,1.0,BULL,-0.048561644342463905
2025-02-26,511.3188171386719,38.67470169067383,514.7103795535043,1.0,BULL,-0.04626321251073706
2025-02-27,497.1188049316406,35.4666633605957,472.0155285446113,1.0,BULL,-0.07274976761236429
2025-02-28,504.9690551757813,37.09048843383789,493.6265451327116,1.0,BULL,-0.05810709811169734
2025-03-03,493.9190673828125,34.69435119628906,461.73705011177265,1.0,BULL,-0.07871807409422904
2025-03-04,492.4285278320313,34.31315231323242,456.6637848193148,1.0,BULL,-0.08149830113680667
2025-03-05,498.8478698730469,35.649837493896484,474.4533399188194,1.0,BULL,-0.06952463138169462
2025-03-06,485.1248779296875,32.694278717041016,435.11866600212795,1.0,BULL,-0.09512142503001264
2025-03-07,488.6922302246094,33.37252426147461,444.1452390937071,1.0,BULL,-0.08846742560037979
2025-03-10,469.7522888183594,29.610010147094727,394.07103080692707,1.0,BULL,-0.12379512774346912
2025-03-11,468.6293640136719,29.26346206665039,389.4589229891166,1.0,BULL,-0.12588966183827865
2025-03-12,473.9159240722656,30.26349830627441,402.7681150439389,1.0,BULL,-0.11602891226648104
2025-03-13,465.3899230957031,28.609973907470703,380.7618387521047,1.0,BULL,-0.1319320249800343
2025-03-14,476.63861083984375,30.63974952697754,407.77553333418206,1.0,BULL,-0.11095042416080025
2025-03-17,479.72900390625,31.23383140563965,415.68199662632867,1.0,BULL,-0.10518607233872757
2025-03-18,471.5508728027344,29.659517288208008,394.7299069786642,1.0,BULL,-0.12044032120439696
2025-03-19,477.8609008789063,30.813026428222656,410.0816253196113,1.0,BULL,-0.108670549186202
2025-03-20,476.24114990234375,30.49618148803711,405.86482797423355,1.0,BULL,-0.11169178767995458
2025-03-21,477.8111877441406,30.7833194732666,409.68626407847995,1.0,BULL,-0.108763276548971
2025-03-24,488.2964782714844,32.73883819580078,435.7116951716503,1.0,BULL,-0.08920560143855494
2025-03-25,491.0829772949219,33.32301712036133,443.48636292197,1.0,BULL,-0.08400808760202716
2025-03-26,482.0466918945313,31.469974517822266,418.8247567663447,1.0,BULL,-0.10086300770223411
2025-03-27,479.2999877929688,30.93372344970703,411.6879469465,1.0,BULL,-0.10598629411024696
2025-03-28,466.68109130859375,28.4709415435791,378.9114973749113,1.0,BULL,-0.12952367507740092
2025-03-31,466.6611633300781,28.451080322265625,378.6471701451263,1.0,BULL,-0.12956084571453297
2025-04-01,470.4229431152344,29.10649871826172,387.36994334368075,1.0,BULL,-0.12254419065064548
2025-04-02,473.8563232421875,29.75695037841797,396.02661569652696,1.0,BULL,-0.11614008264062936
2025-04-03,448.4891052246094,24.97538185119629,332.39010800755244,1.0,BULL,-0.16345625448623402
2025-04-04,420.6339721679688,20.4023551940918,271.5290235391454,1.0,EXIT_SIGNAL,-0.21541300676300668
2025-04-07,421.6490173339844,20.481800079345703,272.45003929205603,0.0,CASH,-0.2135196950300069
2025-04-08,414.0557556152344,19.31495857238769,272.4949070574943,0.0,CASH,-0.22768301700343185
2025-04-09,463.7552490234375,26.12236595153809,272.54008498266927,0.0,CASH,-0.13498109875947983
2025-04-10,444.03070068359375,22.909822463989254,272.58581115425704,0.0,CASH,-0.17177228800925337
2025-04-11,452.2111206054688,24.12135505676269,272.6312096723798,0.0,CASH,-0.1565137699279867
2025-04-14,455.2762756347656,24.62781143188477,272.6767888484698,0.0,CASH,-0.15079649332323142
2025-04-15,455.7837829589844,24.722152709960938,272.72218087926456,0.0,CASH,-0.14984986591816885
2025-04-16,442.0403442382813,22.487773895263672,272.7676345740136,0.0,CASH,-0.1754847978924874
2025-04-17,441.9607238769531,22.42322540283203,272.8131824413244,0.0,CASH,-0.17563330967239177
2025-04-21,431.0236206054688,20.784683227539062,272.85870543383834,0.0,CASH,-0.1960337279416744
2025-04-22,442.33892822265625,22.373573303222656,272.9042901624211,0.0,CASH,-0.17492786448712772
2025-04-23,452.3703308105469,23.858192443847656,272.94991499279905,0.0,CASH,-0.15621680329105292
2025-04-24,465.0987243652344,25.888994216918945,272.9954932980478,0.0,CASH,-0.13247518304973405
2025-04-25,470.28363037109375,26.743024826049805,273.0409600477566,0.0,CASH,-0.12280404357332209
2025-04-28,470.1343383789063,26.723163604736328,273.0863910279841,0.0,CASH,-0.12308251027600181
2025-04-29,473.23931884765625,27.244516372680664,273.1318295674217,0.0,CASH,-0.11729094931985706
2025-04-30,473.1795654296875,27.249481201171875,273.17724315398976,0.0,CASH,-0.11740240430837856
2025-05-01,479.3596496582031,28.18791961669922,273.2226642914678,0.0,CASH,-0.10587500989034948
2025-05-02,486.4752502441406,29.508686065673828,273.26803876902443,0.0,CASH,-0.09260264475060098
2025-05-05,483.5892028808594,28.997264862060547,273.3136701958965,0.0,CASH,-0.09798584100416508
2025-05-06,479.0910034179688,28.17302703857422,273.35930924249294,0.0,CASH,-0.10637610195569913
2025-05-07,480.9718627929688,28.500732421875,273.40497760369686,0.0,CASH,-0.10286783134663002
2025-05-08,485.9378662109375,29.349796295166016,273.45070784267773,0.0,CASH,-0.0936049996499243
2025-05-09,485.6193542480469,29.2802848815918,273.4964457305858,0.0,CASH,-0.09419910369241613
2025-05-12,505.4036560058594,32.825496673583984,273.5421912687003,0.0,CASH,-0.057296459454120985
2025-05-13,513.1063842773438,34.329978942871094,273.588650024098,0.0,CASH,-0.042928955129405644
2025-05-14,516.181396484375,34.93574142456055,273.63517094963794,0.0,CASH,-0.03719329243614533
2025-05-15,516.748779296875,35.044979095458984,273.68169978558103,0.0,CASH,-0.03613498235106272
2025-05-16,518.9978637695312,35.476959228515625,273.7279433034183,0.0,CASH,-0.031939880336733006
2025-05-19,519.4954223632812,35.5713005065918,273.77396652931685,0.0,CASH,-0.031011809788799027
2025-05-20,517.7638549804688,35.19890213012695,273.82003008310346,0.0,CASH,-0.0342416136951883
2025-05-21,510.568603515625,33.7341423034668,273.8661883183212,0.0,CASH,-0.047662547537715705
2025-05-22,511.5240173339844,33.907928466796875,273.9122130541979,0.0,CASH,-0.04588046310173888
2025-05-23,506.7869262695313,32.92976760864258,273.958212913371,0.0,CASH,-0.05471631631586038
2025-05-27,518.7091674804688,35.223731994628906,274.0041987564603,0.0,CASH,-0.032478370730713246
2025-05-28,516.4103393554688,34.77189254760742,274.04989874321376,0.0,CASH,-0.03676625703068659
2025-05-29,517.4254760742188,34.940711975097656,274.09584560020005,0.0,CASH,-0.03487277452906279
2025-05-30,516.6093139648438,34.75699234008789,274.141854545919,0.0,CASH,-0.03639511988811239
2025-06-02,520.689697265625,35.55640411376953,274.1878929702812,0.0,CASH,-0.02878419001310939
2025-06-03,524.7598876953125,36.38560485839844,274.2339391261754,0.0,CASH,-0.021192272378231958
2025-06-04,526.2228393554688,36.67855453491211,274.2800256646204,0.0,CASH,-0.018463503614317922
2025-06-05,522.2620239257812,35.82453155517578,274.3261743648601,0.0,CASH,-0.02585140966652877
2025-06-06,527.3673095703125,36.84737777709961,274.37224374324813,0.0,CASH,-0.016328781970020967
2025-06-09,528.1435546875,37.01123046875,274.4183208583664,0.0,CASH,-0.014880891730984724
2025-06-10,531.63671875,37.72623443603516,274.46449282732004,0.0,CASH,-0.008365271809572472
2025-06-11,529.8453369140625,37.33893585205078,274.5107814818643,0.0,CASH,-0.011706644550232403
2025-06-12,531.0892333984375,37.58224105834961,274.55707794302685,0.0,CASH,-0.009386468180397678
2025-06-13,524.421630859375,36.16216659545898,274.6034693719794,0.0,CASH,-0.021823205520608124
2025-06-16,531.7161865234375,37.63685607910156,274.6496724929034,0.0,CASH,-0.008217044644041382
2025-06-17,526.5313720703125,36.52463150024414,274.6959705821321,0.0,CASH,-0.017888013351829435
2025-06-18,526.4417724609375,36.474979400634766,274.7419494545964,0.0,CASH,-0.018055138911737045
2025-06-20,524.2921752929688,35.973487854003906,274.78799053658736,0.0,CASH,-0.022064672354779824
2025-06-23,529.6832275390625,37.09067535400391,274.83373401545526,0.0,CASH,-0.012009018860256071
2025-06-24,537.7831420898438,38.77886581420898,274.8790815814846,0.0,CASH,0.0
2025-06-25,539.157958984375,39.07662963867188,274.92469842129475,0.0,CASH,0.0
2025-06-26,544.1992797851562,40.14715194702149,274.9703882900476,0.0,CASH,0.0
2025-06-27,546.0623779296875,40.54050827026367,275.0161403056843,0.0,CASH,0.0
2025-06-30,549.5992431640625,41.32721710205078,275.0619435893433,0.0,CASH,0.0
2025-07-01,544.9664306640625,40.27660751342773,275.10767809566784,0.0,CASH,-0.008429437554041574
2025-07-02,548.7623291015625,41.07826232910156,275.1538022985932,0.0,CASH,-0.0015227714974311857
2025-07-03,554.1622924804688,42.22845077514648,275.19991239862304,0.0,CASH,0.0
2025-07-07,549.9878540039062,41.287384033203125,275.24621587344774,0.0,CASH,-0.007532880770139472
2025-07-08,550.2967529296875,41.34215545654297,275.2925817526098,0.0,CASH,-0.0069754647749106224
2025-07-09,554.1921997070312,42.19857406616211,275.33901006500855,0.0,CASH,0.0
2025-07-10,553.3952026367188,42.004390716552734,275.3853915755727,0.0,CASH,-0.0014381239409970714
2025-07-11,552.1497192382812,41.68572235107422,275.43172625800327,0.0,CASH,-0.0036855092327711114
2025-07-14,554.15234375,42.12887191772461,275.4780359493129,0.0,CASH,-7.19172104052257e-05
2025-07-15,554.660400390625,42.23841094970703,275.52425504380426,0.0,CASH,0.0
2025-07-16,555.2283325195312,42.35791015625,275.57052562367176,0.0,CASH,0.0
2025-07-17,559.7216186523438,43.343788146972656,275.61672742702416,0.0,CASH,0.0
2025-07-18,559.1836547851562,43.19441604614258,275.66304635073254,0.0,CASH,-0.0009611275485174042
2025-07-21,562.0828857421875,43.851661682128906,275.70931836229295,0.0,CASH,0.0
2025-07-22,559.1737060546875,43.16951751708984,275.75552155535314,0.0,CASH,-0.005175712979872404
2025-07-23,561.7241821289062,43.73714447021485,275.80180908953724,0.0,CASH,-0.0006381685377372381
2025-07-24,562.9197998046875,44.02593612670898,275.8482138358632,0.0,CASH,0.0
2025-07-25,564.2747802734375,44.2748908996582,275.8946811230126,0.0,CASH,0.0
2025-07-28,566.0381469726562,44.70808410644531,275.941156237687,0.0,CASH,0.0
2025-07-29,565.1614379882812,44.50393295288086,275.9875296834611,0.0,CASH,-0.001548851414103325
2025-07-30,565.918701171875,44.658294677734375,276.0338561618669,0.0,CASH,-0.0002110207614453019
2025-07-31,562.9197998046875,43.9213752746582,276.08021232236405,0.0,CASH,-0.005509075995401735
2025-08-01,551.8309326171875,41.287384033203125,276.1266091372865,0.0,CASH,-0.025099393797844316
2025-08-04,562.0131225585938,43.54793548583984,276.17243300727273,0.0,CASH,-0.0071108713000873625
2025-08-05,558.197265625,42.6417236328125,276.2179466612635,0.0,CASH,-0.013852213653075651
2025-08-06,565.2212524414062,44.23506164550781,276.2634349352709,0.0,CASH,-0.0014431792903341067
2025-08-07,567.1340942382812,44.68318557739258,276.30874433003805,0.0,CASH,0.0
2025-08-08,572.4244384765625,45.88814926147461,276.3541159803238,0.0,CASH,0.0
2025-08-11,570.730712890625,45.48483657836914,276.3994402475017,0.0,CASH,-0.0029588631653203468
2025-08-12,577.9041137695312,47.16282272338867,276.4448816330469,0.0,CASH,0.0
2025-08-13,578.1930541992188,47.23252868652344,276.4901878787922,0.0,CASH,0.0
2025-08-14,577.7447509765625,47.10307312011719,276.53528211328023,0.0,CASH,-0.000775352141296759
2025-08-15,575.2041625976562,46.43586349487305,276.58040564807726,0.0,CASH,-0.005169366148304988
2025-08-18,574.9749755859375,46.37611389160156,276.62553654588913,0.0,CASH,-0.005565751075543801
2025-08-19,567.1740112304688,44.48401641845703,276.67079555887636,0.0,CASH,-0.01905772282929108
2025-08-20,563.8065185546875,43.67241287231445,276.7159192496179,0.0,CASH,-0.024881889431301096
2025-08-21,561.1961669921875,43.0649528503418,276.7611051997916,0.0,CASH,-0.029396560687799056
2025-08-22,569.85400390625,45.00185394287109,276.80644130225534,0.0,CASH,-0.014422605447099501
2025-08-25,568.2100830078125,44.608497619628906,276.8513454563194,0.0,CASH,-0.01726580960961621
2025-08-26,570.4916381835938,45.1263313293457,276.8963118269146,0.0,CASH,-0.013319800298001283
2025-08-27,571.368408203125,45.33048248291016,276.94123055997426,0.0,CASH,-0.011803403632279386
2025-08-28,574.9451293945312,46.15702819824219,276.9858488687134,0.0,CASH,-0.005617370843698177
2025-08-29,568.2898559570312,44.49397659301758,277.0306062649035,0.0,CASH,-0.017127840208843614
2025-09-02,563.5275268554688,43.35872650146485,277.0750520903964,0.0,CASH,-0.02536441286736202
2025-09-03,567.9611206054688,44.36949920654297,277.1193840994439,0.0,CASH,-0.017696396591828534
2025-09-04,573.1019287109375,45.569480895996094,277.16356924707077,0.0,CASH,-0.008805234603401324
2025-09-05,573.9288330078125,45.7188606262207,277.20754146627496,0.0,CASH,-0.007375082008399536
2025-09-08,576.7284545898438,46.371131896972656,277.25055263734345,0.0,CASH,-0.002533063305998118
2025-09-09,578.3624877929688,46.749549865722656,277.29376851684174,0.0,CASH,0.0
2025-09-10,578.5517578125,46.7993392944336,277.33715618949833,0.0,CASH,0.0
2025-09-11,581.919189453125,47.58605194091797,277.38040758006736,0.0,CASH,0.0
2025-09-12,584.4896240234375,48.1785774230957,277.42364370044703,0.0,CASH,0.0
2025-09-15,589.4910888671875,49.40843200683594,277.46688656017113,0.0,CASH,0.0
2025-09-16,588.9929809570312,49.27399444580078,277.50982786509354,0.0,CASH,-0.0008449795417831973
2025-09-17,587.8173217773438,48.96030807495117,277.55266569285175,0.0,CASH,-0.002839342479392215
2025-09-18,593.1176147460938,50.27979278564453,277.5952678245728,0.0,CASH,0.0
2025-09-19,597.1326904296875,51.27562713623047,277.63800868453023,0.0,CASH,0.0
2025-09-22,600.667724609375,52.14200592041016,277.68073408943116,0.0,CASH,0.0
2025-09-23,596.6779174804688,51.09139633178711,277.72313549730995,0.0,CASH,-0.0066422865178928925
2025-09-24,594.583251953125,50.54216766357422,277.7655103173073,0.0,CASH,-0.010129514883135848
2025-09-25,592.0198364257812,49.864349365234375,277.8080348946855,0.0,CASH,-0.014397124781787896
2025-09-26,594.4535522460938,50.46242141723633,277.8508415840062,0.0,CASH,-0.01034544076314814
2025-09-29,597.20654296875,51.13525390625,277.89340127525094,0.0,CASH,-0.0057622234370522385
2025-09-30,598.8424072265625,51.53396987915039,277.9360005683384,0.0,CASH,-0.0030388138200692083
2025-10-01,601.7150268554688,52.261627197265625,277.97840786715335,0.0,CASH,0.0
2025-10-02,604.188720703125,52.89956665039063,278.02082163644707,0.0,CASH,0.0
2025-10-03,601.645263671875,52.18187713623047,278.06327497515514,0.0,CASH,-0.0042097062459061085
2025-10-06,606.1636962890625,53.34812545776367,278.10584513888494,0.0,CASH,0.0
2025-10-07,602.9718627929688,52.48590469360352,278.1484438901969,0.0,CASH,-0.005265629590874843
2025-10-08,609.88427734375,54.265167236328125,278.1908615271744,0.0,CASH,0.0
2025-10-09,609.1461181640625,54.05085754394531,278.23328563284133,0.0,CASH,-0.001210326626064906
2025-10-10,588.0000610351562,48.37913513183594,278.275826618113,0.0,CASH,-0.03588257169689113
2025-10-13,600.4782104492188,51.44924545288086,278.31837410776615,0.0,CASH,-0.015422707624957677
2025-10-14,596.4783935546875,50.40261459350586,278.36092810279524,0.0,CASH,-0.02198102867555396
2025-10-15,600.6876220703125,51.43428802490234,278.403488604195,0.0,CASH,-0.015079344746337764
2025-10-16,598.4633178710938,50.861141204833984,278.4461108530119,0.0,CASH,-0.01872643696013665
2025-10-17,602.393310546875,51.82802200317383,278.48868437858346,0.0,CASH,-0.01228260356128652
2025-10-20,609.98388671875,53.771759033203125,278.53103234061996,0.0,CASH,0.0
2025-10-21,609.8244018554688,53.71194839477539,278.5730109472836,0.0,CASH,-0.00026145750199924045
2025-10-22,603.9493408203125,52.13204193115234,278.6148521722973,0.0,CASH,-0.009892959518814082
2025-10-23,609.0264282226562,53.437835693359375,278.65673285046347,0.0,CASH,-0.0015696455544820243
2025-10-24,615.52978515625,55.10247421264648,278.69861982402705,0.0,CASH,0.0
2025-10-27,626.4918823242188,58.02804946899414,278.74023660615353,0.0,CASH,0.0
2025-10-28,631.3095703125,59.35377502441406,278.7813618514561,0.0,CASH,0.0
2025-10-29,634.15234375,60.11133575439453,278.8225152909031,0.0,CASH,0.0
2025-10-30,624.45703125,57.36019515991211,278.8637854491314,0.0,CASH,-0.015288617310262875
2025-10-31,627.4693603515625,58.17258071899414,278.9053604980767,0.0,CASH,-0.010538450995731252
2025-11-03,630.4716796875,58.97001266479492,278.9465101057054,0.0,CASH,-0.005804069162205994
2025-11-04,617.6743774414062,55.36163711547852,278.9883852900547,0.0,CASH,-0.02598423938820893
2025-11-05,621.6941528320312,56.43817138671875,279.03037747023785,0.0,CASH,-0.019645422808498014
2025-11-06,610.1136474609375,53.27336502075195,279.0723206091133,0.0,CASH,-0.0379068161238858
2025-11-07,608.1885375976562,52.72014617919922,279.113993194258,0.0,CASH,-0.040942537559365055
2025-11-10,621.6442260742188,56.17401885986328,279.1556055460006,0.0,CASH,-0.019724152719858612
2025-11-11,619.9884643554688,55.71051406860352,279.19751211955816,0.0,CASH,-0.022335136870699657
2025-11-12,619.4996948242188,55.59588623046875,279.23942498409065,0.0,CASH,-0.02310588152861537
2025-11-13,606.8519897460938,52.16194915771485,279.28128873726837,0.0,CASH,-0.043050150761043016
2025-11-14,607.310791015625,52.20181655883789,279.32332500406943,0.0,CASH,-0.042326663299310674
2025-11-17,602.1240234375,50.861141204833984,279.36531217807544,0.0,CASH,-0.05050571937194703
2025-11-18,594.792724609375,49.022064208984375,279.4071282883261,0.0,CASH,-0.06206650425334015
2025-11-19,598.3436889648438,49.864349365234375,279.44895065771846,0.0,CASH,-0.05646695961636783
2025-11-20,584.1798095703125,46.30082702636719,279.4907792871894,0.0,CASH,-0.07880209648706749
2025-11-21,588.568603515625,47.327518463134766,279.53264745062046,0.0,CASH,-0.07188137154050378
2025-11-24,603.6201782226562,50.91596221923828,279.57413364522887,0.0,CASH,-0.04814642069568753
2025-11-25,607.3406982421875,51.84297180175781,279.6155150549046,0.0,CASH,-0.042279502349962694
2025-11-26,612.70703125,53.19860458374024,279.65692478243045,0.0,CASH,-0.033817288087567676
2025-11-28,617.6743774414062,54.36484909057617,279.69857368896123,0.0,CASH,-0.02598423938820893
2025-12-01,615.599609375,53.87642288208008,279.73960724588176,0.0,CASH,-0.029255958064098864
2025-12-02,620.4173583984375,55.12240982055664,279.7806024201451,0.0,CASH,-0.021658810358315406
2025-12-03,621.9335327148438,55.51115417480469,279.8213704500211,0.0,CASH,-0.019267942720043396
2025-12-04,621.35498046875,55.331729888916016,279.86173357220036,0.0,CASH,-0.020180266472838326
2025-12-05,623.8884887695312,55.96968078613281,279.90184708721864,0.0,CASH,-0.016185156582051552
2025-12-08,622.6915893554688,55.62080383300781,279.9418663861962,0.0,CASH,-0.018072557024325087
2025-12-09,623.4595947265625,55.83012771606445,279.9820580402092,0.0,CASH,-0.016861483094435803
2025-12-10,626.0130615234375,56.468074798583984,280.0224110095051,0.0,CASH,-0.012834900488471912
2025-12-11,623.98828125,55.9298095703125,280.06233642635425,0.0,CASH,-0.01602779300616597
2025-12-12,612.0587158203125,52.65037155151367,280.1019896977142,0.0,CASH,-0.03483962197322954
2025-12-15,608.9865112304688,51.85294342041016,280.141170631857,0.0,CASH,-0.03968420643329251
2025-12-16,610.1934204101562,52.16194915771485,280.18050156406406,0.0,CASH,-0.037781021510012724
2025-12-17,598.8822631835938,49.241355895996094,280.21991584578706,0.0,CASH,-0.05561767754076241
2025-12-18,607.5601806640625,51.34457778930664,280.25931343138353,0.0,CASH,-0.0419333987298498
2025-12-19,615.4799194335938,53.34812545776367,280.2984830076832,0.0,CASH,-0.029444698108326173
2025-12-22,618.4302368164062,54.075782775878906,280.3376580583976,0.0,CASH,-0.02479231857856512
2025-12-23,621.3265380859375,54.83333587646485,280.3769053318201,0.0,CASH,-0.020225117498136713
2025-12-24,623.144287109375,55.26862335205078,280.4163694930884,0.0,CASH,-0.017358694246133233
2025-12-26,623.1043090820312,55.21870422363281,280.4559282316704,0.0,CASH,-0.017421735923322856
2025-12-29,620.088134765625,54.40005874633789,280.49535899948427,0.0,CASH,-0.022177965788484855
2025-12-30,618.64990234375,54.01070022583008,280.53473965861525,0.0,CASH,-0.024445926217945946
2025-12-31,613.536376953125,52.63298034667969,280.5741481097141,0.0,CASH,-0.03250948608809745
2026-01-02,612.347900390625,52.26358795166016,280.6136400336855,0.0,CASH,-0.034383604467085105
2026-01-05,617.2117309570312,53.51152420043945,280.65298162051477,0.0,CASH,-0.026713790400571646
2026-01-06,622.6348876953125,54.91919708251953,280.69212825780994,0.0,CASH,-0.018161970334415356
2026-01-07,623.2341918945312,55.07893371582031,280.73133604694146,0.0,CASH,-0.01721692265758301
2026-01-08,619.6885986328125,54.10055160522461,280.77049361343575,0.0,CASH,-0.02280799757303975
2026-01-09,625.86083984375,55.6679573059082,280.80956750679024,0.0,CASH,-0.013074940095969656
2026-01-12,626.3801879882812,55.79774475097656,280.8487136978166,0.0,CASH,-0.012255975773516559
2026-01-13,625.4513549804688,55.50822448730469,280.8880882416004,0.0,CASH,-0.013720660114695415
2026-01-14,618.769775390625,53.74114990234375,280.9277692566031,0.0,CASH,-0.024256897433212354
2026-01-15,620.9970092773438,54.29024124145508,280.96745587733636,0.0,CASH,-0.020744754162483114
2026-01-16,620.4776611328125,54.05063247680664,281.00720385337917,0.0,CASH,-0.021563718484936212
2026-01-20,607.2942504882812,50.646263122558594,281.0468682423526,0.0,CASH,-0.04235274619170526
2026-01-21,615.50390625,52.64296340942383,281.08670552095845,0.0,CASH,-0.0294068731020124
2026-01-22,619.978271484375,53.811031341552734,281.12672691445164,0.0,CASH,-0.022351210092212193
2026-01-23,621.935791015625,54.29024124145508,281.16675400622904,0.0,CASH,-0.019264381587133395
2026-01-26,624.67236328125,54.98908615112305,281.2067198521686,0.0,CASH,-0.01494905847495731
2026-01-27,630.335205078125,56.44667434692383,281.2466132663305,0.0,CASH,-0.00601927708616945
2026-01-28,632.4225463867188,56.965816497802734,281.28645653579815,0.0,CASH,-0.0027277315621861975
2026-01-29,628.6373291015625,55.9474983215332,281.3264393965974,0.0,CASH,-0.008696671553439339
2026-01-30,621.0868530273438,53.910865783691406,281.3664056121361,0.0,CASH,-0.020603078820768395
2026-02-02,625.3515014648438,55.00904846191406,281.4062881838964,0.0,CASH,-0.0138781199374165
2026-02-03,615.7435913085938,52.43330764770508,281.4462434108188,0.0,CASH,-0.029028911779380717
2026-02-04,604.9871826171875,49.67786407470703,281.4863383310445,0.0,CASH,-0.045990780323142966
2026-02-05,596.2781982421875,47.56136322021485,281.52649481494745,0.0,CASH,-0.059724048773276306
2026-02-06,608.8822631835938,50.50649642944336,281.5664671093038,0.0,CASH,-0.0398485960281626
2026-02-09,613.54638671875,51.654598236083984,281.60657915663535,0.0,CASH,-0.0324937016070912
2026-02-10,610.699951171875,50.93578338623047,281.646730443169,0.0,CASH,-0.03698226902299451
2026-02-11,612.337890625,51.31515884399414,281.6868539248403,0.0,CASH,-0.03439938894809136
2026-02-12,599.8836059570312,48.18033981323242,281.7270949029064,0.0,CASH,-0.05403865195912361
2026-02-13,601.1619873046875,48.38999557495117,281.7673192720108,0.0,CASH,-0.05202276199158573
2026-02-17,600.542724609375,48.27019119262695,281.80749347676766,0.0,CASH,-0.05299928238359519
2026-02-18,605.027099609375,49.308475494384766,281.847673409537,0.0,CASH,-0.04592783489278873
2026-02-19,602.7100219726562,48.7494010925293,281.88797091534366,0.0,CASH,-0.0495816535052328
2026-02-20,608.0433349609375,49.97737121582031,281.9281846956415,0.0,CASH,-0.04117150878079123
2026-02-23,600.652587890625,48.16037368774414,281.9684042127862,0.0,CASH,-0.052826038079867965
2026-02-24,607.1044921875,49.69783020019531,282.00855114338094,0.0,CASH,-0.042651977602976454
2026-02-25,615.9033813476562,51.78438186645508,282.04870379013397,0.0,CASH,-0.028776937564292893
2026-02-26,608.4727783203125,49.967384338378906,282.08886215385917,0.0,CASH,-0.04049431604688836
2026-02-27,606.5252075195312,49.438262939453125,282.12902623537053,0.0,CASH,-0.04356545631779629
2026-03-02,607.32421875,49.61796569824219,282.1690840796262,0.0,CASH,-0.04230548899552178
2026-03-03,600.8224487304688,48.02060317993164,282.2092819759606,0.0,CASH,-0.0525581831369385
2026-03-04,609.9808959960938,50.17703628540039,282.2495415940867,0.0,CASH,-0.03811615299088966
2026-03-05,608.1431274414062,49.7177963256836,282.2898069555988,0.0,CASH,-0.04101414520490565
2026-03-06,598.9946899414062,47.46152877807617,282.3299996478229,0.0,CASH,-0.05544039086994823
2026-03-09,606.99462890625,49.308475494384766,282.36999639702503,0.0,CASH,-0.04282522190670368
2026-03-10,607.004638671875,49.318458557128906,282.41025653110216,0.0,CASH,-0.04280943742569743
2026-03-11,606.9247436523438,49.26853942871094,282.4505448200033,0.0,CASH,-0.042935424533241395
2026-03-12,596.5078735351562,46.75270462036133,282.49089489676584,0.0,CASH,-0.05936187193165088
2026-03-13,592.9722900390625,45.85418701171875,282.5313067888885,0.0,CASH,-0.06493716236610136
2026-03-16,599.6239013671875,47.38166046142578,282.57170203798944,0.0,CASH,-0.054448182243767795
2026-03-17,602.5502319335938,48.08050537109375,282.61212549002266,0.0,CASH,-0.04983362772032052
2026-03-18,594.15087890625,46.023902893066406,282.6525547248553,0.0,CASH,-0.06307863597444918
2026-03-19,592.273193359375,45.61458206176758,282.6930458237801,0.0,CASH,-0.0660395736188194
2026-03-20,581.3269653320312,43.00889205932617,282.7335651602198,0.0,CASH,-0.08330076982068835
2026-03-23,588.0,44.496429443359375,282.77415762241736,0.0,CASH,-0.07277800705912785
2026-03-24,583.97998046875,43.547996520996094,282.81468858488154,0.0,CASH,-0.07911720862618032
2026-03-25,587.8200073242188,44.38999938964844,282.85531513806853,0.0,CASH,-0.07306183897673446
2026-03-26,573.7899780273438,41.22999954223633,282.8959475272919,0.0,CASH,-0.095185906537393
2026-03-27,562.5800170898438,38.77999877929688,282.9365857533901,0.0,CASH,-0.1128629853150428
2026-03-30,558.280029296875,37.88999938964844,282.97708386040006,0.0,CASH,-0.11964367111609375
2026-03-31,577.1799926757812,41.68000030517578,283.0174867001525,0.0,CASH,-0.08984016480538115
2026-04-01,584.3099975585938,43.22999954223633,283.05791776861,0.0,CASH,-0.07859680198715069
2026-04-02,584.97998046875,43.33000183105469,283.09841077650503,0.0,CASH,-0.07754030047492033
2026-04-06,588.5,44.09999847412109,283.13893204632757,0.0,CASH,-0.07198955298349785
2026-04-07,588.5900268554688,44.150001525878906,283.1796388845951,0.0,CASH,-0.07184758890127696
2026-04-08,606.0900268554688,48.0,283.2202616781375,0.0,CASH,-0.0442516962542272
2026-04-09,610.1900024414062,48.959999084472656,283.26072171444827,0.0,CASH,-0.03778641133279537
2026-04-10,611.0700073242188,49.16999816894531,283.30105264644266,0.0,CASH,-0.036398724459939746
2026-04-13,617.3900146484375,50.65999984741211,283.34144552992626,0.0,CASH,-0.02643265339435641
2026-04-14,628.5999755859375,53.40999984741211,283.38195660957575,0.0,CASH,-0.008755574616706618
2026-04-15,637.4000244140625,55.650001525878906,283.4225746898945,0.0,CASH,0.0
2026-04-16,640.469970703125,56.43000030517578,283.463198592138,0.0,CASH,0.0
2026-04-17,648.8499755859375,58.59000015258789,283.50380581901027,0.0,CASH,0.0
2026-04-20,646.7899780273438,58.08000183105469,283.5443063616258,0.0,CASH,-0.0031748441644519065
2026-04-21,644.3300170898438,57.400001525878906,283.5847901881476,0.0,CASH,-0.00696610721455615
2026-04-22,655.1099853515625,60.209999084472656,283.6252797948603,0.0,CASH,0.0
2026-04-23,651.4199829101562,59.220001220703125,283.66574141743877,0.0,CASH,-0.005632645699066852
2026-04-24,663.8800048828125,62.560001373291016,283.70620881222095,0.0,CASH,0.0
2026-04-27,664.22998046875,62.63999938964844,283.7466594626124,0.0,CASH,0.0
2026-04-28,657.5499877929688,60.7400016784668,283.7870821008313,0.0,CASH,-0.010056746717555742
2026-04-29,661.5700073242188,61.86000061035156,283.82751049767194,0.0,CASH,-0.004004596634819335
2026-04-30,667.739990234375,63.540000915527344,283.8679446539547,0.0,CASH,0.0
2026-05-01,674.1500244140625,65.30000305175781,283.9083282488917,0.0,CASH,0.0
2026-05-04,672.8800048828125,64.91000366210938,283.9486049269483,0.0,CASH,-0.0018838826451929025
2026-05-05,681.6099853515625,67.38999938964844,283.9890563343815,0.0,CASH,0.0
2026-05-06,695.77001953125,71.56999969482422,284.02962619849734,0.0,CASH,0.0
2026-05-07,694.9400024414062,71.33999633789062,284.07020185830794,0.0,CASH,-0.0011929474776779525
2026-05-08,711.22998046875,76.27999877929688,284.11076077102115,0.0,CASH,0.0
2026-05-11,713.2899780273438,76.95999908447266,284.15129165169975,0.0,CASH,0.0
2026-05-12,707.239990234375,74.95999908447266,284.1918846922889,0.0,CASH,-0.00848180680976407
2026-05-13,714.7100219726562,77.23999786376953,284.23251736448753,0.0,CASH,0.0
2026-05-14,719.7899780273438,78.94999694824219,284.2731220087497,0.0,CASH,0.0
2026-05-15,708.9299926757812,75.33999633789062,284.31359708726455,0.0,CASH,-0.015087714031981059
2026-05-18,705.8800048828125,74.31999969482422,284.35407792865976,0.0,CASH,-0.019325044206162656
2026-05-19,701.530029296875,72.93000030517578,284.39433885613147,0.0,CASH,-0.025368439805888876
2026-05-20,713.1500244140625,76.51000213623047,284.4346844821224,0.0,CASH,-0.009224848658602736
2026-05-21,714.510009765625,76.94999694824219,284.4748326626962,0.0,CASH,-0.007335428976364744
2026-05-22,717.5399780273438,77.83999633789062,284.5152687283899,0.0,CASH,-0.0031259118196760305
2026-05-26,730.280029296875,81.94999694824219,284.5557444128837,0.0,CASH,0.0
2026-05-27,729.4500122070312,81.66999816894531,284.59619197960484,0.0,CASH,-0.0011365737204164228
2026-05-28,735.5999755859375,83.68000030517578,284.63667917639464,0.0,CASH,0.0
2026-05-29,738.3099975585938,84.55999755859375,284.6772286071015,0.0,CASH,0.0
2026-06-01,742.739990234375,86.04000091552734,284.71776122269966,0.0,CASH,0.0
2026-06-02,746.1599731445312,87.22000122070312,284.7586611537728,0.0,CASH,0.0
2026-06-03,744.2100219726562,86.55999755859375,284.7995443618975,0.0,CASH,-0.002613315163043861
2026-06-04,738.489990234375,84.51010131835938,284.8404899461279,0.0,CASH,-0.010279274131836269
