date,qqq,tqqq,equity,weight,state
1999-03-10,43.0743408203125,31.424291,1.0,0.0,GREEN
1999-03-11,43.28524398803711,31.87252,1.0001773809440553,0.0,GREEN
1999-03-12,42.23078155517578,29.529681,1.00035519025698,0.0,GREEN
1999-03-15,43.443397521972656,32.060926,1.0005326342050185,0.0,GREEN
1999-03-16,43.81245040893555,32.864503,1.0007097126013171,0.0,GREEN
1999-03-17,43.496131896972656,32.138916,1.0008856310082632,0.0,GREEN
1999-03-18,44.33968353271485,33.995416,1.0010603888206397,0.0,GREEN
1999-03-19,43.20612335205078,31.373922,1.0012339853993932,0.0,GREEN
1999-03-22,42.67892837524414,30.212352,1.0014080094061644,0.0,GREEN
1999-03-23,41.17631912231445,27.008667,1.0015824610342432,0.0,GREEN
1999-03-24,42.57347106933594,29.746692,1.0016814138684793,0.15001125084381328,GREEN
1999-03-25,44.12880325317383,32.994461,1.0182352924968074,0.16368454044826344,GREEN
1999-03-26,43.654293060302734,31.916321,1.0129374865240686,0.15916403915124525,GREEN
1999-03-29,45.235965728759766,35.37214,1.0305427056882344,0.17338443706668039,GREEN
1999-03-30,44.91963195800781,34.615346,1.0268682098458743,0.17028199870653066,GREEN
1999-03-31,44.26061630249024,33.07744,1.0192473271420126,0.1639332618276145,GREEN
1999-04-01,45.18323516845703,35.132366,1.0297750893130337,0.17233749967255124,GREEN
1999-04-05,46.81765365600586,38.930507,1.0491065850011922,0.18744990204563208,GREEN
1999-04-06,46.9099006652832,39.144668,1.0503335251228627,0.18826091164434827,GREEN
1999-04-07,46.42221832275391,37.907791,1.0442306657738933,0.18337782009987205,GREEN
1999-04-08,46.79127883911133,38.796423,1.048864363360953,0.18684742930158035,GREEN
1999-04-09,47.08125686645508,39.501907,1.0525725868694602,0.18957487498373526,GREEN
1999-04-12,46.76490783691406,38.689668,1.0486138172492987,0.18637780736727988,GREEN
1999-04-13,46.132232666015625,37.103898,1.0407462761584765,0.18008993566276751,GREEN
1999-04-14,44.550575256347656,33.272716,1.02153451308899,0.16453184970240295,GREEN
1999-04-15,45.15687561035156,34.617792,1.0284699656619243,0.17002881253637497,GREEN
1999-04-16,43.83880615234375,31.572451,1.01322855148338,0.1574039584330753,GREEN
1999-04-19,41.78263092041016,27.117173,0.9908659721095043,0.13824335613700464,GREEN
1999-04-20,42.73165130615234,28.953903,1.0002867474297668,0.14621683241863123,GREEN
1999-04-21,44.84055709838867,33.228975,1.0220260283621323,0.16423652969284155,GREEN
1999-04-22,46.05315017700195,35.911173,1.035718695107055,0.17514693703188688,GREEN
1999-04-23,46.65948867797852,37.314822,1.0429538958831766,0.18073032714087883,GREEN
1999-04-26,47.73371505737305,39.876609,1.0560407363299036,0.19074462986513852,GREEN
1999-04-27,47.002174377441406,38.026629,1.0468432039432085,0.18349361669730568,GREEN
1999-04-28,45.394134521484375,34.107865,1.0271960474407897,0.16773201601795693,GREEN
1999-04-29,45.02505493164063,33.261692,1.0230702496916027,0.1642304387253071,GREEN
1999-04-30,45.3150520324707,33.890383,1.0263946574352545,0.16679263327289018,GREEN
1999-05-03,45.07779312133789,33.343707,1.0237834977938376,0.16452069188474086,GREEN
1999-05-04,44.36604309082031,31.750081,1.0158847829626076,0.15787565075699894,GREEN
1999-05-05,45.710479736328125,34.622982,1.0305494842958234,0.16971115565412057,GREEN
1999-05-06,44.04970932006836,30.834461,1.0115641328453029,0.15397765817260953,GREEN
1999-05-07,44.682373046875,32.14996,1.0183614338330613,0.15947523992475535,GREEN
1999-05-10,45.13051986694336,33.103677,1.023330903928714,0.16340860302980043,GREEN
1999-05-11,45.84227752685547,34.655852,1.0313234726583136,0.16974478837045492,GREEN
1999-05-12,46.79127883911133,36.793429,1.0422735282851145,0.17832134357256868,GREEN
1999-05-13,45.921348571777344,34.72572,1.0319805421296486,0.1699787070676618,GREEN
1999-05-14,45.05143356323242,32.737417,1.022088017356473,0.16179715645599457,GREEN
1999-05-17,45.86204528808594,34.490458,1.0310963752571265,0.16897189413542976,GREEN
1999-05-18,45.65774154663086,34.014724,1.0288479485246247,0.16700540485080353,GREEN
1999-05-19,46.2904167175293,35.414231,1.0360715276159884,0.17266441754479248,GREEN
1999-05-20,45.01847839355469,32.479911,1.0214020684440877,0.16063229662188794,GREEN
1999-05-21,44.60330581665039,31.567543,1.0169457153355053,0.15680423247093833,GREEN
1999-05-24,43.46976852416992,29.147328,1.0048719176325072,0.14652199047027006,GREEN
1999-05-25,42.04624176025391,26.271363,0.9904973166020741,0.133981264748184,GREEN
1999-05-26,43.21931076049805,28.458988,1.001701479197416,0.14351454174689682,GREEN
1999-05-27,43.17977523803711,28.368703,1.0013992953550743,0.14310241739502896,GREEN
1999-05-28,43.89153289794922,29.759433,1.00857839015761,0.14904923964469396,GREEN
1999-06-01,42.91617965698242,27.76271,0.9986456732703759,0.14043171610480013,GREEN
1999-06-02,43.64110565185547,29.157522,1.0058461244601125,0.14643127242438966,GREEN
1999-06-03,43.02162551879883,27.903375,0.999667603424959,0.14099895335493864,GREEN
1999-06-04,44.33968353271485,30.456263,1.0127173748589318,0.15191586267080573,GREEN
1999-06-07,45.2623176574707,32.344767,1.0224080139154044,0.15980654168370484,GREEN
1999-06-08,44.12880325317383,29.900969,1.010212973929619,0.14951580110399335,GREEN
1999-06-09,44.86690902709961,31.38867,1.0178807402320167,0.15577249942312135,GREEN
1999-06-10,44.35286331176758,30.296334,1.012515303412336,0.15114829590778014,GREEN
1999-06-11,43.6806640625,28.905706,1.0056451373581368,0.14519564633824172,GREEN
1999-06-14,42.85685729980469,27.257751,0.9974771751924539,0.13803900632886848,GREEN
1999-06-15,43.496131896972656,28.465699,1.003734967618045,0.14325756656250657,GREEN
1999-06-16,45.730224609375,32.839696,1.0259865616220667,0.16168592921593536,GREEN
1999-06-17,46.23768997192383,33.918921,1.0315934922407903,0.16609180537908746,GREEN
1999-06-18,46.44858932495117,34.368531,1.0340186261541937,0.1678987175412951,GREEN
1999-06-21,47.83914566040039,37.440461,1.049690608138893,0.1801750483185034,GREEN
1999-06-22,46.39585494995117,34.035465,1.03264587144131,0.16649264258148436,GREEN
1999-06-23,47.12739562988281,35.630652,1.0408613116615104,0.1729201781770104,GREEN
1999-06-24,46.19155883789063,33.49258,1.0302177821831797,0.16422313282648257,GREEN
1999-06-25,46.132232666015625,33.348819,1.0296484137010593,0.16360865523751333,GREEN
1999-06-28,47.22624969482422,35.706725,1.041718474270102,0.17314678172822837,GREEN
1999-06-29,47.8720817565918,37.155825,1.0491981316415784,0.17888922036824276,GREEN
1999-06-30,48.61021041870117,38.858165,1.0579580695951565,0.18553617702112568,GREEN
1999-07-01,48.93972396850586,39.631595,1.0620246832207667,0.1885044954562213,GREEN
1999-07-02,49.559226989746094,41.119591,1.0696974902080953,0.19417914324859456,GREEN
1999-07-06,49.24287796020508,40.314554,1.065786192150301,0.19107617605256308,GREEN
1999-07-07,49.321964263916016,40.491502,1.0668346712556165,0.19172623174098702,GREEN
1999-07-08,49.98097229003906,42.097163,1.07510057117435,0.19779645674597998,GREEN
1999-07-09,50.481876373291016,43.344685,1.0815577253025843,0.20244213954243323,GREEN
1999-07-12,50.21823501586914,42.646886,1.0781889293959463,0.19980540308525468,GREEN
1999-07-13,49.98097229003906,42.02395,1.0751983273145014,0.19743450814474708,GREEN
1999-07-14,50.83113861083984,44.150213,1.086095838456072,0.20534277400290216,GREEN
1999-07-15,51.29906463623047,45.350408,1.092315405770623,0.2097238930724195,GREEN
1999-07-16,51.7735595703125,46.589336,1.0986126447814946,0.0,GREEN
1999-07-19,51.24633026123047,45.146078,1.0988105694388517,0.0,GREEN
1999-07-20,49.26924896240234,39.901653,1.0990076576830146,0.0,GREEN
1999-07-21,49.50648498535156,40.461117,1.0992034729263263,0.0,GREEN
1999-07-22,48.24773788452149,37.35764,1.0993984506760628,0.0,GREEN
1999-07-23,48.32023239135742,37.510039,1.0995938992903482,0.0,GREEN
1999-07-26,47.133975982666016,34.731228,1.0997911280365316,0.0,GREEN
1999-07-27,48.08298873901367,36.814065,1.0999905742922427,0.0,GREEN
1999-07-28,49.025386810302734,38.962758,1.1001904932107482,0.0,GREEN
1999-07-29,47.97754669189453,36.447587,1.1003900118910195,0.0,GREEN
1999-07-30,47.74029159545898,35.890978,1.1005900034057223,0.0,GREEN
1999-08-02,47.60848617553711,35.577968,1.1007917782346819,0.0,GREEN
1999-08-03,47.29873275756836,34.867815,1.10099490053126,0.0,GREEN
1999-08-04,46.44199752807617,32.957787,1.1011998079180256,0.0,GREEN
1999-08-05,47.18009567260742,34.514903,1.1014034424790125,0.0,GREEN
1999-08-06,46.67265701293945,33.386081,1.1016036181807,0.0,GREEN
1999-08-09,46.07291412353516,32.084171,1.1018073274145346,0.0,GREEN
1999-08-10,45.65774154663086,31.202343,1.1020145721161123,0.0,GREEN
1999-08-11,47.16033935546875,34.268975,1.1022249169585259,0.0,GREEN
1999-08-12,46.60675048828125,33.047128,1.1024335523884017,0.0,GREEN
1999-08-13,48.6365852355957,37.350611,1.1026374150941918,0.0,GREEN
1999-08-16,49.025386810302734,38.230036,1.1028386901737268,0.0,GREEN
1999-08-17,49.26924896240234,38.783673,1.1030413149063345,0.0,GREEN
1999-08-18,48.71563720703125,37.459356,1.1032461654287318,0.0,GREEN
1999-08-19,48.13570785522461,36.105198,1.1034488650268346,0.0,GREEN
1999-08-20,48.90018081665039,37.809479,1.1036516018669678,0.0,GREEN
1999-08-23,50.45550537109375,41.400257,1.103857003695377,0.0,GREEN
1999-08-24,50.79819107055664,42.224998,1.1040659480559551,0.0,GREEN
1999-08-25,51.87901306152344,44.90125,1.1042784369346368,0.0,GREEN
1999-08-26,51.01567459106445,42.639441,1.1044883374771286,0.0,GREEN
1999-08-27,50.50822830200195,41.347714,1.1046978396392269,0.0,GREEN
1999-08-30,49.79646301269531,39.580903,1.1049100117706718,0.0,GREEN
1999-08-31,50.35007095336914,40.883031,1.1051226630981208,0.0,GREEN
1999-09-01,50.712528228759766,41.747472,1.105335355352511,0.0,GREEN
1999-09-02,50.53458404541016,41.289274,1.1055467726780086,0.0,GREEN
1999-09-03,52.8543701171875,46.956919,1.1057564756067926,0.0,GREEN
1999-09-07,52.61712646484375,46.303863,1.1059657795102669,0.0,GREEN
1999-09-08,51.90538024902344,44.40437,1.1061716120328537,0.0,GREEN
1999-09-09,52.643463134765625,46.279054,1.1063774828631605,0.0,GREEN
1999-09-10,53.24979782104492,47.857964,1.1065829529595843,0.0,GREEN
1999-09-13,52.61053466796875,46.113452,1.1067858264959347,0.0,GREEN
1999-09-14,52.90050506591797,46.855567,1.1069891764365434,0.0,GREEN
1999-09-15,51.87901306152344,44.120835,1.1071951994246716,0.0,GREEN
1999-09-16,51.85265350341797,44.03455,1.1073981852062045,0.0,GREEN
1999-09-17,53.407962799072266,47.978012,1.1075985715419654,0.0,GREEN
1999-09-20,53.533199310302734,48.294904,1.107798554625766,0.0,GREEN
1999-09-21,52.2480583190918,44.795562,1.107998134204962,0.0,GREEN
1999-09-22,52.80165100097656,46.199703,1.108202586245824,0.0,GREEN
1999-09-23,50.6136589050293,40.436109,1.1084083952900063,0.0,GREEN
1999-09-24,50.67958450317383,40.576321,1.108613802722172,0.0,GREEN
1999-09-27,51.03545379638672,41.413238,1.1088192482199217,0.0,GREEN
1999-09-28,51.272705078125,41.972573,1.10902473179031,0.0,GREEN
1999-09-29,50.244590759277344,39.429181,1.1092302534403922,0.0,GREEN
1999-09-30,50.7718505859375,40.652997,1.1094362533370465,0.0,GREEN
1999-10-01,50.79160690307617,40.682434,1.1096436122575044,0.0,GREEN
1999-10-04,51.93175506591797,43.404099,1.1098510099343322,0.0,GREEN
1999-10-05,52.3007698059082,44.310049,1.110058005947626,0.0,GREEN
1999-10-06,53.34865188598633,46.953896,1.1102663620741855,0.0,GREEN
1999-10-07,53.22342300415039,46.602467,1.1104721138200424,0.0,GREEN
1999-10-08,53.78361129760742,48.053462,1.1106792256741356,0.0,GREEN
1999-10-11,54.541500091552734,50.063743,1.1108850539308275,0.0,GREEN
1999-10-12,53.302528381347656,46.629749,1.11109092033109,0.0,GREEN
1999-10-13,51.7208366394043,42.457545,1.1112990294148537,0.0,GREEN
1999-10-14,52.04376602172852,43.233463,1.111512469393899,0.0,GREEN
1999-10-15,50.50822830200195,39.386906,1.1117272735843253,0.0,GREEN
1999-10-18,49.86896896362305,37.873254,1.1119430016089045,0.0,GREEN
1999-10-19,50.13916397094727,38.471228,1.1121605364822003,0.0,GREEN
1999-10-20,51.66811752319336,41.972768,1.1123807619116641,0.0,GREEN
1999-10-21,52.51166534423828,44.009041,1.1126010309492567,0.0,GREEN
1999-10-22,52.2744255065918,43.392322,1.112820902106215,0.0,GREEN
1999-10-25,52.3007698059082,43.438038,1.1130381671428526,0.0,GREEN
1999-10-26,51.87901306152344,42.366957,1.1132545912351204,0.0,GREEN
1999-10-27,51.799930572509766,42.153488,1.1134750333047814,0.0,GREEN
1999-10-28,53.59249877929688,46.510242,1.1136955190254694,0.0,GREEN
1999-10-29,55.464134216308594,51.361599,1.1139142806368487,0.0,GREEN
1999-11-01,55.17416000366211,50.532156,1.1141335272588506,0.0,GREEN
1999-11-02,55.20711517333984,50.599222,1.1143537012662712,0.0,GREEN
1999-11-03,56.30770492553711,53.601935,1.1145739187842696,0.0,GREEN
1999-11-04,56.94037628173828,55.384005,1.1147937375200834,0.0,GREEN
1999-11-05,57.520294189453125,57.050469,1.1150122724854459,0.0,GREEN
1999-11-08,58.68022537231445,60.475058,1.1152326201496618,0.0,GREEN
1999-11-09,58.284786224365234,59.224065,1.1154556666720037,0.0,GREEN
1999-11-10,59.04928588867188,61.526676,1.1156787578036496,0.0,GREEN
1999-11-11,60.10372924804688,64.79379,1.1159023362933205,0.0,GREEN
1999-11-12,60.894569396972656,67.320822,1.1161259595874125,0.0,GREEN
1999-11-15,60.77595901489258,66.895462,1.116350956404458,0.0,GREEN
1999-11-16,62.31808471679688,71.955732,1.1165773275765325,0.0,GREEN
1999-11-17,61.47447967529297,68.999456,1.116805073898543,0.0,GREEN
1999-11-18,63.359352111816406,75.313634,1.1170306508031682,0.0,GREEN
1999-11-19,63.9261360168457,77.299203,1.117255829994472,0.0,GREEN
1999-11-22,62.95072937011719,73.724359,1.1174810545790406,0.0,GREEN
1999-11-23,63.2407455444336,74.708175,1.1177058811321574,0.0,GREEN
1999-11-24,65.32328796386719,82.053078,1.117933414120178,0.0,GREEN
1999-11-26,65.53412628173828,82.80848,1.118160993427415,0.0,GREEN
1999-11-29,64.4533462524414,78.671752,1.118388619063298,0.0,GREEN
1999-11-30,62.00175094604492,69.656882,1.1186180662555947,0.0,GREEN
1999-12-01,63.34616470336914,74.155061,1.1188466727297177,0.0,GREEN
1999-12-02,65.35625457763672,81.179183,1.1190731059806789,0.0,GREEN
1999-12-03,66.74676513671875,86.322223,1.1192991409917978,0.0,GREEN
1999-12-06,67.35307312011719,88.633734,1.1195252216584026,0.0,GREEN
1999-12-07,67.35307312011719,88.591914,1.1197513479897148,0.0,GREEN
1999-12-08,66.53590393066406,85.325629,1.1199766313042594,0.0,GREEN
1999-12-09,66.85221862792969,86.502092,1.1202015154983196,0.0,GREEN
1999-12-10,67.40580749511719,88.609851,1.1204282229436453,0.0,GREEN
1999-12-13,68.32186889648438,92.179747,1.1206558654981393,0.0,GREEN
1999-12-14,67.08946990966797,87.146978,1.1208875566529803,0.0,GREEN
1999-12-15,68.38116455078125,92.138703,1.1211192957090486,0.0,GREEN
1999-12-16,70.06832122802734,98.9141,1.1213497480010852,0.0,GREEN
1999-12-17,70.67460632324219,101.433424,1.1215820275824064,0.0,GREEN
1999-12-20,71.59725952148438,105.355694,1.1218170257308568,0.0,GREEN
1999-12-21,75.44597625732422,122.29327,1.1220565247676353,0.0,GREEN
1999-12-22,75.20877075195312,121.079074,1.1222978559759624,0.0,GREEN
1999-12-23,76.10502624511719,125.348398,1.1225374576661842,0.0,GREEN
1999-12-27,75.65690612792969,123.072944,1.122773546901888,0.0,GREEN
1999-12-28,75.18238830566406,120.69729,1.1230087947020153,0.0,GREEN
1999-12-29,78.02936553955078,134.351703,1.1232432005161888,0.0,GREEN
1999-12-30,77.18584442138672,129.931805,1.1234700778202371,0.0,GREEN
1999-12-31,77.08039093017578,129.336919,1.123693434381627,0.0,GREEN
2000-01-03,79.92745208740234,143.605506,1.1239239699031143,0.0,GREEN
2000-01-04,74.44425201416016,113.980504,1.1241590127324774,0.0,GREEN
2000-01-05,72.54627990722656,105.207044,1.1243941047156385,0.0,GREEN
2000-01-06,67.56396484375,83.479837,1.1246292458628768,0.0,GREEN
2000-01-07,75.92048645019531,114.414594,1.1248630973307703,0.0,GREEN
2000-01-10,78.02936553955078,123.893601,1.1250961046772805,0.0,GREEN
2000-01-11,74.23339080810547,105.75164,1.1253296067665235,0.0,GREEN
2000-01-12,72.59896087646484,98.714837,1.1255649435524837,0.0,GREEN
2000-01-13,76.9749755859375,116.517655,1.1258007762166944,0.0,GREEN
2000-01-14,78.76754760742188,124.601307,1.1260339777966804,0.0,GREEN
2000-01-18,79.18927764892578,126.542322,1.1262685682087215,0.0,GREEN
2000-01-19,80.98186492919922,135.073322,1.1265023136306744,0.0,GREEN
2000-01-20,80.19100189208984,131.049776,1.126741471855694,0.0,GREEN
2000-01-21,81.1927490234375,135.896779,1.1269784452690172,0.0,GREEN
2000-01-24,77.29129028320312,116.239595,1.1272154685219886,0.0,GREEN
2000-01-25,78.45115661621094,121.41473,1.1274538835363228,0.0,GREEN
2000-01-26,75.28783416748047,106.667044,1.1276954808013473,0.0,GREEN
2000-01-27,76.39494323730469,111.31946,1.127937577324326,0.0,GREEN
2000-01-28,72.54627990722656,94.439078,1.1281797258211999,0.0,GREEN
2000-01-31,75.65690612792969,106.539096,1.1284246124427688,0.0,GREEN
2000-02-01,77.68670654296875,115.059787,1.1286722389643387,0.0,GREEN
2000-02-02,78.34578704833984,117.930014,1.128920815596939,0.0,GREEN
2000-02-03,81.40365600585938,131.679576,1.1291672070447876,0.0,GREEN
2000-02-04,81.95723724365234,134.299497,1.1294105156852803,0.0,GREEN
2000-02-07,83.09077453613281,139.804291,1.1296565658230824,0.0,GREEN
2000-02-08,86.57048797607422,157.297699,1.1299017730126872,0.0,GREEN
2000-02-09,83.5125503540039,140.549514,1.1301492753049682,0.0,GREEN
2000-02-10,86.25413513183594,154.320457,1.1303954863868235,0.0,GREEN
2000-02-11,84.25064086914062,143.489046,1.1306421996874239,0.0,GREEN
2000-02-14,84.14520263671875,142.878181,1.1308880694999577,0.0,GREEN
2000-02-15,84.75154113769531,145.893664,1.1311330952500613,0.0,GREEN
2000-02-16,84.35613250732422,143.777268,1.1313835604320135,0.0,GREEN
2000-02-17,86.148681640625,152.86943,1.13163273420091,0.0,GREEN
2000-02-18,83.0380630493164,136.23201,1.1318828609677258,0.0,GREEN
2000-02-22,83.30162048339844,137.459177,1.1321330430204992,0.0,GREEN
2000-02-23,87.94123077392578,160.356095,1.132384628136886,0.0,GREEN
2000-02-24,89.83926391601562,170.656064,1.1326380665952789,0.0,GREEN
2000-02-25,87.78306579589844,158.850411,1.1328915617756112,0.0,GREEN
2000-02-28,87.73036193847656,158.481908,1.1331442145711481,0.0,GREEN
2000-02-29,90.05010986328125,170.9716,1.1333987223521627,0.0,GREEN
2000-03-01,90.78826904296876,175.088207,1.1336523877744937,0.0,GREEN
2000-03-02,88.68594360351562,162.835155,1.1339043105230424,0.0,GREEN
2000-03-03,93.68802642822266,190.303874,1.1341558393035522,0.0,GREEN
2000-03-06,94.42611694335938,194.703065,1.134409224125182,0.0,GREEN
2000-03-07,93.00261688232422,185.796627,1.134663565880122,0.0,GREEN
2000-03-08,93.84619140625,190.755887,1.1349179646600995,0.0,GREEN
2000-03-09,97.00953674316406,209.946815,1.1351733212055841,0.0,GREEN
2000-03-10,96.58771514892578,207.09889,1.135428284730378,0.0,GREEN
2000-03-13,94.05705261230467,190.712269,1.1356842066534876,0.0,GREEN
2000-03-14,90.57738494873048,169.446234,1.1359415382750477,0.0,GREEN
2000-03-15,86.7813491821289,148.053822,1.136198928204686,0.0,GREEN
2000-03-16,91.7372817993164,173.341856,1.1364554747112932,0.0,GREEN
2000-03-17,93.47714233398438,183.114044,1.1367125301076857,0.0,GREEN
2000-03-20,90.8409652709961,167.525892,1.1369696436475587,0.0,GREEN
2000-03-21,94.26795196533205,186.397746,1.1372281688888202,0.0,GREEN
2000-03-22,96.16597747802734,197.558889,1.137487204183627,0.0,GREEN
2000-03-23,97.85309600830078,207.853139,1.1377462984809152,0.0,GREEN
2000-03-24,99.17115783691406,216.143568,1.138005000318693,0.0,GREEN
2000-03-27,99.329345703125,217.065434,1.1382633093807193,0.0,GREEN
2000-03-28,96.79859924316406,200.360593,1.1385198703093655,0.0,GREEN
2000-03-29,92.79170989990234,175.374492,1.138777844456306,0.0,GREEN
2000-03-30,90.47193145751952,162.129832,1.1390363289416776,0.0,GREEN
2000-03-31,92.36994934082033,172.248975,1.1392944201115867,0.0,GREEN
2000-04-03,86.83405303955078,141.189661,1.139553021851428,0.0,GREEN
2000-04-04,85.99049377441406,137.001511,1.1398103256910923,0.0,GREEN
2000-04-05,84.46156311035156,129.622266,1.1400667830178235,0.0,GREEN
2000-04-06,86.46503448486328,138.778642,1.1403246552577342,0.0,GREEN
2000-04-07,89.94471740722656,155.46106,1.1405830383460287,0.0,GREEN
2000-04-10,84.46156311035156,126.948696,1.1408414799806503,0.0,GREEN
2000-04-11,82.45808410644531,117.848855,1.1410990747459824,0.0,GREEN
2000-04-12,77.60762786865234,96.990865,1.141355822041255,0.0,GREEN
2000-04-13,74.23339080810547,84.289761,1.1416126271046696,0.0,GREEN
2000-04-14,67.80123901367188,62.335639,1.1418681308770684,0.0,GREEN
2000-04-17,75.60417175292969,83.825173,1.1421236918336435,0.0,GREEN
2000-04-18,77.60762786865234,90.44575,1.1423793099871933,0.0,GREEN
2000-04-19,75.23509979248047,82.103985,1.1426349853505189,0.0,GREEN
2000-04-20,73.60070037841797,76.710807,1.1428907179364245,0.0,GREEN
2000-04-24,71.4917984008789,70.077336,1.1431456007024567,0.0,GREEN
2000-04-25,76.3159408569336,84.227248,1.1433996330538423,0.0,GREEN
2000-04-26,73.70618438720703,75.543139,1.1436550830564194,0.0,GREEN
2000-04-27,76.9749755859375,85.555213,1.1439087748059746,0.0,GREEN
2000-04-28,79.92745208740234,95.355656,1.1441620688883614,0.0,GREEN
2000-05-01,80.66551208496094,97.947702,1.1444185972930572,0.0,GREEN
2000-05-02,76.0259780883789,80.995685,1.1446760914809129,0.0,GREEN
2000-05-03,75.18238830566406,78.25696,1.144936823246909,0.0,GREEN
2000-05-04,75.34056091308594,78.709923,1.1451976144018052,0.0,GREEN
2000-05-05,77.13314056396484,84.286529,1.145457556073,0.0,GREEN
2000-05-08,74.12796020507812,74.389625,1.1457207385811732,0.0,GREEN
2000-05-09,72.54627990722656,69.587482,1.1459885280651918,0.0,GREEN
2000-05-10,67.27398681640625,54.378111,1.1462595634489612,0.0,GREEN
2000-05-11,71.38639831542969,64.321115,1.1465292983304882,0.0,GREEN
2000-05-12,71.38639831542969,64.286224,1.146798186742321,0.0,GREEN
2000-05-15,74.49697875976562,72.655099,1.1470694136167945,0.0,GREEN
2000-05-16,76.60588073730469,78.785682,1.1473393390702007,0.0,GREEN
2000-05-17,75.02417755126953,73.863126,1.147612970407122,0.0,GREEN
2000-05-18,72.33536529541016,65.882803,1.1478821129658519,0.0,GREEN
2000-05-19,68.90843963623047,56.484727,1.148143119494788,0.0,GREEN
2000-05-22,68.85565948486328,56.32546,1.1484028185250312,0.0,GREEN
2000-05-23,63.1088981628418,42.192774,1.1486625762967198,0.0,GREEN
2000-05-24,67.0631103515625,50.101637,1.148926039389259,0.0,GREEN
2000-05-25,65.58688354492188,46.767065,1.149187739198907,0.0,GREEN
2000-05-26,65.58688354492188,46.742846,1.1494458504063876,0.0,GREEN
2000-05-30,72.17720031738281,60.809303,1.1497035634684676,0.0,GREEN
2000-05-31,70.12103271484375,55.58162,1.1499590531448873,0.0,GREEN
2000-06-01,73.70618438720703,64.078573,1.1502095799281635,0.0,GREEN
2000-06-02,78.97842407226562,77.795851,1.1504633563249327,0.0,GREEN
2000-06-05,79.1761245727539,78.339414,1.1507235801706317,0.0,GREEN
2000-06-06,76.9749755859375,71.764125,1.1509843195232774,0.0,GREEN
2000-06-07,79.03113555908203,77.477294,1.1512501421001506,0.0,GREEN
2000-06-08,78.66209411621094,76.3512,1.151512828144479,0.0,GREEN
2000-06-09,79.08384704589844,77.539144,1.1517755741270916,0.0,GREEN
2000-06-12,76.55317687988281,70.055147,1.1520383800616645,0.0,GREEN
2000-06-13,79.50562286376953,78.123983,1.1522975887006661,0.0,GREEN
2000-06-14,77.7130355834961,72.799156,1.1525591419532695,0.0,GREEN
2000-06-15,79.08384704589844,76.613858,1.152818010388491,0.0,GREEN
2000-06-16,79.50562286376953,77.800051,1.1530764795102624,0.0,GREEN
2000-06-19,82.66898345947266,87.046322,1.1533345490019484,0.0,GREEN
2000-06-20,82.3526382446289,86.002165,1.1535926762520432,0.0,GREEN
2000-06-21,83.40715026855469,89.261427,1.1538499457246034,0.0,GREEN
2000-06-22,80.34919738769531,79.397368,1.1541081883253905,0.0,GREEN
2000-06-23,77.18584442138672,69.978361,1.1543674046813357,0.0,GREEN
2000-06-26,79.29474639892578,75.678051,1.154628053514617,0.0,GREEN
2000-06-27,78.34578704833984,72.921831,1.1548869284595562,0.0,GREEN
2000-06-28,79.29474639892578,75.533912,1.1551458614459027,0.0,GREEN
2000-06-29,77.30450439453125,69.807133,1.1554043940849634,0.0,GREEN
2000-06-30,78.82023620605469,73.876892,1.1556643600771306,0.0,GREEN
2000-07-03,80.34919738769531,78.136553,1.1559257603403057,0.0,GREEN
2000-07-05,77.23857116699219,69.020199,1.156195017645104,0.0,GREEN
2000-07-06,79.29474639892578,74.495595,1.1564615848271023,0.0,GREEN
2000-07-07,80.92913055419922,79.062234,1.1567295902172552,0.0,GREEN
2000-07-10,79.70330810546875,75.427213,1.1569981167248924,0.0,GREEN
2000-07-11,80.13827514648438,76.621429,1.1572680829573825,0.0,GREEN
2000-07-12,82.03632354736328,82.023942,1.157539949113708,0.0,GREEN
2000-07-13,83.09077453613281,85.142193,1.1578150945117338,0.0,GREEN
2000-07-14,84.88333892822266,90.606401,1.1580898458723397,0.0,GREEN
2000-07-17,85.83235931396484,93.596268,1.1583642028618986,0.0,GREEN
2000-07-18,83.93431091308594,87.336217,1.1586381651909956,0.0,GREEN
2000-07-19,82.03632354736328,81.36396,1.1589126520800075,0.0,GREEN
2000-07-20,84.67242431640625,89.163051,1.1591876638927672,0.0,GREEN
2000-07-21,81.82544708251953,80.120923,1.1594636609555986,0.0,GREEN
2000-07-24,80.13827514648438,75.121319,1.1597369631068852,0.0,GREEN
2000-07-25,80.77095031738281,76.859472,1.1600117103063465,0.0,GREEN
2000-07-26,80.66551208496094,76.516599,1.1602883639033483,0.0,GREEN
2000-07-27,77.502197265625,67.472885,1.1605641625951821,0.0,GREEN
2000-07-28,73.28439331054688,56.420095,1.1608414084775902,0.0,GREEN
2000-07-31,75.44597625732422,61.381691,1.1611177992891324,0.0,GREEN
2000-08-01,74.44425201416016,58.902944,1.1613951774291948,0.0,GREEN
2000-08-02,73.12621307373047,55.741933,1.1616744653144633,0.0,GREEN
2000-08-03,76.28956604003906,62.94533,1.1619533593913174,0.0,GREEN
2000-08-04,76.0259780883789,62.258338,1.16223185932173,0.0,GREEN
2000-08-07,77.81853485107422,66.627991,1.162510426003713,0.0,GREEN
2000-08-08,79.40018463134766,70.653878,1.162789059453265,0.0,GREEN
2000-08-09,77.29129028320312,64.985277,1.1630691439687606,0.0,GREEN
2000-08-10,75.7623519897461,61.092989,1.1633483728791911,0.0,GREEN
2000-08-11,76.8167953491211,63.610054,1.1636281304614562,0.0,GREEN
2000-08-14,78.45115661621094,67.635062,1.1639093406000303,0.0,GREEN
2000-08-15,78.45115661621094,67.597729,1.1641901568183657,0.0,GREEN
2000-08-16,79.2420425415039,69.604825,1.1644710407891845,0.0,GREEN
2000-08-17,80.77095031738281,73.595357,1.1647519925288337,0.0,GREEN
2000-08-18,80.34919738769531,72.401938,1.1650325498619525,0.0,GREEN
2000-08-21,80.56009674072266,72.932091,1.1653131747737642,0.0,GREEN
2000-08-22,80.56009674072266,72.891834,1.1655943296949436,0.0,GREEN
2000-08-23,81.87814331054688,76.429299,1.1658755524503253,0.0,GREEN
2000-08-24,83.14347839355469,79.930438,1.1661573057158936,0.0,GREEN
2000-08-25,82.69535827636719,78.593719,1.1664391270718362,0.0,GREEN
2000-08-28,83.09077453613281,79.677436,1.166721942279064,0.0,GREEN
2000-08-29,83.5125503540039,80.846551,1.1670057520266708,0.0,GREEN
2000-08-30,83.40715026855469,80.495562,1.167289167704006,0.0,GREEN
2000-08-31,85.72689056396484,87.167226,1.1675726522108616,0.0,GREEN
2000-09-01,86.57048797607422,89.692424,1.1678557422529605,0.0,GREEN
2000-09-05,83.93431091308594,81.449326,1.1681375106189842,0.0,GREEN
2000-09-06,80.98186492919922,72.809715,1.1684184198748377,0.0,GREEN
2000-09-07,82.7744140625,77.604959,1.168697078405428,0.0,GREEN
2000-09-08,80.24374389648438,70.444989,1.1689753396145721,0.0,GREEN
2000-09-11,78.29302215576172,65.269344,1.1692518115617427,0.0,GREEN
2000-09-12,77.08039093017578,62.20145,1.1695274209199802,0.0,GREEN
2000-09-13,78.87299346923828,66.507676,1.1698017029389953,0.0,GREEN
2000-09-14,78.45115661621094,65.404541,1.1700760492836726,0.0,GREEN
2000-09-15,77.02767944335938,61.808813,1.1703523172308974,0.0,GREEN
2000-09-18,75.81504821777344,58.856203,1.1706291148442047,0.0,GREEN
2000-09-19,78.60934448242188,65.331974,1.1709055133763493,0.0,GREEN
2000-09-20,79.82198333740234,68.319943,1.17118290645846,0.0,GREEN
2000-09-21,74.02249908447266,53.391479,1.1714603652563105,0.0,GREEN
2000-09-22,78.39848327636719,62.831498,1.1717374249317716,0.0,GREEN
2000-09-25,76.3159408569336,57.790231,1.1720150150976845,0.0,GREEN
2000-09-26,75.44597625732422,55.782449,1.1722931361219957,0.0,GREEN
2000-09-27,75.55146789550781,55.985959,1.1725713231448676,0.0,GREEN
2000-09-28,77.23857116699219,59.705775,1.172850972109966,0.0,GREEN
2000-09-29,74.86602020263672,54.171077,1.17313254943556,0.0,GREEN
2000-10-02,73.17888641357422,50.47918,1.1734132633053707,0.0,GREEN
2000-10-03,70.859130859375,45.650897,1.173693113066523,0.0,GREEN
2000-10-04,72.22989654541016,48.275186,1.1739748925727895,0.0,GREEN
2000-10-05,72.4407958984375,48.67152,1.1742562738547877,0.0,RED
2000-10-06,70.01557159423828,43.756391,1.174538188564343,0.0,RED
2000-10-09,69.69923400878906,43.139255,1.174820170955805,0.0,RED
2000-10-10,66.06137084960938,36.360783,1.1751022210454227,0.0,RED
2000-10-11,65.0069351196289,34.599715,1.1753838725283707,0.0,RED
2000-10-12,63.37253952026367,31.971132,1.175665591518261,0.0,RED
2000-10-13,68.5393295288086,39.773547,1.1759455118971938,0.0,RED
2000-10-16,69.17200469970703,40.853148,1.1762254989238359,0.0,RED
2000-10-17,66.00865173339844,35.225715,1.1765074196368768,0.0,RED
2000-10-18,65.7977294921875,34.868481,1.176791742270413,0.0,RED
2000-10-19,71.75540924072266,44.320662,1.1770775345453344,0.0,RED
2000-10-20,72.80986022949219,46.249943,1.1773633962269499,0.0,RED
2000-10-23,72.70440673828125,46.0232,1.1776493273321151,0.0,RED
2000-10-24,69.5937728881836,40.090241,1.1779367298509802,0.0,RED
2000-10-25,65.69232177734375,33.325375,1.1782246699333667,0.0,RED
2000-10-26,67.37943267822266,35.874357,1.1785136154991578,0.0,RED
2000-10-27,67.24761962890625,35.643815,1.1788016965980326,0.0,RED
2000-10-30,64.75653839111328,31.662751,1.1790893803498776,0.0,RED
2000-10-31,68.92157745361328,37.754594,1.179378537975598,0.0,RED
2000-11-01,68.3284683227539,36.758785,1.17966636250421,0.0,RED
2000-11-02,69.17200469970703,38.099629,1.1799551935179662,0.0,RED
2000-11-03,70.06832122802734,39.559327,1.1802440952494753,0.0,RED
2000-11-06,69.54107666015625,38.644033,1.1805340044168218,0.0,RED
2000-11-07,69.27743530273438,38.182755,1.180825390181099,0.0,RED
2000-11-08,63.86021041870117,29.204058,1.1811168478667808,0.0,RED
2000-11-09,63.847049713134766,29.16965,1.181407908806079,0.0,RED
2000-11-10,60.52549362182617,24.600806,1.181697635023286,0.0,RED
2000-11-13,60.617767333984375,24.699566,1.181986963376391,0.0,RED
2000-11-14,63.97885513305664,28.794364,1.1822763625690185,0.0,RED
2000-11-15,65.27051544189453,30.52224,1.182564894304834,0.0,RED
2000-11-16,61.47447967529297,25.179839,1.1828544349988055,0.0,RED
2000-11-17,61.43496322631836,25.117243,1.1831431078118233,0.0,RED
2000-11-20,58.930641174316406,22.031597,1.1834318510747548,0.0,RED
2000-11-21,58.838417053222656,21.915843,1.1837211344089629,0.0,RED
2000-11-22,56.2022590637207,18.95788,1.1840109581982332,0.0,RED
2000-11-24,59.41831970214844,22.201759,1.1843008529483292,0.0,RED
2000-11-27,58.68022537231445,21.362045,1.1845908186766247,0.0,RED
2000-11-28,55.21370697021485,17.564348,1.1848789750994047,0.0,RED
2000-11-29,53.09163665771485,15.529503,1.185165791037306,0.0,RED
2000-11-30,53.13115692138672,15.555697,1.1854503248969024,0.0,RED
2000-12-01,53.987911224365234,16.299679,1.1857330454018213,0.0,RED
2000-12-04,54.83144760131836,17.054837,1.1860172449077337,0.0,RED
2000-12-05,59.62922668457031,21.522586,1.1862986886834153,0.0,RED
2000-12-06,57.36215972900391,19.056187,1.18657643322216,0.0,RED
2000-12-07,56.0968017578125,17.784823,1.186854242788397,0.0,RED
2000-12-08,57.36215972900391,18.97876,1.1871330593442644,0.0,RED
2000-12-11,62.73984909057617,24.306333,1.1874109992316986,0.0,RED
2000-12-12,60.44643783569336,21.62778,1.1876885329867357,0.0,RED
2000-12-13,57.98165512084961,18.971254,1.18796613160978,0.0,RED
2000-12-14,55.14781188964844,16.179449,1.1882221100181416,0.0,RED
2000-12-15,53.88247299194336,15.057151,1.1884988903217062,0.0,RED
2000-12-18,53.987911224365234,15.13759,1.1887738485931307,0.0,RED
2000-12-19,49.87556076049805,11.670464,1.1890465118111577,0.0,RED
2000-12-20,47.01536178588867,9.656614,1.1893178220271465,0.0,RED
2000-12-21,47.2921257019043,9.822478,1.1895854185407033,0.0,RED
2000-12-22,51.03545379638672,12.15025,1.1898318326532111,0.0,RED
2000-12-26,51.35177993774414,12.369943,1.1900735762582515,0.0,RED
2000-12-27,51.93175506591797,12.782711,1.1903375648087624,0.0,RED
2000-12-28,51.82627487182617,12.69815,1.190602084263104,0.0,RED
2000-12-29,49.24287796020508,10.79259,1.1908713871064853,0.0,RED
2001-01-02,45.07779312133789,8.048383,1.1911421685775503,0.0,RED
2001-01-03,52.66985321044922,12.11085,1.19141064823283,0.0,RED
2001-01-04,51.7208366394043,11.450324,1.1916720966905558,0.0,RED
2001-01-05,47.766639709472656,8.818789,1.1919198888141236,0.0,RED
2001-01-08,48.29385757446289,9.10665,1.1921549618933827,0.0,RED
2001-01-09,48.29385757446289,9.102339,1.1923938659721502,0.0,RED
2001-01-10,50.7718505859375,10.499137,1.1926347106134099,0.0,RED
2001-01-11,52.2480583190918,11.409905,1.1928779702266368,0.0,RED
2001-01-12,52.9202766418457,11.844863,1.193122226184746,0.0,RED
2001-01-16,52.28761291503906,11.414326,1.1933651117862092,0.0,RED
2001-01-17,53.88247299194336,12.453273,1.1936118352893015,0.0,RED
2001-01-18,56.14954376220703,14.019218,1.1938590834452452,0.0,RED
2001-01-19,55.93867874145508,13.854637,1.1941025927916544,0.0,RED
2001-01-22,55.99138641357422,13.887231,1.1943437825686194,0.0,RED
2001-01-23,57.16445541381836,14.753506,1.194585494996286,0.0,RED
2001-01-24,56.624019622802734,14.328033,1.194826782311834,0.0,RED
2001-01-25,54.40968704223633,12.640284,1.1950700149122306,0.0,RED
2001-01-26,55.29279327392578,13.249842,1.1953128227828491,0.0,RED
2001-01-29,56.51859664916992,14.124905,1.1955514110268723,0.0,RED
2001-01-30,56.30770492553711,13.960337,1.195787674759004,0.0,RED
2001-01-31,54.24098205566406,12.416801,1.1960192399966894,0.0,RED
2001-02-01,54.95801544189453,12.903587,1.1962489516357402,0.0,RED
2001-02-02,51.92119216918945,10.758606,1.1964791820842064,0.0,RED
2001-02-05,51.87901306152344,10.727413,1.1967127804043312,0.0,RED
2001-02-06,51.96335983276367,10.774794,1.1969478489771386,0.0,RED
2001-02-07,51.11980056762695,10.245084,1.197182013766424,0.0,RED
2001-02-08,49.592960357666016,9.322359,1.1974162243665176,0.0,RED
2001-02-09,47.576847076416016,8.181127,1.1976509559624258,0.0,RED
2001-02-12,48.15047836303711,8.473283,1.1978843077882602,0.0,RED
2001-02-13,46.60675048828125,7.65442,1.198118180442455,0.0,RED
2001-02-14,48.46258163452149,8.565266,1.1983516233028977,0.0,RED
2001-02-15,49.26398086547852,8.98623,1.1985860627194522,0.0,RED
2001-02-16,46.50551223754883,7.472611,1.1988210236408179,0.0,RED
2001-02-20,44.70029830932617,6.598983,1.1990531762889354,0.0,RED
2001-02-21,43.443397521972656,6.03931,1.1992868013251503,0.0,RED
2001-02-22,43.02162551879883,5.860658,1.1995190441714882,0.0,RED
2001-02-23,43.173458099365234,5.920092,1.1997508559813232,0.0,RED
2001-02-26,43.9917106628418,6.254077,1.1999769994958436,0.0,RED
2001-02-27,41.33449172973633,5.11803,1.2002008047207942,0.0,RED
2001-02-28,40.0269660949707,4.630065,1.2004236991477808,0.0,RED
2001-03-01,41.16576385498047,5.023203,1.2006485404020713,0.0,RED
2001-03-02,39.39431381225586,4.372499,1.2008724708747254,0.0,RED
2001-03-05,40.11135482788086,4.609317,1.2010969196597898,0.0,RED
2001-03-06,41.67191696166992,5.145283,1.2013218870093452,0.0,RED
2001-03-07,41.68878936767578,5.149313,1.2015435595049468,0.0,RED
2001-03-08,40.912723541259766,4.859522,1.2017609816701291,0.0,RED
2001-03-09,38.04458999633789,3.835399,1.2019779663009156,0.0,RED
2001-03-12,35.682640075683594,3.119403,1.2021973749727553,0.0,RED
2001-03-13,37.496280670166016,3.593719,1.2024139613234106,0.0,RED
2001-03-14,36.90580368041992,3.422432,1.2026291552615367,0.0,RED
2001-03-15,35.55610275268555,3.045514,1.2028400926011402,0.0,RED
2001-03-16,34.75471878051758,2.838312,1.2030491576703166,0.0,RED
2001-03-19,36.49245834350586,3.262862,1.2032596912656244,0.0,RED
2001-03-20,34.03767776489258,2.603041,1.2034716941663415,0.0,RED
2001-03-21,34.03767776489258,2.601995,1.203680869013888,0.0,RED
2001-03-22,36.10443115234375,3.074933,1.2038810048436517,0.0,RED
2001-03-23,36.10443115234375,3.073702,1.204079263029561,0.0,RED
2001-03-26,35.2692756652832,2.859177,1.2042785094826838,0.0,RED
2001-03-27,36.48402404785156,3.153444,1.204476833130668,0.0,RED
2001-03-28,33.4893684387207,2.37565,1.2046794911265724,0.0,RED
2001-03-29,32.856712341308594,2.240053,1.2048817051849234,0.0,RED
2001-03-30,33.02540969848633,2.273657,1.2050834750477444,0.0,RED
2001-04-02,31.54917907714844,1.967854,1.2052833658699202,0.0,RED
2001-04-03,29.2377986907959,1.534575,1.20548185500021,0.0,RED
2001-04-04,28.72325325012207,1.452962,1.2056751147878375,0.0,RED
2001-04-05,31.4732723236084,1.869729,1.205866491790185,0.0,RED
2001-04-06,30.32602882385254,1.664567,1.2060574206518415,0.0,RED
2001-04-09,31.25394821166992,1.816743,1.2062412008261187,0.0,RED
2001-04-10,33.5737419128418,2.220603,1.2064245303383065,0.0,RED
2001-04-11,34.58600234985352,2.420603,1.2066078877136697,0.0,RED
2001-04-12,36.10443115234375,2.738501,1.206798455150817,0.0,RED
2001-04-16,33.95333480834961,2.247957,1.2069852215829668,0.0,RED
2001-04-17,34.7968864440918,2.414635,1.2071782434359912,0.0,RED
2001-04-18,38.42421340942383,3.168864,1.2073698590301876,0.0,RED
2001-04-19,40.7440071105957,3.741642,1.2075519227368043,0.0,RED
2001-04-20,40.82836532592773,3.763533,1.2077320971502161,0.0,RED
2001-04-23,38.08677673339844,3.004034,1.2079079851219892,0.0,RED
2001-04-24,37.36974334716797,2.833281,1.20808198139676,0.0,RED
2001-04-25,38.04458999633789,2.985738,1.2082588791182076,0.0,RED
2001-04-26,37.07450485229492,2.75625,1.208438200079296,0.0,RED
2001-04-27,38.08677673339844,2.981009,1.2086170681153812,0.0,RED
2001-04-30,38.93034744262695,3.177971,1.2087964422362651,0.0,RED
2001-05-01,40.533111572265625,3.569301,1.2089801601045802,0.0,RED
2001-05-02,41.31763458251953,3.775233,1.209162946387946,0.0,RED
2001-05-03,39.47867584228516,3.269765,1.20934480065464,0.0,RED
2001-05-04,40.65964889526367,3.56203,1.2093130958450782,0.35006126072062604,RED
2001-05-07,39.81610107421875,3.33906,1.1827290756635604,0.0,RED
2001-05-08,40.65964889526367,3.550101,1.1826919683078474,0.3500612607206261,RED
2001-05-09,39.26775741577149,3.184243,1.1399492483392328,0.0,RED
2001-05-10,38.60980224609375,3.023045,1.1399139354647871,0.3500612607206261,RED
2001-05-11,38.42421340942383,2.978359,1.1339252730096434,0.0,RED
2001-05-14,37.80841064453125,2.834101,1.133892396199267,0.35006126072062604,RED
2001-05-15,38.08677673339844,2.895707,1.1424234558482753,0.0,RED
2001-05-16,39.77389907836914,3.279518,1.1423839869521843,0.3500612607206261,RED
2001-05-17,40.40658187866211,3.434886,1.1612226666061076,0.0,RED
2001-05-18,40.52467727661133,3.463808,1.1611797838980757,0.35006126072062604,RED
2001-05-21,43.06380081176758,4.113682,1.2373074035729212,0.0,RED
2001-05-22,42.93724822998047,4.075967,1.2372646565887848,0.35006126072062616,RED
2001-05-23,41.03925323486328,3.534011,1.179601428290047,0.0,RED
2001-05-24,42.09369659423828,3.805159,1.1795616109815856,0.3500612607206261,RED
2001-05-25,41.3260612487793,3.59564,1.1567399758217063,0.0,RED
2001-05-29,38.9050407409668,2.962429,1.1567013891419364,0.3500612607206261,RED
2001-05-30,37.47942733764648,2.635719,1.1119726601487305,0.0,RED
2001-05-31,37.73250198364258,2.688187,1.1119364491854935,0.35006126072062616,RED
2001-06-01,38.845985412597656,2.92523,1.146149694057075,0.0,RED
2001-06-04,38.660400390625,2.882268,1.146110096425437,0.35006126072062604,RED
2001-06-05,40.36439514160156,3.262376,1.1988997988101844,0.0,RED
2001-06-06,40.05228805541992,3.185559,1.1988579030769464,0.3500612607206261,RED
2001-06-07,41.08143997192383,3.430009,1.2309455812719077,0.0,RED
2001-06-08,39.94262313842773,3.143561,1.2309020773094759,0.35006126072062604,RED
2001-06-11,38.845985412597656,2.883544,1.195175720078943,0.0,RED
2001-06-12,38.63509750366211,2.835587,1.195133006098937,0.3500612607206261,RED
2001-06-13,37.58063888549805,2.602438,1.1606485795154755,0.0,RED
2001-06-14,35.64046096801758,2.198478,1.1606047970202775,0.35006126072062604,RED
2001-06-15,35.93570709228516,2.252364,1.170457879380927,0.0,RED
2001-06-18,35.45486831665039,2.161186,1.170617191706499,0.0,RED
2001-06-19,35.2777214050293,2.128057,1.1707751321256832,0.0,RED
2001-06-20,36.07910537719727,2.272359,1.170933558447153,0.0,RED
2001-06-21,36.56836318969727,2.364028,1.1710920062064707,0.0,RED
2001-06-22,36.48402404785156,2.346877,1.1712509401251443,0.0,RED
2001-06-25,36.576805114746094,2.363993,1.1714071069122851,0.0,RED
2001-06-26,36.70335006713867,2.387725,1.1715632945216636,0.0,RED
2001-06-27,36.93954849243164,2.433011,1.1717218274952699,0.0,RED
2001-06-28,37.41191864013672,2.525494,1.171880381921156,0.0,RED
2001-06-29,38.55075073242188,2.755236,1.1720454682425825,0.0,RED
2001-07-02,38.339839935302734,2.709044,1.1722110429171808,0.0,RED
2001-07-03,38.500125885009766,2.742065,1.1723766409824867,0.0,RED
2001-07-05,36.65271759033203,2.34637,1.1723375326928445,0.3500612607206261,RED
2001-07-06,35.13431930541992,2.053945,1.1211191920505277,0.0,RED
2001-07-09,35.43800354003906,2.106484,1.1212757928257115,0.0,RED
2001-07-10,34.16423416137695,1.878604,1.1214337503261507,0.0,RED
2001-07-11,34.58600234985352,1.947529,1.1215908400526018,0.0,RED
2001-07-12,36.77927017211914,2.317358,1.121746171482859,0.0,RED
2001-07-13,36.399662017822266,2.244796,1.1219024146991767,0.0,RED
2001-07-16,35.72481918334961,2.119155,1.1220591248768887,0.0,RED
2001-07-17,36.52620315551758,2.261029,1.122216747466542,0.0,RED
2001-07-18,35.13431930541992,2.001775,1.1223730562273717,0.0,RED
2001-07-19,35.96944046020508,2.143831,1.122526269059818,0.0,RED
2001-07-20,35.13431930541992,1.993773,1.1226799482535395,0.0,RED
2001-07-23,34.25701904296875,1.843735,1.1228332029791834,0.0,RED
2001-07-24,33.86899948120117,1.780448,1.122987369761927,0.0,RED
2001-07-25,34.16423416137695,1.826396,1.1231420033414985,0.0,RED
2001-07-26,34.67036437988281,1.906937,1.1232962125230226,0.0,RED
2001-07-27,35.38739776611328,2.024595,1.1234513343817927,0.0,RED
2001-07-30,35.17649841308594,1.987699,1.12360558603496,0.0,RED
2001-07-31,35.22710037231445,1.995597,1.1237603047419318,0.0,RED
2001-08-01,36.35747528076172,2.18702,1.1239137069448133,0.0,RED
2001-08-02,37.04075241088867,2.309577,1.124066684091236,0.0,RED
2001-08-03,36.42497253417969,2.193602,1.1242196820595483,0.0,RED
2001-08-06,35.85135269165039,2.089218,1.1243727008525843,0.0,RED
2001-08-07,35.6657600402832,2.05606,1.1245257404731788,0.0,RED
2001-08-08,34.16423416137695,1.795682,1.1246783546842192,0.0,RED
2001-08-09,34.30763626098633,1.817689,1.124830097006171,0.0,RED
2001-08-10,33.9786491394043,1.764788,1.12498052070848,0.0,RED
2001-08-13,34.67036437988281,1.871976,1.125130071686142,0.0,RED
2001-08-14,34.24858474731445,1.803028,1.1252796425445883,0.0,RED
2001-08-15,32.983245849609375,1.602582,1.1254292332864617,0.0,RED
2001-08-16,33.371280670166016,1.658611,1.125578397315929,0.0,RED
2001-08-17,31.85287475585937,1.431661,1.1257262411425446,0.0,RED
2001-08-20,32.2915153503418,1.490327,1.1258732109556564,0.0,RED
2001-08-21,30.950252532958984,1.304126,1.1260224338297815,0.0,RED
2001-08-22,31.793825149536133,1.410329,1.1261698891463667,0.0,RED
2001-08-23,31.48170280456543,1.368325,1.1263173637725765,0.0,RED
2001-08-24,33.15193557739258,1.585654,1.126465304661848,0.0,RED
2001-08-27,33.194129943847656,1.591177,1.1266141590022678,0.0,RED
2001-08-28,32.15655899047852,1.441436,1.1267639271500938,0.0,RED
2001-08-29,31.68414688110352,1.377427,1.1269128209513415,0.0,RED
2001-08-30,30.511592864990234,1.224047,1.127061734427841,0.0,RED
2001-08-31,30.899639129638672,1.270345,1.1272084313507251,0.0,RED
2001-09-04,29.92111587524414,1.149231,1.1273551473674943,0.0,RED
2001-09-05,29.80303001403809,1.135242,1.1275054613824502,0.0,RED
2001-09-06,28.596717834472656,0.997018,1.1276540057497726,0.0,RED
2001-09-07,28.42801284790039,0.979051,1.1278003322806176,0.0,RED
2001-09-10,28.765438079833984,1.013599,1.1279426499445837,0.0,RED
2001-09-17,26.3190975189209,0.754716,1.128084985567684,0.0,RED
2001-09-18,25.72861862182617,0.703719,1.1282018229364932,0.0,RED
2001-09-19,25.281530380249023,0.66685,1.128311509226969,0.0,RED
2001-09-20,24.43797492980957,0.599936,1.1284194152124485,0.0,RED
2001-09-21,23.779985427856445,0.55133,1.128518375805729,0.0,RED
2001-09-24,24.977842330932617,0.634505,1.1286168972533712,0.0,RED
2001-09-25,25.05376434326172,0.640129,1.1287208016631445,0.0,RED
2001-09-26,24.18489646911621,0.573367,1.128825611448026,0.0,RED
2001-09-27,24.02462577819824,0.561822,1.1289304309652441,0.0,RED
2001-09-28,24.44639205932617,0.59127,1.129034812227864,0.0,RED
2001-10-01,24.235515594482425,0.57582,1.1291378590538277,0.0,RED
2001-10-02,24.31142807006836,0.581087,1.1292409152848586,0.0,RED
2001-10-03,26.1503849029541,0.712809,1.1293426365886743,0.0,RED
2001-10-04,26.40346336364746,0.733332,1.1294403336927676,0.0,RED
2001-10-05,26.791505813598636,0.765489,1.129537591058255,0.0,RED
2001-10-08,26.875864028930664,0.772536,1.1296339603411318,0.0,RED
2001-10-09,26.226316452026367,0.716336,1.1297303378459913,0.0,RED
2001-10-10,27.41572380065918,0.813624,1.1298276201840594,0.0,RED
2001-10-11,29.27159309387207,0.978655,1.129925359243084,0.0,RED
2001-10-12,29.14504814147949,0.965724,1.1300249002879192,0.0,RED
2001-10-15,29.018510818481445,0.952909,1.130123104835391,0.0,RED
2001-10-16,29.490894317626957,0.999216,1.1302222148395495,0.0,RED
2001-10-17,27.373558044433597,0.783755,1.1303190910332424,0.0,RED
2001-10-18,28.115890502929688,0.84733,1.1304164240695034,0.0,RED
2001-10-19,28.301485061645508,0.863906,1.130512868332184,0.0,RED
2001-10-22,29.06068420410156,0.93322,1.1306093208232444,0.0,RED
2001-10-23,29.2125301361084,0.947625,1.1307071275055804,0.0,RED
2001-10-24,29.84518241882324,1.008968,1.1308035965703411,0.0,RED
2001-10-25,31.04304313659668,1.130217,1.1308987276614253,0.0,RED
2001-10-26,30.37663459777832,1.057162,1.130992969217784,0.0,RED
2001-10-29,28.71481132507324,0.883412,1.1310872186276053,0.0,RED
2001-10-30,28.1580753326416,0.831827,1.1311796805167185,0.0,RED
2001-10-31,28.596717834472656,0.870511,1.1312690078014414,0.0,RED
2001-11-01,29.81146049499512,0.981246,1.1313592399718737,0.0,RED
2001-11-02,30.030771255493164,1.002681,1.1314494793393957,0.0,RED
2001-11-05,31.009300231933597,1.10047,1.1315370319798188,0.0,RED
2001-11-06,32.21559143066406,1.228662,1.1314274549789038,0.3500612607206261,RED
2001-11-07,32.17341613769531,1.22358,1.1296451259315705,0.0,RED
2001-11-08,31.84443664550781,1.185785,1.1295263200773964,0.3500612607206261,RED
2001-11-09,31.82755279541016,1.183647,1.1286687812733827,0.0,RED
2001-11-12,32.055320739746094,1.208808,1.128551869324827,0.35006126072062616,RED
2001-11-13,33.20256805419922,1.338339,1.1707188485932667,0.0,RED
2001-11-14,33.438777923583984,1.366615,1.1704512306245412,0.6001800540162049,RED
2001-11-15,33.30379867553711,1.349767,1.1614781072391305,0.0,RED
2001-11-16,33.21100616455078,1.338189,1.1612158270004849,0.6001800540162048,RED
2001-11-19,34.155784606933594,1.452099,1.220197673578963,0.0,RED
2001-11-20,32.578311920166016,1.250586,1.2199235857069703,0.6001800540162048,RED
2001-11-21,32.409603118896484,1.23088,1.2080628772168511,0.0,RED
2001-11-23,33.13507080078125,1.313264,1.207943013683979,0.3500612607206261,RED
2001-11-26,33.95333480834961,1.410263,1.23900852406613,0.0,RED
2001-11-27,33.911163330078125,1.404702,1.2387321768860766,0.6001800540162049,RED
2001-11-28,32.68798828125,1.252398,1.1578278323510627,0.0,RED
2001-11-29,33.70027542114258,1.368489,1.1575645391337144,0.6001800540162048,RED
2001-11-30,33.447200775146484,1.337376,1.1414621061710117,0.0,RED
2001-12-03,32.873573303222656,1.268289,1.141198006310851,0.6001800540162049,RED
2001-12-04,34.44260787963867,1.449633,1.2387707372597134,0.0,RED
2001-12-05,36.146583557128906,1.664486,1.238854796704474,0.0,GREEN
2001-12-06,36.19720458984375,1.671137,1.2389398450704237,0.0,GREEN
2001-12-07,35.201805114746094,1.532937,1.2390239159903573,0.0,GREEN
2001-12-10,34.58600234985352,1.452177,1.239105042555113,0.0,GREEN
2001-12-11,34.7800178527832,1.476329,1.2391876495553709,0.0,GREEN
2001-12-12,35.05838394165039,1.511482,1.2392668198781294,0.0,GREEN
2001-12-13,33.539974212646484,1.314787,1.2393474705752274,0.0,RED
2001-12-14,33.835227966308594,1.349243,1.2390572813961485,0.6001800540162048,RED
2001-12-17,34.417274475097656,1.418597,1.2769249640581652,0.0,RED
2001-12-18,34.80533599853516,1.466294,1.277011612539802,0.0,GREEN
2001-12-19,34.17267227172852,1.386039,1.2770967466446468,0.0,GREEN
2001-12-20,32.72173309326172,1.209212,1.2771813796411582,0.0,RED
2001-12-21,33.30379867553711,1.273499,1.2768813184443732,0.6001800540162048,RED
2001-12-24,33.168827056884766,1.257756,1.2670627761639761,0.0,RED
2001-12-26,33.480934143066406,1.293003,1.26676760549634,0.6001800540162048,RED
2001-12-27,33.750877380371094,1.324014,1.2846472493327927,0.0,RED
2001-12-28,34.02082061767578,1.355514,1.284348491872874,0.6001800540162048,RED
2001-12-31,32.82296371459961,1.212059,1.202804149642241,0.573045720973802,GREEN
2002-01-02,33.835227966308594,1.323952,1.2664683909025762,0.5944814615347439,GREEN
2002-01-03,35.00778579711914,1.461326,1.3446235298661127,0.6180261273792452,GREEN
2002-01-04,35.15119552612305,1.478989,1.354702395245463,0.620842553113605,GREEN
2002-01-07,34.76313781738281,1.429709,1.3267125733759575,0.6128176103755429,GREEN
2002-01-08,34.99936294555664,1.458568,1.3431576628153081,0.6175329253149355,GREEN
2002-01-09,34.678794860839844,1.418198,1.3202340849415122,0.6108665697958958,GREEN
2002-01-10,34.90654373168945,1.445855,1.3359954334397037,0.6154321762664311,GREEN
2002-01-11,34.45945739746094,1.390016,1.30427510144871,0.6060535877761473,GREEN
2002-01-14,33.70870590209961,1.298899,1.252492002806502,0.589740361722137,RED
2002-01-15,34.02925109863281,1.335703,1.2730729534835281,0.0,RED
2002-01-16,32.71331024169922,1.180485,1.2731517627587103,0.0,RED
2002-01-17,33.447200775146484,1.259702,1.2728491128124149,0.6001800540162049,RED
2002-01-18,32.55302047729492,1.158426,1.2111119474885572,0.0,RED
2002-01-22,31.54917907714844,1.051027,1.2108245259226411,0.6001800540162049,RED
2002-01-23,32.41804885864258,1.137651,1.2703572534989358,0.0,RED
2002-01-24,32.848262786865234,1.182714,1.2700603074383565,0.6001800540162049,RED
2002-01-25,32.75547409057617,1.172452,1.2631022251049973,0.0,RED
2002-01-28,32.941043853759766,1.19214,1.2628074759877999,0.6001800540162049,RED
2002-01-29,32.03845977783203,1.093902,1.2000380697675634,0.0,RED
2002-01-30,32.2830924987793,1.118737,1.1997589890115692,0.600180054016205,RED
2002-01-31,32.48554611206055,1.139555,1.2128238607921473,0.0,RED
2002-02-01,32.17341613769531,1.106473,1.212542768842566,0.6001800540162048,RED
2002-02-04,31.144262313842773,1.000065,1.1422606400994204,0.0,RED
2002-02-05,30.629697799682617,0.95029,1.1423386039221843,0.0,RED
2002-02-06,30.41881561279297,0.930468,1.1424165730662885,0.0,RED
2002-02-07,29.68490982055664,0.862931,1.1424936408531412,0.0,RED
2002-02-08,30.511592864990234,0.934851,1.1425702604689512,0.0,RED
2002-02-11,30.899639129638672,0.970328,1.1426459784168062,0.0,RED
2002-02-12,30.646577835083008,0.946289,1.1427230616794168,0.0,RED
2002-02-13,31.169588088989254,0.994542,1.142800603603189,0.0,RED
2002-02-14,31.11055564880371,0.988687,1.1425352873434984,0.6001800540162048,RED
2002-02-15,30.18261337280273,0.900016,1.0807543347715767,0.0,RED
2002-02-19,29.25470352172852,0.816824,1.0808272428041419,0.0,RED
2002-02-20,29.65117835998535,0.849866,1.0809001557551063,0.0,RED
2002-02-21,28.242429733276367,0.728557,1.08097393148125,0.0,RED
2002-02-22,28.385820388793945,0.739504,1.08104771224288,0.0,RED
2002-02-25,29.5330810546875,0.829016,1.0811214980403399,0.0,RED
2002-02-26,29.42340660095215,0.819609,1.0811957178900315,0.0,RED
2002-02-27,29.018510818481445,0.785604,1.0812699428349748,0.0,RED
2002-02-28,28.495506286621094,0.742965,1.0813441728755195,0.0,RED
2002-03-01,30.14889335632324,0.872137,1.0814179789075942,0.0,RED
2002-03-04,31.338314056396484,0.975176,1.0814930773783515,0.0,RED
2002-03-05,31.56605529785156,0.996233,1.0812437106099613,0.6001800540162049,RED
2002-03-06,31.71791648864746,1.010405,1.0901762112664661,0.0,RED
2002-03-07,31.785369873046875,1.016641,1.0899244098930074,0.6001800540162049,RED
2002-03-08,32.62052536010742,1.096564,1.1410278064306068,0.0,RED
2002-03-11,32.502403259277344,1.084419,1.1411079500494805,0.0,GREEN
2002-03-12,32.055320739746094,1.039439,1.141189004937856,0.0,RED
2002-03-13,31.279239654541016,0.963723,1.1409281372805187,0.6001800540162048,RED
2002-03-14,31.093679428100582,0.946366,1.1282915077511937,0.0,RED
2002-03-15,31.40578269958496,0.974661,1.1283725477339106,0.0,RED
2002-03-18,31.58292388916016,0.990945,1.1281155050967584,0.600180054016205,RED
2002-03-19,31.53232192993164,0.985972,1.1244133944548957,0.0,RED
2002-03-20,30.41881561279297,0.881308,1.1241563615823207,0.6001800540162048,RED
2002-03-21,31.22862243652344,0.951507,1.177566136853138,0.0,RED
2002-03-22,30.94182777404785,0.92509,1.1776507160055316,0.0,RED
2002-03-25,29.99703025817871,0.840153,1.1777348339115894,0.0,RED
2002-03-26,30.2754020690918,0.863365,1.1778180231167747,0.0,RED
2002-03-27,30.03921127319336,0.842977,1.1779016855856816,0.0,RED
2002-03-28,30.41881561279297,0.87476,1.1779848865764215,0.0,RED
2002-04-01,31.00087547302246,0.924792,1.1780662236285595,0.0,RED
2002-04-02,29.600547790527344,0.799278,1.178148501269129,0.0,RED
2002-04-03,29.549938201904297,0.795012,1.1782307846560736,0.0,RED
2002-04-04,29.322189331054688,0.776465,1.1783126062383413,0.0,RED
2002-04-05,28.99318504333496,0.750169,1.178393965918742,0.0,RED
2002-04-08,29.35593605041504,0.778172,1.1784743959844202,0.0,RED
2002-04-09,28.335208892822266,0.696841,1.1785543638916458,0.0,RED
2002-04-10,28.54610061645508,0.712259,1.178633401865551,0.0,RED
2002-04-11,27.837520599365234,0.659076,1.178711509712001,0.0,RED
2002-04-12,28.27616310119629,0.690098,1.178789622734645,0.0,RED
2002-04-15,28.50392723083496,0.706635,1.1788677409338266,0.0,RED
2002-04-16,29.693347930908203,0.794951,1.178945864309889,0.0,RED
2002-04-17,29.5415153503418,0.782594,1.1790253963743944,0.0,RED
2002-04-18,28.97631072998047,0.737517,1.179104465937384,0.0,RED
2002-04-19,29.06910514831543,0.744452,1.1791826050011742,0.0,RED
2002-04-22,28.335208892822266,0.687916,1.1792621530362826,0.0,RED
2002-04-23,27.84595489501953,0.652142,1.179340770510697,0.0,RED
2002-04-24,27.41572380065918,0.621782,1.179420329215701,0.0,RED
2002-04-25,27.34824562072754,0.617064,1.179498957235194,0.0,RED
2002-04-26,26.18414306640625,0.53814,1.1795785266115248,0.0,RED
2002-04-29,26.25162124633789,0.54219,1.1796581013556313,0.0,RED
2002-04-30,26.766197204589844,0.573961,1.1797386177035711,0.0,RED
2002-05-01,26.622787475585938,0.564617,1.1798196076968699,0.0,RED
2002-05-02,25.737037658691406,0.508145,1.1799001350682585,0.0,RED
2002-05-03,25.08751106262207,0.469569,1.1799811361498527,0.0,RED
2002-05-06,24.43797492980957,0.432999,1.1800616745461994,0.0,RED
2002-05-07,24.21019744873047,0.420803,1.180142686717607,0.0,RED
2002-05-08,26.79993057250977,0.555754,1.180222767830278,0.0,RED
2002-05-09,26.108211517333984,0.512606,1.1803037910608674,0.0,RED
2002-05-10,24.9356689453125,0.443435,1.180384819853766,0.0,RED
2002-05-13,25.947946548461918,0.497348,1.1804658542093558,0.0,RED
2002-05-14,27.47478675842285,0.58504,1.1805468941280184,0.0,RED
2002-05-15,27.67724609375,0.597853,1.1806284080806788,0.0,RED
2002-05-16,27.719409942626957,0.600461,1.1807094591587939,0.0,RED
2002-05-17,27.778465270996094,0.604175,1.1807909843361826,0.0,RED
2002-05-20,27.17110061645508,0.564421,1.1808715780078824,0.0,RED
2002-05-21,26.42877578735352,0.518045,1.1809517085810348,0.0,RED
2002-05-22,26.487817764282227,0.521411,1.181031422820202,0.0,RED
2002-05-23,27.019258499145508,0.552689,1.1811109549771885,0.0,RED
2002-05-24,26.352855682373047,0.511681,1.1811908205749178,0.0,RED
2002-05-28,26.2347469329834,0.504696,1.181270832192021,0.0,RED
2002-05-29,25.54303359985352,0.464671,1.1813515523656881,0.0,RED
2002-05-30,25.762361526489254,0.476545,1.1814320436603083,0.0,RED
2002-05-31,25.340574264526367,0.453041,1.181512352912715,0.0,RED
2002-06-03,24.44639205932617,0.404989,1.181592292540192,0.0,RED
2002-06-04,24.76695251464844,0.420838,1.1816727064616661,0.0,RED
2002-06-05,25.0200252532959,0.433652,1.1817531258557545,0.0,RED
2002-06-06,24.362049102783203,0.399351,1.1818336914087093,0.0,RED
2002-06-07,23.87277603149414,0.375208,1.1819136527775416,0.0,RED
2002-06-10,23.830596923828125,0.373142,1.1819937133579217,0.0,RED
2002-06-11,23.16419219970703,0.341761,1.1820739669770874,0.0,RED
2002-06-12,23.501611709594727,0.356626,1.1821543667692944,0.0,RED
2002-06-13,23.34976577758789,0.349641,1.1822342091009677,0.0,RED
2002-06-14,23.299156188964844,0.347297,1.182313259282503,0.0,RED
2002-06-17,24.092103958129883,0.382685,1.1823918455782538,0.0,RED
2002-06-18,24.48014259338379,0.401098,1.1824711409070905,0.0,RED
2002-06-19,23.06295585632324,0.331357,1.1825505353994568,0.0,RED
2002-06-20,22.32063102722168,0.299294,1.1826289028337174,0.0,RED
2002-06-21,21.780738830566406,0.277515,1.182708214060442,0.0,RED
2002-06-24,22.21096420288086,0.293903,1.182786967407728,0.0,RED
2002-06-25,21.477052688598636,0.264709,1.1828663831055883,0.0,RED
2002-06-26,21.637348175048828,0.270583,1.1829457102585696,0.0,RED
2002-06-27,22.1097354888916,0.288251,1.183023728341923,0.0,RED
2002-06-28,22.01694679260254,0.284564,1.183101657681191,0.0,RED
2002-07-01,20.962495803833008,0.24362,1.183179545208824,0.0,RED
2002-07-02,20.20329093933105,0.217101,1.1832582829926128,0.0,RED
2002-07-03,20.878137588500977,0.238813,1.1833372607894588,0.0,RED
2002-07-05,22.21940803527832,0.28479,1.1834162438577593,0.0,RED
2002-07-08,21.40958404541016,0.253593,1.1834953730761397,0.0,RED
2002-07-09,20.80221176147461,0.231959,1.1835747424113865,0.0,RED
2002-07-10,20.161109924316406,0.210466,1.1836537882944906,0.0,RED
2002-07-11,20.92030906677246,0.234199,1.1837330273414648,0.0,RED
2002-07-12,20.92030906677246,0.234152,1.1838120368256129,0.0,RED
2002-07-15,21.569862365722656,0.255915,1.1838905818170975,0.0,RED
2002-07-16,21.249303817749023,0.244453,1.1839692729547202,0.0,RED
2002-07-17,21.637348175048828,0.257796,1.1840479693228054,0.0,RED
2002-07-18,20.861270904541016,0.230004,1.1841273757170874,0.0,RED
2002-07-19,20.23702812194824,0.20931,1.1842067874366395,0.0,RED
2002-07-22,19.739337921142575,0.193825,1.1842853586195146,0.0,RED
2002-07-23,18.895761489868164,0.168936,1.1843638410202315,0.0,RED
2002-07-24,19.9249267578125,0.196506,1.1844419526326817,0.0,RED
2002-07-25,18.76923942565918,0.162273,1.1845191763682406,0.0,RED
2002-07-26,19.123519897460938,0.171429,1.1845972042171784,0.0,RED
2002-07-29,20.102069854736328,0.197711,1.1846746261037755,0.0,RED
2002-07-30,20.50697135925293,0.209618,1.1847534633816408,0.0,RED
2002-07-31,20.11893653869629,0.197676,1.184832540975847,0.0,RED
2002-08-01,19.17413902282715,0.169788,1.1849108245526536,0.0,RED
2002-08-02,18.76923942565918,0.158998,1.1849880318354495,0.0,RED
2002-08-05,18.08595085144043,0.141602,1.1850628929844862,0.0,RED
2002-08-06,18.980121612548828,0.162577,1.1851382291254506,0.0,RED
2002-08-07,19.233198165893555,0.169049,1.1852140403481406,0.0,RED
2002-08-08,19.88273811340332,0.186143,1.1852873166750282,0.0,RED
2002-08-09,19.680274963378903,0.18042,1.1853615382355758,0.0,RED
2002-08-12,19.739337921142575,0.182009,1.1854356233339582,0.0,RED
2002-08-13,19.064483642578125,0.163305,1.1855124414447569,0.0,RED
2002-08-14,20.279205322265625,0.194489,1.1855875709436607,0.0,RED
2002-08-15,20.692554473876957,0.206344,1.1856629404391525,0.0,RED
2002-08-16,20.83595848083496,0.210594,1.1857373737245545,0.0,RED
2002-08-19,21.34209251403809,0.225899,1.185811952842911,0.0,RED
2002-08-20,21.249303817749023,0.222908,1.1858884188914574,0.0,RED
2002-08-21,21.721698760986328,0.237731,1.1859625369198818,0.0,RED
2002-08-22,22.06757164001465,0.24904,1.1860376008198943,0.0,RED
2002-08-23,21.215559005737305,0.220145,1.1861134225066372,0.0,RED
2002-08-26,21.299917221069336,0.222728,1.186189531450485,0.0,RED
2002-08-27,20.557579040527344,0.199396,1.1862660218468581,0.0,RED
2002-08-28,19.806804656982425,0.17751,1.1863433174325868,0.0,RED
2002-08-29,20.06831741333008,0.184506,1.186420382669443,0.0,RED
2002-08-30,19.81525039672852,0.177489,1.1864975941539908,0.0,RED
2002-09-03,19.098228454589844,0.158186,1.1865750460793778,0.0,RED
2002-09-04,19.17413902282715,0.160042,1.1866506196099964,0.0,RED
2002-09-05,18.701744079589844,0.148182,1.1867255857923564,0.0,RED
2002-09-06,19.275375366210938,0.161788,1.1867998503270718,0.0,RED
2002-09-09,19.469392776489254,0.166641,1.1868762387926406,0.0,RED
2002-09-10,19.950218200683597,0.178954,1.1869533386482367,0.0,RED
2002-09-11,19.781513214111328,0.174378,1.1870301609079645,0.0,RED
2002-09-12,19.241626739501957,0.160066,1.1871081186413908,0.0,RED
2002-09-13,19.39347076416016,0.163823,1.1871859401712765,0.0,RED
2002-09-16,19.11509132385254,0.156735,1.1872636725829027,0.0,RED
2002-09-17,18.710187911987305,0.146744,1.1873417398781778,0.0,RED
2002-09-18,18.49929428100586,0.141752,1.1874198123066873,0.0,RED
2002-09-19,18.204042434692383,0.134937,1.1874971830719352,0.0,RED
2002-09-20,18.27997398376465,0.136599,1.187573380807085,0.0,RED
2002-09-23,17.731647491455078,0.12428,1.187649347802175,0.0,RED
2002-09-24,17.740089416503906,0.124433,1.1877255553012283,0.0,RED
2002-09-25,18.448686599731445,0.139319,1.1878016262933744,0.0,RED
2002-09-26,18.220932006835938,0.134131,1.1878780792383319,0.0,RED
2002-09-27,17.97628402709961,0.128702,1.1879543014143188,0.0,RED
2002-09-30,17.478591918945312,0.117988,1.1880295856612535,0.0,RED
2002-10-01,18.54147720336914,0.13949,1.188101574594523,0.0,RED
2002-10-02,17.925676345825195,0.125565,1.1881747465666719,0.0,RED
2002-10-03,17.495458602905273,0.1165,1.1882473572438301,0.0,RED
2002-10-04,17.16646385192871,0.109906,1.188319500832028,0.0,RED
2002-10-07,17.006183624267578,0.106806,1.1883933935580282,0.0,RED
2002-10-08,17.039936065673828,0.107421,1.188467998255211,0.0,RED
2002-10-09,16.92184066772461,0.105167,1.1885421360220758,0.0,RED
2002-10-10,17.782268524169922,0.121189,1.18861420318003,0.0,RED
2002-10-11,18.74393081665039,0.140827,1.1886867463796236,0.0,RED
2002-10-14,18.9632568359375,0.145744,1.1887596713682917,0.0,RED
2002-10-15,19.87429428100586,0.166721,1.1888325536556428,0.0,RED
2002-10-16,19.2163200378418,0.150129,1.1889092144849955,0.0,RED
2002-10-17,19.86586570739746,0.165323,1.1889856443632947,0.0,RED
2002-10-18,20.08517837524414,0.170765,1.1890624094272932,0.0,RED
2002-10-21,20.490100860595703,0.181059,1.1891394153723687,0.0,RED
2002-10-22,20.36356735229492,0.177668,1.1890097288229662,0.3500612607206261,RED
2002-10-23,20.75160026550293,0.187789,1.2125512355334624,0.0,RED
2002-10-24,20.22860145568848,0.173554,1.2124180335376247,0.3500612607206261,RED
2002-10-25,20.83595848083496,0.189152,1.2503818653365313,0.0,RED
2002-10-28,20.65881729125977,0.184291,1.2502425231609438,0.3500612607206261,RED
2002-10-29,20.177976608276367,0.171389,1.2194488830284715,0.0,RED
2002-10-30,20.71785926818848,0.185114,1.2193066983084366,0.3500612607206261,RED
2002-10-31,20.709423065185547,0.184854,1.2185402442020483,0.0,RED
2002-11-01,21.299917221069336,0.200633,1.218395506382563,0.35006126072062604,RED
2002-11-04,21.84823226928711,0.216091,1.2510709077360698,0.0,RED
2002-11-05,22.01694679260254,0.221058,1.2507654169646285,0.6001800540162049,RED
2002-11-06,22.32906913757324,0.230423,1.2822041887080222,0.0,RED
2002-11-07,21.5445499420166,0.206098,1.2818809225383796,0.6001800540162048,RED
2002-11-08,21.148080825805664,0.194686,1.2389410989901295,0.0,RED
2002-11-11,20.50697135925293,0.176948,1.2386282487090363,0.6001800540162048,RED
2002-11-12,21.02998161315918,0.190458,1.2950103652465557,0.0,RED
2002-11-13,21.28305053710937,0.197302,1.294682997061189,0.6001800540162049,RED
2002-11-14,22.01694679260254,0.217681,1.3745382162733621,0.0,RED
2002-11-15,22.303747177124023,0.226152,1.374190798612929,0.6001800540162049,RED
2002-11-18,21.974760055541992,0.216107,1.3371893584846288,0.0,RED
2002-11-19,21.637348175048828,0.206117,1.3368519643535812,0.6001800540162048,RED
2002-11-20,22.55682373046875,0.23236,1.4385811070537422,0.0,RED
2002-11-21,23.39194869995117,0.25813,1.4382177877538616,0.6001800540162049,RED
2002-11-22,23.383520126342773,0.257808,1.4371683299625269,0.5998690897497018,GREEN
2002-11-25,23.611276626586918,0.265299,1.462245656351711,0.6067125879250876,GREEN
2002-11-26,22.818328857421875,0.238526,1.3727438731145534,0.5810505864890778,RED
2002-11-27,23.54378700256348,0.261237,1.4482803552139514,0.0,RED
2002-11-29,23.383520126342773,0.255859,1.4483497232462372,0.0,GREEN
2002-12-02,23.619705200195312,0.26357,1.448418807230329,0.0,GREEN
2002-12-03,22.919553756713867,0.240088,1.4484880669416333,0.0,GREEN
2002-12-04,22.413423538208008,0.224143,1.4485570425666097,0.0,RED
2002-12-05,22.10130882263184,0.214742,1.448191261272958,0.6001800540162049,RED
2002-12-06,22.32906913757324,0.221346,1.4745004954463703,0.0,RED
2002-12-09,21.27461242675781,0.189951,1.4741273441366054,0.6001800540162049,RED
2002-12-10,21.59515953063965,0.198506,1.5135399868665633,0.0,RED
2002-12-11,21.696399688720703,0.201266,1.5131574962383632,0.6001800540162049,RED
2002-12-12,21.81448745727539,0.204519,1.5274028714940338,0.0,RED
2002-12-13,21.12277603149414,0.18503,1.5270164533835233,0.6001800540162048,RED
2002-12-16,21.806053161621094,0.202956,1.6153330770695902,0.0,RED
2002-12-17,21.873537063598636,0.204807,1.6149255028569833,0.6001800540162049,RED
2002-12-18,21.40958404541016,0.191741,1.5526676885119866,0.0,RED
2002-12-19,21.139636993408203,0.184457,1.5522746938679532,0.6001800540162048,RED
2002-12-20,21.35896873474121,0.190169,1.5806732598666187,0.0,RED
2002-12-23,21.65421867370605,0.198024,1.5802728632205425,0.6001800540162048,RED
2002-12-24,21.384279251098636,0.190586,1.5442208224421248,0.0,RED
2002-12-26,21.32522392272949,0.188977,1.543828924349919,0.6001800540162048,RED
2002-12-27,20.93719291687012,0.178631,1.4926916983093546,0.0,RED
2002-12-30,20.77690696716309,0.174499,1.4923111009904102,0.6001800540162049,RED
2002-12-31,20.557579040527344,0.168945,1.463397956446093,0.0,RED
2003-01-02,21.42645072937012,0.190338,1.4630275568021591,0.6001800540162049,RED
2003-01-03,21.662647247314453,0.196602,1.4914991932378416,0.0,RED
2003-01-06,22.20252990722656,0.211269,1.4911222725959479,0.6001800540162049,RED
2003-01-07,22.48090171813965,0.219181,1.5246657065582223,0.6089579587040413,GREEN
2003-01-08,21.84823226928711,0.200641,1.4461574366716112,0.5877100905542582,GREEN
2003-01-09,22.52308464050293,0.2192,1.5248015309655762,0.6089564983292731,GREEN
2003-01-10,22.860506057739254,0.229016,1.5664102518656666,0.6193260490892919,GREEN
2003-01-13,22.72553825378418,0.224923,1.5490999129020104,0.6150543249984877,GREEN
2003-01-14,22.8436279296875,0.228393,1.563826670978759,0.6186616737867189,GREEN
2003-01-15,22.55682373046875,0.219753,1.5272551056672792,0.6095120076158633,GREEN
2003-01-16,22.303747177124023,0.212321,1.4958005476949392,0.6012821369647889,GREEN
2003-01-17,21.350536346435547,0.185064,1.380366646659842,0.5679191676185006,RED
2003-01-21,21.11432838439941,0.178892,1.3538702382168084,0.0,RED
2003-01-22,21.02998161315918,0.17672,1.3535259497862064,0.6001800540162049,RED
2003-01-23,21.51924514770508,0.189026,1.4096851207482621,0.0,RED
2003-01-24,20.93719291687012,0.173657,1.4097490040955412,0.0,RED
2003-01-27,20.692554473876957,0.167542,1.4093891075869787,0.6001800540162049,RED
2003-01-28,20.903440475463867,0.172638,1.4347075568095917,0.0,RED
2003-01-29,21.215559005737305,0.180343,1.4343425976648516,0.6001800540162049,RED
2003-01-30,20.667245864868164,0.166332,1.3670905854013655,0.0,RED
2003-01-31,20.616640090942383,0.165083,1.3667429350440032,0.6001800540162048,RED
2003-02-03,20.65881729125977,0.16607,1.371259600465447,0.0,RED
2003-02-04,20.405746459960938,0.15994,1.3713222866159127,0.0,RED
2003-02-05,20.312952041625977,0.157732,1.371384703544535,0.0,RED
2003-02-06,20.422611236572266,0.160262,1.371447123314118,0.0,RED
2003-02-07,20.08517837524414,0.152292,1.3715092738125265,0.0,RED
2003-02-10,20.262338638305664,0.156298,1.371571155002841,0.0,RED
2003-02-11,20.37200355529785,0.15881,1.3716337465423472,0.0,RED
2003-02-12,20.09363174438477,0.152275,1.3716964497966329,0.0,RED
2003-02-13,20.19485664367676,0.154551,1.371759047053957,0.0,RED
2003-02-14,20.65881729125977,0.165179,1.371821483862111,0.0,RED
2003-02-18,21.299917221069336,0.18053,1.371472576022879,0.6001800540162048,RED
2003-02-19,21.15652656555176,0.176855,1.3547414654639356,0.595223710509842,GREEN
2003-02-20,21.072154998779297,0.17471,1.3449864680519286,0.5922692059340837,GREEN
2003-02-21,21.23244285583496,0.178669,1.3630627933433646,0.5976578764539031,GREEN
2003-02-24,20.86969947814941,0.169483,1.3212044223238832,0.584891659086406,GREEN
2003-02-25,20.8950138092041,0.170072,1.323915487662624,0.5857224363474379,GREEN
2003-02-26,20.431053161621094,0.158715,1.2721585711165888,0.5688477296823575,RED
2003-02-27,20.8950138092041,0.169502,1.3209814365672345,0.0,RED
2003-02-28,21.2239933013916,0.17748,1.321043396889147,0.0,GREEN
2003-03-03,20.79378318786621,0.166659,1.3211049931561452,0.0,GREEN
2003-03-04,20.667245864868164,0.163589,1.321166435025937,0.0,RED
2003-03-05,20.709423065185547,0.164564,1.3212275127579372,0.0,RED
2003-03-06,20.65881729125977,0.163332,1.321287911727349,0.0,GREEN
2003-03-07,20.700984954833984,0.164306,1.3213480512978064,0.0,GREEN
2003-03-10,20.253910064697266,0.153636,1.3214055718857451,0.0,RED
2003-03-11,20.07675552368164,0.149581,1.3214611548155304,0.0,RED
2003-03-12,20.43949508666992,0.157665,1.321516844966098,0.0,RED
2003-03-13,21.612035751342773,0.184775,1.3215727996690807,0.0,RED
2003-03-14,21.696399688720703,0.186909,1.3216305922572835,0.0,GREEN
2003-03-17,22.43872833251953,0.206065,1.3216884398208746,0.0,GREEN
2003-03-18,22.71709251403809,0.213701,1.321747024184599,0.0,GREEN
2003-03-19,22.52308464050293,0.208192,1.3218060307481785,0.0,GREEN
2003-03-20,22.60743904113769,0.210498,1.3218655644716821,0.0,GREEN
2003-03-21,22.919553756713867,0.219182,1.3219252057851805,0.0,GREEN
2003-03-24,21.966331481933597,0.1918,1.3219858989356261,0.0,GREEN
2003-03-25,22.27845573425293,0.199945,1.322046489954493,0.0,GREEN
2003-03-26,22.40498352050781,0.203319,1.3221069263628609,0.0,GREEN
2003-03-27,22.244701385498047,0.198923,1.3221672081455076,0.0,GREEN
2003-03-28,22.00006484985352,0.192329,1.3222266007343675,0.0,GREEN
2003-03-31,21.299917221069336,0.173936,1.3222848941342285,0.0,GREEN
2003-04-01,21.468624114990234,0.178042,1.322242912548198,0.15001125084381328,GREEN
2003-04-02,22.05911636352539,0.192705,1.338627361855472,0.16037840917372223,GREEN
2003-04-03,22.33748817443848,0.199971,1.346771347111138,0.16541914290855073,GREEN
2003-04-04,21.974760055541992,0.190198,1.3359320207840084,0.15861132835137245,GREEN
2003-04-07,22.00850486755371,0.191044,1.336922786570204,0.15919876454921544,GREEN
2003-04-08,21.983200073242188,0.190355,1.336205686769464,0.15870974322922637,GREEN
2003-04-09,21.477052688598636,0.177176,1.3215736275243506,0.14935719372479814,GREEN
2003-04-10,21.738569259643555,0.183621,1.3288033286949552,0.15394807289768742,GREEN
2003-04-11,21.51924514770508,0.178033,1.322627735813358,0.1499600236914751,GREEN
2003-04-14,21.95790100097656,0.188892,1.3347765986198015,0.15765857503372543,GREEN
2003-04-15,22.168785095214844,0.194304,1.3408575687250046,0.16144020834820466,GREEN
2003-04-16,22.118173599243164,0.192942,1.3393919625070947,0.16048398636151795,GREEN
2003-04-17,22.62430953979492,0.206156,1.3541644680220333,0.16960442580679114,GREEN
2003-04-21,22.708660125732425,0.208429,1.3567479321685936,0.1711479070256841,GREEN
2003-04-22,23.13888359069824,0.220242,1.3699598529059438,0.17910384853583333,GREEN
2003-04-23,23.307600021362305,0.225024,1.375338747363457,0.18227696041333505,GREEN
2003-04-24,23.18106460571289,0.221323,1.3712667622493653,0.17981139690047002,GREEN
2003-04-25,22.73396873474121,0.208482,1.3570113731118656,0.17115819313142613,GREEN
2003-04-28,23.18106460571289,0.22075,1.3707286430540107,0.17941627686777673,GREEN
2003-04-29,23.39194869995117,0.226739,1.3774504443052724,0.18338459877263752,GREEN
2003-04-30,23.15575408935547,0.219835,1.3698087619096808,0.17879258928173794,GREEN
2003-05-01,23.358203887939453,0.225567,1.376243760443188,0.18259665462690042,GREEN
2003-05-02,23.855905532836918,0.239951,1.3923166264167643,0.19199820604635684,GREEN
2003-05-05,23.830596923828125,0.23915,1.3914731843894748,0.19147327247070986,GREEN
2003-05-06,24.13427734375,0.248255,1.4016655467999486,0.19731778050565843,GREEN
2003-05-07,23.86434364318848,0.239887,1.3923912243432812,0.19193671243094151,GREEN
2003-05-08,23.425689697265625,0.226622,1.3776616139874096,0.1832618752412207,GREEN
2003-05-09,23.96556663513184,0.242255,1.395125517689303,0.1934514917723187,GREEN
2003-05-12,24.32829475402832,0.253217,1.4073862705871303,0.20044358658135925,GREEN
2003-05-13,24.17646026611328,0.248437,1.4021086603001065,0.19740003278365773,GREEN
2003-05-14,24.12584686279297,0.246839,1.4003758006037277,0.19637300999621024,GREEN
2003-05-15,24.395782470703125,0.255087,1.4096109631182734,0.20160517388956442,GREEN
2003-05-16,24.21019744873047,0.249227,1.403128510425625,0.1978838068094424,GREEN
2003-05-19,23.358203887939453,0.222878,1.3738195149212729,0.1807382765643074,GREEN
2003-05-20,23.425689697265625,0.224777,1.3759805571942403,0.1819919545537065,GREEN
2003-05-21,23.358203887939453,0.2228,1.3738227053175627,0.1806746045099165,GREEN
2003-05-22,23.69563865661621,0.232421,1.3845879424812495,0.1870111221119167,GREEN
2003-05-23,23.704065322875977,0.232634,1.3848721417385448,0.18714409363828444,GREEN
2003-05-27,24.547630310058597,0.257434,1.4125482139954992,0.20303702458126757,GREEN
2003-05-28,24.62354278564453,0.259783,1.415212652181868,0.2045039219037951,GREEN
2003-05-29,24.72477149963379,0.262946,1.4187850178250954,0.20647267805572536,GREEN
2003-05-30,25.12969017028809,0.275824,1.4331800428970087,0.2144094468131911,GREEN
2003-06-02,24.952537536621094,0.269948,1.4265318709273134,0.0,GREEN
2003-06-03,25.188739776611328,0.277572,1.4265942533923546,0.0,GREEN
2003-06-04,25.66112899780273,0.293147,1.4266543741522275,0.0,GREEN
2003-06-05,25.84671401977539,0.299463,1.4267122329104194,0.0,GREEN
2003-06-06,25.41649055480957,0.284464,1.4267698109375513,0.0,GREEN
2003-06-09,25.079071044921875,0.273093,1.4268279574663243,0.0,GREEN
2003-06-10,25.45867156982422,0.285454,1.426884973962738,0.0,GREEN
2003-06-11,25.74548721313477,0.295061,1.4269391616192688,0.0,GREEN
2003-06-12,25.85515022277832,0.29879,1.4269906899793678,0.0,GREEN
2003-06-13,25.273088455200195,0.27857,1.427041200920771,0.0,GREEN
2003-06-16,26.04916763305664,0.304195,1.4270883725607109,0.0,GREEN
2003-06-17,25.947946548461918,0.300607,1.4271357722823588,0.0,GREEN
2003-06-18,26.08290672302246,0.305256,1.427184872547892,0.0,GREEN
2003-06-19,25.66112899780273,0.290407,1.4272336913313761,0.0,GREEN
2003-06-20,25.62738609313965,0.289223,1.4272785472471465,0.0,GREEN
2003-06-23,25.23091125488281,0.27576,1.4273242541424278,0.0,GREEN
2003-06-24,25.036888122558597,0.269362,1.4273706988201336,0.0,GREEN
2003-06-25,24.90192413330078,0.264968,1.4274160121763269,0.0,GREEN
2003-06-26,25.492416381835938,0.28378,1.4274668213899786,0.0,GREEN
2003-06-27,25.16342544555664,0.272755,1.4275163862101656,0.0,GREEN
2003-06-30,25.26466178894043,0.27601,1.4275640833850893,0.0,GREEN
2003-07-01,25.60207748413086,0.28703,1.4276115555557718,0.0,GREEN
2003-07-02,26.125093460083008,0.304582,1.4276607288410377,0.0,GREEN
2003-07-03,25.79609489440918,0.293033,1.4277087141045859,0.0,GREEN
2003-07-07,26.901161193847656,0.330652,1.4277564177057036,0.0,GREEN
2003-07-08,27.23015594482422,0.342737,1.4278052560396608,0.0,GREEN
2003-07-09,27.16266441345215,0.340141,1.427855399199898,0.0,GREEN
2003-07-10,26.656530380249023,0.32108,1.4279046942079976,0.0,GREEN
2003-07-11,26.858983993530277,0.328352,1.4279535942761077,0.0,GREEN
2003-07-14,27.179540634155277,0.340063,1.4280026660145155,0.0,GREEN
2003-07-15,27.213275909423828,0.341282,1.4280517961053205,0.0,GREEN
2003-07-16,27.12892341613769,0.33806,1.4281021179311653,0.0,GREEN
2003-07-17,26.302234649658203,0.307109,1.4281521015069412,0.0,GREEN
2003-07-18,26.386592864990234,0.310021,1.4282014634303077,0.0,GREEN
2003-07-21,26.04916763305664,0.298084,1.4282511671067624,0.0,GREEN
2003-07-22,26.437204360961918,0.311363,1.4283014392821576,0.0,GREEN
2003-07-23,26.656530380249023,0.319069,1.4283525634056708,0.0,GREEN
2003-07-24,26.302234649658203,0.306302,1.428403122553071,0.0,GREEN
2003-07-25,26.825244903564453,0.32453,1.4284541936342658,0.0,GREEN
2003-07-28,26.901161193847656,0.327239,1.428505323225415,0.0,GREEN
2003-07-29,26.698715209960938,0.319804,1.428558438679958,0.0,GREEN
2003-07-30,26.50469398498535,0.312785,1.4286126898883047,0.0,GREEN
2003-07-31,26.825244903564453,0.324089,1.4286663762476488,0.0,GREEN
2003-08-01,26.53843307495117,0.313648,1.428718930759991,0.0,GREEN
2003-08-04,26.529993057250977,0.313303,1.4287709769486385,0.0,GREEN
2003-08-05,25.483980178833008,0.2762,1.4288241022808614,0.0,GREEN
2003-08-06,25.467119216918945,0.275612,1.4288771161911407,0.0,GREEN
2003-08-07,25.568336486816406,0.278859,1.4289293949486082,0.0,GREEN
2003-08-08,25.365880966186523,0.272195,1.4289815622131796,0.0,GREEN
2003-08-11,25.644268035888672,0.281118,1.4290341283198624,0.0,GREEN
2003-08-12,26.03228759765625,0.293839,1.4290866396532536,0.0,GREEN
2003-08-13,26.04072380065918,0.294082,1.429139209625285,0.0,GREEN
2003-08-14,26.066036224365234,0.294898,1.4291917815311406,0.0,GREEN
2003-08-15,26.29380416870117,0.302586,1.4292448090834873,0.0,GREEN
2003-08-18,26.968647003173828,0.32584,1.4292973848738941,0.0,GREEN
2003-08-19,27.306072235107425,0.338024,1.4293505297793,0.0,GREEN
2003-08-20,27.23859405517578,0.33547,1.4294036766607685,0.0,GREEN
2003-08-21,27.533832550048828,0.346329,1.4294568255183728,0.0,GREEN
2003-08-22,27.36511993408203,0.339913,1.429510486872671,0.0,GREEN
2003-08-25,27.42416763305664,0.342063,1.429564433874162,0.0,GREEN
2003-08-26,27.44949531555176,0.342961,1.4296195742167739,0.0,GREEN
2003-08-27,27.668806076049805,0.351131,1.4296750003406342,0.0,GREEN
2003-08-28,27.913440704345703,0.360393,1.4297304286133565,0.0,GREEN
2003-08-29,28.16650390625,0.370143,1.429785008005819,0.0,GREEN
2003-09-02,28.571422576904297,0.386053,1.4298394760049067,0.0,GREEN
2003-09-03,28.554548263549805,0.385313,1.4298934921641338,0.0,GREEN
2003-09-04,28.816041946411133,0.395843,1.4299475103639712,0.0,GREEN
2003-09-05,28.630451202392575,0.388138,1.430000963162167,0.0,GREEN
2003-09-08,29.102861404418945,0.407295,1.4300535667682415,0.0,GREEN
2003-09-09,28.756999969482425,0.392716,1.4301064560498937,0.0,GREEN
2003-09-10,28.065275192260746,0.36432,1.4301593472876097,0.0,GREEN
2003-09-11,28.377410888671875,0.376424,1.430212240481462,0.0,GREEN
2003-09-12,28.529224395751957,0.382411,1.4302651356315228,0.0,GREEN
2003-09-15,28.25086784362793,0.371163,1.4303180327378646,0.0,GREEN
2003-09-16,29.018510818481445,0.401366,1.4303705912496483,0.0,GREEN
2003-09-17,28.90041160583496,0.396408,1.4304232084527557,0.0,GREEN
2003-09-18,29.33905792236328,0.414401,1.4304758275914244,0.0,GREEN
2003-09-19,29.170345306396484,0.407193,1.4305287324900242,0.0,GREEN
2003-09-22,28.61359214782715,0.383819,1.43058135551047,0.0,GREEN
2003-09-23,29.11972999572754,0.404132,1.430633696621455,0.0,GREEN
2003-09-24,28.023096084594727,0.358417,1.4306862099621862,0.0,GREEN
2003-09-25,27.66036605834961,0.344448,1.4307382710434715,0.0,GREEN
2003-09-26,27.48322486877441,0.337781,1.4307903340192019,0.0,GREEN
2003-09-29,27.95560646057129,0.35515,1.4308423988894459,0.0,GREEN
2003-09-30,27.34824562072754,0.331952,1.4308946927725743,0.0,GREEN
2003-10-01,27.964061737060547,0.354329,1.430947272474326,0.0,GREEN
2003-10-02,28.056846618652344,0.357806,1.4309989455717658,0.0,GREEN
2003-10-03,28.84134101867676,0.387768,1.4310507341050611,0.0,GREEN
2003-10-06,29.0522403717041,0.39622,1.431102524512608,0.0,GREEN
2003-10-07,29.229389190673828,0.403412,1.4311539192643437,0.0,GREEN
2003-10-08,29.043813705444336,0.395673,1.4312051454885304,0.0,GREEN
2003-10-09,29.26313591003418,0.404581,1.4312549536978854,0.0,GREEN
2003-10-10,29.5330810546875,0.415721,1.431304934029331,0.0,GREEN
2003-10-13,29.72710609436035,0.423856,1.4313553136924775,0.0,GREEN
2003-10-14,29.80303001403809,0.427045,1.4314056951289083,0.0,GREEN
2003-10-15,29.676483154296875,0.421545,1.4314560783386856,0.0,GREEN
2003-10-16,29.912673950195312,0.43155,1.4315073721813303,0.0,GREEN
2003-10-17,29.195655822753903,0.400456,1.4315586110568874,0.0,GREEN
2003-10-20,29.55837821960449,0.415325,1.4316101358056073,0.0,GREEN
2003-10-21,29.735530853271484,0.422733,1.4316619464581684,0.0,GREEN
2003-10-22,29.16191291809082,0.398208,1.4317151224727265,0.0,GREEN
2003-10-23,28.82449150085449,0.384328,1.4317680732055647,0.0,GREEN
2003-10-24,28.84979057312012,0.385285,1.4318209122658156,0.0,GREEN
2003-10-27,28.85822296142578,0.385567,1.4318735828200166,0.0,GREEN
2003-10-28,29.828330993652344,0.424396,1.4319270507969843,0.0,GREEN
2003-10-29,29.79457664489746,0.422894,1.4319807480609827,0.0,GREEN
2003-10-30,29.85363006591797,0.425348,1.4320339927406442,0.0,GREEN
2003-10-31,29.676483154296875,0.417715,1.4320869552666207,0.0,GREEN
2003-11-03,30.165746688842773,0.438316,1.4321399197513698,0.0,GREEN
2003-11-04,29.96328353881836,0.429427,1.4321922610557967,0.0,GREEN
2003-11-05,30.233217239379883,0.440972,1.4322450021026225,0.0,GREEN
2003-11-06,30.31757354736328,0.4446,1.4322980292703706,0.0,GREEN
2003-11-07,30.05608367919922,0.433032,1.4323507173756613,0.0,GREEN
2003-11-10,29.68490982055664,0.416927,1.4324036916154217,0.0,GREEN
2003-11-11,29.575244903564453,0.412247,1.4324560994007667,0.0,GREEN
2003-11-12,30.207931518554688,0.438645,1.432508509103571,0.0,GREEN
2003-11-13,30.174196243286133,0.437112,1.4325612617963563,0.0,GREEN
2003-11-14,29.55837821960449,0.410287,1.4326139595848433,0.0,GREEN
2003-11-17,29.25470352172852,0.397583,1.432666659311856,0.0,GREEN
2003-11-18,28.57986640930176,0.370012,1.4327194178285854,0.0,GREEN
2003-11-19,28.85822296142578,0.38077,1.4327726331206512,0.0,GREEN
2003-11-20,28.57986640930176,0.369698,1.4328253386845833,0.0,GREEN
2003-11-21,28.875110626220703,0.381103,1.4328777618968565,0.0,GREEN
2003-11-24,29.676483154296875,0.412779,1.4329296184254094,0.0,GREEN
2003-11-25,29.676483154296875,0.41272,1.4329817611418358,0.0,GREEN
2003-11-26,29.81146049499512,0.418293,1.4330340763499376,0.0,GREEN
2003-11-28,29.84518241882324,0.419653,1.433085938535585,0.0,GREEN
2003-12-01,30.28384780883789,0.438098,1.4331375751237303,0.0,GREEN
2003-12-02,30.115131378173828,0.430714,1.4331885879977808,0.0,GREEN
2003-12-03,29.735530853271484,0.414365,1.433240740137822,0.0,GREEN
2003-12-04,30.05608367919922,0.427708,1.4332926098027303,0.0,GREEN
2003-12-05,29.55837821960449,0.4064,1.4333438557025016,0.0,GREEN
2003-12-08,29.72710609436035,0.413303,1.4333947621597838,0.0,GREEN
2003-12-09,29.043813705444336,0.384745,1.4334454997850166,0.0,GREEN
2003-12-10,29.153478622436523,0.389049,1.4334962392062003,0.0,GREEN
2003-12-11,29.777708053588867,0.413986,1.4335466959998129,0.0,GREEN
2003-12-12,29.72710609436035,0.411818,1.4335963012652428,0.0,GREEN
2003-12-15,29.33905792236328,0.395633,1.4336461926906119,0.0,GREEN
2003-12-16,29.398099899291992,0.397967,1.433696256525641,0.0,GREEN
2003-12-17,29.44870948791504,0.399967,1.4337462083249788,0.0,GREEN
2003-12-18,29.99703025817871,0.422254,1.4337958204941683,0.0,GREEN
2003-12-19,29.912673950195312,0.418633,1.4338449223099705,0.0,GREEN
2003-12-22,30.005470275878903,0.422472,1.4338937413145463,0.0,GREEN
2003-12-23,30.233217239379883,0.432033,1.4339427326841225,0.0,GREEN
2003-12-24,30.295669555664062,0.43465,1.4339929206814215,0.0,GREEN
2003-12-26,30.253467559814453,0.432774,1.4340425413876416,0.0,GREEN
2003-12-29,30.75138092041016,0.454083,1.434090741151001,0.0,GREEN
2003-12-30,30.8526554107666,0.458504,1.4341395116174929,0.0,GREEN
2003-12-31,30.76824951171875,0.454677,1.434191413809369,0.0,GREEN
2004-01-02,30.68387031555176,0.450872,1.4342430333180933,0.0,GREEN
2004-01-05,31.299938201904297,0.477966,1.4342943701129511,0.0,GREEN
2004-01-06,31.510881423950195,0.487562,1.4343457087453402,0.0,GREEN
2004-01-07,31.797792434692383,0.500812,1.4343969922975786,0.0,GREEN
2004-01-08,32.05097579956055,0.512706,1.4344474238730955,0.0,GREEN
2004-01-09,31.84000587463379,0.502512,1.4344956372450053,0.0,GREEN
2004-01-12,32.3463249206543,0.526416,1.4345435676155411,0.0,GREEN
2004-01-13,32.02565383911133,0.510687,1.4345917842189488,0.0,GREEN
2004-01-14,32.1353645324707,0.515866,1.4346408563658368,0.0,GREEN
2004-01-15,32.219764709472656,0.519859,1.4346897024700715,0.0,GREEN
2004-01-16,32.54887771606445,0.535718,1.4347382086456177,0.0,GREEN
2004-01-20,32.523563385009766,0.534395,1.4347872858011508,0.0,GREEN
2004-01-21,32.38851547241211,0.527664,1.4348360799556887,0.0,GREEN
2004-01-22,32.194427490234375,0.518105,1.434885445148469,0.0,GREEN
2004-01-23,32.07627868652344,0.51233,1.434933957941982,0.0,GREEN
2004-01-26,32.56574630737305,0.535712,1.434983326502231,0.0,GREEN
2004-01-27,31.848424911499023,0.500236,1.4350335509203147,0.0,GREEN
2004-01-28,31.308347702026367,0.474717,1.4350846312820762,0.0,GREEN
2004-01-29,31.426490783691406,0.480023,1.4351368524170256,0.0,GREEN
2004-01-30,31.283031463623047,0.473382,1.435189075452244,0.0,GREEN
2004-02-02,31.19864273071289,0.469484,1.4352401613499384,0.0,GREEN
2004-02-03,31.16488265991211,0.467894,1.4352915338356491,0.0,GREEN
2004-02-04,30.65855407714844,0.445022,1.435343477719758,0.0,GREEN
2004-02-05,30.776708602905277,0.450104,1.4353954234837407,0.0,GREEN
2004-02-06,31.33367347717285,0.474477,1.4354473141682629,0.0,GREEN
2004-02-09,31.32524299621582,0.474027,1.4354989788794328,0.0,GREEN
2004-02-10,31.375850677490234,0.476257,1.4355509302710765,0.0,GREEN
2004-02-11,31.713428497314453,0.491561,1.435603396239817,0.0,GREEN
2004-02-12,31.43492317199707,0.478542,1.4356552374750642,0.0,GREEN
2004-02-13,31.173320770263672,0.466527,1.4357063969356194,0.0,GREEN
2004-02-17,31.59528160095215,0.485406,1.4357575012474955,0.0,GREEN
2004-02-18,31.688112258911133,0.489616,1.4358086073784417,0.0,GREEN
2004-02-19,31.20708656311035,0.467249,1.4358605699756883,0.0,GREEN
2004-02-20,31.105823516845703,0.462634,1.435912534453486,0.0,GREEN
2004-02-23,30.75982666015625,0.44713,1.4359647287349893,0.0,GREEN
2004-02-24,30.68387031555176,0.443754,1.4360175517224367,0.0,GREEN
2004-02-25,30.86952018737793,0.451744,1.4360710034881936,0.0,GREEN
2004-02-26,30.94547843933105,0.455014,1.4361244572435439,0.0,GREEN
2004-02-27,30.861082077026367,0.451226,1.436177571051776,0.0,GREEN
2004-03-01,31.266143798828125,0.468929,1.43623040186878,0.0,GREEN
2004-03-02,30.90328598022461,0.452535,1.4362837475688228,0.0,GREEN
2004-03-03,30.7345027923584,0.445055,1.436337437221593,0.0,GREEN
2004-03-04,31.02141571044922,0.457455,1.4363911288813331,0.0,GREEN
2004-03-05,30.91171646118164,0.452536,1.4364447655492047,0.0,GREEN
2004-03-08,30.185970306396484,0.420598,1.436497834202717,0.0,GREEN
2004-03-09,30.0931396484375,0.416657,1.4365506768008296,0.0,GREEN
2004-03-10,29.69650650024414,0.400122,1.4366038063724194,0.0,GREEN
2004-03-11,29.42646789550781,0.389149,1.436657222949126,0.0,GREEN
2004-03-12,29.966571807861328,0.410521,1.4367106415119963,0.0,GREEN
2004-03-15,29.44334602355957,0.388959,1.4367637769997412,0.0,GREEN
2004-03-16,29.49399185180664,0.39091,1.4368169144526557,0.0,GREEN
2004-03-17,29.95811653137207,0.409309,1.4368703959724705,0.0,GREEN
2004-03-18,29.82310676574707,0.403717,1.4369227391073451,0.0,GREEN
2004-03-19,29.3252010345459,0.383439,1.4369750271289956,0.0,GREEN
2004-03-22,28.95389175415039,0.368819,1.437027317053349,0.0,GREEN
2004-03-23,28.71760368347168,0.359737,1.43707995102883,0.0,GREEN
2004-03-24,29.046714782714844,0.372054,1.4371325869321345,0.0,GREEN
2004-03-25,29.82310676574707,0.401835,1.437184939618251,0.0,GREEN
2004-03-26,29.721824645996094,0.397683,1.4372372371810866,0.0,GREEN
2004-03-29,30.20284652709961,0.416935,1.4372898218128192,0.0,GREEN
2004-03-30,30.30410385131836,0.421069,1.4373424654030575,0.0,GREEN
2004-03-31,30.245044708251957,0.418547,1.4373956812983217,0.0,GREEN
2004-04-01,30.51510238647461,0.429699,1.4374483287658737,0.0,GREEN
2004-04-02,31.308347702026367,0.463148,1.4375005788722819,0.0,GREEN
2004-04-05,31.60369682312012,0.476189,1.4375534583570728,0.0,GREEN
2004-04-06,31.20708656311035,0.458194,1.4376054841013073,0.0,GREEN
2004-04-07,31.173320770263672,0.456641,1.4376578540143918,0.0,GREEN
2004-04-08,31.173320770263672,0.456577,1.4377102258352374,0.0,GREEN
2004-04-12,31.367416381835938,0.46504,1.4377623143042202,0.0,GREEN
2004-04-13,30.91171646118164,0.444706,1.4378143476070508,0.0,GREEN
2004-04-14,31.063623428344727,0.451198,1.4378669533536963,0.0,GREEN
2004-04-15,30.50665283203125,0.426864,1.437920245724981,0.0,GREEN
2004-04-16,30.456016540527344,0.424677,1.4379731406475167,0.0,GREEN
2004-04-19,30.827335357666016,0.44015,1.438025466892112,0.0,GREEN
2004-04-20,30.11002349853516,0.409361,1.4380780803630424,0.0,GREEN
2004-04-21,30.371627807617188,0.419971,1.4381321224257606,0.0,GREEN
2004-04-22,31.15643119812012,0.452467,1.4381873078929572,0.0,GREEN
2004-04-23,31.40117454528809,0.463064,1.4382407833482704,0.0,GREEN
2004-04-26,31.173320770263672,0.452917,1.4382951168902267,0.0,GREEN
2004-04-27,31.114255905151367,0.450276,1.4383489388077655,0.0,GREEN
2004-04-28,30.548847198486328,0.425664,1.4384038472084388,0.0,GREEN
2004-04-29,30.076271057128903,0.405848,1.4384579585920516,0.0,GREEN
2004-04-30,29.34208106994629,0.376068,1.4385121290922136,0.0,GREEN
2004-05-03,29.620555877685547,0.38672,1.4385664728850092,0.0,GREEN
2004-05-04,29.747159957885746,0.391622,1.4386212183308482,0.0,GREEN
2004-05-05,29.98343086242676,0.400896,1.4386775072405042,0.0,GREEN
2004-05-06,29.755586624145508,0.391698,1.4387327136357613,0.0,GREEN
2004-05-07,29.51084899902344,0.381974,1.4387881505201892,0.0,GREEN
2004-05-10,29.257701873779297,0.372086,1.4388473577911025,0.0,GREEN
2004-05-11,29.69650650024414,0.388772,1.4389059965278128,0.0,GREEN
2004-05-12,29.755586624145508,0.391034,1.4389648660559275,0.0,GREEN
2004-05-13,29.54461479187012,0.382659,1.4390223675470468,0.0,GREEN
2004-05-14,29.3252010345459,0.374077,1.4390783295290963,0.0,GREEN
2004-05-17,29.046714782714844,0.363365,1.4391336655162088,0.0,GREEN
2004-05-18,29.308326721191406,0.373128,1.439189460499878,0.0,GREEN
2004-05-19,29.274564743041992,0.371783,1.4392481131786306,0.0,GREEN
2004-05-20,29.40958404541016,0.376872,1.4393061400091725,0.0,GREEN
2004-05-21,29.553058624267575,0.382331,1.4393634837905396,0.0,GREEN
2004-05-24,29.755586624145508,0.390134,1.4394208298565556,0.0,GREEN
2004-05-25,30.34630584716797,0.41331,1.439478635167231,0.0,GREEN
2004-05-26,30.54040908813477,0.421177,1.4395390133012154,0.0,GREEN
2004-05-27,30.7345027923584,0.429143,1.4395991083451793,0.0,GREEN
2004-05-28,30.844200134277344,0.433673,1.4396584632468854,0.0,GREEN
2004-06-01,30.802005767822266,0.431825,1.4397185632774108,0.0,GREEN
2004-06-02,30.7345027923584,0.428917,1.439781008216614,0.0,GREEN
2004-06-03,30.363201141357425,0.413303,1.4398462554330314,0.0,GREEN
2004-06-04,30.54040908813477,0.420472,1.439911791289795,0.0,GREEN
2004-06-07,31.266143798828125,0.450379,1.4399790443153608,0.0,GREEN
2004-06-08,31.308347702026367,0.452127,1.4400467004745054,0.0,GREEN
2004-06-09,30.86952018737793,0.43304,1.4401176742038164,0.0,GREEN
2004-06-10,31.08894157409668,0.4422,1.4401886514311184,0.0,GREEN
2004-06-14,30.650129318237305,0.423398,1.440261060913804,0.0,GREEN
2004-06-15,31.046741485595703,0.439761,1.4403375890702061,0.0,GREEN
2004-06-16,30.99610137939453,0.437534,1.4404125780769146,0.0,GREEN
2004-06-17,30.709178924560547,0.42531,1.4404855704098818,0.0,GREEN
2004-06-18,30.75138092041016,0.426992,1.4405565657692108,0.0,GREEN
2004-06-21,30.50665283203125,0.416726,1.4406278504520398,0.0,GREEN
2004-06-22,30.95391273498535,0.434983,1.440698624155599,0.0,GREEN
2004-06-23,31.32524299621582,0.450564,1.440772545714976,0.0,GREEN
2004-06-24,31.266143798828125,0.447937,1.440844412819976,0.0,GREEN
2004-06-25,31.50243759155273,0.458017,1.4409161119794789,0.0,GREEN
2004-06-28,31.240833282470703,0.446528,1.4409888439330445,0.0,GREEN
2004-06-29,31.536195755004883,0.459114,1.4410621513782662,0.0,GREEN
2004-06-30,31.848424911499023,0.472671,1.4411394655062788,0.0,GREEN
2004-07-01,31.257719039916992,0.446293,1.44121398156521,0.0,GREEN
2004-07-02,31.07205581665039,0.438265,1.4412824392308614,0.0,GREEN
2004-07-06,30.40538787841797,0.409981,1.4413546749347204,0.0,GREEN
2004-07-07,30.464452743530277,0.412301,1.441426399485837,0.0,GREEN
2004-07-08,30.12690544128418,0.398526,1.4414989284018755,0.0,GREEN
2004-07-09,30.16908836364746,0.400133,1.441570488529923,0.0,GREEN
2004-07-12,30.042503356933597,0.395028,1.4416418233858337,0.0,GREEN
2004-07-13,30.000320434570312,0.393296,1.441714019891002,0.0,GREEN
2004-07-14,29.69650650024414,0.381279,1.4417892521933295,0.0,GREEN
2004-07-15,29.59525489807129,0.377312,1.4418646028477151,0.0,GREEN
2004-07-16,29.257701873779297,0.364336,1.4419399574400695,0.0,GREEN
2004-07-19,29.198610305786133,0.362066,1.4420150298716732,0.0,GREEN
2004-07-20,29.89905548095703,0.388059,1.4420895339841693,0.0,GREEN
2004-07-21,29.029848098754883,0.354147,1.4421657587176622,0.0,GREEN
2004-07-22,29.42646789550781,0.368601,1.442241415192723,0.0,GREEN
2004-07-23,28.869495391845703,0.347606,1.4423177624163535,0.0,GREEN
2004-07-26,28.74291229248047,0.342971,1.442394342624742,0.0,GREEN
2004-07-27,29.139551162719727,0.357106,1.4424740177385185,0.0,GREEN
2004-07-28,29.012964248657227,0.352387,1.4425562731042234,0.0,GREEN
2004-07-29,29.35053062438965,0.364624,1.4426375600028702,0.0,GREEN
2004-07-30,29.44334602355957,0.368017,1.4427183935008634,0.0,YELLOW
2004-08-02,29.502429962158203,0.370165,1.4427992315280984,0.0,YELLOW
2004-08-03,28.886388778686523,0.346908,1.4428812191693172,0.0,YELLOW
2004-08-04,28.894821166992188,0.347148,1.4429646428979321,0.0,YELLOW
2004-08-05,28.35472869873047,0.327617,1.44304778514766,0.0,YELLOW
2004-08-06,27.612110137939453,0.301817,1.4431304740766286,0.0,YELLOW
2004-08-09,27.679628372192383,0.303975,1.4432109915953866,0.0,YELLOW
2004-08-10,28.025609970092773,0.315317,1.4432936898763438,0.0,YELLOW
2004-08-11,27.78089141845703,0.307,1.4433779965555351,0.0,YELLOW
2004-08-12,27.401124954223636,0.294354,1.443459043373395,0.0,YELLOW
2004-08-13,27.44333267211914,0.295661,1.4435396937830003,0.0,YELLOW
2004-08-16,27.755565643310547,0.305699,1.4436199477172873,0.0,YELLOW
2004-08-17,28.06781578063965,0.31596,1.4437016955637743,0.0,YELLOW
2004-08-18,28.56571388244629,0.332716,1.4437849948597998,0.0,YELLOW
2004-08-19,28.413795471191406,0.327347,1.4438678979124233,0.0,YELLOW
2004-08-20,28.70073509216309,0.337203,1.4439505192439406,0.0,YELLOW
2004-08-23,28.768238067626957,0.33952,1.4440338328966975,0.0,YELLOW
2004-08-24,28.759803771972656,0.339157,1.4441184693240163,0.0,YELLOW
2004-08-25,29.156435012817383,0.353124,1.444205402961323,0.0,YELLOW
2004-08-26,29.029848098754883,0.348458,1.4442920552834784,0.0,YELLOW
2004-08-27,29.164875030517575,0.353254,1.444378942061361,0.0,YELLOW
2004-08-30,28.67540168762207,0.3354,1.4444661779615624,0.0,YELLOW
2004-08-31,28.70915412902832,0.33652,1.4445545655380034,0.0,YELLOW
2004-09-01,28.920135498046875,0.343874,1.4446444489308417,0.0,YELLOW
2004-09-02,29.35053062438965,0.35916,1.4447331340512988,0.0,YELLOW
2004-09-03,28.810436248779297,0.339262,1.4448227419019404,0.0,YELLOW
2004-09-07,29.05517196655273,0.347841,1.4449151646893774,0.0,YELLOW
2004-09-08,28.945453643798828,0.343832,1.4450067333212084,0.0,YELLOW
2004-09-09,29.190183639526367,0.352486,1.4450991678782552,0.0,YELLOW
2004-09-10,29.63744735717773,0.368619,1.4451913789703121,0.0,YELLOW
2004-09-13,30.02563095092773,0.38303,1.4452844561784584,0.0,YELLOW
2004-09-14,30.06783103942871,0.384569,1.4453771379150657,0.0,YELLOW
2004-09-15,29.747159957885746,0.372188,1.4454702270869726,0.0,YELLOW
2004-09-16,29.80622100830078,0.374331,1.445563838490405,0.0,YELLOW
2004-09-17,29.89905548095703,0.377753,1.4456574559562902,0.0,YELLOW
2004-09-20,29.89905548095703,0.377677,1.4457531447107235,0.0,YELLOW
2004-09-21,30.0172061920166,0.382078,1.445848552943332,0.0,YELLOW
2004-09-22,29.49399185180664,0.362021,1.4459451149698834,0.0,YELLOW
2004-09-23,29.46867179870605,0.361015,1.4460411670396578,0.0,YELLOW
2004-09-24,29.36740493774414,0.35722,1.4461379140790411,0.0,YELLOW
2004-09-27,29.11423683166504,0.347909,1.4462349545231141,0.0,YELLOW
2004-09-28,29.17329978942871,0.349955,1.4463314849696545,0.0,YELLOW
2004-09-29,29.603679656982425,0.365373,1.4464283088294783,0.0,YELLOW
2004-09-30,29.6543083190918,0.367173,1.4465247373803896,0.0,YELLOW
2004-10-01,30.464452743530277,0.397193,1.4466208279536532,0.0,GREEN
2004-10-04,30.64167022705078,0.404045,1.4467159490105295,0.0,GREEN
2004-10-05,30.68387031555176,0.405632,1.446810731870249,0.0,GREEN
2004-10-06,30.928611755371094,0.415257,1.4469066692011407,0.0,GREEN
2004-10-07,30.582599639892575,0.401236,1.4470027277259756,0.0,GREEN
2004-10-08,30.02563095092773,0.379234,1.4470981609977185,0.0,YELLOW
2004-10-11,30.16908836364746,0.384593,1.4471933134411357,0.0,GREEN
2004-10-12,30.118471145629883,0.38258,1.4472884721412034,0.0,GREEN
2004-10-13,30.05094146728516,0.379929,1.4473834073729617,0.0,YELLOW
2004-10-14,29.91592788696289,0.37473,1.447480301653148,0.0,YELLOW
2004-10-15,30.06783103942871,0.380362,1.4475777768162652,0.0,GREEN
2004-10-18,30.49822998046875,0.396617,1.4476761201961006,0.0,GREEN
2004-10-19,30.2788028717041,0.387972,1.4477759064422997,0.0,GREEN
2004-10-20,30.422260284423828,0.393405,1.4478782848782752,0.0,GREEN
2004-10-21,30.886409759521484,0.411328,1.4479809578310316,0.0,GREEN
2004-10-22,30.211299896240234,0.384268,1.4480842126665243,0.0,GREEN
2004-10-25,30.06783103942871,0.378711,1.4481880495011146,0.0,GREEN
2004-10-26,30.228179931640625,0.384687,1.4482933304745886,0.0,GREEN
2004-10-27,30.99610137939453,0.413921,1.4484010329203678,0.0,GREEN
2004-10-28,31.190187454223636,0.421607,1.448508915805348,0.0,GREEN
2004-10-29,31.13956451416016,0.419462,1.4486162319213132,0.0,GREEN
2004-11-01,31.257719039916992,0.424145,1.4487235559880398,0.0,GREEN
2004-11-02,31.35898208618164,0.428173,1.4488317503407444,0.0,GREEN
2004-11-03,31.569955825805664,0.436719,1.4489434598658038,0.0,GREEN
2004-11-04,31.74716567993164,0.443976,1.4490537405614843,0.0,GREEN
2004-11-05,32.03409957885742,0.455914,1.4491651221943407,0.0,GREEN
2004-11-08,32.06785583496094,0.457251,1.4492791001809484,0.0,GREEN
2004-11-09,32.00033950805664,0.454257,1.449394237359282,0.0,GREEN
2004-11-10,31.8906364440918,0.449481,1.4495113967234012,0.0,GREEN
2004-11-11,32.31259536743164,0.467219,1.4496281054014784,0.0,GREEN
2004-11-12,32.62482452392578,0.480655,1.4497448234764567,0.0,GREEN
2004-11-15,32.76826858520508,0.486883,1.4498619536542325,0.0,GREEN
2004-11-16,32.56574630737305,0.477741,1.4499803015084105,0.0,GREEN
2004-11-17,33.00456619262695,0.496941,1.4501006153547047,0.0,GREEN
2004-11-18,33.156463623046875,0.503686,1.4502203061947563,0.0,GREEN
2004-11-19,32.64168167114258,0.480106,1.4503404097512693,0.0,GREEN
2004-11-22,32.953941345214844,0.493771,1.4504610412367938,0.0,GREEN
2004-11-23,32.903289794921875,0.491376,1.4505831792645345,0.0,GREEN
2004-11-24,33.19023132324219,0.504114,1.4507060183357987,0.0,GREEN
2004-11-26,33.088966369628906,0.499379,1.450828752668609,0.0,GREEN
2004-11-29,33.080528259277344,0.498877,1.4509526488354263,0.0,GREEN
2004-11-30,33.01301956176758,0.495701,1.4510768434766022,0.0,GREEN
2004-12-01,33.68811798095703,0.525992,1.4512024883003716,0.0,GREEN
2004-12-02,33.814701080322266,0.531794,1.4513275681299327,0.0,GREEN
2004-12-03,33.865333557128906,0.534055,1.4514526587401837,0.0,GREEN
2004-12-06,33.98347091674805,0.539514,1.4515774721525556,0.0,GREEN
2004-12-07,33.401180267333984,0.511649,1.4517032755343544,0.0,GREEN
2004-12-08,33.595298767089844,0.520445,1.4518301267435414,0.0,GREEN
2004-12-09,33.79783248901367,0.529731,1.451956700982717,0.0,GREEN
2004-12-10,33.696556091308594,0.52484,1.4520832862569564,0.0,GREEN
2004-12-13,33.991920471191406,0.538514,1.4522101130536647,0.0,GREEN
2004-12-14,34.160701751708984,0.546405,1.45233568312082,0.0,GREEN
2004-12-15,34.03411102294922,0.540199,1.4524611487894168,0.0,GREEN
2004-12-16,33.71343231201172,0.524799,1.4525860489239313,0.0,GREEN
2004-12-17,33.62738037109375,0.520654,1.4527102680863864,0.0,GREEN
2004-12-20,33.397361755371094,0.509845,1.4528343249286435,0.0,GREEN
2004-12-21,33.80630874633789,0.528451,1.4529587382803146,0.0,GREEN
2004-12-22,33.848899841308594,0.530321,1.4530839694818931,0.0,GREEN
2004-12-23,33.874446868896484,0.531395,1.4532077699338997,0.0,GREEN
2004-12-27,33.729644775390625,0.524451,1.4533315809335086,0.0,GREEN
2004-12-28,34.05337905883789,0.539424,1.4534574209889033,0.0,GREEN
2004-12-29,34.09597396850586,0.541317,1.4535849445725504,0.0,GREEN
2004-12-30,34.07042694091797,0.539969,1.453710806566018,0.0,GREEN
2004-12-31,34.01076889038086,0.537002,1.4538359872232067,0.0,GREEN
2005-01-03,33.65296173095703,0.519922,1.4539618709537794,0.0,GREEN
2005-01-04,33.039527893066406,0.49136,1.4540890349203681,0.0,GREEN
2005-01-05,32.8350715637207,0.482115,1.4542212877834026,0.0,GREEN
2005-01-06,32.673194885253906,0.474864,1.454352975603761,0.0,GREEN
2005-01-07,32.84358596801758,0.482174,1.454483809656834,0.0,GREEN
2005-01-10,32.82652282714844,0.481302,1.4546152326553443,0.0,GREEN
2005-01-11,32.59650421142578,0.471063,1.454746436640527,0.0,GREEN
2005-01-12,32.869136810302734,0.482765,1.4548793265755962,0.0,GREEN
2005-01-13,32.434627532958984,0.463498,1.45501165131754,0.0,GREEN
2005-01-14,32.74134826660156,0.476529,1.45514456547976,0.0,GREEN
2005-01-18,32.9884147644043,0.487197,1.4552785311660603,0.0,GREEN
2005-01-19,32.44314193725586,0.462914,1.455411469707543,0.0,GREEN
2005-01-20,31.821199417114254,0.436175,1.4555458642451795,0.0,GREEN
2005-01-21,31.565603256225582,0.425554,1.4556791159989488,0.0,GREEN
2005-01-24,31.12258529663086,0.407529,1.4558120911335388,0.0,GREEN
2005-01-25,31.27592086791992,0.413448,1.455945020649168,0.0,GREEN
2005-01-26,31.65081214904785,0.428209,1.456081428834986,0.0,GREEN
2005-01-27,31.608211517333984,0.426369,1.456218080922013,0.0,GREEN
2005-01-28,31.454837799072266,0.420052,1.4563560171395278,0.0,GREEN
2005-01-31,31.863794326782227,0.436325,1.4564951222596747,0.0,GREEN
2005-02-01,31.966039657592773,0.44041,1.4566351076202344,0.0,GREEN
2005-02-02,32.01716613769531,0.442407,1.4567774185519557,0.0,GREEN
2005-02-03,31.65081214904785,0.427104,1.4569195121556946,0.0,GREEN
2005-02-04,32.1619987487793,0.447687,1.4570601164469499,0.0,GREEN
2005-02-07,32.09383010864258,0.444722,1.4572001561097272,0.0,GREEN
2005-02-08,32.15346908569336,0.447084,1.4573410766189832,0.0,GREEN
2005-02-09,31.616737365722656,0.424576,1.4574836300169507,0.0,GREEN
2005-02-10,31.65081214904785,0.425836,1.4576263130378384,0.0,GREEN
2005-02-11,32.11936950683594,0.444634,1.457769010026941,0.0,GREEN
2005-02-14,32.26422882080078,0.450532,1.457913282878125,0.0,GREEN
2005-02-15,32.47722625732422,0.459333,1.4580568757722585,0.0,GREEN
2005-02-16,32.357948303222656,0.454148,1.458203375776386,0.0,GREEN
2005-02-17,31.92344856262207,0.43573,1.4583496011675872,0.0,GREEN
2005-02-18,31.821199417114254,0.431425,1.4584958412219455,0.0,GREEN
2005-02-22,31.429296493530277,0.415367,1.4586435428669282,0.0,GREEN
2005-02-23,31.47189140319824,0.41694,1.4587924750006196,0.0,GREEN
2005-02-24,31.8723201751709,0.432739,1.4589444325500986,0.0,GREEN
2005-02-25,32.051239013671875,0.439905,1.459097100668792,0.0,GREEN
2005-02-28,31.71043968200684,0.425748,1.4592519849812806,0.0,GREEN
2005-03-01,32.059749603271484,0.439697,1.4594077543433084,0.0,GREEN
2005-03-02,32.04271697998047,0.438872,1.459563656150715,0.0,GREEN
2005-03-03,31.77859115600586,0.427895,1.4597187058322363,0.0,GREEN
2005-03-04,31.966039657592773,0.435346,1.4598746408571581,0.0,GREEN
2005-03-07,32.426109313964844,0.45402,1.4600305925399004,0.0,GREEN
2005-03-08,32.10234832763672,0.440292,1.4601856918241491,0.0,GREEN
2005-03-09,32.00864791870117,0.436312,1.4603416767350332,0.0,GREEN
2005-03-10,31.966039657592773,0.434446,1.4604976783090668,0.0,GREEN
2005-03-11,31.6678466796875,0.422165,1.4606534067739296,0.0,GREEN
2005-03-14,31.812686920166016,0.427837,1.4608094416486472,0.0,GREEN
2005-03-15,31.55709648132324,0.417403,1.4609666525633185,0.0,GREEN
2005-03-16,31.19926643371582,0.403084,1.4611253297740863,0.0,GREEN
2005-03-17,31.27592086791992,0.40594,1.461283734320331,0.0,GREEN
2005-03-18,31.10553932189941,0.399189,1.4614418660957558,0.0,GREEN
2005-03-21,31.16517639160156,0.40137,1.4616008848952542,0.0,GREEN
2005-03-22,30.781795501708984,0.386441,1.4617607909902959,0.0,GREEN
2005-03-23,30.892541885375977,0.3905,1.4619233248713779,0.0,GREEN
2005-03-24,30.901071548461918,0.390711,1.4620834982912219,0.0,GREEN
2005-03-28,30.96072006225586,0.39286,1.4622442114365544,0.0,GREEN
2005-03-29,30.713638305664062,0.383341,1.4624050583041288,0.0,GREEN
2005-03-30,31.292970657348636,0.404922,1.462565922864859,0.0,GREEN
2005-03-31,31.15666389465332,0.399515,1.4627262247379424,0.0,GREEN
2005-04-01,30.84143447875977,0.387275,1.4628842223813372,0.0,GREEN
2005-04-04,31.06293487548828,0.395509,1.4630425273524341,0.0,GREEN
2005-04-05,31.148155212402344,0.398652,1.4631985852199143,0.0,GREEN
2005-04-06,31.09701919555664,0.396575,1.4633569822687889,0.0,GREEN
2005-04-07,31.47189140319824,0.410805,1.4635138866506832,0.0,GREEN
2005-04-08,31.2163200378418,0.40068,1.4636706917127364,0.0,GREEN
2005-04-11,31.079988479614254,0.395316,1.4638282105524025,0.0,GREEN
2005-04-12,31.23333740234375,0.401055,1.4639848750255353,0.0,GREEN
2005-04-13,30.72216415405273,0.38125,1.464142137211322,0.0,GREEN
2005-04-14,30.28765296936035,0.364965,1.464299997298543,0.0,GREEN
2005-04-15,29.597558975219727,0.339914,1.4644575838634744,0.0,GREEN
2005-04-18,29.606069564819336,0.340108,1.4646158847533524,0.0,GREEN
2005-04-19,29.810548782348636,0.347054,1.4647793172899,0.0,GREEN
2005-04-20,29.5634822845459,0.338324,1.4649448024702927,0.0,GREEN
2005-04-21,30.3472843170166,0.365134,1.4651079810395775,0.0,GREEN
2005-04-22,29.895736694335938,0.348727,1.4652717591766427,0.0,GREEN
2005-04-25,30.14281845092773,0.357271,1.4654379396030879,0.0,GREEN
2005-04-26,29.861661911010746,0.347168,1.465602626915394,0.0,GREEN
2005-04-27,29.904253005981445,0.348551,1.4657684959109958,0.0,GREEN
2005-04-28,29.606069564819336,0.338023,1.4659325223816553,0.0,GREEN
2005-04-29,29.80202293395996,0.344635,1.466096043670536,0.0,GREEN
2005-05-02,29.92130470275879,0.348672,1.4662610958260636,0.0,GREEN
2005-05-03,30.07466125488281,0.35393,1.466425293796364,0.0,GREEN
2005-05-04,30.44101333618164,0.366761,1.4665911395085653,0.0,GREEN
2005-05-05,30.4665641784668,0.36758,1.4667538030937566,0.0,GREEN
2005-05-06,30.55176544189453,0.370556,1.4669136908979759,0.0,GREEN
2005-05-09,30.69659996032715,0.375718,1.4670767977324617,0.0,GREEN
2005-05-10,30.475082397460938,0.367474,1.467239631609546,0.0,GREEN
2005-05-11,30.62844467163086,0.372915,1.4674039391603229,0.0,GREEN
2005-05-12,30.54323005676269,0.369693,1.4675671005057473,0.0,GREEN
2005-05-13,30.875513076782227,0.381652,1.46773115353723,0.0,GREEN
2005-05-16,31.079988479614254,0.389125,1.4678917303128454,0.0,GREEN
2005-05-17,31.267412185668945,0.396051,1.4680517421601618,0.0,GREEN
2005-05-18,31.69341468811035,0.412123,1.4682155580947711,0.0,GREEN
2005-05-19,31.95750999450684,0.422306,1.4683779357405489,0.0,GREEN
2005-05-20,32.0853271484375,0.427249,1.4685412053851186,0.0,GREEN
2005-05-23,32.2471923828125,0.433589,1.4687058335190568,0.0,GREEN
2005-05-24,32.34943771362305,0.437584,1.4688716457467705,0.0,GREEN
2005-05-25,32.21310806274414,0.431921,1.4690396333673348,0.0,GREEN
2005-05-26,32.53685760498047,0.444816,1.4692069406522412,0.0,GREEN
2005-05-27,32.553897857666016,0.445382,1.4693740920986766,0.0,GREEN
2005-05-31,32.44314193725586,0.440703,1.4695424287307086,0.0,GREEN
2005-06-01,32.70724868774414,0.451334,1.4697104930654212,0.0,GREEN
2005-06-02,32.93729782104492,0.460722,1.4698800346725107,0.0,GREEN
2005-06-03,32.46018600463867,0.440561,1.470049654161781,0.0,GREEN
2005-06-06,32.46871566772461,0.440776,1.4702205766056236,0.0,GREEN
2005-06-07,32.19607925415039,0.429538,1.4703916355983073,0.0,GREEN
2005-06-08,32.12791442871094,0.42668,1.4705635897328062,0.0,GREEN
2005-06-09,32.3323860168457,0.434698,1.470735563976386,0.0,GREEN
2005-06-10,31.99161148071289,0.420821,1.4709063910820637,0.0,GREEN
2005-06-13,32.14495849609375,0.426746,1.4710778217219014,0.0,GREEN
2005-06-14,32.01716613769531,0.421526,1.4712492723415722,0.0,GREEN
2005-06-15,32.11936950683594,0.425435,1.471422202507744,0.0,GREEN
2005-06-16,32.289791107177734,0.432079,1.4715947442734643,0.0,GREEN
2005-06-17,32.29404830932617,0.43212,1.4717642112526272,0.0,GREEN
2005-06-20,32.29404830932617,0.43199,1.4719343401932852,0.0,GREEN
2005-06-21,32.27699661254883,0.431174,1.4721048976689068,0.0,GREEN
2005-06-22,32.24288558959961,0.429676,1.4722772274116973,0.0,GREEN
2005-06-23,31.88471031188965,0.415225,1.4724502784033773,0.0,GREEN
2005-06-24,31.526567459106445,0.401105,1.4726255701031872,0.0,GREEN
2005-06-27,31.38160896301269,0.395448,1.4728008826710566,0.0,GREEN
2005-06-28,31.68006706237793,0.406606,1.4729782616712677,0.0,GREEN
2005-06-29,31.611846923828125,0.403853,1.4731580000928899,0.0,GREEN
2005-06-30,31.36454391479492,0.394248,1.4733370589381636,0.0,GREEN
2005-07-01,31.321897506713867,0.392516,1.4735159641491178,0.0,GREEN
2005-07-05,31.64596176147461,0.404574,1.4736966452682743,0.0,GREEN
2005-07-06,31.492456436157227,0.398559,1.473880097113508,0.0,GREEN
2005-07-07,31.60332298278809,0.402643,1.4740625774997904,0.0,GREEN
2005-07-08,32.208778381347656,0.425657,1.4742427406992444,0.0,GREEN
2005-07-11,32.50724411010742,0.437356,1.4744238034502222,0.0,GREEN
2005-07-12,32.660736083984375,0.443413,1.4746048884388674,0.0,GREEN
2005-07-13,32.73748016357422,0.446397,1.4747883363083591,0.0,GREEN
2005-07-14,33.0615348815918,0.45951,1.4749723922325482,0.0,GREEN
2005-07-15,33.16387939453125,0.46363,1.4751568808399758,0.0,GREEN
2005-07-18,33.02744674682617,0.457759,1.4753429145117185,0.0,GREEN
2005-07-19,33.41117477416992,0.473565,1.4755290887405534,0.0,GREEN
2005-07-20,33.649940490722656,0.483564,1.47571774566723,0.0,GREEN
2005-07-21,33.65846633911133,0.483772,1.4759067780788666,0.0,GREEN
2005-07-22,33.615814208984375,0.481773,1.4760981774115915,0.0,GREEN
2005-07-25,33.4879150390625,0.476114,1.476291065954166,0.0,GREEN
2005-07-26,33.615814208984375,0.481409,1.4764852685322654,0.0,GREEN
2005-07-27,33.871665954589844,0.492241,1.4766820746421512,0.0,GREEN
2005-07-28,34.0336799621582,0.49914,1.4768769146409049,0.0,GREEN
2005-07-29,33.75226211547852,0.486592,1.4770711942860055,0.0,GREEN
2005-08-01,33.81196594238281,0.489011,1.4772664959227007,0.0,GREEN
2005-08-02,34.17866134643555,0.504755,1.47746317168151,0.0,GREEN
2005-08-03,34.16161346435547,0.503829,1.4776626292067794,0.0,GREEN
2005-08-04,33.82901763916016,0.488943,1.4778611168252624,0.0,GREEN
2005-08-05,33.6670036315918,0.481751,1.4780593378865323,0.0,GREEN
2005-08-08,33.419700622558594,0.47097,1.4782609287594641,0.0,GREEN
2005-08-09,33.64139938354492,0.480182,1.4784620191731275,0.0,GREEN
2005-08-10,33.35147476196289,0.467603,1.4786635476235745,0.0,GREEN
2005-08-11,33.624366760253906,0.478922,1.4788650448713963,0.0,GREEN
2005-08-12,33.43675994873047,0.470741,1.4790658653508408,0.0,GREEN
2005-08-15,33.64139938354492,0.479224,1.4792673587335996,0.0,GREEN
2005-08-16,33.09564208984375,0.455736,1.4794685273568573,0.0,GREEN
2005-08-17,33.29179382324219,0.463683,1.479671191055767,0.0,GREEN
2005-08-18,33.12124252319336,0.456399,1.4798728843278548,0.0,GREEN
2005-08-19,33.10414505004883,0.455537,1.4800731369731952,0.0,GREEN
2005-08-22,33.12124252319336,0.456087,1.480274473904704,0.0,GREEN
2005-08-23,33.02744674682617,0.452056,1.4804754857756586,0.0,GREEN
2005-08-24,32.83127975463867,0.443847,1.480677582432634,0.0,GREEN
2005-08-25,32.90804672241211,0.446809,1.4808791191074984,0.0,GREEN
2005-08-26,32.79717254638672,0.442138,1.481080977031681,0.0,GREEN
2005-08-29,33.05299758911133,0.452332,1.4812847432125806,0.0,GREEN
2005-08-30,32.93362808227539,0.447275,1.481489595481418,0.0,GREEN
2005-08-31,33.24061584472656,0.45963,1.4816940057719206,0.0,GREEN
2005-09-01,33.189453125,0.457353,1.481895680793298,0.0,GREEN
2005-09-02,33.0615348815918,0.45191,1.482093560911552,0.0,GREEN
2005-09-06,33.547607421875,0.471688,1.482292173216858,0.0,GREEN
2005-09-07,33.60730743408203,0.474046,1.482492753234235,0.0,GREEN
2005-09-08,33.598785400390625,0.473525,1.482693066241471,0.0,GREEN
2005-09-09,33.78639221191406,0.481297,1.48289299445742,0.0,GREEN
2005-09-12,33.880184173583984,0.485141,1.4830928907912484,0.0,GREEN
2005-09-13,33.79490661621094,0.481313,1.4832938734168626,0.0,GREEN
2005-09-14,33.41117477416992,0.464756,1.4834942358140921,0.0,GREEN
2005-09-15,33.394126892089844,0.463889,1.483691152014935,0.0,GREEN
2005-09-16,33.598785400390625,0.47226,1.4838886831198281,0.0,GREEN
2005-09-19,33.334415435791016,0.46095,1.484089420278633,0.0,GREEN
2005-09-20,33.1979866027832,0.45513,1.4842920102663582,0.0,GREEN
2005-09-21,32.83127975463867,0.439895,1.484499634451983,0.0,GREEN
2005-09-22,32.9506721496582,0.444546,1.4846965073801444,0.0,GREEN
2005-09-23,33.04448699951172,0.448192,1.4848956452517657,0.0,GREEN
2005-09-26,33.05299758911133,0.448386,1.4850953990768918,0.0,GREEN
2005-09-27,32.97626495361328,0.445111,1.4852972423971706,0.0,GREEN
2005-09-28,32.98477935791016,0.445305,1.4854979343443084,0.0,GREEN
2005-09-29,33.4282341003418,0.463112,1.485697592345431,0.0,GREEN
2005-09-30,33.649940490722656,0.472167,1.485901463067342,0.0,GREEN
2005-10-03,33.7352180480957,0.475593,1.4861060693419195,0.0,GREEN
2005-10-04,33.51349258422852,0.466049,1.4863115883695288,0.0,GREEN
2005-10-05,33.05299758911133,0.446676,1.4865200848612932,0.0,GREEN
2005-10-06,32.618099212646484,0.428889,1.4867259560958306,0.0,GREEN
2005-10-07,32.69483947753906,0.431766,1.486933153781647,0.0,GREEN
2005-10-10,32.51577377319336,0.424521,1.4871416194491456,0.0,GREEN
2005-10-11,32.353759765625,0.418026,1.4873501143431997,0.0,GREEN
2005-10-12,31.97001838684082,0.403003,1.4875602320543884,0.0,GREEN
2005-10-13,32.21731948852539,0.41221,1.4877736261120496,0.0,GREEN
2005-10-14,32.456085205078125,0.421225,1.4879898255934325,0.0,GREEN
2005-10-17,32.55841827392578,0.425056,1.4882084183787343,0.0,GREEN
2005-10-18,32.32816696166992,0.415882,1.48842674800423,0.0,GREEN
2005-10-19,32.97626495361328,0.440741,1.4886494213697692,0.0,GREEN
2005-10-20,32.66925048828125,0.428269,1.4888713600932078,0.0,GREEN
2005-10-21,32.87393951416016,0.436161,1.4890935091527218,0.0,GREEN
2005-10-24,33.394126892089844,0.456705,1.4893159868201098,0.0,GREEN
2005-10-25,33.266212463378906,0.451286,1.4895384977267216,0.0,GREEN
2005-10-26,33.09564208984375,0.444177,1.4897652976892883,0.0,GREEN
2005-10-27,32.430477142333984,0.417231,1.4899902404296517,0.0,GREEN
2005-10-28,32.67778015136719,0.42662,1.4902144484881488,0.0,GREEN
2005-10-31,33.14680099487305,0.444831,1.4904406417554712,0.0,GREEN
2005-11-01,33.12124252319336,0.443635,1.4906656864674306,0.0,GREEN
2005-11-02,33.556148529052734,0.460945,1.4908941368985447,0.0,GREEN
2005-11-03,34.05926513671875,0.481506,1.491121143273308,0.0,GREEN
2005-11-04,34.17866134643555,0.486388,1.4913487759266686,0.0,GREEN
2005-11-07,34.22128677368164,0.488026,1.4915775085867156,0.0,GREEN
2005-11-08,34.22981643676758,0.488208,1.4918040271176787,0.0,GREEN
2005-11-09,34.24688720703125,0.488754,1.4920326520040141,0.0,GREEN
2005-11-10,34.62208557128906,0.504634,1.4922622000489056,0.0,GREEN
2005-11-11,34.715877532958984,0.508545,1.4924914873190358,0.0,GREEN
2005-11-14,34.715877532958984,0.508353,1.4927208098193367,0.0,GREEN
2005-11-15,34.55388641357422,0.501044,1.4929507599041845,0.0,GREEN
2005-11-16,34.767051696777344,0.510126,1.4931827004664096,0.0,GREEN
2005-11-17,35.2275505065918,0.530203,1.4934144993011689,0.0,GREEN
2005-11-18,35.34693908691406,0.535392,1.4936463341199373,0.0,GREEN
2005-11-21,35.432220458984375,0.539064,1.4938782049283008,0.0,GREEN
2005-11-22,35.56013107299805,0.544701,1.4941091039592416,0.0,GREEN
2005-11-23,35.64540100097656,0.548415,1.4943363034081314,0.0,GREEN
2005-11-25,35.722145080566406,0.551752,1.4945647233858248,0.0,GREEN
2005-11-28,35.423683166503906,0.537716,1.4947931782791433,0.0,GREEN
2005-11-29,35.25313949584961,0.529746,1.4950203631108403,0.0,GREEN
2005-11-30,35.16786193847656,0.525703,1.4952509640742084,0.0,GREEN
2005-12-01,35.824485778808594,0.554951,1.495479820547887,0.0,GREEN
2005-12-02,35.9097785949707,0.558705,1.4957098989369357,0.0,GREEN
2005-12-05,35.64540100097656,0.546153,1.4959409030189497,0.0,GREEN
2005-12-06,35.764793395996094,0.551432,1.4961730113149496,0.0,GREEN
2005-12-07,35.696563720703125,0.548066,1.4964064617976278,0.0,GREEN
2005-12-08,35.440731048583984,0.536077,1.4966398299521817,0.0,GREEN
2005-12-09,35.577186584472656,0.542068,1.4968681863088875,0.0,GREEN
2005-12-12,35.70509338378906,0.547713,1.4970963993082218,0.0,GREEN
2005-12-13,35.850074768066406,0.55418,1.4973236371573782,0.0,GREEN
2005-12-14,35.73069763183594,0.548438,1.4975510283245905,0.0,GREEN
2005-12-15,35.790382385253906,0.550982,1.497776968367378,0.0,GREEN
2005-12-16,35.543331146240234,0.539366,1.4980052010431708,0.0,GREEN
2005-12-19,34.979156494140625,0.513479,1.4982329929461913,0.0,GREEN
2005-12-20,35.004817962646484,0.514415,1.498462484184112,0.0,GREEN
2005-12-21,35.15864944458008,0.521003,1.498693616081008,0.0,GREEN
2005-12-22,35.38946914672852,0.531066,1.498925080981554,0.0,GREEN
2005-12-23,35.38946914672852,0.530865,1.4991571764415403,0.0,GREEN
2005-12-27,35.08170700073242,0.516815,1.4993888914087488,0.0,GREEN
2005-12-28,35.03898620605469,0.514733,1.4996195712052616,0.0,GREEN
2005-12-29,34.808197021484375,0.504366,1.499849393854739,0.0,GREEN
2005-12-30,34.543190002441406,0.492652,1.5000822276142658,0.0,GREEN
2006-01-03,35.312538146972656,0.525378,1.5003194429920308,0.0,GREEN
2006-01-04,35.68010711669922,0.541577,1.500558779663944,0.0,GREEN
2006-01-05,35.833953857421875,0.548369,1.5008018463546815,0.0,GREEN
2006-01-06,36.48363876342773,0.577979,1.5010454288856576,0.0,GREEN
2006-01-09,36.628944396972656,0.584656,1.5012900635438906,0.0,GREEN
2006-01-10,36.65458679199219,0.585649,1.501535333835408,0.0,GREEN
2006-01-11,36.93667984008789,0.598935,1.5017842192781925,0.0,GREEN
2006-01-12,36.75716400146485,0.589961,1.5020340398859486,0.0,GREEN
2006-01-13,36.74008560180664,0.5889,1.502284676910676,0.0,GREEN
2006-01-17,36.50074005126953,0.577152,1.5025362499670796,0.0,GREEN
2006-01-18,36.08184051513672,0.557047,1.502788580650441,0.0,GREEN
2006-01-19,36.346866607666016,0.569095,1.5030418482468215,0.0,GREEN
2006-01-20,35.26124572753906,0.51787,1.5032948602974197,0.0,GREEN
2006-01-23,35.26979064941406,0.518036,1.5035485114691685,0.0,GREEN
2006-01-24,35.42364501953125,0.524602,1.503801907138023,0.0,GREEN
2006-01-25,35.26979064941406,0.517551,1.5040582098882567,0.0,GREEN
2006-01-26,35.51770782470703,0.528251,1.5043152725450408,0.0,GREEN
2006-01-27,35.99641036987305,0.549392,1.5045738714905899,0.0,GREEN
2006-01-30,36.06475830078125,0.552294,1.504832813423921,0.0,GREEN
2006-01-31,35.9023551940918,0.544603,1.505092098506753,0.0,GREEN
2006-02-01,36.03056716918945,0.550211,1.50535310058208,0.0,GREEN
2006-02-02,35.41510009765625,0.521787,1.5056136700347589,0.0,GREEN
2006-02-03,34.979156494140625,0.502301,1.505874284590769,0.0,GREEN
2006-02-06,34.885108947753906,0.498041,1.506134944257918,0.0,GREEN
2006-02-07,34.73124694824219,0.491243,1.5063947525430983,0.0,GREEN
2006-02-08,35.13301086425781,0.508086,1.5066566978510219,0.0,GREEN
2006-02-09,34.79963684082031,0.49341,1.50691928660165,0.0,GREEN
2006-02-10,35.01333236694336,0.502292,1.5071822200879994,0.0,GREEN
2006-02-13,34.61157989501953,0.48479,1.5074468741201963,0.0,GREEN
2006-02-14,34.96206283569336,0.499313,1.507711395150905,0.0,GREEN
2006-02-15,35.18431091308594,0.508625,1.5079774583498928,0.0,GREEN
2006-02-16,35.50914764404297,0.522498,1.5082426709029486,0.0,GREEN
2006-02-17,35.22703552246094,0.509825,1.5085078103780754,0.0,GREEN
2006-02-21,34.83383560180664,0.492538,1.5087728168917893,0.0,GREEN
2006-02-22,35.26979064941406,0.510822,1.5090389476628245,0.0,GREEN
2006-02-23,35.175743103027344,0.506519,1.5093055445520303,0.0,GREEN
2006-02-24,35.26979064941406,0.510366,1.5095736858726623,0.0,GREEN
2006-02-27,35.66300964355469,0.527219,1.509842174327823,0.0,GREEN
2006-02-28,35.13301086425781,0.503488,1.5101111898443769,0.0,GREEN
2006-03-01,35.61172103881836,0.523855,1.5103812720303509,0.0,GREEN
2006-03-02,35.63737487792969,0.524764,1.510650203806157,0.0,GREEN
2006-03-03,35.43220520019531,0.515477,1.51091918346676,0.0,GREEN
2006-03-06,35.12448501586914,0.501829,1.5111885108130994,0.0,GREEN
2006-03-07,34.91929626464844,0.492821,1.5114562670405345,0.0,GREEN
2006-03-08,34.9364013671875,0.493335,1.5117250903261934,0.0,GREEN
2006-03-09,34.63722610473633,0.480452,1.5119941414068263,0.0,GREEN
2006-03-10,34.67142868041992,0.48167,1.512262640360739,0.0,GREEN
2006-03-13,34.77399826049805,0.48574,1.512532087142846,0.0,GREEN
2006-03-14,35.36381912231445,0.51025,1.5128017019956728,0.0,GREEN
2006-03-15,35.66300964355469,0.522983,1.5130704644392294,0.0,GREEN
2006-03-16,35.36381912231445,0.509598,1.5133406555935935,0.0,GREEN
2006-03-17,35.457061767578125,0.513411,1.5136104145769584,0.0,GREEN
2006-03-20,35.542606353759766,0.516907,1.5138817232492956,0.0,GREEN
2006-03-21,35.166221618652344,0.500262,1.5141538615240553,0.0,GREEN
2006-03-22,35.25175476074219,0.503696,1.5144282718634492,0.0,GREEN
2006-03-23,35.14912033081055,0.49908,1.5147027319342716,0.0,GREEN
2006-03-24,35.328758239746094,0.506518,1.5149760396016567,0.0,GREEN
2006-03-27,35.33730697631836,0.506669,1.5152486751615148,0.0,GREEN
2006-03-28,35.1918830871582,0.500196,1.5155202774855736,0.0,GREEN
2006-03-29,35.859100341796875,0.528433,1.5157925298752968,0.0,GREEN
2006-03-30,35.97031021118164,0.533125,1.5160633274050497,0.0,GREEN
2006-03-31,35.8676643371582,0.528332,1.5163331505886142,0.0,GREEN
2006-04-03,35.910430908203125,0.529996,1.5166048269367274,0.0,GREEN
2006-04-04,36.1071662902832,0.538478,1.5168772741580105,0.0,GREEN
2006-04-05,36.44934844970703,0.553556,1.5171512751667964,0.0,GREEN
2006-04-06,36.55198287963867,0.557994,1.5174250246407652,0.0,GREEN
2006-04-07,36.20127487182617,0.541691,1.517699124592417,0.0,GREEN
2006-04-10,36.14994430541992,0.539153,1.5179738763027164,0.0,GREEN
2006-04-11,35.859100341796875,0.525907,1.5182489789439817,0.0,GREEN
2006-04-12,35.8676643371582,0.526056,1.5185244326889131,0.0,GREEN
2006-04-13,36.01307678222656,0.532226,1.5188005389831434,0.0,GREEN
2006-04-17,35.63669967651367,0.515309,1.519076394153036,0.0,GREEN
2006-04-18,36.32101821899414,0.544771,1.5193522994256727,0.0,GREEN
2006-04-19,36.48357391357422,0.551849,1.519629460644162,0.0,GREEN
2006-04-20,36.355255126953125,0.545786,1.5199069739432611,0.0,GREEN
2006-04-21,35.92753601074219,0.526284,1.520184537921577,0.0,GREEN
2006-04-24,35.893333435058594,0.524551,1.5204635400441122,0.0,GREEN
2006-04-25,35.81632232666016,0.520945,1.5207424123779492,0.0,GREEN
2006-04-26,35.80776596069336,0.520343,1.5210233273084526,0.0,GREEN
2006-04-27,36.14994430541992,0.535032,1.521304414837576,0.0,GREEN
2006-04-28,35.799224853515625,0.519225,1.5215855543121217,0.0,GREEN
2006-05-01,35.44851303100586,0.503737,1.5218663230808782,0.0,GREEN
2006-05-02,35.542606353759766,0.507526,1.5221469624679307,0.0,GREEN
2006-05-03,35.49127578735352,0.505103,1.5224297677188094,0.0,GREEN
2006-05-04,35.78213119506836,0.517299,1.522713531713239,0.0,GREEN
2006-05-05,36.06440734863281,0.529313,1.5229958379638582,0.0,GREEN
2006-05-08,36.09862518310547,0.530585,1.5232795866035675,0.0,GREEN
2006-05-09,35.96175765991211,0.524313,1.5235636903244603,0.0,GREEN
2006-05-10,35.64525604248047,0.510235,1.523851172289613,0.0,GREEN
2006-05-11,34.84973907470703,0.475848,1.5241385270733363,0.0,GREEN
2006-05-12,34.37923812866211,0.456364,1.5244224886069173,0.0,GREEN
2006-05-15,34.35356903076172,0.45514,1.5247072289369406,0.0,GREEN
2006-05-16,34.09696960449219,0.444739,1.5249914174248385,0.0,GREEN
2006-05-17,33.635005950927734,0.426466,1.5252762640226325,0.0,GREEN
2006-05-18,33.40403747558594,0.417491,1.5255611638256992,0.0,GREEN
2006-05-19,33.660667419433594,0.426929,1.5258461168439765,0.0,GREEN
2006-05-22,33.33560562133789,0.414372,1.5261305176079274,0.0,GREEN
2006-05-23,33.01055145263672,0.402067,1.5264140629780842,0.0,GREEN
2006-05-24,33.23297500610352,0.410016,1.5266994781725967,0.0,GREEN
2006-05-25,33.66923522949219,0.425982,1.5269843409171147,0.0,GREEN
2006-05-26,33.780460357666016,0.430015,1.527268953833387,0.0,GREEN
2006-05-30,33.05332565307617,0.402056,1.527554528878916,0.0,GREEN
2006-05-31,33.20730209350586,0.407497,1.5278392480718896,0.0,GREEN
2006-06-01,33.99430084228516,0.436288,1.5281251116547383,0.0,GREEN
2006-06-02,33.90876388549805,0.432803,1.5284105435818198,0.0,GREEN
2006-06-05,33.17308044433594,0.404441,1.5286945125663407,0.0,GREEN
2006-06-06,33.14744567871094,0.403323,1.528979747558954,0.0,GREEN
2006-06-07,32.899356842041016,0.394088,1.529267159346521,0.0,GREEN
2006-06-08,32.848052978515625,0.392069,1.5295543217276923,0.0,GREEN
2006-06-09,32.634178161621094,0.384235,1.5298417201371208,0.0,GREEN
2006-06-12,31.99261283874512,0.361402,1.5301299010489517,0.0,GREEN
2006-06-13,31.86430549621582,0.356891,1.5304202614174454,0.0,YELLOW
2006-06-14,32.189361572265625,0.367654,1.5307100695617488,0.0,YELLOW
2006-06-15,33.06187438964844,0.397387,1.5309992036999023,0.0,YELLOW
2006-06-16,32.81880187988281,0.388445,1.5312859622681663,0.0,YELLOW
2006-06-19,32.553428649902344,0.378849,1.5315742936854566,0.0,YELLOW
2006-06-20,32.596221923828125,0.380172,1.5318632871752085,0.0,YELLOW
2006-06-21,33.10982894897461,0.397972,1.5321550706700746,0.0,YELLOW
2006-06-22,32.69038391113281,0.382669,1.5324459977248115,0.0,YELLOW
2006-06-23,32.6561393737793,0.381293,1.5327363719226401,0.0,YELLOW
2006-06-26,32.741729736328125,0.384117,1.533030450510605,0.0,YELLOW
2006-06-27,32.12543869018555,0.362251,1.5333254980319848,0.0,YELLOW
2006-06-28,32.365116119384766,0.370193,1.533624253109817,0.0,YELLOW
2006-06-29,33.34950637817383,0.403803,1.5339206320755763,0.0,YELLOW
2006-06-30,33.18687438964844,0.397712,1.5342167639614477,0.0,YELLOW
2006-07-03,33.383731842041016,0.404607,1.5345126486311973,0.0,YELLOW
2006-07-05,32.6561393737793,0.377968,1.5348101127042046,0.0,YELLOW
2006-07-06,32.62192153930664,0.376607,1.535106720842031,0.0,YELLOW
2006-07-07,32.26239776611328,0.363984,1.5354033863005556,0.0,YELLOW
2006-07-10,31.97991371154785,0.354257,1.5357004137413577,0.0,YELLOW
2006-07-11,32.2195930480957,0.362059,1.5359974986428255,0.0,YELLOW
2006-07-12,31.6118278503418,0.341404,1.5362970791050174,0.0,YELLOW
2006-07-13,31.081100463867188,0.324051,1.5365973276529385,0.0,YELLOW
2006-07-14,30.76439094543457,0.313996,1.5368970251055893,0.0,YELLOW
2006-07-17,30.841432571411133,0.316211,1.5371967810111358,0.0,YELLOW
2006-07-18,30.94415855407715,0.319223,1.537498120383602,0.0,YELLOW
2006-07-19,31.346485137939453,0.331526,1.5378031795344718,0.0,YELLOW
2006-07-20,30.88423538208008,0.316706,1.5381064684820764,0.0,YELLOW
2006-07-21,30.5589542388916,0.306553,1.538408291369008,0.0,YELLOW
2006-07-24,31.166719436645508,0.324702,1.5387101734826947,0.0,YELLOW
2006-07-25,31.346485137939453,0.330169,1.5390121148347584,0.0,YELLOW
2006-07-26,31.32080078125,0.329204,1.5393174743813527,0.0,YELLOW
2006-07-27,31.11536026000977,0.322574,1.5396210619815396,0.0,YELLOW
2006-07-28,31.76590156555176,0.342658,1.539923793022994,0.0,YELLOW
2006-07-31,31.75735092163086,0.342224,1.540224444815818,0.0,YELLOW
2006-08-01,31.226646423339844,0.324907,1.5405260720994305,0.0,YELLOW
2006-08-02,31.57758903503418,0.335711,1.5408308150627281,0.0,YELLOW
2006-08-03,31.77446746826172,0.341835,1.5411343954290733,0.0,YELLOW
2006-08-04,31.628963470458984,0.336981,1.5414383413664516,0.0,YELLOW
2006-08-07,31.423524856567383,0.330258,1.5417408180673509,0.0,YELLOW
2006-08-08,31.226646423339844,0.323897,1.5420448836047445,0.0,YELLOW
2006-08-09,31.269441604614254,0.32508,1.542349315078906,0.0,YELLOW
2006-08-10,31.49199676513672,0.331871,1.5426513584829402,0.0,YELLOW
2006-08-11,31.269441604614254,0.324682,1.542952236711833,0.0,YELLOW
2006-08-14,31.47488021850586,0.330932,1.543254398188019,0.0,YELLOW
2006-08-15,32.27095031738281,0.355888,1.5435578436414028,0.0,YELLOW
2006-08-16,33.03278350830078,0.380929,1.5438616550288369,0.0,YELLOW
2006-08-17,33.15263366699219,0.384899,1.544163688270673,0.0,YELLOW
2006-08-18,33.2039794921875,0.386509,1.544467312515021,0.0,YELLOW
2006-08-21,32.88727188110352,0.375271,1.5447713029090284,0.0,YELLOW
2006-08-22,32.89582061767578,0.375389,1.5450750466268084,0.0,YELLOW
2006-08-23,32.6475715637207,0.366717,1.5453794632078504,0.0,YELLOW
2006-08-24,32.741729736328125,0.36972,1.5456836331362813,0.0,YELLOW
2006-08-25,32.801666259765625,0.371579,1.5459875562427996,0.0,YELLOW
2006-08-28,33.04990768432617,0.379843,1.546292152609968,0.0,YELLOW
2006-08-29,33.15263366699219,0.38321,1.5465965021788541,0.0,YELLOW
2006-08-30,33.30670547485352,0.388377,1.5468993773236859,0.0,YELLOW
2006-08-31,33.27245330810547,0.387,1.547201391016323,0.0,YELLOW
2006-09-01,33.452232360839844,0.393096,1.5475025427285274,0.0,YELLOW
2006-09-05,33.77751159667969,0.404385,1.5478025248823142,0.0,YELLOW
2006-09-06,33.101261138916016,0.379913,1.5481004154417612,0.0,YELLOW
2006-09-07,32.94719314575195,0.374437,1.5483971346833674,0.0,YELLOW
2006-09-08,33.14406204223633,0.38098,1.5486939107961606,0.0,YELLOW
2006-09-11,33.34950637817383,0.387893,1.5489889001242247,0.0,YELLOW
2006-09-12,33.965824127197266,0.409224,1.5492845603036283,0.0,YELLOW
2006-09-13,34.19694519042969,0.417394,1.5495784325466166,0.0,GREEN
2006-09-14,34.231170654296875,0.418459,1.5498723605320408,0.0,GREEN
2006-09-15,34.35364532470703,0.422762,1.5501681893401946,0.0,GREEN
2006-09-18,34.362205505371094,0.422887,1.550464382194178,0.0,GREEN
2006-09-19,34.13095474243164,0.414158,1.5507600163644275,0.0,YELLOW
2006-09-20,34.62771987915039,0.432055,1.5510566299971686,0.0,GREEN
2006-09-21,34.41361999511719,0.423847,1.5513526848504042,0.0,GREEN
2006-09-22,34.14808654785156,0.413845,1.551647257166289,0.0,GREEN
2006-09-25,34.74762725830078,0.435458,1.5519421932894095,0.0,GREEN
2006-09-26,34.91893005371094,0.441703,1.5522359537748218,0.0,GREEN
2006-09-27,34.876121520996094,0.439882,1.5525288459231488,0.0,GREEN
2006-09-28,34.97032165527344,0.44325,1.5528214852889477,0.0,GREEN
2006-09-29,34.81616973876953,0.43719,1.5531135636018387,0.0,GREEN
2006-10-02,34.37934494018555,0.420539,1.553406929511292,0.0,GREEN
2006-10-03,34.52493667602539,0.425693,1.5537003508343088,0.0,GREEN
2006-10-04,35.37287902832031,0.456867,1.5539947523947615,0.0,GREEN
2006-10-05,35.54417419433594,0.463298,1.5542904430676303,0.0,GREEN
2006-10-06,35.467079162597656,0.460075,1.5545864984018838,0.0,GREEN
2006-10-09,35.586997985839844,0.464534,1.5548832270117394,0.0,GREEN
2006-10-10,35.64694595336914,0.46667,1.555180012259079,0.0,GREEN
2006-10-11,35.57843017578125,0.463766,1.5554796312665862,0.0,GREEN
2006-10-12,36.143699645996094,0.485657,1.5557811597727274,0.0,GREEN
2006-10-13,36.34070587158203,0.493375,1.556084907527679,0.0,GREEN
2006-10-16,36.37495422363281,0.494543,1.5563887145857647,0.0,GREEN
2006-10-17,35.972415924072266,0.477896,1.5566931985578178,0.0,GREEN
2006-10-18,35.80110549926758,0.470847,1.5569989775671809,0.0,GREEN
2006-10-19,35.88677978515625,0.47401,1.5573048166402756,0.0,GREEN
2006-10-20,35.972415924072266,0.477184,1.5576113337811464,0.0,GREEN
2006-10-23,36.34070587158203,0.491619,1.5579172931384928,0.0,GREEN
2006-10-24,36.09231948852539,0.48131,1.558224549036113,0.0,GREEN
2006-10-25,36.34070587158203,0.491023,1.5585331022163924,0.0,GREEN
2006-10-26,36.67472839355469,0.504334,1.558841407284751,0.0,GREEN
2006-10-27,36.15228271484375,0.482547,1.5591491547392182,0.0,GREEN
2006-10-30,36.38351821899414,0.491584,1.5594563442547416,0.0,GREEN
2006-10-31,36.46917343139648,0.494829,1.5597623566313303,0.0,GREEN
2006-11-01,35.972415924072266,0.47438,1.5600681195730368,0.0,GREEN
2006-11-02,36.006675720214844,0.475517,1.5603736329095776,0.0,GREEN
2006-11-03,35.91246032714844,0.471564,1.5606792060758128,0.0,GREEN
2006-11-06,36.43491744995117,0.491927,1.560986077716568,0.0,GREEN
2006-11-07,36.68330383300781,0.501761,1.5612920805464583,0.0,GREEN
2006-11-08,36.85458755493164,0.508557,1.5615984531498834,0.0,GREEN
2006-11-09,36.68330383300781,0.501231,1.5619058153874703,0.0,GREEN
2006-11-10,36.85458755493164,0.50802,1.5622132381217522,0.0,GREEN
2006-11-13,37.23144912719727,0.52337,1.5625204113945974,0.0,GREEN
2006-11-14,37.62542724609375,0.539743,1.5628270250335883,0.0,GREEN
2006-11-15,37.77960586547852,0.546128,1.5631343189935012,0.0,GREEN
2006-11-16,37.94233703613281,0.552933,1.5634413632229012,0.0,GREEN
2006-11-17,37.94233703613281,0.552677,1.5637487779782775,0.0,GREEN
2006-11-20,38.01940155029297,0.55579,1.5640556326598463,0.0,GREEN
2006-11-21,38.07079315185547,0.557788,1.5643613062427497,0.0,GREEN
2006-11-22,38.31062316894531,0.568073,1.5646673499320847,0.0,GREEN
2006-11-24,38.24209213256836,0.564764,1.564972832609904,0.0,GREEN
2006-11-27,37.37704849243164,0.52618,1.5652774434064238,0.0,GREEN
2006-11-28,37.488407135009766,0.530641,1.565582113493262,0.0,GREEN
2006-11-29,37.74534606933594,0.541309,1.5658868428819588,0.0,GREEN
2006-11-30,37.71965026855469,0.539956,1.566191631584057,0.0,GREEN
2006-12-01,37.3941650390625,0.525731,1.5664955473328401,0.0,GREEN
2006-12-04,37.9080810546875,0.547167,1.5667995220557491,0.0,GREEN
2006-12-05,38.04510498046875,0.552851,1.5671023122737295,0.0,GREEN
2006-12-06,37.9080810546875,0.546626,1.567403917276312,0.0,GREEN
2006-12-07,37.42844009399414,0.52563,1.5677058913258464,0.0,GREEN
2006-12-08,37.5997314453125,0.532608,1.5680069904033553,0.0,GREEN
2006-12-11,37.73678207397461,0.538192,1.5683075250717688,0.0,GREEN
2006-12-12,37.51407623291016,0.528421,1.568607183834585,0.0,GREEN
2006-12-13,37.58259963989258,0.531078,1.5689062773762141,0.0,GREEN
2006-12-14,38.00229644775391,0.54863,1.5692060505434897,0.0,GREEN
2006-12-15,38.10005569458008,0.552618,1.5695058809888534,0.0,GREEN
2006-12-18,37.72272872924805,0.53595,1.5698032774464488,0.0,GREEN
2006-12-19,37.6026725769043,0.53059,1.5701025990527446,0.0,GREEN
2006-12-20,37.46548080444336,0.524542,1.5704035353794763,0.0,GREEN
2006-12-21,37.19964599609375,0.513139,1.5707048409808042,0.0,GREEN
2006-12-22,36.813743591308594,0.496936,1.5710062043921555,0.0,GREEN
2006-12-26,36.96811294555664,0.502962,1.5713085607390396,0.0,GREEN
2006-12-27,37.156768798828125,0.510434,1.571610975277521,0.0,GREEN
2006-12-28,36.9766731262207,0.502779,1.571913136184088,0.0,GREEN
2006-12-29,37.01097869873047,0.503948,1.5722166027336018,0.0,GREEN
2007-01-03,37.07959365844727,0.50652,1.5725213756885306,0.0,GREEN
2007-01-04,37.78275680541992,0.535104,1.5728280797560514,0.0,GREEN
2007-01-05,37.6026725769043,0.527207,1.5731339074441786,0.0,GREEN
2007-01-08,37.62841033935547,0.528047,1.57344041884281,0.0,GREEN
2007-01-09,37.81705093383789,0.535745,1.5737469899625096,0.0,GREEN
2007-01-10,38.26296615600586,0.554449,1.5740558065948713,0.0,GREEN
2007-01-11,38.65742874145508,0.57134,1.574364996116396,0.0,GREEN
2007-01-12,38.85467529296875,0.579821,1.5746751835150445,0.0,GREEN
2007-01-16,38.828948974609375,0.578401,1.5749848071425911,0.0,GREEN
2007-01-17,38.511661529541016,0.563953,1.575294491650497,0.0,GREEN
2007-01-18,37.79990768432617,0.532423,1.5756057998488486,0.0,GREEN
2007-01-19,37.877071380615234,0.535435,1.5759171695676304,0.0,GREEN
2007-01-22,37.46548080444336,0.517731,1.5762298515457192,0.0,GREEN
2007-01-23,37.37113571166992,0.513579,1.5765419700615302,0.0,GREEN
2007-01-24,37.98857498168945,0.538795,1.576855088821077,0.0,GREEN
2007-01-25,37.49976348876953,0.517745,1.5771673311437875,0.0,GREEN
2007-01-26,37.3625602722168,0.511821,1.577480261169808,0.0,GREEN
2007-01-29,37.396854400634766,0.512992,1.5777929402858404,0.0,GREEN
2007-01-30,37.41402053833008,0.51346,1.5781056813793388,0.0,GREEN
2007-01-31,37.79133605957031,0.528756,1.5784184844625884,0.0,GREEN
2007-02-01,37.73130798339844,0.52599,1.5787300968359879,0.0,GREEN
2007-02-02,37.86851119995117,0.531483,1.5790427104400302,0.0,GREEN
2007-02-05,37.83419799804688,0.52979,1.5793560125651176,0.0,GREEN
2007-02-06,37.78275680541992,0.527382,1.5796690634818644,0.0,GREEN
2007-02-07,38.125755310058594,0.541499,1.5799831167504994,0.0,GREEN
2007-02-08,38.11717224121094,0.54088,1.5802972324559181,0.0,GREEN
2007-02-09,37.62841033935547,0.51982,1.5806117241388458,0.0,GREEN
2007-02-12,37.48262405395508,0.513535,1.5809262784081126,0.0,GREEN
2007-02-13,37.61125564575195,0.518582,1.581241208959202,0.0,GREEN
2007-02-14,38.24582290649414,0.544588,1.5815565159919727,0.0,GREEN
2007-02-15,38.46879196166992,0.553858,1.5818709445041597,0.0,GREEN
2007-02-16,38.34015274047852,0.548042,1.5821860632387328,0.0,GREEN
2007-02-20,38.6317138671875,0.560288,1.5825018726129412,0.0,GREEN
2007-02-21,38.75176239013672,0.565248,1.582818058989415,0.0,GREEN
2007-02-22,38.94902420043945,0.573615,1.5831343085404266,0.0,GREEN
2007-02-23,38.811790466308594,0.567282,1.583451249520878,0.0,GREEN
2007-02-26,38.62312698364258,0.558743,1.5837679397683853,0.0,GREEN
2007-02-27,37.03670120239258,0.489633,1.5840850076008046,0.0,GREEN
2007-02-28,37.156768798828125,0.494166,1.5843986815621283,0.0,GREEN
2007-03-01,36.98527145385742,0.487094,1.5847127320078855,0.0,GREEN
2007-03-02,36.4278564453125,0.464845,1.5850265302686,0.0,GREEN
2007-03-05,36.14487075805664,0.453796,1.5853391327099842,0.0,GREEN
2007-03-06,36.74513244628906,0.476194,1.5856511677162823,0.0,GREEN
2007-03-07,36.59935760498047,0.470306,1.5859642079705747,0.0,GREEN
2007-03-08,36.848052978515625,0.479676,1.5862760513249197,0.0,GREEN
2007-03-09,36.813743591308594,0.478115,1.5865873265370665,0.0,GREEN
2007-03-12,37.053855895996094,0.487249,1.5868989776070563,0.0,GREEN
2007-03-13,36.333534240722656,0.458608,1.5872106898942182,0.0,GREEN
2007-03-14,36.86520004272461,0.47853,1.5875215186507186,0.0,GREEN
2007-03-15,36.77943420410156,0.474971,1.587831148341338,0.0,GREEN
2007-03-16,36.75115585327149,0.473658,1.5881395782397845,0.0,GREEN
2007-03-19,37.128684997558594,0.488038,1.5884474378510225,0.0,GREEN
2007-03-20,37.39469909667969,0.498304,1.58875598746126,0.0,GREEN
2007-03-21,38.11546325683594,0.526889,1.589065542685705,0.0,GREEN
2007-03-22,37.978172302246094,0.520953,1.589375158224281,0.0,GREEN
2007-03-23,37.85805130004883,0.51577,1.5896854648076035,0.0,GREEN
2007-03-26,38.01251220703125,0.521845,1.5899961473955948,0.0,GREEN
2007-03-27,37.74648666381836,0.510649,1.5903072061548695,0.0,GREEN
2007-03-28,37.34318542480469,0.494047,1.5906176947094575,0.0,GREEN
2007-03-29,37.38609313964844,0.495523,1.5909276126712955,0.0,GREEN
2007-03-30,37.35177612304688,0.493932,1.591237275380579,0.0,GREEN
2007-04-02,37.40325546264648,0.495747,1.5915463669056837,0.0,GREEN
2007-04-03,37.892372131347656,0.514968,1.5918561500510644,0.0,GREEN
2007-04-04,38.04681015014648,0.521029,1.5921659934935242,0.0,GREEN
2007-04-05,38.23559188842773,0.528546,1.5924758972447994,0.0,GREEN
2007-04-09,38.14120101928711,0.52439,1.592785229367285,0.0,GREEN
2007-04-10,38.33856964111328,0.532291,1.5930939895343494,0.0,GREEN
2007-04-11,37.93526840209961,0.515249,1.593402493457018,0.0,GREEN
2007-04-12,38.23559188842773,0.527251,1.5937113732802417,0.0,GREEN
2007-04-13,38.31282806396485,0.530206,1.594020312979577,0.0,GREEN
2007-04-16,38.66464614868164,0.544571,1.5943283637232986,0.0,GREEN
2007-04-17,38.75042724609375,0.547947,1.5946361576568144,0.0,GREEN
2007-04-18,38.62172317504883,0.542239,1.5949436946385254,0.0,GREEN
2007-04-19,38.74185562133789,0.547052,1.5952506580022907,0.0,GREEN
2007-04-20,38.95639419555664,0.555893,1.5955573639190894,0.0,GREEN
2007-04-23,39.01643753051758,0.558211,1.5958634956617646,0.0,GREEN
2007-04-24,39.21380233764648,0.566429,1.596170002787261,0.0,GREEN
2007-04-25,39.73722076416016,0.588855,1.596476252073942,0.0,GREEN
2007-04-26,39.94314193725586,0.597744,1.596781609844142,0.0,GREEN
2007-04-27,39.9603157043457,0.598246,1.5970857587342935,0.0,GREEN
2007-04-30,39.4368782043457,0.574471,1.5973896486682213,0.0,GREEN
2007-05-01,39.40258026123047,0.572715,1.5976891592213012,0.0,GREEN
2007-05-02,39.83159637451172,0.591167,1.5979906279568146,0.0,GREEN
2007-05-03,39.97747421264648,0.597398,1.5982921535766086,0.0,GREEN
2007-05-04,40.01180267333984,0.59867,1.5985934189626994,0.0,GREEN
2007-05-07,40.01180267333984,0.598404,1.5988947411349244,0.0,GREEN
2007-05-08,40.09761047363281,0.601986,1.5991948511411174,0.0,GREEN
2007-05-09,40.18341445922852,0.605583,1.599496603986363,0.0,GREEN
2007-05-10,39.63424301147461,0.580485,1.5997968269612581,0.0,GREEN
2007-05-11,40.1405029296875,0.602472,1.6000964714329886,0.0,GREEN
2007-05-14,39.86592864990234,0.589842,1.6003958545721537,0.0,GREEN
2007-05-15,39.55702972412109,0.575871,1.6006943410884729,0.0,GREEN
2007-05-16,39.94314193725586,0.592483,1.600992248094477,0.0,GREEN
2007-05-17,39.75436019897461,0.583822,1.601285128034059,0.0,GREEN
2007-05-18,40.08043670654297,0.59793,1.6015812386869281,0.0,GREEN
2007-05-21,40.337867736816406,0.609187,1.601878992973103,0.0,GREEN
2007-05-22,40.3721809387207,0.610468,1.6021783917873096,0.0,GREEN
2007-05-23,40.18341445922852,0.601632,1.6024819791672136,0.0,GREEN
2007-05-24,39.6085205078125,0.57554,1.6027849881520062,0.0,GREEN
2007-05-25,39.85735321044922,0.586131,1.6030880544319486,0.0,GREEN
2007-05-29,40.16625595092773,0.5995,1.6033895876466742,0.0,GREEN
2007-05-30,40.49232864379883,0.613835,1.6036876781278797,0.0,GREEN
2007-05-31,40.68107986450195,0.622153,1.603987096794675,0.0,GREEN
2007-06-01,40.70682907104492,0.623061,1.6042792515970177,0.0,GREEN
2007-06-04,40.82696914672852,0.628306,1.6045755976387945,0.0,GREEN
2007-06-05,40.82696914672852,0.628028,1.604870088199869,0.0,GREEN
2007-06-06,40.38933944702149,0.607557,1.605168772358817,0.0,GREEN
2007-06-07,39.76295852661133,0.579023,1.6054652827148532,0.0,GREEN
2007-06-08,40.25205993652344,0.600137,1.6057621663645547,0.0,GREEN
2007-06-11,40.17483139038086,0.596422,1.606057193309556,0.0,GREEN
2007-06-12,39.93458557128906,0.585464,1.6063497251652048,0.0,GREEN
2007-06-13,40.3721809387207,0.604459,1.6066423103034435,0.0,GREEN
2007-06-14,40.63818740844727,0.616149,1.6069301670421938,0.0,GREEN
2007-06-15,41.0134391784668,0.632958,1.6072177565430334,0.0,GREEN
2007-06-18,41.02203750610352,0.633091,1.6075002952091282,0.0,GREEN
2007-06-19,41.0134391784668,0.632422,1.6077816077510563,0.0,GREEN
2007-06-20,40.62702560424805,0.614272,1.6080696686139266,0.0,GREEN
2007-06-21,40.99628448486328,0.630756,1.6083632051346517,0.0,GREEN
2007-06-22,40.60986709594727,0.612647,1.608654242282405,0.0,GREEN
2007-06-25,40.43811798095703,0.604606,1.6089469279872557,0.0,GREEN
2007-06-26,40.206241607666016,0.593939,1.6092431785242018,0.0,GREEN
2007-06-27,40.82453536987305,0.62108,1.6095417186895409,0.0,GREEN
2007-06-28,40.8073616027832,0.620024,1.609837759413133,0.0,GREEN
2007-06-29,40.87606048583984,0.622883,1.610134173976178,0.0,GREEN
2007-07-02,41.24531555175781,0.639486,1.6104325599569445,0.0,GREEN
2007-07-03,41.485782623291016,0.650382,1.610734835593425,0.0,GREEN
2007-07-05,41.786319732666016,0.664224,1.611042601003169,0.0,GREEN
2007-07-06,41.95805740356445,0.672115,1.6113501055594646,0.0,GREEN
2007-07-09,41.98383712768555,0.673052,1.6116563899620107,0.0,GREEN
2007-07-10,41.63175201416016,0.655815,1.6119624128024888,0.0,GREEN
2007-07-11,41.91512298583984,0.668911,1.6122697730849016,0.0,GREEN
2007-07-12,42.559200286865234,0.699445,1.6125771919731122,0.0,GREEN
2007-07-13,42.85118103027344,0.713525,1.612885309404526,0.0,GREEN
2007-07-16,42.8082275390625,0.711058,1.613193805732629,0.0,GREEN
2007-07-17,43.13454818725586,0.726998,1.6135004405845306,0.0,GREEN
2007-07-18,43.08301162719727,0.724064,1.6138084142760738,0.0,GREEN
2007-07-19,43.211822509765625,0.730231,1.6141167669588947,0.0,GREEN
2007-07-20,42.97998046875,0.718147,1.614426139334342,0.0,GREEN
2007-07-23,42.99715042114258,0.718681,1.6147352506761818,0.0,GREEN
2007-07-24,42.36168670654297,0.686488,1.6150463435203417,0.0,GREEN
2007-07-25,42.42179489135742,0.689099,1.615358778080844,0.0,GREEN
2007-07-26,42.06113052368164,0.671215,1.6156687090234487,0.0,GREEN
2007-07-27,41.21095657348633,0.630216,1.6159745320278625,0.0,GREEN
2007-07-30,41.69186019897461,0.651999,1.6162762447282555,0.0,GREEN
2007-07-31,40.8159408569336,0.61061,1.6165789758209543,0.0,GREEN
2007-08-01,41.13368606567383,0.624599,1.6168875371217957,0.0,GREEN
2007-08-02,41.511531829833984,0.641533,1.617191665953378,0.0,GREEN
2007-08-03,40.72148513793945,0.60462,1.6174961728688493,0.0,GREEN
2007-08-06,41.19380187988281,0.62539,1.6177978487301181,0.0,GREEN
2007-08-07,41.485782623291016,0.638407,1.6181005438532774,0.0,GREEN
2007-08-08,41.94091033935547,0.659131,1.6184077903157947,0.0,GREEN
2007-08-09,40.97052383422852,0.613087,1.6187163795679633,0.0,GREEN
2007-08-10,40.60126495361328,0.596253,1.6190195677017707,0.0,GREEN
2007-08-13,40.87606048583984,0.608104,1.6193032173577089,0.0,GREEN
2007-08-14,40.18049621582031,0.576801,1.61959430640193,0.0,GREEN
2007-08-15,39.41621398925781,0.543658,1.6198835196709302,0.0,GREEN
2007-08-16,39.02973937988281,0.527469,1.6201490005884547,0.0,GREEN
2007-08-17,39.76827621459961,0.557223,1.620386879611448,0.0,GREEN
2007-08-20,39.95721054077149,0.564996,1.6206196494653669,0.0,GREEN
2007-08-21,40.37799835205078,0.582653,1.6208093648639066,0.0,GREEN
2007-08-22,40.927581787109375,0.606239,1.6210293318540454,0.0,GREEN
2007-08-23,40.8159408569336,0.601058,1.6212586560469349,0.0,GREEN
2007-08-24,41.39129638671875,0.62624,1.6214973413515292,0.0,GREEN
2007-08-27,41.116493225097656,0.613505,1.6217598694876008,0.0,GREEN
2007-08-28,40.13755416870117,0.569434,1.6220417468056145,0.0,GREEN
2007-08-29,41.28823852539063,0.618195,1.62231659276704,0.0,GREEN
2007-08-30,41.50293350219727,0.627613,1.6225644466847955,0.0,GREEN
2007-08-31,41.96665573120117,0.648408,1.6228046119791242,0.0,GREEN
2007-09-04,42.6622428894043,0.680384,1.6230615560433017,0.0,GREEN
2007-09-05,42.232887268066406,0.659567,1.623337218892524,0.0,GREEN
2007-09-06,42.19852066040039,0.657693,1.6236090634450293,0.0,GREEN
2007-09-07,41.41705322265625,0.620903,1.6238770877885287,0.0,GREEN
2007-09-10,41.39129638671875,0.61951,1.6241309796861003,0.0,GREEN
2007-09-11,42.0181770324707,0.647419,1.6243803997934623,0.0,GREEN
2007-09-12,42.02676773071289,0.647571,1.6246375933573778,0.0,GREEN
2007-09-13,42.232887268066406,0.656851,1.6248890253720218,0.0,GREEN
2007-09-14,42.26721954345703,0.658205,1.6251437202818513,0.0,GREEN
2007-09-17,41.91512298583984,0.641502,1.625393940830291,0.0,GREEN
2007-09-18,42.97137451171875,0.689758,1.6256512948715378,0.0,GREEN
2007-09-19,43.08301162719727,0.694877,1.6259003033567627,0.0,GREEN
2007-09-20,42.96280670166016,0.68881,1.6261461239941735,0.0,GREEN
2007-09-21,43.2686653137207,0.703276,1.6263829476608052,0.0,GREEN
2007-09-24,43.46628189086914,0.712658,1.626616578854631,0.0,GREEN
2007-09-25,43.87866973876953,0.732684,1.6268534710359204,0.0,GREEN
2007-09-26,44.093482971191406,0.743183,1.6270916888693017,0.0,GREEN
2007-09-27,44.3168830871582,0.754215,1.627325744717403,0.0,GREEN
2007-09-28,44.170806884765625,0.746483,1.6275582198176326,0.0,GREEN
2007-10-01,44.677734375,0.771908,1.6277971867021934,0.0,GREEN
2007-10-02,44.68632888793945,0.772064,1.6280423252120237,0.0,GREEN
2007-10-03,44.37703323364258,0.755743,1.6282910538944366,0.0,GREEN
2007-10-04,44.480106353759766,0.760727,1.6285391744304365,0.0,GREEN
2007-10-05,45.382266998291016,0.806728,1.628787009660439,0.0,GREEN
2007-10-08,45.66581344604492,0.821546,1.6290371448009544,0.0,GREEN
2007-10-09,45.863426208496094,0.831899,1.6292869951414384,0.0,GREEN
2007-10-10,45.97510147094727,0.837659,1.6295397932482178,0.0,GREEN
2007-10-11,45.24479675292969,0.797416,1.629794247176519,0.0,GREEN
2007-10-12,45.99228286743164,0.836625,1.6300532680553466,0.0,GREEN
2007-10-15,45.6400260925293,0.817067,1.6303171814366682,0.0,GREEN
2007-10-16,45.42522430419922,0.805207,1.6305863131519858,0.0,GREEN
2007-10-17,46.00949478149414,0.835972,1.6308532246020555,0.0,GREEN
2007-10-18,46.20708847045898,0.846443,1.6311049713962928,0.0,GREEN
2007-10-19,45.0557746887207,0.782862,1.631340575454507,0.0,GREEN
2007-10-22,45.5970573425293,0.810783,1.6315826871119576,0.0,GREEN
2007-10-23,46.55076217651367,0.861353,1.6318326041358107,0.0,GREEN
2007-10-24,46.198516845703125,0.841487,1.6320825594406034,0.0,GREEN
2007-10-25,45.57988357543945,0.807369,1.632322838264325,0.0,GREEN
2007-10-26,46.33597946166992,0.847245,1.6325702776743725,0.0,GREEN
2007-10-29,46.52498626708984,0.857295,1.6328190502825528,0.0,GREEN
2007-10-30,46.61949920654297,0.862198,1.6330691566858386,0.0,GREEN
2007-10-31,47.28109359741211,0.898584,1.6333186533563744,0.0,GREEN
2007-11-01,46.39610290527344,0.847799,1.633566243719342,0.0,GREEN
2007-11-02,46.7569694519043,0.867287,1.6338064168466573,0.0,GREEN
2007-11-05,46.45627212524414,0.850248,1.6340333344045528,0.0,GREEN
2007-11-06,46.98034286499024,0.878719,1.6342654708812392,0.0,GREEN
2007-11-07,45.83763885498047,0.814304,1.6345008829386332,0.0,GREEN
2007-11-08,44.44575881958008,0.739855,1.6347188163828874,0.0,GREEN
2007-11-09,42.95936965942383,0.665389,1.6349315893063385,0.0,GREEN
2007-11-12,41.86819839477539,0.614473,1.6351372533247053,0.0,GREEN
2007-11-13,43.59516525268555,0.690303,1.6353435920776709,0.0,GREEN
2007-11-14,43.03669357299805,0.663544,1.6355616378831401,0.0,GREEN
2007-11-15,42.80471420288086,0.6526,1.6357767921261228,0.0,GREEN
2007-11-16,43.19991683959961,0.67046,1.6359838606999517,0.0,GREEN
2007-11-19,42.70161056518555,0.647038,1.6361974474792889,0.0,GREEN
2007-11-20,42.87343597412109,0.654642,1.636410088225183,0.0,GREEN
2007-11-21,42.36653137207031,0.631218,1.6366152888608676,0.0,GREEN
2007-11-23,42.821895599365234,0.65137,1.6368127218138717,0.0,GREEN
2007-11-26,42.08297729492188,0.617448,1.6370166738820544,0.0,GREEN
2007-11-27,42.92498779296875,0.654317,1.6372151296776098,0.0,GREEN
2007-11-28,44.23096084594727,0.713839,1.6374149089078414,0.0,GREEN
2007-11-29,44.41996383666992,0.722777,1.6376072401853348,0.0,GREEN
2007-11-30,44.08489990234375,0.706195,1.6377947202199505,0.0,GREEN
2007-12-03,43.7154541015625,0.688226,1.6379942452073213,0.0,GREEN
2007-12-04,43.53501129150391,0.679493,1.6381866445338413,0.0,GREEN
2007-12-05,44.3168830871582,0.715895,1.638380366606538,0.0,GREEN
2007-12-06,44.95268630981445,0.74649,1.6385741115876384,0.0,GREEN
2007-12-07,44.96126937866211,0.746686,1.6387665790254484,0.0,GREEN
2007-12-10,45.14169692993164,0.755448,1.638962970892012,0.0,GREEN
2007-12-11,44.093482971191406,0.702598,1.6391561343868706,0.0,GREEN
2007-12-12,44.488731384277344,0.721286,1.6393428160502872,0.0,GREEN
2007-12-13,44.2481575012207,0.709376,1.6395256157812117,0.0,GREEN
2007-12-14,43.79277801513672,0.687267,1.6397064840814086,0.0,GREEN
2007-12-17,42.72737503051758,0.6369,1.6398883483571272,0.0,GREEN
2007-12-18,42.86483001708984,0.642852,1.6400790179194351,0.0,GREEN
2007-12-19,42.85626983642578,0.642278,1.640272312948409,0.0,GREEN
2007-12-20,43.73263549804688,0.681492,1.6404568435860987,0.0,GREEN
2007-12-21,44.59528732299805,0.721616,1.6406394420605341,0.0,GREEN
2007-12-24,44.93072128295898,0.737666,1.6408282458120595,0.0,GREEN
2007-12-26,45.15435409545898,0.748441,1.6410366049574896,0.0,GREEN
2007-12-27,44.61249542236328,0.721262,1.6412466185644135,0.0,GREEN
2007-12-28,44.569480895996094,0.718949,1.6414468897322845,0.0,GREEN
2007-12-31,44.05344772338867,0.693748,1.641647511013838,0.0,GREEN
2008-01-02,43.35677337646485,0.660612,1.6418520655121236,0.0,GREEN
2008-01-03,43.537391662597656,0.668657,1.6420586000824784,0.0,GREEN
2008-01-04,41.62800216674805,0.580471,1.642263857413703,0.0,GREEN
2008-01-07,41.43018341064453,0.572009,1.642466859474477,0.0,GREEN
2008-01-08,40.355098724365234,0.527296,1.64267314548827,0.0,GREEN
2008-01-09,41.21517181396485,0.560844,1.6428791314914737,0.0,GREEN
2008-01-10,41.27537155151367,0.563123,1.6430818836314178,0.0,GREEN
2008-01-11,40.46689224243164,0.529859,1.6432859648410925,0.0,GREEN
2008-01-14,41.17215347290039,0.557396,1.6434822462196044,0.0,GREEN
2008-01-15,40.03684997558594,0.511111,1.6436834423621551,0.0,GREEN
2008-01-16,39.6068115234375,0.494482,1.6438846631352657,0.0,GREEN
2008-01-17,39.05636215209961,0.473714,1.6440829730286475,0.0,GREEN
2008-01-18,39.00474166870117,0.471698,1.6442773923655911,0.0,GREEN
2008-01-22,37.99845504760742,0.435074,1.644459437360114,0.0,GREEN
2008-01-23,37.852237701416016,0.429948,1.6446049589702998,0.0,GREEN
2008-01-24,38.626312255859375,0.456217,1.6447426619977166,0.0,GREEN
2008-01-25,37.83504104614258,0.428068,1.6448927773962945,0.0,GREEN
2008-01-28,38.1274642944336,0.437888,1.6450376846190278,0.0,GREEN
2008-01-29,38.19628143310547,0.440152,1.645182278203561,0.0,GREEN
2008-01-30,38.161869049072266,0.438857,1.645326231647923,0.0,GREEN
2008-01-31,38.815547943115234,0.461314,1.6454659538030154,0.0,GREEN
2008-02-01,39.21116638183594,0.475312,1.6455880578245017,0.0,YELLOW
2008-02-04,38.66073226928711,0.45518,1.6457219251038695,0.0,YELLOW
2008-02-05,37.55981063842773,0.416185,1.6458636400524025,0.0,RED
2008-02-06,36.82013702392578,0.391501,1.646003734396709,0.0,RED
2008-02-07,37.07815933227539,0.399639,1.6461369823155731,0.0,RED
2008-02-08,37.49961471557617,0.41317,1.646274160391203,0.0,RED
2008-02-11,37.90384292602539,0.426431,1.6464152696105578,0.0,RED
2008-02-12,37.68882369995117,0.419068,1.6465583509412982,0.0,RED
2008-02-13,38.514495849609375,0.446508,1.6467053650797752,0.0,RED
2008-02-14,37.81784057617188,0.422169,1.6468497785289673,0.0,RED
2008-02-15,37.68882369995117,0.417748,1.6469948581541836,0.0,RED
2008-02-19,37.62002182006836,0.415359,1.6471340684413405,0.0,RED
2008-02-20,37.79203414916992,0.420956,1.6472759049911097,0.0,RED
2008-02-21,37.43080139160156,0.408784,1.6474180805869352,0.0,RED
2008-02-22,37.56842422485352,0.413195,1.6475579803831766,0.0,RED
2008-02-25,37.757625579833984,0.41934,1.647697892059798,0.0,RED
2008-02-26,37.90384292602539,0.424114,1.6478358540589804,0.0,RED
2008-02-27,38.093055725097656,0.430371,1.6479715389588117,0.0,RED
2008-02-28,37.94686126708984,0.425322,1.648097752648643,0.0,RED
2008-02-29,36.9405403137207,0.391395,1.6482190709566826,0.0,RED
2008-03-03,36.69974136352539,0.383663,1.6483358198053588,0.0,RED
2008-03-04,36.90614318847656,0.390061,1.6484427654025677,0.0,RED
2008-03-05,37.08678436279297,0.395716,1.6485471013651858,0.0,RED
2008-03-06,36.26968383789063,0.36949,1.6486439207993708,0.0,RED
2008-03-07,36.18366241455078,0.366794,1.6487332223457045,0.0,RED
2008-03-10,35.48701477050781,0.345545,1.6488248186342749,0.0,RED
2008-03-11,36.837345123291016,0.384927,1.6489098770543384,0.0,RED
2008-03-12,36.73413848876953,0.381621,1.6490041004796288,0.0,RED
2008-03-13,37.017974853515625,0.390401,1.6490983292891148,0.0,RED
2008-03-14,36.33849334716797,0.368841,1.6491834018188545,0.0,RED
2008-03-17,35.676239013671875,0.348621,1.6492566988592474,0.0,RED
2008-03-18,37.26738739013672,0.395217,1.6493214910873266,0.0,RED
2008-03-19,36.34709167480469,0.36589,1.6493803954247337,0.0,RED
2008-03-20,37.08992385864258,0.388284,1.6494229389651187,0.0,RED
2008-03-24,38.372467041015625,0.428505,1.6494556656107333,0.0,RED
2008-03-25,38.58764266967773,0.435641,1.6495221020185509,0.0,RED
2008-03-26,38.47574996948242,0.431777,1.6496042508372084,0.0,RED
2008-03-27,37.62358474731445,0.403015,1.6496873856533631,0.0,RED
2008-03-28,37.43422317504883,0.396859,1.6497692153847943,0.0,RED
2008-03-31,37.632205963134766,0.403088,1.6498575958800366,0.0,RED
2008-04-01,39.2418327331543,0.45474,1.6499410708163627,0.0,RED
2008-04-02,39.15574645996094,0.451666,1.6500297878870938,0.0,RED
2008-04-03,39.2418327331543,0.454565,1.6501191645012288,0.0,RED
2008-04-04,39.47421646118164,0.462562,1.6499194321140664,0.3500612607206261,RED
2008-04-07,39.38814163208008,0.459454,1.6460948331530132,0.3485170449732107,RED
2008-04-08,39.08689498901367,0.448831,1.6328828769541217,0.35000118780577977,RED
2008-04-09,38.64788055419922,0.433631,1.6135850873412494,0.3421922413568085,RED
2008-04-10,39.19878768920898,0.452102,1.6371571736318207,0.3500002854607566,RED
2008-04-11,38.11422348022461,0.414502,1.5895541371308015,0.3305016655067726,RED
2008-04-14,37.94208908081055,0.408822,1.5823863039558086,0.3500039470602596,RED
2008-04-15,37.99370956420898,0.410426,1.5846031595426582,0.3508856005857755,RED
2008-04-16,39.05244445800781,0.444672,1.631041976321625,0.3693395744163981,RED
2008-04-17,38.96637344360352,0.441659,1.627005702350432,0.36774705927450085,RED
2008-04-18,40.205867767333984,0.483728,1.6840470283228148,0.3891331325579039,RED
2008-04-21,40.48991775512695,0.493898,1.6978784690520285,0.39407770499995937,RED
2008-04-22,39.88739013671875,0.471766,1.6679475390266267,0.3831734860397914,RED
2008-04-23,40.32636642456055,0.487264,1.6889943072416629,0.3908295018318199,RED
2008-04-24,40.68788909912109,0.500288,1.7066872423643462,0.39711596093615126,RED
2008-04-25,40.584598541259766,0.496392,1.7012848462645673,0.6000614360423615,RED
2008-04-28,40.66205596923828,0.499147,1.7069854505499649,0.6013767348994855,RED
2008-04-29,40.971927642822266,0.510467,1.730301975468962,0.6067275910482295,RED
2008-04-30,40.6362419128418,0.497831,1.7043537734107135,0.6007173385609299,RED
2008-05-01,41.91876220703125,0.544878,1.8011464067755818,0.6221544820315784,RED
2008-05-02,41.979000091552734,0.547126,1.8058066222660032,0.6231090931635666,GREEN
2008-05-05,41.85851287841797,0.542309,1.7959395885364642,0.6210163938977027,GREEN
2008-05-06,42.11674499511719,0.55224,1.8164054601717852,0.6252634443254809,GREEN
2008-05-07,41.35066223144531,0.521995,1.7542469410916524,0.6119607837293515,YELLOW
2008-05-08,41.6605339050293,0.533627,1.778213240620222,0.6171659151475912,GREEN
2008-05-09,41.49698257446289,0.527235,1.7651112727377627,0.6142994425652474,GREEN
2008-05-12,42.25445556640625,0.555997,1.8243075258326287,0.6267904568356025,GREEN
2008-05-13,42.36637115478516,0.560298,1.833200205840999,0.6285750692603437,GREEN
2008-05-14,42.27165985107422,0.556422,1.8252770884302087,0.6269363736862219,GREEN
2008-05-15,43.01193618774414,0.585537,1.8852029753141537,0.6387695478303281,GREEN
2008-05-16,43.04636001586914,0.586819,1.8878878973569726,0.6392576612949701,GREEN
2008-05-19,42.73647689819336,0.574021,1.861616288738149,0.6341406415398476,GREEN
2008-05-20,42.40939331054688,0.560718,1.834306240165577,0.6286669528868409,GREEN
2008-05-21,41.47117233276367,0.523384,1.7575747921124345,0.6124273874192184,GREEN
2008-05-22,41.61750411987305,0.528812,1.7687868958310045,0.614856497310569,GREEN
2008-05-23,41.48838806152344,0.523778,1.7584833512402385,0.6125717563987828,GREEN
2008-05-27,42.220027923583984,0.551375,1.8152877623806203,0.6246684445378571,GREEN
2008-05-28,42.39217376708984,0.558,1.8289626978262814,0.6274474056245853,GREEN
2008-05-29,42.77089691162109,0.572834,1.8595203294491163,0.6335426159145505,GREEN
2008-05-30,43.04636001586914,0.583778,1.882078095335883,0.6379080183401206,GREEN
2008-06-02,42.52129364013672,0.562292,1.8379402061042682,0.6291852071154901,GREEN
2008-06-03,42.28888320922852,0.552952,1.8187800547762314,0.6252521981861434,GREEN
2008-06-04,42.83115005493164,0.574106,1.8623341404325953,0.6339900731351695,GREEN
2008-06-05,43.51115798950195,0.601328,1.918367489872519,0.6446553596037079,GREEN
2008-06-06,42.202823638916016,0.546956,1.806595474208832,0.6226434873664566,GREEN
2008-06-09,41.979000091552734,0.538136,1.7885050347039033,0.6187993605289833,GREEN
2008-06-10,41.78105545043945,0.530402,1.772649409478685,0.6153614411645916,GREEN
2008-06-11,40.7739486694336,0.49193,1.6935815338703413,0.5973724309801275,GREEN
2008-06-12,40.8170051574707,0.493378,1.6966110250321713,0.5980609857323302,GREEN
2008-06-13,41.634727478027344,0.522921,1.7574216681066601,0.6119389307131354,GREEN
2008-06-16,42.00482940673828,0.536749,1.7859124430088238,0.6181004472415761,GREEN
2008-06-17,41.78105545043945,0.52805,1.7680746621931198,0.6142178359166077,GREEN
2008-06-18,41.33344650268555,0.510963,1.7329866042881625,0.6063763078181014,YELLOW
2008-06-19,41.979000091552734,0.534794,1.7820481197597184,0.6171845932391758,GREEN
2008-06-20,40.845481872558594,0.491358,1.6927683761311716,0.5969644530363585,YELLOW
2008-06-23,40.52676773071289,0.47975,1.668944197114321,0.5911819212529146,YELLOW
2008-06-24,40.32004928588867,0.472307,1.6536870777629522,0.5873798262916543,YELLOW
2008-06-25,40.97467803955078,0.495213,1.7008439597227212,0.5987913830063765,YELLOW
2008-06-26,39.32086563110352,0.43515,1.5773665805972144,0.567354272362625,YELLOW
2008-06-27,39.32086563110352,0.435063,1.5772331532206145,0.5672888268426616,YELLOW
2008-06-30,38.90741729736328,0.42125,1.5488696036781655,0.5593363370254345,YELLOW
2008-07-01,39.458683013916016,0.439066,1.5855560119726415,0.5695032360734813,YELLOW
2008-07-02,38.511192321777344,0.407344,1.5203662579916764,0.551012026719279,YELLOW
2008-07-03,38.44228744506836,0.405071,1.5157401142801317,0.5496096946199519,YELLOW
2008-07-07,38.67484664916992,0.412337,1.530732339447608,0.5539888530936173,YELLOW
2008-07-08,39.59651565551758,0.441728,1.5912257006123562,0.5709145630738185,YELLOW
2008-07-09,38.5456657409668,0.406466,1.518755492373756,0.550407495004689,YELLOW
2008-07-10,39.00216674804688,0.420827,1.5483387008307554,0.5589662727552661,YELLOW
2008-07-11,38.38198852539063,0.40067,1.5069281613853451,0.5468173098736477,YELLOW
2008-07-14,38.09775161743164,0.391696,1.4885148584060808,0.5411827428127781,YELLOW
2008-07-15,38.10634994506836,0.391891,1.48895451324527,0.5412922838862816,YELLOW
2008-07-16,39.05384826660156,0.421054,1.5489681495286969,0.5590405193522533,YELLOW
2008-07-17,39.312255859375,0.429337,1.5660393500774799,0.5638240851285027,YELLOW
2008-07-18,38.407840728759766,0.399627,1.5049757021845922,0.5461014271180743,YELLOW
2008-07-21,38.57149505615234,0.404663,1.5153711880572782,0.5491897818003431,YELLOW
2008-07-22,38.57149505615234,0.404587,1.515252297435918,0.5491297208993753,YELLOW
2008-07-23,39.079689025878906,0.420501,1.5480215556904775,0.5586476884963294,YELLOW
2008-07-24,38.493953704833984,0.401511,1.5090087765265445,0.5472095387654139,YELLOW
2008-07-25,38.99357223510742,0.417063,1.5410365361794183,0.5565916726072148,YELLOW
2008-07-28,38.26140594482422,0.393485,1.4925920534887809,0.5421694384527649,YELLOW
2008-07-29,39.05384826660156,0.417854,1.5427542750752203,0.5570264045015195,YELLOW
2008-07-30,39.25195693969727,0.424129,1.5557049449283207,0.5606847105629428,YELLOW
2008-07-31,39.157222747802734,0.420974,1.5492616914234074,0.5588283995325076,YELLOW
2008-08-01,38.65764999389648,0.404777,1.515995428961563,0.5491182939019801,YELLOW
2008-08-04,38.270015716552734,0.392519,1.4908299465634265,0.5414776716976698,YELLOW
2008-08-05,39.56204605102539,0.432194,1.5724702325415003,0.565254824255953,YELLOW
2008-08-06,40.165000915527344,0.45187,1.6129821101122075,0.5761451834620166,YELLOW
2008-08-07,39.85493087768555,0.441315,1.5913181974391932,0.570347624318243,YELLOW
2008-08-08,40.75933456420898,0.47127,1.652967611714061,0.5863452716891949,GREEN
2008-08-11,41.12972259521485,0.484018,1.6792302134213322,0.5927877906656678,GREEN
2008-08-12,41.17277526855469,0.485435,1.6821924322003643,0.5934763103667889,GREEN
2008-08-13,41.0866584777832,0.482285,1.6757636947934287,0.5918872086402724,GREEN
2008-08-14,41.56040573120117,0.498864,1.7099091777274,0.6000080792720834,GREEN
2008-08-15,41.48287963867188,0.495967,1.7040009007567267,0.5985920407940715,GREEN
2008-08-18,41.00050735473633,0.478562,1.6682547877121578,0.5899616855867132,GREEN
2008-08-19,40.4923210144043,0.460667,1.6314993197754133,0.580695128226072,GREEN
2008-08-20,40.56121826171875,0.462926,1.6361930731764232,0.5818687060025887,GREEN
2008-08-21,40.37171936035156,0.456343,1.6226998712690222,0.5783638877942582,GREEN
2008-08-22,40.90576934814453,0.474361,1.6598012801790976,0.5877611244726824,GREEN
2008-08-25,40.04441833496094,0.444301,1.598025356518448,0.5717966433348771,GREEN
2008-08-26,39.992713928222656,0.44249,1.5943455380879745,0.5707803147970805,GREEN
2008-08-27,40.25114822387695,0.450979,1.6118494267916654,0.5754132089262722,GREEN
2008-08-28,40.57845306396485,0.461889,1.6343313753449462,0.5812265954729265,GREEN
2008-08-29,39.725711822509766,0.432675,1.574296290319213,0.5652275310503792,YELLOW
2008-09-02,39.234745025634766,0.416547,1.5411734894779423,0.5558536452911257,YELLOW
2008-09-03,38.86435317993164,0.404665,1.5167818915067697,0.5486817122212625,YELLOW
2008-09-04,37.60676574707031,0.365301,1.4358714640832835,0.523218719348249,RED
2008-09-05,37.4259033203125,0.359958,1.4245577787528394,0.0,RED
2008-09-08,37.35697555541992,0.357896,1.4246504880677906,0.0,RED
2008-09-09,36.56453704833984,0.335049,1.4247448994270737,0.0,RED
2008-09-10,36.86601257324219,0.34327,1.4248376209197195,0.0,RED
2008-09-11,37.55509948730469,0.362452,1.4249292176241912,0.0,RED
2008-09-12,37.40868377685547,0.358146,1.4250185584267705,0.0,RED
2008-09-15,36.245849609375,0.3247,1.4251011190279474,0.0,RED
2008-09-16,36.53007888793945,0.332293,1.4251469258497653,0.0,RED
2008-09-17,34.63509750366211,0.280557,1.4251955618170913,0.0,RED
2008-09-18,35.8065299987793,0.309003,1.425196692924655,0.0,RED
2008-09-19,36.97705841064453,0.339263,1.4252006518043743,0.0,RED
2008-09-22,35.23595428466797,0.291293,1.4252526829402254,0.0,RED
2008-09-23,34.96873092651367,0.284627,1.425302170880605,0.0,RED
2008-09-24,35.21009063720703,0.29049,1.4253474185692436,0.0,RED
2008-09-25,35.770355224609375,0.304321,1.4253723055875283,0.0,RED
2008-09-26,35.40833282470703,0.29504,1.4254124648854007,0.0,RED
2008-09-29,32.598426818847656,0.224768,1.4254594129934193,0.0,RED
2008-09-30,33.537933349609375,0.24417,1.42548486762512,0.0,RED
2008-10-01,33.18454360961914,0.236419,1.4255357777976152,0.0,RED
2008-10-02,31.67615127563477,0.204153,1.4255810329023466,0.0,RED
2008-10-03,31.184850692749023,0.194632,1.425614409599649,0.0,RED
2008-10-06,30.047100067138672,0.173309,1.4256409984397607,0.0,RED
2008-10-07,28.142210006713867,0.140324,1.4256641933923107,0.0,RED
2008-10-08,27.918109893798828,0.136955,1.425708603964898,0.0,RED
2008-10-09,27.168214797973636,0.125903,1.4257448124365704,0.0,RED
2008-10-10,26.995832443237305,0.123496,1.425777627197182,0.0,RED
2008-10-13,30.27981376647949,0.168554,1.4257895086770378,0.0,RED
2008-10-14,28.96966552734375,0.146661,1.425801390255906,0.0,RED
2008-10-15,26.375244140625,0.107245,1.4258146864196304,0.0,RED
2008-10-16,27.806060791015625,0.124687,1.4258260024093736,0.0,RED
2008-10-17,27.840545654296875,0.125135,1.4258506148821692,0.0,RED
2008-10-20,28.61627960205078,0.135576,1.4258947483519633,0.0,RED
2008-10-21,27.133745193481445,0.114483,1.4259524631383174,0.0,RED
2008-10-22,26.38385772705078,0.104974,1.4260144241695847,0.0,RED
2008-10-23,26.280426025390625,0.103725,1.4260715779217596,0.0,RED
2008-10-24,25.435731887817383,0.093709,1.4261230749524465,0.0,RED
2008-10-27,24.72894096374512,0.085886,1.4261694805441631,0.0,RED
2008-10-28,27.461280822753903,0.114343,1.4262107941849569,0.0,RED
2008-10-29,27.392332077026367,0.113469,1.426253240934784,0.0,RED
2008-10-30,28.305986404418945,0.124812,1.4262852184378683,0.0,RED
2008-10-31,28.34907341003418,0.125369,1.4263064429202856,0.0,RED
2008-11-03,28.288742065429688,0.124556,1.4263310636863997,0.0,RED
2008-11-04,29.090347290039062,0.135131,1.4263548358700522,0.0,RED
2008-11-05,27.57333374023437,0.113977,1.4263811555130592,0.0,RED
2008-11-06,26.340763092041016,0.098681,1.4264026644349757,0.0,RED
2008-11-07,26.8837890625,0.104775,1.4264204944681462,0.0,RED
2008-11-10,26.52176856994629,0.100533,1.426436909624158,0.0,RED
2008-11-11,25.94427490234375,0.093958,1.4264482305521808,0.0,RED
2008-11-12,24.746187210083008,0.080933,1.4264592685440363,0.0,RED
2008-11-13,26.25457763671875,0.095726,1.426467193317784,0.0,RED
2008-11-14,24.978900909423828,0.081765,1.42647794842744,0.0,RED
2008-11-17,24.453125,0.076596,1.4264853072419832,0.0,RED
2008-11-18,24.42727470397949,0.076347,1.4264904018325688,0.0,RED
2008-11-19,23.15159034729004,0.06438,1.4264966285763525,0.0,RED
2008-11-20,22.031085968017575,0.055028,1.426500308031807,0.0,RED
2008-11-21,22.98782730102539,0.062193,1.4265005910675763,0.0,RED
2008-11-24,24.39278793334961,0.073592,1.4265011571392268,0.0,RED
2008-11-25,24.280738830566406,0.072572,1.4265017232111017,0.0,RED
2008-11-26,25.29781913757324,0.081686,1.42650738393231,0.0,RED
2008-11-28,25.099586486816406,0.07976,1.426509082155348,0.0,RED
2008-12-01,23.211936950683597,0.061759,1.426510214305388,0.0,RED
2008-12-02,23.987672805786133,0.067947,1.4265107803808572,0.0,RED
2008-12-03,24.668615341186523,0.073728,1.426513610759432,0.0,RED
2008-12-04,23.970443725585938,0.067463,1.4265144598746575,0.0,RED
2008-12-05,24.944429397583008,0.075682,1.4265147429132345,0.0,RED
2008-12-08,25.927032470703125,0.08462,1.4265153089905007,0.0,RED
2008-12-09,25.866701126098636,0.084024,1.4265155920292463,0.0,RED
2008-12-10,25.780502319335938,0.083178,1.4265161581068495,0.0,RED
2008-12-11,25.073713302612305,0.076331,1.4265164411457636,0.0,RED
2008-12-12,25.582263946533203,0.08097,1.4265170072237037,0.0,RED
2008-12-15,25.13405418395996,0.076708,1.4265175733018685,0.0,RED
2008-12-16,26.340763092041016,0.087752,1.4265178563410632,0.0,RED
2008-12-17,26.0218563079834,0.084558,1.4265192715373705,0.0,RED
2008-12-18,25.565021514892575,0.080099,1.4265195545769023,0.0,RED
2008-12-19,25.7747802734375,0.082065,1.4265198376164903,0.0,RED
2008-12-22,25.213703155517575,0.0767,1.4265201206561344,0.0,RED
2008-12-23,25.0842227935791,0.075513,1.4265204036958348,0.0,RED
2008-12-24,25.15327835083008,0.076131,1.4265206867355913,0.0,RED
2008-12-26,25.1446475982666,0.076048,1.4265209697754038,0.0,RED
2008-12-29,24.9374942779541,0.074163,1.4265212528152724,0.0,RED
2008-12-30,25.455400466918945,0.078778,1.4265218188951219,0.0,RED
2008-12-31,25.671186447143555,0.080775,1.4265269136161063,0.0,RED
2009-01-02,26.784706115722656,0.09128,1.426533423560473,0.0,RED
2009-01-05,26.776071548461918,0.091185,1.4265382352804048,0.0,RED
2009-01-06,27.043663024902344,0.093911,1.4265430470165665,0.0,RED
2009-01-07,26.27542495727539,0.085901,1.4263007598458568,0.35006126072062604,RED
2009-01-08,26.55164337158203,0.088603,1.4417520968717543,0.0,RED
2009-01-09,25.95604705810547,0.082634,1.44150436644451,0.3500612607206261,RED
2009-01-12,25.48128318786621,0.078093,1.4135381573645245,0.0,RED
2009-01-13,25.48992919921875,0.078167,1.4135418033953522,0.0,RED
2009-01-14,24.71305656433105,0.071014,1.4135476931526827,0.0,RED
2009-01-15,25.118749618530277,0.074506,1.413553863400516,0.0,RED
2009-01-16,25.39497184753418,0.076958,1.4135594727413274,0.0,RED
2009-01-20,24.134721755981445,0.065494,1.4135659235088793,0.0,RED
2009-01-21,25.161909103393555,0.073852,1.4135715328975482,0.0,RED
2009-01-22,24.82527732849121,0.070882,1.4135777032494439,0.0,RED
2009-01-23,24.94610977172852,0.071911,1.4135833126848578,0.0,RED
2009-01-26,25.12738037109375,0.073473,1.4135883611968896,0.0,RED
2009-01-27,25.30866241455078,0.075058,1.413593970674597,0.0,RED
2009-01-28,26.197734832763672,0.082962,1.413601263024178,0.0,RED
2009-01-29,25.53308868408203,0.07664,1.413611360176458,0.0,RED
2009-01-30,25.0842227935791,0.072592,1.4136237012279482,0.0,RED
2009-02-02,25.3863468170166,0.075208,1.4136360423871779,0.0,RED
2009-02-03,25.783411026000977,0.07873,1.4136497860711907,0.0,RED
2009-02-04,25.81793785095215,0.079039,1.4136671762075819,0.0,RED
2009-02-05,26.387645721435547,0.084264,1.4134360499964163,0.35006126072062604,RED
2009-02-06,27.07818603515625,0.090872,1.4519805673344741,0.0,RED
2009-02-09,27.190410614013672,0.091993,1.451742024947995,0.3500612607206261,RED
2009-02-10,26.189111709594727,0.081822,1.3953384713934842,0.0,RED
2009-02-11,26.06825828552246,0.080681,1.3951111722311318,0.35006126072062604,RED
2009-02-12,26.387645721435547,0.083639,1.4127740512402045,0.0,RED
2009-02-13,26.266801834106445,0.082483,1.4125427907866914,0.3500612607206261,RED
2009-02-17,25.222335815429688,0.072636,1.3533039517941778,0.0,RED
2009-02-18,25.239599227905277,0.072778,1.35331925701725,0.0,RED
2009-02-19,24.851163864135746,0.069411,1.3533353679614264,0.0,RED
2009-02-20,24.920223236083984,0.069983,1.3533514790973995,0.0,RED
2009-02-23,24.04839324951172,0.062632,1.3533657107689312,0.0,RED
2009-02-24,24.842533111572266,0.068831,1.3533802111164086,0.0,RED
2009-02-25,24.678524017333984,0.067461,1.3533960542570647,0.0,RED
2009-02-26,23.987977981567383,0.061792,1.353411897583186,0.0,RED
2009-02-27,23.763545989990234,0.060052,1.3534261298900707,0.0,RED
2009-03-02,22.99530792236328,0.054223,1.3534395567365975,0.0,RED
2009-03-03,22.97804450988769,0.054096,1.3534519095581727,0.0,RED
2009-03-04,23.59090614318848,0.058419,1.3534661422858183,0.0,RED
2009-03-05,22.883102416992188,0.053156,1.3534795695292934,0.0,RED
2009-03-06,22.70182991027832,0.051888,1.3534903114307988,0.0,RED
2009-03-09,22.218446731567383,0.048569,1.3535002477685307,0.0,RED
2009-03-10,23.59090614318848,0.057566,1.3535109898341493,0.0,RED
2009-03-11,23.953449249267575,0.060215,1.3535236118612048,0.0,RED
2009-03-12,24.74758720397949,0.066199,1.3535354283371175,0.0,RED
2009-03-13,24.80800437927246,0.066678,1.353546170681947,0.0,RED
2009-03-16,24.39366912841797,0.063331,1.3535563759902487,0.0,RED
2009-03-17,25.317283630371094,0.070519,1.3535681927521972,0.0,RED
2009-03-18,25.63666343688965,0.073182,1.3535802781821693,0.0,RED
2009-03-19,25.619403839111328,0.073028,1.3535912894502093,0.0,RED
2009-03-20,25.22945785522461,0.069687,1.3533646148370497,0.3500612607206261,RED
2009-03-23,26.716598510742188,0.082004,1.4368288150496968,0.0,RED
2009-03-24,26.22376251220703,0.077459,1.4364085963882054,0.6001800540162048,RED
2009-03-25,26.34481430053711,0.078525,1.44784065943559,0.0,RED
2009-03-26,27.15755271911621,0.085786,1.4474169330381677,0.6001800540162049,RED
2009-03-27,26.64742851257324,0.080945,1.3979879825777908,0.0,RED
2009-03-30,25.99032592773437,0.074951,1.3975755185668772,0.6001800540162049,RED
2009-03-31,26.215118408203125,0.076889,1.4188366197339302,0.0,RED
2009-04-01,26.60420227050781,0.080306,1.4184222259780883,0.6001800540162049,RED
2009-04-02,27.46017265319824,0.088051,1.5000635271178453,0.0,RED
2009-04-03,27.97028923034668,0.09295,1.499624814669351,0.6001800540162049,RED
2009-04-06,27.901124954223636,0.092253,1.4924337989736844,0.0,RED
2009-04-07,27.16619873046875,0.084955,1.4919970219064644,0.6001800540162049,RED
2009-04-08,27.624452590942383,0.089247,1.5367709253435695,0.0,RED
2009-04-09,28.480417251586918,0.097536,1.5363208677085027,0.6001800540162049,RED
2009-04-13,28.43717193603516,0.097084,1.5315931950645956,0.0,RED
2009-04-14,28.09134292602539,0.093534,1.5311440461828476,0.6001800540162049,RED
2009-04-15,28.013521194458008,0.092749,1.5229798839053692,0.0,RED
2009-04-16,28.739809036254883,0.099955,1.5225314484012884,0.6001800540162049,RED
2009-04-17,28.80031394958496,0.100579,1.527779354565288,0.0,RED
2009-04-20,27.875186920166016,0.090878,1.527328899795641,0.6001800540162048,RED
2009-04-21,28.26426124572754,0.094676,1.5651641556451117,0.0,RED
2009-04-22,28.350719451904297,0.095538,1.5647032991462684,0.6001800540162049,RED
2009-04-23,28.627403259277344,0.098328,1.5916480692517094,0.0,RED
2009-04-24,29.12887191772461,0.103487,1.5911765732913588,0.6001800540162049,RED
2009-04-27,29.163454055786133,0.103848,1.5945103298568288,0.601014482010713,GREEN
2009-04-28,28.947301864624023,0.101531,1.573131003418173,0.5955907037559525,GREEN
2009-04-29,29.34501838684082,0.105708,1.611679970339783,0.6052616876982542,GREEN
2009-04-30,29.63899803161621,0.108876,1.6409171136772767,0.6122935006881967,GREEN
2009-05-01,29.716815948486328,0.109725,1.648754959586023,0.6141346645654785,GREEN
2009-05-04,30.304746627807617,0.116228,1.7087692094829927,0.6276846266547981,GREEN
2009-05-05,30.27880477905273,0.11592,1.7059313606711948,0.6270626832243251,GREEN
2009-05-06,30.287458419799805,0.11601,1.7067663112928972,0.6272425357026874,GREEN
2009-05-07,29.57847213745117,0.107853,1.6314969241699995,0.6100425215170013,GREEN
2009-05-08,29.595775604248047,0.108034,1.6331717617546966,0.6104396451188431,GREEN
2009-05-11,29.699522018432617,0.109161,1.643576040356167,0.6129031324447929,GREEN
2009-05-12,29.336387634277344,0.105148,1.606547431011538,0.6039786701552079,GREEN
2009-05-13,28.54958724975586,0.096679,1.5283988645799114,0.583726729120605,GREEN
2009-05-14,28.869483947753903,0.099921,1.5583207839148199,0.5917169987252183,GREEN
2009-05-15,28.852197647094727,0.099733,1.556589807100326,0.5912604611316925,GREEN
2009-05-18,29.60441398620605,0.107525,1.628499381150341,0.6093067515373468,GREEN
2009-05-19,29.742753982543945,0.109024,1.6423364014582655,0.6125959624236282,GREEN
2009-05-20,29.63899803161621,0.107874,1.6317284597618422,0.6100747231781792,GREEN
2009-05-21,29.094301223754883,0.101917,1.5767607267065906,0.5964787473638871,GREEN
2009-05-22,28.99918365478516,0.100909,1.567463180837492,0.5940824066720938,GREEN
2009-05-26,30.079946517944336,0.112183,1.6715056406910906,0.6193460045932808,GREEN
2009-05-27,29.87244033813477,0.109852,1.649999014231718,0.6143819111351644,GREEN
2009-05-28,30.218286514282227,0.113659,1.685134579983823,0.6224197676193601,GREEN
2009-05-29,30.590063095092773,0.117845,1.7237669792960477,0.6308799724363023,GREEN
2009-06-01,31.46333694458008,0.127929,1.8168268174005195,0.6497848935308451,GREEN
2009-06-02,31.506553649902344,0.128446,1.8215999115517305,0.6507013755105263,GREEN
2009-06-03,31.411449432373047,0.127272,1.8107693585361293,0.6486103418503008,GREEN
2009-06-04,31.76594352722168,0.131571,1.8504444113958225,0.6561426517915638,GREEN
2009-06-05,31.800525665283203,0.13199,1.8543144104126212,0.6568584521441452,GREEN
2009-06-08,31.7054386138916,0.130795,1.8432913290102637,0.6548039629268159,GREEN
2009-06-09,31.9475154876709,0.13378,1.870841617010281,0.6598850759791042,GREEN
2009-06-10,31.83512115478516,0.132357,1.8577143936822647,0.6574793330199313,GREEN
2009-06-11,31.83512115478516,0.132346,1.8576173029396583,0.6574590519994634,GREEN
2009-06-12,31.688138961791992,0.130502,1.8406049068166626,0.6542906724946684,GREEN
2009-06-15,31.039674758911133,0.122479,1.7665717123341875,0.6398003848700126,GREEN
2009-06-16,30.7370662689209,0.118887,1.7334281501803046,0.6329110239269929,GREEN
2009-06-17,31.031024932861328,0.122288,1.7648172180065216,0.6394377136340559,GREEN
2009-06-18,30.970508575439453,0.121563,1.7581309835081829,0.6380641126655078,GREEN
2009-06-19,31.30291557312012,0.125467,1.7941619316640707,0.6453302352239555,GREEN
2009-06-22,30.368009567260746,0.114214,1.690321973948099,0.6235396020302467,GREEN
2009-06-23,30.298736572265625,0.113423,1.6830271873769238,0.6219051246939515,GREEN
2009-06-24,30.809476852416992,0.119149,1.7358724365436038,0.633412648739914,GREEN
2009-06-25,31.415462493896484,0.12617,1.8006677472376191,0.6466014205211112,GREEN
2009-06-26,31.484743118286133,0.126994,1.8082759005409081,0.6480860081158867,GREEN
2009-06-29,31.553964614868164,0.127822,1.815921218950903,0.6495651886788955,GREEN
2009-06-30,31.493370056152344,0.127074,1.8090226112206347,0.6482265914292329,GREEN
2009-07-01,31.51067352294922,0.127273,1.8108635563940114,0.648581698297662,GREEN
2009-07-02,30.81814193725586,0.118871,1.733332897522279,0.6328606217393629,GREEN
2009-07-06,30.65365028381348,0.116958,1.715683381436698,0.6290815173648078,GREEN
2009-07-07,29.89186668395996,0.108229,1.635134868567119,0.6108072777406209,GREEN
2009-07-08,30.04769515991211,0.109912,1.6506703724359877,0.6144674630527044,GREEN
2009-07-09,30.09963035583496,0.110473,1.655851777883944,0.6156711825274099,GREEN
2009-07-10,30.22947883605957,0.111894,1.6689693830772239,0.6186892452656192,GREEN
2009-07-13,30.809476852416992,0.118325,1.7283197131706927,0.6317810083871491,GREEN
2009-07-14,30.92202377319336,0.119612,1.7402006215006403,0.6342924906008051,GREEN
2009-07-15,31.960845947265625,0.131657,1.8513579776766966,0.6562475424565161,GREEN
2009-07-16,32.341739654541016,0.136353,1.8946977388801378,0.6641082843635465,GREEN
2009-07-17,32.5148811340332,0.138532,1.9148100211954522,0.667634160009528,GREEN
2009-07-20,32.82651138305664,0.142504,1.951468357129142,0.6738755174733232,GREEN
2009-07-21,33.05160140991211,0.145423,1.9784093362349062,0.6783144735259254,GREEN
2009-07-22,33.32861328125,0.149067,2.0120412213885386,0.6836892862630254,GREEN
2009-07-23,34.06443786621094,0.158928,2.1030444480000816,0.6973745650782641,GREEN
2009-07-24,33.80473327636719,0.15528,2.068668269422198,0.0,GREEN
2009-07-27,34.06443786621094,0.158846,2.0686830456247094,0.0,GREEN
2009-07-28,33.8306999206543,0.155563,2.068697821932765,0.0,GREEN
2009-07-29,34.0557746887207,0.158654,2.068713008801892,0.0,GREEN
2009-07-30,34.25489044189453,0.161424,2.0687273748642085,0.0,GREEN
2009-07-31,34.15101623535156,0.159942,2.0687417410262894,0.0,GREEN
2009-08-03,34.66176223754883,0.167105,2.0687561072881353,0.0,GREEN
2009-08-04,34.66176223754883,0.167091,2.0687704736497468,0.0,GREEN
2009-08-05,34.39339065551758,0.163196,2.0687848401111246,0.0,GREEN
2009-08-06,34.09040832519531,0.158869,2.06879920667227,0.0,GREEN
2009-08-07,34.523250579833984,0.164908,2.068813162857541,0.0,GREEN
2009-08-10,34.280853271484375,0.161421,2.068827119136961,0.0,GREEN
2009-08-11,33.98653030395508,0.157249,2.0688402545469473,0.0,GREEN
2009-08-12,34.51459503173828,0.164566,2.068855031977924,0.0,GREEN
2009-08-13,34.705047607421875,0.167277,2.068868988539794,0.0,GREEN
2009-08-14,34.30683135986328,0.161505,2.068882534706329,0.0,GREEN
2009-08-17,33.31131362915039,0.147432,2.0688964914537333,0.0,GREEN
2009-08-18,33.78740692138672,0.153741,2.0689104482952905,0.0,GREEN
2009-08-19,34.021148681640625,0.156919,2.068924815728715,0.0,GREEN
2009-08-20,34.41934967041016,0.162416,2.0689383622607846,0.0,GREEN
2009-08-21,34.8781852722168,0.168898,2.0689514983770767,0.0,GREEN
2009-08-24,34.84355926513672,0.168381,2.0689646345767727,0.0,GREEN
2009-08-25,34.94743347167969,0.169873,2.0689773603514086,0.0,GREEN
2009-08-26,34.88682556152344,0.168976,2.0689900862043182,0.0,GREEN
2009-08-27,34.97340774536133,0.17022,2.0690019911072497,0.0,GREEN
2009-08-28,35.008026123046875,0.170712,2.0690134855628046,0.0,GREEN
2009-08-31,34.6530876159668,0.165506,2.06902415904468,0.0,GREEN
2009-09-01,34.00384521484375,0.15619,2.0690348325816164,0.0,GREEN
2009-09-02,33.97787094116211,0.15582,2.069045506173615,0.0,GREEN
2009-09-03,34.20295715332031,0.158904,2.069056179820676,0.0,GREEN
2009-09-04,34.93877029418945,0.169147,2.069066442996171,0.0,GREEN
2009-09-08,35.26771926879883,0.173911,2.069076706222575,0.0,GREEN
2009-09-09,35.57072448730469,0.17838,2.0690869694998875,0.0,GREEN
2009-09-10,35.90834045410156,0.183445,2.0690980538948076,0.0,GREEN
2009-09-11,35.94296646118164,0.183961,2.0691091383491083,0.0,GREEN
2009-09-14,36.08146667480469,0.186073,2.06912022286279,0.0,GREEN
2009-09-15,36.19402313232422,0.187799,2.069130896895294,0.0,GREEN
2009-09-16,36.72206115722656,0.196004,2.0691411604414096,0.0,GREEN
2009-09-17,36.713409423828125,0.195851,2.0691489607750513,0.0,GREEN
2009-09-18,36.77494430541992,0.196821,2.069156761138099,0.0,GREEN
2009-09-21,36.88759613037109,0.198614,2.0691633298895753,0.0,GREEN
2009-09-22,36.95692443847656,0.199719,2.0691707197589047,0.0,GREEN
2009-09-23,36.783599853515625,0.196894,2.0691785202039803,0.0,GREEN
2009-09-24,36.45433044433594,0.191591,2.0691863206784626,0.0,GREEN
2009-09-25,36.13371276855469,0.186521,2.069193710629902,0.0,GREEN
2009-09-28,36.74893569946289,0.196034,2.0692011006077338,0.0,GREEN
2009-09-29,36.58430099487305,0.193384,2.0692084906119583,0.0,GREEN
2009-09-30,36.610294342041016,0.193781,2.069218343985503,0.0,GREEN
2009-10-01,35.527156829833984,0.176567,2.0692277868471645,0.0,GREEN
2009-10-02,35.423179626464844,0.175003,2.0692355875073742,0.0,GREEN
2009-10-05,35.709129333496094,0.179228,2.0692429776347665,0.0,GREEN
2009-10-06,36.3416748046875,0.188739,2.069250367788552,0.0,GREEN
2009-10-07,36.44565582275391,0.190345,2.0692561157062648,0.0,GREEN
2009-10-08,36.60163497924805,0.192774,2.06926104250643,0.0,GREEN
2009-10-09,36.80958938598633,0.196046,2.0692659693183257,0.0,GREEN
2009-10-12,36.88759613037109,0.197278,2.069271306710511,0.0,GREEN
2009-10-13,36.89624786376953,0.197402,2.0692762335468453,0.0,GREEN
2009-10-14,37.39882659912109,0.205454,2.0692811603949104,0.0,GREEN
2009-10-15,37.31216812133789,0.20401,2.069286497826279,0.0,GREEN
2009-10-16,37.069557189941406,0.200016,2.0692910141261507,0.0,GREEN
2009-10-19,37.442161560058594,0.206032,2.0692959410094076,0.0,GREEN
2009-10-20,37.45083236694336,0.20616,2.069300867904395,0.0,GREEN
2009-10-21,37.381492614746094,0.204999,2.0693070265381754,0.0,GREEN
2009-10-22,37.52878952026367,0.207408,2.0693123640362625,0.0,GREEN
2009-10-23,37.37283706665039,0.204807,2.069316469814824,0.0,GREEN
2009-10-26,37.25151443481445,0.202797,2.069320575601532,0.0,GREEN
2009-10-27,36.68829345703125,0.193583,2.0693246813963864,0.0,GREEN
2009-10-28,35.86509323120117,0.180538,2.0693304295205257,0.0,GREEN
2009-10-29,36.47166061401367,0.189685,2.069335356497629,0.0,GREEN
2009-10-30,35.49249267578125,0.174394,2.0693394623218104,0.0,GREEN
2009-11-02,35.639801025390625,0.176552,2.069343157570997,0.0,GREEN
2009-11-03,35.75244140625,0.178213,2.069346442242602,0.0,GREEN
2009-11-04,35.81309127807617,0.179107,2.069350548088779,0.0,GREEN
2009-11-05,36.69696044921875,0.192356,2.069354243357761,0.0,GREEN
2009-11-06,36.91357803344727,0.195748,2.069357117460889,0.0,GREEN
2009-11-09,37.70211410522461,0.208278,2.0693608127416026,0.0,GREEN
2009-11-10,37.79742050170898,0.209842,2.0693645080289147,0.0,GREEN
2009-11-11,38.0400276184082,0.213867,2.069369435087157,0.0,GREEN
2009-11-12,37.82342529296875,0.210198,2.0693743621571303,0.0,GREEN
2009-11-13,38.135372161865234,0.215383,2.0693788786487692,0.0,GREEN
2009-11-16,38.525299072265625,0.221974,2.0693833951502656,0.0,GREEN
2009-11-17,38.6466178894043,0.224055,2.0693879116616194,0.0,GREEN
2009-11-18,38.429969787597656,0.220271,2.0693924281828306,0.0,GREEN
2009-11-19,37.83208084106445,0.209975,2.06939489174519,0.0,GREEN
2009-11-20,37.641448974609375,0.206786,2.0693953023394056,0.0,GREEN
2009-11-23,38.24800109863281,0.216767,2.069396123527999,0.0,GREEN
2009-11-24,38.11802291870117,0.214542,2.0693977659058382,0.0,GREEN
2009-11-25,38.28268051147461,0.217306,2.069401050664123,0.0,GREEN
2009-11-27,37.70211410522461,0.207404,2.069404335427622,0.0,GREEN
2009-11-30,37.74544525146485,0.208104,2.069406388408144,0.0,GREEN
2009-12-01,38.135372161865234,0.214538,2.069410494373262,0.0,GREEN
2009-12-02,38.18736267089844,0.2154,2.0694146003465264,0.0,GREEN
2009-12-03,38.031375885009766,0.212745,2.0694178851315326,0.0,GREEN
2009-12-04,38.230690002441406,0.216074,2.069421169921753,0.0,GREEN
2009-12-07,38.04870223999024,0.212973,2.069424454717187,0.0,GREEN
2009-12-08,37.81476211547852,0.20903,2.0694256865174303,0.0,GREEN
2009-12-09,38.19601821899414,0.215337,2.069427739519134,0.0,GREEN
2009-12-10,38.38665771484375,0.218546,2.0694297925228744,0.0,GREEN
2009-12-11,38.23934555053711,0.216015,2.069431845528652,0.0,GREEN
2009-12-14,38.603294372558594,0.222167,2.069433487934842,0.0,GREEN
2009-12-15,38.38665771484375,0.218411,2.0694351303423355,0.0,GREEN
2009-12-16,38.43865203857422,0.219282,2.069438415159929,0.0,GREEN
2009-12-17,37.97073745727539,0.211259,2.069441289379962,0.0,GREEN
2009-12-18,38.589576721191406,0.221572,2.069444574207332,0.0,GREEN
2009-12-21,39.023555755615234,0.229032,2.069447859039916,0.0,GREEN
2009-12-22,39.257911682128906,0.233141,2.069451554482668,0.0,GREEN
2009-12-23,39.54433822631836,0.238227,2.0694573029592327,0.0,GREEN
2009-12-24,39.90887451171875,0.244797,2.0694618196318935,0.0,GREEN
2009-12-28,40.11719512939453,0.248613,2.069465104491851,0.0,GREEN
2009-12-29,39.9522705078125,0.245528,2.069469621181539,0.0,GREEN
2009-12-30,40.07379531860352,0.24775,2.0694774227534256,0.0,GREEN
2009-12-31,39.70926284790039,0.240971,2.0694807076381503,0.0,GREEN
2010-01-04,40.29078674316406,0.25154,2.069484813750727,0.0,GREEN
2010-01-05,40.29078674316406,0.251521,2.0694893304834308,0.0,GREEN
2010-01-06,40.04775619506836,0.246951,2.0694942578388695,0.0,GREEN
2010-01-07,40.07379531860352,0.247415,2.069497953364477,0.0,GREEN
2010-01-08,40.40361404418945,0.253506,2.0695016488966833,0.0,GREEN
2010-01-11,40.23873519897461,0.250384,2.069504933819862,0.0,GREEN
2010-01-12,39.73528671264648,0.240968,2.0695069869001843,0.0,GREEN
2010-01-13,40.23002624511719,0.249951,2.069510271831836,0.0,GREEN
2010-01-14,40.2647590637207,0.25058,2.0695143780030714,0.0,GREEN
2010-01-15,39.79605865478516,0.241811,2.0695180735646073,0.0,GREEN
2010-01-19,40.43833923339844,0.253502,2.0695225903699024,0.0,GREEN
2010-01-20,39.85679244995117,0.242546,2.0695266965655796,0.0,GREEN
2010-01-21,39.48359298706055,0.235715,2.069530802769404,0.0,GREEN
2010-01-22,38.32918548583984,0.215023,2.069534087738859,0.0,GREEN
2010-01-25,38.45940017700195,0.217199,2.0695377833355906,0.0,GREEN
2010-01-26,38.49411010742188,0.21777,2.069541478938922,0.0,GREEN
2010-01-27,38.79789733886719,0.22291,2.069546817041747,0.0,GREEN
2010-01-28,37.79973220825195,0.205689,2.0695525657829297,0.0,GREEN
2010-01-29,37.14008712768555,0.194905,2.0695583145400813,0.0,GREEN
2010-02-01,37.54803085327149,0.201312,2.0695640633132015,0.0,GREEN
2010-02-02,37.88653945922852,0.206742,2.069571043985711,0.0,GREEN
2010-02-03,38.09484100341797,0.210136,2.0695784353111617,0.0,GREEN
2010-02-04,36.99253463745117,0.191878,2.06958582666301,0.0,GREEN
2010-02-05,37.30501174926758,0.196726,2.0695928074089274,0.0,GREEN
2010-02-08,37.035926818847656,0.192454,2.069599788178391,0.0,GREEN
2010-02-09,37.4178352355957,0.198393,2.0696071796065,0.0,GREEN
2010-02-10,37.33971405029297,0.197135,2.0696153923335254,0.0,GREEN
2010-02-11,37.90388488769531,0.2060552686452865,2.0696236050931414,0.0,GREEN
2010-02-12,37.98201751708984,0.2068984508514404,2.069631407245523,0.0,GREEN
2010-02-16,38.46807098388672,0.2149129509925842,2.0696387987865568,0.0,GREEN
2010-02-17,38.68505096435547,0.2185600250959396,2.0696457797111503,0.0,GREEN
2010-02-18,38.92809677124024,0.222703531384468,2.0696531713035147,0.0,GREEN
2010-02-19,38.91073226928711,0.222703531384468,2.0696601522765867,0.0,GREEN
2010-02-22,38.83261489868164,0.221140056848526,2.0696679545667456,0.0,GREEN
2010-02-23,38.32918548583984,0.2125063240528106,2.0696749355896817,0.0,GREEN
2010-02-24,38.71978759765625,0.218932569026947,2.0696843805349956,0.0,GREEN
2010-02-25,38.71109771728516,0.2188077419996261,2.0696934148715282,0.0,GREEN
2010-02-26,38.84995269775391,0.2215373218059539,2.069702859901172,0.0,GREEN
2010-03-01,39.414154052734375,0.2310400307178497,2.069712304973918,0.0,GREEN
2010-03-02,39.53566360473633,0.2324291169643402,2.0697221607465788,0.0,GREEN
2010-03-03,39.57904815673828,0.2337200790643692,2.0697324272255506,0.0,GREEN
2010-03-04,39.70926284790039,0.2363001108169555,2.06974351507828,0.0,GREEN
2010-03-05,40.30814743041992,0.2467450201511383,2.0697546029904084,0.0,GREEN
2010-03-08,40.38624954223633,0.2480607479810714,2.069766512292345,0.0,GREEN
2010-03-09,40.61194610595703,0.2524518966674804,2.0697784216628072,0.0,GREEN
2010-03-10,40.94176483154297,0.2586294710636139,2.0697907417729495,0.0,GREEN
2010-03-11,41.09799957275391,0.2610113322734833,2.0698026512828274,0.0,GREEN
2010-03-12,41.10668563842773,0.2616068422794342,2.069814560861232,0.0,GREEN
2010-03-15,41.00252532958984,0.2598451673984527,2.0698260598310636,0.0,GREEN
2010-03-16,41.262882232666016,0.2647584974765777,2.0698379695441607,0.0,GREEN
2010-03-17,41.37572860717773,0.2665944993495941,2.0698507006905,0.0,GREEN
2010-03-18,41.514625549316406,0.2692983746528625,2.0698630212308746,0.0,GREEN
2010-03-19,41.26350402832031,0.264534592628479,2.0698749311566464,0.0,GREEN
2010-03-22,41.63713455200195,0.2716801166534424,2.0698868411509475,0.0,GREEN
2010-03-23,41.923858642578125,0.2773623764514923,2.069898340522336,0.0,GREEN
2010-03-24,41.72402191162109,0.2734170854091644,2.069909018568939,0.0,GREEN
2010-03-25,41.66318893432617,0.2717049121856689,2.069920107367693,0.0,GREEN
2010-03-26,41.70664596557617,0.2731197774410248,2.0699307855265854,0.0,GREEN
2010-03-29,41.90648651123047,0.2768659293651581,2.0699414637405633,0.0,GREEN
2010-03-30,42.04549407958984,0.2797690033912658,2.0699517313073477,0.0,GREEN
2010-03-31,41.84565734863281,0.2759979963302612,2.069964052449095,0.0,GREEN
2010-04-01,41.84565734863281,0.2754521071910858,2.0699763736641823,0.0,GREEN
2010-04-05,42.23666763305664,0.2834160923957824,2.06998869495261,0.0,GREEN
2010-04-06,42.358306884765625,0.2855749726295471,2.070001837737681,0.0,GREEN
2010-04-07,42.25403594970703,0.2839619815349579,2.070015391321681,0.0,GREEN
2010-04-08,42.349609375,0.2849795222282409,2.0700285342762528,0.0,GREEN
2010-04-09,42.60160446166992,0.2901147305965423,2.0700412665947163,0.0,GREEN
2010-04-12,42.636348724365234,0.2912809252738952,2.0700535882694115,0.0,GREEN
2010-04-13,42.85356903076172,0.2956730723381042,2.0700646778426464,0.0,GREEN
2010-04-14,43.36621475219727,0.3060931861400604,2.0700769996566946,0.0,GREEN
2010-04-15,43.55736923217773,0.3101871311664581,2.0700897322732588,0.0,GREEN
2010-04-16,43.03605270385742,0.2991458177566528,2.0701020542364406,0.0,GREEN
2010-04-19,43.00996398925781,0.2986751496791839,2.0701143762729672,0.0,GREEN
2010-04-20,43.22719955444336,0.3030911684036255,2.0701266983828392,0.0,GREEN
2010-04-21,43.47048568725586,0.3084254860877991,2.0701386098258006,0.0,GREEN
2010-04-22,43.713775634765625,0.3129910826683044,2.0701505213373,0.0,GREEN
2010-04-23,43.89622497558594,0.3171344995498657,2.070162843662321,0.0,GREEN
2010-04-26,43.8006477355957,0.3147774338722229,2.070175576806894,0.0,GREEN
2010-04-27,42.87094497680664,0.2953501045703888,2.070187899281055,0.0,GREEN
2010-04-28,42.89701843261719,0.296044647693634,2.0701998110761646,0.0,GREEN
2010-04-29,43.64425659179688,0.3111551105976105,2.0702125444481165,0.0,GREEN
2010-04-30,42.78406524658203,0.2928196787834167,2.070225688654454,0.0,GREEN
2010-05-03,43.38359451293945,0.3047784566879272,2.0702384221855734,0.0,GREEN
2010-05-04,42.080265045166016,0.2778339385986328,2.0702515665562142,0.0,GREEN
2010-05-05,41.86304473876953,0.2732684016227722,2.0702643002465035,0.0,GREEN
2010-05-06,40.464134216308594,0.2464973181486129,2.0702762124812217,0.0,GREEN
2010-05-07,39.45621871948242,0.22855906188488,2.0702844278631396,0.0,GREEN
2010-05-10,41.50680160522461,0.2626491189002991,2.0702942863601947,0.0,GREEN
2010-05-11,41.46335220336914,0.2624757885932922,2.0703061987674523,0.0,GREEN
2010-05-12,42.24535369873047,0.2766182422637939,2.070318522019125,0.0,GREEN
2010-05-13,41.57630920410156,0.2641135454177856,2.0703308453441505,0.0,GREEN
2010-05-14,40.77692794799805,0.2478616535663604,2.070343579522067,0.0,GREEN
2010-05-17,40.907257080078125,0.2512114644050598,2.070355492212956,0.0,GREEN
2010-05-18,40.342472076416016,0.2416097074747085,2.070367815758042,0.0,GREEN
2010-05-19,40.02100372314453,0.2352330386638641,2.070381371738327,0.0,GREEN
2010-05-20,38.53519058227539,0.2114392071962356,2.070394927807371,0.0,GREEN
2010-05-21,38.96095275878906,0.2130770236253738,2.070407662379446,0.0,GREEN
2010-05-24,38.80454635620117,0.2148386090993881,2.0704199862350685,0.0,GREEN
2010-05-25,38.83930206298828,0.2133246958255767,2.0704323101640476,0.0,GREEN
2010-05-26,38.40488052368164,0.2067250460386276,2.070445455765723,0.0,GREEN
2010-05-27,39.85590362548828,0.2291049659252166,2.0704586014508624,0.0,GREEN
2010-05-28,39.62130737304688,0.2259037792682647,2.0704717472194667,0.0,GREEN
2010-06-01,39.256385803222656,0.2196518778800964,2.070484071456547,0.0,GREEN
2010-06-02,40.18608474731445,0.2351091504096985,2.0704959849558215,0.0,GREEN
2010-06-03,40.56838607788086,0.2412124574184417,2.0705078985236463,0.0,GREEN
2010-06-04,39.17817687988281,0.2173938900232315,2.0705185797147942,0.0,GREEN
2010-06-07,38.4656867980957,0.2047900706529617,2.0705284393268584,0.0,GREEN
2010-06-08,38.39617538452149,0.2036486715078354,2.07053706652842,0.0,GREEN
2010-06-09,38.074703216552734,0.1991574317216873,2.0705461045869944,0.0,GREEN
2010-06-10,39.16080093383789,0.2156818360090255,2.0705539102170527,0.0,GREEN
2010-06-11,39.534423828125,0.221314400434494,2.0705608942283313,0.0,GREEN
2010-06-14,39.5257453918457,0.2214382737874984,2.0705666457863954,0.0,GREEN
2010-06-15,40.58577346801758,0.2376148849725723,2.0705711648802407,0.0,GREEN
2010-06-16,40.75086212158203,0.242403358221054,2.0705777381218873,0.0,GREEN
2010-06-17,40.88119888305664,0.244834691286087,2.0705851330426746,0.0,GREEN
2010-06-18,40.9151496887207,0.2455045729875564,2.0705925279898723,0.0,GREEN
2010-06-21,40.566925048828125,0.2390535175800323,2.0706003337949395,0.0,GREEN
2010-06-22,40.25354766845703,0.2333971112966537,2.070608961296061,0.0,GREEN
2010-06-23,40.0881462097168,0.2302711457014084,2.0706192321738452,0.0,GREEN
2010-06-24,39.4787712097168,0.2191059440374374,2.070629092265207,0.0,GREEN
2010-06-25,39.48662567138672,0.2189573049545288,2.0706393632428473,0.0,GREEN
2010-06-28,39.34706497192383,0.2169965803623199,2.070649634271435,0.0,GREEN
2010-06-29,37.82934188842773,0.1927816569805145,2.0706607270377737,0.0,GREEN
2010-06-30,37.2536735534668,0.1832542568445205,2.070673874089715,0.0,GREEN
2010-07-01,37.14899063110352,0.1814678460359573,2.070687842921552,0.0,GREEN
2010-07-02,37.04432678222656,0.1804751306772232,2.070701400997253,0.0,GREEN
2010-07-06,37.15773010253906,0.1814183443784713,2.0707145483074414,0.0,GREEN
2010-07-07,38.34395980834961,0.1985619962215423,2.070727695701105,0.0,GREEN
2010-07-08,38.55331802368164,0.2019118070602417,2.0707404323199663,0.0,GREEN
2010-07-09,38.91964721679688,0.2075692117214203,2.0707523472943334,0.0,GREEN
2010-07-12,39.03305816650391,0.2099262923002243,2.0707642623372586,0.0,GREEN
2010-07-13,39.5389404296875,0.2170966267585754,2.070775766583209,0.0,GREEN
2010-07-14,39.73956298828125,0.220569372177124,2.0707876817608883,0.0,GREEN
2010-07-15,39.77445983886719,0.2213391959667205,2.0707995970071273,0.0,GREEN
2010-07-16,38.6754150390625,0.2035248130559921,2.070811512321926,0.0,GREEN
2010-07-19,39.00688552856445,0.2081150859594345,2.0708234277052853,0.0,GREEN
2010-07-20,39.47787094116211,0.2146899700164795,2.070835343157205,0.0,GREEN
2010-07-21,38.93710708618164,0.2071718871593475,2.070847669558547,0.0,GREEN
2010-07-22,39.92274856567383,0.221140056848526,2.0708599960332603,0.0,GREEN
2010-07-23,40.17567825317383,0.2268965393304824,2.070871911695593,0.0,GREEN
2010-07-26,40.50713348388672,0.2318832129240036,2.0708838274264885,0.0,GREEN
2010-07-27,40.48971557617188,0.2318336516618728,2.0708957432259463,0.0,GREEN
2010-07-28,40.16695785522461,0.2270946949720382,2.070908069986812,0.0,GREEN
2010-07-29,39.87038803100586,0.2216859757900238,2.070919985925761,0.0,GREEN
2010-07-30,39.9576416015625,0.2231998890638351,2.0709319019332737,0.0,GREEN
2010-08-02,40.70774459838867,0.2352082282304763,2.0709434071105557,0.0,GREEN
2010-08-03,40.5333137512207,0.2327768802642822,2.070954912351755,0.0,GREEN
2010-08-04,40.94327163696289,0.2395003736019134,2.070967239464818,0.0,GREEN
2010-08-05,40.847312927246094,0.2380864769220352,2.0709791557442263,0.0,GREEN
2010-08-06,40.7862663269043,0.2369698882102966,2.0709906611840294,0.0,GREEN
2010-08-09,41.06538009643555,0.2411133646965026,2.0710021666877516,0.0,GREEN
2010-08-10,40.70774459838867,0.2360018938779831,2.0710136722553933,0.0,GREEN
2010-08-11,39.60001754760742,0.216575488448143,2.0710255888019744,0.0,GREEN
2010-08-12,39.28599166870117,0.2104712426662445,2.071037505417123,0.0,GREEN
2010-08-13,39.00688552856445,0.2062782198190689,2.0710498330218114,0.0,GREEN
2010-08-16,39.076656341552734,0.207444354891777,2.0710617497764603,0.0,GREEN
2010-08-17,39.57384490966797,0.2153349816799163,2.0710740775254606,0.0,GREEN
2010-08-18,39.73084259033203,0.2172700315713882,2.071086816274845,0.0,GREEN
2010-08-19,39.12899398803711,0.209280326962471,2.0710991441730506,0.0,GREEN
2010-08-20,39.18132019042969,0.2085609883069992,2.0711110612114343,0.0,GREEN
2010-08-23,38.79752731323242,0.2028054594993591,2.071122978318388,0.0,GREEN
2010-08-24,38.07357406616211,0.1911686956882476,2.071135306431844,0.0,GREEN
2010-08-25,38.439918518066406,0.1969004124403,2.071148045557835,0.0,GREEN
2010-08-26,37.977630615234375,0.1904741376638412,2.0711603738205007,0.0,GREEN
2010-08-27,38.439918518066406,0.1967756003141403,2.0711722912111976,0.0,GREEN
2010-08-30,38.03867721557617,0.1903998404741287,2.0711837977239753,0.0,GREEN
2010-08-31,37.907840728759766,0.1894565820693969,2.071194482401905,0.0,GREEN
2010-09-01,39.04176330566406,0.2053359895944595,2.071205578087073,0.0,GREEN
2010-09-02,39.47787094116211,0.2123824656009674,2.0712162628773614,0.0,GREEN
2010-09-03,40.132083892822266,0.2231998890638351,2.071226536767554,0.0,GREEN
2010-09-07,39.8616828918457,0.2177664190530777,2.071236810708709,0.0,GREEN
2010-09-08,40.34141159057617,0.2254578769207,2.0712466737409203,0.0,GREEN
2010-09-09,40.498416900634766,0.2283104062080383,2.0712573587432104,0.0,GREEN
2010-09-10,40.64669036865234,0.2307675033807754,2.071268454765216,0.0,GREEN
2010-09-13,41.21365737915039,0.2409399598836898,2.071279550846665,0.0,GREEN
2010-09-14,41.38810729980469,0.2439915686845779,2.0712906469875567,0.0,GREEN
2010-09-15,41.6497802734375,0.2481351047754287,2.071302565127841,0.0,GREEN
2010-09-16,41.815528869628906,0.2516334950923919,2.0713148943102664,0.0,GREEN
2010-09-17,41.95714569091797,0.2543126344680786,2.0713272235660796,0.0,GREEN
2010-09-20,42.691551208496094,0.2675614655017853,2.0713391419168246,0.0,GREEN
2010-09-21,42.68281173706055,0.2667182385921478,2.0713514713169685,0.0,GREEN
2010-09-22,42.569149017333984,0.265453040599823,2.071364211772545,0.0,GREEN
2010-09-23,42.55167007446289,0.2646584212779999,2.071376952306485,0.0,GREEN
2010-09-24,43.417213439941406,0.2796451151371002,2.071389281931691,0.0,GREEN
2010-09-27,43.18115234375,0.2764438390731811,2.0714007896499727,0.0,GREEN
2010-09-28,43.16366958618164,0.2771385014057159,2.071411475447305,0.0,GREEN
2010-09-29,43.093746185302734,0.2749061584472656,2.071423805278006,0.0,GREEN
2010-09-30,42.90138244628906,0.2711838185787201,2.0714365461784934,0.0,GREEN
2010-10-01,42.848907470703125,0.2703406512737274,2.0714492871573476,0.0,GREEN
2010-10-04,42.38555908203125,0.2609618902206421,2.071461617213118,0.0,GREEN
2010-10-05,43.417213439941406,0.2803891897201538,2.07147353633716,0.0,GREEN
2010-10-06,43.041282653808594,0.2732435762882232,2.071482989490374,0.0,GREEN
2010-10-07,43.19862747192383,0.2759226560592651,2.0714924426867274,0.0,GREEN
2010-10-08,43.49589920043945,0.2814810574054718,2.0715018959262204,0.0,GREEN
2010-10-11,43.51338195800781,0.2820517718791961,2.071511349208853,0.0,GREEN
2010-10-12,43.81066131591797,0.2879073023796081,2.071520802534626,0.0,GREEN
2010-10-13,44.16910171508789,0.2949032187461853,2.071530255903539,0.0,GREEN
2010-10-14,44.08167266845703,0.2932664155960083,2.0715409423687525,0.0,GREEN
2010-10-15,45.01717376708984,0.311973512172699,2.0715520399099563,0.0,GREEN
2010-10-18,44.85105514526367,0.311973512172699,2.071563137510611,0.0,GREEN
2010-10-19,44.4313850402832,0.299567848443985,2.0715742351707176,0.0,GREEN
2010-10-20,44.7548713684082,0.3057960271835327,2.0715853328902756,0.0,GREEN
2010-10-21,44.84228897094727,0.307929128408432,2.0715964306692856,0.0,GREEN
2010-10-22,45.1483039855957,0.3139333724975586,2.071606295413973,0.0,GREEN
2010-10-25,45.36688232421875,0.3186970949172973,2.0716161602056355,0.0,GREEN
2010-10-26,45.48927688598633,0.3206072747707367,2.0716256140097125,0.0,GREEN
2010-10-27,45.62916564941406,0.3239075839519501,2.071636300966853,0.0,GREEN
2010-10-28,45.725345611572266,0.3257683217525482,2.0716469879791246,0.0,GREEN
2010-10-29,45.62042617797852,0.3242048919200897,2.0716572640058506,0.0,GREEN
2010-11-01,45.655399322509766,0.3249498903751373,2.071666306954176,0.0,GREEN
2010-11-02,46.14497756958008,0.3347993195056915,2.071674938896852,0.0,GREEN
2010-11-03,46.35482406616211,0.3396373987197876,2.0716852150622236,0.0,GREEN
2010-11-04,46.923095703125,0.3516715168952942,2.071695080229694,0.0,GREEN
2010-11-05,46.923095703125,0.3520925641059875,2.071704534393922,0.0,GREEN
2010-11-08,46.98429870605469,0.3529863059520721,2.071714399653389,0.0,GREEN
2010-11-09,46.73076629638672,0.3472793102264404,2.071723442851116,0.0,GREEN
2010-11-10,46.96685028076172,0.3525889217853546,2.071733719257083,0.0,GREEN
2010-11-11,46.66958236694336,0.3466590940952301,2.071743995714024,0.0,GREEN
2010-11-12,45.908935546875,0.3290190100669861,2.071754272221939,0.0,GREEN
2010-11-15,45.734073638916016,0.3254958391189575,2.071764548780829,0.0,GREEN
2010-11-16,44.982200622558594,0.3093439936637878,2.0717752364546964,0.0,GREEN
2010-11-17,45.11332321166992,0.312270849943161,2.0717863352510473,0.0,GREEN
2010-11-18,45.8390007019043,0.3267858028411865,2.071797434106856,0.0,GREEN
2010-11-19,45.87397766113281,0.3275547325611114,2.0718085330221228,0.0,GREEN
2010-11-22,46.25865936279297,0.3361894488334656,2.071819220922893,0.0,GREEN
2010-11-23,45.52424240112305,0.320309966802597,2.0718294978039493,0.0,GREEN
2010-11-24,46.4422607421875,0.3390171229839325,2.071841007967875,0.0,GREEN
2010-11-26,46.136260986328125,0.336883932352066,2.0718533403553168,0.0,GREEN
2010-11-29,46.10128784179688,0.3321945667266845,2.071866083897786,0.0,GREEN
2010-11-30,45.54174041748047,0.3195659518241882,2.0718788275186384,0.0,GREEN
2010-12-01,46.503448486328125,0.3398860096931457,2.0718919823045505,0.0,GREEN
2010-12-02,46.97557830810547,0.3502071499824524,2.0719047260846986,0.0,GREEN
2010-12-03,47.09798049926758,0.3531348705291748,2.071916647758375,0.0,GREEN
2010-12-06,47.08047866821289,0.3525146245956421,2.0719273362168797,0.0,GREEN
2010-12-07,47.10670852661133,0.3528376519680023,2.0719376136342222,0.0,GREEN
2010-12-08,47.28157424926758,0.3577252626419067,2.0719491243987913,0.0,GREEN
2010-12-09,47.32529067993164,0.358096718788147,2.0719602241266846,0.0,GREEN
2010-12-10,47.64002227783203,0.3656148314476013,2.0719713239140405,0.0,GREEN
2010-12-13,47.47392272949219,0.3613227605819702,2.0719807793389045,0.0,GREEN
2010-12-14,47.56134414672852,0.3628357350826263,2.0719906459138238,0.0,GREEN
2010-12-15,47.35150909423828,0.3591390252113342,2.0720017458641538,0.0,GREEN
2010-12-16,47.71872329711914,0.3666323721408844,2.0720128458739477,0.0,GREEN
2010-12-17,47.76077651977539,0.3677490353584289,2.072023123715445,0.0,GREEN
2010-12-20,47.79581069946289,0.3687407970428467,2.072031757144858,0.0,GREEN
2010-12-21,48.08489608764648,0.374819278717041,2.072039979493223,0.0,GREEN
2010-12-22,48.07614135742188,0.3752165734767914,2.072050668587963,0.0,GREEN
2010-12-23,47.953495025634766,0.3723631203174591,2.0720613577378453,0.0,GREEN
2010-12-27,47.979774475097656,0.3725126981735229,2.07207204694287,0.0,GREEN
2010-12-28,47.892189025878906,0.3708997368812561,2.0720819139523967,0.0,GREEN
2010-12-29,47.99728775024414,0.3731080889701843,2.0720934255186343,0.0,GREEN
2010-12-30,47.883399963378906,0.3703042566776275,2.0721037037598324,0.0,GREEN
2010-12-31,47.70820236206055,0.3669047951698303,2.072112748656903,0.0,GREEN
2011-01-03,48.452823638916016,0.3834787309169769,2.0721222047271572,0.0,GREEN
2011-01-04,48.417781829833984,0.3828832507133484,2.0721320719755307,0.0,GREEN
2011-01-05,48.82951354980469,0.3923859298229217,2.0721431726835005,0.0,GREEN
2011-01-06,48.9871940612793,0.395933985710144,2.072154273450938,0.0,GREEN
2011-01-07,48.943389892578125,0.3950155675411224,2.072165785419173,0.0,GREEN
2011-01-10,49.12736511230469,0.3994572460651397,2.07217688630775,0.0,GREEN
2011-01-11,49.19743728637695,0.4012931287288666,2.0721879872557967,0.0,GREEN
2011-01-12,49.54785537719727,0.409431517124176,2.0721999105593487,0.0,GREEN
2011-01-13,49.56539535522461,0.410721480846405,2.0722118339315068,0.0,GREEN
2011-01-14,49.93330764770508,0.4196286797523498,2.072223346219522,0.0,GREEN
2011-01-18,50.07346725463867,0.4229775071144104,2.0722352697265283,0.0,GREEN
2011-01-19,49.50405883789063,0.4088112115859985,2.072247193302142,0.0,GREEN
2011-01-20,49.15365219116211,0.399630606174469,2.0722599392671195,0.0,GREEN
2011-01-21,48.77695083618164,0.3905004858970642,2.072272685310495,0.0,GREEN
2011-01-24,49.45149612426758,0.4066275656223297,2.072285020267445,0.0,GREEN
2011-01-25,49.52156448364258,0.4080414175987243,2.0722973552978177,0.0,GREEN
2011-01-26,49.78437423706055,0.4143686592578888,2.072309690401613,0.0,GREEN
2011-01-27,50.09098434448242,0.422357439994812,2.0723224367509974,0.0,GREEN
2011-01-28,48.82075881958008,0.3905004858970642,2.0723339496534727,0.0,GREEN
2011-01-31,49.05728530883789,0.3962817192077636,2.07234505144293,0.0,GREEN
2011-02-01,49.97711944580078,0.4182881414890289,2.0723569756502243,0.0,GREEN
2011-02-02,49.89825439453125,0.416402667760849,2.0723693111089028,0.0,GREEN
2011-02-03,49.985870361328125,0.4180156886577606,2.0723816466410065,0.0,GREEN
2011-02-04,50.26618957519531,0.4255585074424743,2.0723935710588686,0.0,GREEN
2011-02-07,50.50270462036133,0.4317361712455749,2.0724054955453433,0.0,GREEN
2011-02-08,50.83560943603516,0.4409415125846863,2.072417008909256,0.0,GREEN
2011-02-09,50.748008728027344,0.4382615089416504,2.0724289335305914,0.0,GREEN
2011-02-10,50.82683181762695,0.4403955638408661,2.07243962463184,0.0,GREEN
2011-02-11,51.19476318359375,0.449426531791687,2.072448670995232,0.0,GREEN
2011-02-14,51.31741714477539,0.4522553086280823,2.0724577173981116,0.0,GREEN
2011-02-15,51.247337341308594,0.4510892033576965,2.0724667638404797,0.0,GREEN
2011-02-16,51.58022689819336,0.4594256579875946,2.0724770439335543,0.0,GREEN
2011-02-17,51.56270217895508,0.459028422832489,2.072486090460284,0.0,GREEN
2011-02-18,51.44882583618164,0.4564236104488373,2.072493492196616,0.0,GREEN
2011-02-22,49.95957565307617,0.416229248046875,2.0725008939593823,0.0,GREEN
2011-02-23,49.54785537719727,0.4059577584266662,2.0725091181694015,0.0,GREEN
2011-02-24,49.8106575012207,0.4117380380630493,2.072518576048485,0.0,GREEN
2011-02-25,50.50270462036133,0.4293790757656097,2.0725284451843407,0.0,GREEN
2011-02-28,50.60784530639648,0.4325049817562103,2.0725387255833745,0.0,GREEN
2011-03-01,49.79314422607422,0.4117132723331451,2.0725498284698456,0.0,GREEN
2011-03-02,50.055946350097656,0.4175193309783935,2.072560520194759,0.0,GREEN
2011-03-03,51.04584503173828,0.4424297213554382,2.0725703895303487,0.0,GREEN
2011-03-04,50.78304672241211,0.4358796179294586,2.0725806701374396,0.0,GREEN
2011-03-07,50.09973907470703,0.4185120463371277,2.072589717116506,0.0,GREEN
2011-03-08,50.30122375488281,0.4228784143924713,2.072597941678998,0.0,GREEN
2011-03-09,49.95957565307617,0.414343774318695,2.0726065775034854,0.0,GREEN
2011-03-10,49.17992401123047,0.3953879773616791,2.0726143909011996,0.0,GREEN
2011-03-11,49.48651885986328,0.4019876718521118,2.072619736930186,0.0,GREEN
2011-03-14,49.31133270263672,0.3980681002140045,2.0726254942072577,0.0,GREEN
2011-03-15,48.61051177978516,0.3817913830280304,2.0726316627357595,0.0,GREEN
2011-03-16,47.4366455078125,0.3537551164627075,2.0726394762280407,0.0,GREEN
2011-03-17,47.87464141845703,0.3629853725433349,2.072646467273967,0.0,GREEN
2011-03-18,47.76675796508789,0.36099973320961,2.072652224625289,0.0,GREEN
2011-03-21,48.687870025634766,0.3811464607715606,2.072657570751863,0.0,GREEN
2011-03-22,48.60015487670898,0.380104124546051,2.0726633281340283,0.0,GREEN
2011-03-23,48.872100830078125,0.3858605623245239,2.0726707305033516,0.0,GREEN
2011-03-24,49.7405891418457,0.4068505465984344,2.0726777216546988,0.0,GREEN
2011-03-25,49.8634033203125,0.4098277688026428,2.072684301583827,0.0,GREEN
2011-03-28,49.59144592285156,0.4028813540935516,2.072690881533844,0.0,GREEN
2011-03-29,50.073951721191406,0.4144428670406341,2.0726974615047493,0.0,GREEN
2011-03-30,50.31079864501953,0.4205461740493774,2.0727052752450814,0.0,GREEN
2011-03-31,50.3809928894043,0.4223325550556183,2.0727130890148704,0.0,GREEN
2011-04-01,50.40729522705078,0.4229775071144104,2.072720491561911,0.0,GREEN
2011-04-04,50.24061584472656,0.4191570580005646,2.0727250153566104,0.0,GREEN
2011-04-05,50.109031677246094,0.4143933057785034,2.0727278941413663,0.0,GREEN
2011-04-06,50.23183822631836,0.4175193309783935,2.072733240463119,0.0,GREEN
2011-04-07,50.19677734375,0.4174202382564544,2.072737353029134,0.0,GREEN
2011-04-08,49.95991134643555,0.4111682772636413,2.0727402318310255,0.0,GREEN
2011-04-11,49.79320907592773,0.4074459671974182,2.072743110636915,0.0,GREEN
2011-04-12,49.45108795166016,0.3994076550006866,2.0727459894468034,0.0,GREEN
2011-04-13,49.87217712402344,0.4089350700378418,2.0727496907790743,0.0,GREEN
2011-04-14,49.78444290161133,0.4067018628120422,2.072753803377729,0.0,GREEN
2011-04-15,49.69673156738281,0.4040723741054535,2.0727591497663114,0.0,GREEN
2011-04-18,49.34581756591797,0.3962817192077636,2.0727640849070337,0.0,GREEN
2011-04-19,49.65283966064453,0.4034273326396942,2.0727686087968773,0.0,GREEN
2011-04-20,50.77574920654297,0.4302726984024048,2.0727731326965944,0.0,GREEN
2011-04-21,51.179290771484375,0.4411892592906952,2.072777656606185,0.0,GREEN
2011-04-25,51.31087112426758,0.444463849067688,2.0727813579950043,0.0,GREEN
2011-04-26,51.60037612915039,0.4521057307720184,2.0727850593904336,0.0,GREEN
2011-04-27,51.95127868652344,0.4614845216274261,2.072789583326055,0.0,GREEN
2011-04-28,51.872337341308594,0.4607900083065033,2.072793696003861,0.0,GREEN
2011-04-29,51.82845306396485,0.4585568010807037,2.0727965748840065,0.0,GREEN
2011-05-02,51.73196029663086,0.4560758173465729,2.072799865037226,0.0,GREEN
2011-05-03,51.486328125,0.4492275416851043,2.072802332656058,0.0,GREEN
2011-05-04,51.40737533569336,0.4465979039669037,2.0728043890076093,0.0,GREEN
2011-05-05,51.12665939331055,0.4398992359638214,2.072806034090421,0.0,GREEN
2011-05-06,51.29332733154297,0.4437197744846344,2.0728068566324795,0.0,GREEN
2011-05-09,51.486328125,0.4485329091548919,2.072807267903672,0.0,GREEN
2011-05-10,51.92495727539063,0.4600458741188049,2.0728076791749466,0.0,GREEN
2011-05-11,51.547733306884766,0.4501211941242218,2.072809735531802,0.0,GREEN
2011-05-12,51.85478210449219,0.4580604434013366,2.072811380618857,0.0,GREEN
2011-05-13,51.24070739746094,0.4418342411518097,2.0728130257072177,0.0,GREEN
2011-05-16,50.35466003417969,0.4188588559627533,2.072814670796884,0.0,GREEN
2011-05-17,50.495025634765625,0.4222829937934875,2.072816315887856,0.0,GREEN
2011-05-18,50.916107177734375,0.4325545132160187,2.072819194799418,0.0,GREEN
2011-05-19,51.065242767333984,0.4362768232822418,2.072822484988542,0.0,GREEN
2011-05-20,50.67924118041992,0.4266504049301147,2.072825775182889,0.0,GREEN
2011-05-23,49.9335823059082,0.4081405699253082,2.0728290653824586,0.0,GREEN
2011-05-24,49.62654113769531,0.4004499018192291,2.0728327668630793,0.0,GREEN
2011-05-25,49.81953430175781,0.4049155414104461,2.0728368796265673,0.0,GREEN
2011-05-26,50.1265754699707,0.4125079214572906,2.072840581121142,0.0,GREEN
2011-05-27,50.3809928894043,0.4186606407165527,2.072844282622327,0.0,GREEN
2011-05-31,51.19684982299805,0.4388073086738586,2.0728471615727315,0.0,GREEN
2011-06-01,50.082706451416016,0.4107710719108581,2.072850451806248,0.0,GREEN
2011-06-02,50.1879768371582,0.4131528735160827,2.0728537420449866,0.0,GREEN
2011-06-03,49.43354797363281,0.3943952918052673,2.0728566210085293,0.0,GREEN
2011-06-06,49.030006408691406,0.3848678767681122,2.0728590886949276,0.0,GREEN
2011-06-07,48.94229507446289,0.3826355636119842,2.0728615563842636,0.0,GREEN
2011-06-08,48.59138107299805,0.37439826130867,2.0728648466406288,0.0,GREEN
2011-06-09,48.67910385131836,0.3760359287261963,2.0728677256195946,0.0,GREEN
2011-06-10,47.93342590332031,0.3587675392627716,2.072871015885752,0.0,GREEN
2011-06-13,47.93342590332031,0.3590151965618133,2.072873894873286,0.0,GREEN
2011-06-14,48.54750442504883,0.3723631203174591,2.072877185149236,0.0,GREEN
2011-06-15,47.62638092041016,0.3520182371139526,2.0728812980008553,0.0,GREEN
2011-06-16,47.44215393066406,0.3471059799194336,2.0728849995747485,0.0,GREEN
2011-06-17,47.293582916259766,0.3445259034633636,2.0728878785817044,0.0,GREEN
2011-06-20,47.53976058959961,0.3490903973579407,2.0728899350181225,0.0,GREEN
2011-06-21,48.55965805053711,0.3723631203174591,2.0728911688811515,0.0,GREEN
2011-06-22,48.20797348022461,0.3639770746231079,2.072892814032836,0.0,GREEN
2011-06-23,48.65636444091797,0.3740504086017608,2.072893636609331,0.0,GREEN
2011-06-24,47.81232070922852,0.3543505370616913,2.072894047897742,0.0,GREEN
2011-06-27,48.577239990234375,0.3715694844722748,2.0728948704747268,0.0,GREEN
2011-06-28,49.29821395874024,0.3882425129413605,2.0728961043406935,0.0,GREEN
2011-06-29,49.50042343139648,0.3931052982807159,2.072898160785272,0.0,GREEN
2011-06-30,50.15985870361328,0.4080414175987243,2.072899805942506,0.0,GREEN
2011-07-01,50.91598129272461,0.426947683095932,2.0729010398114105,0.0,GREEN
2011-07-05,51.17097473144531,0.4331004619598388,2.0729018623911695,0.0,GREEN
2011-07-06,51.33800506591797,0.4377155303955078,2.072902684971255,0.0,GREEN
2011-07-07,52.041412353515625,0.455430805683136,2.072903096261461,0.0,GREEN
2011-07-08,51.900726318359375,0.4516598880290985,2.072904741422612,0.0,GREEN
2011-07-11,50.9599494934082,0.4274439513683319,2.0729063865850685,0.0,GREEN
2011-07-12,50.573089599609375,0.4170228540897369,2.0729076204578902,0.0,GREEN
2011-07-13,50.78410720825195,0.4225811958312988,2.072910088205002,0.0,GREEN
2011-07-14,50.195011138916016,0.4080414175987243,2.072910499496677,0.0,GREEN
2011-07-15,50.863224029541016,0.4242686033248901,2.072910910788434,0.0,GREEN
2011-07-18,50.59067535400391,0.4172715544700622,2.072911322080272,0.0,GREEN
2011-07-19,51.74245834350586,0.4466970264911651,2.0729117333721923,0.0,GREEN
2011-07-20,51.52265167236328,0.4404451251029968,2.072913789832276,0.0,GREEN
2011-07-21,51.86554718017578,0.4493770897388458,2.0729154350019137,0.0,GREEN
2011-07-22,52.40187454223633,0.4633205235004425,2.072918314051141,0.0,GREEN
2011-07-25,52.29636764526367,0.4605917930603027,2.072920781810984,0.0,GREEN
2011-07-26,52.42823028564453,0.4631222784519195,2.0729236608676374,0.0,GREEN
2011-07-27,51.074249267578125,0.4279899597167969,2.072929007694344,0.0,GREEN
2011-07-28,51.16217803955078,0.4302726984024048,2.072934765830501,0.0,GREEN
2011-07-29,50.99512100219727,0.4261044561862945,2.0729401126858513,0.0,GREEN
2011-08-01,50.757720947265625,0.4203480184078216,2.072947516043691,0.0,GREEN
2011-08-02,49.47406005859375,0.3884406387805938,2.072953685530591,0.0,GREEN
2011-08-03,49.9488410949707,0.3985140025615692,2.072957798533997,0.0,GREEN
2011-08-04,47.627685546875,0.3442772328853607,2.072958621136279,0.0,GREEN
2011-08-05,47.3287467956543,0.3366847932338714,2.072959443738888,0.0,GREEN
2011-08-08,44.48004150390625,0.2775357365608215,2.0729602663418234,0.0,GREEN
2011-08-09,46.6253547668457,0.3155463337898254,2.0729615002467163,0.0,GREEN
2011-08-10,44.71744155883789,0.2783293426036834,2.072963968057971,0.0,GREEN
2011-08-11,46.68691635131836,0.3140572309494018,2.072965201965067,0.0,GREEN
2011-08-12,47.10013198852539,0.3220469057559967,2.0729660245702872,0.0,GREEN
2011-08-15,47.79473876953125,0.3359408378601074,2.072966435873061,0.0,GREEN
2011-08-16,47.39028549194336,0.3273069560527801,2.072966847175916,0.0,GREEN
2011-08-17,47.10894012451172,0.3219973742961883,2.072968492387663,0.0,GREEN
2011-08-18,44.79656982421875,0.2753025591373443,2.0729689036909265,0.0,GREEN
2011-08-19,43.98767852783203,0.2598700225353241,2.072969726297616,0.0,GREEN
2011-08-22,44.14594650268555,0.2622023820877075,2.0729705489046317,0.0,GREEN
2011-08-23,45.965946197509766,0.2946555912494659,2.072970960208303,0.0,GREEN
2011-08-24,46.32641220092773,0.3016029596328735,2.0729713715120557,0.0,GREEN
2011-08-25,45.57029342651367,0.2871127128601074,2.0729721941197243,0.0,GREEN
2011-08-26,46.71327972412109,0.3078548312187195,2.0729730167277194,0.0,GREEN
2011-08-29,48.0145378112793,0.3340552449226379,2.072973839336041,0.0,GREEN
2011-08-30,48.33105850219727,0.3408531546592712,2.0729742506403652,0.0,GREEN
2011-08-31,48.41019821166992,0.3428385853767395,2.072975484553582,0.0,YELLOW
2011-09-01,47.97057342529297,0.3331625163555145,2.0729767184675336,0.0,YELLOW
2011-09-02,46.845176696777344,0.3098394274711609,2.072977541077324,0.0,YELLOW
2011-09-06,46.853946685791016,0.3097898364067077,2.0729787749924995,0.0,YELLOW
2011-09-07,48.04092788696289,0.3332121074199676,2.0729800089084094,0.0,YELLOW
2011-09-08,47.82110595703125,0.3285970687866211,2.072981242825054,0.0,YELLOW
2011-09-09,46.75724411010742,0.3069621324539184,2.0729820654366398,0.0,YELLOW
2011-09-12,47.35511779785156,0.3184742033481598,2.072982476742596,0.0,YELLOW
2011-09-13,47.988162994384766,0.3308302164077759,2.0729828880486343,0.0,YELLOW
2011-09-14,48.6739616394043,0.3451213538646698,2.0729832993547537,0.0,YELLOW
2011-09-15,49.39492416381836,0.360801637172699,2.0729837106609548,0.0,YELLOW
2011-09-16,49.847686767578125,0.3702298700809479,2.0729841219672376,0.0,GREEN
2011-09-19,49.86531066894531,0.3711722195148468,2.072984533273602,0.0,GREEN
2011-09-20,49.64508438110352,0.365913063287735,2.072984944580048,0.0,GREEN
2011-09-21,48.781856536865234,0.347304105758667,2.0729853558865754,0.0,GREEN
2011-09-22,47.19629669189453,0.3135122060775757,2.0729857671931846,0.0,GREEN
2011-09-23,47.69839096069336,0.3232873380184173,2.0729861784998755,0.0,GREEN
2011-09-26,48.25333404541016,0.3342534303665161,2.0729865898066477,0.0,GREEN
2011-09-27,48.75541687011719,0.3444763422012329,2.0729870011135016,0.0,GREEN
2011-09-28,48.03310775756836,0.3282492756843567,2.0729878237273724,0.0,GREEN
2011-09-29,47.4605712890625,0.318523645401001,2.0729886463415697,0.0,YELLOW
2011-09-30,46.23617935180664,0.2937619388103485,2.0729894689560933,0.0,YELLOW
2011-10-03,45.04702377319336,0.270737886428833,2.0729902915709433,0.0,YELLOW
2011-10-04,45.97192001342773,0.2872117757797241,2.072991936801297,0.0,YELLOW
2011-10-05,47.15227890014648,0.3090458214282989,2.072992348109212,0.0,YELLOW
2011-10-06,47.945045471191406,0.3249250948429107,2.0729927594172084,0.0,YELLOW
2011-10-07,47.62791442871094,0.3182254433631897,2.0729931707252867,0.0,YELLOW
2011-10-10,49.2751350402832,0.350876897573471,2.0729935820334466,0.0,YELLOW
2011-10-11,49.60983657836914,0.3583702445030212,2.072993993341688,0.0,GREEN
2011-10-12,49.856483459472656,0.3641267120838165,2.072994404650011,0.0,GREEN
2011-10-13,50.31453704833984,0.3739018738269806,2.072995638575224,0.0,GREEN
2011-10-14,51.24825286865234,0.3944953680038452,2.0729968725011716,0.0,GREEN
2011-10-17,50.45547866821289,0.3762341439723968,2.0729981064278538,0.0,GREEN
2011-10-18,51.08088302612305,0.3898802995681762,2.0729997516644096,0.0,GREEN
2011-10-19,50.09431838989258,0.3674012422561645,2.073001808211813,0.0,GREEN
2011-10-20,49.847686767578125,0.3627366125583648,2.0730034534513067,0.0,GREEN
2011-10-21,50.47308349609375,0.3756386339664459,2.073004687381906,0.0,GREEN
2011-10-24,51.52130889892578,0.3991094827651977,2.07300592131324,0.0,GREEN
2011-10-25,50.508338928222656,0.3764818012714386,2.0730063326239296,0.0,GREEN
2011-10-26,50.4466667175293,0.3749936521053314,2.073007566556243,0.0,GREEN
2011-10-27,51.83842468261719,0.4052136838436126,2.0730088004892906,0.0,GREEN
2011-10-28,51.91768646240234,0.4065532684326172,2.073009623111812,0.0,GREEN
2011-10-31,51.04565048217773,0.3864065110683441,2.0730104457346594,0.0,GREEN
2011-11-01,49.71556091308594,0.3564847409725189,2.073010857046247,0.0,GREEN
2011-11-02,50.13836669921875,0.3652670085430145,2.073011268357916,0.0,GREEN
2011-11-03,51.17778015136719,0.3874984383583069,2.0730116796696665,0.0,GREEN
2011-11-04,50.913516998291016,0.3814942240715027,2.0730120909814986,0.0,GREEN
2011-11-07,51.2746696472168,0.3899792432785034,2.0730125022934125,0.0,GREEN
2011-11-08,51.864845275878906,0.4029804170131683,2.073012913605408,0.0,GREEN
2011-11-09,50.041481018066406,0.3612980246543884,2.073013324917485,0.0,GREEN
2011-11-10,50.01505661010742,0.35980886220932,2.0730137362296435,0.0,GREEN
2011-11-11,50.95756530761719,0.3800050318241119,2.0730141475418837,0.0,GREEN
2011-11-14,50.64044952392578,0.3735540509223938,2.0730145588542057,0.0,GREEN
2011-11-15,51.204200744628906,0.385563313961029,2.073014970166609,0.0,GREEN
2011-11-16,50.35857391357422,0.3665581047534942,2.0730157927915784,0.0,GREEN
2011-11-17,49.17823028564453,0.3413494527339935,2.073016204104227,0.0,GREEN
2011-11-18,48.79948043823242,0.3331625163555145,2.0730166154169565,0.0,GREEN
2011-11-21,47.865760803222656,0.3138094544410705,2.073017026729768,0.0,YELLOW
2011-11-22,48.02429962158203,0.3165390789508819,2.073017438042661,0.0,YELLOW
2011-11-23,46.94085311889648,0.2954986989498138,2.0730186719815844,0.0,YELLOW
2011-11-25,46.5797119140625,0.2888000011444092,2.0730199059212424,0.0,YELLOW
2011-11-28,48.20047378540039,0.3186227083206177,2.0730203172347066,0.0,YELLOW
2011-11-29,47.9010009765625,0.3128663003444671,2.073021139861798,0.0,YELLOW
2011-11-30,49.671504974365234,0.3472049534320831,2.073022373802925,0.0,GREEN
2011-12-01,50.01505661010742,0.3546487987041473,2.0730236077447866,0.0,GREEN
2011-12-02,49.87409210205078,0.351274162530899,2.0730248416873827,0.0,GREEN
2011-12-05,50.42024230957031,0.362786203622818,2.0730260756307133,0.0,GREEN
2011-12-06,50.2793083190918,0.3600079715251922,2.0730273095747784,0.0,GREEN
2011-12-07,50.2793083190918,0.36055389046669,2.0730277208897117,0.0,GREEN
2011-12-08,49.433692932128906,0.342193603515625,2.0730281322047266,0.0,YELLOW
2011-12-09,50.22645950317383,0.3584197759628296,2.0730285435198232,0.0,GREEN
2011-12-12,49.66271209716797,0.3466590940952301,2.0730289548350016,0.0,GREEN
2011-12-13,49.11655807495117,0.3349489271640777,2.0730293661502612,0.0,YELLOW
2011-12-14,48.35024642944336,0.319366842508316,2.0730297774656026,0.0,YELLOW
2011-12-15,48.21809387207031,0.3168858885765075,2.0730301887810256,0.0,YELLOW
2011-12-16,48.466346740722656,0.3208559155464172,2.0730306000965304,0.0,YELLOW
2011-12-19,47.98927688598633,0.311973512172699,2.0730310114121164,0.0,YELLOW
2011-12-20,49.41163635253906,0.3396622240543365,2.073031422727784,0.0,GREEN
2011-12-21,48.70488357543945,0.3255206048488617,2.0730318340435336,0.0,YELLOW
2011-12-22,49.12010192871094,0.3334597647190094,2.073032245359365,0.0,YELLOW
2011-12-23,49.54417037963867,0.3420945107936859,2.0730326566752773,0.0,GREEN
2011-12-27,49.72897338867188,0.3447240889072418,2.0730330679912714,0.0,GREEN
2011-12-28,49.15423202514648,0.3336579203605652,2.0730334793073473,0.0,YELLOW
2011-12-29,49.50790786743164,0.3401585817337036,2.073033890623505,0.0,GREEN
2011-12-30,49.36642837524414,0.3373803198337555,2.073034301939744,0.0,YELLOW
2012-01-03,50.31254959106445,0.3565838038921356,2.0730347132560647,0.0,GREEN
2012-01-04,50.5247802734375,0.3608510792255401,2.073035124572467,0.0,GREEN
2012-01-05,50.940372467041016,0.3697334825992584,2.0730359472054345,0.0,GREEN
2012-01-06,51.11720657348633,0.3735540509223938,2.0730367698387284,0.0,GREEN
2012-01-09,50.94919204711914,0.3704280853271484,2.073038003789159,0.0,GREEN
2012-01-10,51.320579528808594,0.3780204355716705,2.0730384151062142,0.0,GREEN
2012-01-11,51.42669677734375,0.3806501030921936,2.0730392377404874,0.0,GREEN
2012-01-12,51.63006591796875,0.3851660788059234,2.073040471692387,0.0,GREEN
2012-01-13,51.444366455078125,0.3807490766048431,2.0730421169625664,0.0,GREEN
2012-01-17,51.91300964355469,0.3909721076488495,2.073043762234051,0.0,GREEN
2012-01-18,52.60271072387695,0.4065036177635193,2.0730454075068416,0.0,GREEN
2012-01-19,52.92986679077149,0.4146410226821899,2.0730474640995387,0.0,GREEN
2012-01-20,52.850284576416016,0.4128051698207855,2.0730507546509953,0.0,GREEN
2012-01-23,52.86797332763672,0.4127556383609772,2.073054045207675,0.0,GREEN
2012-01-24,52.77073669433594,0.4104728996753692,2.0730569244494164,0.0,GREEN
2012-01-25,53.433876037597656,0.4261540472507477,2.073059803695157,0.0,GREEN
2012-01-26,53.24820327758789,0.421638011932373,2.0730626829448964,0.0,GREEN
2012-01-27,53.40736389160156,0.4258061945438385,2.0730663848426913,0.0,GREEN
2012-01-30,53.45157241821289,0.4265007674694061,2.073070498069707,0.0,GREEN
2012-01-31,53.52230453491211,0.4279899597167969,2.0730741999814573,0.0,GREEN
2012-02-01,53.9555892944336,0.438509076833725,2.073078724548139,0.0,GREEN
2012-02-02,54.12358093261719,0.4430252015590668,2.073083249124696,0.0,GREEN
2012-02-03,54.86631774902344,0.4606413841247558,2.0730894190155635,0.0,GREEN
2012-02-06,54.82210922241211,0.4601945281028747,2.0730951775973074,0.0,GREEN
2012-02-07,54.93706512451172,0.4621790945529938,2.0731005248664185,0.0,GREEN
2012-02-08,55.22887802124024,0.4698705375194549,2.0731071061377793,0.0,GREEN
2012-02-09,55.62677764892578,0.4802916049957275,2.0731132760996496,0.0,GREEN
2012-02-10,55.23770904541016,0.4700191915035248,2.0731202687437102,0.0,GREEN
2012-02-13,55.75057601928711,0.4826735854148865,2.0731268500777498,0.0,GREEN
2012-02-14,55.892032623291016,0.4868912696838379,2.073134665436809,0.0,GREEN
2012-02-15,55.50298309326172,0.4760234355926513,2.0731437148341088,0.0,GREEN
2012-02-16,56.26341247558594,0.4959223866462707,2.073152352932651,0.0,GREEN
2012-02-17,56.086570739746094,0.4917045533657074,2.0731601683878518,0.0,GREEN
2012-02-21,56.245723724365234,0.4958728551864624,2.0731663385076455,0.0,GREEN
2012-02-22,55.98929214477539,0.4893225729465484,2.0731720973030545,0.0,GREEN
2012-02-23,56.360687255859375,0.498601496219635,2.073178678801629,0.0,GREEN
2012-02-24,56.555206298828125,0.5034652352333069,2.073185671666294,0.0,GREEN
2012-02-27,56.6347770690918,0.5058966279029846,2.07319307590113,0.0,GREEN
2012-02-28,57.20952987670898,0.5210309028625488,2.0732013028579033,0.0,GREEN
2012-02-29,56.95312881469727,0.514183521270752,2.0732091184976373,0.0,GREEN
2012-03-01,57.4040641784668,0.526688277721405,2.073215288763116,0.0,GREEN
2012-03-02,57.35985565185547,0.52510005235672,2.073221047694498,0.0,GREEN
2012-03-05,56.76741790771485,0.508724570274353,2.0732259839349774,0.0,GREEN
2012-03-06,56.21035385131836,0.4941360056400299,2.0732309201872097,0.0,GREEN
2012-03-07,56.64362716674805,0.5053507685661316,2.0732366791620125,0.0,GREEN
2012-03-08,57.25375747680664,0.5213788151741028,2.073242849509517,0.0,GREEN
2012-03-09,57.49248123168945,0.527679979801178,2.0732490198753855,0.0,GREEN
2012-03-12,57.51900863647461,0.5285242795944214,2.073255601618159,0.0,GREEN
2012-03-13,58.58892440795898,0.5582974553108215,2.07326177202198,0.0,GREEN
2012-03-14,58.79230499267578,0.5645493268966675,2.0732683538052363,0.0,GREEN
2012-03-15,58.96030807495117,0.5688661932945251,2.0732749356093874,0.0,GREEN
2012-03-16,58.91868209838867,0.5676258206367493,2.0732811060707506,0.0,GREEN
2012-03-19,59.3349723815918,0.5799818634986877,2.0732876879153848,0.0,GREEN
2012-03-20,59.44126129150391,0.5831573605537415,2.073293858414701,0.0,GREEN
2012-03-21,59.45013046264648,0.5829592943191528,2.073301674403355,0.0,GREEN
2012-03-22,59.32610321044922,0.5794359445571899,2.0733086676828862,0.0,GREEN
2012-03-23,59.29067611694336,0.5786423087120056,2.073314426873654,0.0,GREEN
2012-03-26,60.32698440551758,0.6088622212409973,2.07332018608042,0.0,GREEN
2012-03-27,60.415565490722656,0.611193835735321,2.0733259453031834,0.0,GREEN
2012-03-28,60.176414489746094,0.6040481328964233,2.073332527290164,0.0,GREEN
2012-03-29,59.94610977172852,0.5978458523750305,2.073338697922931,0.0,GREEN
2012-03-30,59.83098220825195,0.5936774611473083,2.0733432230668902,0.0,GREEN
2012-04-02,60.450984954833984,0.611789345741272,2.073348570975801,0.0,GREEN
2012-04-03,60.43328857421875,0.611839771270752,2.0733535075199074,0.0,GREEN
2012-04-04,59.60954666137695,0.5868796706199646,2.0733596782151156,0.0,GREEN
2012-04-05,59.9815559387207,0.5975978970527649,2.0733654375475794,0.0,GREEN
2012-04-09,59.52984619140625,0.5838528275489807,2.0733711968960415,0.0,GREEN
2012-04-10,58.57324981689453,0.555666983127594,2.0733773676438965,0.0,GREEN
2012-04-11,58.8566780090332,0.56370609998703,2.073384361178742,0.0,GREEN
2012-04-12,59.52984619140625,0.5826114416122437,2.073391354737177,0.0,GREEN
2012-04-13,58.62638854980469,0.5562623143196106,2.073398348319201,0.0,GREEN
2012-04-16,57.970947265625,0.5387463569641113,2.073404930536033,0.0,GREEN
2012-04-17,59.148956298828125,0.5705040097236633,2.073411101384286,0.0,GREEN
2012-04-18,58.99839019775391,0.5663357973098755,2.073417272250904,0.0,GREEN
2012-04-19,58.3341064453125,0.5480249524116516,2.073422620350815,0.0,GREEN
2012-04-20,58.1746711730957,0.5421198606491089,2.0734279684645203,0.0,GREEN
2012-04-23,57.64323806762695,0.5284746885299683,2.0734333165920202,0.0,GREEN
2012-04-24,57.333229064941406,0.5191454291343689,2.073439076129035,0.0,GREEN
2012-04-25,58.8566780090332,0.5603811740875244,2.0734456584751615,0.0,GREEN
2012-04-26,59.20210266113281,0.5704048871994019,2.073452652240353,0.0,GREEN
2012-04-27,59.556400299072266,0.5801799893379211,2.073459646029135,0.0,GREEN
2012-04-30,59.131256103515625,0.5681220889091492,2.0734666398415067,0.0,GREEN
2012-05-01,59.22868347167969,0.5713480710983276,2.0734740450798004,0.0,GREEN
2012-05-02,59.39695739746094,0.575119137763977,2.0734810389407405,0.0,GREEN
2012-05-03,58.76810073852539,0.5572550892829895,2.073487621420082,0.0,GREEN
2012-05-04,57.3066635131836,0.5163662433624268,2.0734937925144385,0.0,GREEN
2012-05-07,57.35980224609375,0.517110288143158,2.073499552219442,0.0,GREEN
2012-05-08,57.1472053527832,0.5114043951034546,2.073505723349307,0.0,GREEN
2012-05-09,56.97006607055664,0.5085756182670593,2.073513128727185,0.0,GREEN
2012-05-10,56.85493469238281,0.5033652782440186,2.073520534131511,0.0,GREEN
2012-05-11,56.846073150634766,0.5028698444366455,2.0735279395622843,0.0,GREEN
2012-05-14,56.31464385986328,0.4889750182628631,2.073535345019506,0.0,GREEN
2012-05-15,56.128639221191406,0.4847076535224914,2.073542339087212,0.0,GREEN
2012-05-16,55.74776840209961,0.4741874039173126,2.0735497445958604,0.0,GREEN
2012-05-17,54.56975936889648,0.445009708404541,2.0735575615491646,0.0,GREEN
2012-05-18,53.861175537109375,0.4271458387374878,2.073564967112179,0.0,GREEN
2012-05-21,55.36690139770508,0.4630727469921112,2.073571138436731,0.0,GREEN
2012-05-22,55.30491256713867,0.4613854885101318,2.0735760755107595,0.0,GREEN
2012-05-23,55.41118621826172,0.4639654755592346,2.0735830697158497,0.0,GREEN
2012-05-24,55.04804992675781,0.4556289911270141,2.073589652519099,0.0,GREEN
2012-05-25,54.9771842956543,0.453048974275589,2.073597058196724,0.0,GREEN
2012-05-29,55.67691040039063,0.4699201285839081,2.0736036410443806,0.0,GREEN
2012-05-30,55.20746612548828,0.4585071802139282,2.0736098124840336,0.0,GREEN
2012-05-31,54.96834182739258,0.4519571363925934,2.0736151610805758,0.0,GREEN
2012-06-01,53.50688552856445,0.4164274930953979,2.07362009825942,0.0,GREEN
2012-06-04,53.914310455322266,0.4253594875335693,2.073625446882493,0.0,GREEN
2012-06-05,54.1357421875,0.4312149584293365,2.073630795519362,0.0,GREEN
2012-06-06,55.375762939453125,0.4606909155845642,2.0736373784741216,0.0,GREEN
2012-06-07,55.15433120727539,0.4555299580097198,2.0736439614497795,0.0,GREEN
2012-06-08,55.68577575683594,0.4689283072948456,2.0736505444463353,0.0,GREEN
2012-06-11,54.74689483642578,0.446498841047287,2.0736571274637896,0.0,GREEN
2012-06-12,55.41118621826172,0.4605917930603027,2.0736632990626283,0.0,GREEN
2012-06-13,55.030311584472656,0.451559841632843,2.0736707050032765,0.0,GREEN
2012-06-14,55.23406219482422,0.456621766090393,2.073678110970375,0.0,GREEN
2012-06-15,55.92028427124024,0.4734929203987121,2.0736859284076,0.0,GREEN
2012-06-18,56.444068908691406,0.485700398683548,2.0736929229832257,0.0,GREEN
2012-06-19,57.02998733520508,0.5016789436340332,2.0736990946885987,0.0,GREEN
2012-06-20,57.074363708496094,0.5034652352333069,2.0737065007570883,0.0,GREEN
2012-06-21,55.653953552246094,0.4657518565654754,2.073713083952182,0.0,GREEN
2012-06-22,56.23988723754883,0.4802421331405639,2.073719255717558,0.0,GREEN
2012-06-25,55.15680694580078,0.4517588913440704,2.0737254275013024,0.0,GREEN
2012-06-26,55.503055572509766,0.4604918360710144,2.0737315993034153,0.0,GREEN
2012-06-27,55.84039688110352,0.4689283072948456,2.0737394169422827,0.0,GREEN
2012-06-28,55.21895980834961,0.4520561695098877,2.073746000241872,0.0,GREEN
2012-06-29,56.9589729309082,0.4962196052074432,2.0737521721052135,0.0,GREEN
2012-07-02,57.12765502929688,0.5001897811889648,2.0737587554452954,0.0,GREEN
2012-07-03,57.60704803466797,0.5120989680290222,2.073764515886307,0.0,GREEN
2012-07-05,57.64254379272461,0.5138853192329407,2.0737706878047546,0.0,GREEN
2012-07-06,56.923465728759766,0.4936395585536957,2.0737768597415704,0.0,GREEN
2012-07-09,56.81692886352539,0.4919523298740387,2.0737826202328717,0.0,GREEN
2012-07-10,56.25763702392578,0.476867526769638,2.0737883807401745,0.0,GREEN
2012-07-11,55.946922302246094,0.470317393541336,2.073795787127543,0.0,GREEN
2012-07-12,55.42314910888672,0.4567207992076874,2.073803193541363,0.0,GREEN
2012-07-13,56.26652908325195,0.4765693843364715,2.07381101145013,0.0,GREEN
2012-07-16,56.106719970703125,0.4729965329170227,2.0738184179183223,0.0,GREEN
2012-07-17,56.399688720703125,0.4802421331405639,2.0738254129408373,0.0,GREEN
2012-07-18,57.16315841674805,0.4997923672199249,2.073833230933367,0.0,GREEN
2012-07-19,57.79348373413086,0.5160689949989319,2.0738402260058466,0.0,GREEN
2012-07-20,57.02998733520508,0.4962196052074432,2.0738468096254645,0.0,GREEN
2012-07-23,56.3375358581543,0.4778602123260498,2.073853804743745,0.0,GREEN
2012-07-24,55.89365005493164,0.4669428467750549,2.073861211364771,0.0,GREEN
2012-07-25,55.520790100097656,0.4565227031707763,2.0738690294922555,0.0,GREEN
2012-07-26,56.25763702392578,0.474386602640152,2.073876847649213,0.0,GREEN
2012-07-27,57.58928680419922,0.5103124976158142,2.0738850773193658,0.0,GREEN
2012-07-30,57.544898986816406,0.5072361826896667,2.073893307022176,0.0,GREEN
2012-07-31,57.52716445922852,0.5075335502624512,2.0739007137842815,0.0,GREEN
2012-08-01,57.35847473144531,0.5025714635848999,2.0739089435491413,0.0,GREEN
2012-08-02,57.15427780151367,0.4973113238811493,2.0739163503670914,0.0,GREEN
2012-08-03,58.23735427856445,0.5255964398384094,2.073923345719934,0.0,GREEN
2012-08-06,58.681243896484375,0.5374066829681396,2.0739295181110893,0.0,GREEN
2012-08-07,59.16952133178711,0.550705075263977,2.0739356905206145,0.0,GREEN
2012-08-08,59.142852783203125,0.5498113632202148,2.073943920424271,0.0,GREEN
2012-08-09,59.320411682128906,0.5544759631156921,2.073952561857003,0.0,GREEN
2012-08-10,59.35594177246094,0.5567587614059448,2.0739616148244857,0.0,GREEN
2012-08-13,59.49797821044922,0.5601333975791931,2.073969433330475,0.0,GREEN
2012-08-14,59.52461242675781,0.5609272122383118,2.073977251865939,0.0,GREEN
2012-08-15,59.675540924072266,0.5648971199989319,2.0739858934375524,0.0,GREEN
2012-08-16,60.385738372802734,0.585142970085144,2.0739924775196066,0.0,GREEN
2012-08-17,60.65205764770508,0.5931811332702637,2.073998650116511,0.0,GREEN
2012-08-20,60.7408332824707,0.5954638719558716,2.0740052342390625,0.0,GREEN
2012-08-21,60.50116729736328,0.5886165499687195,2.074012229891712,0.0,GREEN
2012-08-22,60.74972152709961,0.5949674248695374,2.074020871609067,0.0,GREEN
2012-08-23,60.2525634765625,0.5817683339118958,2.0740291018507437,0.0,GREEN
2012-08-24,60.62544631958008,0.5920892953872681,2.0740369206111486,0.0,GREEN
2012-08-27,60.72311019897461,0.5949674248695374,2.0740443278861598,0.0,GREEN
2012-08-28,60.72311019897461,0.594868540763855,2.0740521467039645,0.0,GREEN
2012-08-29,60.72311019897461,0.5950667858123779,2.0740603770697486,0.0,GREEN
2012-08-30,60.11052703857422,0.5769054889678955,2.074068195948056,0.0,GREEN
2012-08-31,60.51004409790039,0.5892120003700256,2.0740756033347645,0.0,GREEN
2012-09-04,60.44790649414063,0.5867301225662231,2.07408259922477,0.0,GREEN
2012-09-05,60.385738372802734,0.5840510129928589,2.074090006662919,0.0,GREEN
2012-09-06,61.72623825073242,0.6226570010185242,2.074098237178941,0.0,GREEN
2012-09-07,61.637474060058594,0.6199771761894226,2.074106467727624,0.0,GREEN
2012-09-10,60.84738159179688,0.5971511602401733,2.0741146983089678,0.0,GREEN
2012-09-11,60.74972152709961,0.5945711731910706,2.0741225173920577,0.0,GREEN
2012-09-12,60.92730331420898,0.5997312664985657,2.0741307480370907,0.0,GREEN
2012-09-13,61.75289535522461,0.6236488819122314,2.0741385671806856,0.0,GREEN
2012-09-14,62.30332565307617,0.6396273374557495,2.0741463863537573,0.0,GREEN
2012-09-17,62.3299446105957,0.6408182978630066,2.0741542055563063,0.0,GREEN
2012-09-18,62.38321685791016,0.6420091986656189,2.074161613250192,0.0,GREEN
2012-09-19,62.49861907958984,0.6462765336036682,2.0741698440503673,0.0,GREEN
2012-09-20,62.43647003173828,0.6447882652282715,2.074178486424448,0.0,GREEN
2012-09-21,62.45426940917969,0.6447882652282715,2.074187128834539,0.0,GREEN
2012-09-24,62.0892448425293,0.6328790783882141,2.0741953597359664,0.0,GREEN
2012-09-25,61.216793060302734,0.60747230052948,2.074203179123137,0.0,GREEN
2012-09-26,60.71820831298828,0.5914939045906067,2.074211821636114,0.0,GREEN
2012-09-27,61.55509948730469,0.6166034936904907,2.0742200526355288,0.0,GREEN
2012-09-28,61.04761505126953,0.6018158197402954,2.074227049012764,0.0,GREEN
2012-10-01,60.95858383178711,0.599234938621521,2.074234456966805,0.0,GREEN
2012-10-02,61.13664627075195,0.603105902671814,2.0742410418379498,0.0,GREEN
2012-10-03,61.52839660644531,0.6145187020301819,2.0742484498419653,0.0,GREEN
2012-10-04,61.742034912109375,0.6216643452644348,2.074255446314985,0.0,GREEN
2012-10-05,61.41264724731445,0.6109458804130554,2.0742632659286726,0.0,GREEN
2012-10-08,60.85175704956055,0.594769299030304,2.0742714971322314,0.0,GREEN
2012-10-09,59.881309509277344,0.564202606678009,2.074279316806428,0.0,GREEN
2012-10-10,59.57861709594727,0.5573543310165405,2.0742871365101037,0.0,GREEN
2012-10-11,59.39167785644531,0.5523924827575684,2.0742949562432584,0.0,GREEN
2012-10-12,59.36496353149414,0.5522931814193726,2.0743027760058923,0.0,GREEN
2012-10-15,59.80119323730469,0.5633089542388916,2.074311007366237,0.0,GREEN
2012-10-16,60.647003173828125,0.5878218412399292,2.074318827189381,0.0,GREEN
2012-10-17,60.61137008666992,0.5860355496406555,2.074327058613421,0.0,GREEN
2012-10-18,59.908050537109375,0.5659890174865723,2.0743357016425623,0.0,GREEN
2012-10-19,58.47466659545898,0.52510005235672,2.0743435215587995,0.0,GREEN
2012-10-22,58.77735137939453,0.5333374738693237,2.074350929928814,0.0,GREEN
2012-10-23,58.21647644042969,0.5175571441650391,2.0743583383252866,0.0,GREEN
2012-10-24,58.0117073059082,0.5123971700668335,2.074366569906117,0.0,GREEN
2012-10-25,58.0117073059082,0.5123971700668335,2.0743752130998887,0.0,GREEN
2012-10-26,58.18087387084961,0.5177564024925232,2.0743842679122775,0.0,GREEN
2012-10-31,57.82475662231445,0.5077325105667114,2.0743929111797907,0.0,GREEN
2012-11-01,58.643836975097656,0.5292683243751526,2.074401554483318,0.0,GREEN
2012-11-02,58.020599365234375,0.509915292263031,2.0744089630605926,0.0,GREEN
2012-11-05,58.403438568115234,0.5224200487136841,2.0744163716643267,0.0,GREEN
2012-11-06,58.510284423828125,0.5255964398384094,2.07442378029452,0.0,GREEN
2012-11-07,57.13032150268555,0.487883061170578,2.074432012135041,0.0,GREEN
2012-11-08,56.23112487792969,0.4650573134422302,2.074439420821093,0.0,GREEN
2012-11-09,56.47148895263672,0.470119297504425,2.074446417938261,0.0,GREEN
2012-11-12,56.46259307861328,0.4708137810230255,2.0744538266757626,0.0,GREEN
2012-11-13,56.07086563110352,0.4605917930603027,2.074460988480434,0.0,GREEN
2012-11-14,55.41204833984375,0.4441169798374176,2.07446798567035,0.0,GREEN
2012-11-15,55.225074768066406,0.4401469528675079,2.0744758060852773,0.0,GREEN
2012-11-16,55.46546936035156,0.4451097548007965,2.0744819801206598,0.0,GREEN
2012-11-19,56.78309631347656,0.4771648347377777,2.0744881541744173,0.0,GREEN
2012-11-20,56.8009147644043,0.4772647619247436,2.07449432824655,0.0,GREEN
2012-11-21,56.916648864746094,0.4806385636329651,2.0745013255489213,0.0,GREEN
2012-11-23,57.78022766113281,0.5026706457138062,2.0745087344825213,0.0,GREEN
2012-11-26,58.02952194213867,0.5091216564178467,2.074516143442582,0.0,GREEN
2012-11-27,57.83364868164063,0.5033652782440186,2.074523552429103,0.0,GREEN
2012-11-28,58.33223342895508,0.5168628692626953,2.074531373053508,0.0,GREEN
2012-11-29,58.6794319152832,0.5257945656776428,2.0745389467394877,0.0,GREEN
2012-11-30,58.58149719238281,0.5239091515541077,2.074545532577267,0.0,GREEN
2012-12-03,58.465763092041016,0.5213291645050049,2.0745517068201687,0.0,GREEN
2012-12-04,58.43013381958008,0.5179545283317566,2.0745580457281276,0.0,GREEN
2012-12-05,57.78022766113281,0.5019761323928833,2.0745654548642998,0.0,YELLOW
2012-12-06,58.154144287109375,0.5112061500549316,2.074572864026933,0.0,YELLOW
2012-12-07,57.80693054199219,0.5024725198745728,2.0745802732160277,0.0,YELLOW
2012-12-10,57.9760971069336,0.5069379806518555,2.074586859185002,0.0,YELLOW
2012-12-11,58.73285675048828,0.5264890789985657,2.0745930335508995,0.0,GREEN
2012-12-12,58.60820388793945,0.5229164361953735,2.074599207935173,0.0,GREEN
2012-12-13,58.14525985717773,0.5111062526702881,2.0746041474569865,0.0,YELLOW
2012-12-14,57.59326553344727,0.4966168999671936,2.074608428386268,0.0,YELLOW
2012-12-17,58.358917236328125,0.5159699320793152,2.074610486529581,0.0,GREEN
2012-12-18,59.24922180175781,0.5398876070976257,2.074612297697456,0.0,GREEN
2012-12-19,58.99104690551758,0.5321465730667114,2.0746168256210975,0.0,GREEN
2012-12-20,58.99104690551758,0.5325430631637573,2.0746205302941476,0.0,GREEN
2012-12-21,58.37062072753906,0.5159699320793152,2.0746246466047853,0.0,GREEN
2012-12-24,58.25423431396485,0.5116027593612671,2.07462876292359,0.0,GREEN
2012-12-26,57.74394226074219,0.4994951486587524,2.0746328792505624,0.0,YELLOW
2012-12-27,57.654422760009766,0.4967160820960998,2.074637407219124,0.0,YELLOW
2012-12-28,57.099365234375,0.482325792312622,2.074643170100835,0.0,YELLOW
2012-12-31,58.30794143676758,0.5137863755226135,2.074643993371916,0.0,GREEN
2013-01-02,60.16115188598633,0.561720609664917,2.074646874821919,0.0,GREEN
2013-01-03,59.8477897644043,0.5535833239555359,2.074651402821026,0.0,GREEN
2013-01-04,59.65082931518555,0.5481250286102295,2.0746567541042102,0.0,GREEN
2013-01-07,59.66875076293945,0.5487205386161804,2.074662105401197,0.0,GREEN
2013-01-08,59.552371978759766,0.5455440878868103,2.0746668804170167,0.0,GREEN
2013-01-09,59.776161193847656,0.5511022806167603,2.074671820099955,0.0,GREEN
2013-01-10,60.134273529052734,0.5608279705047607,2.074676348153506,0.0,GREEN
2013-01-11,60.214820861816406,0.5629116892814636,2.07468087621694,0.0,GREEN
2013-01-14,59.94625473022461,0.555666983127594,2.0746860629192145,0.0,GREEN
2013-01-15,59.65082931518555,0.547429621219635,2.0746910026478256,0.0,GREEN
2013-01-16,59.89257049560547,0.5535833239555359,2.0746975889683217,0.0,GREEN
2013-01-17,60.17902755737305,0.562117874622345,2.0747035166754637,0.0,GREEN
2013-01-18,60.044734954833984,0.5589424967765808,2.074709279740812,0.0,GREEN
2013-01-22,60.14321517944336,0.5612251162528992,2.0747150428221692,0.0,GREEN
2013-01-23,60.51025772094727,0.570355236530304,2.0747199826197797,0.0,GREEN
2013-01-24,59.67768096923828,0.5476287007331848,2.074725745730867,0.0,GREEN
2013-01-25,59.982059478759766,0.5557659864425659,2.074731920510118,0.0,GREEN
2013-01-28,60.11636734008789,0.5597361326217651,2.074737683654366,0.0,GREEN
2013-01-29,60.12532424926758,0.5597361326217651,2.074742623505883,0.0,GREEN
2013-01-30,59.99998474121094,0.5566596984863281,2.0747478103625254,0.0,GREEN
2013-01-31,59.86567687988281,0.5530869364738464,2.074752750238154,0.0,GREEN
2013-02-01,60.57294845581055,0.5712481737136841,2.07475810178275,0.0,GREEN
2013-02-04,59.51654052734375,0.5421704053878784,2.074763041682882,0.0,GREEN
2013-02-05,60.39389801025391,0.5659890174865723,2.0747675699355277,0.0,GREEN
2013-02-06,60.19693756103516,0.560728907585144,2.074773333178802,0.0,GREEN
2013-02-07,60.25066375732422,0.562117874622345,2.0747786847764886,0.0,GREEN
2013-02-08,60.86838912963867,0.5791882872581482,2.074784036387979,0.0,GREEN
2013-02-11,60.88627243041992,0.5789889693260193,2.0747893880132735,0.0,GREEN
2013-02-12,60.63561630249024,0.5722408294677734,2.0747947396523716,0.0,GREEN
2013-02-13,60.8504753112793,0.5788901448249817,2.0748015733014524,0.0,GREEN
2013-02-14,60.83258438110352,0.5776990056037903,2.0748085716401663,0.0,GREEN
2013-02-15,60.65351486206055,0.5727371573448181,2.0748163933390487,0.0,GREEN
2013-02-19,61.09218978881836,0.585241973400116,2.0748242150674177,0.0,GREEN
2013-02-20,60.15216827392578,0.5585451126098633,2.074832448496965,0.0,GREEN
2013-02-21,59.50758361816406,0.5403841137886047,2.0748419169785484,0.0,GREEN
2013-02-22,60.10739517211914,0.5562623143196106,2.0748517971779323,0.0,GREEN
2013-02-25,59.364349365234375,0.5355201959609985,2.074861677424365,0.0,GREEN
2013-02-26,59.588165283203125,0.5419712662696838,2.0748711460393343,0.0,GREEN
2013-02-27,60.19693756103516,0.5584460496902466,2.0748802030165097,0.0,GREEN
2013-02-28,60.071590423583984,0.5563614368438721,2.0748884366682314,0.0,GREEN
2013-03-01,60.3222770690918,0.562117874622345,2.0748966703526266,0.0,GREEN
2013-03-04,60.590850830078125,0.5693625807762146,2.074904904069695,0.0,GREEN
2013-03-05,61.48611831665039,0.5943721532821655,2.0749119027569454,0.0,GREEN
2013-03-06,61.333892822265625,0.5906011462211609,2.0749189014678024,0.0,GREEN
2013-03-07,61.49506759643555,0.5957620739936829,2.074926476568568,0.0,GREEN
2013-03-08,61.56666946411133,0.5964565873146057,2.0749338870205647,0.0,GREEN
2013-03-11,61.7457160949707,0.6026095747947693,2.0749410504825874,0.0,GREEN
2013-03-12,61.52191162109375,0.5952655673027039,2.074948213969341,0.0,GREEN
2013-03-13,61.44135665893555,0.5933802127838135,2.0749557891771206,0.0,GREEN
2013-03-14,61.64726257324219,0.5994340181350708,2.0749627880360073,0.0,GREEN
2013-03-15,61.47584915161133,0.5937766432762146,2.0749701986176876,0.0,GREEN
2013-03-18,61.34125518798828,0.5897074341773987,2.074977032844669,0.0,GREEN
2013-03-19,61.2246322631836,0.5873256325721741,2.074982961350222,0.0,GREEN
2013-03-20,61.65532302856445,0.5985403656959534,2.0749887251918055,0.0,GREEN
2013-03-21,60.95542526245117,0.5793864130973816,2.074993912663702,0.0,GREEN
2013-03-22,61.54763412475586,0.5953648090362549,2.0749988531252885,0.0,GREEN
2013-03-25,61.32332992553711,0.5893111824989319,2.0750042053046736,0.0,GREEN
2013-03-26,61.65532302856445,0.5983421206474304,2.075008981107866,0.0,GREEN
2013-03-27,61.736083984375,0.6015177369117737,2.0750149097047,0.0,GREEN
2013-03-28,61.88862228393555,0.6049913763999939,2.0750214970534726,0.0,GREEN
2013-04-01,61.4669075012207,0.5932803750038147,2.0750268492912647,0.0,GREEN
2013-04-02,61.951454162597656,0.6066787242889404,2.075032201542862,0.0,GREEN
2013-04-03,61.38613128662109,0.5906011462211609,2.0750378008364083,0.0,GREEN
2013-04-04,61.404052734375,0.5908983945846558,2.075042329688727,0.0,GREEN
2013-04-05,60.8925895690918,0.5764089822769165,2.0750476819802537,0.0,GREEN
2013-04-08,61.21564483642578,0.585241973400116,2.0750526225698622,0.0,GREEN
2013-04-09,61.62840270996094,0.5967538356781006,2.07505715145453,0.0,GREEN
2013-04-10,62.8308219909668,0.6316882371902466,2.0750623390974923,0.0,GREEN
2013-04-11,62.80390930175781,0.630596399307251,2.0750676914406307,0.0,GREEN
2013-04-12,62.7590217590332,0.6299017071723938,2.075072879109943,0.0,GREEN
2013-04-15,61.52072143554688,0.5915939211845398,2.0750774080388217,0.0,GREEN
2013-04-16,62.33729553222656,0.6163052320480347,2.075081936977585,0.0,GREEN
2013-04-17,61.1169319152832,0.5802800059318542,2.075086218892781,0.0,GREEN
2013-04-18,60.2734603881836,0.555170476436615,2.075090336127404,0.0,GREEN
2013-04-19,61.09898376464844,0.5781955122947693,2.075094453370196,0.0,GREEN
2013-04-22,61.72711944580078,0.5959601998329163,2.075098158896153,0.0,GREEN
2013-04-23,62.31936264038086,0.6135260462760925,2.0751018644287265,0.0,GREEN
2013-04-24,62.29241561889648,0.6120378375053406,2.075105569967917,0.0,GREEN
2013-04-25,62.62445068359375,0.6219624876976013,2.0751095225499894,0.0,GREEN
2013-04-26,62.427024841308594,0.6167025566101074,2.0751136398308496,0.0,GREEN
2013-04-29,63.00133895874024,0.6330772638320923,2.075117345391068,0.0,GREEN
2013-04-30,63.45893859863281,0.646972119808197,2.075121050957903,0.0,GREEN
2013-05-01,63.162841796875,0.6387346982955933,2.0751247565313555,0.0,GREEN
2013-05-02,63.961456298828125,0.6618586778640747,2.075128873842442,0.0,GREEN
2013-05-03,64.71519470214844,0.6849815845489502,2.0751329911616976,0.0,GREEN
2013-05-06,64.96646118164062,0.6938143372535706,2.0751366967564717,0.0,GREEN
2013-05-07,64.9305648803711,0.6921272873878479,2.075139167157246,0.0,GREEN
2013-05-08,65.24463653564453,0.7029456496238708,2.0751420492949904,0.0,GREEN
2013-05-09,65.15489196777344,0.7004637122154236,2.075144931436738,0.0,GREEN
2013-05-10,65.54972076416016,0.7123730778694153,2.0751478135824883,0.0,GREEN
2013-05-13,65.63046264648438,0.7151522636413574,2.075150695732242,0.0,GREEN
2013-05-14,65.97145080566406,0.7256724238395691,2.075153577885998,0.0,GREEN
2013-05-15,66.1060562133789,0.731031596660614,2.0751568717804925,0.0,GREEN
2013-05-16,66.0342788696289,0.7283514142036438,2.0751599186378438,0.0,GREEN
2013-05-17,66.67138671875,0.7488954663276672,2.07516197732827,0.0,GREEN
2013-05-20,66.57266998291016,0.745520830154419,2.07516444775914,0.0,GREEN
2013-05-21,66.64443969726562,0.7482999563217163,2.0751673299319964,0.0,GREEN
2013-05-22,66.06121063232422,0.7300389409065247,2.075170623848319,0.0,GREEN
2013-05-23,65.90865325927734,0.7220994830131531,2.0751735060297536,0.0,GREEN
2013-05-24,65.87276458740234,0.7217021584510803,2.0751767999558797,0.0,GREEN
2013-05-28,66.30348205566406,0.7365887761116028,2.0751798468424907,0.0,GREEN
2013-05-29,65.98941040039062,0.7254732251167297,2.075182729036735,0.0,GREEN
2013-05-30,66.33937072753906,0.7372834086418152,2.0751860229775008,0.0,GREEN
2013-05-31,65.72917938232422,0.7162439823150635,2.0751880816938244,0.0,GREEN
2013-06-03,65.8458251953125,0.7204121351242065,2.0751905521557714,0.0,GREEN
2013-06-04,65.5048828125,0.7095947265625,2.075193022620659,0.0,GREEN
2013-06-05,64.65241241455078,0.682401716709137,2.075196316577764,0.0,GREEN
2013-06-06,64.96646118164062,0.6907381415367126,2.0752000222856193,0.0,GREEN
2013-06-07,65.85482025146484,0.7196186780929565,2.075203728000092,0.0,GREEN
2013-06-10,65.88174438476562,0.7199158668518066,2.0752070219741894,0.0,GREEN
2013-06-11,65.22672271728516,0.6990746259689331,2.0752103159535156,0.0,GREEN
2013-06-12,64.47296142578125,0.6748589277267456,2.07521402168637,0.0,GREEN
2013-06-13,65.28950500488281,0.6990746259689331,2.075217315676807,0.0,GREEN
2013-06-14,64.85881042480469,0.6867679953575134,2.0752208567223467,0.0,GREEN
2013-06-17,65.4869155883789,0.7058229446411133,2.0752241507236326,0.0,GREEN
2013-06-18,66.02530670166016,0.722495973110199,2.0752274447301473,0.0,GREEN
2013-06-19,65.28950500488281,0.6997693181037903,2.0752311504935887,0.0,GREEN
2013-06-20,63.737117767333984,0.6481629014015198,2.075234444511214,0.0,GREEN
2013-06-21,63.39865112304688,0.6390319466590881,2.075237738534068,0.0,GREEN
2013-06-24,62.76855850219727,0.6192824840545654,2.075241032562151,0.0,GREEN
2013-06-25,63.227638244628906,0.6324816346168518,2.0752443265954623,0.0,GREEN
2013-06-26,63.79474639892578,0.649750292301178,2.075249102951315,0.0,GREEN
2013-06-27,64.06478118896484,0.6569947004318237,2.075253632264809,0.0,GREEN
2013-06-28,64.15478515625,0.6587812900543213,2.075257338075014,0.0,GREEN
2013-07-01,64.55089569091797,0.6728742718696594,2.0752598086194087,0.0,GREEN
2013-07-02,64.577880859375,0.6731724143028259,2.0752606321351874,0.0,GREEN
2013-07-03,64.83895111083984,0.6823025345802307,2.0752635144416334,0.0,GREEN
2013-07-05,65.33401489257812,0.6973873972892761,2.0752663967520824,0.0,GREEN
2013-07-08,65.39705657958984,0.6996700167655945,2.0752692790665344,0.0,GREEN
2013-07-09,65.7930908203125,0.7124730944633484,2.07527216138499,0.0,GREEN
2013-07-10,66.17118072509766,0.724481463432312,2.0752750437074483,0.0,GREEN
2013-07-11,67.48542785644531,0.7696375846862793,2.0752775142729214,0.0,GREEN
2013-07-12,67.78247833251953,0.7776758670806885,2.0752799848413357,0.0,GREEN
2013-07-15,67.9355239868164,0.7837295532226562,2.075282455412691,0.0,GREEN
2013-07-16,67.84551239013672,0.7806532382965088,2.075284102462222,0.0,GREEN
2013-07-17,68.01652526855469,0.7862105965614319,2.0752869848012656,0.0,GREEN
2013-07-18,67.84551239013672,0.7804549932479858,2.0752890436177496,0.0,GREEN
2013-07-19,67.14335632324219,0.7567355632781982,2.075290855378016,0.0,GREEN
2013-07-22,67.34139251708984,0.7621937394142151,2.0752925024342135,0.0,GREEN
2013-07-23,66.84628295898438,0.7452235817909241,2.07529291419859,0.0,GREEN
2013-07-24,67.06233978271484,0.7522690892219543,2.0752945612564218,0.0,GREEN
2013-07-25,67.48542785644531,0.765865683555603,2.0752962083155606,0.0,GREEN
2013-07-26,67.84551239013672,0.778569757938385,2.075297443610895,0.0,GREEN
2013-07-29,67.71947479248047,0.7749968767166138,2.075298678906965,0.0,GREEN
2013-07-30,68.07952117919922,0.7865089178085327,2.075300325969372,0.0,GREEN
2013-07-31,68.20555114746094,0.7914705872535706,2.0753027965649427,0.0,GREEN
2013-08-01,68.89867401123047,0.8155874013900757,2.0753052671634546,0.0,GREEN
2013-08-02,69.28575134277344,0.8291839361190796,2.0753081495318937,0.0,GREEN
2013-08-05,69.33075714111328,0.8309703469276428,2.0753106201367784,0.0,GREEN
2013-08-06,68.9166488647461,0.8161828517913818,2.075313502512652,0.0,GREEN
2013-08-07,68.79064178466797,0.8115181922912598,2.075316796660995,0.0,GREEN
2013-08-08,69.1327133178711,0.8223356008529663,2.0753200908145666,0.0,GREEN
2013-08-09,68.85366821289062,0.8135027885437012,2.0753237967434472,0.0,GREEN
2013-08-12,69.01570129394531,0.8185646533966064,2.0753277497411897,0.0,GREEN
2013-08-13,69.40274810791016,0.8321612477302551,2.0753317027464617,0.0,GREEN
2013-08-14,69.14169311523438,0.8229309916496277,2.075335985177048,0.0,GREEN
2013-08-15,67.97149658203125,0.7816459536552429,2.075340102907239,0.0,GREEN
2013-08-16,67.94449615478516,0.7788667678833008,2.0753438088718554,0.0,GREEN
2013-08-19,67.82746887207031,0.7757903337478638,2.0753471030683035,0.0,GREEN
2013-08-20,68.12454223632812,0.7864095568656921,2.0753503972699807,0.0,GREEN
2013-08-21,67.89048767089844,0.778569757938385,2.0753541032529803,0.0,GREEN
2013-08-22,68.5566177368164,0.8007997870445251,2.0753568209785773,0.0,GREEN
2013-08-23,69.01570129394531,0.8176711797714233,2.0753584680871286,0.0,GREEN
2013-08-26,69.05170440673828,0.8183655738830566,2.0753602799080038,0.0,GREEN
2013-08-27,67.6384506225586,0.7668585777282715,2.0753613505303923,0.0,GREEN
2013-08-28,67.89949798583984,0.7767831683158875,2.0753640682654795,0.0,GREEN
2013-08-29,68.37657165527344,0.7928606867790222,2.075366538936934,0.0,GREEN
2013-08-30,67.9355239868164,0.7780731916427612,2.0753681860531983,0.0,GREEN
2013-09-03,68.32261657714844,0.7908750772476196,2.0753698331707695,0.0,GREEN
2013-09-04,69.05170440673828,0.8166791200637817,2.0753710685099285,0.0,GREEN
2013-09-05,69.16873931884766,0.820252001285553,2.0753723038498224,0.0,GREEN
2013-09-06,69.24974060058594,0.8232293725013733,2.0753735391904518,0.0,GREEN
2013-09-09,70.05989074707031,0.8522079586982727,2.0753747745318165,0.0,GREEN
2013-09-10,70.40196228027344,0.8651099801063538,2.0753755980932165,0.0,GREEN
2013-09-11,70.26688385009766,0.8607436418533325,2.075376833435807,0.0,GREEN
2013-09-12,70.22191619873047,0.85687255859375,2.0753780687791323,0.0,GREEN
2013-09-13,70.26688385009766,0.8596518039703369,2.0753788923418397,0.0,GREEN
2013-09-16,70.0779037475586,0.8524069786071777,2.0753797159048735,0.0,GREEN
2013-09-17,70.54598999023438,0.869476318359375,2.0753799629738894,0.0,GREEN
2013-09-18,71.39214324951172,0.9014334082603456,2.075380374755619,0.0,GREEN
2013-09-19,71.56315612792969,0.9069905877113342,2.0753807865374303,0.0,GREEN
2013-09-20,71.31759643554688,0.8970667719841003,2.0753811983193233,0.0,GREEN
2013-09-23,71.17314910888672,0.8920049667358398,2.075381610101298,0.0,GREEN
2013-09-24,71.17314910888672,0.8922030925750732,2.0753820218833545,0.0,GREEN
2013-09-25,70.9293441772461,0.8837676048278809,2.0753832572297686,0.0,GREEN
2013-09-26,71.4801025390625,0.9040133357048036,2.075384492576918,0.0,GREEN
2013-09-27,71.38982391357422,0.8997460007667542,2.0753847396465024,0.0,GREEN
2013-09-30,71.21827697753906,0.8940896987915039,2.0753851514291797,0.0,GREEN
2013-10-01,71.9405517578125,0.9208853840827942,2.0753855632119387,0.0,GREEN
2013-10-02,71.91351318359375,0.9191981554031372,2.0753866338473705,0.0,GREEN
2013-10-03,71.07382202148438,0.8872411847114563,2.0753874574134765,0.0,GREEN
2013-10-04,71.68775939941406,0.910067081451416,2.0753891045463426,0.0,GREEN
2013-10-07,71.09186553955078,0.8875395059585571,2.0753905869670675,0.0,GREEN
2013-10-08,69.71951293945312,0.8373212814331055,2.0753920693888515,0.0,GREEN
2013-10-09,69.5028305053711,0.8280921578407288,2.0753957754462653,0.0,GREEN
2013-10-10,70.9745101928711,0.8806911706924438,2.0753988226543876,0.0,GREEN
2013-10-11,71.5342788696289,0.9005396366119385,2.075402116938159,0.0,GREEN
2013-10-14,72.03988647460938,0.9191981554031372,2.075407305443535,0.0,GREEN
2013-10-15,71.75999450683594,0.9093722701072692,2.075412082174498,0.0,GREEN
2013-10-16,72.5726089477539,0.9404357075691224,2.0754196590757648,0.0,GREEN
2013-10-17,72.98788452148438,0.955620527267456,2.0754272360046935,0.0,GREEN
2013-10-18,74.17066192626953,1.002860188484192,2.075430283259008,0.0,GREEN
2013-10-21,74.33319091796875,1.008616924285889,2.0754323422176535,0.0,GREEN
2013-10-22,74.44148254394531,1.0120903253555298,2.075434401178341,0.0,GREEN
2013-10-23,73.99007415771484,0.99581378698349,2.07543711900909,0.0,GREEN
2013-10-24,74.31510925292969,1.008219599723816,2.0754395897675098,0.0,GREEN
2013-10-25,74.84781646728516,1.028366208076477,2.075442060528871,0.0,GREEN
2013-10-28,74.8658447265625,1.030450701713562,2.0754445312931735,0.0,GREEN
2013-10-29,74.99227905273438,1.0354127883911133,2.0754461784713363,0.0,GREEN
2013-10-30,74.9200439453125,1.032137155532837,2.075449472830276,0.0,GREEN
2013-10-31,74.74848175048828,1.0254878997802734,2.0754523553990007,0.0,GREEN
2013-11-01,74.76654052734375,1.0249913930892944,2.075455073253261,0.0,GREEN
2013-11-04,74.87489318847656,1.0299543142318726,2.0754577911110803,0.0,GREEN
2013-11-05,74.95614624023438,1.0343207120895386,2.075460508972459,0.0,GREEN
2013-11-06,74.93810272216797,1.0325345993041992,2.0754642151520866,0.0,GREEN
2013-11-07,73.52962493896484,0.9752708673477172,2.075467921338332,0.0,GREEN
2013-11-08,74.52276611328125,1.013777732849121,2.0754718746105976,0.0,GREEN
2013-11-11,74.40541076660156,1.008914351463318,2.075476157330427,0.0,GREEN
2013-11-12,74.52276611328125,1.0138767957687378,2.075480440059094,0.0,GREEN
2013-11-13,75.42564392089844,1.05020010471344,2.075485216958382,0.0,GREEN
2013-11-14,75.66038513183594,1.0583375692367554,2.07549098219512,0.0,GREEN
2013-11-15,75.80484771728516,1.0656821727752686,2.0754965827266463,0.0,GREEN
2013-11-18,75.06449890136719,1.036206603050232,2.075502347994956,0.0,GREEN
2013-11-19,74.84781646728516,1.0259841680526731,2.0755077014730383,0.0,GREEN
2013-11-20,74.667236328125,1.018838882446289,2.0755142903862294,0.0,GREEN
2013-11-21,75.42564392089844,1.0500012636184692,2.0755206322354156,0.0,GREEN
2013-11-22,75.8319091796875,1.0665748119354248,2.07552639757053,0.0,GREEN
2013-11-25,76.01251983642578,1.0736218690872192,2.0755317511106446,0.0,GREEN
2013-11-26,76.40975189208984,1.0913861989974976,2.0755366928527987,0.0,GREEN
2013-11-27,76.94245910644531,1.1132203340530396,2.075542293507671,0.0,GREEN
2013-11-29,77.40289306640625,1.131480693817139,2.0755474823634885,0.0,GREEN
2013-12-02,77.17718505859375,1.1244338750839231,2.0755520123282074,0.0,GREEN
2013-12-03,77.114013671875,1.1211597919464111,2.0755561304870236,0.0,GREEN
2013-12-04,77.18624877929688,1.124037742614746,2.075559013203884,0.0,GREEN
2013-12-05,77.0869369506836,1.1205642223358154,2.0755632961035233,0.0,GREEN
2013-12-06,77.6467056274414,1.1436879634857178,2.075567249557455,0.0,GREEN
2013-12-09,77.96269226074219,1.157383918762207,2.07557153247409,0.0,GREEN
2013-12-10,77.90850830078125,1.155299186706543,2.075575815399563,0.0,GREEN
2013-12-11,76.90634155273438,1.1121286153793335,2.0755815808879636,0.0,GREEN
2013-12-12,76.70770263671875,1.1030973196029663,2.075587181663962,0.0,GREEN
2013-12-13,76.6083984375,1.0978373289108276,2.075592370632,0.0,GREEN
2013-12-16,77.03274536132812,1.1166930198669434,2.0755973125184863,0.0,GREEN
2013-12-17,76.87925720214844,1.109647512435913,2.075602089686767,0.0,GREEN
2013-12-18,77.77311706542969,1.1479551792144775,2.075607278692075,0.0,GREEN
2013-12-19,77.5564193725586,1.137634515762329,2.075612220614057,0.0,GREEN
2013-12-20,78.34619903564453,1.1718732118606567,2.0756169978166494,0.0,GREEN
2013-12-23,79.17041015625,1.2097842693328855,2.0756215279330883,0.0,GREEN
2013-12-24,79.2066650390625,1.2114720344543457,2.0756263051571024,0.0,GREEN
2013-12-26,79.46934509277344,1.2232811450958252,2.075631906053786,0.0,GREEN
2013-12-27,79.27007293701172,1.214349389076233,2.075636848034404,0.0,GREEN
2013-12-30,79.1523208618164,1.2079980373382568,2.0756416252936787,0.0,GREEN
2013-12-31,79.66860961914062,1.2317174673080444,2.0756461554638683,0.0,GREEN
2014-01-02,79.04362487792969,1.2029361724853516,2.0756513445793408,0.0,GREEN
2014-01-03,78.47303771972656,1.176735758781433,2.075656121871981,0.0,GREEN
2014-01-06,78.18318176269531,1.1642311811447144,2.0756608991756162,0.0,GREEN
2014-01-07,78.90774536132812,1.1944016218185425,2.0756646057130834,0.0,GREEN
2014-01-08,79.07988739013672,1.2033334970474243,2.0756681475218564,0.0,GREEN
2014-01-09,78.81717681884766,1.1909277439117432,2.0756714422331277,0.0,GREEN
2014-01-10,79.07080841064453,1.202837347984314,2.0756741603742874,0.0,GREEN
2014-01-13,77.90237426757812,1.149344563484192,2.0756768785190065,0.0,GREEN
2014-01-14,79.38780212402344,1.2151434421539309,2.0756793495628543,0.0,GREEN
2014-01-15,80.0399398803711,1.243526816368103,2.075682067714369,0.0,GREEN
2014-01-16,80.04900360107422,1.246108055114746,2.0756849506061417,0.0,GREEN
2014-01-17,79.59613037109375,1.223976731300354,2.075687421659599,0.0,GREEN
2014-01-21,80.20298767089844,1.251367688179016,2.075689892715998,0.0,GREEN
2014-01-22,80.4112777709961,1.2629789113998413,2.0756921990381723,0.0,GREEN
2014-01-23,80.13954162597656,1.2477948665618896,2.0756946701002588,0.0,GREEN
2014-01-24,78.5635757446289,1.1738576889038086,2.075697141165287,0.0,GREEN
2014-01-27,77.80278015136719,1.139717936515808,2.0756998593401,0.0,GREEN
2014-01-28,77.75747680664062,1.139320731163025,2.0757038130541523,0.0,GREEN
2014-01-29,76.92420959472656,1.103394627571106,2.0757075196682515,0.0,GREEN
2014-01-30,78.34619903564453,1.1615519523620603,2.0757108144420187,0.0,GREEN
2014-01-31,78.13790893554688,1.1534135341644287,2.0757120499841424,0.0,GREEN
2014-02-03,76.34453582763672,1.076996088027954,2.075712873679382,0.0,GREEN
2014-02-04,76.90608978271484,1.098035454750061,2.075714521070515,0.0,GREEN
2014-02-05,76.70682525634766,1.0879125595092771,2.075719051399802,0.0,GREEN
2014-02-06,77.68505096435547,1.129595160484314,2.075723581738977,0.0,GREEN
2014-02-07,79.07080841064453,1.189538598060608,2.0757285239378707,0.0,GREEN
2014-02-10,79.52369689941406,1.211371898651123,2.075734454590541,0.0,GREEN
2014-02-11,80.42938995361328,1.2528563737869265,2.075738984963334,0.0,GREEN
2014-02-12,80.58338928222656,1.2588108777999878,2.0757426916402397,0.0,GREEN
2014-02-13,81.18116760253906,1.2911640405654907,2.0757462335822545,0.0,GREEN
2014-02-14,81.34420013427734,1.2949358224868774,2.0757482928543425,0.0,GREEN
2014-02-18,81.74271392822266,1.3151816129684448,2.075749116563964,0.0,GREEN
2014-02-19,81.18116760253906,1.2864004373550415,2.0757503521288867,0.0,GREEN
2014-02-20,81.56156921386719,1.3050585985183716,2.0757540588260914,0.0,GREEN
2014-02-21,81.45287322998047,1.2983096837997437,2.07575735367373,0.0,GREEN
2014-02-24,81.88764190673828,1.321136474609375,2.075760236670067,0.0,GREEN
2014-02-25,81.79708099365234,1.3163727521896362,2.075762954927505,0.0,GREEN
2014-02-26,81.724609375,1.3120052814483645,2.0757662497892646,0.0,GREEN
2014-02-27,82.25485229492188,1.3378093242645264,2.075769544656254,0.0,GREEN
2014-02-28,82.16390991210938,1.3310600519180298,2.0757724276695226,0.0,GREEN
2014-03-03,81.5545425415039,1.3018823862075806,2.0757759696622773,0.0,GREEN
2014-03-04,82.59134674072266,1.354283094406128,2.075779511661076,0.0,GREEN
2014-03-05,82.81876373291016,1.36539888381958,2.075783465526847,0.0,GREEN
2014-03-06,82.7459945678711,1.3602378368377686,2.0757875841448956,0.0,GREEN
2014-03-07,82.33670806884766,1.3407864570617676,2.075791290908586,0.0,GREEN
2014-03-10,82.40946197509766,1.3435649871826172,2.075794997678895,0.0,GREEN
2014-03-11,82.05476379394531,1.3268914222717283,2.075798292591516,0.0,GREEN
2014-03-12,82.36398315429688,1.34177827835083,2.075801999374329,0.0,GREEN
2014-03-13,81.1998291015625,1.2848128080368042,2.0758052942980636,0.0,GREEN
2014-03-14,80.64502716064453,1.2584134340286257,2.0758085892270284,0.0,GREEN
2014-03-17,81.35443878173828,1.2919586896896362,2.075811884161223,0.0,GREEN
2014-03-18,82.33670806884766,1.338404655456543,2.0758154262213044,0.0,GREEN
2014-03-19,81.89108276367188,1.3163727521896362,2.0758195449027674,0.0,GREEN
2014-03-20,82.11841583251953,1.326693773269653,2.075823663592402,0.0,GREEN
2014-03-21,81.13030242919922,1.2780638933181765,2.0758279470381455,0.0,GREEN
2014-03-24,80.41921997070312,1.2459087371826172,2.0758316538739123,0.0,GREEN
2014-03-25,80.68360900878906,1.257421851158142,2.075835195967728,0.0,GREEN
2014-03-26,79.64441680908203,1.209585428237915,2.0758389028164395,0.0,GREEN
2014-03-27,79.19772338867188,1.1881486177444458,2.0758419506751853,0.0,GREEN
2014-03-28,79.35272216796875,1.1958898305892944,2.07584466903963,0.0,GREEN
2014-03-31,79.91785430908203,1.2197082042694092,2.0758473874076344,0.0,GREEN
2014-04-01,81.32169342041016,1.2858047485351562,2.0758496939048023,0.0,GREEN
2014-04-02,81.53138732910156,1.2959280014038086,2.075852165154383,0.0,GREEN
2014-04-03,80.88416290283203,1.265360951423645,2.0758536479058654,0.0,GREEN
2014-04-04,78.7328109741211,1.1649258136749268,2.075854883533009,0.0,GREEN
2014-04-07,77.98534393310547,1.1299922466278076,2.075856531036848,0.0,GREEN
2014-04-08,78.70548248291016,1.1615519523620603,2.0758581785419947,0.0,GREEN
2014-04-09,80.0545883178711,1.2210981845855713,2.075860237925139,0.0,GREEN
2014-04-10,77.57514190673828,1.1083563566207886,2.0758625444365855,0.0,GREEN
2014-04-11,76.67263793945312,1.069651484489441,2.0758648509505946,0.0,GREEN
2014-04-14,77.2743148803711,1.093669295310974,2.075867322218219,0.0,GREEN
2014-04-15,77.5295639038086,1.1045852899551392,2.0758697934887853,0.0,GREEN
2014-04-16,78.55963897705078,1.1474589109420776,2.075872264762294,0.0,GREEN
2014-04-17,78.57786560058594,1.148054599761963,2.075874324159413,0.0,GREEN
2014-04-21,79.1612777709961,1.1740566492080688,2.0758763835585747,0.0,GREEN
2014-04-22,79.79022216796875,1.202837347984314,2.07587844295978,0.0,GREEN
2014-04-23,79.08834838867188,1.1700867414474487,2.075880502363028,0.0,GREEN
2014-04-24,79.84495544433594,1.2046233415603638,2.0758817380061565,0.0,GREEN
2014-04-25,78.5687484741211,1.1464661359786987,2.0758823146399905,0.0,GREEN
2014-04-28,78.82401275634766,1.1587728261947632,2.0758828912739844,0.0,GREEN
2014-04-29,79.45297241210938,1.1843775510787964,2.075883138402902,0.0,GREEN
2014-04-30,79.66265869140625,1.1948976516723633,2.0758843740476,0.0,GREEN
2014-05-01,79.8996353149414,1.2056163549423218,2.0758860215748443,0.0,GREEN
2014-05-02,79.75377655029297,1.1996616125106812,2.07588750435051,0.0,GREEN
2014-05-05,80.17312622070312,1.2167311906814575,2.0758887399978065,0.0,GREEN
2014-05-06,79.13390350341797,1.1696891784667969,2.0758899756458384,0.0,GREEN
2014-05-07,78.90604400634766,1.1591700315475464,2.0758916231775286,0.0,GREEN
2014-05-08,78.8331298828125,1.1552000045776367,2.075893270710526,0.0,GREEN
2014-05-09,79.12483215332031,1.1686975955963137,2.0758950829982923,0.0,GREEN
2014-05-12,80.42835998535156,1.2256630659103394,2.0758968952876407,0.0,GREEN
2014-05-13,80.4830322265625,1.228244066238403,2.0758985428248224,0.0,GREEN
2014-05-14,80.06373596191406,1.2099827527999878,2.0759001903633116,0.0,GREEN
2014-05-15,79.43476867675781,1.181995868682861,2.0759018379031087,0.0,GREEN
2014-05-16,79.95433807373047,1.2040282487869265,2.0759033206900717,0.0,GREEN
2014-05-19,80.51040649414062,1.2298312187194824,2.0759045563467824,0.0,GREEN
2014-05-20,80.21868896484375,1.2163348197937012,2.0759060391356874,0.0,GREEN
2014-05-21,80.98443603515625,1.2506722211837769,2.0759080985663125,0.0,GREEN
2014-05-22,81.33995056152344,1.2661545276641846,2.075910157998981,0.0,GREEN
2014-05-23,81.93245697021484,1.2945386171340942,2.075912464565894,0.0,GREEN
2014-05-27,82.95343017578125,1.343168020248413,2.07591477113537,0.0,GREEN
2014-05-28,82.69818115234375,1.330464243888855,2.075917077707409,0.0,GREEN
2014-05-29,83.2269058227539,1.3574596643447876,2.075919384282011,0.0,GREEN
2014-05-30,83.23602294921875,1.3562685251235962,2.075921855614556,0.0,GREEN
2014-06-02,83.15396881103516,1.352893948554993,2.0759243269500436,0.0,GREEN
2014-06-03,83.11750793457031,1.3509093523025513,2.0759263863988116,0.0,GREEN
2014-06-04,83.42744445800781,1.3652005195617676,2.0759288577396924,0.0,GREEN
2014-06-05,84.12936401367188,1.400729417800903,2.0759313290835153,0.0,GREEN
2014-06-06,84.61248016357422,1.4233571290969849,2.0759338004302803,0.0,GREEN
2014-06-09,84.54872131347656,1.4207770824432373,2.075936107023463,0.0,GREEN
2014-06-10,84.69453430175781,1.42891526222229,2.0759385783759163,0.0,GREEN
2014-06-11,84.67630004882812,1.426731824874878,2.075941461623954,0.0,GREEN
2014-06-12,83.91058349609375,1.3894157409667969,2.0759441801187104,0.0,GREEN
2014-06-13,84.15670776367188,1.398942947387695,2.075946898617027,0.0,GREEN
2014-06-16,84.22962188720703,1.4041038751602173,2.0759493699823275,0.0,GREEN
2014-06-17,84.27521514892578,1.4060887098312378,2.0759514294559396,0.0,GREEN
2014-06-18,84.74922943115234,1.4316935539245603,2.075954147963749,0.0,GREEN
2014-06-19,84.69453430175781,1.4261362552642822,2.0759556307880764,0.0,GREEN
2014-06-20,84.79414367675781,1.4312970638275146,2.0759564545799747,0.0,GREEN
2014-06-23,84.81246948242188,1.4328844547271729,2.0759572783722,0.0,GREEN
2014-06-24,84.73019409179688,1.42891526222229,2.075957690268476,0.0,GREEN
2014-06-25,85.26945495605469,1.4551591873168943,2.0759595026124815,0.0,GREEN
2014-06-26,85.31517028808594,1.4591299295425415,2.0759611501993516,0.0,GREEN
2014-06-27,85.68988800048828,1.473621845245361,2.0759632096846503,0.0,GREEN
2014-06-30,85.83612823486328,1.484540939331055,2.0759646925154502,0.0,GREEN
2014-07-01,86.777587890625,1.5343691110610962,2.075966340106439,0.0,GREEN
2014-07-02,86.9238510131836,1.5403248071670532,2.0759683995968867,0.0,GREEN
2014-07-03,87.47224426269531,1.5699048042297363,2.075968976254793,0.0,GREEN
2014-07-07,87.20719146728516,1.5548173189163208,2.0759692233939586,0.0,GREEN
2014-07-08,86.15608215332031,1.5006208419799805,2.075969800052094,0.0,GREEN
2014-07-09,86.79589080810547,1.5345680713653564,2.075971859545974,0.0,GREEN
2014-07-10,86.52168273925781,1.520075798034668,2.075973095243482,0.0,GREEN
2014-07-11,87.0792236328125,1.5464799404144287,2.075974330941725,0.0,GREEN
2014-07-14,87.60023498535156,1.5760581493377686,2.075975566640704,0.0,GREEN
2014-07-15,87.29859161376953,1.5595818758010864,2.0759768023404184,0.0,GREEN
2014-07-16,87.64591217041016,1.577249526977539,2.0759784499410183,0.0,GREEN
2014-07-17,86.4851303100586,1.5143190622329712,2.075979932782704,0.0,GREEN
2014-07-18,87.85615539550781,1.5859845876693726,2.075980509443814,0.0,GREEN
2014-07-21,87.74647521972656,1.5802273750305176,2.075981333245585,0.0,GREEN
2014-07-22,88.30404663085938,1.6115938425064087,2.0759824041883586,0.0,GREEN
2014-07-23,88.87073516845703,1.6417696475982666,2.0759840517934047,0.0,GREEN
2014-07-24,88.77019500732422,1.6360121965408323,2.0759856993997583,0.0,GREEN
2014-07-25,88.42285919189453,1.6159610748291016,2.0759873470074197,0.0,GREEN
2014-07-28,88.45028686523438,1.6179472208023071,2.0759889946163885,0.0,GREEN
2014-07-29,88.29489135742188,1.6098076105117798,2.075991054129311,0.0,GREEN
2014-07-30,88.64221954345703,1.629063606262207,2.075993360786109,0.0,GREEN
2014-07-31,86.8507308959961,1.5298036336898804,2.07599566744547,0.0,GREEN
2014-08-01,86.53080749511719,1.5121349096298218,2.075997150299454,0.0,GREEN
2014-08-04,87.12494659423828,1.5431041717529297,2.0759986331544975,0.0,GREEN
2014-08-05,86.45767211914062,1.5069732666015625,2.075999868867942,0.0,GREEN
2014-08-06,86.39370727539062,1.5043928623199463,2.076001928391652,0.0,GREEN
2014-08-07,86.11949920654297,1.4899009466171265,2.0760035760121935,0.0,GREEN
2014-08-08,86.74103546142578,1.5216641426086426,2.0760052236340427,0.0,GREEN
2014-08-11,87.2529067993164,1.5492578744888306,2.0760068712571993,0.0,GREEN
2014-08-12,87.21632385253906,1.5456849336624146,2.0760089307878564,0.0,GREEN
2014-08-13,88.13951110839844,1.5959115028381348,2.076010990320557,0.0,GREEN
2014-08-14,88.59651184082031,1.6205273866653442,2.0760134617621566,0.0,GREEN
2014-08-15,89.02609252929688,1.6425634622573853,2.0760157684438516,0.0,GREEN
2014-08-18,89.71161651611328,1.6822677850723269,2.07601758083856,0.0,GREEN
2014-08-19,90.21434020996094,1.7112513780593872,2.076019393234851,0.0,GREEN
2014-08-20,90.21434020996094,1.7112513780593872,2.0760214527779306,0.0,GREEN
2014-08-21,90.39716339111328,1.7209794521331787,2.0760235123230535,0.0,GREEN
2014-08-22,90.5342788696289,1.727729082107544,2.076024748051307,0.0,GREEN
2014-08-25,90.85414123535156,1.7469849586486816,2.076025983780296,0.0,GREEN
2014-08-26,90.94554901123048,1.7529407739639282,2.0760272195100207,0.0,GREEN
2014-08-27,90.96383666992188,1.7531399726867676,2.0760292790608643,0.0,GREEN
2014-08-28,90.8633041381836,1.7459930181503296,2.076031338613751,0.0,GREEN
2014-08-29,91.20149993896484,1.766440749168396,2.076033151022053,0.0,GREEN
2014-09-02,91.466552734375,1.781131148338318,2.076034633902811,0.0,GREEN
2014-09-03,90.92727661132812,1.750558376312256,2.0760362815493094,0.0,GREEN
2014-09-04,90.84500885009766,1.7450001239776611,2.076037929197115,0.0,GREEN
2014-09-05,91.302001953125,1.7719990015029907,2.0760395768462288,0.0,GREEN
2014-09-08,91.4757080078125,1.7809321880340576,2.0760412244966497,0.0,GREEN
2014-09-09,90.71704864501952,1.7376552820205688,2.0760428721483786,0.0,GREEN
2014-09-10,91.466552734375,1.7779544591903689,2.0760441078881557,0.0,GREEN
2014-09-11,91.3934097290039,1.7765650749206543,2.0760453436286683,0.0,GREEN
2014-09-12,90.92727661132812,1.748573899269104,2.076046167456167,0.0,GREEN
2014-09-15,90.04981994628906,1.6959657669067385,2.0760469912839925,0.0,GREEN
2014-09-16,90.83586120605467,1.7418243885040283,2.076047815112145,0.0,GREEN
2014-09-17,90.97297668457033,1.7503600120544434,2.076049050854864,0.0,GREEN
2014-09-18,91.65850830078124,1.788079023361206,2.076050121832571,0.0,GREEN
2014-09-19,91.60169982910156,1.784109115600586,2.076050945661966,0.0,GREEN
2014-09-22,90.74964904785156,1.735669493675232,2.076051522342802,0.0,GREEN
2014-09-23,90.50225830078124,1.720582127571106,2.076051769491795,0.0,GREEN
2014-09-24,91.473388671875,1.776366949081421,2.0760523461728595,0.0,GREEN
2014-09-25,89.5494155883789,1.6636061668395996,2.0760529228540845,0.0,GREEN
2014-09-26,90.50225830078124,1.7168104648590088,2.076053334769338,0.0,GREEN
2014-09-29,90.38316345214844,1.7110530138015747,2.076053746684673,0.0,GREEN
2014-09-30,90.51142120361328,1.717406153678894,2.07605415860009,0.0,GREEN
2014-10-01,89.06383514404297,1.6352181434631348,2.076055229580432,0.0,GREEN
2014-10-02,89.06383514404297,1.634423851966858,2.076056300561327,0.0,GREEN
2014-10-03,89.94337463378906,1.6836572885513306,2.0760571243931736,0.0,GREEN
2014-10-06,89.75101470947266,1.6721431016921997,2.076057948225347,0.0,GREEN
2014-10-07,88.47745513916016,1.60146963596344,2.0760587720578476,0.0,GREEN
2014-10-08,90.1999053955078,1.693980097770691,2.076059595890675,0.0,GREEN
2014-10-09,88.74315643310547,1.6096088886260986,2.076060007807252,0.0,GREEN
2014-10-10,86.52593231201172,1.489106297492981,2.076060419723911,0.0,GREEN
2014-10-13,85.16995239257812,1.419425368309021,2.076060831640652,0.0,GREEN
2014-10-14,85.17913818359375,1.4220068454742432,2.0760612435574743,0.0,GREEN
2014-10-15,84.62942504882812,1.391633152961731,2.0760616554743785,0.0,GREEN
2014-10-16,84.0979995727539,1.369993805885315,2.07606247930835,0.0,GREEN
2014-10-17,85.20661163330078,1.4235942363739014,2.0760641269769478,0.0,GREEN
2014-10-20,86.48013305664062,1.4849374294281006,2.076065939413874,0.0,GREEN
2014-10-21,88.75231170654297,1.6010723114013672,2.076067587085218,0.0,GREEN
2014-10-22,88.29423522949219,1.576257586479187,2.0760690699905733,0.0,GREEN
2014-10-23,89.62271881103516,1.6483206748962402,2.0760703057459446,0.0,GREEN
2014-10-24,90.35565185546876,1.6862376928329468,2.0760715415020514,0.0,GREEN
2014-10-27,90.4197998046875,1.6925907135009766,2.076071953420999,0.0,GREEN
2014-10-28,91.78495025634766,1.768227219581604,2.076072365340028,0.0,GREEN
2014-10-29,91.4459457397461,1.7469849586486816,2.076073601097361,0.0,GREEN
2014-10-30,91.63833618164062,1.7579045295715332,2.076074836855429,0.0,GREEN
2014-10-31,92.90272521972656,1.8303639888763428,2.0760750840071975,0.0,GREEN
2014-11-03,93.17755889892578,1.8492238521575928,2.0760753311589952,0.0,GREEN
2014-11-04,92.86605072021484,1.8295702934265137,2.0760755783108222,0.0,GREEN
2014-11-05,92.8751983642578,1.829371809959412,2.076077390757746,0.0,GREEN
2014-11-06,93.16838836669922,1.8450549840927124,2.076079038438178,0.0,GREEN
2014-11-07,93.08595275878906,1.84048855304718,2.076080521351713,0.0,GREEN
2014-11-10,93.415771484375,1.8593482971191408,2.0760820042663073,0.0,GREEN
2014-11-11,93.70896911621094,1.8770172595977783,2.0760832400293774,0.0,GREEN
2014-11-12,93.87384796142578,1.887340068817139,2.0760844757931833,0.0,GREEN
2014-11-13,94.27698516845705,1.911559581756592,2.076085546789165,0.0,GREEN
2014-11-14,94.57018280029295,1.9292277097702024,2.0760859587108915,0.0,GREEN
2014-11-17,94.28617095947266,1.911162495613098,2.0760862058639837,0.0,GREEN
2014-11-18,94.99162292480467,1.9540432691574097,2.076087029707698,0.0,GREEN
2014-11-19,94.56104278564452,1.9292277097702024,2.0760882654737594,0.0,GREEN
2014-11-20,94.98249053955078,1.9548369646072388,2.0760895012405562,0.0,GREEN
2014-11-21,95.16573333740234,1.968932628631592,2.076090737008089,0.0,GREEN
2014-11-24,95.90782165527344,2.01340126991272,2.07609098416175,0.0,GREEN
2014-11-25,96.05441284179688,2.0199520587921143,2.0760913960845553,0.0,GREEN
2014-11-26,96.67745971679688,2.061244010925293,2.076092879006917,0.0,GREEN
2014-11-28,97.12638092041016,2.092015266418457,2.076093702853279,0.0,GREEN
2014-12-01,96.02696990966795,2.0147900581359863,2.0760941147766236,0.0,GREEN
2014-12-02,96.41175079345705,2.036428928375244,2.076094691469451,0.0,GREEN
2014-12-03,96.58582305908205,2.054891347885132,2.076095927240073,0.0,GREEN
2014-12-04,96.5399932861328,2.0487375259399414,2.0760963391638594,0.0,GREEN
2014-12-05,96.54917907714844,2.0501270294189453,2.076097410165961,0.0,GREEN
2014-12-08,95.86202239990234,2.005857229232788,2.076098234014121,0.0,GREEN
2014-12-09,96.16437530517578,2.0253124237060547,2.0760986459383646,0.0,GREEN
2014-12-10,94.65264129638672,1.9272422790527344,2.0761009527147087,0.0,GREEN
2014-12-11,95.1015625,1.9574182033538816,2.0761030123387005,0.0,GREEN
2014-12-12,94.06625366210938,1.892699956893921,2.0761048248095744,0.0,GREEN
2014-12-15,93.09510040283205,1.8359228372573853,2.0761060605862283,0.0,GREEN
2014-12-16,91.60169982910156,1.7448019981384275,2.076106884437821,0.0,GREEN
2014-12-17,93.26920318603516,1.8385038375854488,2.0761093559935806,0.0,GREEN
2014-12-18,95.51387786865234,1.9732990264892576,2.076111003699382,0.0,GREEN
2014-12-19,95.93413543701172,1.995335340499878,2.0761137224161583,0.0,GREEN
2014-12-22,96.17322540283205,2.0137414932250977,2.0761157820528187,0.0,GREEN
2014-12-23,95.83294677734376,1.994481086730957,2.0761170178359944,0.0,GREEN
2014-12-24,95.91577911376952,1.9986505508422847,2.0761186655478765,0.0,GREEN
2014-12-26,96.59626770019533,2.039155960083008,2.0761203132610664,0.0,GREEN
2014-12-29,96.57787322998048,2.03955340385437,2.076121137118315,0.0,GREEN
2014-12-30,95.93413543701172,1.997459888458252,2.076121384275595,0.0,GREEN
2014-12-31,94.95014190673828,1.9349148273468015,2.0761230319909427,0.0,GREEN
2015-01-02,94.6650619506836,1.9190309047698972,2.0761260802668624,0.0,GREEN
2015-01-05,93.27645874023438,1.8326596021652224,2.0761273160561684,0.0,GREEN
2015-01-06,92.0257797241211,1.7599886655807495,2.0761275632141842,0.0,GREEN
2015-01-07,93.21208953857422,1.8276952505111692,2.076129210934436,0.0,GREEN
2015-01-08,94.9961166381836,1.931936264038086,2.0761308586559952,0.0,GREEN
2015-01-09,94.3708267211914,1.8928215503692627,2.0761323416065447,0.0,GREEN
2015-01-12,93.38681030273438,1.8346449136734009,2.0761335773995775,0.0,GREEN
2015-01-13,93.3592300415039,1.8330563306808472,2.0761346484208896,0.0,GREEN
2015-01-14,92.8442153930664,1.804861545562744,2.076136543305691,0.0,GREEN
2015-01-15,91.6395263671875,1.7331840991973877,2.076138602964991,0.0,GREEN
2015-01-16,92.71548461914062,1.7949336767196655,2.076140497853402,0.0,GREEN
2015-01-20,93.45116424560548,1.8346449136734009,2.076141980810837,0.0,GREEN
2015-01-21,93.92937469482422,1.8628392219543457,2.0761426399035603,0.0,GREEN
2015-01-22,95.66742706298828,1.9664852619171145,2.0761442876357776,0.0,GREEN
2015-01-23,95.87894439697266,1.979589343070984,2.076145523435921,0.0,GREEN
2015-01-26,95.76860809326172,1.975221037864685,2.076146594463396,0.0,GREEN
2015-01-27,93.2856674194336,1.822334170341492,2.076147006397235,0.0,GREEN
2015-01-28,92.80743408203124,1.790963053703308,2.0761484893593183,0.0,GREEN
2015-01-29,93.69947052001952,1.8427859544754028,2.076149725161963,0.0,GREEN
2015-01-30,92.97297668457033,1.800493836402893,2.076150549030883,0.0,GREEN
2015-02-02,93.78224182128906,1.8477494716644287,2.076150960965507,0.0,GREEN
2015-02-03,94.68347930908205,1.89818274974823,2.0761513729002123,0.0,GREEN
2015-02-04,94.6007080078125,1.893218278884888,2.0761526087045734,0.0,GREEN
2015-02-05,95.41911315917967,1.9434529542922971,2.0761530206396057,0.0,GREEN
2015-02-06,94.83979034423828,1.908109664916992,2.076153679735834,0.0,GREEN
2015-02-09,94.53633880615234,1.887063145637512,2.076154915541568,0.0,GREEN
2015-02-10,96.0077133178711,1.9774057865142824,2.0761551627028694,0.0,GREEN
2015-02-11,96.3571548461914,1.999644160270691,2.0761555746384084,0.0,GREEN
2015-02-12,97.47908020019533,2.0695347785949707,2.076155986574029,0.0,GREEN
2015-02-13,98.3159408569336,2.1217544078826904,2.076156645671199,0.0,GREEN
2015-02-17,98.40789031982422,2.1275131702423096,2.0761570576070323,0.0,GREEN
2015-02-18,98.54583740234376,2.136646509170532,2.076157716704542,0.0,GREEN
2015-02-19,99.03321838378906,2.168811798095703,2.076158787738307,0.0,GREEN
2015-02-20,99.6953582763672,2.2105095386505127,2.076159858772624,0.0,GREEN
2015-02-23,99.79650115966795,2.219245672225952,2.0761606826455656,0.0,GREEN
2015-02-24,99.87008666992188,2.223811149597168,2.076161918455468,0.0,GREEN
2015-02-25,99.621826171875,2.205941677093506,2.076163401428203,0.0,GREEN
2015-02-26,100.12757873535156,2.2394981384277344,2.0761646372397236,0.0,GREEN
2015-02-27,99.68612670898438,2.20991325378418,2.0761657082770584,0.0,GREEN
2015-03-02,100.5874252319336,2.269479513168335,2.0761663673773145,0.0,GREEN
2015-03-03,100.1183853149414,2.2369158267974854,2.0761667793150766,0.0,GREEN
2015-03-04,99.73213958740234,2.212097406387329,2.076167850353517,0.0,GREEN
2015-03-05,99.9068832397461,2.2218260765075684,2.0761686742296295,0.0,GREEN
2015-03-06,98.77574920654295,2.145382881164551,2.076168921392569,0.0,GREEN
2015-03-09,99.06080627441406,2.166032552719116,2.0761693333308378,0.0,GREEN
2015-03-10,97.22159576416016,2.046105146408081,2.0761697452691883,0.0,GREEN
2015-03-11,96.66063690185548,2.010167121887207,2.076170569146053,0.0,GREEN
2015-03-12,97.29515838623048,2.0486867427825928,2.076171640186448,0.0,GREEN
2015-03-13,96.87213134765624,2.0222787857055664,2.076173123166127,0.0,GREEN
2015-03-16,98.12281036376952,2.0997154712677,2.0761750180860443,0.0,GREEN
2015-03-17,98.27914428710938,2.1114304065704346,2.0761774897229155,0.0,GREEN
2015-03-18,99.24473571777344,2.172187566757202,2.07618144434674,0.0,GREEN
2015-03-19,99.3918914794922,2.182710886001587,2.0761845750964363,0.0,GREEN
2015-03-20,100.03522491455078,2.2279813289642334,2.0761853989791854,0.0,GREEN
2015-03-23,99.84169006347656,2.209317207336426,2.0761856461441157,0.0,GREEN
2015-03-24,99.4822006225586,2.186880588531494,2.0761858933090753,0.0,GREEN
2015-03-25,97.2055435180664,2.034395456314087,2.0761871291339844,0.0,GREEN
2015-03-26,96.87371063232422,2.0177154541015625,2.076188612124727,0.0,GREEN
2015-03-27,97.26084899902344,2.0371758937835693,2.076190919001034,0.0,GREEN
2015-03-30,98.37614440917967,2.1104495525360107,2.076193390656835,0.0,GREEN
2015-03-31,97.3345718383789,2.04511833190918,2.0761952855952504,0.0,GREEN
2015-04-01,96.82763671875,2.010566234588623,2.0761973453128264,0.0,GREEN
2015-04-02,96.89218139648438,2.0139424800872803,2.076200064142669,0.0,GREEN
2015-04-06,97.6848373413086,2.062394142150879,2.0762008880315648,0.0,GREEN
2015-04-07,97.5189208984375,2.0528621673583984,2.076201135198339,0.0,GREEN
2015-04-08,98.2931900024414,2.1017117500305176,2.0762023710323203,0.0,GREEN
2015-04-09,98.91073608398438,2.14083194732666,2.07620385403395,0.0,GREEN
2015-04-10,99.3162841796875,2.166447401046753,2.0762055018147496,0.0,GREEN
2015-04-13,99.06745910644533,2.1503634452819824,2.0762067376513302,0.0,GREEN
2015-04-14,98.78168487548828,2.1318955421447754,2.0762071495971024,0.0,GREEN
2015-04-15,99.39926147460938,2.1696245670318604,2.0762079734888097,0.0,GREEN
2015-04-16,99.26099395751952,2.1620781421661377,2.0762092093268616,0.0,GREEN
2015-04-17,97.71248626708984,2.061004877090454,2.0762100332193865,0.0,GREEN
2015-04-20,99.17804718017578,2.1531431674957275,2.07621110428014,0.0,GREEN
2015-04-21,99.60199737548828,2.1807448863983154,2.0762121753414458,0.0,GREEN
2015-04-22,100.14582824707033,2.216090679168701,2.0762138231288496,0.0,GREEN
2015-04-23,100.52375793457033,2.2427003383636475,2.0762154709175613,0.0,GREEN
2015-04-24,101.88790893554688,2.330469846725464,2.076217118707581,0.0,GREEN
2015-04-27,101.62982940673828,2.3155767917633057,2.0762183545510764,0.0,GREEN
2015-04-28,101.42706298828124,2.300485849380493,2.076219425616123,0.0,GREEN
2015-04-29,100.79105377197266,2.2565996646881104,2.0762204966817217,0.0,GREEN
2015-04-30,99.2056655883789,2.1505613327026367,2.0762207438508304,0.0,GREEN
2015-05-01,100.51454162597656,2.237537145614624,2.0762211557993817,0.0,GREEN
2015-05-04,100.6804656982422,2.2454800605773926,2.076221402968569,0.0,GREEN
2015-05-05,99.03976440429688,2.139044523239136,2.0762216501377857,0.0,GREEN
2015-05-06,98.3576889038086,2.093371868133545,2.076222309255801,0.0,GREEN
2015-05-07,98.94759368896484,2.129313707351685,2.0762231331535244,0.0,GREEN
2015-05-08,100.18273162841795,2.2073538303375244,2.0762235451025495,0.0,GREEN
2015-05-11,99.79558563232422,2.1831278800964355,2.076223792272021,0.0,GREEN
2015-05-12,99.34393310546876,2.1549291610717773,2.076224204221177,0.0,GREEN
2015-05-13,99.54673767089844,2.166050434112549,2.076225275289241,0.0,GREEN
2015-05-14,101.0030517578125,2.2619614601135254,2.0762260991881414,0.0,GREEN
2015-05-15,101.0030517578125,2.26176381111145,2.0762269230873684,0.0,GREEN
2015-05-18,101.44547271728516,2.289562940597534,2.0762277469869224,0.0,GREEN
2015-05-19,101.33489227294922,2.2830097675323486,2.076228406106873,0.0,GREEN
2015-05-20,101.39942169189452,2.2867839336395264,2.0762292300070158,0.0,GREEN
2015-05-21,101.9247817993164,2.322725534439087,2.0762303010776724,0.0,GREEN
2015-05-22,101.82341766357422,2.316370248794556,2.0762313721488814,0.0,GREEN
2015-05-26,100.6528091430664,2.236147165298462,2.076232196050201,0.0,GREEN
2015-05-27,102.27500915527344,2.3437740802764893,2.0762330199518475,0.0,GREEN
2015-05-28,102.04460144042967,2.326498031616211,2.0762340910244594,0.0,GREEN
2015-05-29,101.43629455566406,2.287179946899414,2.0762343381951864,0.0,GREEN
2015-06-01,101.77730560302734,2.307236671447754,2.0762345853659427,0.0,GREEN
2015-06-02,101.45469665527344,2.286188125610352,2.0762352444880645,0.0,GREEN
2015-06-03,101.75888061523438,2.306243419647217,2.0762360683909207,0.0,GREEN
2015-06-04,100.984619140625,2.256005048751831,2.0762368922941037,0.0,GREEN
2015-06-05,100.74495697021484,2.238927125930786,2.076237304245859,0.0,GREEN
2015-06-08,99.72186279296876,2.1704180240631104,2.076238128149533,0.0,GREEN
2015-06-09,99.55592346191406,2.1596949100494385,2.0762389520535334,0.0,GREEN
2015-06-10,100.92009735107422,2.245280504226685,2.0762400231292055,0.0,GREEN
2015-06-11,101.06757354736328,2.2575936317443848,2.07624109420543,0.0,GREEN
2015-06-12,100.23802185058594,2.200204610824585,2.0762417533296182,0.0,GREEN
2015-06-15,99.7402801513672,2.169822931289673,2.076242165282338,0.0,GREEN
2015-06-16,100.28411865234376,2.2029848098754883,2.0762424124540266,0.0,GREEN
2015-06-17,100.56062316894533,2.221452474594116,2.076243071578633,0.0,GREEN
2015-06-18,102.02619934082033,2.3153786659240723,2.0762433187504294,0.0,GREEN
2015-06-19,101.52175903320312,2.280031204223633,2.076243565922255,0.0,GREEN
2015-06-22,102.2700653076172,2.3350367546081543,2.07624381309411,0.0,GREEN
2015-06-23,102.3532257080078,2.340795516967773,2.0762440602659944,0.0,GREEN
2015-06-24,101.82662200927734,2.304853200912476,2.076244719391124,0.0,GREEN
2015-06-25,101.62338256835938,2.289762258529663,2.0762451313444323,0.0,GREEN
2015-06-26,100.9489517211914,2.2472665309906006,2.0762455432978224,0.0,GREEN
2015-06-29,98.56546020507812,2.088408231735229,2.076245955251294,0.0,GREEN
2015-06-30,98.91650390625,2.112236738204956,2.0762463672048477,0.0,GREEN
2015-07-01,99.70177459716795,2.1555254459381104,2.0762471911121176,0.0,GREEN
2015-07-02,99.72949981689452,2.1636672019958496,2.0762474382844043,0.0,GREEN
2015-07-06,99.49854278564452,2.145397663116455,2.0762476854567202,0.0,GREEN
2015-07-07,99.74795532226562,2.156320333480835,2.076248097410617,0.0,GREEN
2015-07-08,98.01114654541016,2.048295259475708,2.0762489213185735,0.0,GREEN
2015-07-09,97.95571899414062,2.0423378944396973,2.076249745226857,0.0,GREEN
2015-07-10,99.4523468017578,2.1372570991516118,2.0762504043537913,0.0,GREEN
2015-07-13,101.19841003417967,2.2464730739593506,2.076251063480935,0.0,GREEN
2015-07-14,101.86359405517578,2.2915499210357666,2.0762517226082875,0.0,GREEN
2015-07-15,101.97444152832033,2.3024706840515137,2.076252546517683,0.0,GREEN
2015-07-16,103.41564178466795,2.3924248218536377,2.076253617600368,0.0,GREEN
2015-07-17,104.93997955322266,2.501840114593506,2.0762544415105153,0.0,GREEN
2015-07-20,105.3003158569336,2.529839038848877,2.076255512594178,0.0,GREEN
2015-07-21,105.23562622070312,2.522887706756592,2.076257407589292,0.0,GREEN
2015-07-22,104.04387664794922,2.440082550048828,2.0762598793242457,0.0,GREEN
2015-07-23,103.6558609008789,2.4108924865722656,2.076262351062142,0.0,GREEN
2015-07-24,102.63961029052734,2.3423843383789062,2.0762648228029805,0.0,GREEN
2015-07-27,101.78968048095705,2.2822165489196777,2.076267294546762,0.0,GREEN
2015-07-28,102.66734313964844,2.3423843383789062,2.076269601510494,0.0,GREEN
2015-07-29,103.05535125732422,2.368596315383911,2.076273144351601,0.0,GREEN
2015-07-30,103.54499816894533,2.4015591144561768,2.076276851982363,0.0,GREEN
2015-07-31,103.42488861083984,2.394211769104004,2.076281795498567,0.0,GREEN
2015-08-03,103.10154724121094,2.372170209884644,2.0762865742422445,0.0,GREEN
2015-08-04,102.90752410888672,2.356879472732544,2.0762917649587638,0.0,GREEN
2015-08-05,103.70207214355467,2.4120841026306152,2.076297944398786,0.0,GREEN
2015-08-06,102.03910064697266,2.296315193176269,2.0763041238571995,0.0,GREEN
2015-08-07,101.9097900390625,2.287179946899414,2.0763064308618526,0.0,GREEN
2015-08-10,103.0738525390625,2.3644258975982666,2.0763109624830065,0.0,GREEN
2015-08-11,101.75272369384766,2.274273157119751,2.0763163180468007,0.0,GREEN
2015-08-12,102.10379028320312,2.2943286895751958,2.0763243926100485,0.0,GREEN
2015-08-13,101.9375,2.2840030193328857,2.0763318080546025,0.0,GREEN
2015-08-14,102.09452056884766,2.296315193176269,2.0763386467662497,0.0,GREEN
2015-08-17,102.94448852539062,2.3527097702026367,2.076345238317362,0.0,GREEN
2015-08-18,102.41790771484376,2.3151795864105225,2.0763501819963905,0.0,GREEN
2015-08-19,101.74347686767578,2.27169132232666,2.076357185558586,0.0,GREEN
2015-08-20,98.9257354736328,2.084634304046631,2.0763604813635688,0.0,GREEN
2015-08-21,94.60211944580078,1.8252962827682493,2.076361717292399,0.0,GREEN
2015-08-24,90.96217346191406,1.609048843383789,2.076363365198487,0.0,GREEN
2015-08-25,90.6203384399414,1.5878008604049685,2.076364601129034,0.0,GREEN
2015-08-26,95.18415832519533,1.8169561624526975,2.0763689680862782,0.0,GREEN
2015-08-27,97.5954132080078,1.95893657207489,2.076373499843922,0.0,GREEN
2015-08-28,97.57693481445312,1.9573488235473635,2.076377619632674,0.0,GREEN
2015-08-31,96.36669158935548,1.884670615196228,2.0763817394296,0.0,GREEN
2015-09-01,93.35494232177734,1.713697910308838,2.076381986617904,0.0,GREEN
2015-09-02,95.98792266845705,1.8530970811843872,2.0763851176700054,0.0,GREEN
2015-09-03,95.51675415039062,1.8225160837173464,2.076387177575907,0.0,GREEN
2015-09-04,94.38043212890624,1.7615537643432615,2.0763884135206276,0.0,GREEN
2015-09-08,97.04109954833984,1.911080837249756,2.076390473429799,0.0,GREEN
2015-09-09,95.95095825195312,1.844557762145996,2.076392533341014,0.0,GREEN
2015-09-10,96.9949188232422,1.903534293174744,2.0763954172195445,0.0,GREEN
2015-09-11,97.53073120117188,1.9343138933181765,2.0763966531691698,0.0,GREEN
2015-09-14,97.235107421875,1.9170377254486084,2.0763985482931027,0.0,GREEN
2015-09-15,98.38067626953124,1.983957290649414,2.076400608212328,0.0,GREEN
2015-09-16,98.93498229980467,2.0171194076538086,2.0764053872294634,0.0,GREEN
2015-09-17,98.97190856933594,2.02267861366272,2.076409754272488,0.0,GREEN
2015-09-18,97.5642547607422,1.9370942115783687,2.076410001464127,0.0,GREEN
2015-09-21,97.8698959350586,1.9535750150680544,2.0764108254363314,0.0,GREEN
2015-09-22,96.40666198730467,1.86739444732666,2.076411896600668,0.0,GREEN
2015-09-23,96.4807586669922,1.870373010635376,2.0764121437925627,0.0,GREEN
2015-09-24,96.12882995605467,1.8487279415130613,2.0764123909844865,0.0,GREEN
2015-09-25,95.3138427734375,1.8038502931594849,2.076412802971063,0.0,GREEN
2015-09-28,92.60040283203124,1.6483665704727173,2.0764144509176954,0.0,GREEN
2015-09-29,92.11882781982422,1.6239417791366575,2.0764155220839027,0.0,GREEN
2015-09-30,94.2396011352539,1.7313703298568726,2.076415769276229,0.0,GREEN
2015-10-01,94.66560363769533,1.75559663772583,2.0764161812634754,0.0,GREEN
2015-10-02,96.32330322265624,1.8467425107955933,2.0764176644178267,0.0,GREEN
2015-10-05,97.70318603515624,1.9309377670288088,2.0764183235980687,0.0,GREEN
2015-10-06,97.24015045166016,1.9033359289169312,2.07641898277852,0.0,GREEN
2015-10-07,97.8236083984375,1.9339162111282349,2.0764193947664045,0.0,GREEN
2015-10-08,98.21253967285156,1.9575468301773071,2.0764198067543704,0.0,GREEN
2015-10-09,98.65703582763672,1.9813754558563232,2.0764200539472064,0.0,GREEN
2015-10-12,98.89787292480467,1.9980566501617432,2.0764203011400717,0.0,GREEN
2015-10-13,98.25886535644533,1.95893657207489,2.076421125116363,0.0,GREEN
2015-10-14,98.10142517089844,1.950596570968628,2.076421537104672,0.0,GREEN
2015-10-15,99.71283721923828,2.045912504196167,2.076422361081454,0.0,GREEN
2015-10-16,100.1295394897461,2.0713298320770264,2.076422773070009,0.0,GREEN
2015-10-19,100.7037353515625,2.108463287353516,2.0764231850586454,0.0,GREEN
2015-10-20,100.18512725830078,2.073514699935913,2.0764235970473637,0.0,GREEN
2015-10-21,99.57392120361328,2.040154218673706,2.076424421024963,0.0,GREEN
2015-10-22,101.60204315185548,2.161085844039917,2.0764248330139266,0.0,GREEN
2015-10-23,104.44515991210938,2.340795516967773,2.0764252450029717,0.0,GREEN
2015-10-26,104.51000213623048,2.347745895385742,2.076425492196455,0.0,GREEN
2015-10-27,104.72301483154295,2.363036632537842,2.076426151379182,0.0,GREEN
2015-10-28,105.59351348876952,2.417843103408813,2.076426975357795,0.0,GREEN
2015-10-29,105.42684173583984,2.4089064598083496,2.076429859284162,0.0,GREEN
2015-10-30,104.9545440673828,2.3759429454803467,2.0764342263786557,0.0,GREEN
2015-11-02,106.13992309570312,2.4569616317749023,2.076439829455444,0.0,GREEN
2015-11-03,106.5103759765625,2.480393886566162,2.0764441965709066,0.0,GREEN
2015-11-04,106.51961517333984,2.4813857078552246,2.0764489756883644,0.0,GREEN
2015-11-05,106.23252868652344,2.459543466567993,2.076453507620628,0.0,GREEN
2015-11-06,106.30663299560548,2.4676849842071533,2.0764568035785027,0.0,GREEN
2015-11-09,105.1767807006836,2.388254880905152,2.076462818711218,0.0,GREEN
2015-11-10,104.90821838378906,2.371376037597656,2.076468998660329,0.0,GREEN
2015-11-11,104.77857971191406,2.360852003097534,2.0764792986057587,0.0,GREEN
2015-11-12,103.75984191894533,2.292343139648437,2.076489433802615,0.0,GREEN
2015-11-13,101.7224578857422,2.1575114727020264,2.076499569048941,0.0,GREEN
2015-11-16,103.1856689453125,2.2474660873413086,2.076508880336529,0.0,GREEN
2015-11-17,103.2505111694336,2.2552101612091064,2.0765169556486303,0.0,GREEN
2015-11-18,105.23236846923828,2.384482145309448,2.076528079847049,0.0,GREEN
2015-11-19,105.30642700195312,2.3880574703216557,2.0765382152820044,0.0,GREEN
2015-11-20,106.01953887939452,2.4355151653289795,2.0765454666852565,0.0,GREEN
2015-11-23,105.71394348144533,2.4158565998077397,2.0765531301270412,0.0,GREEN
2015-11-24,105.62130737304688,2.408311367034912,2.0765617824314804,0.0,GREEN
2015-11-25,105.71394348144533,2.413672685623169,2.076574390127781,0.0,GREEN
2015-11-27,105.86209106445312,2.4224092960357666,2.0765888107830226,0.0,GREEN
2015-11-30,105.59351348876952,2.4071199893951416,2.07660199547359,0.0,GREEN
2015-12-01,106.64928436279295,2.4786064624786377,2.0766160042967226,0.0,GREEN
2015-12-02,105.9917449951172,2.4335293769836426,2.0766327325918312,0.0,GREEN
2015-12-03,104.19513702392578,2.309421300888061,2.0766492138042403,0.0,GREEN
2015-12-04,106.63075256347656,2.468081474304199,2.076665530333689,0.0,GREEN
2015-12-07,106.14920043945312,2.437898635864258,2.0766824238428168,0.0,GREEN
2015-12-08,106.158447265625,2.4380972385406494,2.0767017897304503,0.0,GREEN
2015-12-09,104.54704284667967,2.324512720108032,2.0767238752897166,0.0,GREEN
2015-12-10,105.01936340332033,2.357475757598877,2.076744065661119,0.0,GREEN
2015-12-11,102.60224151611328,2.195836544036865,2.076763020071586,0.0,GREEN
2015-12-14,103.3801498413086,2.2450830936431885,2.07678057366374,0.0,GREEN
2015-12-15,104.00992584228516,2.2832093238830566,2.076796891225302,0.0,GREEN
2015-12-16,105.55648040771484,2.3840854167938232,2.076817494369064,0.0,GREEN
2015-12-17,104.01915740966795,2.284797430038452,2.0768368615162838,0.0,GREEN
2015-12-18,102.02384185791016,2.159298896789551,2.0768544157325737,0.0,GREEN
2015-12-21,103.15716552734376,2.223437786102295,2.0768688383324374,0.0,GREEN
2015-12-22,103.83522033691406,2.265535593032837,2.076881447893006,0.0,GREEN
2015-12-23,104.6062469482422,2.317363739013672,2.0768973541678912,0.0,GREEN
2015-12-24,104.5876693725586,2.312597751617432,2.0769130133144125,0.0,GREEN
2015-12-28,104.53194427490234,2.312002182006836,2.076928095658776,0.0,GREEN
2015-12-29,106.17613983154295,2.417444944381714,2.0769437550370786,0.0,GREEN
2015-12-30,105.21932220458984,2.355688095092773,2.0769614749940137,0.0,GREEN
2015-12-31,103.90953063964844,2.2683162689208984,2.0769775467191236,0.0,GREEN
2016-01-04,101.71727752685548,2.129711151123047,2.0769897448413803,0.0,GREEN
2016-01-05,101.54080200195312,2.110647678375244,2.077002519976814,0.0,GREEN
2016-01-06,100.56544494628906,2.054054021835327,2.077019416227325,0.0,GREEN
2016-01-07,97.41637420654295,1.8586571216583248,2.077036312615286,0.0,GREEN
2016-01-08,96.61749267578124,1.8147714138031008,2.0770519728095103,0.0,GREEN
2016-01-11,96.91476440429688,1.8306574821472168,2.077067633121807,0.0,GREEN
2016-01-12,98.03874969482422,1.892414927482605,2.077082057202347,0.0,GREEN
2016-01-13,94.65744018554688,1.694435715675354,2.0770993662189503,0.0,GREEN
2016-01-14,96.6732177734375,1.804048776626587,2.0771170875035208,0.0,GREEN
2016-01-15,93.67278289794922,1.6382393836975098,2.0771368695705785,0.0,GREEN
2016-01-19,93.8771743774414,1.6451895236968994,2.077155250583756,0.0,GREEN
2016-01-20,93.58919525146484,1.6302967071533203,2.0771742087471012,0.0,GREEN
2016-01-21,93.68209075927734,1.6362537145614624,2.0771950629160094,0.0,YELLOW
2016-01-22,96.3945541381836,1.7772411108016968,2.0772175658626817,0.0,YELLOW
2016-01-25,94.9640121459961,1.6972156763076782,2.0772413054909835,0.0,YELLOW
2016-01-26,95.8186264038086,1.745667576789856,2.077263973799372,0.0,YELLOW
2016-01-27,93.43126678466795,1.615799903869629,2.077288703133376,0.0,YELLOW
2016-01-28,94.7503433227539,1.6795423030853271,2.0773134327617773,0.0,YELLOW
2016-01-29,96.72894287109376,1.7889573574066162,2.077339646477981,0.0,YELLOW
2016-02-01,96.9890594482422,1.7990845441818235,2.077364376712851,0.0,YELLOW
2016-02-02,94.88970184326172,1.684903860092163,2.0773886950645926,0.0,YELLOW
2016-02-03,94.4345474243164,1.661074995994568,2.077415898965252,0.0,YELLOW
2016-02-04,94.4252471923828,1.658096194267273,2.077443350532842,0.0,YELLOW
2016-02-05,91.14610290527344,1.4875211715698242,2.0774666805507924,0.0,YELLOW
2016-02-08,89.75272369384766,1.419608473777771,2.077489598635366,0.0,YELLOW
2016-02-09,89.47406005859375,1.403126835823059,2.0775110330510738,0.0,YELLOW
2016-02-10,89.8177719116211,1.419807195663452,2.07753576532626,0.0,YELLOW
2016-02-11,89.68773651123047,1.4164317846298218,2.077560333011752,0.0,YELLOW
2016-02-12,91.05322265625,1.4767982959747314,2.0775828399155167,0.0,YELLOW
2016-02-16,93.10618591308594,1.5750925540924072,2.0776050997325433,0.0,YELLOW
2016-02-17,95.21481323242188,1.6839118003845217,2.077627607121281,0.0,YELLOW
2016-02-18,94.1279754638672,1.6267223358154297,2.0776517636655325,0.0,YELLOW
2016-02-19,94.40664672851562,1.643600583076477,2.0776755082560947,0.0,YELLOW
2016-02-22,95.93934631347656,1.7212432622909546,2.0776988408812134,0.0,YELLOW
2016-02-23,94.36021423339844,1.6354585886001587,2.077722998253699,0.0,YELLOW
2016-02-24,95.26126098632812,1.684109807014465,2.077749217138229,0.0,YELLOW
2016-02-25,96.19947814941406,1.7305762767791748,2.0777751890032468,0.0,YELLOW
2016-02-26,96.0787124633789,1.726604461669922,2.077800748936324,0.0,YELLOW
2016-02-29,95.21481323242188,1.680933117866516,2.077825732017013,0.0,YELLOW
2016-03-01,98.27098846435548,1.84177839756012,2.077851127664711,0.0,YELLOW
2016-03-02,98.30813598632812,1.843764066696167,2.0778775130752667,0.0,YELLOW
2016-03-03,98.12236785888672,1.8334380388259888,2.0779024970789535,0.0,YELLOW
2016-03-04,98.1595230102539,1.8366150856018064,2.0779241831257993,0.0,YELLOW
2016-03-07,97.55569458007812,1.8024606704711916,2.077946034311466,0.0,YELLOW
2016-03-08,96.7475357055664,1.7548028230667114,2.077967885726917,0.0,YELLOW
2016-03-09,97.3698959350586,1.7883613109588623,2.077993035735647,0.0,YELLOW
2016-03-10,97.22130584716795,1.7816102504730225,2.0780167842264614,0.0,YELLOW
2016-03-11,98.92123413085938,1.8739473819732664,2.078041769904718,0.0,YELLOW
2016-03-14,99.08843231201172,1.884868621826172,2.078067168192879,0.0,YELLOW
2016-03-15,99.0512924194336,1.8836772441864011,2.078092566791464,0.0,YELLOW
2016-03-16,99.93374633789062,1.9317326545715328,2.078119367587473,0.0,GREEN
2016-03-17,99.8780288696289,1.9261720180511477,2.078144107104737,0.0,GREEN
2016-03-18,100.03455352783205,1.9372920989990237,2.0781667852651275,0.0,GREEN
2016-03-21,100.42587280273438,1.9603271484375,2.0781898760072846,0.0,GREEN
2016-03-22,100.73330688476562,1.977801322937012,2.078213626747702,0.0,GREEN
2016-03-23,99.90412902832033,1.930739164352417,2.0782379550410606,0.0,GREEN
2016-03-24,99.93203735351562,1.9301437139511108,2.078262118681818,0.0,GREEN
2016-03-28,99.79228973388672,1.923193454742432,2.078284798130033,0.0,GREEN
2016-03-29,101.39482879638672,2.015133857727051,2.078305828392478,0.0,GREEN
2016-03-30,101.88858795166016,2.045316696166992,2.0783243846940254,0.0,GREEN
2016-03-31,101.73951721191406,2.0334019660949707,2.078339642234348,0.0,GREEN
2016-04-01,102.82028198242188,2.101116180419922,2.0783555596771506,0.0,GREEN
2016-04-04,102.42897033691406,2.075102567672729,2.078373539101798,0.0,GREEN
2016-04-05,101.44140625,2.0193030834198,2.0783886320523606,0.0,GREEN
2016-04-06,103.10907745361328,2.11600923538208,2.07840661176311,0.0,GREEN
2016-04-07,101.6277084350586,2.024664878845215,2.0784247565826384,0.0,GREEN
2016-04-08,101.55318450927734,2.019899845123291,2.0784429015605737,0.0,GREEN
2016-04-11,101.18050384521484,1.9982540607452397,2.0784608817407975,0.0,GREEN
2016-04-12,102.02833557128906,2.0449202060699463,2.0784782022476045,0.0,GREEN
2016-04-13,103.33271026611328,2.124746799468994,2.078497172485509,0.0,GREEN
2016-04-14,103.3420181274414,2.126136302947998,2.0785155655362875,0.0,GREEN
2016-04-15,103.08114624023438,2.109853982925415,2.078533298903511,0.0,GREEN
2016-04-18,103.63085174560548,2.1410298347473145,2.0785506200137944,0.0,GREEN
2016-04-19,102.9972915649414,2.1040940284729004,2.078566951482863,0.0,GREEN
2016-04-20,103.08114624023438,2.10925817489624,2.078584685288498,0.0,GREEN
2016-04-21,103.09044647216795,2.109853982925415,2.078602666695264,0.0,GREEN
2016-04-22,101.5345458984375,2.014338493347168,2.0786212256471535,0.0,GREEN
2016-04-25,101.5345458984375,2.0127508640289307,2.0786397847647478,0.0,GREEN
2016-04-26,101.0407485961914,1.9851478338241575,2.0786594163631675,0.0,GREEN
2016-04-27,100.23018646240234,1.937490701675415,2.078679625552331,0.0,GREEN
2016-04-28,99.0189971923828,1.8687841892242432,2.0786998349379724,0.0,YELLOW
2016-04-29,98.4972915649414,1.8389981985092163,2.078717157436056,0.0,YELLOW
2016-05-02,99.42893981933594,1.8876489400863647,2.0787330777701456,0.0,YELLOW
2016-05-03,98.50658416748048,1.837409257888794,2.0787483383107945,0.0,YELLOW
2016-05-04,97.873046875,1.8010700941085815,2.0787650837830376,0.0,YELLOW
2016-05-05,97.84507751464844,1.8000776767730713,2.0787814169371788,0.0,YELLOW
2016-05-06,98.3668441772461,1.8260903358459477,2.0787965128497117,0.0,YELLOW
2016-05-09,98.64631652832033,1.8421748876571653,2.0788113613968218,0.0,YELLOW
2016-05-10,99.9972686767578,1.919420838356018,2.078828107376751,0.0,GREEN
2016-05-11,99.0935516357422,1.8669970035552976,2.078848153219274,0.0,YELLOW
2016-05-12,98.65568542480467,1.8407849073410036,2.0788686117245745,0.0,YELLOW
2016-05-13,98.2922821044922,1.8185449838638303,2.0788898953782877,0.0,YELLOW
2016-05-16,99.5220947265625,1.888641119003296,2.0789111792499053,0.0,YELLOW
2016-05-17,98.27366638183594,1.816162109375,2.078932463339429,0.0,YELLOW
2016-05-18,98.62770080566406,1.8368133306503296,2.078954572621733,0.0,YELLOW
2016-05-19,98.11528778076172,1.8078221082687376,2.0789768471358965,0.0,GREEN
2016-05-20,99.1960220336914,1.8681883811950684,2.0790007718687664,0.0,GREEN
2016-05-23,99.06559753417967,1.8590543270111084,2.079025356878543,0.0,GREEN
2016-05-24,101.05006408691406,1.9728378057479856,2.0790511796929603,0.0,GREEN
2016-05-25,101.77677917480467,2.015331983566284,2.07907947788914,0.0,GREEN
2016-05-26,102.07491302490234,2.032210111618042,2.079105466382417,0.0,GREEN
2016-05-27,102.60595703125,2.0627920627593994,2.0791281550338314,0.0,GREEN
2016-05-31,102.80165100097656,2.075102567672729,2.0791527415499647,0.0,GREEN
2016-06-01,102.81092834472656,2.075897455215454,2.0791760907646473,0.0,GREEN
2016-06-02,103.0252456665039,2.087612628936768,2.079200430324945,0.0,GREEN
2016-06-03,102.54076385498048,2.059018135070801,2.0792227074732983,0.0,GREEN
2016-06-06,102.91343688964844,2.08106017112732,2.079244984860335,0.0,GREEN
2016-06-07,102.6525650024414,2.066365957260132,2.0792656122907407,0.0,GREEN
2016-06-08,102.82958984375,2.075500011444092,2.0792874775827053,0.0,GREEN
2016-06-09,102.6618881225586,2.066365957260132,2.0793068677634983,0.0,GREEN
2016-06-10,101.49728393554688,1.996864676475525,2.0793266706856057,0.0,GREEN
2016-06-13,100.6494369506836,1.9456323385238647,2.0793464737963125,0.0,GREEN
2016-06-14,100.6494369506836,1.946625828742981,2.079366689665201,0.0,GREEN
2016-06-15,100.3606185913086,1.9291505813598635,2.0793883909931052,0.0,GREEN
2016-06-16,100.65876770019533,1.9430512189865112,2.0794094324228585,0.0,GREEN
2016-06-17,99.4789047241211,1.87652850151062,2.0794296489038446,0.0,GREEN
2016-06-20,100.10482788085938,1.9102863073349,2.0794501131318013,0.0,GREEN
2016-06-21,100.42243957519533,1.9293497800827024,2.079470577561152,0.0,GREEN
2016-06-22,100.1795425415039,1.9168397188186648,2.0794924450085053,0.0,GREEN
2016-06-23,101.60877227783205,1.9976592063903809,2.07951456024617,0.0,GREEN
2016-06-24,97.42375946044922,1.753015637397766,2.0795372533619023,0.0,GREEN
2016-06-27,95.49004364013672,1.6509478092193604,2.0795568934364144,0.0,GREEN
2016-06-28,97.5825424194336,1.754405498504639,2.079576286129617,0.0,GREEN
2016-06-29,99.3107452392578,1.845550894737244,2.0795977420746397,0.0,GREEN
2016-06-30,100.45979309082033,1.9126691818237305,2.0796187856228263,0.0,GREEN
2016-07-01,100.9642333984375,1.938881278038025,2.0796392517121283,0.0,GREEN
2016-07-05,100.34769439697266,1.9045274257659912,2.0796593053764,0.0,GREEN
2016-07-06,101.16974639892578,1.9494049549102783,2.0796789466036256,0.0,GREEN
2016-07-07,101.46867370605467,1.9678728580474851,2.0797006511904015,0.0,GREEN
2016-07-08,103.03809356689452,2.0588197708129883,2.079722933698264,0.0,GREEN
2016-07-11,103.62660217285156,2.093967914581299,2.079745464030203,0.0,GREEN
2016-07-12,104.14972686767578,2.126930952072144,2.079768159665719,0.0,GREEN
2016-07-13,103.89749908447266,2.112037420272827,2.079792506156982,0.0,GREEN
2016-07-14,104.60746002197266,2.1549291610717773,2.079817100529331,0.0,GREEN
2016-07-15,104.4393310546875,2.1428167819976807,2.079842107854248,0.0,GREEN
2016-07-18,105.13059997558594,2.185510635375977,2.0798667028131566,0.0,GREEN
2016-07-19,104.74757385253906,2.1628735065460205,2.079890472717308,0.0,GREEN
2016-07-20,105.97135162353516,2.236941337585449,2.079916058671733,0.0,GREEN
2016-07-21,105.72848510742188,2.2236368656158447,2.0799420576222696,0.0,GREEN
2016-07-22,106.16753387451172,2.2494513988494877,2.079967066449647,0.0,GREEN
2016-07-25,106.17684173583984,2.251436710357666,2.0799920755777257,0.0,GREEN
2016-07-26,106.29832458496094,2.2589826583862305,2.0800166723100624,0.0,GREEN
2016-07-27,107.03630065917967,2.303066730499268,2.0800420947359193,0.0,GREEN
2016-07-28,107.4099578857422,2.328087091445923,2.080065453938179,0.0,GREEN
2016-07-29,107.64349365234376,2.343377590179444,2.0800836132396623,0.0,GREEN
2016-08-01,108.21331787109376,2.380113124847412,2.0801034235593456,0.0,GREEN
2016-08-02,107.39127349853516,2.326498031616211,2.080123068981021,0.0,GREEN
2016-08-03,107.74625396728516,2.3485398292541504,2.080146181459664,0.0,GREEN
2016-08-04,108.05453491210938,2.369589328765869,2.080168303649764,0.0,GREEN
2016-08-05,109.0914306640625,2.4380972385406494,2.080188775147021,0.0,GREEN
2016-08-08,108.97000885009766,2.4303529262542725,2.0802094119404253,0.0,GREEN
2016-08-09,109.22222900390624,2.446437358856201,2.0802300489385597,0.0,GREEN
2016-08-10,108.9419937133789,2.42757248878479,2.0802542357413625,0.0,GREEN
2016-08-11,109.40904998779295,2.458948135375977,2.0802767718290736,0.0,GREEN
2016-08-12,109.48377990722656,2.4635140895843506,2.0802994732625915,0.0,GREEN
2016-08-15,109.95087432861328,2.494492292404175,2.080321184325499,0.0,GREEN
2016-08-16,109.34367370605467,2.455173969268799,2.080343886243677,0.0,GREEN
2016-08-17,109.5398406982422,2.4666919708251958,2.0803676616013536,0.0,GREEN
2016-08-18,109.56786346435548,2.4690749645233154,2.080391437230748,0.0,GREEN
2016-08-19,109.5398406982422,2.465698719024658,2.0804149654669453,0.0,GREEN
2016-08-22,109.62390899658205,2.468081474304199,2.0804391544197696,0.0,GREEN
2016-08-23,109.82008361816406,2.4827771186828613,2.080462270410473,0.0,GREEN
2016-08-24,109.11014556884766,2.434919834136963,2.0804874506091773,0.0,GREEN
2016-08-25,108.93267059326172,2.423402547836304,2.0805126311126423,0.0,GREEN
2016-08-26,109.0914306640625,2.4351189136505127,2.080537811920871,0.0,GREEN
2016-08-29,109.24091339111328,2.4418699741363525,2.0805629930338676,0.0,GREEN
2016-08-30,108.88592529296876,2.419827461242676,2.0805881744516355,0.0,GREEN
2016-08-31,108.77384948730467,2.4134738445281982,2.08061500743306,0.0,GREEN
2016-09-01,109.05406951904295,2.424196720123291,2.0806414279405003,0.0,GREEN
2016-09-02,109.40904998779295,2.4525928497314453,2.0806674359581527,0.0,GREEN
2016-09-06,110.09098815917967,2.4980664253234863,2.080692453507341,0.0,GREEN
2016-09-07,110.1563949584961,2.502633810043335,2.0807174713573358,0.0,GREEN
2016-09-08,109.51182556152344,2.4597413539886475,2.080744718849115,0.0,GREEN
2016-09-09,106.75601959228516,2.273280143737793,2.080772214404683,0.0,GREEN
2016-09-12,108.67105865478516,2.3898441791534424,2.080799710323585,0.0,GREEN
2016-09-13,107.69953918457033,2.333447933197021,2.0808286103190694,0.0,GREEN
2016-09-14,108.21331787109376,2.363433122634888,2.0808570978535172,0.0,GREEN
2016-09-15,109.8948211669922,2.473046064376831,2.0808831085670434,0.0,GREEN
2016-09-16,109.84236907958984,2.470266342163086,2.0809060643407826,0.0,GREEN
2016-09-19,109.36476135253906,2.437898635864258,2.0809286074899704,0.0,GREEN
2016-09-20,109.57076263427734,2.451401472091675,2.08094826070505,0.0,GREEN
2016-09-21,110.64775848388672,2.522690534591675,2.0809720429698624,0.0,GREEN
2016-09-22,111.5281219482422,2.581666946411133,2.0809904579212812,0.0,GREEN
2016-09-23,110.81635284423828,2.535200357437134,2.0810036705588137,0.0,GREEN
2016-09-26,109.88919067382812,2.472252130508423,2.0810172961786266,0.0,GREEN
2016-09-27,110.97552490234376,2.542349100112915,2.081031582526944,0.0,GREEN
2016-09-28,111.162841796875,2.556248664855957,2.0810526405842302,0.0,GREEN
2016-09-29,110.35746002197266,2.502037763595581,2.081074359507575,0.0,GREEN
2016-09-30,111.18157958984376,2.553468704223633,2.081093766351751,0.0,GREEN
2016-10-03,111.02237701416016,2.547710418701172,2.081115237953315,0.0,GREEN
2016-10-04,110.85381317138672,2.53321385383606,2.0811390221264388,0.0,GREEN
2016-10-05,111.24710083007812,2.5596249103546143,2.0811650363640184,0.0,GREEN
2016-10-06,111.19095611572266,2.5556528568267822,2.081190885754613,0.0,GREEN
2016-10-07,110.94744110107422,2.538972854614258,2.0812164877061825,0.0,GREEN
2016-10-10,111.64983367919922,2.5844459533691406,2.0812420899726964,0.0,GREEN
2016-10-11,110.05774688720705,2.4776132106781006,2.0812675273758803,0.0,GREEN
2016-10-12,109.9641342163086,2.472450494766236,2.0812939561692883,0.0,GREEN
2016-10-13,109.57076263427734,2.4434585571289062,2.0813220371197856,0.0,GREEN
2016-10-14,109.701904296875,2.449018716812134,2.0813447499599684,0.0,GREEN
2016-10-17,109.40221405029295,2.43213963508606,2.081368701942513,0.0,GREEN
2016-10-18,110.3761749267578,2.494492292404175,2.081393067170282,0.0,GREEN
2016-10-19,110.3668212890625,2.495485305786133,2.08142057129331,0.0,GREEN
2016-10-20,110.23568725585938,2.484960556030273,2.081447249820029,0.0,GREEN
2016-10-21,110.64775848388672,2.511967182159424,2.0814736808956265,0.0,GREEN
2016-10-24,111.97761535644533,2.6035091876983643,2.0814996993164407,0.0,GREEN
2016-10-25,111.6217269897461,2.5774965286254883,2.0815255528637615,0.0,GREEN
2016-10-26,110.86317443847656,2.5280520915985107,2.081552397934391,0.0,GREEN
2016-10-27,110.35746002197266,2.4927048683166504,2.0815782521362625,0.0,GREEN
2016-10-28,109.6644515991211,2.449615001678467,2.0816009677724425,0.0,GREEN
2016-10-31,109.5614242553711,2.4357142448425293,2.081623518449751,0.0,GREEN
2016-11-01,108.73729705810548,2.385673761367798,2.081647886660491,0.0,GREEN
2016-11-02,107.86637115478516,2.323519229888916,2.081676385411222,0.0,GREEN
2016-11-03,106.80811309814452,2.2565996646881104,2.0817048845521144,0.0,GREEN
2016-11-04,106.43351745605467,2.2309839725494385,2.0817344579794956,0.0,GREEN
2016-11-07,108.96208953857422,2.390836238861084,2.0817640318270074,0.0,GREEN
2016-11-08,109.67381286621094,2.4377005100250244,2.0817962496025086,0.0,GREEN
2016-11-09,110.17952728271484,2.471854448318481,2.0818309462055855,0.0,GREEN
2016-11-10,108.40015411376952,2.354299068450928,2.081865478164388,0.0,GREEN
2016-11-11,108.44701385498048,2.352313756942749,2.0819033152436712,0.0,GREEN
2016-11-14,107.35126495361328,2.2728829383850098,2.081941153010628,0.0,GREEN
2016-11-15,108.84033203125,2.3781280517578125,2.0819827092187095,0.0,GREEN
2016-11-16,109.48651123046876,2.4168498516082764,2.0820230269795634,0.0,GREEN
2016-11-17,110.28253936767578,2.472846984863281,2.0820604538228205,0.0,GREEN
2016-11-18,109.8704605102539,2.4450466632843018,2.0820951548293007,0.0,GREEN
2016-11-21,111.01300048828124,2.5185203552246094,2.0821296911706115,0.0,GREEN
2016-11-22,111.35015106201172,2.541157484054565,2.0821643933310474,0.0,GREEN
2016-11-23,110.90062713623048,2.510576009750366,2.0822036404768576,0.0,GREEN
2016-11-25,111.25651550292967,2.5348026752471924,2.0822437146354056,0.0,GREEN
2016-11-28,111.00363159179688,2.520703792572021,2.08228337641956,0.0,GREEN
2016-11-29,111.38761901855467,2.544930219650269,2.0823205600502965,0.0,GREEN
2016-11-30,110.03903198242188,2.462522268295288,2.082359231717407,0.0,GREEN
2016-12-01,108.13792419433594,2.327293634414673,2.0823979041027054,0.0,GREEN
2016-12-02,108.35334014892578,2.336625099182129,2.082435750858619,0.0,GREEN
2016-12-05,109.19617462158205,2.3906381130218506,2.082473350394093,0.0,GREEN
2016-12-06,109.45842742919922,2.4079136848449707,2.08251078533245,0.0,GREEN
2016-12-07,110.8444366455078,2.497272253036499,2.0825508654023177,0.0,GREEN
2016-12-08,111.0411148071289,2.5125627517700195,2.0825911941655613,0.0,GREEN
2016-12-09,111.91205596923828,2.571340084075928,2.082631688995125,0.0,GREEN
2016-12-12,111.40631866455078,2.53559684753418,2.082674663933163,0.0,GREEN
2016-12-13,112.81110382080078,2.63468599319458,2.0827159868431617,0.0,GREEN
2016-12-14,112.57699584960938,2.6154239177703857,2.0827592114647926,0.0,GREEN
2016-12-15,112.75489044189452,2.631309747695923,2.082802436983506,0.0,GREEN
2016-12-16,112.33692169189452,2.5993385314941406,2.0828427706184534,0.0,GREEN
2016-12-19,112.79715728759766,2.631111860275269,2.082882857077721,0.0,GREEN
2016-12-20,113.22925567626952,2.662883758544922,2.0829223657275184,0.0,GREEN
2016-12-21,113.14472198486328,2.653549671173096,2.0829647680766237,0.0,GREEN
2016-12-22,112.82534790039062,2.630516529083252,2.083006344716387,0.0,GREEN
2016-12-23,112.9004898071289,2.638657093048096,2.0830470955945395,0.0,GREEN
2016-12-27,113.48284912109376,2.677180528640747,2.083088425894055,0.0,GREEN
2016-12-28,112.59990692138672,2.615225553512573,2.083129343702815,0.0,GREEN
2016-12-29,112.44025421142578,2.602516889572144,2.0831702623153174,0.0,GREEN
2016-12-30,111.28496551513672,2.52646279335022,2.0832066351292244,0.0,GREEN
2017-01-03,112.28057861328124,2.5876240730285645,2.083246315254721,0.0,GREEN
2017-01-04,112.89110565185548,2.631707191467285,2.0832855827939003,0.0,GREEN
2017-01-05,113.52982330322266,2.6783716678619385,2.083328405886987,0.0,GREEN
2017-01-06,114.5254135131836,2.746284484863281,2.0833704031434936,0.0,GREEN
2017-01-09,114.9011459350586,2.774085283279419,2.0834119878798623,0.0,GREEN
2017-01-10,115.15474700927734,2.789970874786377,2.0834520852943035,0.0,GREEN
2017-01-11,115.4646987915039,2.8114166259765625,2.083493671661074,0.0,GREEN
2017-01-12,115.28622436523438,2.797119379043579,2.0835348454642504,0.0,GREEN
2017-01-13,115.68074798583984,2.8292882442474365,2.08357643348294,0.0,GREEN
2017-01-17,115.33323669433594,2.8026797771453857,2.0836188491469967,0.0,GREEN
2017-01-18,115.56804656982422,2.8217432498931885,2.083661265674515,0.0,GREEN
2017-01-19,115.51166534423828,2.814197301864624,2.0837038484333252,0.0,GREEN
2017-01-20,115.76528930664062,2.8324663639068604,2.083745439825368,0.0,GREEN
2017-01-23,115.8591766357422,2.838820219039917,2.083785130213811,0.0,GREEN
2017-01-24,116.6388168334961,2.8979954719543457,2.0838242425291176,0.0,GREEN
2017-01-25,117.8128890991211,2.982588291168213,2.083865009408207,0.0,GREEN
2017-01-26,117.9350128173828,2.994899272918701,2.0839049501550684,0.0,GREEN
2017-01-27,118.160400390625,3.009196519851685,2.083945305140271,0.0,GREEN
2017-01-30,117.23991394042967,2.940887928009033,2.083986487868585,0.0,GREEN
2017-01-31,117.00511169433594,2.924604177474976,2.084027423317848,0.0,GREEN
2017-02-01,117.8128890991211,2.980205774307251,2.084068773068311,0.0,GREEN
2017-02-02,117.70957946777344,2.9726598262786865,2.0841101236392054,0.0,GREEN
2017-02-03,118.04773712158205,2.998473644256592,2.084150482597609,0.0,GREEN
2017-02-06,118.18858337402344,3.009593963623047,2.0841908423375672,0.0,GREEN
2017-02-07,118.62066650390624,3.040571928024292,2.0842324434501633,0.0,GREEN
2017-02-08,118.81790161132812,3.0576493740081787,2.08427586495743,0.0,GREEN
2017-02-09,119.2499771118164,3.089421033859253,2.0843192873693113,0.0,GREEN
2017-02-10,119.64445495605467,3.1200008392333984,2.08436295882081,0.0,GREEN
2017-02-13,120.32076263427734,3.1748085021972656,2.084406217623645,0.0,GREEN
2017-02-14,120.72462463378906,3.2045938968658447,2.0844494773242714,0.0,GREEN
2017-02-15,121.43843841552734,3.259798288345337,2.0844937305197093,0.0,GREEN
2017-02-16,121.4009017944336,3.2570178508758545,2.084536743880825,0.0,GREEN
2017-02-17,121.9268798828125,3.297924518585205,2.084578765495892,0.0,GREEN
2017-02-21,122.52803802490234,3.350348711013794,2.0846207879580616,0.0,GREEN
2017-02-22,122.57498931884766,3.350745677947998,2.0846625630964732,0.0,GREEN
2017-02-23,122.11473846435548,3.314604997634888,2.084704752695176,0.0,GREEN
2017-02-24,122.34960174560548,3.3324763774871826,2.08474595043162,0.0,GREEN
2017-02-27,122.49984741210938,3.3424055576324463,2.0847871489822096,0.0,GREEN
2017-02-28,122.12413024902344,3.3161933422088623,2.0848276865108955,0.0,GREEN
2017-03-01,123.45792388916016,3.423424005508423,2.084870954958674,0.0,GREEN
2017-03-02,122.83800506591795,3.3694112300872803,2.084921835738721,0.0,GREEN
2017-03-03,123.06340789794922,3.38688588142395,2.084975199807938,0.0,GREEN
2017-03-06,122.79100036621094,3.363454341888428,2.0850317092571493,0.0,GREEN
2017-03-07,122.58436584472656,3.346773862838745,2.0850900405000155,0.0,GREEN
2017-03-08,122.80044555664062,3.363851308822632,2.08515085562738,0.0,GREEN
2017-03-09,122.89437103271484,3.3741772174835205,2.085209438437489,0.0,GREEN
2017-03-10,123.41096496582033,3.4111123085021973,2.085268436625132,0.0,GREEN
2017-03-13,123.6175765991211,3.430968999862671,2.0853284294690315,0.0,GREEN
2017-03-14,123.3170166015625,3.405552387237549,2.085388672289104,0.0,GREEN
2017-03-15,124.07785034179688,3.4651246070861816,2.0854509856904526,0.0,GREEN
2017-03-16,123.99329376220705,3.4631381034851074,2.0855101562222016,0.0,GREEN
2017-03-17,123.94998931884766,3.454797744750977,2.085568749126946,0.0,GREEN
2017-03-20,124.06295013427734,3.4651246070861816,2.085627343677872,0.0,GREEN
2017-03-21,122.18047332763672,3.310633420944214,2.0856861053988744,0.0,GREEN
2017-03-22,123.00877380371094,3.3757660388946533,2.085748427687808,0.0,GREEN
2017-03-23,122.69815063476562,3.3487589359283447,2.0858103380004116,0.0,GREEN
2017-03-24,122.9522705078125,3.36702823638916,2.0858722501506706,0.0,GREEN
2017-03-27,123.14997100830078,3.384899854660034,2.0859341641386395,0.0,GREEN
2017-03-28,123.90292358398438,3.448444128036499,2.085996907715236,0.0,GREEN
2017-03-29,124.47710418701172,3.4941160678863525,2.0860608948427615,0.0,GREEN
2017-03-30,124.6841812133789,3.5115909576416016,2.0861233938890176,0.0,GREEN
2017-03-31,124.59944152832033,3.50325083732605,2.086186143157525,0.0,GREEN
2017-04-03,124.52416229248048,3.495704174041748,2.086247238606847,0.0,GREEN
2017-04-04,124.7218017578125,3.5115909576416016,2.0863085014233733,0.0,GREEN
2017-04-05,124.21354675292967,3.471478223800659,2.086373077636525,0.0,GREEN
2017-04-06,124.2794418334961,3.4742586612701416,2.0864376558484636,0.0,GREEN
2017-04-07,124.21354675292967,3.4702868461608887,2.086502898421755,0.0,GREEN
2017-04-10,124.26058197021484,3.4742586612701416,2.0865689710117223,0.0,GREEN
2017-04-11,123.72408294677734,3.430572271347046,2.086634217691218,0.0,GREEN
2017-04-12,123.22525787353516,3.385297536849976,2.086700460048322,0.0,GREEN
2017-04-13,122.73583221435548,3.345184326171875,2.086766124866933,0.0,GREEN
2017-04-17,123.75232696533205,3.4246151447296143,2.0868315433305606,0.0,GREEN
2017-04-18,123.56411743164062,3.4146862030029297,2.0868969638450054,0.0,GREEN
2017-04-19,123.7617416381836,3.426600456237793,2.0869636286097206,0.0,GREEN
2017-04-20,124.7970962524414,3.509604454040528,2.087028639185244,0.0,GREEN
2017-04-21,124.7688217163086,3.508016347885132,2.0870924095031946,0.0,GREEN
2017-04-24,126.27484130859376,3.635501146316528,2.087155602024319,0.0,GREEN
2017-04-25,127.1877899169922,3.716122627258301,2.08721937622169,0.0,GREEN
2017-04-26,127.00899505615234,3.699839353561402,2.0872862997659243,0.0,GREEN
2017-04-27,127.7713623046875,3.7645745277404794,2.0873528113073125,0.0,GREEN
2017-04-28,127.9972915649414,3.7860207557678223,2.087417834006186,0.0,GREEN
2017-05-01,129.1361541748047,3.881336212158203,2.087482444555821,0.0,GREEN
2017-05-02,129.35260009765625,3.9043707847595215,2.0875474712928734,0.0,GREEN
2017-05-03,128.93846130371094,3.865847110748291,2.0876173047257045,0.0,GREEN
2017-05-04,128.9855499267578,3.869818687438965,2.087687554704018,0.0,GREEN
2017-05-05,129.45619201660156,3.911916494369507,2.087758386961919,0.0,GREEN
2017-05-08,129.73854064941406,3.935348510742188,2.0878302986372823,0.0,GREEN
2017-05-09,130.19033813476562,3.978637933731079,2.0879023784932254,0.0,GREEN
2017-05-10,130.26560974121094,3.9849915504455566,2.0879761179014396,0.0,GREEN
2017-05-11,130.16212463378906,3.975461006164551,2.0880486170721997,0.0,GREEN
2017-05-12,130.45396423339844,4.001276016235352,2.088119875875396,0.0,GREEN
2017-05-15,130.86801147460938,4.038605213165283,2.0881907228013366,0.0,GREEN
2017-05-16,131.4138946533203,4.089443206787109,2.088262235045106,0.0,GREEN
2017-05-17,128.07260131835938,3.780063152313232,2.088335987162539,0.0,GREEN
2017-05-18,129.1926727294922,3.8757753372192383,2.08840849882876,0.0,GREEN
2017-05-19,129.73854064941406,3.922639846801758,2.0884825047336566,0.0,GREEN
2017-05-22,130.830322265625,4.0243096351623535,2.08855609888001,0.0,GREEN
2017-05-23,130.9621124267578,4.034238815307617,2.0886288668283686,0.0,GREEN
2017-05-24,131.5644989013672,4.089839458465576,2.0887045381827147,0.0,GREEN
2017-05-25,132.68455505371094,4.1974687576293945,2.0887795491964964,0.0,GREEN
2017-05-26,132.91989135742188,4.215339183807373,2.0888548115700973,0.0,GREEN
2017-05-30,133.03285217285156,4.224075794219971,2.0889302424404668,0.0,GREEN
2017-05-31,132.98574829101562,4.218912124633789,2.089005676034729,0.0,GREEN
2017-06-01,133.50341796875,4.269350528717041,2.0890844282318453,0.0,GREEN
2017-06-02,135.0282745361328,4.415102958679199,2.0891630175995775,0.0,GREEN
2017-06-05,135.0,4.411529541015625,2.0892420244398435,0.0,GREEN
2017-06-06,134.46353149414062,4.3614888191223145,2.0893206197361947,0.0,GREEN
2017-06-07,134.99061584472656,4.409147262573242,2.08940004708392,0.0,GREEN
2017-06-08,135.13182067871094,4.4210615158081055,2.0894807211404633,0.0,GREEN
2017-06-09,131.7527618408203,4.101356506347656,2.0895613983119214,0.0,GREEN
2017-06-12,131.04685974121094,4.027089595794678,2.0896426590345487,0.0,GREEN
2017-06-13,132.1104736328125,4.121213436126709,2.089723342458609,0.0,GREEN
2017-06-14,131.53628540039062,4.066009998321533,2.0898048582524495,0.0,GREEN
2017-06-15,130.95274353027344,4.011203765869141,2.089886377226053,0.0,GREEN
2017-06-16,130.3845672607422,3.963149309158325,2.0899687286987434,0.0,GREEN
2017-06-19,132.56471252441406,4.154972076416016,2.0900504199379366,0.0,GREEN
2017-06-20,131.52655029296875,4.060847759246826,2.0901321143702196,0.0,GREEN
2017-06-21,132.82899475097656,4.1788010597229,2.0902144755261234,0.0,GREEN
2017-06-22,132.79119873046875,4.174035549163818,2.0902947663039546,0.0,GREEN
2017-06-23,133.30087280273438,4.220897674560547,2.0903721569815645,0.0,GREEN
2017-06-26,132.67799377441406,4.164900779724121,2.0904495505244722,0.0,GREEN
2017-06-27,130.2713165283203,3.935746669769287,2.090526946932784,0.0,GREEN
2017-06-28,132.14942932128906,4.100959300994873,2.0906090747779187,0.0,GREEN
2017-06-29,129.85601806640625,3.8920586109161377,2.0906907910465122,0.0,GREEN
2017-06-30,129.90321350097656,3.878556489944458,2.0907740038602936,0.0,GREEN
2017-07-03,128.5347442626953,3.7729146480560303,2.0908563903096993,0.0,GREEN
2017-07-05,129.79940795898438,3.880542516708374,2.090939360801378,0.0,GREEN
2017-07-06,128.62913513183594,3.778076887130737,2.0910239940596376,0.0,GREEN
2017-07-07,130.01646423339844,3.8912646770477295,2.091107635020745,0.0,GREEN
2017-07-10,130.86590576171875,3.97268009185791,2.091191279327491,0.0,GREEN
2017-07-11,131.23399353027344,4.005247116088867,2.091275341898519,0.0,GREEN
2017-07-12,132.79119873046875,4.147822856903076,2.0913610675894803,0.0,GREEN
2017-07-13,133.0837860107422,4.175226211547852,2.0914459668901206,0.0,GREEN
2017-07-14,134.13143920898438,4.273321628570557,2.091530039699184,0.0,GREEN
2017-07-17,134.19747924804688,4.275705814361572,2.0916137009021174,0.0,GREEN
2017-07-18,135.09405517578125,4.360694408416748,2.0916983614550944,0.0,GREEN
2017-07-19,135.8868865966797,4.440522193908691,2.0917846855112896,0.0,GREEN
2017-07-20,136.06614685058594,4.457202434539795,2.0918747484661937,0.0,GREEN
2017-07-21,136.00955200195312,4.450451850891113,2.0919671396038466,0.0,GREEN
2017-07-24,136.63241577148438,4.508434295654297,2.092061610184355,0.0,GREEN
2017-07-25,136.2832489013672,4.478250503540039,2.09215708124792,0.0,GREEN
2017-07-26,136.72679138183594,4.518362998962402,2.092251975516088,0.0,GREEN
2017-07-27,135.86801147460938,4.437740802764893,2.092342888848352,0.0,GREEN
2017-07-28,135.75474548339844,4.423443794250488,2.0924323946232897,0.0,GREEN
2017-07-31,135.17897033691406,4.365858554840088,2.092519828403276,0.0,GREEN
2017-08-01,135.490478515625,4.39445161819458,2.092607265836745,0.0,GREEN
2017-08-02,135.8585662841797,4.426621913909912,2.0926951221233088,0.0,GREEN
2017-08-03,135.33001708984375,4.380551338195801,2.0927823177494376,0.0,GREEN
2017-08-04,135.5753936767578,4.397629737854004,2.0928701813854027,0.0,GREEN
2017-08-07,136.43426513671875,4.475471496582031,2.0929576334586213,0.0,GREEN
2017-08-08,136.1982879638672,4.458791732788086,2.093043428110185,0.0,GREEN
2017-08-09,136.01901245117188,4.4413161277771,2.0931289771050685,0.0,GREEN
2017-08-10,133.10269165039062,4.152985572814941,2.0932141142936254,0.0,GREEN
2017-08-11,134.112548828125,4.247905254364014,2.093298673499273,0.0,GREEN
2017-08-14,135.83969116210938,4.413118362426758,2.0933828207842025,0.0,GREEN
2017-08-15,135.93405151367188,4.4210615158081055,2.0934661407450426,0.0,GREEN
2017-08-16,136.16995239257812,4.444096565246582,2.093549879392019,0.0,GREEN
2017-08-17,133.38584899902344,4.170856475830078,2.093631710608731,0.0,GREEN
2017-08-18,133.29144287109375,4.156163692474365,2.0937129634572242,0.0,GREEN
2017-08-21,133.12159729003906,4.148616790771484,2.093795050296787,0.0,GREEN
2017-08-22,135.15069580078125,4.333291053771973,2.0938752293510974,0.0,GREEN
2017-08-23,134.6693572998047,4.284840106964111,2.0939579041869383,0.0,GREEN
2017-08-24,134.27297973632812,4.249096393585205,2.0940393358847973,0.0,GREEN
2017-08-25,133.98983764648438,4.220501899719238,2.094122266492382,0.0,GREEN
2017-08-28,134.40512084960938,4.257437229156494,2.094204951082269,0.0,GREEN
2017-08-29,134.93359375,4.309859275817871,2.094288469969803,0.0,GREEN
2017-08-30,136.5191650390625,4.459186553955078,2.0943724077211794,0.0,GREEN
2017-08-31,137.98207092285156,4.585877418518066,2.0944553515194664,0.0,GREEN
2017-09-01,137.79331970214844,4.582701206207275,2.0945366363330704,0.0,GREEN
2017-09-05,136.55690002441406,4.459982872009277,2.0946185061194496,0.0,GREEN
2017-09-06,136.97222900390625,4.49850606918335,2.0947002128635197,0.0,GREEN
2017-09-07,137.2930908203125,4.52630615234375,2.0947864945617334,0.0,GREEN
2017-09-08,136.10389709472656,4.414708614349365,2.0948715329183973,0.0,GREEN
2017-09-11,137.6706085205078,4.555298328399658,2.094956325336001,0.0,GREEN
2017-09-12,138.00096130371094,4.593820095062256,2.095041121185679,0.0,GREEN
2017-09-13,138.18972778320312,4.612883567810059,2.0951257541966055,0.0,GREEN
2017-09-14,137.37803649902344,4.5350446701049805,2.095210390626437,0.0,GREEN
2017-09-15,137.84996032714844,4.57158088684082,2.0952958619072137,0.0,GREEN
2017-09-18,137.66929626464844,4.560461521148682,2.0953798400342194,0.0,GREEN
2017-09-19,137.90573120117188,4.579922199249268,2.095462990027871,0.0,GREEN
2017-09-20,137.48011779785156,4.541794776916504,2.09554764008096,0.0,GREEN
2017-09-21,136.6383514404297,4.4544219970703125,2.0956324598648055,0.0,GREEN
2017-09-22,136.50587463378906,4.443302154541016,2.0957162851645483,0.0,GREEN
2017-09-25,135.06817626953125,4.30390214920044,2.0957996980009765,0.0,GREEN
2017-09-26,135.4181365966797,4.333291053771973,2.095882698324491,0.0,GREEN
2017-09-27,136.6383514404297,4.450847148895264,2.0959694445791883,0.0,GREEN
2017-09-28,136.59103393554688,4.443302154541016,2.09605577855766,0.0,GREEN
2017-09-29,137.57470703125,4.537426471710205,2.096141450676388,0.0,GREEN
2017-10-02,137.69769287109375,4.550134181976318,2.096226959938503,0.0,GREEN
2017-10-03,137.9908905029297,4.578729629516602,2.0963112249359,0.0,GREEN
2017-10-04,138.12330627441406,4.590643405914307,2.096397323429862,0.0,GREEN
2017-10-05,139.47584533691406,4.722894668579102,2.0964840909843203,0.0,GREEN
2017-10-06,139.6650390625,4.739972114562988,2.096570862129991,0.0,GREEN
2017-10-09,139.5042266845703,4.728057861328125,2.096657636867023,0.0,GREEN
2017-10-10,139.60829162597656,4.737985610961914,2.0967445815948227,0.0,GREEN
2017-10-11,140.0244140625,4.779290676116943,2.096832361968775,0.0,GREEN
2017-10-12,139.76910400390625,4.753474235534668,2.0969212277178464,0.0,GREEN
2017-10-13,140.3081817626953,4.8066935539245605,2.0970088490669254,0.0,GREEN
2017-10-16,140.79055786132812,4.85633659362793,2.0970962244316684,0.0,GREEN
2017-10-17,140.9702911376953,4.873413562774658,2.0971840195271754,0.0,GREEN
2017-10-18,140.80003356933594,4.854748249053955,2.097273316287372,0.0,GREEN
2017-10-19,140.27984619140625,4.8011322021484375,2.0973622007245063,0.0,GREEN
2017-10-20,140.65821838378906,4.836082935333252,2.097450839250847,0.0,GREEN
2017-10-23,139.74069213867188,4.745930194854736,2.097540313844189,0.0,GREEN
2017-10-24,139.97715759277344,4.770154476165772,2.097629376076166,0.0,GREEN
2017-10-25,139.44749450683594,4.71217155456543,2.097720772788823,0.0,GREEN
2017-10-26,139.00296020507812,4.668484687805176,2.0978109248317156,0.0,GREEN
2017-10-27,143.05120849609375,5.070796966552734,2.097900831017781,0.0,GREEN
2017-10-30,143.3728485107422,5.106938362121582,2.0979901582993543,0.0,GREEN
2017-10-31,143.9119110107422,5.160949230194092,2.0980796558993626,0.0,GREEN
2017-11-01,143.86463928222656,5.154199600219727,2.0981731536576005,0.0,GREEN
2017-11-02,143.59033203125,5.127987384796143,2.098267904493826,0.0,GREEN
2017-11-03,144.97129821777344,5.270960330963135,2.098362659608879,0.0,GREEN
2017-11-06,145.46315002441406,5.324574947357178,2.0984582516857535,0.0,GREEN
2017-11-07,145.5482635498047,5.333312511444092,2.098554680838112,0.0,GREEN
2017-11-08,146.13467407226562,5.400032997131348,2.0986536126986195,0.0,GREEN
2017-11-09,145.3685760498047,5.3134541511535645,2.0987531321897803,0.0,GREEN
2017-11-10,145.3590850830078,5.311866760253906,2.098853322662477,0.0,GREEN
2017-11-13,145.53878784179688,5.327751636505127,2.0989532680627656,0.0,GREEN
2017-11-14,145.0091094970703,5.274137496948242,2.0990519688366764,0.0,GREEN
2017-11-15,144.32806396484375,5.196692943572998,2.0991552555216515,0.0,GREEN
2017-11-16,146.17251586914062,5.391296863555908,2.099257714291664,0.0,GREEN
2017-11-17,145.6144561767578,5.330929279327393,2.099360178062641,0.0,GREEN
2017-11-20,145.5009765625,5.317824363708496,2.099463479913467,0.0,GREEN
2017-11-21,147.0805206298828,5.48542070388794,2.0995667868474,0.0,GREEN
2017-11-22,147.26025390625,5.507264137268066,2.099673264877066,0.0,GREEN
2017-11-24,147.7993927001953,5.56921911239624,2.0997786651409567,0.0,GREEN
2017-11-27,147.73316955566406,5.560083866119385,2.0998819875840042,0.0,GREEN
2017-11-28,148.1114959716797,5.600991249084473,2.0999838985274546,0.0,GREEN
2017-11-29,145.5293426513672,5.313058376312256,2.100089314384661,0.0,GREEN
2017-11-30,146.74949645996094,5.444911479949951,2.100194152177976,0.0,GREEN
2017-12-01,146.12525939941406,5.372233867645264,2.1002973283856945,0.0,GREEN
2017-12-04,144.4416046142578,5.186764240264893,2.100400259625004,0.0,GREEN
2017-12-05,144.53614807128906,5.194310188293457,2.1005040294001334,0.0,GREEN
2017-12-06,145.18882751464844,5.263017177581787,2.1006109717276606,0.0,GREEN
2017-12-07,145.68067932128906,5.315043926239014,2.100716252349936,0.0,GREEN
2017-12-08,146.32382202148438,5.385340213775635,2.1008212881617583,0.0,GREEN
2017-12-11,147.4589080810547,5.508852481842041,2.1009257456664465,0.0,GREEN
2017-12-12,147.26025390625,5.488201141357422,2.101031042064892,0.0,GREEN
2017-12-13,147.54400634765625,5.515604972839356,2.1011402623246096,0.0,GREEN
2017-12-14,147.43997192382812,5.507659912109375,2.1012464032594487,0.0,GREEN
2017-12-15,149.11416625976562,5.686775207519531,2.1013533833832323,0.0,GREEN
2017-12-18,150.3643035888672,5.832925319671631,2.1014605357255935,0.0,GREEN
2017-12-19,149.4733428955078,5.738007545471191,2.1015701952781622,0.0,GREEN
2017-12-20,149.3122100830078,5.714178085327148,2.1016830295864324,0.0,GREEN
2017-12-21,149.3312225341797,5.711398124694824,2.10179561975072,0.0,GREEN
2017-12-22,149.1605987548828,5.69233512878418,2.1019057138113677,0.0,GREEN
2017-12-26,148.3549346923828,5.600196361541748,2.102013978635591,0.0,GREEN
2017-12-27,148.3738555908203,5.600196361541748,2.1021226661021797,0.0,GREEN
2017-12-28,148.553955078125,5.615288257598877,2.1022401180346333,0.0,GREEN
2017-12-29,147.63455200195312,5.509249210357666,2.1023544064858926,0.0,GREEN
2018-01-02,150.22218322753906,5.792019844055176,2.1024674497502134,0.0,GREEN
2018-01-03,151.68179321289062,5.961601257324219,2.1025824180117163,0.0,GREEN
2018-01-04,151.94720458984375,5.996551513671875,2.1026967250721413,0.0,GREEN
2018-01-05,153.4732208251953,6.177651882171631,2.1028110383468785,0.0,GREEN
2018-01-08,154.07034301757812,6.2463579177856445,2.102925357836266,0.0,GREEN
2018-01-09,154.07981872558594,6.251123428344727,2.1030405180340352,0.0,GREEN
2018-01-10,153.71961975097656,6.2066426277160645,2.103158605425019,0.0,GREEN
2018-01-11,154.771728515625,6.33095121383667,2.103275030274799,0.0,GREEN
2018-01-12,155.90914916992188,6.465187072753906,2.103392129277238,0.0,GREEN
2018-01-16,155.4636688232422,6.4151458740234375,2.1035098190721615,0.0,GREEN
2018-01-17,157.1413116455078,6.617294788360596,2.103626263364125,0.0,GREEN
2018-01-18,157.1697235107422,6.623649597167969,2.1037443836451732,0.0,GREEN
2018-01-19,157.66259765625,6.687192440032959,2.103861675740365,0.0,GREEN
2018-01-22,159.3497772216797,6.896092891693115,2.1039788074040575,0.0,GREEN
2018-01-23,160.6672821044922,7.070838451385498,2.1040948602021605,0.0,GREEN
2018-01-24,159.62460327148438,6.927468299865723,2.1042128398057867,0.0,GREEN
2018-01-25,159.56776428222656,6.91873025894165,2.1043305755214172,0.0,GREEN
2018-01-26,162.01316833496094,7.227714061737059,2.104446898239899,0.0,GREEN
2018-01-29,161.22647094726562,7.13200044631958,2.104562809839853,0.0,GREEN
2018-01-30,159.89952087402344,6.949709892272949,2.104677642136025,0.0,GREEN
2018-01-31,160.56301879882812,7.035492897033691,2.104796656641568,0.0,GREEN
2018-02-01,159.19813537597656,6.859555721282959,2.1049160954950836,0.0,GREEN
2018-02-02,156.02284240722656,6.440564155578613,2.1050374622800185,0.0,GREEN
2018-02-05,149.8714599609375,5.697100162506104,2.1051585854713153,0.0,GREEN
2018-02-06,153.84286499023438,6.136348247528076,2.105280383927711,0.0,GREEN
2018-02-07,151.85240173339844,5.893688201904297,2.1054046957247574,0.0,GREEN
2018-02-08,145.44509887695312,5.163332462310791,2.1055312706487217,0.0,GREEN
2018-02-09,147.9568328857422,5.406387805938721,2.1056578531822496,0.0,GREEN
2018-02-12,150.58230590820312,5.709013938903809,2.1057852789035154,0.0,GREEN
2018-02-13,151.35952758789062,5.7785162925720215,2.1059135479643416,0.0,GREEN
2018-02-14,154.1935577392578,6.116886615753174,2.106044749725483,0.0,GREEN
2018-02-15,157.0560302734375,6.436592102050781,2.106174288188247,0.0,GREEN
2018-02-16,156.35467529296875,6.364707946777344,2.106304670401305,0.0,GREEN
2018-02-20,156.66741943359375,6.396479606628418,2.106435896529996,0.0,GREEN
2018-02-21,156.221923828125,6.338893890380859,2.1065673815922503,0.0,GREEN
2018-02-22,156.2029571533203,6.340085983276367,2.106701800657091,0.0,GREEN
2018-02-23,159.39720153808594,6.717774391174316,2.1068359774995606,0.0,GREEN
2018-02-26,161.51084899902344,6.987437725067139,2.1069701628878175,0.0,GREEN
2018-02-27,159.51095581054688,6.737234115600586,2.1071046076539415,0.0,GREEN
2018-02-28,158.48728942871094,6.601805686950684,2.107241318606855,0.0,GREEN
2018-03-01,155.89964294433594,6.284087657928467,2.1073766168813712,0.0,GREEN
2018-03-02,157.33091735839844,6.456847190856934,2.1075095823135612,0.0,GREEN
2018-03-05,159.0748748779297,6.659393310546875,2.1076438106040296,0.0,GREEN
2018-03-06,159.74786376953125,6.743588447570801,2.10777972017515,0.0,GREEN
2018-03-07,160.11752319335938,6.794025897979736,2.1079171440677817,0.0,GREEN
2018-03-08,160.9990234375,6.895299434661865,2.10805516245022,0.0,GREEN
2018-03-09,164.1268768310547,7.296816825866699,2.1081919350760336,0.0,GREEN
2018-03-12,164.99887084960938,7.406032562255859,2.1083287165757856,0.0,GREEN
2018-03-13,162.75247192382812,7.137162685394287,2.1084661762621115,0.0,GREEN
2018-03-14,162.7240447998047,7.112936496734619,2.108607577371577,0.0,GREEN
2018-03-15,162.5819091796875,7.081164360046387,2.108751330860964,0.0,GREEN
2018-03-16,162.09854125976562,7.034300327301025,2.1088963493586164,0.0,GREEN
2018-03-19,158.63995361328125,6.592671871185303,2.1090417962605845,0.0,GREEN
2018-03-20,159.162109375,6.641124248504639,2.1091864162732223,0.0,GREEN
2018-03-21,158.4690399169922,6.545013427734375,2.1093335571364764,0.0,GREEN
2018-03-22,154.5576629638672,6.0668463706970215,2.109476690488189,0.0,GREEN
2018-03-23,150.48487854003906,5.57676362991333,2.109617573393098,0.0,GREEN
2018-03-26,156.07662963867188,6.204260349273682,2.1097588842814883,0.0,GREEN
2018-03-27,151.02598571777344,5.609330177307129,2.1099016278921328,0.0,GREEN
2018-03-28,149.28858947753906,5.415918827056885,2.1100467254955313,0.0,GREEN
2018-03-29,152.0228271484375,5.715767860412598,2.110188651261817,0.0,GREEN
2018-04-02,147.63671875,5.208210468292236,2.1103284931251918,0.0,GREEN
2018-04-03,149.2981414794922,5.382956027984619,2.110469432918347,0.0,GREEN
2018-04-04,151.65257263183594,5.637528419494629,2.1106128945954654,0.0,GREEN
2018-04-05,152.5164794921875,5.726093292236328,2.1107525970665746,0.0,GREEN
2018-04-06,148.7000274658203,5.298761367797852,2.1108928951022667,0.0,GREEN
2018-04-09,149.74432373046875,5.404799461364746,2.11103362129088,0.0,GREEN
2018-04-10,153.0481414794922,5.761836051940918,2.111173938005761,0.0,GREEN
2018-04-11,152.1652069091797,5.664931774139404,2.1113159395905092,0.0,GREEN
2018-04-12,153.99749755859375,5.863506317138672,2.111457783153967,0.0,GREEN
2018-04-13,153.2000274658203,5.776531219482422,2.111600641709955,0.0,GREEN
2018-04-16,154.36778259277344,5.904016017913818,2.1117445992503217,0.0,GREEN
2018-04-17,157.6905517578125,6.281705379486084,2.1118881476083926,0.0,GREEN
2018-04-18,158.01333618164062,6.32539176940918,2.1120352255325585,0.0,GREEN
2018-04-19,156.56080627441406,6.153425216674805,2.1121835708622774,0.0,GREEN
2018-04-20,154.08297729492188,5.858343124389648,2.112333016230957,0.0,GREEN
2018-04-23,153.6937255859375,5.812274932861328,2.1124809633636326,0.0,GREEN
2018-04-24,150.4373779296875,5.441734790802002,2.1126304297740117,0.0,GREEN
2018-04-25,150.61773681640625,5.463180541992188,2.1127832601381695,0.0,GREEN
2018-04-26,153.78863525390625,5.801948547363281,2.11293543084206,0.0,GREEN
2018-04-27,153.88357543945312,5.815450668334961,2.113085097098946,0.0,GREEN
2018-04-30,152.79183959960938,5.691539764404297,2.113233516169643,0.0,GREEN
2018-05-01,154.53868103027344,5.876611709594727,2.1133813586582617,0.0,GREEN
2018-05-02,153.6272735595703,5.774148941040039,2.113533153108192,0.0,GREEN
2018-05-03,153.60826110839844,5.774544715881348,2.1136828617037375,0.0,GREEN
2018-05-04,156.52285766601562,6.0994133949279785,2.113832832534314,0.0,GREEN
2018-05-07,157.82347106933594,6.244372367858887,2.113983233416554,0.0,GREEN
2018-05-08,157.66207885742188,6.223720550537109,2.114133644999936,0.0,GREEN
2018-05-09,159.38046264648438,6.432223796844482,2.1142875908459366,0.0,GREEN
2018-05-10,161.0323486328125,6.632385730743408,2.1144423869040954,0.0,GREEN
2018-05-11,160.88050842285156,6.612529277801514,2.1145971942955373,0.0,GREEN
2018-05-14,161.15579223632812,6.641917705535889,2.114753271708697,0.0,GREEN
2018-05-15,159.37094116210938,6.427060604095459,2.114908941048354,0.0,GREEN
2018-05-16,160.42471313476562,6.545411109924316,2.115066300344563,0.0,GREEN
2018-05-17,159.8076629638672,6.471541404724121,2.1152228320378295,0.0,GREEN
2018-05-18,158.98171997070312,6.367884635925293,2.115379207443017,0.0,GREEN
2018-05-21,159.87405395507812,6.4790873527526855,2.115534922858499,0.0,GREEN
2018-05-22,159.6652374267578,6.445329189300537,2.1156913213361155,0.0,GREEN
2018-05-23,161.01339721679688,6.60736608505249,2.1158502500537906,0.0,GREEN
2018-05-24,160.96592712402344,6.601805686950684,2.116007511465411,0.0,GREEN
2018-05-25,161.1272735595703,6.618486404418945,2.116163692973411,0.0,GREEN
2018-05-29,160.4152374267578,6.533893585205078,2.116319298188408,0.0,GREEN
2018-05-30,161.56402587890625,6.673293113708496,2.116473823092349,0.0,GREEN
2018-05-31,161.45960998535156,6.658997058868408,2.116631550786165,0.0,GREEN
2018-06-01,163.99440002441406,6.968771934509277,2.1167886182865643,0.0,GREEN
2018-06-04,165.47543334960938,7.147488117218018,2.1169455294454353,0.0,GREEN
2018-06-05,165.98805236816406,7.221358776092529,2.1171022002165705,0.0,GREEN
2018-06-06,166.95640563964844,7.340502738952637,2.1172620750372437,0.0,GREEN
2018-06-07,165.59884643554688,7.170125961303711,2.117421709874231,0.0,GREEN
2018-06-08,165.6083526611328,7.165360927581787,2.1175800963783153,0.0,GREEN
2018-06-11,166.05450439453125,7.221358776092529,2.117738074575581,0.0,GREEN
2018-06-12,166.92799377441406,7.33573579788208,2.1178950561147847,0.0,GREEN
2018-06-13,166.91844177246094,7.32739782333374,2.1180537301580458,0.0,GREEN
2018-06-14,168.60838317871094,7.550198078155518,2.1182130044349607,0.0,GREEN
2018-06-15,168.01974487304688,7.475136756896973,2.118371282019155,0.0,GREEN
2018-06-18,167.9226837158203,7.458456516265869,2.118529991741563,0.0,GREEN
2018-06-19,167.4469757080078,7.391735553741455,2.1186882930117537,0.0,GREEN
2018-06-20,168.63621520996094,7.5466227531433105,2.118847867233348,0.0,GREEN
2018-06-21,167.1710662841797,7.351226329803467,2.1190066126618237,0.0,GREEN
2018-06-22,166.79998779296875,7.277355670928955,2.11916553815657,0.0,GREEN
2018-06-25,163.0419921875,6.812691688537598,2.1193227936949213,0.0,GREEN
2018-06-26,163.7079620361328,6.887752532958984,2.119478631204116,0.0,GREEN
2018-06-27,161.48165893554688,6.611338138580322,2.1196378444209025,0.0,GREEN
2018-06-28,162.8707733154297,6.773374557495117,2.1197959761327043,0.0,GREEN
2018-06-29,163.30838012695312,6.804351806640625,2.1199541196416334,0.0,GREEN
2018-07-02,164.40249633789062,6.95685625076294,2.1201122749485704,0.0,GREEN
2018-07-03,162.49969482421875,6.717377185821533,2.1202717040247845,0.0,GREEN
2018-07-05,164.5166473388672,6.9640069007873535,2.1204343423238776,0.0,GREEN
2018-07-06,167.07591247558594,7.277355670928955,2.120595057781142,0.0,GREEN
2018-07-09,168.57913208007812,7.479902267456055,2.120755364667031,0.0,GREEN
2018-07-10,168.70285034179688,7.497773170471191,2.120916525240144,0.0,GREEN
2018-07-11,167.84657287597656,7.3881611824035645,2.121079381325659,0.0,GREEN
2018-07-12,170.7388458251953,7.752744674682617,2.1212409873701477,0.0,GREEN
2018-07-13,170.88156127929688,7.775380611419678,2.1214032791386797,0.0,GREEN
2018-07-16,170.47239685058594,7.722956657409668,2.12156558332382,0.0,GREEN
2018-07-17,171.5094757080078,7.865930557250977,2.12172874181682,0.0,GREEN
2018-07-18,171.1859893798828,7.81588888168335,2.1218950280991877,0.0,GREEN
2018-07-19,170.3297119140625,7.700320243835449,2.122060064382363,0.0,GREEN
2018-07-20,170.2917022705078,7.689596652984619,2.122224102989834,0.0,GREEN
2018-07-23,170.83401489257812,7.756316661834717,2.1223868910503216,0.0,GREEN
2018-07-24,171.53805541992188,7.85520601272583,2.122548596714597,0.0,GREEN
2018-07-25,173.93557739257812,8.182854652404785,2.1227136838308875,0.0,GREEN
2018-07-26,171.30014038085938,7.825421333312988,2.122878194137127,0.0,GREEN
2018-07-27,168.98825073242188,7.498965740203857,2.123042043272006,0.0,GREEN
2018-07-30,166.60025024414062,7.176083087921143,2.1232059050531773,0.0,GREEN
2018-07-31,167.8751220703125,7.319056987762451,2.1233697794816178,0.0,GREEN
2018-08-01,168.51254272460938,7.419137954711914,2.12353703698331,0.0,GREEN
2018-08-02,170.80538940429688,7.714617729187012,2.1237037177910216,0.0,GREEN
2018-08-03,171.32867431640625,7.783721923828125,2.1238693161194484,0.0,GREEN
2018-08-06,172.3372039794922,7.926694869995117,2.1240345059583614,0.0,GREEN
2018-08-07,172.9651336669922,8.004137992858887,2.1242003829434086,0.0,GREEN
2018-08-08,173.17440795898438,8.025585174560547,2.124369644616034,0.0,GREEN
2018-08-09,173.06976318359375,8.018437385559082,2.124538919775859,0.0,GREEN
2018-08-10,171.74732971191406,7.831380367279053,2.1247079555209893,0.0,GREEN
2018-08-13,171.5570068359375,7.808741569519043,2.124876583136507,0.0,GREEN
2018-08-14,172.6321258544922,7.952907085418701,2.125044802533074,0.0,GREEN
2018-08-15,170.52003479003906,7.663384914398193,2.1252162396786036,0.0,GREEN
2018-08-16,171.08135986328125,7.733681678771973,2.1253865943120807,0.0,GREEN
2018-08-17,171.119384765625,7.732490062713623,2.1255565409077355,0.0,GREEN
2018-08-20,170.9671630859375,7.717000007629394,2.125724814134293,0.0,GREEN
2018-08-21,171.59512329101562,7.79682731628418,2.125892931976334,0.0,GREEN
2018-08-22,172.26109313964844,7.887375831604004,2.126064606273915,0.0,GREEN
2018-08-23,172.0137481689453,7.84805965423584,2.126236294434877,0.0,GREEN
2018-08-24,173.61209106445312,8.066093444824219,2.126407827703542,0.0,GREEN
2018-08-27,175.3816680908203,8.309148788452148,2.126580640538383,0.0,GREEN
2018-08-28,175.63858032226562,8.346083641052246,2.126754480062106,0.0,GREEN
2018-08-29,177.6650390625,8.63798999786377,2.126929852917487,0.0,GREEN
2018-08-30,177.35110473632812,8.58913803100586,2.1271054090258916,0.0,GREEN
2018-08-31,177.57940673828125,8.614160537719727,2.1272791226417014,0.0,GREEN
2018-09-04,176.81832885742188,8.511695861816406,2.127452597194838,0.0,GREEN
2018-09-05,174.5349578857422,8.173324584960938,2.1276271833907656,0.0,GREEN
2018-09-06,172.97467041015625,7.950523853302002,2.1278036413523003,0.0,GREEN
2018-09-07,172.30870056152344,7.871887683868408,2.127979269582922,0.0,GREEN
2018-09-10,172.88900756835938,7.9409918785095215,2.1281555878702516,0.0,GREEN
2018-09-11,174.220947265625,8.117325782775879,2.1283314985040542,0.0,GREEN
2018-09-12,173.7072296142578,8.04703140258789,2.128509535126439,0.0,GREEN
2018-09-13,175.56239318847656,8.285319328308105,2.1286873332459644,0.0,GREEN
2018-09-14,175.04873657226562,8.222174644470215,2.128864132549553,0.0,GREEN
2018-09-17,172.52749633789062,7.875463008880615,2.1290417913238544,0.0,GREEN
2018-09-18,173.95455932617188,8.062519073486328,2.1292198873627983,0.0,GREEN
2018-09-19,173.82130432128906,8.044649124145508,2.129399434674729,0.0,GREEN
2018-09-20,175.74317932128906,8.297233581542969,2.1295785746174998,0.0,GREEN
2018-09-21,174.7823028564453,8.164982795715332,2.12975756062885,0.0,GREEN
2018-09-24,175.2683868408203,8.235279083251953,2.1299369842440155,0.0,GREEN
2018-09-25,175.50669860839844,8.26863956451416,2.1301164229749077,0.0,GREEN
2018-09-26,175.6305694580078,8.260300636291504,2.130299680608576,0.0,GREEN
2018-09-27,177.117431640625,8.489057540893555,2.1304822777313124,0.0,GREEN
2018-09-28,177.07933044433594,8.4759521484375,2.1306631996478935,0.0,GREEN
2018-10-01,177.4414825439453,8.524802207946777,2.1308449824289424,0.0,GREEN
2018-10-02,177.04116821289062,8.4759521484375,2.131027203495457,0.0,GREEN
2018-10-03,177.23184204101562,8.500971794128418,2.131211131434583,0.0,GREEN
2018-10-04,173.82920837402344,8.016053199768066,2.1313946523995755,0.0,GREEN
2018-10-05,171.7037811279297,7.714617729187012,2.1315781891677625,0.0,GREEN
2018-10-08,170.6553192138672,7.576409816741943,2.131761318798645,0.0,GREEN
2018-10-09,171.20816040039062,7.634791374206543,2.1319444641626872,0.0,GREEN
2018-10-10,163.67849731445312,6.644698143005371,2.1321293172790443,0.0,GREEN
2018-10-11,161.64837646484375,6.375432014465332,2.1323171477213205,0.0,GREEN
2018-10-12,166.1470489501953,6.91396427154541,2.1325045716220816,0.0,GREEN
2018-10-15,164.13600158691406,6.65303897857666,2.1326922658681755,0.0,GREEN
2018-10-16,168.91114807128906,7.226123809814453,2.13288099220919,0.0,GREEN
2018-10-17,168.9778289794922,7.249952793121338,2.133072274392605,0.0,GREEN
2018-10-18,165.0605010986328,6.74716329574585,2.1332635737306918,0.0,GREEN
2018-10-19,164.90806579589844,6.719759941101074,2.133454466968902,0.0,GREEN
2018-10-22,165.75628662109375,6.821033477783203,2.1336458005829897,0.0,GREEN
2018-10-23,165.1462860107422,6.745970249176025,2.13383698201148,0.0,GREEN
2018-10-24,157.58816528320312,5.828557014465332,2.1340308902101865,0.0,GREEN
2018-10-25,163.03993225097656,6.426662921905518,2.134224392621587,0.0,GREEN
2018-10-26,158.84620666503906,5.927447319030762,2.1344174891118293,0.0,GREEN
2018-10-29,155.5770263671875,5.610522270202637,2.1346100101815444,0.0,GREEN
2018-10-30,158.14089965820312,5.827366352081299,2.1348014474276815,0.0,GREEN
2018-10-31,161.85801696777344,6.22054386138916,2.134994850272451,0.0,GREEN
2018-11-01,163.99302673339844,6.492193222045898,2.1351878470390115,0.0,GREEN
2018-11-02,161.4386749267578,6.201479911804199,2.1353801834029817,0.0,GREEN
2018-11-05,161.03836059570312,6.140716552734375,2.135572791306194,0.0,GREEN
2018-11-06,162.2583770751953,6.270583629608154,2.135764992847875,0.0,GREEN
2018-11-07,167.34800720214844,6.8472442626953125,2.135960771300703,0.0,GREEN
2018-11-08,166.28050231933594,6.730482578277588,2.136156567699889,0.0,GREEN
2018-11-09,163.47833251953125,6.3885369300842285,2.1363517886728403,0.0,GREEN
2018-11-12,158.5316925048828,5.827366352081299,2.1365467731574466,0.0,GREEN
2018-11-13,158.6651153564453,5.824982166290283,2.136741775438255,0.0,GREEN
2018-11-14,157.4546661376953,5.677243232727051,2.1369363715707017,0.0,GREEN
2018-11-15,160.20913696289062,5.981063365936279,2.1371335293947413,0.0,GREEN
2018-11-16,159.64683532714844,5.915533065795898,2.13732943329675,0.0,GREEN
2018-11-19,154.4619140625,5.348404407501221,2.137524507010824,0.0,GREEN
2018-11-20,151.69786071777344,5.051734924316406,2.1377195985292445,0.0,GREEN
2018-11-21,152.85108947753906,5.164920806884766,2.1379176769159156,0.0,GREEN
2018-11-23,151.74551391601562,5.050542831420898,2.1381170462149974,0.0,GREEN
2018-11-26,155.2529296875,5.397253513336182,2.138316264426527,0.0,GREEN
2018-11-27,155.7772216796875,5.45325231552124,2.138515076921324,0.0,GREEN
2018-11-28,160.79054260253906,5.970339775085449,2.138714756517233,0.0,GREEN
2018-11-29,160.26632690429688,5.915533065795898,2.138912927113981,0.0,YELLOW
2018-11-30,161.42916870117188,6.0394439697265625,2.139108994127443,0.0,YELLOW
2018-12-03,164.25033569335938,6.349218845367432,2.1393049093554635,0.0,YELLOW
2018-12-04,157.9503173828125,5.651032447814941,2.1394991446674125,0.0,YELLOW
2018-12-06,159.0654296875,5.733242034912109,2.139699934964934,0.0,YELLOW
2018-12-07,153.8137969970703,5.172070503234863,2.139899725194609,0.0,YELLOW
2018-12-10,155.424560546875,5.334107398986816,2.140098430161803,0.0,YELLOW
2018-12-11,155.93919372558594,5.391296863555908,2.140296304335573,0.0,YELLOW
2018-12-12,157.31166076660156,5.527120590209961,2.1404975940973325,0.0,YELLOW
2018-12-13,157.3593292236328,5.528312206268311,2.1406993275015385,0.0,YELLOW
2018-12-14,153.52780151367188,5.1113057136535645,2.1409000605305555,0.0,YELLOW
2018-12-17,150.04888916015625,4.781276226043701,2.1411012371737566,0.0,YELLOW
2018-12-18,150.99253845214844,4.86110258102417,2.141300053709916,0.0,YELLOW
2018-12-19,147.28488159179688,4.509625911712647,2.1414978690540454,0.0,YELLOW
2018-12-20,145.14991760253906,4.328524112701416,2.1416965524724767,0.0,YELLOW
2018-12-21,140.6512451171875,3.910327911376953,2.141894999358656,0.0,RED
2018-12-24,137.16336059570312,3.620806455612183,2.1420930396437785,0.0,RED
2018-12-26,145.7277374267578,4.278298854827881,2.1422913532526278,0.0,RED
2018-12-27,146.29164123535156,4.339145660400391,2.1424936807790522,0.0,RED
2018-12-28,146.2152099609375,4.321249485015869,2.142693306781779,0.0,RED
2018-12-31,147.44827270507812,4.419079780578613,2.142891250835958,0.0,RED
2019-01-02,148.04086303710938,4.48231315612793,2.143086832176225,0.0,RED
2019-01-03,143.20428466796875,4.04803991317749,2.1432879591753733,0.0,RED
2019-01-04,149.3312530517578,4.565825939178467,2.143488254539847,0.0,RED
2019-01-07,151.109130859375,4.711378574371338,2.1436888238013574,0.0,RED
2019-01-08,152.4759521484375,4.847387790679932,2.1438889864856012,0.0,RED
2019-01-09,153.71856689453125,4.961920738220215,2.144093166397189,0.0,RED
2019-01-10,154.15821838378906,5.0096435546875,2.1442965149246738,0.0,RED
2019-01-11,153.5943145751953,4.949991226196289,2.1444986063620926,0.0,RED
2019-01-14,152.23703002929688,4.821140766143799,2.144700291340333,0.0,RED
2019-01-15,155.20965576171875,5.088384628295898,2.144901144215832,0.0,RED
2019-01-16,155.18096923828125,5.095542907714844,2.1451039735493937,0.0,RED
2019-01-17,156.40447998046875,5.214848041534424,2.145305119601357,0.0,RED
2019-01-18,157.95289611816406,5.358015537261963,2.1455056034742768,0.0,RED
2019-01-22,154.7891082763672,5.062137603759766,2.1457055101117115,0.0,RED
2019-01-23,154.9898223876953,5.066911220550537,2.14590517993245,0.0,RED
2019-01-24,155.99346923828125,5.1563897132873535,2.146105549564543,0.0,RED
2019-01-25,157.85731506347656,5.3401198387146,2.1463018500976787,0.0,RED
2019-01-28,155.90744018554688,5.143265247344971,2.1465001275125357,0.0,RED
2019-01-29,154.4355010986328,4.997712135314941,2.1463231768281745,0.35006126072062604,RED
2019-01-30,158.36395263671875,5.3723320960998535,2.2027736014508816,0.36665779163687057,RED
2019-01-31,160.7344512939453,5.608558654785156,2.2384182912223025,0.3766846738798572,RED
2019-02-01,160.0557861328125,5.53697395324707,2.2277859691636532,0.37365168623210154,RED
2019-02-04,162.04396057128906,5.739795207977295,2.258407222185429,0.3820868346602541,RED
2019-02-05,163.47772216796875,5.8913116455078125,2.2813151616357765,0.3882349602652565,RED
2019-02-06,162.99024963378906,5.844782829284668,2.2742081149229216,0.6000641075098795,RED
2019-02-07,160.8013458251953,5.606170654296875,2.218581047585761,0.5899979347122839,RED
2019-02-08,161.1167755126953,5.634805202484131,2.2253517990511638,0.5912071887580124,RED
2019-02-11,160.9638214111328,5.621681213378906,2.2223729163453454,0.5906208239840564,RED
2019-02-12,163.34388732910156,5.8650641441345215,2.2792849886196844,0.6008051023743197,RED
2019-02-13,163.4585723876953,5.876994609832764,2.2821564373535517,0.6012697536432123,RED
2019-02-14,163.6593017578125,5.898470401763916,2.2872564066538295,0.6021213519429756,RED
2019-02-15,164.34756469726562,5.968860626220703,2.3037771832219045,0.604937408927799,RED
2019-02-19,164.6725311279297,6.004652976989746,2.3122197658325407,0.6063428775915519,GREEN
2019-02-20,164.6438446044922,5.999880313873291,2.3111911318716314,0.6061305880816908,GREEN
2019-02-21,164.04165649414062,5.931876659393311,2.2953993624940328,0.6033833638415387,GREEN
2019-02-22,165.25558471679688,6.060725688934326,2.3255702357069534,0.6084916794476294,GREEN
2019-02-25,165.85775756835938,6.127537727355957,2.3412563216209925,0.6110778011043295,GREEN
2019-02-26,166.0298309326172,6.146625995635986,2.345799618667684,0.6117941970739713,GREEN
2019-02-27,165.9246368408203,6.127537727355957,2.341429518169147,0.6110325994166494,GREEN
2019-02-28,165.5423583984375,6.089359760284424,2.3326020095749165,0.6095235133449113,GREEN
2019-03-01,166.6893310546875,6.2110514640808105,2.3611013600861765,0.6142002271617341,GREEN
2019-03-04,166.71804809570312,6.212244987487793,2.3614659885328146,0.6142233971982516,GREEN
2019-03-05,166.84226989746094,6.227753162384033,2.3651727768221074,0.614791699957992,GREEN
2019-03-06,165.89596557617188,6.120378494262695,2.3401891439989786,0.6106421752585166,GREEN
2019-03-07,163.8600311279297,5.897277355194092,2.2881852745852234,0.6017551884083058,GREEN
2019-03-08,163.6115264892578,5.863872051239014,2.2804722340295136,0.6003702629538729,GREEN
2019-03-11,167.0143280029297,6.230140686035156,2.366077104534166,0.6147923247976979,GREEN
2019-03-12,167.93190002441406,6.331549167633057,2.3898405702510455,0.618586632205523,GREEN
2019-03-13,169.19361877441406,6.468750476837158,2.4219616844707375,0.623609334311374,GREEN
2019-03-14,168.90692138671875,6.440117835998535,2.41536277007144,0.6225452477379063,GREEN
2019-03-15,170.47447204589844,6.599987506866455,2.452776375899158,0.628267558976997,GREEN
2019-03-18,170.8804473876953,6.659640789031982,2.466790939925728,0.6303444542377938,GREEN
2019-03-19,171.45504760742188,6.726451873779297,2.482476645010529,0.6326453848711555,GREEN
2019-03-20,172.13490295410156,6.804027080535889,2.500676345902329,0.635284155328733,GREEN
2019-03-21,174.82569885253906,7.119106292724609,2.5743298491208972,0.6456850950198165,GREEN
2019-03-22,170.98577880859375,6.653648853302002,2.4657395543898515,0.6300458445758184,GREEN
2019-03-25,170.6602020263672,6.611877918243408,2.456073461385924,0.6285545145594448,GREEN
2019-03-26,171.45504760742188,6.702581882476807,2.4773380238816753,0.6317079406224209,GREEN
2019-03-27,170.353759765625,6.5712995529174805,2.4467726092212154,0.6270715987724627,GREEN
2019-03-28,170.7464141845703,6.613070964813232,2.456611723760297,0.6285301849304042,GREEN
2019-03-29,172.03915405273438,6.7622551918029785,2.491529866224063,0.6337017914520249,GREEN
2019-04-01,174.31817626953125,7.028401851654053,2.5537555002262553,0.6425941178448721,GREEN
2019-04-02,174.97891235351562,7.105978965759277,2.5719527507179363,0.6450901461447176,GREEN
2019-04-03,175.984375,7.228907108306885,2.600740508283973,0.6489856563142294,GREEN
2019-04-04,175.91734313964844,7.218163967132568,2.5983181076142046,0.6486253225030705,GREEN
2019-04-05,176.8270721435547,7.3267717361450195,2.623762285141242,0.6520000854654208,GREEN
2019-04-08,177.2771453857422,7.384057998657227,2.6372236552419803,0.6537438449184008,GREEN
2019-04-09,176.6547088623047,7.302901744842529,2.618360564748075,0.6512166299344891,GREEN
2019-04-10,177.6027069091797,7.421056270599365,2.6460336123123933,0.6548319248563085,GREEN
2019-04-11,177.181396484375,7.364963531494141,2.633022426767554,0.6530937367249987,GREEN
2019-04-12,177.9474334716797,7.455667018890381,2.6542860774701627,0.6558405282942268,GREEN
2019-04-15,177.97616577148438,7.461635112762451,2.655765632977018,0.655999845631442,GREEN
2019-04-16,178.5889892578125,7.534436702728271,2.672849289283436,0.6581665306693243,GREEN
2019-04-17,179.21141052246094,7.609625816345215,2.690491057818278,0.6603759148800811,GREEN
2019-04-18,179.44126892089844,7.633495330810547,2.696150536849011,0.6610568101870105,GREEN
2019-04-22,179.9487762451172,7.697943687438965,2.711284041754122,0.6629170487359719,GREEN
2019-04-23,182.2373962402344,7.990345001220703,2.779641573791261,0.6711756763247052,GREEN
2019-04-24,181.6628570556641,7.912770748138428,2.7606920573647784,0.0,GREEN
2019-04-25,182.4001922607422,8.001087188720703,2.760952241636058,0.0,GREEN
2019-04-26,182.56295776367188,8.029731750488281,2.7612113548137485,0.0,GREEN
2019-04-29,182.917236328125,8.072698593139648,2.76146994443707,0.0,GREEN
2019-04-30,181.50003051757807,7.887707233428955,2.7617285582775137,0.0,GREEN
2019-05-01,180.91590881347656,7.797002792358398,2.761988073091414,0.0,GREEN
2019-05-02,180.13070678710938,7.701523780822754,2.7622470642654187,0.0,GREEN
2019-05-03,183.0034637451172,8.06434154510498,2.7625071758537256,0.0,GREEN
2019-05-06,181.88311767578125,7.919930458068848,2.762766763832961,0.0,GREEN
2019-05-07,178.34007263183594,7.459248065948486,2.7630258280246704,0.0,GREEN
2019-05-08,177.88995361328125,7.393607139587402,2.763285464740745,0.0,GREEN
2019-05-09,176.9324188232422,7.276645183563232,2.763545345146904,0.0,GREEN
2019-05-10,177.15264892578125,7.296934127807617,2.763805249994195,0.0,GREEN
2019-05-13,171.0050048828125,6.542654514312744,2.764065179284917,0.0,GREEN
2019-05-14,172.8817901611328,6.747933864593506,2.764115615100489,0.15001125084381328,GREEN
2019-05-15,175.3236846923828,7.028401851654053,2.781569247019843,0.15526584371444174,GREEN
2019-05-16,177.08560180664062,7.248002052307129,2.7952824033219703,0.1593315702826192,GREEN
2019-05-17,175.2757568359375,7.022433757781982,2.7816396549662703,0.155130074647559,GREEN
2019-05-20,172.3168487548828,6.670358180999756,2.7602225350127894,0.14849583647321102,GREEN
2019-05-21,174.11712646484375,6.870862007141113,2.772759516335616,0.1522678589442613,GREEN
2019-05-22,173.3414764404297,6.781351566314697,2.767476593459196,0.1505710652640954,GREEN
2019-05-23,170.68896484375,6.461498260498047,2.7480386016470524,0.1444839552833299,GREEN
2019-05-24,170.60276794433594,6.451951503753662,2.747666825020152,0.1442900033355075,GREEN
2019-05-28,169.961181640625,6.3827290534973145,2.743626704110806,0.1429521221915162,GREEN
2019-05-29,168.56312561035156,6.222803115844727,2.7340139689632297,0.13986033062715436,GREEN
2019-05-30,169.27174377441406,6.296798706054688,2.7387753119726392,0.14127737764203321,GREEN
2019-05-31,166.57138061523438,5.993655204772949,2.7203632732675542,0.1353860981913265,GREEN
2019-06-03,162.90386962890625,5.61054801940918,2.6970360425595574,0.12782851765266223,YELLOW
2019-06-04,167.4906768798828,6.065263748168945,2.7248997756808913,0.35003732081500755,GREEN
2019-06-05,168.73553466796875,6.198931694030762,2.7460815429456265,0.3549920400794328,GREEN
2019-06-06,170.0761260986328,6.342151165008545,2.7687646842196614,0.360218269620073,GREEN
2019-06-07,173.36061096191406,6.703775405883789,2.825791821933136,0.3730735719532274,GREEN
2019-06-10,175.38113403320312,6.94843864440918,2.8644230049411235,0.381474284670888,GREEN
2019-06-11,175.62046813964844,6.974694728851318,2.8687080875511892,0.3823437888783471,GREEN
2019-06-12,174.60548400878906,6.856540679931641,2.8502829151062223,0.37829646300081016,GREEN
2019-06-13,175.6396484375,6.9687275886535645,2.8680775432929853,0.38210066395388753,GREEN
2019-06-14,174.8927459716797,6.878024101257324,2.8539641088897953,0.3789922938625566,GREEN
2019-06-17,175.94610595703125,7.0033392906188965,2.873820488641114,0.38323108057409816,GREEN
2019-06-18,178.50279235839844,7.306482791900635,2.921642877505313,0.39327508136811135,GREEN
2019-06-19,179.1731414794922,7.39241361618042,2.935308765914013,0.39604785006973736,GREEN
2019-06-20,180.8393096923828,7.595304489135742,2.9673646493482884,0.40252185347068903,GREEN
2019-06-21,180.5711975097656,7.56069278717041,2.9620678485053906,0.401404080431373,GREEN
2019-06-24,180.5769805908203,7.55830717086792,2.96183727974252,0.40130866394089715,GREEN
2019-06-25,177.4771270751953,7.171618461608887,2.9011718577989947,0.3887397167043657,GREEN
2019-06-26,178.302490234375,7.262323379516602,2.915582596695521,0.39171069332778735,GREEN
2019-06-27,178.98385620117188,7.341093063354492,2.9281171298773954,0.39426432136667844,GREEN
2019-06-28,179.2141876220703,7.37212324142456,2.9331436507636273,0.3952523375423156,GREEN
2019-07-01,181.63259887695312,7.665719032287598,2.979457439951294,0.4046046823793465,GREEN
2019-07-02,182.35240173339844,7.758812427520752,2.9942425692896713,0.4074961084466894,GREEN
2019-07-03,183.7247772216797,7.930671691894531,3.0214201865953614,0.41277562009843355,GREEN
2019-07-05,183.35047912597656,7.8793511390686035,3.0135009483043262,0.41118220946942613,GREEN
2019-07-08,182.06448364257807,7.713459014892578,2.987565240681378,0.40601957443220815,GREEN
2019-07-09,182.97622680664065,7.829226493835449,3.0059240776660374,0.40959631730794077,GREEN
2019-07-10,184.79962158203125,8.060761451721191,3.0424895898370745,0.4166411500543186,GREEN
2019-07-11,184.6653289794922,8.039280891418457,3.0392615990746092,0.41597220625924375,GREEN
2019-07-12,185.7305603027344,8.174141883850098,3.060617465334406,0.4199990546631274,GREEN
2019-07-15,186.32557678222656,8.243363380432129,3.0716503863859943,0.42203440315760915,GREEN
2019-07-16,185.36587524414065,8.1264009475708,3.0534038901809115,0.41853249738959153,GREEN
2019-07-17,184.4541473388672,8.005861282348633,3.0345961227291305,0.41487986254970344,GREEN
2019-07-18,184.6653289794922,8.040472984313965,3.0401851849099337,0.4159075000569798,GREEN
2019-07-19,183.31211853027344,7.845934867858887,3.00973418609085,0.40995081170220066,GREEN
2019-07-22,184.77085876464844,8.030923843383789,3.0389672060838273,0.41558004646387775,GREEN
2019-07-23,185.9800567626953,8.186076164245605,3.063509004086924,0.42021525382889646,GREEN
2019-07-24,187.28526306152344,8.36032485961914,3.091054451988177,0.42533555775395415,GREEN
2019-07-25,185.5098419189453,8.121628761291504,3.0536611668614126,0.41825147493813475,GREEN
2019-07-26,187.41964721679688,8.362711906433105,3.0917188523529644,0.4253655705805313,GREEN
2019-07-29,186.7766571044922,8.285135269165039,3.079664679000037,0.42306915654706545,GREEN
2019-07-30,185.970458984375,8.174141883850098,3.06235452042067,0.4197608191847516,GREEN
2019-07-31,183.3985137939453,7.829226493835449,3.008257354741498,0.40927862450952995,GREEN
2019-08-01,182.48675537109372,7.719426155090332,2.991133426446215,0.4058489476576126,GREEN
2019-08-02,179.79959106445312,7.366156578063965,2.9357218086301846,0.39458560755874894,GREEN
2019-08-05,173.44642639160156,6.592782497406006,2.8142429204700807,0.36840232233828896,GREEN
2019-08-06,175.87445068359375,6.863700866699219,2.856984995138424,0.3778031561816707,GREEN
2019-08-07,176.82455444335938,6.963954448699951,2.8728914889306325,0.3811991225961502,GREEN
2019-08-08,180.6729431152344,7.424636840820312,2.9454767220992704,0.39640106664678315,GREEN
2019-08-09,178.97425842285156,7.20503568649292,2.9110814749093095,0.3892216316916021,GREEN
2019-08-12,176.92051696777344,6.963954448699951,2.873306893469345,0.3811440112378614,GREEN
2019-08-13,180.79769897460935,7.421056270599365,2.9453262601099404,0.3962301405269972,GREEN
2019-08-14,175.39459228515625,6.756288528442383,2.840923585225959,0.37399330599915537,GREEN
2019-08-15,175.1930389404297,6.727645397186279,2.8365538514293074,0.3729814670359692,GREEN
2019-08-16,178.00497436523438,7.037949562072754,2.8854820142621884,0.3835685332575918,GREEN
2019-08-19,180.83612060546875,7.367349624633789,2.9374117745177744,0.39442246426137045,GREEN
2019-08-20,179.43495178222656,7.215778350830078,2.9137066454557705,0.3894507577972975,GREEN
2019-08-21,181.02798461914065,7.39957332611084,2.9427441664580702,0.395429771741066,GREEN
2019-08-22,180.442626953125,7.327965259552002,2.9316192766467566,0.393089122615218,GREEN
2019-08-23,174.73240661621094,6.657230377197266,2.8262770880004906,0.3704196710631827,GREEN
2019-08-26,177.37152099609375,6.926955699920654,2.8688286564575787,0.3797108378872296,GREEN
2019-08-27,176.9972686767578,6.885183334350586,2.8623960800067447,0.37826919370427897,GREEN
2019-08-28,177.63072204589844,6.954406261444092,2.8734192162458188,0.38060655104732377,GREEN
2019-08-29,180.34664916992188,7.270678997039795,2.923292928727918,0.39112702810884004,GREEN
2019-08-30,179.914794921875,7.219358444213867,2.9153593409236125,0.3894230967107541,GREEN
2019-09-03,178.1681365966797,7.009305477142334,2.8824631866548653,0.382407509030551,GREEN
2019-09-04,180.74012756347656,7.304095268249512,2.928956427561457,0.39216489199445903,GREEN
2019-09-05,184.05108642578125,7.707490921020508,2.992528562214465,0.40503253573707776,GREEN
2019-09-06,183.86875915527344,7.686009407043457,2.989286057142326,0.40434178923281927,GREEN
2019-09-09,183.4848480224609,7.637077331542969,2.981726011111933,0.40278626028755915,GREEN
2019-09-10,182.9569854736328,7.573821067810059,2.9719132281083516,0.4007689889532743,GREEN
2019-09-11,184.6748809814453,7.777907848358154,3.004142877833657,0.4071527783695124,GREEN
2019-09-12,185.44259643554688,7.874578952789307,3.019480468316104,0.41011939718131796,GREEN
2019-09-13,184.78045654296875,7.791034698486328,3.006476330369022,0.40752339234253504,GREEN
2019-09-16,183.955078125,7.683621406555176,2.9897189376654696,0.40415763614285966,GREEN
2019-09-17,184.8380279541016,7.785067558288574,3.005809739492224,0.40730157709168363,GREEN
2019-09-18,184.76126098632807,7.780293941497803,3.005196054642547,0.4071349527384487,GREEN
2019-09-19,185.06832885742188,7.814903259277344,3.0107715960456476,0.40818871083772024,GREEN
2019-09-20,183.1105499267578,7.569046974182129,2.9722416513726353,0.4004721118463581,GREEN
2019-09-23,183.19134521484372,7.576209545135498,2.9734988464524106,0.4006815978386571,GREEN
2019-09-24,180.75840759277344,7.276645183563232,2.926520162005302,0.3910163087903917,GREEN
2019-09-25,182.78744506835935,7.509374141693115,2.9632518165766797,0.39852023419278043,GREEN
2019-09-26,182.11427307128903,7.43418550491333,2.9515582278183405,0.3960930588045085,GREEN
2019-09-27,179.85447692871094,7.164458274841309,2.909266421293485,0.3872710711107306,GREEN
2019-09-30,181.5662078857422,7.355415344238281,2.939418493530935,0.3935147110109529,GREEN
2019-10-01,180.08522033691406,7.177587032318115,2.9115786258373513,0.38767262778770956,GREEN
2019-10-02,176.98876953125,6.809995174407959,2.853895560491849,0.3752527828420648,GREEN
2019-10-03,178.93128967285156,7.034368515014648,2.8893030175691123,0.38286636803270624,GREEN
2019-10-04,181.5662078857422,7.330350875854492,2.9359666847871386,0.3926348397047087,GREEN
2019-10-07,181.01808166503903,7.262323379516602,2.9253858677383278,0.39039803022258585,GREEN
2019-10-08,178.3062744140625,6.931729316711426,2.8735154065840858,0.3793527691053163,GREEN
2019-10-09,180.04678344726562,7.141782760620117,2.906665303728656,0.3863908223581052,GREEN
2019-10-10,181.44114685058597,7.2981276512146,2.931367150382511,0.39152223566320543,GREEN
2019-10-11,183.7779541015625,7.571433067321777,2.9744624402661706,0.4002992639181108,GREEN
2019-10-14,183.7586975097656,7.579789161682129,2.975891394751081,0.40054862135723357,GREEN
2019-10-15,186.0955047607422,7.867418766021728,3.021238243600312,0.40950809129225035,GREEN
2019-10-16,185.6339263916016,7.808937072753906,3.012156022901835,0.40768961874379134,GREEN
2019-10-17,186.12432861328125,7.862642288208008,3.0207159853869836,0.40933022795924023,GREEN
2019-10-18,184.33567810058597,7.637077331542969,2.985358947227616,0.4022961025618831,GREEN
2019-10-21,185.97048950195312,7.838773727416992,3.017192560581643,0.40856418504285263,GREEN
2019-10-22,184.48953247070312,7.657365798950195,2.9887796223002954,0.40290317894464683,GREEN
2019-10-23,184.8453826904297,7.693168640136719,2.9945243068112726,0.40401045439461347,GREEN
2019-10-24,186.6436004638672,7.91396427154541,3.029360758657641,0.4108263425675761,GREEN
2019-10-25,188.13414001464844,8.09417724609375,3.057815801058384,0.41627140911389543,GREEN
2019-10-28,189.9901123046875,8.341229438781738,3.0967820534708315,0.42357919354255613,GREEN
2019-10-29,188.518798828125,8.149080276489258,3.0666785810304216,0.4178837944126111,GREEN
2019-10-30,189.43235778808597,8.263651847839355,3.084808968149159,0.42126844570177946,GREEN
2019-10-31,189.5189208984375,8.269620895385742,3.0858606505694963,0.421429063824842,GREEN
2019-11-01,191.2402191162109,8.493995666503906,3.121251708473599,0.42795532570000133,GREEN
2019-11-04,192.4230499267578,8.645566940307617,3.1451928547527217,0.4322762653555282,GREEN
2019-11-05,192.5287933349609,8.6563081741333,3.1469885075374506,0.43256636377116897,GREEN
2019-11-06,192.09603881835935,8.601407051086426,3.1384623857141625,0.43099056795204815,GREEN
2019-11-07,192.7404022216797,8.688532829284668,3.1522710499651216,0.4334490807518642,GREEN
2019-11-08,193.50965881347656,8.791170120239258,3.16851925648944,0.4363204080383173,GREEN
2019-11-11,193.2500457763672,8.754173278808594,3.162808194470495,0.4352687384670296,GREEN
2019-11-12,193.8077850341797,8.82578182220459,3.1741765132722586,0.43725753962949937,GREEN
2019-11-13,193.85589599609372,8.812653541564941,3.1722206376611415,0.4368763185349423,GREEN
2019-11-14,193.70199584960935,8.810266494750977,3.1719540648922893,0.4367946890452666,GREEN
2019-11-15,195.125244140625,8.976163864135742,3.1981512222435575,0.44137422740692095,GREEN
2019-11-18,195.279052734375,9.022704124450684,3.2055784202206263,0.44263474740264025,GREEN
2019-11-19,195.56761169433597,9.059703826904297,3.2115049327711165,0.4436296864268007,GREEN
2019-11-20,194.39442443847656,8.900969505310059,3.186650679188677,0.4392563492851777,GREEN
2019-11-21,193.9616241455078,8.83174991607666,3.1758730646496036,0.4373194772149877,GREEN
2019-11-22,194.086669921875,8.855618476867676,3.179735104459672,0.4379687759674403,GREEN
2019-11-25,196.38497924804688,9.162341117858888,3.2280793901758154,0.446351956723574,GREEN
2019-11-26,196.760009765625,9.217243194580078,3.236822803163783,0.44781363695319915,GREEN
2019-11-27,198.13514709472656,9.403425216674805,3.266212579282924,0.4527482927235079,GREEN
2019-11-29,197.23123168945312,9.278108596801758,3.2466164330418725,0.4494109627869814,GREEN
2019-12-02,195.21176147460935,8.979741096496582,3.1998047317412825,0.4413219539349292,GREEN
2019-12-03,193.68276977539065,8.778042793273926,3.168194985430509,0.43571346852369175,GREEN
2019-12-04,194.66360473632807,8.90813159942627,3.188761716803972,0.4393187610549323,GREEN
2019-12-05,195.04830932617188,8.954675674438477,3.1961874656324665,0.4405881479819783,GREEN
2019-12-06,197.13504028320312,9.231563568115234,3.239836478212464,0.4480921822449825,GREEN
2019-12-09,196.24078369140625,9.118184089660645,3.222111562672666,0.4450235317226525,GREEN
2019-12-10,196.07725524902344,9.09789752960205,3.2190276191736116,0.4444588225583312,GREEN
2019-12-11,197.11575317382807,9.23514461517334,3.24071845391692,0.4481440056456809,GREEN
2019-12-12,198.5871124267578,9.446391105651855,3.2740467139059106,0.4537286931324393,GREEN
2019-12-13,199.24099731445312,9.531129837036133,3.287481220934746,0.4559280356224965,GREEN
2019-12-16,201.24124145507807,9.804435729980469,3.329798182058826,0.0,GREEN
2019-12-17,201.3566131591797,9.817562103271484,3.329999687699629,0.0,GREEN
2019-12-18,201.51046752929688,9.840237617492676,3.330201866248316,0.0,GREEN
2019-12-19,202.77023315429688,10.04074478149414,3.3304024712663796,0.0,GREEN
2019-12-20,203.5875701904297,10.160091400146484,3.3306050707490398,0.0,GREEN
2019-12-23,204.12535095214844,10.235283851623535,3.330807021722793,0.0,GREEN
2019-12-24,204.2313232421875,10.24853229522705,3.3310079275406297,0.0,GREEN
2019-12-26,206.0335235595703,10.514777183532717,3.3312112247688543,0.0,GREEN
2019-12-27,205.86007690429688,10.48373317718506,3.331414137829125,0.0,GREEN
2019-12-30,204.5108337402344,10.274799346923828,3.3316148158721197,0.0,GREEN
2019-12-31,204.8963165283203,10.33330249786377,3.331811804209716,0.0,GREEN
2020-01-02,208.3175506591797,10.845489501953123,3.332010787414059,0.0,GREEN
2020-01-03,206.40936279296875,10.550593376159668,3.33220846027688,0.0,GREEN
2020-01-06,207.73928833007807,10.75117015838623,3.3324032358017703,0.0,GREEN
2020-01-07,207.7103729248047,10.738038063049316,3.3326000062832173,0.0,GREEN
2020-01-08,209.2716522216797,10.98517608642578,3.33279837533121,0.0,GREEN
2020-01-09,211.0448760986328,11.262164115905762,3.3329958304135943,0.0,GREEN
2020-01-10,210.5051727294922,11.170233726501465,3.3331942230225473,0.0,GREEN
2020-01-13,212.9337615966797,11.560643196105955,3.333392362904766,0.0,GREEN
2020-01-14,212.09532165527344,11.42573070526123,3.3335921018903294,0.0,GREEN
2020-01-15,212.18202209472656,11.432894706726074,3.333794498549874,0.0,GREEN
2020-01-16,214.21548461914065,11.751667976379396,3.3339939970482018,0.0,GREEN
2020-01-17,215.27560424804688,11.927172660827637,3.3341948304970024,0.0,GREEN
2020-01-21,215.17921447753903,11.921201705932615,3.3343963375895895,0.0,GREEN
2020-01-22,215.74778747558597,12.002389907836914,3.334595210516786,0.0,GREEN
2020-01-23,216.44171142578125,12.113422393798828,3.334795418556138,0.0,GREEN
2020-01-24,214.6202850341797,11.799424171447754,3.3349959032788123,0.0,GREEN
2020-01-27,210.1871490478516,11.069944381713867,3.335193091529911,0.0,GREEN
2020-01-28,213.41563415527344,11.58452320098877,3.3353922766722466,0.0,GREEN
2020-01-29,213.76255798339844,11.626306533813477,3.335594782628115,0.0,GREEN
2020-01-30,214.52389526367188,11.757638931274414,3.335795977231527,0.0,GREEN
2020-01-31,211.1219482421875,11.17978572845459,3.335998242955482,0.0,GREEN
2020-02-03,214.3118896484375,11.693167686462402,3.3361981380870316,0.0,GREEN
2020-02-04,219.21725463867188,12.49189281463623,3.336399104309091,0.0,GREEN
2020-02-05,219.9400329589844,12.63635540008545,3.3366027305702444,0.0,GREEN
2020-02-06,221.8385162353516,12.944385528564451,3.336803985970515,0.0,GREEN
2020-02-07,220.8844451904297,12.77723789215088,3.337006577637304,0.0,GREEN
2020-02-10,223.55393981933597,13.238086700439451,3.337207592558222,0.0,GREEN
2020-02-11,223.5924835205078,13.247640609741213,3.3374088844422314,0.0,GREEN
2020-02-12,225.7705078125,13.635660171508787,3.337612572332029,0.0,GREEN
2020-02-13,225.48141479492188,13.58312702178955,3.337815875315645,0.0,GREEN
2020-02-14,226.12710571289065,13.675057411193848,3.33802051521184,0.0,GREEN
2020-02-18,226.21380615234372,13.698936462402344,3.338223843044357,0.0,GREEN
2020-02-19,228.38217163085935,14.095316886901855,3.338427183262121,0.0,GREEN
2020-02-20,226.26199340820312,13.694161415100098,3.338631595686187,0.0,GREEN
2020-02-21,221.9156036376953,12.910958290100098,3.338835358200186,0.0,GREEN
2020-02-24,213.35775756835935,11.423343658447266,3.3390364832833623,0.0,GREEN
2020-02-25,207.55616760253903,10.499255180358888,3.3392356329621093,0.0,GREEN
2020-02-26,208.6259307861328,10.643717765808104,3.3394330718956393,0.0,GREEN
2020-02-27,198.1791839599609,9.052234649658203,3.3396289323015895,0.0,GREEN
2020-02-28,198.3334197998047,9.193117141723633,3.3398138046149572,0.0,GREEN
2020-03-02,208.568115234375,10.447919845581056,3.3399768193389003,0.0,GREEN
2020-03-03,201.87989807128903,9.46413230895996,3.340127250833269,0.0,GREEN
2020-03-04,210.30279541015625,10.612676620483398,3.3402489268951316,0.0,GREEN
2020-03-05,203.9133453369141,9.681427001953123,3.34033839785011,0.0,GREEN
2020-03-06,200.4729461669922,9.174015045166016,3.340417266954963,0.0,GREEN
2020-03-09,186.54714965820312,7.310318470001221,3.3404722777937694,0.0,GREEN
2020-03-10,196.70474243164065,8.448116302490234,3.3405160220753363,0.0,GREEN
2020-03-11,188.13723754882807,7.361656665802002,3.3405677205356863,0.0,GREEN
2020-03-12,170.88673400878906,5.343946933746338,3.340616503429478,0.0,GREEN
2020-03-13,185.36175537109372,6.786191940307617,3.340652693441851,0.0,GREEN
2020-03-16,163.15765380859375,4.447320461273193,3.3406849068786326,0.0,GREEN
2020-03-17,175.5318603515625,5.172023296356201,3.340709431748305,0.0,GREEN
2020-03-18,170.19285583496094,4.693265914916992,3.3407313054418823,0.0,GREEN
2020-03-19,171.21434020996094,4.801910400390625,3.340731703147993,0.0,GREEN
2020-03-20,164.50686645507812,4.239579200744629,3.340731703147993,0.0,GREEN
2020-03-23,164.62567138671875,4.252711296081543,3.340731703147993,0.0,GREEN
2020-03-24,177.37387084960938,5.200678825378418,3.340731703147993,0.0,GREEN
2020-03-25,176.0604248046875,5.080091953277588,3.340731703147993,0.0,GREEN
2020-03-26,185.331787109375,5.907472133636475,3.340731703147993,0.0,GREEN
2020-03-27,178.95773315429688,5.293802738189697,3.340731703147993,0.0,GREEN
2020-03-30,185.46697998046875,5.850165843963623,3.340731703147993,0.0,GREEN
2020-03-31,183.8831787109375,5.687792778015137,3.3407334265413677,0.0,GREEN
2020-04-01,176.07008361816406,4.98219108581543,3.340737403604882,0.0,RED
2020-04-02,179.64341735839844,5.277087688446045,3.3407457554485256,0.0,RED
2020-04-03,177.09381103515625,5.064571380615234,3.34075437245115,0.0,RED
2020-04-06,189.75509643554688,6.124764442443848,3.3407620614887703,0.0,RED
2020-04-07,189.6777801513672,6.112825393676758,3.3407700156839772,0.0,RED
2020-04-08,193.70509338378903,6.503234386444092,3.340786984675339,0.0,RED
2020-04-09,193.98513793945312,6.527113437652588,3.340811510294392,0.0,GREEN
2020-04-13,196.08090209960935,6.753955841064453,3.340839350389442,0.0,GREEN
2020-04-14,204.60862731933597,7.63028621673584,3.340865864987856,0.0,GREEN
2020-04-15,202.2618408203125,7.3771772384643555,3.3408877397056984,0.0,GREEN
2020-04-16,205.95106506347656,7.772360801696777,3.3409029858206596,0.0,GREEN
2020-04-17,207.92127990722656,7.966969013214111,3.340917569127264,0.0,GREEN
2020-04-20,205.45852661132807,7.709084510803223,3.3409312244649634,0.0,GREEN
2020-04-21,197.87725830078125,6.856632709503174,3.3409405048295153,0.0,GREEN
2020-04-22,203.74913024902344,7.463138580322266,3.3409534973755832,0.0,GREEN
2020-04-23,203.31451416015625,7.414188385009766,3.3409658270852107,0.0,GREEN
2020-04-24,206.52088928222656,7.772360801696777,3.340978156840341,0.0,GREEN
2020-04-27,208.1820526123047,7.923989772796631,3.340991414690367,0.0,GREEN
2020-04-28,204.2610321044922,7.49537467956543,3.3410037445399277,0.0,GREEN
2020-04-29,211.5043029785156,8.274998664855957,3.3410150137987085,0.0,GREEN
2020-04-30,211.41734313964844,8.32991886138916,3.3410269459956607,0.0,GREEN
2020-05-01,205.45852661132807,7.58253002166748,3.341038878235228,0.0,GREEN
2020-05-04,207.8536529541016,7.849966526031494,3.3410512082599517,0.0,GREEN
2020-05-05,210.21011352539065,8.100687026977539,3.34106314058617,0.0,GREEN
2020-05-06,211.5043029785156,8.26067066192627,3.341077724591863,0.0,GREEN
2020-05-07,214.22775268554688,8.583027839660645,3.341092043496768,0.0,GREEN
2020-05-08,217.1637420654297,8.929261207580566,3.341104638883282,0.0,GREEN
2020-05-11,219.10491943359372,9.15132999420166,3.341117234317278,0.0,GREEN
2020-05-12,214.5175018310547,8.606905937194824,3.3411311556386534,0.0,GREEN
2020-05-13,211.8326416015625,8.280967712402344,3.341147463541173,0.0,GREEN
2020-05-14,214.2373809814453,8.55556869506836,3.341162710841382,0.0,GREEN
2020-05-15,215.62814331054688,8.70241928100586,3.341176632352243,0.0,GREEN
2020-05-18,219.645751953125,9.20625114440918,3.3411902887488116,0.0,GREEN
2020-05-19,219.0952911376953,9.135807037353516,3.3412042103745803,0.0,GREEN
2020-05-20,223.47018432617188,9.670680046081545,3.3412198556959773,0.0,GREEN
2020-05-21,221.0364227294922,9.373397827148438,3.3412355010906345,0.0,GREEN
2020-05-22,221.79942321777344,9.458166122436523,3.341250085848695,0.0,GREEN
2020-05-26,221.2006072998047,9.418766021728516,3.341264670670419,0.0,GREEN
2020-05-27,222.40782165527344,9.551289558410645,3.341280316274924,0.0,GREEN
2020-05-28,222.11813354492188,9.490400314331056,3.3412982159916154,0.0,GREEN
2020-05-29,225.3727569580078,9.882003784179688,3.341316513576625,0.0,GREEN
2020-06-01,226.04884338378903,10.003783226013184,3.341333485343849,0.0,GREEN
2020-06-02,227.56504821777344,10.203166007995604,3.341350457197279,0.0,GREEN
2020-06-03,228.58876037597656,10.34165859222412,3.341369683221182,0.0,GREEN
2020-06-04,226.985595703125,10.131531715393066,3.341389307138622,0.0,GREEN
2020-06-05,231.4861297607422,10.73206901550293,3.3414078704126293,0.0,GREEN
2020-06-08,233.282470703125,10.970850944519045,3.341427096766886,0.0,GREEN
2020-06-09,234.9725799560547,11.215603828430176,3.3414473840024517,0.0,GREEN
2020-06-10,237.7926483154297,11.620338439941406,3.3414692625278595,0.0,GREEN
2020-06-11,226.01019287109372,9.909465789794922,3.3414911411965194,0.0,GREEN
2020-06-12,227.8065185546875,10.124367713928224,3.341511428820926,0.0,GREEN
2020-06-15,230.57830810546875,10.481345176696776,3.341531318770697,0.0,GREEN
2020-06-16,234.5380096435547,11.035320281982422,3.341551871840475,0.0,GREEN
2020-06-17,235.28158569335935,11.142773628234863,3.3415730880423613,0.0,GREEN
2020-06-18,235.9190368652344,11.228736877441406,3.341594967390831,0.0,GREEN
2020-06-19,235.8804168701172,11.213213920593262,3.3416135318073956,0.0,GREEN
2020-06-22,238.7092437744141,11.611982345581056,3.341632494139037,0.0,GREEN
2020-06-23,240.7408599853516,11.915234565734863,3.341651058764083,0.0,GREEN
2020-06-24,235.7778778076172,11.213213920593262,3.3416696234922663,0.0,GREEN
2020-06-25,238.0223388671875,11.510499000549316,3.341687525294532,0.0,GREEN
2020-06-26,232.40139770507807,10.683117866516112,3.3417047641581172,0.0,GREEN
2020-06-29,234.9361267089844,11.024575233459473,3.3417224009334356,0.0,GREEN
2020-06-30,239.5412750244141,11.65854263305664,3.3417389769374086,0.0,GREEN
2020-07-01,242.3371734619141,12.075218200683594,3.3417568791112107,0.0,GREEN
2020-07-02,243.9818420410156,12.331908226013184,3.3417741183325735,0.0,GREEN
2020-07-06,249.9800720214844,13.238086700439451,3.3417917554739276,0.0,GREEN
2020-07-07,248.2579498291016,12.97781467437744,3.341808729655079,0.0,GREEN
2020-07-08,251.5279083251953,13.476869583129885,3.341827295259211,0.0,GREEN
2020-07-09,253.6466827392578,13.813551902770996,3.341845197906147,0.0,GREEN
2020-07-10,255.3784942626953,14.106061935424805,3.341861509293873,0.0,GREEN
2020-07-13,250.1251678466797,13.23450756072998,3.3418774229197523,0.0,GREEN
2020-07-14,251.8955078125,13.515074729919434,3.3418939996926835,0.0,GREEN
2020-07-15,252.40830993652344,13.581934928894045,3.341911637466745,0.0,GREEN
2020-07-16,250.686279296875,13.290620803833008,3.341928214409391,0.0,GREEN
2020-07-17,250.97650146484372,13.352704048156738,3.3419418738779023,0.0,GREEN
2020-07-20,258.0969543457031,14.489306449890137,3.3419557986352757,0.0,GREEN
2020-07-21,255.4074859619141,14.02606964111328,3.341969723450669,0.0,GREEN
2020-07-22,256.3072204589844,14.188441276550291,3.3419843114136683,0.0,GREEN
2020-07-23,249.6123962402344,13.076909065246582,3.3419975732563714,0.0,GREEN
2020-07-24,247.24215698242188,12.690081596374512,3.3420112330083733,0.0,GREEN
2020-07-27,251.65370178222656,13.371807098388672,3.342024229718384,0.0,GREEN
2020-07-28,248.45147705078125,12.869169235229492,3.342036563379524,0.0,GREEN
2020-07-29,251.31509399414065,13.307333946228027,3.34205022329089,0.0,GREEN
2020-07-30,252.6308441162109,13.523433685302734,3.3420621591850193,0.0,GREEN
2020-07-31,257.13916015625,14.252910614013672,3.3420734320138497,0.0,GREEN
2020-08-03,260.6123962402344,14.784205436706545,3.3420844396362424,0.0,GREEN
2020-08-04,261.57977294921875,14.976423263549805,3.342094784183531,0.0,GREEN
2020-08-05,262.2279663085937,15.095815658569336,3.342106720236806,0.0,GREEN
2020-08-06,265.7011108398437,15.673666954040527,3.34211931944849,0.0,GREEN
2020-08-07,262.63433837890625,15.161478996276855,3.342130990341288,0.0,GREEN
2020-08-10,261.5120849609375,14.957321166992188,3.3421426612748415,0.0,GREEN
2020-08-11,256.5587463378906,14.108448028564451,3.3421543322491507,0.0,GREEN
2020-08-12,263.0116271972656,15.16386604309082,3.34216759476654,0.0,GREEN
2020-08-13,263.61151123046875,15.270124435424805,3.342180857336558,0.0,GREEN
2020-08-14,263.30181884765625,15.225951194763184,3.3421927936972375,0.0,GREEN
2020-08-17,266.3590087890625,15.728586196899414,3.3422044648466125,0.0,GREEN
2020-08-18,268.9228210449219,16.190635681152344,3.342215738155442,0.0,GREEN
2020-08-19,267.1136474609375,15.874244689941406,3.342229000916505,0.0,GREEN
2020-08-20,270.8190002441406,16.527313232421875,3.342241600589168,0.0,GREEN
2020-08-21,272.6958312988281,16.872358322143555,3.3422532719089797,0.0,GREEN
2020-08-24,274.3984680175781,17.185157775878906,3.3422649432695484,0.0,GREEN
2020-08-25,276.55596923828125,17.586315155029297,3.3422762167823725,0.0,GREEN
2020-08-26,282.4573974609375,18.71217155456543,3.342288816633032,0.0,GREEN
2020-08-27,281.5770263671875,18.54263687133789,3.3423011512706235,0.0,GREEN
2020-08-28,283.0089111328125,18.829174041748047,3.342313751215282,0.0,GREEN
2020-08-31,285.2823791503906,19.26494789123535,3.34232635120744,0.0,GREEN
2020-09-01,290.1583251953125,20.26544761657715,3.342338951247098,0.0,GREEN
2020-09-02,292.9059143066406,20.83733367919922,3.342352214497102,0.0,GREEN
2020-09-03,278.0555114746094,17.63764762878418,3.342365477799738,0.0,GREEN
2020-09-04,274.35015869140625,16.910560607910156,3.3423787411550063,0.0,GREEN
2020-09-08,261.16375732421875,14.520350456237791,3.3421417230347714,0.15001125084381328,GREEN
2020-09-09,268.83575439453125,15.767988204956056,3.38491215417087,0.3500331083781507,GREEN
2020-09-10,263.47607421875,14.855836868286133,3.3163808415089027,0.33659911107747553,GREEN
2020-09-11,261.6476135253906,14.53109073638916,3.291987901108715,0.33168071791727644,GREEN
2020-09-14,266.2042236328125,15.27967643737793,3.3482467952691835,0.34290746241564996,GREEN
2020-09-15,269.977294921875,15.92916488647461,3.3970591048773033,0.3523466487260528,GREEN
2020-09-16,265.6721496582031,15.16386604309082,3.339562082118297,0.3411934288773804,GREEN
2020-09-17,261.521728515625,14.465429306030272,3.2870891827543716,0.3306740241271598,GREEN
2020-09-18,258.1841125488281,13.906679153442385,3.245111242497016,0.32201350532971046,GREEN
2020-09-21,258.8031921386719,14.07143783569336,3.2574987143549423,0.3245894977891904,GREEN
2020-09-22,263.61151123046875,14.840316772460938,3.3152804661577977,0.33635906534244897,GREEN
2020-09-23,255.56224060058597,13.46612548828125,3.2120292644679393,0.31502382788497707,GREEN
2020-09-24,256.7522277832031,13.663119316101074,3.2268393722498265,0.3181652572085418,GREEN
2020-09-25,262.7213134765625,14.62063694000244,3.2987968654507362,0.3330358300839835,GREEN
2020-09-28,268.1778564453125,15.487417221069336,3.3639359507403794,0.3459485545834383,GREEN
2020-09-29,266.9684753417969,15.32504653930664,3.351742846669316,0.343566927799934,GREEN
2020-09-30,268.7969970703125,15.628296852111816,3.3745369712888325,0.34799876425248993,GREEN
2020-10-01,273.0635070800781,16.360164642333984,3.429538084306908,0.3584530503565157,GREEN
2020-10-02,265.3818664550781,15.011046409606934,3.328170474600406,0.33891098422187643,GREEN
2020-10-05,271.0414733886719,15.957818984985352,3.399319869718082,0.3527457111752717,GREEN
2020-10-06,266.2042236328125,15.100589752197266,3.3349137443263013,0.34024327019036377,GREEN
2020-10-07,270.80926513671875,15.894537925720217,3.3945799365815583,0.3518374848704585,GREEN
2020-10-08,272.2508239746094,16.128543853759766,3.4121711917919937,0.35517679822994264,GREEN
2020-10-09,276.4108581542969,16.846086502075195,3.4660961533026224,0.3652066362368229,GREEN
2020-10-12,284.9437255859375,18.417272567749023,3.584165654396398,0.3861157188505003,GREEN
2020-10-13,284.9340515136719,18.419662475585938,3.584353093895631,0.386145628872515,GREEN
2020-10-14,282.5541687011719,17.96478271484375,3.5501808364793526,0.38023468782469727,GREEN
2020-10-15,280.6579895019531,17.59347915649414,3.522289236991245,0.37532453537386345,GREEN
2020-10-16,279.1196594238281,17.323654174804688,3.502022460115847,0.3717070677132368,GREEN
2020-10-19,274.56298828125,16.46284294128418,3.4373476143887958,0.35988323980095827,GREEN
2020-10-20,275.1531066894531,16.5690975189209,3.4453396079518828,0.3613658079597284,GREEN
2020-10-21,274.9403381347656,16.526119232177734,3.4421184470171475,0.36076575936510846,GREEN
2020-10-22,274.9306030273437,16.53447914123535,3.442754481959436,0.36088157274347005,GREEN
2020-10-23,275.472412109375,16.631181716918945,3.4500282866519756,0.3622268952999402,GREEN
2020-10-26,271.3414001464844,15.873048782348633,3.3930682380151076,0.35151834726910863,GREEN
2020-10-27,273.4601135253906,16.247936248779297,3.4212448544479037,0.3568570571117649,GREEN
2020-10-28,262.7987670898437,14.341261863708496,3.277982214113548,0.32874640596022336,GREEN
2020-10-29,267.39422607421875,15.070741653442385,3.3328043261379676,0.33978566230699025,GREEN
2020-10-30,260.6123962402344,14.022488594055176,3.2540441971568868,0.3238037608713513,GREEN
2020-11-02,261.1928405761719,14.027262687683104,3.2544101772854503,0.3238775767443545,GREEN
2020-11-03,265.7107849121094,14.732864379882812,3.3074374405359808,0.3347154762027644,GREEN
2020-11-04,277.5718078613281,16.72430992126465,3.457085635204912,0.3635116299307954,GREEN
2020-11-05,284.808349609375,18.01492691040039,3.554071863921866,0.380878571756022,GREEN
2020-11-06,285.02105712890625,18.07581901550293,3.5586548140339884,0.38167381062457245,GREEN
2020-11-09,279.19708251953125,16.972639083862305,3.47576739401423,0.36692635944692015,GREEN
2020-11-10,274.19537353515625,16.056913375854492,3.406966014484925,0.3541396091173536,GREEN
2020-11-11,280.3290710449219,17.136211395263672,3.4880740162648194,0.36915551383444156,GREEN
2020-11-12,279.01324462890625,16.885486602783203,3.4692420214650808,0.36572885213245665,GREEN
2020-11-13,281.4609069824219,17.328428268432617,3.5025327738904384,0.371755331539595,GREEN
2020-11-16,283.65704345703125,17.727195739746094,3.532504033572337,0.3770835736074877,GREEN
2020-11-17,282.7573547363281,17.563629150390625,3.520219932911818,0.3749079944664971,GREEN
2020-11-18,280.6676330566406,17.1564998626709,3.489634586349301,0.36942729419807674,GREEN
2020-11-19,282.8637390136719,17.581541061401367,3.521579396555786,0.37514546043189767,GREEN
2020-11-20,280.9288635253906,17.22456169128418,3.4947606469600085,0.37034883532659524,GREEN
2020-11-23,280.9385070800781,17.228137969970703,3.495034438737114,0.3703967114540923,GREEN
2020-11-24,284.8856506347656,17.932546615600586,3.5479709197771347,0.37978880367848106,GREEN
2020-11-25,286.6368713378906,18.270421981811523,3.573366389518985,0.38419461245013203,GREEN
2020-11-27,289.2779846191406,18.769479751586918,3.610873357462932,0.3905891893117571,GREEN
2020-11-30,289.8681335449219,18.866186141967773,3.6181464015364524,0.3918124392067051,GREEN
2020-12-01,293.5831298828125,19.607606887817383,3.673864466422948,0.40103446825624106,GREEN
2020-12-02,293.9604187011719,19.6864013671875,3.6797921927494466,0.4019974351287479,GREEN
2020-12-03,294.3763732910156,19.76639747619629,3.685809774818938,0.4029719781868588,GREEN
2020-12-04,295.5761108398437,20.008758544921875,3.704027714208749,0.4059066406549363,GREEN
2020-12-07,297.24969482421875,20.34783172607422,3.729512753175632,0.40996452815745077,GREEN
2020-12-08,298.25592041015625,20.53407859802246,3.7435137473798545,0.4121696678080834,GREEN
2020-12-09,291.5030822753906,19.158693313598636,3.640171081553206,0.39547982268370296,GREEN
2020-12-10,292.6736755371094,19.39389419555664,3.6578505567542168,0.39839997665381494,GREEN
2020-12-11,292.0255432128906,19.257789611816406,3.6476295578971945,0.3967125613808874,GREEN
2020-12-14,294.14422607421875,19.66849136352539,3.6784960066598122,0.4017732341962717,GREEN
2020-12-15,297.2884826660156,20.27977561950684,3.724434102254169,0.4091505049806698,GREEN
2020-12-16,298.92352294921875,20.620040893554688,3.7500082804487507,0.41317833009995825,GREEN
2020-12-17,300.877685546875,21.04268455505371,3.7817729363042396,0.4181055532154242,GREEN
2020-12-18,299.9683532714844,20.813453674316406,3.764555155008971,0.4154423122966001,GREEN
2020-12-21,299.4070739746094,20.735849380493164,3.7587308328903886,0.41453465531017125,GREEN
2020-12-22,300.22125244140625,20.899417877197266,3.77102843724657,0.4164420951216964,GREEN
2020-12-23,298.7092590332031,20.584228515625,3.747351426523759,0.4127531648292031,GREEN
2020-12-24,300.02740478515625,20.851659774780277,3.767453179540377,0.41588476084720527,GREEN
2020-12-28,303.0513916015625,21.477270126342773,3.814469070409409,0.42308265611056123,GREEN
2020-12-29,303.3226013183594,21.54054450988769,3.819230592800209,0.4238000829970725,GREEN
2020-12-30,303.3324584960937,21.536964416503903,3.8189694384078505,0.423758622448123,GREEN
2020-12-31,304.07867431640625,21.705307006835938,3.831625077144479,0.42566031941506727,GREEN
2021-01-04,299.7850646972656,20.756147384643555,3.76030941324907,0.414766244643252,GREEN
2021-01-05,302.2565612792969,21.276691436767575,3.7994298466720284,0.4207904800674541,GREEN
2021-01-06,298.069580078125,20.39678001403809,3.733318736206146,0.4105317802760572,GREEN
2021-01-07,305.280517578125,21.870065689086918,3.844030540275935,0.4275072641483813,GREEN
2021-01-08,309.2057800292969,22.717742919921875,3.9077333209605776,0.4368380935362937,GREEN
2021-01-11,304.7378234863281,21.713666915893555,3.832292464162715,0.42575010809592206,GREEN
2021-01-12,304.253173828125,21.619346618652344,3.825212075671754,0.42468535702499505,GREEN
2021-01-13,306.3078918457031,22.03960227966309,3.8567977304184557,0.42939514597497436,GREEN
2021-01-14,304.6699523925781,21.7041130065918,3.8315955275105673,0.42564018656421654,GREEN
2021-01-15,302.2565612792969,21.176403045654297,3.7919491245141135,0.4196332888906791,GREEN
2021-01-19,306.6664123535156,22.094520568847656,3.860944462541628,0.43000278475783343,GREEN
2021-01-20,313.7998046875,23.634666442871094,3.9766798101679086,0.4465901022883822,GREEN
2021-01-21,316.31011962890625,24.22207260131836,4.0199149362349855,0.0,GREEN
2021-01-22,315.3990173339844,24.00239372253418,4.019926581226494,0.0,GREEN
2021-01-25,318.0061950683594,24.668590545654297,4.0199377476892675,0.0,GREEN
2021-01-26,318.47137451171875,24.694862365722656,4.019948914183058,0.0,GREEN
2021-01-27,309.59344482421875,22.703418731689453,4.019959761664844,0.0,GREEN
2021-01-28,311.42529296875,23.0377140045166,4.0199693329973964,0.0,GREEN
2021-01-29,304.8734130859375,21.602632522583008,4.019978106739941,0.0,GREEN
2021-02-01,312.4914855957031,23.190534591674805,4.019985763841164,0.0,GREEN
2021-02-02,317.5894775390625,24.31280517578125,4.019993420956971,0.0,GREEN
2021-02-03,316.3294677734375,24.03343391418457,4.0200013971345125,0.0,GREEN
2021-02-04,320.0705871582031,24.883501052856445,4.020007778088968,0.0,GREEN
2021-02-05,321.1561279296875,25.143770217895508,4.020012563812406,0.0,GREEN
2021-02-08,323.3077697753906,25.635662078857425,4.020016232871499,0.0,GREEN
2021-02-09,323.2398681640625,25.623722076416016,4.020019423360502,0.0,GREEN
2021-02-10,322.5032958984375,25.442249298095703,4.020024687671623,0.0,GREEN
2021-02-11,324.2769470214844,25.85294914245605,4.020030271039269,0.0,GREEN
2021-02-12,326.08935546875,26.292314529418945,4.020035854414669,0.0,GREEN
2021-02-16,325.2073974609375,26.07263565063477,4.020041437797824,0.0,GREEN
2021-02-17,323.64697265625,25.709680557250977,4.020047021188733,0.0,GREEN
2021-02-18,322.2319030761719,25.363449096679688,4.020052604587398,0.0,GREEN
2021-02-19,320.8265380859375,25.02915382385254,4.020056273683036,0.0,GREEN
2021-02-22,312.5108337402344,23.090242385864254,4.020059942782022,0.0,GREEN
2021-02-23,311.5803527832031,22.8848934173584,4.020063930936787,0.0,GREEN
2021-02-24,314.14874267578125,23.43647575378418,4.020067600042762,0.0,GREEN
2021-02-25,303.1967163085937,20.98895835876465,4.020072066784677,0.0,GREEN
2021-02-26,304.46636962890625,21.30415344238281,4.020077331164736,0.0,GREEN
2021-03-01,313.6253662109375,23.161874771118164,4.0200829146054975,0.0,GREEN
2021-03-02,308.5952453613281,22.05154037475586,4.020087381364429,0.0,GREEN
2021-03-03,299.6396789550781,20.13889503479004,4.020092964819149,0.0,GREEN
2021-03-04,294.7355651855469,19.143171310424805,4.020098548281624,0.0,GREEN
2021-03-05,299.1744384765625,20.00040054321289,4.020103015057926,0.0,GREEN
2021-03-08,290.70361328125,18.290721893310547,4.020107481839192,0.0,GREEN
2021-03-09,302.1693115234375,20.44453430175781,4.020113065321829,0.0,GREEN
2021-03-10,301.3067932128906,20.270225524902344,4.020118648812221,0.0,GREEN
2021-03-11,308.24627685546875,21.67665672302246,4.020123434667648,0.0,GREEN
2021-03-12,305.7456970214844,21.136999130249023,4.020127901471602,0.0,GREEN
2021-03-15,309.0119323730469,21.81275749206543,4.020131889693786,0.0,GREEN
2021-03-16,310.7080383300781,22.170934677124023,4.020134282629382,0.0,GREEN
2021-03-17,311.9874267578125,22.450305938720703,4.020135558862548,0.0,GREEN
2021-03-18,302.4310302734375,20.389617919921875,4.020136835096119,0.0,GREEN
2021-03-19,303.49713134765625,20.649890899658203,4.020137313683842,0.0,GREEN
2021-03-22,309.1887512207031,21.750675201416016,4.020138111330117,0.0,GREEN
2021-03-23,307.8397827148437,21.466524124145508,4.02013890897655,0.0,GREEN
2021-03-24,302.64813232421875,20.3824520111084,4.020140504269732,0.0,GREEN
2021-03-25,302.1240539550781,20.272613525390625,4.020142897210455,0.0,GREEN
2021-03-26,306.6559143066406,21.168048858642575,4.020145290152603,0.0,GREEN
2021-03-29,306.56854248046875,21.156105041503903,4.020147683096174,0.0,GREEN
2021-03-30,305.025634765625,20.85524177551269,4.020148959333594,0.0,GREEN
2021-03-31,309.6933898925781,21.791269302368164,4.020151033220005,0.0,GREEN
2021-04-01,314.97247314453125,22.899219512939453,4.020153107107485,0.0,GREEN
2021-04-05,321.2608947753906,24.27460479736328,4.020154383346627,0.0,GREEN
2021-04-06,321.0377197265625,24.2172966003418,4.020156776295611,0.0,GREEN
2021-04-07,321.8140563964844,24.396385192871094,4.0201591692460195,0.0,GREEN
2021-04-08,325.1717529296875,25.158100128173828,4.020160764547241,0.0,GREEN
2021-04-09,327.1417236328125,25.61417007446289,4.020161562198169,0.0,GREEN
2021-04-12,326.71466064453125,25.51388359069824,4.0201620407888345,0.0,GREEN
2021-04-13,330.5285339355469,26.387828826904297,4.020163636091196,0.0,GREEN
2021-04-14,326.5595092773437,25.461349487304688,4.020166029045687,0.0,GREEN
2021-04-15,331.5086364746094,26.58601188659668,4.020168422001603,0.0,GREEN
2021-04-16,331.89678955078125,26.6982421875,4.020170017306497,0.0,GREEN
2021-04-19,328.8593444824219,25.96995735168457,4.020171293551007,0.0,GREEN
2021-04-20,326.4623413085937,25.40165328979492,4.020173686510057,0.0,GREEN
2021-04-21,329.2572326660156,26.043981552124023,4.020176079470531,0.0,GREEN
2021-04-22,325.2882385253906,25.09601593017578,4.020178153370932,0.0,GREEN
2021-04-23,329.3833312988281,26.041593551635746,4.020180546334066,0.0,GREEN
2021-04-26,331.52801513671875,26.55735969543457,4.020182939298623,0.0,GREEN
2021-04-27,330.0918884277344,26.208740234375,4.020184215547236,0.0,GREEN
2021-04-28,328.975830078125,25.93891716003418,4.020185810858396,0.0,GREEN
2021-04-29,330.1596984863281,26.199190139770508,4.02018708710792,0.0,GREEN
2021-04-30,327.99566650390625,25.707300186157227,4.020188363357849,0.0,GREEN
2021-05-03,326.2488708496094,25.287038803100582,4.020188841951706,0.0,GREEN
2021-05-04,320.3778686523437,23.954633712768555,4.020189639608205,0.0,GREEN
2021-05-05,319.3006591796875,23.67526054382324,4.020191234921518,0.0,GREEN
2021-05-06,321.707275390625,24.193418502807617,4.020192511172764,0.0,GREEN
2021-05-07,324.3178100585937,24.785594940185547,4.020193787424415,0.0,GREEN
2021-05-10,316.1273193359375,22.923099517822266,4.020195063676471,0.0,GREEN
2021-05-11,315.6905822753906,22.80847930908203,4.020195861334205,0.0,GREEN
2021-05-12,307.5196533203125,21.072532653808597,4.020197456649987,0.0,GREEN
2021-05-13,309.8971862792969,21.51666831970215,4.020199051966402,0.0,GREEN
2021-05-14,316.7386779785156,22.91593170166016,4.020200328220129,0.0,GREEN
2021-05-17,314.8172302246094,22.529102325439453,4.020201125878907,0.0,GREEN
2021-05-18,312.69195556640625,22.056320190429688,4.020201923537844,0.0,GREEN
2021-05-19,313.0510559082031,22.13749885559082,4.020203518856031,0.0,GREEN
2021-05-20,319.1065368652344,23.417375564575195,4.020204316515442,0.0,GREEN
2021-05-21,317.34039306640625,23.03054618835449,4.020204795111198,0.0,GREEN
2021-05-24,322.677734375,24.18386459350586,4.020205273707011,0.0,GREEN
2021-05-25,323.12420654296875,24.30086898803711,4.02020575230288,0.0,GREEN
2021-05-26,324.24981689453125,24.546817779541016,4.020207347622588,0.0,GREEN
2021-05-27,323.0367736816406,24.260278701782227,4.0202081452827585,0.0,GREEN
2021-05-28,324.0556640625,24.49667358398437,4.020208942943087,0.0,GREEN
2021-06-01,322.978515625,24.257884979248047,4.020210219199955,0.0,GREEN
2021-06-02,323.6093444824219,24.38444328308105,4.020211814521434,0.0,GREEN
2021-06-03,320.2419738769531,23.61795234680176,4.020214207504604,0.0,GREEN
2021-06-04,325.6763610839844,24.82857894897461,4.0202166004891975,0.0,GREEN
2021-06-07,326.64678955078125,25.04825592041016,4.020218993475216,0.0,GREEN
2021-06-08,326.8020324707031,25.076908111572266,4.020221865060087,0.0,GREEN
2021-06-09,326.8797607421875,25.105567932128903,4.02022505571229,0.0,GREEN
2021-06-10,330.285888671875,25.87444496154785,4.020228246367025,0.0,GREEN
2021-06-11,331.1495361328125,26.079797744750977,4.020231437024292,0.0,GREEN
2021-06-14,334.3228759765625,26.81047248840332,4.020234308618052,0.0,GREEN
2021-06-15,332.1394348144531,26.31380653381348,4.020236701614611,0.0,GREEN
2021-06-16,330.9264221191406,26.032041549682617,4.020239892278589,0.0,GREEN
2021-06-17,335.1282958984375,27.003881454467773,4.02024435921194,0.0,GREEN
2021-06-18,332.4984741210937,26.35917091369629,4.0202488261502545,0.0,GREEN
2021-06-21,334.5649108886719,26.84151077270508,4.020253293093532,0.0,GREEN
2021-06-22,337.68365478515625,27.591289520263672,4.02025807910925,0.0,GREEN
2021-06-23,337.8487854003906,27.63904571533203,4.020264141402984,0.0,GREEN
2021-06-24,339.93768310546875,28.14765167236328,4.020270522774494,0.0,GREEN
2021-06-25,339.51983642578125,28.059303283691406,4.020277382760143,0.0,GREEN
2021-06-28,343.6489562988281,29.052637100219727,4.020284242757497,0.0,GREEN
2021-06-29,344.89263916015625,29.3797664642334,4.020290624160914,0.0,GREEN
2021-06-30,344.3485412597656,29.250825881958008,4.02029700557446,0.0,GREEN
2021-07-01,344.4845275878906,29.26515007019043,4.020303386998136,0.0,GREEN
2021-07-02,348.4388122558594,30.258485794067383,4.02030976843194,0.0,GREEN
2021-07-06,349.9447326660156,30.664411544799805,4.020315830803619,0.0,GREEN
2021-07-07,350.6830749511719,30.860218048095703,4.020322212257176,0.0,GREEN
2021-07-08,348.5650939941406,30.325345993041992,4.020329072331025,0.0,GREEN
2021-07-09,350.7414245605469,30.838727951049805,4.02033593241658,0.0,GREEN
2021-07-12,352.1112670898437,31.225557327270508,4.020342792513841,0.0,GREEN
2021-07-13,352.1112670898437,31.20884132385254,4.020349652622807,0.0,GREEN
2021-07-14,352.7427673339844,31.37837600708008,4.0203568318189005,0.0,GREEN
2021-07-15,350.2652282714844,30.7288875579834,4.020364011027814,0.0,GREEN
2021-07-16,347.4283142089844,29.974334716796875,4.020370073481287,0.0,GREEN
2021-07-19,344.5816650390625,29.25560188293457,4.020376135943901,0.0,GREEN
2021-07-20,348.5845642089844,30.220277786254883,4.02038251749318,0.0,GREEN
2021-07-21,351.27569580078125,30.910356521606445,4.020389696747961,0.0,GREEN
2021-07-22,353.5977478027344,31.559850692749023,4.020396876015562,0.0,GREEN
2021-07-23,357.7268371582031,32.60810470581055,4.020403736216814,0.0,GREEN
2021-07-26,358.008544921875,32.74421310424805,4.020410915509485,0.0,GREEN
2021-07-27,354.0640869140625,31.674467086791992,4.02041729711397,0.0,GREEN
2021-07-28,355.4241943359375,32.02070236206055,4.020424476430857,0.0,GREEN
2021-07-29,356.0557861328125,32.17829132080078,4.020431655760564,0.0,GREEN
2021-07-30,354.2001342773437,31.695959091186523,4.0204380373979705,0.0,GREEN
2021-08-02,354.2292785644531,31.686403274536133,4.020444419045506,0.0,GREEN
2021-08-03,356.3763427734375,32.23799133300781,4.020450481620229,0.0,GREEN
2021-08-04,356.8913269042969,32.397979736328125,4.0204576609963745,0.0,GREEN
2021-08-05,359.1549987792969,33.006874084472656,4.02046484038534,0.0,GREEN
2021-08-06,357.58111572265625,32.57706069946289,4.020471700702562,0.0,GREEN
2021-08-09,358.24176025390625,32.75136947631836,4.020478561031491,0.0,GREEN
2021-08-10,356.40545654296875,32.26186752319336,4.0204857404577785,0.0,GREEN
2021-08-11,355.7934875488281,32.08755874633789,4.020493717612145,0.0,GREEN
2021-08-12,357.07586669921875,32.421852111816406,4.020500897065497,0.0,GREEN
2021-08-13,358.3292541503906,32.7465934753418,4.0205077574442445,0.0,GREEN
2021-08-16,358.4846496582031,32.80391311645508,4.020514936922668,0.0,GREEN
2021-08-17,355.32720947265625,31.9419059753418,4.020524190488526,0.0,GREEN
2021-08-18,351.90728759765625,31.01304244995117,4.020534241799164,0.0,GREEN
2021-08-19,353.6074523925781,31.454782485961918,4.020543016774645,0.0,GREEN
2021-08-20,357.2702941894531,32.42662811279297,4.020549877225264,0.0,GREEN
2021-08-23,362.6138000488281,33.87126159667969,4.020556737687589,0.0,GREEN
2021-08-24,363.7213134765625,34.20555877685547,4.020563119523538,0.0,GREEN
2021-08-25,364.1390686035156,34.24375534057617,4.02057077773907,0.0,GREEN
2021-08-26,361.8267517089844,33.66352081298828,4.02057795733003,0.0,GREEN
2021-08-27,365.3439331054688,34.647308349609375,4.02058481784027,0.0,GREEN
2021-08-30,369.4439392089844,35.79584884643555,4.020591678362216,0.0,GREEN
2021-08-31,369.1427001953125,35.6955680847168,4.020597741158996,0.0,GREEN
2021-09-01,369.7547607421875,35.891361236572266,4.020604123060029,0.0,GREEN
2021-09-02,369.5798645019531,35.841217041015625,4.020610504971192,0.0,GREEN
2021-09-03,370.716552734375,36.16357421875,4.020616886892486,0.0,GREEN
2021-09-07,371.24114990234375,36.311614990234375,4.020623268823909,0.0,GREEN
2021-09-08,369.9490661621094,35.93911361694336,4.0206288530229175,0.0,GREEN
2021-09-09,368.6763610839844,35.554683685302734,4.0206352349733345,0.0,GREEN
2021-09-10,365.8782043457031,34.7547607421875,4.0206412978357955,0.0,GREEN
2021-09-13,365.6256408691406,34.67594909667969,4.020647360707399,0.0,GREEN
2021-09-14,364.5860595703125,34.377479553222656,4.020653423588145,0.0,GREEN
2021-09-15,367.2966613769531,35.139190673828125,4.020659007829035,0.0,GREEN
2021-09-16,367.5492858886719,35.20844268798828,4.020664592077681,0.0,GREEN
2021-09-17,363.1966857910156,33.964385986328125,4.020669378583041,0.0,GREEN
2021-09-20,355.69189453125,31.87504005432129,4.020673845993599,0.0,GREEN
2021-09-21,356.12957763671875,31.915637969970703,4.020677834757395,0.0,GREEN
2021-09-22,359.4559936523437,32.84927749633789,4.020681025771478,0.0,GREEN
2021-09-23,362.7727355957031,33.76142120361328,4.020685014542397,0.0,GREEN
2021-09-24,363.1130676269531,33.856929779052734,4.020689003317273,0.0,GREEN
2021-09-27,360.2146301269531,33.04030227661133,4.020692992096105,0.0,GREEN
2021-09-28,350.0214538574219,30.284751892089844,4.0206969808788955,0.0,GREEN
2021-09-29,349.44757080078125,30.084177017211918,4.020701767422813,0.0,GREEN
2021-09-30,348.16363525390625,29.74510383605957,4.020706553972429,0.0,GREEN
2021-10-01,350.3228759765625,30.28713798522949,4.020711021424294,0.0,GREEN
2021-10-04,342.9698486328125,28.424640655517575,4.020715488881121,0.0,GREEN
2021-10-05,347.5995788574219,29.51826286315918,4.020719956342913,0.0,GREEN
2021-10-06,349.8269348144531,30.100889205932617,4.020725540676209,0.0,GREEN
2021-10-07,353.0365905761719,30.915136337280277,4.020731922780099,0.0,GREEN
2021-10-08,351.2761535644531,30.43996238708496,4.020738304894119,0.0,GREEN
2021-10-11,348.5819091796875,29.764205932617188,4.02074468701827,0.0,GREEN
2021-10-12,347.3661804199219,29.46095466613769,4.020751069152551,0.0,GREEN
2021-10-13,350.1478576660156,30.151031494140625,4.020757451296962,0.0,GREEN
2021-10-14,356.59637451171875,31.81534767150879,4.020764631221267,0.0,GREEN
2021-10-15,358.84326171875,32.405147552490234,4.020771013387205,0.0,GREEN
2021-10-18,362.4516296386719,33.37698745727539,4.0207770764544115,0.0,GREEN
2021-10-19,365.1944885253906,34.110042572021484,4.020783937304418,0.0,GREEN
2021-10-20,364.7179870605469,34.002586364746094,4.020791915050444,0.0,GREEN
2021-10-21,366.9452209472656,34.61149215698242,4.0207998928123,0.0,GREEN
2021-10-22,363.862060546875,33.735145568847656,4.020807870589985,0.0,GREEN
2021-10-25,367.5871887207031,34.747596740722656,4.0208158483834975,0.0,GREEN
2021-10-26,368.74462890625,35.07233428955078,4.0208238261928395,0.0,GREEN
2021-10-27,369.6005554199219,35.34932327270508,4.020831804018011,0.0,GREEN
2021-10-28,373.7050476074219,36.509803771972656,4.020839781859011,0.0,GREEN
2021-10-29,375.5433349609375,37.0494499206543,4.020847440601519,0.0,GREEN
2021-11-01,376.8271789550781,37.414794921875,4.020855099358615,0.0,GREEN
2021-11-02,378.4028015136719,37.913848876953125,4.020861481668153,0.0,GREEN
2021-11-03,382.4197998046875,39.11730194091797,4.020868661778227,0.0,GREEN
2021-11-04,387.3219299316406,40.57626724243164,4.020875841901122,0.0,GREEN
2021-11-05,387.6915588378906,40.72670364379883,4.020881426450926,0.0,GREEN
2021-11-08,387.1663513183594,40.55955123901367,4.020887808802254,0.0,GREEN
2021-11-09,384.5012512207031,39.72381210327149,4.020893393368678,0.0,GREEN
2021-11-10,378.8502807617188,37.98308944702149,4.020899775739001,0.0,GREEN
2021-11-11,379.9007263183594,38.29112243652344,4.020906955917457,0.0,GREEN
2021-11-12,383.8982543945313,39.50651931762695,4.020913338309308,0.0,GREEN
2021-11-15,383.8106689453125,39.49458312988281,4.020920199391824,0.0,GREEN
2021-11-16,386.5438232421875,40.31122589111328,4.020926262683994,0.0,GREEN
2021-11-17,386.7480163574219,40.358985900878906,4.02093264510649,0.0,GREEN
2021-11-18,390.75531005859375,41.59347534179688,4.020939825343642,0.0,GREEN
2021-11-19,392.9339294433594,42.297889709472656,4.020947005593615,0.0,GREEN
2021-11-22,388.3723449707031,40.831764221191406,4.02095418585641,0.0,GREEN
2021-11-23,386.6021423339844,40.27539825439453,4.020960568323229,0.0,GREEN
2021-11-24,387.84716796875,40.64790344238281,4.020967748610243,0.0,GREEN
2021-11-26,380.4940185546875,38.40573501586914,4.020975726720975,0.0,GREEN
2021-11-29,388.7516479492188,40.79117584228516,4.020982587909948,0.0,GREEN
2021-11-30,383.0423583984375,39.03851318359375,4.020988651296196,0.0,GREEN
2021-12-01,376.5257263183594,37.03512954711914,4.020996310322265,0.0,GREEN
2021-12-02,379.2392578125,37.73237228393555,4.021004288489666,0.0,GREEN
2021-12-03,372.6448669433594,35.836448669433594,4.021011149727376,0.0,GREEN
2021-12-06,375.630859375,36.674560546875,4.0210180109767935,0.0,GREEN
2021-12-07,386.9425659179688,39.981693267822266,4.021024872237918,0.0,GREEN
2021-12-08,388.673828125,40.53806686401367,4.021034126977438,0.0,GREEN
2021-12-09,382.9548950195313,38.78778839111328,4.0210437008680024,0.0,GREEN
2021-12-10,387.1175537109375,39.988861083984375,4.021052157824892,0.0,GREEN
2021-12-13,381.5250854492188,38.26963424682617,4.021060136103102,0.0,GREEN
2021-12-14,377.57611083984375,37.130638122558594,4.021066997436107,0.0,GREEN
2021-12-15,386.1838684082031,39.58770751953125,4.021074656611407,0.0,GREEN
2021-12-16,376.25335693359375,36.567115783691406,4.02108183710215,0.0,GREEN
2021-12-17,374.3761596679688,36.008358001708984,4.021087421938058,0.0,GREEN
2021-12-20,370.74456787109375,34.931453704833984,4.021092208946787,0.0,GREEN
2021-12-21,379.0419616699219,37.26674270629883,4.021098272498336,0.0,GREEN
2021-12-22,383.65814208984375,38.59676361083984,4.021108644378421,0.0,GREEN
2021-12-23,386.5505676269531,39.5136833190918,4.021119016285258,0.0,GREEN
2021-12-27,392.939208984375,41.4024543762207,4.021128271241459,0.0,GREEN
2021-12-28,391.1180114746094,40.91533660888672,4.021135132690726,0.0,GREEN
2021-12-29,391.0595397949219,40.850868225097656,4.021143111133569,0.0,GREEN
2021-12-30,389.8909606933594,40.46882247924805,4.021150291746553,0.0,GREEN
2021-12-31,387.4562683105469,39.71664810180664,4.021154280983013,0.0,GREEN
2022-01-03,391.186279296875,40.86281204223633,4.021159546780257,0.0,GREEN
2022-01-04,386.1123046875,39.27490615844727,4.021168003980791,0.0,GREEN
2022-01-05,374.2505187988281,35.66212844848633,4.021180769593217,0.0,GREEN
2022-01-06,373.9875793457031,35.56422805786133,4.021194333099924,0.0,GREEN
2022-01-07,369.9361877441406,34.4013671875,4.021208694508828,0.0,GREEN
2022-01-10,370.1797180175781,34.52791213989258,4.021222736824828,0.0,GREEN
2022-01-11,375.7405090332031,36.04656982421875,4.021237098335173,0.0,GREEN
2022-01-12,377.2305603027344,36.45727157592773,4.021255927937573,0.0,GREEN
2022-01-13,367.7937316894531,33.81156921386719,4.021274278907418,0.0,GREEN
2022-01-14,370.0823059082031,34.322566986083984,4.021291832088699,0.0,GREEN
2022-01-18,360.8695068359375,31.848777770996094,4.021310661947392,0.0,GREEN
2022-01-19,356.90582275390625,30.74082946777344,4.0213314068032195,0.0,GREEN
2022-01-20,352.2701416015625,29.551692962646484,4.021357736950382,0.0,GREEN
2022-01-21,342.5021667480469,27.063575744628903,4.0213845460016,0.0,GREEN
2022-01-24,344.0701904296875,27.455183029174805,4.0214097594455485,0.0,GREEN
2022-01-25,336.0940856933594,25.430309295654297,4.021434494307354,0.0,GREEN
2022-01-26,335.5682373046875,25.382551193237305,4.021464016743507,0.0,GREEN
2022-01-27,332.1889038085937,24.62322425842285,4.021492422323168,0.0,GREEN
2022-01-28,342.6092529296875,26.920312881469727,4.021521945184586,0.0,GREEN
2022-01-31,353.5653991699219,29.52781105041504,4.021549553250785,0.0,GREEN
2022-02-01,355.97088623046875,30.09133720397949,4.0215771615065155,0.0,GREEN
2022-02-02,358.86328125,30.802907943725582,4.021609557543829,0.0,GREEN
2022-02-03,344.3135681152344,27.09701156616211,4.0216390812651674,0.0,GREEN
2022-02-04,348.6570739746094,28.033037185668945,4.021669881914276,0.0,GREEN
2022-02-07,345.8523254394531,27.397872924804688,4.0217054705017095,0.0,GREEN
2022-02-08,349.7380065917969,28.32912826538086,4.0217378675726225,0.0,GREEN
2022-02-09,357.1493225097656,30.08656311035156,4.021781755586018,0.0,GREEN
2022-02-10,349.06610107421875,28.09034538269043,4.02182484610654,0.0,GREEN
2022-02-11,337.9931030273437,25.444637298583984,4.0218838967102,0.0,GREEN
2022-02-14,338.411865234375,25.516271591186523,4.021937841025881,0.0,GREEN
2022-02-15,346.82623291015625,27.364442825317383,4.021995297283036,0.0,GREEN
2022-02-16,346.73858642578125,27.35967063903809,4.022059138479182,0.0,GREEN
2022-02-17,336.4252624511719,24.933643341064453,4.022118671338006,0.0,GREEN
2022-02-18,332.5881652832031,24.08835220336914,4.022173736057721,0.0,GREEN
2022-02-22,329.2477111816406,23.343351364135746,4.022224492057839,0.0,GREEN
2022-02-23,320.81396484375,21.557260513305664,4.0222771640473285,0.0,GREEN
2022-02-24,331.5948181152344,23.66809463500977,4.022331432866779,0.0,GREEN
2022-02-25,336.7368469238281,24.79037094116211,4.022376604286018,0.0,GREEN
2022-02-28,337.73992919921875,25.05303192138672,4.022424170486801,0.0,GREEN
2022-03-01,332.5686340332031,23.89733123779297,4.02247014104677,0.0,GREEN
2022-03-02,338.14898681640625,25.038707733154297,4.022520102678843,0.0,GREEN
2022-03-03,333.318603515625,23.992843627929688,4.02257198041636,0.0,GREEN
2022-03-04,328.4881591796875,22.966073989868164,4.022625455084892,0.0,GREEN
2022-03-07,316.373046875,20.40155601501465,4.02267414162428,0.0,GREEN
2022-03-08,314.9025573730469,20.119792938232425,4.022722828752929,0.0,GREEN
2022-03-09,326.2384948730469,22.27360725402832,4.0227802962241945,0.0,GREEN
2022-03-10,322.6156616210937,21.557260513305664,4.022839360856289,0.0,GREEN
2022-03-11,315.9251403808594,20.220081329345703,4.022896829992299,0.0,GREEN
2022-03-14,309.8578796386719,19.035720825195312,4.022955098142352,0.0,RED
2022-03-15,319.5772399902344,20.797931671142575,4.023015442467416,0.0,RED
2022-03-16,331.42926025390625,23.13322639465332,4.023086962744157,0.0,RED
2022-03-17,335.44158935546875,23.906879425048828,4.023156089595274,0.0,RED
2022-03-18,342.3074645996094,25.392105102539062,4.02321356325598,0.0,RED
2022-03-21,341.35565185546875,25.21063041687012,4.023274709713918,0.0,RED
2022-03-22,348.06427001953125,26.70063018798828,4.023347352176048,0.0,RED
2022-03-23,343.0621643066406,25.573579788208008,4.023430373626302,0.0,RED
2022-03-24,350.6872253417969,27.230728149414062,4.023507010393611,0.0,RED
2022-03-25,350.3947448730469,27.187747955322266,4.0235841276129465,0.0,RED
2022-03-28,355.816162109375,28.424640655517575,4.0236671539490425,0.0,RED
2022-03-29,361.9396667480469,29.881208419799805,4.0230441100254914,0.3500612607206261,RED
2022-03-30,357.9418640136719,28.9833927154541,3.9807873255501844,0.3431475762300534,YELLOW
2022-03-31,353.50518798828125,27.78470039367676,3.924347008384484,0.3336867834320653,YELLOW
2022-04-01,352.8324584960937,27.66530990600586,3.9187712480722388,0.33272567648414836,YELLOW
2022-04-04,360.0967712402344,29.39409065246582,4.000301177307047,0.34631238986434826,YELLOW
2022-04-05,352.10107421875,27.45040702819824,3.9087505095310258,0.3309874505704917,YELLOW
2022-04-06,344.45654296875,25.645212173461918,3.8237403576003417,0.31609570283639976,YELLOW
2022-04-07,345.2755126953125,25.812360763549805,3.831686930920907,0.3174961028243132,YELLOW
2022-04-08,340.4489440917969,24.75694274902344,3.782013199406981,0.30851384777862817,YELLOW
2022-04-11,332.3948059082031,22.9995059967041,3.6992539091661936,0.29302525781199756,YELLOW
2022-04-12,330.99072265625,22.703418731689453,3.685369782948054,0.290342678271996,YELLOW
2022-04-13,337.7186889648437,24.06447410583496,3.749593395208804,0.3024773711554232,YELLOW
2022-04-14,329.9960632324219,22.44552993774414,3.673368787702237,0.2879824500385876,YELLOW
2022-04-18,330.2495422363281,22.50761985778809,3.676372742311015,0.28854312050636666,YELLOW
2022-04-19,337.6309509277344,23.954633712768555,3.744649379341336,0.3014942714911481,YELLOW
2022-04-20,332.706787109375,22.87533950805664,3.693868324827443,0.2918682327658554,YELLOW
2022-04-21,325.8227233886719,21.53338623046875,3.630704114040025,0.27952596984721056,YELLOW
2022-04-22,317.290771484375,19.823701858520508,3.5502091286786652,0.2631670494100993,YELLOW
2022-04-25,321.3665771484375,20.55914878845215,3.5848090839523783,0.3500139506228937,YELLOW
2022-04-26,309.2366027832031,18.247737884521484,3.443816524672161,0.32338158456167604,RED
2022-04-27,308.8661499023437,18.166553497314453,3.4383844769194267,0.0,RED
2022-04-28,319.8357849121094,20.08636283874512,3.4384947235366523,0.0,RED
2022-04-29,305.4435119628906,17.445430755615234,3.438601835379833,0.0,RED
2022-05-02,310.543212890625,18.26684188842773,3.43871208896633,0.0,RED
2022-05-03,310.8747863769531,18.309823989868164,3.4388164784385076,0.0,RED
2022-05-04,321.3861694335937,20.12456703186035,3.4389386110052778,0.0,RED
2022-05-05,305.1998596191406,17.125463485717773,3.439052287032171,0.0,RED
2022-05-06,301.5433044433594,16.528507232666016,3.439161872702594,0.0,RED
2022-05-09,289.74481201171875,14.57526683807373,3.4392730995644216,0.0,RED
2022-05-10,293.26483154296875,15.076711654663086,3.4393822828390506,0.0,RED
2022-05-11,284.567138671875,13.73475456237793,3.439502115288118,0.0,RED
2022-05-12,283.8943786621094,13.624917030334473,3.4396226343525447,0.0,RED
2022-05-13,294.4154357910156,15.105364799499512,3.4397461604789603,0.0,RED
2022-05-16,291.0026550292969,14.637351989746094,3.4398748779667896,0.0,RED
2022-05-17,298.5400085449219,15.740528106689451,3.4400086508813144,0.0,RED
2022-05-18,283.88458251953125,13.443439483642578,3.4401503464740513,0.0,RED
2022-05-19,282.3634338378906,13.171228408813477,3.4402872699212614,0.0,RED
2022-05-20,281.48590087890625,13.056614875793455,3.4404237892573692,0.0,RED
2022-05-23,286.1662292480469,13.70132541656494,3.440557310464315,0.0,RED
2022-05-24,280.0817565917969,12.846484184265137,3.440692884801982,0.0,RED
2022-05-25,284.00164794921875,13.362255096435549,3.440835291255148,0.0,RED
2022-05-26,291.8704528808594,14.479754447937012,3.440977976681009,0.0,RED
2022-05-27,301.39697265625,15.89812183380127,3.4411183467345876,0.0,RED
2022-05-31,300.59747314453125,15.783507347106934,3.4412583128545626,0.0,RED
2022-06-01,298.374267578125,15.41578197479248,3.4413989674563,0.0,RED
2022-06-02,306.5454406738281,16.6669979095459,3.4415495969489727,0.0,RED
2022-06-03,298.5692749023437,15.348922729492188,3.4417015987276565,0.0,RED
2022-06-06,299.5638122558594,15.539950370788574,3.441856611873757,0.0,RED
2022-06-07,302.14776611328125,15.917223930358888,3.442015046538634,0.0,RED
2022-06-08,299.97344970703125,15.592486381530762,3.442182366717764,0.0,RED
2022-06-09,291.9386901855469,14.322158813476562,3.4423507877890356,0.0,RED
2022-06-10,281.6418762207031,12.793954849243164,3.4425199001063667,0.0,RED
2022-06-13,268.5465393066406,11.022189140319824,3.4426958511217896,0.0,RED
2022-06-14,269.0341186523437,11.09382438659668,3.4429005002675686,0.0,RED
2022-06-15,275.7523803710937,11.891355514526367,3.4431386342230064,0.0,RED
2022-06-16,264.62677001953125,10.439559936523438,3.4433702262930703,0.0,RED
2022-06-17,267.8444519042969,10.826387405395508,3.4435728659035276,0.0,RED
2022-06-21,274.60205078125,11.643022537231444,3.443779206974745,0.0,RED
2022-06-22,274.2015380859375,11.600040435791016,3.4439825539422646,0.0,RED
2022-06-23,278.2851867675781,12.096709251403809,3.44419370286679,0.0,RED
2022-06-24,287.8202819824219,13.362255096435549,3.4444069148500995,0.0,RED
2022-06-27,285.7100830078125,13.047062873840332,3.44462533399378,0.0,RED
2022-06-28,277.00537109375,11.85792636871338,3.444848551185298,0.0,RED
2022-06-29,277.2593994140625,11.881803512573242,3.4450861363798824,0.0,RED
2022-06-30,273.8205261230469,11.461549758911133,3.4453192265390244,0.0,RED
2022-07-01,275.6279602050781,11.647797584533691,3.445537976969366,0.0,RED
2022-07-05,280.3465881347656,12.249528884887695,3.4457571514745853,0.0,RED
2022-07-06,282.1442565917969,12.483534812927246,3.4459800317976197,0.0,RED
2022-07-07,288.18182373046875,13.25718879699707,3.4462316430426014,0.0,RED
2022-07-08,288.543212890625,13.31927490234375,3.446485050478674,0.0,RED
2022-07-11,282.3786926269531,12.469209671020508,3.4467371088967447,0.0,RED
2022-07-12,279.6432189941406,12.106261253356934,3.4470042310157707,0.0,RED
2022-07-13,279.0667724609375,12.029850959777832,3.447293259573344,0.0,RED
2022-07-14,280.0633239746094,12.154017448425291,3.4476110398147792,0.0,RED
2022-07-15,285.1434936523437,12.793954849243164,3.4479220088584333,0.0,RED
2022-07-18,282.7303771972656,12.49786376953125,3.4482284908160814,0.0,RED
2022-07-19,291.4253234863281,13.591485023498535,3.448537736703239,0.0,RED
2022-07-20,296.0462341308594,14.274402618408203,3.4488730112119437,0.0,RED
2022-07-21,300.2960510253906,14.880910873413086,3.4491984643902383,0.0,RED
2022-07-22,295.0301513671875,14.102478981018066,3.4489178182897335,0.35006126072062604,RED
2022-07-25,293.3498840332031,13.89235019683838,3.4305432155240956,0.0,RED
2022-07-26,287.5857849121094,13.051836967468262,3.430268578909912,0.35006126072062616,RED
2022-07-27,299.7391967773437,14.680330276489258,3.5796379983835624,0.0,RED
2022-07-28,302.6699523925781,15.100589752197266,3.579976501438382,0.0,RED
2022-07-29,308.1898193359375,15.931549072265623,3.5803043818383586,0.0,RED
2022-08-01,308.0040588378906,15.907673835754396,3.580004261111151,0.3500612607206261,RED
2022-08-02,307.08575439453125,15.759628295898438,3.567929455467957,0.0,RED
2022-08-03,315.44854736328125,17.02039909362793,3.5676537294240815,0.35006126072062604,RED
2022-08-04,316.9237060546875,17.26395606994629,3.5853061587315556,0.6000740255090097,RED
2022-08-05,314.33477783203125,16.853252410888672,3.534259220454996,0.5942594258179351,RED
2022-08-08,313.3187866210937,16.68132781982422,3.511931548613057,0.0,RED
2022-08-09,309.7724914550781,16.108247756958008,3.5112206977174427,0.6001800540162048,RED
2022-08-10,318.41845703125,17.43110466003418,3.683286665105894,0.0,RED
2022-08-11,316.611083984375,17.168441772460938,3.6825520890616237,0.6001800540162048,RED
2022-08-12,322.77569580078125,18.137901306152344,3.807501789865701,0.613262621642922,RED
2022-08-15,325.3841552734375,18.572481155395508,3.8635938871127307,0.618839509274691,RED
2022-08-16,324.62213134765625,18.453094482421875,3.8483713956025003,0.6172936428319397,RED
2022-08-17,320.9194641113281,17.81315803527832,3.7661404577323676,0.6088972111769683,RED
2022-08-18,321.6913146972656,17.932546615600586,3.7816601510758803,0.61046258053549,RED
2022-08-19,315.4192199707031,16.88190460205078,3.6465547763076387,0.5959890452041946,RED
2022-08-22,307.1151123046875,15.554279327392578,3.475751071319384,0.6000071709851617,RED
2022-08-23,306.86114501953125,15.501745223999023,3.4678143145807123,0.0,RED
2022-08-24,307.7501220703125,15.621133804321287,3.467579346360086,0.3500612607206261,RED
2022-08-25,313.1917419433594,16.442546844482422,3.5310123457910785,0.0,RED
2022-08-26,300.3546142578125,14.441550254821776,3.530335453669573,0.6001800540162048,RED
2022-08-29,297.3944396972656,13.997414588928224,3.4643001848341877,0.0,RED
2022-08-30,294.0826721191406,13.529400825500488,3.464078512300235,0.3500612607206261,RED
2022-08-31,292.37286376953125,13.281068801879885,3.4414820133227835,0.0,RED
2022-09-01,292.4999084472656,13.295395851135254,3.4418725942036197,0.0,RED
2022-09-02,288.3674621582031,12.741421699523926,3.4422636291618876,0.0,RED
2022-09-06,286.2962341308594,12.45010471343994,3.4426488348446034,0.0,RED
2022-09-07,292.0798034667969,13.185555458068848,3.4430374989729224,0.0,RED
2022-09-08,293.59405517578125,13.400458335876465,3.4434382302938182,0.0,RED
2022-09-09,300.0126953125,14.250523567199709,3.4438413312042773,0.0,RED
2022-09-12,303.5785522460937,14.77107048034668,3.4442469391744233,0.0,RED
2022-09-13,286.9312744140625,12.340267181396484,3.444656285173973,0.0,RED
2022-09-14,289.2076110839844,12.617255210876465,3.445087277303653,0.0,RED
2022-09-15,284.3912353515625,11.982093811035156,3.445514905600307,0.0,RED
2022-09-16,282.6522827148437,11.748086929321287,3.44593807499441,0.0,RED
2022-09-19,284.8533630371094,12.029850959777832,3.446357877758704,0.0,RED
2022-09-20,282.582763671875,11.743309020996094,3.446772945078339,0.0,RED
2022-09-21,277.5228271484375,11.09859848022461,3.447216511934135,0.0,RED
2022-09-22,274.1070556640625,10.687893867492676,3.447652885778196,0.0,RED
2022-09-23,269.6441345214844,10.176898956298828,3.448081106172126,0.0,RED
2022-09-26,268.52838134765625,10.038406372070312,3.4485063695140346,0.0,RED
2022-09-27,268.6361694335937,10.047956466674805,3.4489394854873665,0.0,RED
2022-09-28,273.9798583984375,10.635361671447754,3.449384289190852,0.0,RED
2022-09-29,266.0816650390625,9.737542152404783,3.449826412655926,0.0,RED
2022-09-30,261.5698547363281,9.226547241210938,3.4502669500040297,0.0,RED
2022-10-03,267.70635986328125,9.866482734680176,3.450702340842575,0.0,RED
2022-10-04,276.1233215332031,10.783406257629396,3.4511336786482394,0.0,RED
2022-10-05,275.9764404296875,10.783406257629396,3.4515876670745165,0.0,RED
2022-10-06,273.8036804199219,10.51119327545166,3.4520387019208827,0.0,RED
2022-10-07,263.37066650390625,9.312507629394531,3.4524891107947173,0.0,RED
2022-10-10,260.73797607421875,9.021191596984863,3.4529402634368833,0.0,RED
2022-10-11,257.1558532714844,8.663018226623535,3.4533903788758424,0.0,RED
2022-10-12,257.0677795410156,8.643918991088867,3.4538480901285817,0.0,RED
2022-10-13,263.0966186523437,9.22177028656006,3.4543323141474733,0.0,RED
2022-10-14,255.18862915039065,8.390809059143066,3.4548234598812244,0.0,RED
2022-10-17,263.6152648925781,9.216996192932127,3.4553208447853883,0.0,RED
2022-10-18,265.699951171875,9.446227073669434,3.4558265282437355,0.0,RED
2022-10-19,264.7310485839844,9.331612586975098,3.4563521704219733,0.0,RED
2022-10-20,263.38043212890625,9.174015045166016,3.456886121954136,0.0,RED
2022-10-21,269.55615234375,9.82350254058838,3.4574197444690977,0.0,RED
2022-10-24,272.5215759277344,10.157793998718262,3.457952763345062,0.0,RED
2022-10-25,278.1589660644531,10.769078254699709,3.4584897065804716,0.0,RED
2022-10-26,272.0126342773437,10.057509422302246,3.4590338697308582,0.0,RED
2022-10-27,267.0604248046875,9.503534317016602,3.459573314307801,0.0,RED
2022-10-28,275.2326354980469,10.363150596618652,3.460112843012411,0.0,RED
2022-10-31,272.03228759765625,10.00497817993164,3.460657948095179,0.0,RED
2022-11-01,269.25262451171875,9.694558143615724,3.461203825675086,0.0,RED
2022-11-02,260.0234680175781,8.691675186157227,3.461760090601838,0.0,RED
2022-11-03,254.9440155029297,8.190231323242188,3.4623130106294098,0.0,RED
2022-11-04,259.0447082519531,8.572281837463379,3.462866018970599,0.0,RED
2022-11-07,261.892822265625,8.844493865966797,3.463417466644161,0.0,RED
2022-11-08,263.8013000488281,9.03551959991455,3.4639648790214768,0.0,RED
2022-11-09,257.7137756347656,8.405134201049805,3.4645270860406736,0.0,RED
2022-11-10,276.7301025390625,10.243757247924805,3.4650897967207723,0.0,RED
2022-11-11,281.8291320800781,10.826387405395508,3.465647373646601,0.0,RED
2022-11-14,279.36279296875,10.539847373962402,3.466206140550561,0.0,RED
2022-11-15,283.2286376953125,10.964879035949709,3.46676568523407,0.0,RED
2022-11-16,279.36279296875,10.520747184753418,3.4667270662023197,0.3500612607206261,RED
2022-11-17,278.74615478515625,10.439559936523438,3.457128847377465,0.0,RED
2022-11-18,278.7559509277344,10.430006980895996,3.4570880038888667,0.3500612607206261,RED
2022-11-21,275.88836669921875,10.114816665649414,3.420298382088943,0.0,RED
2022-11-22,279.8619079589844,10.539847373962402,3.4202559382082836,0.3500612607206261,RED
2022-11-23,282.6708374023437,10.85504150390625,3.455814931517588,0.0,RED
2022-11-25,280.811279296875,10.630586624145508,3.4557860322390717,0.35006126072062604,RED
2022-11-28,276.69091796875,10.162572860717772,3.402320994417175,0.0,RED
2022-11-29,274.5964660644531,9.919013023376465,3.4022902477048214,0.35006126072062604,RED
2022-11-30,287.1141662597656,11.251419067382812,3.561974523760637,0.0,RED
2022-12-01,287.46649169921875,11.313502311706545,3.5615069049016035,0.6001800540162048,RED
2022-12-02,286.32135009765625,11.17978572845459,3.5354236119937847,0.0,RED
2022-12-05,281.51593017578125,10.616259574890137,3.534953167453348,0.6001800540162048,RED
2022-12-06,275.68280029296875,9.942893028259276,3.3996237860612473,0.0,RED
2022-12-07,274.557373046875,9.82350254058838,3.399598054320983,0.35006126072062604,RED
2022-12-08,277.806640625,10.172122955322266,3.4415822658897377,0.0,RED
2022-12-09,276.03515625,9.976323127746582,3.441546658329813,0.3500612607206261,RED
2022-12-12,279.49981689453125,10.339272499084473,3.485122949804155,0.0,RED
2022-12-13,282.50445556640625,10.664015769958496,3.4850893807156,0.35006126072062616,RED
2022-12-14,280.409912109375,10.410906791687012,3.455919279902801,0.0,RED
2022-12-15,270.99481201171875,9.379364967346191,3.455893122062146,0.35006126072062604,RED
2022-12-16,268.4110412597656,9.102380752563477,3.4199554826531338,0.0,RED
2022-12-19,264.638916015625,8.725104331970215,3.4205204538848633,0.0,RED
2022-12-20,264.432861328125,8.686899185180664,3.4210855184489457,0.0,RED
2022-12-21,268.26873779296875,9.064173698425291,3.421659772092132,0.0,RED
2022-12-22,261.7055053710937,8.419955253601074,3.422230727611203,0.0,RED
2022-12-23,262.2940979003906,8.443957328796387,3.4228021858464577,0.0,RED
2022-12-27,258.5858154296875,8.083927154541016,3.423371702077285,0.0,RED
2022-12-28,255.17173767089844,7.757497787475586,3.4239415848105343,0.0,RED
2022-12-29,261.3915405273437,8.3047456741333,3.424530991873273,0.0,RED
2022-12-30,261.23468017578125,8.3047456741333,3.4251146569872164,0.0,RED
2023-01-03,259.4687194824219,8.117531776428223,3.425693664496054,0.0,RED
2023-01-04,260.7048034667969,8.242341041564941,3.4262720901680566,0.0,RED
2023-01-05,256.6236572265625,7.853505134582519,3.4268703281650206,0.0,RED
2023-01-06,263.70684814453125,8.467960357666016,3.4274819973409274,0.0,RED
2023-01-09,265.4139099121094,8.645577430725098,3.4280930956234137,0.0,RED
2023-01-10,267.6604919433594,8.875997543334961,3.4287029424753053,0.0,RED
2023-01-11,272.291015625,9.317636489868164,3.429324054742313,0.0,RED
2023-01-12,273.7627258300781,9.461649894714355,3.429943918650276,0.0,RED
2023-01-13,275.6462707519531,9.648866653442385,3.4305530059006277,0.0,RED
2023-01-17,276.2054748535156,9.70167064666748,3.430563517348655,0.3500612607206261,RED
2023-01-18,272.61480712890625,9.34164047241211,3.3858170612204566,0.0,RED
2023-01-19,269.9365539550781,9.048810958862305,3.3858330776748664,0.35006126072062604,RED
2023-01-20,277.3238220214844,9.788080215454102,3.4824195883604965,0.0,RED
2023-01-23,283.48486328125,10.431336402893066,3.4830467002836687,0.0,RED
2023-01-24,282.90606689453125,10.36893081665039,3.4836735104524905,0.0,GREEN
2023-01-25,282.2782287597656,10.292126655578612,3.4843056865954996,0.0,RED
2023-01-26,287.7818908691406,10.887378692626951,3.4838886257927166,0.6001800540162048,RED
2023-01-27,290.64654541015625,11.199405670166016,3.5440656496098866,0.6068980053071905,GREEN
2023-01-30,284.7700500488281,10.52734661102295,3.4152457117711865,0.5919969368347799,GREEN
2023-01-31,289.03765869140625,10.997788429260254,3.5058465270378356,0.6024693427561684,GREEN
2023-02-01,295.2183532714844,11.708250999450684,3.642546176819346,0.6173187244683731,GREEN
2023-02-02,305.813720703125,12.917959213256836,3.8751250385877434,0.6402221279660676,GREEN
2023-02-03,300.37860107421875,12.25070095062256,3.747225190136942,0.627875645517477,GREEN
2023-02-06,297.83770751953125,11.938671112060549,3.687549009567939,0.6217856277777761,GREEN
2023-02-07,304.008544921875,12.677938461303713,3.829778855422517,0.6357661986646602,GREEN
2023-02-08,298.6029663085937,11.996275901794434,3.6991160652651613,0.622832088391711,GREEN
2023-02-09,295.96392822265625,11.674649238586426,3.637600347779828,0.6163839909817289,GREEN
2023-02-10,294.0213928222656,11.434625625610352,3.591758387965137,0.6114167434392572,GREEN
2023-02-13,298.7304077148437,11.977076530456545,3.696194755186572,0.6223267516367895,GREEN
2023-02-14,300.93780517578125,12.236298561096191,3.7462365936727586,0.6273029867135724,GREEN
2023-02-15,303.24322509765625,12.509920120239258,3.7990447921985333,0.6324156586294927,GREEN
2023-02-16,297.5531921386719,11.794660568237305,3.6619339016937813,0.6185822275274817,GREEN
2023-02-17,295.45379638671875,11.540236473083496,3.6133293945353695,0.6133800492843209,GREEN
2023-02-21,288.4588317871094,10.728963851928713,3.4577809929240115,0.5959129061675179,GREEN
2023-02-22,288.6746520996094,10.738565444946287,3.4598849454746077,0.5960835038040744,GREEN
2023-02-23,291.1960144042969,11.0073881149292,3.5117736801526203,0.6019774905359851,GREEN
2023-02-24,286.3201599121094,10.450539588928224,3.405089045899077,0.5894306746183099,GREEN
2023-02-27,288.3704833984375,10.676158905029297,3.4486809609609432,0.5945446860749842,GREEN
2023-02-28,287.9976806640625,10.623353004455566,3.4387982461019977,0.5933041804317958,GREEN
2023-03-01,285.68243408203125,10.364131927490234,3.3892752952224456,0.587284553810611,GREEN
2023-03-02,288.0467224121094,10.613755226135254,3.4374786289228663,0.592995711995355,GREEN
2023-03-03,294.0017395019531,11.261810302734377,3.5622021650760503,0.6071725602964948,GREEN
2023-03-06,294.3353271484375,11.309815406799316,3.571683704783047,0.6081420255245352,GREEN
2023-03-07,290.7250671386719,10.887378692626951,3.490815795904446,0.598989057534318,GREEN
2023-03-08,292.1770324707031,11.036191940307615,3.5196650573026096,0.602199513778826,GREEN
2023-03-09,287.1147766113281,10.455340385437012,3.4083817168178308,0.5891317671047382,GREEN
2023-03-10,283.0826416015625,10.023300170898438,3.3256762401615614,0.5788329706956994,GREEN
2023-03-13,285.1820983886719,10.23931884765625,3.367430368604898,0.5839759136015625,GREEN
2023-03-14,291.735595703125,10.935383796691896,3.501371110196494,0.5998164580142579,GREEN
2023-03-15,293.2659606933594,11.093795776367188,3.5320549251506304,0.603219275017758,GREEN
2023-03-16,300.9967346191406,11.972274780273438,3.70102348052792,0.6212656293634096,GREEN
2023-03-17,299.5740966796875,11.794660568237305,3.667164001713309,0.6177000071198971,GREEN
2023-03-20,300.6372375488281,11.919469833374023,3.691372905949601,0.6201425212696556,GREEN
2023-03-21,304.9311828613281,12.42351531982422,3.788425109621773,0.6298081632569289,GREEN
2023-03-22,300.7846984863281,11.916532516479492,3.691313508156415,0.6199996758469865,GREEN
2023-03-23,304.3514099121094,12.341432571411133,3.7731710897693302,0.6281763309335107,GREEN
2023-03-24,305.4715576171875,12.46696949005127,3.7975316036940896,0.6304955008638203,GREEN
2023-03-27,303.37872314453125,12.211064338684082,3.7486348329828454,0.6256088375991704,GREEN
2023-03-28,301.7673034667969,12.008270263671877,3.7099427368599662,0.6216354020259668,GREEN
2023-03-29,307.2696228027344,12.664936065673828,3.8363155722850175,0.6340319876427389,GREEN
2023-03-30,310.1781311035156,13.007753372192385,3.9024128275765615,0.6401644833023858,GREEN
2023-03-31,315.3365173339844,13.64510440826416,4.025078348820752,0.6510660008136723,GREEN
2023-04-03,314.5701599121094,13.548535346984863,4.006787449809945,0.6494093481522787,GREEN
2023-04-04,313.5090026855469,13.413341522216797,3.9810777355890736,0.6470812513453142,GREEN
2023-04-05,310.4139099121094,12.983612060546877,3.898810242108305,0.6395668191883322,GREEN
2023-04-06,312.5067443847656,13.244348526000977,3.949147994595127,0.6440946376444796,GREEN
2023-04-10,312.329833984375,13.215375900268556,3.943846395947214,0.6435495945301901,GREEN
2023-04-11,310.32537841796875,12.95946979522705,3.894968591239631,0.6390072211034984,GREEN
2023-04-12,307.5840148925781,12.61665153503418,3.8294013879822835,0.6327551810953075,GREEN
2023-04-13,313.6072692871094,13.340914726257324,3.968769974291506,0.6455831280908073,GREEN
2023-04-14,313.0176696777344,13.263659477233888,3.9542038178272905,0.6442090246186569,GREEN
2023-04-17,313.2829284667969,13.278145790100098,3.9572596921580097,0.6444146029815472,GREEN
2023-04-18,313.3025817871094,13.287801742553713,3.959389048334085,0.6445364077294415,GREEN
2023-04-19,313.1552429199219,13.258830070495604,3.9541058591518117,0.6439904166190886,GREEN
2023-04-20,310.7675476074219,12.949813842773438,3.8950372008947127,0.6385198566531004,GREEN
2023-04-21,311.0918884277344,12.973955154418944,3.8999499150036447,0.6389043643411786,GREEN
2023-04-24,310.4433898925781,12.896699905395508,3.885389386439847,0.6374799601816147,GREEN
2023-04-25,304.5871887207031,12.167610168457031,3.7456374369334156,0.6238814058227081,GREEN
2023-04-26,306.4344177246094,12.370404243469238,3.784861669711862,0.6277061337784502,GREEN
2023-04-27,314.7666931152344,13.369885444641112,3.977094390865113,0.6456308585087983,GREEN
2023-04-28,316.93817138671875,13.640275955200195,4.029303501397012,0.6501531445179107,GREEN
2023-05-01,316.5746459960937,13.60165023803711,4.022160675755982,0.6494633962994205,GREEN
2023-05-02,313.8135681152344,13.239516258239746,3.952883726718704,0.6432511472300068,GREEN
2023-05-03,311.7599792480469,12.97878360748291,3.9030911152708354,0.6386277618612565,GREEN
2023-05-04,310.6595458984375,12.833932876586914,3.8755571805434332,0.6359868069515183,GREEN
2023-05-05,317.262451171875,13.62096118927002,4.026991805626462,0.6496052133322422,GREEN
2023-05-08,318.0484619140625,13.732016563415527,4.0486048391039,0.6514054994605273,GREEN
2023-05-09,316.0341491699219,13.466453552246094,3.99788717461363,0.6469119831028581,GREEN
2023-05-10,319.47320556640625,13.901012420654297,4.081632747888586,0.6540862169558038,GREEN
2023-05-11,320.5147399902344,14.01689338684082,4.104171885946218,0.6559167492593126,GREEN
2023-05-12,319.3651123046875,13.872040748596191,4.07663344714318,0.6535234632171745,GREEN
2023-05-15,321.094482421875,14.084490776062012,4.117717062429625,0.6569119159859145,GREEN
2023-05-16,321.4579772949219,14.137603759765623,4.128197908576657,0.6577150625426607,GREEN
2023-05-17,325.34893798828125,14.644587516784668,4.225849586451481,0.6655575293599272,GREEN
2023-05-18,331.39178466796875,15.431617736816406,4.377286940046014,0.6770627678012561,GREEN
2023-05-19,330.6449584960937,15.325392723083496,4.357173527727422,0.6755060578137466,GREEN
2023-05-22,331.75537109375,15.484731674194336,4.3880604497701565,0.6777251063302144,GREEN
2023-05-23,327.5499267578125,14.886008262634276,4.273359371460189,0.6690080307525792,GREEN
2023-05-24,325.8696594238281,14.644587516784668,4.227282875949529,0.6653318674761188,GREEN
2023-05-25,333.7990417480469,15.702008247375488,4.430655440258532,0.6806278500901456,GREEN
2023-05-26,342.32781982421875,16.88979721069336,4.65906451983687,0.6962227374787536,GREEN
2023-05-30,343.8802795410156,17.126394271850586,4.703146524163147,0.0,GREEN
2023-05-31,341.9248962402344,16.778745651245117,4.704106376669727,0.0,GREEN
2023-06-01,345.8748779296875,17.387126922607422,4.705086025516817,0.0,GREEN
2023-06-02,348.4688415527344,17.778228759765625,4.706057476426096,0.0,GREEN
2023-06-05,348.71453857421875,17.816852569580078,4.707031368904574,0.0,GREEN
2023-06-06,348.6555480957031,17.797542572021484,4.707992014258655,0.0,GREEN
2023-06-07,342.7404479980469,16.88979721069336,4.708955658019513,0.0,GREEN
2023-06-08,346.9949951171875,17.46921157836914,4.70991856468344,0.0,GREEN
2023-06-09,348.32147216796875,17.681663513183594,4.710871762470372,0.0,GREEN
2023-06-12,354.20703125,18.584571838378903,4.711824218448205,0.0,GREEN
2023-06-13,356.92877197265625,18.999813079833984,4.712776866995999,0.0,GREEN
2023-06-14,359.5228271484375,19.40540885925293,4.713730643248866,0.0,GREEN
2023-06-15,363.8068237304688,20.08621406555176,4.714680871475376,0.0,GREEN
2023-06-16,361.5173950195313,19.699939727783203,4.715626613975217,0.0,GREEN
2023-06-20,360.9998474121094,19.603370666503903,4.716574417509725,0.0,GREEN
2023-06-21,356.08026123046875,18.81772232055664,4.71752428315533,0.0,GREEN
2023-06-22,360.2816162109375,19.44255828857422,4.718485572372543,0.0,GREEN
2023-06-23,356.7099914550781,18.866161346435547,4.719447057471516,0.0,GREEN
2023-06-26,351.9281311035156,18.1202335357666,4.720409300290377,0.0,GREEN
2023-06-27,357.9792175292969,19.01631736755371,4.721374923740114,0.0,GREEN
2023-06-28,358.6778564453125,19.1325626373291,4.722345428553388,0.0,GREEN
2023-06-29,357.95953369140625,19.00178337097168,4.723314258959178,0.0,GREEN
2023-06-30,363.4793701171875,19.859113693237305,4.724284225315964,0.0,GREEN
2023-07-03,364.3353576660156,19.99473762512207,4.725250266428517,0.0,GREEN
2023-07-05,364.3254699707031,19.98021125793457,4.726215005021004,0.0,GREEN
2023-07-06,361.55084228515625,19.5103702545166,4.727188942868776,0.0,GREEN
2023-07-07,360.3504333496094,19.3117790222168,4.728166833150984,0.0,GREEN
2023-07-10,360.468505859375,19.326313018798828,4.729144925724535,0.0,GREEN
2023-07-11,362.2494201660156,19.60240173339844,4.730125472620801,0.0,GREEN
2023-07-12,366.8246765136719,20.328954696655277,4.731109601509583,0.0,GREEN
2023-07-13,373.0528259277344,21.34128761291504,4.732091494497921,0.0,GREEN
2023-07-14,372.9741516113281,21.321908950805664,4.73307227680389,0.0,GREEN
2023-07-17,376.4572448730469,21.912843704223636,4.7340517598453875,0.0,GREEN
2023-07-18,379.5369873046875,22.43595695495605,4.735034826985078,0.0,GREEN
2023-07-19,379.44830322265625,22.43595695495605,4.736020916804856,0.0,GREEN
2023-07-20,370.7013244628906,20.86176300048828,4.7370066481209925,0.0,GREEN
2023-07-21,369.5895080566406,20.67770004272461,4.737992208676574,0.0,GREEN
2023-07-24,370.1797790527344,20.760046005249023,4.738978914382842,0.0,GREEN
2023-07-25,372.6888427734375,21.17659950256348,4.739966201656672,0.0,GREEN
2023-07-26,371.4490661621094,20.958635330200195,4.740956515998691,0.0,GREEN
2023-07-27,370.5635681152344,20.77942276000977,4.741947601694052,0.0,GREEN
2023-07-28,377.3132629394531,21.903154373168945,4.7429388945735225,0.0,GREEN
2023-07-31,377.510009765625,21.946748733520508,4.743927947924069,0.0,GREEN
2023-08-01,376.6343383789063,21.777219772338867,4.744915889771624,0.0,GREEN
2023-08-02,368.3694152832031,20.353174209594727,4.745906296861554,0.0,GREEN
2023-08-03,367.7790832519531,20.20786476135254,4.746896910679322,0.0,GREEN
2023-08-04,366.0572814941406,19.926929473876957,4.747887354467712,0.0,GREEN
2023-08-07,369.1565551757813,20.42098999023437,4.748877062850276,0.0,GREEN
2023-08-08,366.0177917480469,19.89786720275879,4.749868296756528,0.0,GREEN
2023-08-09,361.9936218261719,19.234281539916992,4.750862564840591,0.0,GREEN
2023-08-10,362.6626892089844,19.321468353271484,4.751857983703254,0.0,GREEN
2023-08-11,360.3504333496094,18.93397331237793,4.752851348324538,0.0,GREEN
2023-08-14,364.3944091796875,19.563650131225582,4.753844354741775,0.0,GREEN
2023-08-15,360.527587890625,18.963037490844727,4.754838511871093,0.0,GREEN
2023-08-16,356.7099914550781,18.33335494995117,4.755834763789358,0.0,GREEN
2023-08-17,352.8136901855469,17.713361740112305,4.7568321679957455,0.0,GREEN
2023-08-18,352.370849609375,17.631023406982422,4.757828460043444,0.0,GREEN
2023-08-21,358.0480651855469,18.48351287841797,4.7588249607589725,0.0,GREEN
2023-08-22,357.5364685058594,18.40117073059082,4.759822047933228,0.0,GREEN
2023-08-23,363.1742858886719,19.268190383911133,4.760822177223186,0.0,GREEN
2023-08-24,355.4111633300781,17.9991455078125,4.76182251665936,0.0,GREEN
2023-08-25,358.1661682128906,18.42538452148437,4.762824577956134,0.0,GREEN
2023-08-28,360.862060546875,18.837099075317383,4.763829118150752,0.0,GREEN
2023-08-29,368.7433166503906,20.038333892822266,4.764835382522889,0.0,GREEN
2023-08-30,370.7997131347656,20.37255096435547,4.765841292247212,0.0,GREEN
2023-08-31,371.9114990234375,20.556610107421875,4.766846468705188,0.0,GREEN
2023-09-01,371.5179138183594,20.48395156860352,4.767848641400362,0.0,GREEN
2023-09-05,371.990234375,20.53723526000977,4.768845348830643,0.0,GREEN
2023-09-06,368.7137451171875,19.99473762512207,4.76984415697227,0.0,GREEN
2023-09-07,366.076904296875,19.55881118774414,4.7708473385175765,0.0,GREEN
2023-09-08,366.5885009765625,19.61693382263184,4.771847512583172,0.0,GREEN
2023-09-11,370.9078979492188,20.28536605834961,4.772849789961739,0.0,GREEN
2023-09-12,366.7951354980469,19.636306762695312,4.773852277858337,0.0,GREEN
2023-09-13,368.19232177734375,19.83005714416504,4.77485724950574,0.0,GREEN
2023-09-14,371.20306396484375,20.2950496673584,4.775862432715621,0.0,GREEN
2023-09-15,364.8470153808594,19.253660202026367,4.776865932396001,0.0,GREEN
2023-09-18,365.2273254394531,19.297250747680664,4.777870211564081,0.0,GREEN
2023-09-19,364.4488830566406,19.18099975585937,4.7788750811288665,0.0,GREEN
2023-09-20,359.1970520019531,18.349328994750977,4.779882058367253,0.0,GREEN
2023-09-21,352.61492919921875,17.304264068603516,4.780890196201131,0.0,GREEN
2023-09-22,352.6641845703125,17.318849563598633,4.781896649442011,0.0,GREEN
2023-09-25,354.3392333984375,17.547300338745117,4.782903314557267,0.0,GREEN
2023-09-26,349.0184020996094,16.764726638793945,4.7839117100444595,0.0,GREEN
2023-09-27,349.8363037109375,16.86680030822754,4.784922596113646,0.0,GREEN
2023-09-28,352.7626953125,17.27509880065918,4.785934645203814,0.0,GREEN
2023-09-29,353.0189208984375,17.313987731933594,4.7869427301846335,0.0,GREEN
2023-10-02,355.96514892578125,17.727153778076172,4.7879495078585625,0.0,GREEN
2023-10-03,349.7179870605469,16.78902816772461,4.7889593472200005,0.0,GREEN
2023-10-04,354.4772033691406,17.469532012939453,4.789974150539242,0.0,GREEN
2023-10-05,353.4327087402344,17.28482437133789,4.790988218486697,0.0,GREEN
2023-10-06,359.3546447753906,18.154895782470703,4.79200059988946,0.0,GREEN
2023-10-09,361.18743896484375,18.422237396240234,4.793017568915088,0.0,GREEN
2023-10-10,363.1877136230469,18.723602294921875,4.794034753764145,0.0,GREEN
2023-10-11,365.7790832519531,19.122188568115234,4.795047398477433,0.0,GREEN
2023-10-12,364.5079650878906,18.89859390258789,4.796062540463694,0.0,GREEN
2023-10-13,359.9261474609375,18.18406105041504,4.797077897361961,0.0,GREEN
2023-10-16,363.9956359863281,18.79651260375977,4.798092136701904,0.0,GREEN
2023-10-17,362.8033752441406,18.616670608520508,4.799106590481023,0.0,GREEN
2023-10-18,358.04412841796875,17.829225540161133,4.800123544049494,0.0,GREEN
2023-10-19,354.6940002441406,17.352872848510742,4.801138808260746,0.0,GREEN
2023-10-20,349.4027404785156,16.570289611816406,4.802150476784442,0.0,GREEN
2023-10-23,350.45703125,16.716115951538086,4.803160452913128,0.0,GREEN
2023-10-24,353.8663024902344,17.18760871887207,4.804169307252017,0.0,GREEN
2023-10-25,345.20513916015625,15.928675651550291,4.805181233089494,0.0,GREEN
2023-10-26,338.6230773925781,15.000271797180176,4.806194706840637,0.0,GREEN
2023-10-27,340.2488708496094,15.214143753051758,4.8072055335415484,0.0,GREEN
2023-10-30,344.0818176269531,15.705082893371582,4.808217526578463,0.0,GREEN
2023-10-31,345.7273864746094,15.933534622192385,4.80923125914556,0.0,GREEN
2023-11-01,351.72808837890625,16.7550048828125,4.810246541333028,0.0,GREEN
2023-11-02,358.1131896972656,17.644515991210938,4.81125822020551,0.0,GREEN
2023-11-03,362.320556640625,18.266695022583008,4.812264384123317,0.0,GREEN
2023-11-06,363.7985229492188,18.475706100463867,4.813267512050437,0.0,GREEN
2023-11-07,367.2374572753906,18.99580764770508,4.814272186185955,0.0,GREEN
2023-11-08,367.4739074707031,19.029834747314453,4.815279553491476,0.0,GREEN
2023-11-09,364.6459655761719,18.577781677246094,4.816286176241237,0.0,GREEN
2023-11-10,372.8440246582031,19.817272186279297,4.817292053788882,0.0,GREEN
2023-11-13,371.6813049316406,19.637426376342773,4.818295656300088,0.0,GREEN
2023-11-14,379.6822814941406,20.872058868408203,4.819301379961,0.0,GREEN
2023-11-15,379.9680480957031,20.93038749694824,4.820305974766596,0.0,GREEN
2023-11-16,380.2932739257813,20.96441078186035,4.821311161609811,0.0,GREEN
2023-11-17,380.38189697265625,20.978992462158203,4.822314262187885,0.0,GREEN
2023-11-20,385.0130310058594,21.72754669189453,4.823315657806039,0.0,GREEN
2023-11-21,382.7763366699219,21.33382797241211,4.8243182184017055,0.0,GREEN
2023-11-22,384.3429565429688,21.58172607421875,4.82532424192511,0.0,GREEN
2023-11-24,383.8010864257813,21.474788665771484,4.82633239000009,0.0,GREEN
2023-11-27,383.466064453125,21.41160011291504,4.827338450436408,0.0,GREEN
2023-11-28,384.4710693359375,21.58172607421875,4.828345678415582,0.0,GREEN
2023-11-29,384.0966491699219,21.503955841064453,4.829353499819296,0.0,GREEN
2023-11-30,383.1309814453125,21.32410430908203,4.830357698677776,0.0,GREEN
2023-12-01,384.2247619628906,21.503955841064453,4.831361723011915,0.0,GREEN
2023-12-04,380.6578369140625,20.891496658325195,4.832361546508848,0.0,GREEN
2023-12-05,381.6135864257813,21.042179107666016,4.833363110976984,0.0,GREEN
2023-12-06,379.4064331054688,20.66790199279785,4.834368719030094,0.0,GREEN
2023-12-07,384.70751953125,21.533113479614254,4.8353745363055465,0.0,GREEN
2023-12-08,386.4220886230469,21.79073905944824,4.836378644003536,0.0,GREEN
2023-12-11,389.7229309082031,22.344865798950195,4.8373829602132465,0.0,GREEN
2023-12-12,392.8267822265625,22.8844051361084,4.838387484977979,0.0,GREEN
2023-12-13,397.8224792480469,23.6912899017334,4.839395098399508,0.0,GREEN
2023-12-14,397.4776306152344,23.65240859985352,4.840398120655021,0.0,GREEN
2023-12-15,399.3990173339844,23.934329986572266,4.841399814184299,0.0,GREEN
2023-12-18,401.9146728515625,24.43498420715332,4.842403636151259,0.0,GREEN
2023-12-19,403.9683532714844,24.799541473388672,4.843407666251936,0.0,GREEN
2023-12-20,397.9654235839844,23.697654724121094,4.844414403115006,0.0,GREEN
2023-12-21,402.5959777832031,24.48366928100586,4.845419811345986,0.0,GREEN
2023-12-22,403.19818115234375,24.58131217956543,4.84642158267146,0.0,GREEN
2023-12-26,405.6665344238281,25.03046417236328,4.847423176500426,0.0,GREEN
2023-12-27,406.4923095703125,25.162282943725582,4.848424015513132,0.0,GREEN
2023-12-28,406.2947692871094,25.098812103271484,4.849431217908709,0.0,GREEN
2023-12-29,404.5364074707031,24.75218391418457,4.850435358058732,0.0,GREEN
2024-01-02,397.6907653808594,23.49748992919922,4.851432391960404,0.0,GREEN
2024-01-03,393.4825744628906,22.74564552307129,4.8524359838726845,0.0,GREEN
2024-01-04,391.4575805664063,22.364845275878903,4.853444019706949,0.0,GREEN
2024-01-05,391.9217834472656,22.447834014892575,4.854450916775645,0.0,GREEN
2024-01-08,400.0220336914063,23.8001766204834,4.855456481567988,0.0,GREEN
2024-01-09,400.8122863769531,23.95640754699707,4.856462254655888,0.0,GREEN
2024-01-10,403.5288391113281,24.42996597290039,4.857470163294161,0.0,GREEN
2024-01-11,404.3684997558594,24.547138214111328,4.858477317307651,0.0,GREEN
2024-01-12,404.5759582519531,24.57642936706543,4.859483330574582,0.0,GREEN
2024-01-16,404.5364074707031,24.561782836914062,4.860485695421006,0.0,GREEN
2024-01-17,402.2544860839844,24.137039184570312,4.861489231429221,0.0,GREEN
2024-01-18,407.9641723632813,25.172042846679688,4.862495289646828,0.0,GREEN
2024-01-19,416.0544738769531,26.62690544128418,4.86349866165392,0.0,GREEN
2024-01-22,416.5977783203125,26.73430824279785,4.864501854742041,0.0,GREEN
2024-01-23,418.3265075683594,27.05164909362793,4.865505640802232,0.0,GREEN
2024-01-24,420.6479187011719,27.49592018127441,4.866511564793271,0.0,GREEN
2024-01-25,421.16162109375,27.574031829833984,4.867517696755105,0.0,GREEN
2024-01-26,418.6524963378906,27.066295623779297,4.868521139424557,0.0,GREEN
2024-01-29,422.9396667480469,27.862070083618164,4.869525754860922,0.0,GREEN
2024-01-30,420.1243896484375,27.305513381958008,4.870530577598877,0.0,GREEN
2024-01-31,411.8957824707031,25.69930648803711,4.871536187556404,0.0,GREEN
2024-02-01,416.74603271484375,26.60737991333008,4.872539105442355,0.0,GREEN
2024-02-02,423.7892761230469,27.945072174072266,4.873544549982789,0.0,GREEN
2024-02-05,423.2361145019531,27.803489685058597,4.874552135986413,0.0,GREEN
2024-02-06,422.3865356445313,27.642379760742188,4.875563412151751,0.0,GREEN
2024-02-07,426.7329711914063,28.46745491027832,4.876573930720935,0.0,GREEN
2024-02-08,427.5232543945313,28.58462142944336,4.8775846587321245,0.0,GREEN
2024-02-09,431.73138427734375,29.42434310913086,4.878594628431846,0.0,GREEN
2024-02-12,430.0422058105469,29.077714920043945,4.879605194421403,0.0,GREEN
2024-02-13,423.3348388671875,27.700965881347656,4.880617518895881,0.0,GREEN
2024-02-14,427.9480590820313,28.579744338989254,4.881631021693828,0.0,GREEN
2024-02-15,429.2222900390625,28.818960189819336,4.882641829247583,0.0,GREEN
2024-02-16,425.3302307128906,28.02806663513184,4.883652846102677,0.0,GREEN
2024-02-20,422.1197814941406,27.37874794006348,4.884665041303367,0.0,GREEN
2024-02-21,420.4306640625,27.03700256347656,4.885675507890055,0.0,GREEN
2024-02-22,432.7389831542969,29.37552070617676,4.886690448839901,0.0,GREEN
2024-02-23,431.4646911621094,29.107006072998047,4.88770521273472,0.0,GREEN
2024-02-26,431.2374572753906,29.06795310974121,4.888721545044086,0.0,GREEN
2024-02-27,432.2747192382813,29.24859046936035,4.889740028699303,0.0,GREEN
2024-02-28,429.9730224609375,28.7750244140625,4.890757754329896,0.0,GREEN
2024-02-29,433.65765380859375,29.46827888488769,4.891774721374074,0.0,GREEN
2024-03-01,440.1872253417969,30.820619583129883,4.892788599930118,0.0,GREEN
2024-03-04,438.6165466308594,30.454463958740234,4.893801135378341,0.0,GREEN
2024-03-05,430.7435607910156,28.8238468170166,4.894815433932815,0.0,GREEN
2024-03-06,433.45025634765625,29.355995178222656,4.895830331162001,0.0,GREEN
2024-03-07,440.0291748046875,30.66439247131348,4.896846410238404,0.0,GREEN
2024-03-08,433.6773986816406,29.32181739807129,4.897862311581101,0.0,GREEN
2024-03-11,432.0672302246094,28.98007202148437,4.89887842368302,0.0,GREEN
2024-03-12,438.2609558105469,30.210359573364254,4.899897079310751,0.0,GREEN
2024-03-13,434.8924255371094,29.50733757019043,4.900915946754167,0.0,GREEN
2024-03-14,433.7959899902344,29.26811408996582,4.9019346371239205,0.0,GREEN
2024-03-15,428.6394653320313,28.198938369750977,4.902953539235741,0.0,GREEN
2024-03-18,432.7276306152344,28.99471664428711,4.903972653133639,0.0,GREEN
2024-03-19,433.8057556152344,29.19488525390625,4.904991978861637,0.0,GREEN
2024-03-20,438.94927978515625,30.23117446899414,4.9060115164637645,0.0,GREEN
2024-03-21,441.0264587402344,30.62314796447754,4.907029319202368,0.0,GREEN
2024-03-22,441.5309143066406,30.686843872070312,4.9080473330946575,0.0,GREEN
2024-03-25,439.9285278320313,30.37326431274414,4.909064000001364,0.0,GREEN
2024-03-26,438.5042114257813,30.08907890319824,4.910080487923335,0.0,GREEN
2024-03-27,439.9977416992188,30.353662490844727,4.911097186322842,0.0,GREEN
2024-03-28,439.1867065429688,30.16257667541504,4.912113510631416,0.0,GREEN
2024-04-01,440.1164855957031,30.34876251220703,4.913127706144635,0.0,GREEN
2024-04-02,436.3181457519531,29.53541374206543,4.91414503551178,0.0,GREEN
2024-04-03,437.2974243164063,29.73139953613281,4.9151616004796,0.0,GREEN
2024-04-04,430.61083984375,28.33008575439453,4.91617779064333,0.0,GREEN
2024-04-05,435.6851196289063,29.329627990722656,4.917192825301357,0.0,GREEN
2024-04-08,435.8136901855469,29.34922409057617,4.918210411068589,0.0,GREEN
2024-04-09,437.4259948730469,29.653005599975582,4.919229768736085,0.0,GREEN
2024-04-10,433.6079406738281,28.873950958251957,4.920248752004367,0.0,GREEN
2024-04-11,440.5318908691406,30.23117446899414,4.921272437097895,0.0,GREEN
2024-04-12,433.509033203125,28.77105712890625,4.922295358709502,0.0,GREEN
2024-04-15,426.37738037109375,27.325647354125977,4.9233169303293405,0.0,GREEN
2024-04-16,426.41693115234375,27.33054542541504,4.924340276903463,0.0,GREEN
2024-04-17,421.2140197753906,26.316307067871094,4.925362859113472,0.0,GREEN
2024-04-18,418.8104553222656,25.84593772888184,4.926387021821981,0.0,GREEN
2024-04-19,410.14556884765625,24.243730545043945,4.927411984016653,0.0,GREEN
2024-04-22,414.2702941894531,24.94928741455078,4.928437550496505,0.0,GREEN
2024-04-23,420.4524230957031,26.06151962280273,4.92946333043255,0.0,GREEN
2024-04-24,421.8767700195313,26.316307067871094,4.9304893238692165,0.0,GREEN
2024-04-25,419.8391418457031,25.894933700561523,4.931517487439105,0.0,GREEN
2024-04-26,426.3180236816406,27.085561752319336,4.932543908417567,0.0,GREEN
2024-04-29,428.0489807128906,27.408939361572266,4.933569172884961,0.0,GREEN
2024-04-30,419.97760009765625,25.841035842895508,4.934595629366071,0.0,GREEN
2024-05-01,416.9409484863281,25.282468795776367,4.935622691013345,0.0,GREEN
2024-05-02,422.2625122070313,26.21831321716309,4.936650945740639,0.0,GREEN
2024-05-03,430.7493286132813,27.781322479248047,4.9376770638850624,0.0,GREEN
2024-05-06,435.4674377441406,28.69266700744629,4.938702807539376,0.0,GREEN
2024-05-07,435.5367736816406,28.69266700744629,4.939729744110055,0.0,GREEN
2024-05-08,435.2795715332031,28.63876724243164,4.940757482332242,0.0,GREEN
2024-05-09,436.2291259765625,28.795557022094727,4.941785826476266,0.0,GREEN
2024-05-10,437.2578430175781,28.991544723510746,4.94281340411911,0.0,GREEN
2024-05-13,438.2667236328125,29.18263435363769,4.943841783913896,0.0,GREEN
2024-05-14,441.0857849121094,29.726497650146484,4.944869789065331,0.0,GREEN
2024-05-15,447.9801025390625,31.09841728210449,4.945897026922711,0.0,GREEN
2024-05-16,447.0701293945313,30.907331466674805,4.946925459434181,0.0,GREEN
2024-05-17,446.85247802734375,30.83873176574707,4.947954694764926,0.0,GREEN
2024-05-20,449.96826171875,31.475690841674805,4.948983555140643,0.0,GREEN
2024-05-21,450.8486022949219,31.637386322021484,4.950012629453984,0.0,GREEN
2024-05-22,450.7595520019531,31.617786407470703,4.951041917749436,0.0,GREEN
2024-05-23,448.7318115234375,31.14741516113281,4.952072402443562,0.0,GREEN
2024-05-24,452.9752197265625,32.01956558227539,4.953103101617534,0.0,GREEN
2024-05-28,454.6864318847656,32.3674430847168,4.954134015315993,0.0,GREEN
2024-05-29,451.4816589355469,31.691280364990234,4.955165733412442,0.0,GREEN
2024-05-30,446.6447448730469,30.67214584350586,4.956198059606903,0.0,GREEN
2024-05-31,445.8138427734375,30.63784408569336,4.957230207548778,0.0,GREEN
2024-06-03,448.2075500488281,30.93672561645508,4.958261980242083,0.0,GREEN
2024-06-04,449.4341125488281,31.167015075683597,4.959293574198977,0.0,GREEN
2024-06-05,458.4946594238281,33.04850387573242,4.960324792341584,0.0,GREEN
2024-06-06,458.33636474609375,33.00930404663086,4.961356224912082,0.0,GREEN
2024-06-07,457.9308166503906,32.88681411743164,4.96238649380656,0.0,GREEN
2024-06-10,459.7804870605469,33.23468399047852,4.963417961268388,0.0,GREEN
2024-06-11,462.9358215332031,33.92064666748047,4.964448658300403,0.0,GREEN
2024-06-12,468.999267578125,35.258262634277344,4.965481933405349,0.0,GREEN
2024-06-13,471.5413513183594,35.82172775268555,4.966515029513618,0.0,GREEN
2024-06-14,473.9844970703125,36.34109878540039,4.96754774926036,0.0,GREEN
2024-06-17,479.7907104492188,37.65912628173828,4.968580683747231,0.0,GREEN
2024-06-18,479.9391479492188,37.67872619628906,4.969614424567727,0.0,GREEN
2024-06-20,476.2397155761719,36.7918701171875,4.970646802828684,0.0,GREEN
2024-06-21,474.9637451171875,36.45379638671875,4.971677423029903,0.0,GREEN
2024-06-24,469.5564880371094,35.21906280517578,4.972706284082273,0.0,GREEN
2024-06-25,474.9261169433594,36.39500045776367,4.973734371381073,0.0,GREEN
2024-06-26,475.9069519042969,36.62272644042969,4.974765237050453,0.0,GREEN
2024-06-27,477.1353759765625,36.88832092285156,4.975797698252225,0.0,GREEN
2024-06-28,474.65863037109375,36.30793762207031,4.976828991570666,0.0,GREEN
2024-07-01,477.4424743652344,36.903076171875,4.977858523659585,0.0,GREEN
2024-07-02,482.4555358886719,38.03431701660156,4.978889256415683,0.0,GREEN
2024-07-03,486.477783203125,38.96881866455078,4.979922178393827,0.0,GREEN
2024-07-05,491.55023193359375,40.14925003051758,4.980955709865572,0.0,GREEN
2024-07-08,492.7192077636719,40.41484069824219,4.981988467528629,0.0,GREEN
2024-07-09,493.145263671875,40.50336837768555,4.983020055445315,0.0,GREEN
2024-07-10,498.2870178222656,41.77233123779297,4.984053241132397,0.0,GREEN
2024-07-11,487.3594665527344,39.0278434753418,4.985086641041508,0.0,GREEN
2024-07-12,490.2226257324219,39.66231918334961,4.986114914062616,0.0,GREEN
2024-07-15,491.540283203125,39.95742416381836,4.987143399185436,0.0,GREEN
2024-07-16,491.728515625,39.9869384765625,4.9881711069184895,0.0,GREEN
2024-07-17,477.2939147949219,36.47024917602539,4.989199026432737,0.0,GREEN
2024-07-18,475.03509521484375,35.92430114746094,4.990227553805704,0.0,GREEN
2024-07-19,470.8245544433594,34.95045852661133,4.991255897094887,0.0,GREEN
2024-07-22,477.8387756347656,36.47517395019531,4.992284452296234,0.0,GREEN
2024-07-23,476.154541015625,36.08169174194336,4.9933126251769115,0.0,GREEN
2024-07-24,459.0747680664063,32.19120407104492,4.99433764126839,0.0,GREEN
2024-07-25,454.01220703125,31.11898422241211,4.995362273251977,0.0,GREEN
2024-07-26,458.6685180664063,32.00922775268555,4.996385133115776,0.0,GREEN
2024-07-29,459.58990478515625,32.196128845214844,4.997407211147898,0.0,GREEN
2024-07-30,453.2790832519531,30.88290023803711,4.998427911707265,0.0,GREEN
2024-07-31,466.69329833984375,33.583126068115234,4.999446440614832,0.0,GREEN
2024-08-01,455.3893432617188,31.163253784179688,5.000465177067881,0.0,GREEN
2024-08-02,444.5806884765625,28.890932083129883,5.001480152394714,0.0,GREEN
2024-08-05,431.324951171875,26.37268829345703,5.002478463752488,0.0,GREEN
2024-08-06,435.4463195800781,27.03175926208496,5.003482929654883,0.0,GREEN
2024-08-07,430.7305908203125,26.161195755004883,5.004491568262061,0.0,GREEN
2024-08-08,443.906982421875,28.556474685668945,5.005500410197972,0.0,GREEN
2024-08-09,446.2252502441406,28.945032119750977,5.006510051448035,0.0,GREEN
2024-08-12,447.1862487792969,29.14177131652832,5.007518306906614,0.0,GREEN
2024-08-13,458.2821960449219,31.261621475219727,5.0085263680233485,0.0,GREEN
2024-08-14,458.4307861328125,31.31572151184082,5.009530657055248,0.0,GREEN
2024-08-15,470.01220703125,33.671653747558594,5.01053713541753,0.0,GREEN
2024-08-16,470.6165161132813,33.76019287109375,5.011547196062992,0.0,GREEN
2024-08-19,476.7985229492188,35.06849670410156,5.01255646594649,0.0,GREEN
2024-08-20,475.79791259765625,34.852088928222656,5.013563552232226,0.0,GREEN
2024-08-21,478.0171203613281,35.32917404174805,5.014564872284612,0.0,GREEN
2024-08-22,470.4382019042969,33.63230895996094,5.015560820608408,0.0,GREEN
2024-08-23,475.5403747558594,34.68977355957031,5.016560947338641,0.0,GREEN
2024-08-26,470.9236450195313,33.671653747558594,5.017556296732955,0.0,GREEN
2024-08-27,472.3304748535156,33.956932067871094,5.0185514454273354,0.0,GREEN
2024-08-28,466.9707336425781,32.80601119995117,5.019540816985091,0.0,GREEN
2024-08-29,466.2871398925781,32.63386154174805,5.02052779414244,0.0,GREEN
2024-08-30,471.8450317382813,33.74542999267578,5.021516957684661,0.0,GREEN
2024-09-03,457.5193481445313,30.666488647460938,5.022506913871968,0.0,GREEN
2024-09-04,456.3304748535156,30.405811309814453,5.023497463804832,0.0,GREEN
2024-09-05,456.7564697265625,30.504180908203125,5.024483823535822,0.0,GREEN
2024-09-06,444.521240234375,28.03020668029785,5.025467186830372,0.0,GREEN
2024-09-09,450.2376403808594,29.072912216186523,5.026445956390476,0.0,GREEN
2024-09-10,454.3985900878906,29.85494613647461,5.027422323567486,0.0,GREEN
2024-09-11,464.26611328125,31.75838279724121,5.0283869103582095,0.0,GREEN
2024-09-12,468.8233642578125,32.69780349731445,5.029359663778368,0.0,GREEN
2024-09-13,470.9236450195313,33.12570571899414,5.030325620188689,0.0,GREEN
2024-09-16,468.8431396484375,32.683048248291016,5.031276391656408,0.0,GREEN
2024-09-17,469.0908508300781,32.70272445678711,5.032223749033496,0.0,GREEN
2024-09-18,467.0598449707031,32.27482223510742,5.033169287927287,0.0,GREEN
2024-09-19,478.8691101074219,34.71437072753906,5.03409103693966,0.0,GREEN
2024-09-20,477.9576416015625,34.4930305480957,5.035008559947843,0.0,GREEN
2024-09-23,479.2245788574219,34.74879455566406,5.03591665972122,0.0,GREEN
2024-09-24,481.53619384765625,35.24064254760742,5.036816530023749,0.0,GREEN
2024-09-25,481.9826354980469,35.36399459838867,5.037714962155735,0.0,GREEN
2024-09-26,485.6037902832031,36.11400985717773,5.038611955289764,0.0,GREEN
2024-09-27,482.9053039550781,35.49229049682617,5.039505309174268,0.0,GREEN
2024-09-30,484.2148742675781,35.76860809326172,5.040401621164796,0.0,GREEN
2024-10-01,477.4685363769531,34.2537841796875,5.041301292879981,0.0,GREEN
2024-10-02,478.1431579589844,34.382076263427734,5.042197924299032,0.0,GREEN
2024-10-03,477.7860412597656,34.30312728881836,5.043092914440518,0.0,GREEN
2024-10-04,483.4707946777344,35.51202392578125,5.043986462481489,0.0,GREEN
2024-10-07,478.29205322265625,34.34260177612305,5.04488817516366,0.0,GREEN
2024-10-08,485.4351501464844,35.8327522277832,5.045794052920554,0.0,GREEN
2024-10-09,489.2546997070313,36.69625473022461,5.046700693986256,0.0,GREEN
2024-10-10,488.69915771484375,36.56796646118164,5.0476088998147155,0.0,GREEN
2024-10-11,489.4630432128906,36.661712646484375,5.048516267647065,0.0,GREEN
2024-10-14,493.57037353515625,37.59922409057617,5.0494207934516036,0.0,GREEN
2024-10-15,486.972900390625,36.099212646484375,5.0503260824905105,0.0,GREEN
2024-10-16,487.0324096679688,36.079471588134766,5.0512309325535325,0.0,GREEN
2024-10-17,487.3697509765625,36.188018798828125,5.052133539370634,0.0,GREEN
2024-10-18,490.5642700195313,36.8294792175293,5.05303871326967,0.0,GREEN
2024-10-21,491.50677490234375,37.03178405761719,5.053943648339941,0.0,GREEN
2024-10-22,492.0425109863281,37.14033889770508,5.054849748262139,0.0,GREEN
2024-10-23,484.5025329589844,35.4232063293457,5.0557524000029,0.0,GREEN
2024-10-24,488.4313354492188,36.2669677734375,5.056656216079908,0.0,GREEN
2024-10-25,491.4075927734375,36.87882232666016,5.057556581809419,0.0,GREEN
2024-10-28,491.4869384765625,36.91335678100586,5.058461723926147,0.0,GREEN
2024-10-29,496.2093811035156,37.934757232666016,5.059361407450347,0.0,GREEN
2024-10-30,492.459228515625,37.09099578857422,5.060260849482167,0.0,GREEN
2024-10-31,480.0281982421875,34.26858139038086,5.061157037706928,0.0,GREEN
2024-11-01,483.5798950195313,34.99885940551758,5.062047158691134,0.0,GREEN
2024-11-04,482.1711730957031,34.67319869995117,5.062931008214189,0.0,GREEN
2024-11-05,488.3221435546875,35.99065017700195,5.063818628464763,0.0,GREEN
2024-11-06,501.5865478515625,38.9117431640625,5.06470740898377,0.0,GREEN
2024-11-07,509.4836120605469,40.73249435424805,5.065597752354896,0.0,GREEN
2024-11-08,510.0789184570313,40.831180572509766,5.066486242134733,0.0,GREEN
2024-11-11,509.7813415527344,40.75716400146485,5.067375490862267,0.0,GREEN
2024-11-12,508.8586120605469,40.53512191772461,5.068263286997142,0.0,GREEN
2024-11-13,508.2038269042969,40.35749053955078,5.069152847624245,0.0,GREEN
2024-11-14,504.6720275878906,39.50385284423828,5.070035926208541,0.0,GREEN
2024-11-15,492.6477355957031,36.64691162109375,5.070917750293556,0.0,GREEN
2024-11-18,496.0704040527344,37.38705062866211,5.0718017400679765,0.0,GREEN
2024-11-19,499.4832763671875,38.13706207275391,5.072687896514104,0.0,GREEN
2024-11-20,499.195556640625,38.09265899658203,5.073575214300181,0.0,GREEN
2024-11-21,500.99127197265625,38.4676628112793,5.074463089931963,0.0,GREEN
2024-11-22,501.794921875,38.61075973510742,5.075351725096958,0.0,GREEN
2024-11-25,502.5885925292969,38.788387298583984,5.076240918655398,0.0,GREEN
2024-11-26,505.2870788574219,39.39037322998047,5.077128253667768,0.0,GREEN
2024-11-27,501.3087158203125,38.43805694580078,5.078013729008165,0.0,GREEN
2024-11-29,505.7136535644531,39.41997528076172,5.07889734374483,0.0,GREEN
2024-12-02,511.2199096679688,40.69795608520508,5.079778693698022,0.0,GREEN
2024-12-03,512.7872924804688,41.05816268920898,5.0806616076369,0.0,GREEN
2024-12-04,519.126953125,42.55817794799805,5.081540037874396,0.0,GREEN
2024-12-05,517.6883544921875,42.20784378051758,5.082416200191793,0.0,GREEN
2024-12-06,522.3214721679688,43.29338836669922,5.083289488356836,0.0,GREEN
2024-12-09,518.2537841796875,42.2818603515625,5.084155866481451,0.0,GREEN
2024-12-10,516.4879150390625,41.822975158691406,5.085021988793343,0.0,GREEN
2024-12-11,525.7342529296875,44.05820846557617,5.085886644287235,0.0,GREEN
2024-12-12,522.3412475585938,43.18482971191406,5.086745392233801,0.0,GREEN
2024-12-13,526.3394165039062,44.11248397827149,5.087597825806962,0.0,GREEN
2024-12-16,533.9190673828125,46.03191375732422,5.088449392763284,0.0,GREEN
2024-12-17,531.5678100585938,45.415130615234375,5.089303121527858,0.0,GREEN
2024-12-18,512.3905639648438,40.505516052246094,5.090159416927478,0.0,GREEN
2024-12-19,510.1086730957031,39.93313980102539,5.091014240499369,0.0,GREEN
2024-12-20,514.5632934570312,40.96934127807617,5.091866783317892,0.0,GREEN
2024-12-23,519.576416015625,42.1104736328125,5.092718458685695,0.0,GREEN
2024-12-24,526.621826171875,43.78380584716797,5.093570276506348,0.0,GREEN
2024-12-26,526.2640991210938,43.68974304199219,5.094419204847213,0.0,GREEN
2024-12-27,519.2684326171875,41.91244888305664,5.095271307137919,0.0,GREEN
2024-12-30,512.3621826171875,40.22922134399414,5.096116070764314,0.0,GREEN
2024-12-31,508.0097351074219,39.17472076416016,5.096961783392268,0.0,GREEN
2025-01-02,507.0160827636719,38.92718505859375,5.097812895142974,0.0,GREEN
2025-01-03,515.3134765625,40.79359436035156,5.098664149015839,0.0,GREEN
2025-01-06,521.2359619140625,42.18473052978516,5.099512510045995,0.0,GREEN
2025-01-07,511.9348754882813,39.912376403808594,5.100360405193173,0.0,GREEN
2025-01-08,512.0243530273438,39.94207763671875,5.101211072460364,0.0,GREEN
2025-01-10,503.9952392578125,38.03606414794922,5.102062286435384,0.0,GREEN
2025-01-13,502.3755187988281,37.64001083374024,5.102915262129748,0.0,GREEN
2025-01-14,501.89849853515625,37.50634002685547,5.103769392933111,0.0,GREEN
2025-01-15,513.4453125,40.04108810424805,5.104622654025863,0.0,GREEN
2025-01-16,509.8481140136719,39.2242317199707,5.105474437274701,0.0,GREEN
2025-01-17,518.45361328125,41.15994644165039,5.106324336724732,0.0,GREEN
2025-01-21,521.4943237304688,41.84313583374024,5.1071739723249605,0.0,GREEN
2025-01-22,528.1620483398438,43.46696090698242,5.108024559995524,0.0,GREEN
2025-01-23,529.2849731445312,43.73429489135742,5.108878937943929,0.0,GREEN
2025-01-24,526.2938232421875,42.9471435546875,5.109733053263357,0.0,GREEN
2025-01-27,510.9710083007813,39.17967224121094,5.110585689259354,0.0,GREEN
2025-01-28,518.5231323242188,40.917362213134766,5.111435019969666,0.0,GREEN
2025-01-29,517.5493774414062,40.66487503051758,5.112284897470704,0.0,GREEN
2025-01-30,519.7553100585938,41.1747932434082,5.113134510573252,0.0,GREEN
2025-01-31,519.0000610351562,40.9520149230957,5.11398304745192,0.0,GREEN
2025-02-03,514.8463745117188,39.961875915527344,5.1148329427708354,0.0,GREEN
2025-02-04,521.1663208007812,41.41242980957031,5.115683385243965,0.0,GREEN
2025-02-05,523.5313110351562,41.95204925537109,5.116538638148125,0.0,GREEN
2025-02-06,526.2640991210938,42.580787658691406,5.1173934249680375,0.0,GREEN
2025-02-07,519.6260986328125,40.95696640014648,5.118248963760969,0.0,GREEN
2025-02-10,525.9161987304688,42.39761352539063,5.119107692231538,0.0,GREEN
2025-02-11,524.6641845703125,42.09562301635742,5.119966564777668,0.0,GREEN
2025-02-12,524.97216796875,42.17978286743164,5.120824971850998,0.0,GREEN
2025-02-13,532.5244140625,43.95707321166992,5.121684132518497,0.0,GREEN
2025-02-14,534.76025390625,44.471946716308594,5.122540388642784,0.0,GREEN
2025-02-18,535.9724731445312,44.74918746948242,5.1233967879181375,0.0,GREEN
2025-02-19,536.1215209960938,44.75413513183594,5.124253330368491,0.0,GREEN
2025-02-20,533.8458862304688,44.20956039428711,5.1251110327579825,0.0,GREEN
2025-02-21,522.7661743164062,41.44213104248047,5.1259662348017025,0.0,GREEN
2025-02-24,516.5953369140625,39.95197677612305,5.126819952278859,0.0,GREEN
2025-02-25,510.0865783691406,38.42716979980469,5.127672387830184,0.0,GREEN
2025-02-26,511.3188171386719,38.67470169067383,5.12852333730429,0.0,GREEN
2025-02-27,497.1188049316406,35.4666633605957,5.129376666571417,0.0,GREEN
2025-02-28,504.9690551757813,37.09048843383789,5.130230544983989,0.0,GREEN
2025-03-03,493.9190673828125,34.69435119628906,5.131084158311495,0.0,GREEN
2025-03-04,492.4285278320313,34.31315231323242,5.131937913670769,0.0,GREEN
2025-03-05,498.8478698730469,35.649837493896484,5.13279221844969,0.0,GREEN
2025-03-06,485.1248779296875,32.694278717041016,5.133648702215046,0.0,GREEN
2025-03-07,488.6922302246094,33.37252426147461,5.134503699188866,0.0,GREEN
2025-03-10,469.7522888183594,29.610010147094727,5.135358838560398,0.0,GREEN
2025-03-11,468.6293640136719,29.26346206665039,5.136211674927284,0.0,GREEN
2025-03-12,473.9159240722656,30.26349830627441,5.137066691151809,0.0,GREEN
2025-03-13,465.3899230957031,28.609973907470703,5.1379222573835515,0.0,GREEN
2025-03-14,476.63861083984375,30.63974952697754,5.1387761311713565,0.0,GREEN
2025-03-17,479.72900390625,31.23383140563965,5.13963014686486,0.0,GREEN
2025-03-18,471.5508728027344,29.659517288208008,5.140484304487646,0.0,GREEN
2025-03-19,477.8609008789063,30.813026428222656,5.141340031969382,0.0,GREEN
2025-03-20,476.24114990234375,30.49618148803711,5.142194881772086,0.0,GREEN
2025-03-21,477.8111877441406,30.7833194732666,5.1430482412887315,0.0,GREEN
2025-03-24,488.2964782714844,32.73883819580078,5.143902354645696,0.0,GREEN
2025-03-25,491.0829772949219,33.32301712036133,5.14475599752154,0.0,GREEN
2025-03-26,482.0466918945313,31.469974517822266,5.145609782061458,0.0,GREEN
2025-03-27,479.2999877929688,30.93372344970703,5.146465341794841,0.0,GREEN
2025-03-28,466.68109130859375,28.4709415435791,5.147320635361981,0.0,GREEN
2025-03-31,466.6611633300781,28.451080322265625,5.148176071070774,0.0,YELLOW
2025-04-01,470.4229431152344,29.10649871826172,5.149032670334312,0.0,YELLOW
2025-04-02,473.8563232421875,29.75695037841797,5.1498908424070615,0.0,YELLOW
2025-04-03,448.4891052246094,24.97538185119629,5.1507497706437375,0.0,YELLOW
2025-04-04,420.6339721679688,20.4023551940918,5.151605163004667,0.0,RED
2025-04-07,421.6490173339844,20.481800079345703,5.152454564613124,0.0,RED
2025-04-08,414.0557556152344,19.31495857238769,5.153303083935922,0.0,RED
2025-04-09,463.7552490234375,26.12236595153809,5.154157468862393,0.0,RED
2025-04-10,444.03070068359375,22.909822463989254,5.155022221982385,0.0,RED
2025-04-11,452.2111206054688,24.12135505676269,5.155880778665056,0.0,RED
2025-04-14,455.2762756347656,24.62781143188477,5.15674275187125,0.0,RED
2025-04-15,455.7837829589844,24.722152709960938,5.157601185868446,0.0,RED
2025-04-16,442.0403442382813,22.487773895263672,5.158460786027053,0.0,RED
2025-04-17,441.9607238769531,22.42322540283203,5.159322167135471,0.0,RED
2025-04-21,431.0236206054688,20.784683227539062,5.16018307782274,0.0,RED
2025-04-22,442.33892822265625,22.373573303222656,5.16104515603522,0.0,RED
2025-04-23,452.3703308105469,23.858192443847656,5.161907992635102,0.0,RED
2025-04-24,465.0987243652344,25.888994216918945,5.162769949372332,0.0,RED
2025-04-25,470.28363037109375,26.743024826049805,5.163629796420561,0.0,RED
2025-04-28,470.1343383789063,26.723163604736328,5.164488967012191,0.0,RED
2025-04-29,473.23931884765625,27.244516372680664,5.165348280560256,0.0,RED
2025-04-30,473.1795654296875,27.249481201171875,5.166207122210697,0.0,RED
2025-05-01,479.3596496582031,28.18791961669922,5.167066106660605,0.0,RED
2025-05-02,486.4752502441406,29.508686065673828,5.167924208698729,0.0,RED
2025-05-05,483.5892028808594,28.997264862060547,5.168787170048589,0.0,RED
2025-05-06,479.0910034179688,28.17302703857422,5.169650275499302,0.0,RED
2025-05-07,480.9718627929688,28.500732421875,5.1705139353349,0.0,RED
2025-05-08,485.9378662109375,29.349796295166016,5.17137876537563,0.0,RED
2025-05-09,485.6193542480469,29.2802848815918,5.172243740069486,0.0,RED
2025-05-12,505.4036560058594,32.825496673583984,5.172203565390259,0.3500612607206261,RED
2025-05-13,513.1063842773438,34.329978942871094,5.255758709917651,0.3602852430594329,GREEN
2025-05-14,516.181396484375,34.93574142456055,5.2897430500737475,0.36428705914268283,GREEN
2025-05-15,516.748779296875,35.044979095458984,5.2963401816809,0.36497094263764557,GREEN
2025-05-16,518.9978637695312,35.476959228515625,5.320735629344805,0.367775728141826,GREEN
2025-05-19,519.4954223632812,35.5713005065918,5.3265048924648655,0.3683543213245207,GREEN
2025-05-20,517.7638549804688,35.19890213012695,5.306530234484464,0.36587002552891107,GREEN
2025-05-21,510.568603515625,33.7341423034668,5.2263042886482936,0.3560273294175284,GREEN
2025-05-22,511.5240173339844,33.907928466796875,5.23645558974526,0.35716771016967275,GREEN
2025-05-23,506.7869262695313,32.92976760864258,5.183067513941437,0.3504371629554576,GREEN
2025-05-27,518.7091674804688,35.223731994628906,5.310163085840438,0.3658776361727869,GREEN
2025-05-28,516.4103393554688,34.77189254760742,5.285802150901551,0.36284887542902416,GREEN
2025-05-29,517.4254760742188,34.940711975097656,5.295678539811135,0.36393053135159614,GREEN
2025-05-30,516.6093139648438,34.75699234008789,5.286110349056503,0.36267224371950807,GREEN
2025-06-02,520.689697265625,35.55640411376953,5.33077006350206,0.3679054651373377,GREEN
2025-06-03,524.7598876953125,36.38560485839844,5.377072972436412,0.3732433032668448,GREEN
2025-06-04,526.2228393554688,36.67855453491211,5.393797851757395,0.37508172279449853,GREEN
2025-06-05,522.2620239257812,35.82453155517578,5.347258799751242,0.36953678172294707,GREEN
2025-06-06,527.3673095703125,36.84737777709961,5.404243087504823,0.37607985185166387,GREEN
2025-06-09,528.1435546875,37.01123046875,5.413847122065105,0.37708207809317323,GREEN
2025-06-10,531.63671875,37.72623443603516,5.453852713539845,0.381547322113277,GREEN
2025-06-11,529.8453369140625,37.33893585205078,5.433058956514595,0.37907563802400057,GREEN
2025-06-12,531.0892333984375,37.58224105834961,5.44704812690537,0.380565852523654,GREEN
2025-06-13,524.421630859375,36.16216659545898,5.369289801251446,0.3714889955009357,GREEN
2025-06-16,531.7161865234375,37.63685607910156,5.451198494349519,0.38082872427906206,GREEN
2025-06-17,526.5313720703125,36.52463150024414,5.390419399481901,0.3737417736202514,GREEN
2025-06-18,526.4417724609375,36.474979400634766,5.388245733635372,0.37338426954535653,GREEN
2025-06-20,524.2921752929688,35.973487854003906,5.361150280949985,0.3701117917838577,GREEN
2025-06-23,529.6832275390625,37.09067535400391,5.423334238021462,0.37723043664627576,GREEN
2025-06-24,537.7831420898438,38.77886581420898,5.517008699703837,0.38770356099837655,GREEN
2025-06-25,539.157958984375,39.07662963867188,5.5339933454810675,0.389481489325545,GREEN
2025-06-26,544.1992797851562,40.14715194702149,5.593602686002454,0.3958872202552318,GREEN
2025-06-27,546.0623779296875,40.54050827026367,5.615861682152991,0.39818155885705653,GREEN
2025-06-30,549.5992431640625,41.32721710205078,5.659817838287235,0.4027560416868963,GREEN
2025-07-01,544.9664306640625,40.27660751342773,5.602430375856192,0.3965379624772986,GREEN
2025-07-02,548.7623291015625,41.07826232910156,5.647214866118058,0.40122326500006245,GREEN
2025-07-03,554.1622924804688,42.22845077514648,5.711223594205128,0.4078348571084684,GREEN
2025-07-07,549.9878540039062,41.287384033203125,5.659885286129029,0.4023630519808363,GREEN
2025-07-08,550.2967529296875,41.34215545654297,5.663476166914172,0.40264136927120053,GREEN
2025-07-09,554.1921997070312,42.19857406616211,5.711285054709867,0.4075419274704796,GREEN
2025-07-10,553.3952026367188,42.004390716552734,5.701144285115805,0.40638812881735253,GREEN
2025-07-11,552.1497192382812,41.68572235107422,5.684136597980982,0.404511787334332,GREEN
2025-07-14,554.15234375,42.12887191772461,5.709148942262898,0.40702099617570014,GREEN
2025-07-15,554.660400390625,42.23841094970703,5.715758889863284,0.407607368761084,GREEN
2025-07-16,555.2283325195312,42.35791015625,5.722918853290684,0.4082491533343988,GREEN
2025-07-17,559.7216186523438,43.343788146972656,5.7778656754709985,0.41377836550542524,GREEN
2025-07-18,559.1836547851562,43.19441604614258,5.770195834714415,0.4129005011526445,GREEN
2025-07-21,562.0828857421875,43.851661682128906,5.8070168227296755,0.41652524310174854,GREEN
2025-07-22,559.1737060546875,43.16951751708984,5.7699589286820885,0.4126794365016206,GREEN
2025-07-23,561.7241821289062,43.73714447021485,5.801836921908932,0.41580840484294757,GREEN
2025-07-24,562.9197998046875,44.02593612670898,5.8183363637645265,0.4173670218343134,GREEN
2025-07-25,564.2747802734375,44.2748908996582,5.83263925215684,0.4186978582205817,GREEN
2025-07-28,566.0381469726562,44.70808410644531,5.857104456658245,0.42102845241897274,GREEN
2025-07-29,565.1614379882812,44.50393295288086,5.846413784019564,0.4198722756220581,GREEN
2025-07-30,565.918701171875,44.658294677734375,5.855497380495686,0.4206749966138026,GREEN
2025-07-31,562.9197998046875,43.9213752746582,5.815420074792131,0.4165845843625528,GREEN
2025-08-01,551.8309326171875,41.287384033203125,5.670704617497659,0.4015953697467024,GREEN
2025-08-04,562.0131225585938,43.54793548583984,5.795955208954904,0.41442973308398595,GREEN
2025-08-05,558.197265625,42.6417236328125,5.746529719888651,0.4092959523872245,GREEN
2025-08-06,565.2212524414062,44.23506164550781,5.834974041323134,0.4181538159645248,GREEN
2025-08-07,567.1340942382812,44.68318557739258,5.86024846869787,0.42056822089222073,GREEN
2025-08-08,572.4244384765625,45.88814926147461,5.927269413330097,0.42702591348294977,GREEN
2025-08-11,570.730712890625,45.48483657836914,5.905580499388126,0.42482728376886986,GREEN
2025-08-12,577.9041137695312,47.16282272338867,5.998693264620975,0.4336621218501187,GREEN
2025-08-13,578.1930541992188,47.23252868652344,6.003094882408842,0.43398462637053264,GREEN
2025-08-14,577.7447509765625,47.10307312011719,5.996508547012629,0.43327052094575363,GREEN
2025-08-15,575.2041625976562,46.43586349487305,5.960261143878368,0.4297309102380121,GREEN
2025-08-18,574.9749755859375,46.37611389160156,5.957520099190688,0.42937543417081936,GREEN
2025-08-19,567.1740112304688,44.48401641845703,5.853712021118605,0.4191611229007833,GREEN
2025-08-20,563.8065185546875,43.67241287231445,5.809500142847867,0.4146453278631649,GREEN
2025-08-21,561.1961669921875,43.0649528503418,5.776549174192549,0.4112101796178841,GREEN
2025-08-22,569.85400390625,45.00185394287109,5.883941871169718,0.4218619813484566,GREEN
2025-08-25,568.2100830078125,44.608497619628906,5.862796967074278,0.4196827298263235,GREEN
2025-08-26,570.4916381835938,45.1263313293457,5.891912229511904,0.42245661513449595,GREEN
2025-08-27,571.368408203125,45.33048248291016,5.903724810250903,0.42351870096084393,GREEN
2025-08-28,574.9451293945312,46.15702819824219,5.949863726028182,0.42789693546470575,GREEN
2025-08-29,568.2898559570312,44.49397659301758,5.858683190969643,0.4188992316234958,GREEN
2025-09-02,563.5275268554688,43.35872650146485,5.796611292480316,0.4125823975591496,GREEN
2025-09-03,567.9611206054688,44.36949920654297,5.852908278544678,0.4181394700401599,GREEN
2025-09-04,573.1019287109375,45.569480895996094,5.919639845243209,0.4246070027828501,GREEN
2025-09-05,573.9288330078125,45.7188606262207,5.928419712988653,0.42536799662539,GREEN
2025-09-08,576.7284545898438,46.371131896972656,5.964926251933892,0.4287962456501868,GREEN
2025-09-09,578.3624877929688,46.749549865722656,5.9863301115294,0.4307498426007457,GREEN
2025-09-10,578.5517578125,46.7993392944336,5.989609595768908,0.4309725026906286,GREEN
2025-09-11,581.919189453125,47.58605194091797,6.033534601582426,0.43502701014478184,GREEN
2025-09-12,584.4896240234375,48.1785774230957,6.066748447942645,0.4380325062169001,GREEN
2025-09-15,589.4910888671875,49.40843200683594,6.1351161631904,0.4442082675737445,GREEN
2025-09-16,588.9929809570312,49.27399444580078,6.126869646235306,0.0,GREEN
2025-09-17,587.8173217773438,48.96030807495117,6.127815420980012,0.0,GREEN
2025-09-18,593.1176147460938,50.27979278564453,6.128755992021097,0.0,GREEN
2025-09-19,597.1326904296875,51.27562713623047,6.129699625908019,0.0,GREEN
2025-09-22,600.667724609375,52.14200592041016,6.130642918577776,0.0,GREEN
2025-09-23,596.6779174804688,51.09139633178711,6.131579058032328,0.0,GREEN
2025-09-24,594.583251953125,50.54216766357422,6.132514610478898,0.0,GREEN
2025-09-25,592.0198364257812,49.864349365234375,6.133453469273059,0.0,GREEN
2025-09-26,594.4535522460938,50.46242141723633,6.1343985565424815,0.0,GREEN
2025-09-29,597.20654296875,51.13525390625,6.1353381905815585,0.0,GREEN
2025-09-30,598.8424072265625,51.53396987915039,6.136278698951213,0.0,GREEN
2025-10-01,601.7150268554688,52.261627197265625,6.137214968466016,0.0,GREEN
2025-10-02,604.188720703125,52.89956665039063,6.138151380836228,0.0,GREEN
2025-10-03,601.645263671875,52.18187713623047,6.139088666821063,0.0,GREEN
2025-10-06,606.1636962890625,53.34812545776367,6.140028532071955,0.0,GREEN
2025-10-07,602.9718627929688,52.48590469360352,6.140969028480276,0.0,GREEN
2025-10-08,609.88427734375,54.265167236328125,6.141905526241316,0.0,GREEN
2025-10-09,609.1461181640625,54.05085754394531,6.142842166818261,0.0,GREEN
2025-10-10,588.0000610351562,48.37913513183594,6.1437813878663485,0.0,GREEN
2025-10-13,600.4782104492188,51.44924545288086,6.144720752518349,0.0,GREEN
2025-10-14,596.4783935546875,50.40261459350586,6.1456602607962205,0.0,GREEN
2025-10-15,600.6876220703125,51.43428802490234,6.146599912721922,0.0,GREEN
2025-10-16,598.4633178710938,50.861141204833984,6.147540927908806,0.0,GREEN
2025-10-17,602.393310546875,51.82802200317383,6.148480867382533,0.0,GREEN
2025-10-20,609.98388671875,53.771759033203125,6.149415826858301,0.0,GREEN
2025-10-21,609.8244018554688,53.71194839477539,6.150342631695945,0.0,GREEN
2025-10-22,603.9493408203125,52.13204193115234,6.151266403417724,0.0,GREEN
2025-10-23,609.0264282226562,53.437835693359375,6.152191046187294,0.0,GREEN
2025-10-24,615.52978515625,55.10247421264648,6.153115827946822,0.0,GREEN
2025-10-27,626.4918823242188,58.02804946899414,6.154034644412337,0.0,GREEN
2025-10-28,631.3095703125,59.35377502441406,6.154942608714275,0.0,GREEN
2025-10-29,634.15234375,60.11133575439453,6.155851195487311,0.0,GREEN
2025-10-30,624.45703125,57.36019515991211,6.156762359180826,0.0,GREEN
2025-10-31,627.4693603515625,58.17258071899414,6.157680254260014,0.0,GREEN
2025-11-03,630.4716796875,58.97001266479492,6.158588756434061,0.0,GREEN
2025-11-04,617.6743774414062,55.36163711547852,6.15951327791099,0.0,GREEN
2025-11-05,621.6941528320312,56.43817138671875,6.160440382425172,0.0,GREEN
2025-11-06,610.1136474609375,53.27336502075195,6.161366404204007,0.0,GREEN
2025-11-07,608.1885375976562,52.72014617919922,6.1622864526901,0.0,GREEN
2025-11-10,621.6442260742188,56.17401885986328,6.163205171341476,0.0,GREEN
2025-11-11,619.9884643554688,55.71051406860352,6.164130385830212,0.0,GREEN
2025-11-12,619.4996948242188,55.59588623046875,6.165055739211267,0.0,GREEN
2025-11-13,606.8519897460938,52.16194915771485,6.165980008310475,0.0,GREEN
2025-11-14,607.310791015625,52.20181655883789,6.166908086170224,0.0,GREEN
2025-11-17,602.1240234375,50.861141204833984,6.167835080157888,0.0,GREEN
2025-11-18,594.792724609375,49.022064208984375,6.168758297395235,0.0,GREEN
2025-11-19,598.3436889648438,49.864349365234375,6.169218926698124,0.15001125084381328,GREEN
2025-11-20,584.1798095703125,46.30082702636719,6.103867001800524,0.14078213408692733,GREEN
2025-11-21,588.568603515625,47.327518463134766,6.123707417776449,0.1434376492174141,GREEN
2025-11-24,603.6201782226562,50.91596221923828,6.191085244128835,0.15263391003968826,GREEN
2025-11-25,607.3406982421875,51.84297180175781,6.209066491241815,0.15496279324306309,GREEN
2025-11-26,612.70703125,53.19860458374024,6.235003257782519,0.1583534078269103,GREEN
2025-11-28,617.6743774414062,54.36484909057617,6.257429580282903,0.16124493218001085,GREEN
2025-12-01,615.599609375,53.87642288208008,6.249134665510797,0.1600083797174443,GREEN
2025-12-02,620.4173583984375,55.12240982055664,6.2730286923760845,0.1630852860203919,GREEN
2025-12-03,621.9335327148438,55.51115417480469,6.281008551645563,0.1640267690734586,GREEN
2025-12-04,621.35498046875,55.331729888916016,6.278435945693656,0.16356359157083014,GREEN
2025-12-05,623.8884887695312,55.96968078613281,6.29102864633488,0.16511823025867958,GREEN
2025-12-08,622.6915893554688,55.62080383300781,6.28530464935842,0.16423843049107698,GREEN
2025-12-09,623.4595947265625,55.83012771606445,6.289943757400751,0.16473493814042312,GREEN
2025-12-10,626.0130615234375,56.468074798583984,6.302540880523427,0.16628426990243517,GREEN
2025-12-11,623.98828125,55.9298095703125,6.293300189725182,0.16494104834970374,GREEN
2025-12-12,612.0587158203125,52.65037155151367,6.23317987858717,0.15676735764259772,GREEN
2025-12-15,608.9865112304688,51.85294342041016,6.21911531065911,0.15474216284316294,GREEN
2025-12-16,610.1934204101562,52.16194915771485,6.225588302633338,0.1555024629297595,GREEN
2025-12-17,598.8822631835938,49.241355895996094,6.172123449184,0.14806733410707207,GREEN
2025-12-18,607.5601806640625,51.34457778930664,6.2118972615388595,0.15340311575276339,GREEN
2025-12-19,615.4799194335938,53.34812545776367,6.249816901881501,0.15842208603266433,GREEN
2025-12-22,618.4302368164062,54.075782775878906,6.264056889616324,0.16021787948808092,GREEN
2025-12-23,621.3265380859375,54.83333587646485,6.278853080276907,0.16207954342221337,GREEN
2025-12-24,623.144287109375,55.26862335205078,6.2876722851443025,0.16313705087458763,GREEN
2025-12-26,623.1043090820312,55.21870422363281,6.287488122811574,0.16299447800657607,GREEN
2025-12-29,620.088134765625,54.40005874633789,6.273034461781507,0.16094798847653405,GREEN
2025-12-30,618.64990234375,54.01070022583008,6.266547167466923,0.15996145759143146,GREEN
2025-12-31,613.536376953125,52.63298034667969,6.241717003985278,0.1565012268869957,GREEN
2026-01-02,612.347900390625,52.26358795166016,6.235602356764692,0.15555524766662493,GREEN
2026-01-05,617.2117309570312,53.51152420043945,6.259501532634849,0.15866145376728163,GREEN
2026-01-06,622.6348876953125,54.91919708251953,6.286361665908743,0.16213944199076377,GREEN
2026-01-07,623.2341918945312,55.07893371582031,6.290062002607269,0.1625153754932461,GREEN
2026-01-08,619.6885986328125,54.10055160522461,6.272638599478295,0.16007196819271138,GREEN
2026-01-09,625.86083984375,55.6679573059082,6.302461912504787,0.16393017921057457,GREEN
2026-01-12,626.3801879882812,55.79774475097656,6.305605254465971,0.16423046570332914,GREEN
2026-01-13,625.4513549804688,55.50822448730469,6.300970783227132,0.16349848324302674,GREEN
2026-01-14,618.769775390625,53.74114990234375,6.268919545820785,0.15910290764810914,GREEN
2026-01-15,620.9970092773438,54.29024124145508,6.279855056130934,0.16044862860826134,GREEN
2026-01-16,620.4776611328125,54.05063247680664,6.276153919541459,0.15983469340077192,GREEN
2026-01-20,607.2942504882812,50.646263122558594,6.213715166789703,0.15127247876796113,GREEN
2026-01-21,615.50390625,52.64296340942383,6.251520253071933,0.1562854488311295,GREEN
2026-01-22,619.978271484375,53.811031341552734,6.273949877504718,0.15918206304052024,GREEN
2026-01-23,621.935791015625,54.29024124145508,6.28359481927898,0.16035313552099503,GREEN
2026-01-26,624.67236328125,54.98908615112305,6.2973149051011434,0.16206340114811366,GREEN
2026-01-27,630.335205078125,56.44667434692383,6.325115449510356,0.16562800121764115,GREEN
2026-01-28,632.4225463867188,56.965816497802734,6.335498060412569,0.16687736062501685,GREEN
2026-01-29,628.6373291015625,55.9474983215332,6.317348954365948,0.16436512070597584,GREEN
2026-01-30,621.0868530273438,53.910865783691406,6.280300235634593,0.15931613368841463,GREEN
2026-02-02,625.3515014648438,55.00904846191406,6.301430226963351,0.16201635554110652,GREEN
2026-02-03,615.7435913085938,52.43330764770508,6.2543757775946744,0.15559195653597954,GREEN
2026-02-04,604.9871826171875,49.67786407470703,6.203988774711208,0.14861264694260176,GREEN
2026-02-05,596.2781982421875,47.56136322021485,6.165461318518993,0.14317018119873579,GREEN
2026-02-06,608.8822631835938,50.50649642944336,6.220871281306991,0.15068148298339246,GREEN
2026-02-09,613.54638671875,51.654598236083984,6.242932047582673,0.15356216916166382,GREEN
2026-02-10,610.699951171875,50.93578338623047,6.2303447030781465,0.1517311580910356,GREEN
2026-02-11,612.337890625,51.31515884399414,6.238138586547008,0.15267028514393546,GREEN
2026-02-12,599.8836059570312,48.18033981323242,6.180713344719249,0.1446755409119919,GREEN
2026-02-13,601.1619873046875,48.38999557495117,6.185359226117187,0.14519595354432505,GREEN
2026-02-17,600.542724609375,48.27019119262695,6.183889584642316,0.14487089743657514,GREEN
2026-02-18,605.027099609375,49.308475494384766,6.203913478112829,0.14750940150778497,GREEN
2026-02-19,602.7100219726562,48.7494010925293,6.19429356372979,0.14606338417255776,GREEN
2026-02-20,608.0433349609375,49.97737121582031,6.217838546774247,0.14917561115845837,GREEN
2026-02-23,600.652587890625,48.16037368774414,6.1848708744690315,0.1445183747994917,GREEN
2026-02-24,607.1044921875,49.69783020019531,6.214158483813319,0.14842906808071338,GREEN
2026-02-25,615.9033813476562,51.78438186645508,6.253637075280611,0.15368446897146365,GREEN
2026-02-26,608.4727783203125,49.967384338378906,6.2206682554518045,0.14907795702902504,GREEN
2026-02-27,606.5252075195312,49.438262939453125,6.211601747074063,0.14771461182170656,GREEN
2026-03-02,607.32421875,49.61796569824219,6.21568859402071,0.14815406237679477,GREEN
2026-03-03,600.8224487304688,48.02060317993164,6.186796809313869,0.14405409750334372,GREEN
2026-03-04,609.9808959960938,50.17703628540039,6.227574365425292,0.1495374400875639,GREEN
2026-03-05,608.1431274414062,49.7177963256836,6.219806714894973,0.14835385634971446,GREEN
2026-03-06,598.9946899414062,47.46152877807617,6.178685952617652,0.14256386452903558,GREEN
2026-03-09,606.99462890625,49.308475494384766,6.213714695368795,0.14727672721191606,GREEN
2026-03-10,607.004638671875,49.318458557128906,6.214655443026635,0.14728424643601037,GREEN
2026-03-11,606.9247436523438,49.26853942871094,6.214484970463165,0.1471392044904048,GREEN
2026-03-12,596.5078735351562,46.75270462036133,6.168549749656206,0.14066547786756792,GREEN
2026-03-13,592.9722900390625,45.85418701171875,6.152632120515744,0.13831902131497129,GREEN
2026-03-16,599.6239013671875,47.38166046142578,6.181739109851142,0.1422536641722073,GREEN
2026-03-17,602.5502319335938,48.08050537109375,6.195467782499558,0.14403192957602393,GREEN
2026-03-18,594.15087890625,46.023902893066406,6.158057122126631,0.1387086642543848,GREEN
2026-03-19,592.273193359375,45.61458206176758,6.151220176397933,0.13762783737097778,GREEN
2026-03-20,581.3269653320312,43.00889205932617,6.103620473487483,0.13077797001734895,GREEN
2026-03-23,588.0,44.496429443359375,6.131989974170115,0.1346751862574565,GREEN
2026-03-24,583.97998046875,43.547996520996094,6.115148181229414,0.1321676147441522,GREEN
2026-03-25,587.8200073242188,44.38999938964844,6.1315375903747436,0.13436297211831738,GREEN
2026-03-26,573.7899780273438,41.22999954223633,6.073652352478346,0.12598744194018444,GREEN
2026-03-27,562.5800170898438,38.77999877929688,6.028944378872099,0.11937966938837595,GREEN
2026-03-30,558.280029296875,37.88999938964844,6.012485760668838,0.3500407892778246,GREEN
2026-03-31,577.1799926757812,41.68000030517578,6.2235608435068155,0.3719948185878445,GREEN
2026-04-01,584.3099975585938,43.22999954223633,6.310214521681031,0.38053028307787035,GREEN
2026-04-02,584.97998046875,43.33000183105469,6.316328391331279,0.3810413639811655,GREEN
2026-04-06,588.5,44.09999847412109,6.3596577572542135,0.38517043722045397,GREEN
2026-04-07,588.5900268554688,44.150001525878906,6.362997352129608,0.38540478061679123,GREEN
2026-04-08,606.0900268554688,48.0,6.577408061028161,0.4053540981677631,GREEN
2026-04-09,610.1900024414062,48.959999084472656,6.631290343381238,0.41010161031143283,GREEN
2026-04-10,611.0700073242188,49.16999816894531,6.6435117910599075,0.4111029554548279,GREEN
2026-04-13,617.3900146484375,50.65999984741211,6.726832353373258,0.4183142862519983,GREEN
2026-04-14,628.5999755859375,53.40999984741211,6.880141661689132,0.4311945999053376,GREEN
2026-04-15,637.4000244140625,55.650001525878906,7.005124385699959,0.4412629320204585,GREEN
2026-04-16,640.469970703125,56.43000030517578,7.0490107416423164,0.44466197974628446,GREEN
2026-04-17,648.8499755859375,58.59000015258789,7.169549581873931,0.4539204443836206,GREEN
2026-04-20,646.7899780273438,58.08000183105469,7.141780826241045,0.4517188567889151,GREEN
2026-04-21,644.3300170898438,57.400001525878906,7.10456901117951,0.4487684157476173,GREEN
2026-04-22,655.1099853515625,60.209999084472656,7.261210611489576,0.4605827875895559,GREEN
2026-04-23,651.4199829101562,59.220001220703125,7.206779550674968,0.4564311662255176,GREEN
2026-04-24,663.8800048828125,62.560001373291016,7.392860051572254,0.47003736350107983,GREEN
2026-04-27,664.22998046875,62.63999938964844,7.3978621909092315,0.47032019245437223,GREEN
2026-04-28,657.5499877929688,60.7400016784668,7.292884284062476,0.4626191367684718,GREEN
2026-04-29,661.5700073242188,61.86000061035156,7.355653385379923,0.46712894739973676,GREEN
2026-04-30,667.739990234375,63.540000915527344,7.449528067831086,0.4737689265836393,GREEN
2026-05-01,674.1500244140625,65.30000305175781,7.546032228460998,0.0,GREEN
2026-05-04,672.8800048828125,64.91000366210938,7.547102746936258,0.0,GREEN
2026-05-05,681.6099853515625,67.38999938964844,7.548177909563787,0.0,GREEN
2026-05-06,695.77001953125,71.56999969482422,7.549256220665159,0.0,GREEN
2026-05-07,694.9400024414062,71.33999633789062,7.55033468581097,0.0,GREEN
2026-05-08,711.22998046875,76.27999877929688,7.551412705833746,0.0,GREEN
2026-05-11,713.2899780273438,76.95999908447266,7.552489980789838,0.0,GREEN
2026-05-12,707.239990234375,74.95999908447266,7.5535689079013695,0.0,GREEN
2026-05-13,714.7100219726562,77.23999786376953,7.554648888386023,0.0,GREEN
2026-05-14,719.7899780273438,78.94999694824219,7.555728123912917,0.0,GREEN
2026-05-15,708.9299926757812,75.33999633789062,7.556803915696858,0.0,GREEN
2026-05-18,705.8800048828125,74.31999969482422,7.5578798606530615,0.0,GREEN
2026-05-19,701.530029296875,72.93000030517578,7.558949960491707,0.0,GREEN
2026-05-20,713.1500244140625,76.51000213623047,7.560022311542071,0.0,GREEN
2026-05-21,714.510009765625,76.94999694824219,7.561089414667903,0.0,GREEN
2026-05-22,717.5399780273438,77.83999633789062,7.562164169525567,0.0,GREEN
2026-05-26,730.280029296875,81.94999694824219,7.563239977415893,0.0,GREEN
2026-05-27,729.4500122070312,81.66999816894531,7.564315037960693,0.0,GREEN
2026-05-28,735.5999755859375,83.68000030517578,7.565391151837662,0.0,GREEN
2026-05-29,738.3099975585938,84.55999755859375,7.566468919837097,0.0,GREEN
2026-06-01,742.739990234375,86.04000091552734,7.567546240905816,0.0,GREEN
2026-06-02,746.1599731445312,87.22000122070312,7.568633324894945,0.0,GREEN
2026-06-03,744.2100219726562,86.55999755859375,7.569719964402899,0.0,GREEN
2026-06-04,738.489990234375,84.51010131835938,7.570808261812564,0.0,GREEN
