date,equity,tqqq_weight,core_value,tactical_cash,tqqq_value,in_campaign
1999-03-10,1.0,0.0,1.0,0.0,0.0,False
1999-03-11,1.0048962599010953,0.0,1.0048962599010953,0.0,0.0,False
1999-03-12,0.9804162002465532,0.0,0.9804162002465532,0.0,0.0,False
1999-03-15,1.0085679013220354,0.0,1.0085679013220354,0.0,0.0,False
1999-03-16,1.0171357140832897,0.0,1.0171357140832897,0.0,0.0,False
1999-03-17,1.0097921655590665,0.0,1.0097921655590665,0.0,0.0,False
1999-03-18,1.0293757881909513,0.0,1.0293757881909513,0.0,0.0,False
1999-03-19,1.0030594207416434,0.0,1.0030594207416434,0.0,0.0,False
1999-03-22,0.9908202322417922,0.0,0.9908202322417922,0.0,0.0,False
1999-03-23,0.9559361405920112,0.0,0.9559361405920112,0.0,0.0,False
1999-03-24,0.988371969450073,0.0,0.988371969450073,0.0,0.0,False
1999-03-25,1.024480059654542,0.0,1.024480059654542,0.0,0.0,False
1999-03-26,1.0134639841015687,0.0,1.0134639841015687,0.0,0.0,False
1999-03-29,1.050183586499086,0.0,1.050183586499086,0.0,0.0,False
1999-03-30,1.0428396837317389,0.0,1.0428396837317389,0.0,0.0,False
1999-03-31,1.027540188882434,0.0,1.027540188882434,0.0,0.0,False
1999-04-01,1.048959410822836,0.0,1.048959410822836,0.0,0.0,False
1999-04-05,1.0869035431397276,0.0,1.0869035431397276,0.0,0.0,False
1999-04-06,1.089045119946722,0.0,1.089045119946722,0.0,0.0,False
1999-04-07,1.0777232440168338,0.0,1.0777232440168338,0.0,0.0,False
1999-04-08,1.08629123389965,0.0,1.08629123389965,0.0,0.0,False
1999-04-09,1.093023270230825,0.0,1.093023270230825,0.0,0.0,False
1999-04-12,1.0856790132203533,0.0,1.0856790132203533,0.0,0.0,False
1999-04-13,1.0709910305640968,0.0,1.0709910305640968,0.0,0.0,False
1999-04-14,1.0342717824097034,0.0,1.0342717824097034,0.0,0.0,False
1999-04-15,1.0483474558258825,0.0,1.0483474558258825,0.0,0.0,False
1999-04-16,1.017747580519462,0.0,1.017747580519462,0.0,0.0,False
1999-04-19,0.9700120796905334,0.0,0.9700120796905334,0.0,0.0,False
1999-04-20,0.9920442307964801,0.0,0.9920442307964801,0.0,0.0,False
1999-04-21,1.0410039073016593,0.0,1.0410039073016593,0.0,0.0,False
1999-04-22,1.0691550770124552,0.0,1.0691550770124552,0.0,0.0,False
1999-04-23,1.0832316360364447,0.0,1.0832316360364447,0.0,0.0,False
1999-04-26,1.10817052909753,0.0,1.10817052909753,0.0,0.0,False
1999-04-27,1.0911873166791832,0.0,1.0911873166791832,0.0,0.0,False
1999-04-28,1.0538555821631501,0.0,1.0538555821631501,0.0,0.0,False
1999-04-29,1.0452871494764289,0.0,1.0452871494764289,0.0,0.0,False
1999-04-30,1.0520196286115087,0.0,1.0520196286115087,0.0,0.0,False
1999-05-03,1.0465115022742408,0.0,1.0465115022742408,0.0,0.0,False
1999-05-04,1.0299877431879048,0.0,1.0299877431879048,0.0,0.0,False
1999-05-05,1.0611997506128406,0.0,1.0611997506128406,0.0,0.0,False
1999-05-06,1.0226438404205573,0.0,1.0226438404205573,0.0,0.0,False
1999-05-07,1.037331557394471,0.0,1.037331557394471,0.0,0.0,False
1999-05-10,1.04773558938971,0.0,1.04773558938971,0.0,0.0,False
1999-05-11,1.0642595255976082,0.0,1.0642595255976082,0.0,0.0,False
1999-05-12,1.08629123389965,0.0,1.08629123389965,0.0,0.0,False
1999-05-13,1.0660952134669066,0.0,1.0660952134669066,0.0,0.0,False
1999-05-14,1.0458995472772874,0.0,1.0458995472772874,0.0,0.0,False
1999-05-17,1.0647184475649327,0.0,1.0647184475649327,0.0,0.0,False
1999-05-18,1.0599753978150284,0.0,1.0599753978150284,0.0,0.0,False
1999-05-19,1.074663380471285,0.0,1.074663380471285,0.0,0.0,False
1999-05-20,1.045134470689924,0.0,1.045134470689924,0.0,0.0,False
1999-05-21,1.0354959580859535,0.0,1.0354959580859535,0.0,0.0,False
1999-05-24,1.009180122001332,0.0,1.009180122001332,0.0,0.0,False
1999-05-25,0.9761319839031926,0.0,0.9761319839031926,0.0,0.0,False
1999-05-26,1.0033655753616821,0.0,1.0033655753616821,0.0,0.0,False
1999-05-27,1.002447731427033,0.0,1.002447731427033,0.0,0.0,False
1999-05-28,1.0189716676349312,0.0,1.0189716676349312,0.0,0.0,False
1999-06-01,0.9963281814574979,0.0,0.9963281814574979,0.0,0.0,False
1999-06-02,1.0131578294815298,0.0,1.0131578294815298,0.0,0.0,False
1999-06-03,0.9987761785668741,0.0,0.9987761785668741,0.0,0.0,False
1999-06-04,1.0293757881909513,0.0,1.0293757881909513,0.0,0.0,False
1999-06-07,1.0507953643744774,0.0,1.0507953643744774,0.0,0.0,False
1999-06-08,1.024480059654542,0.0,1.024480059654542,0.0,0.0,False
1999-06-09,1.0416156851770506,0.0,1.0416156851770506,0.0,0.0,False
1999-06-10,1.029681765689428,0.0,1.029681765689428,0.0,0.0,False
1999-06-11,1.0140762047808651,0.0,1.0140762047808651,0.0,0.0,False
1999-06-14,0.9949509727516189,0.0,0.9949509727516189,0.0,0.0,False
1999-06-15,1.0097921655590665,0.0,1.0097921655590665,0.0,0.0,False
1999-06-16,1.061658141215479,0.0,1.061658141215479,0.0,0.0,False
1999-06-17,1.073439293355816,0.0,1.073439293355816,0.0,0.0,False
1999-06-18,1.0783354646961303,0.0,1.0783354646961303,0.0,0.0,False
1999-06-21,1.1106181719637822,0.0,1.1106181719637822,0.0,0.0,False
1999-06-22,1.077111200459099,0.0,1.077111200459099,0.0,0.0,False
1999-06-23,1.0940944128774461,0.0,1.0940944128774461,0.0,0.0,False
1999-06-24,1.072368327830757,0.0,1.072368327830757,0.0,0.0,False
1999-06-25,1.0709910305640968,0.0,1.0709910305640968,0.0,0.0,False
1999-06-28,1.0963893769571933,0.0,1.0963893769571933,0.0,0.0,False
1999-06-29,1.1113828057472404,0.0,1.1113828057472404,0.0,0.0,False
1999-06-30,1.1285189626344352,0.0,1.1285189626344352,0.0,0.0,False
1999-07-01,1.1361688429002592,0.0,1.1361688429002592,0.0,0.0,False
1999-07-02,1.1505510251796012,0.0,1.1505510251796012,0.0,0.0,False
1999-07-06,1.1432067681691298,0.0,1.1432067681691298,0.0,0.0,False
1999-07-07,1.1450428102815524,0.0,1.1450428102815524,0.0,0.0,False
1999-07-08,1.1603421280092954,0.0,1.1603421280092954,0.0,0.0,False
1999-07-09,1.1719709556062516,0.0,1.1719709556062516,0.0,0.0,False
1999-07-12,1.1658503429073441,0.0,1.1658503429073441,0.0,0.0,False
1999-07-13,1.1603421280092954,0.0,1.1603421280092954,0.0,0.0,False
1999-07-14,1.180079315035495,0.0,1.180079315035495,0.0,0.0,False
1999-07-15,1.190942534680402,0.0,1.190942534680402,0.0,0.0,False
1999-07-16,1.2019582559902513,0.0,1.2019582559902513,0.0,0.0,False
1999-07-19,1.1897182704433706,0.0,1.1897182704433706,0.0,0.0,False
1999-07-20,1.1438189888484263,0.0,1.1438189888484263,0.0,0.0,False
1999-07-21,1.149326583821008,0.0,1.149326583821008,0.0,0.0,False
1999-07-22,1.120103917220467,0.0,1.120103917220467,0.0,0.0,False
1999-07-23,1.1217869263032605,0.0,1.1217869263032605,0.0,0.0,False
1999-07-26,1.0942471802247318,0.0,1.0942471802247318,0.0,0.0,False
1999-07-27,1.1162791542091168,0.0,1.1162791542091168,0.0,0.0,False
1999-07-28,1.1381575637991868,0.0,1.1381575637991868,0.0,0.0,False
1999-07-29,1.1138312456605217,0.0,1.1138312456605217,0.0,0.0,False
1999-07-30,1.1083232078840348,0.0,1.1083232078840348,0.0,0.0,False
1999-08-02,1.1052632557777053,0.0,1.1052632557777053,0.0,0.0,False
1999-08-03,1.0980721203576438,0.0,1.0980721203576438,0.0,0.0,False
1999-08-04,1.0781824316665014,0.0,1.0781824316665014,0.0,0.0,False
1999-08-05,1.095317880067448,0.0,1.095317880067448,0.0,0.0,False
1999-08-06,1.0835373478525783,0.0,1.0835373478525783,0.0,0.0,False
1999-08-09,1.069613910418999,0.0,1.069613910418999,0.0,0.0,False
1999-08-10,1.0599753978150284,0.0,1.0599753978150284,0.0,0.0,False
1999-08-11,1.0948592237824664,0.0,1.0948592237824664,0.0,0.0,False
1999-08-12,1.0820072832386323,0.0,1.0820072832386323,0.0,0.0,False
1999-08-13,1.129131271874513,0.0,1.129131271874513,0.0,0.0,False
1999-08-16,1.1381575637991868,0.0,1.1381575637991868,0.0,0.0,False
1999-08-17,1.1438189888484263,0.0,1.1438189888484263,0.0,0.0,False
1999-08-18,1.1309665169399061,0.0,1.1309665169399061,0.0,0.0,False
1999-08-19,1.117503064203024,0.0,1.117503064203024,0.0,0.0,False
1999-08-20,1.135250821844048,0.0,1.135250821844048,0.0,0.0,False
1999-08-23,1.171358734926955,0.0,1.171358734926955,0.0,0.0,False
1999-08-24,1.1793144155696937,0.0,1.1793144155696937,0.0,0.0,False
1999-08-25,1.2044064302211894,0.0,1.2044064302211894,0.0,0.0,False
1999-08-26,1.184363442818075,0.0,1.184363442818075,0.0,0.0,False
1999-08-27,1.1725827334816432,0.0,1.1725827334816432,0.0,0.0,False
1999-08-30,1.1560586201521827,0.0,1.1560586201521827,0.0,0.0,False
1999-08-31,1.1689110034999222,0.0,1.1689110034999222,0.0,0.0,False
1999-09-01,1.1773256946707664,0.0,1.1773256946707664,0.0,0.0,False
1999-09-02,1.1731945999178157,0.0,1.1731945999178157,0.0,0.0,False
1999-09-03,1.2270500049594038,0.0,1.2270500049594038,0.0,0.0,False
1999-09-07,1.22154223286526,0.0,1.22154223286526,0.0,0.0,False
1999-09-08,1.205018562339705,0.0,1.205018562339705,0.0,0.0,False
1999-09-09,1.2221536564975273,0.0,1.2221536564975273,0.0,0.0,False
1999-09-10,1.2362301269607356,0.0,1.2362301269607356,0.0,0.0,False
1999-09-13,1.2213891998356312,0.0,1.2213891998356312,0.0,0.0,False
1999-09-14,1.2281210590452438,0.0,1.2281210590452438,0.0,0.0,False
1999-09-15,1.2044064302211894,0.0,1.2044064302211894,0.0,0.0,False
1999-09-16,1.203794475224236,0.0,1.203794475224236,0.0,0.0,False
1999-09-17,1.2399020340640188,0.0,1.2399020340640188,0.0,0.0,False
1999-09-20,1.2428094845054058,0.0,1.2428094845054058,0.0,0.0,False
1999-09-21,1.2129740658608816,0.0,1.2129740658608816,0.0,0.0,False
1999-09-22,1.2258260949654967,0.0,1.2258260949654967,0.0,0.0,False
1999-09-23,1.175030376347895,0.0,1.175030376347895,0.0,0.0,False
1999-09-24,1.1765608837657462,0.0,1.1765608837657462,0.0,0.0,False
1999-09-27,1.1848226304677427,0.0,1.1848226304677427,0.0,0.0,False
1999-09-28,1.1903305796834482,0.0,1.1903305796834482,0.0,0.0,False
1999-09-29,1.1664622093435166,0.0,1.1664622093435166,0.0,0.0,False
1999-09-30,1.1787029033766454,0.0,1.1787029033766454,0.0,0.0,False
1999-10-01,1.179161559661627,0.0,1.179161559661627,0.0,0.0,False
1999-10-04,1.2056308715797825,0.0,1.2056308715797825,0.0,0.0,False
1999-10-05,1.2141977987332266,0.0,1.2141977987332266,0.0,0.0,False
1999-10-06,1.2385250910404828,0.0,1.2385250910404828,0.0,0.0,False
1999-10-07,1.235617817720658,0.0,1.235617817720658,0.0,0.0,False
1999-10-08,1.248622968415683,0.0,1.248622968415683,0.0,0.0,False
1999-10-11,1.2662178701486404,0.0,1.2662178701486404,0.0,0.0,False
1999-10-12,1.2374543026369857,0.0,1.2374543026369857,0.0,0.0,False
1999-10-13,1.2007342574355633,0.0,1.2007342574355633,0.0,0.0,False
1999-10-14,1.2082312817933205,0.0,1.2082312817933205,0.0,0.0,False
1999-10-15,1.1725827334816432,0.0,1.1725827334816432,0.0,0.0,False
1999-10-18,1.1577418949173197,0.0,1.1577418949173197,0.0,0.0,False
1999-10-19,1.164014655038046,0.0,1.164014655038046,0.0,0.0,False
1999-10-20,1.1995103474416562,0.0,1.1995103474416562,0.0,0.0,False
1999-10-21,1.2190938815127599,0.0,1.2190938815127599,0.0,0.0,False
1999-10-22,1.2135861979793972,0.0,1.2135861979793972,0.0,0.0,False
1999-10-25,1.2141977987332266,0.0,1.2141977987332266,0.0,0.0,False
1999-10-26,1.2044064302211894,0.0,1.2044064302211894,0.0,0.0,False
1999-10-27,1.2025704766695477,0.0,1.2025704766695477,0.0,0.0,False
1999-10-28,1.2441861618465988,0.0,1.2441861618465988,0.0,0.0,False
1999-10-29,1.2876374463321667,0.0,1.2876374463321667,0.0,0.0,False
1999-11-01,1.280905498561773,0.0,1.280905498561773,0.0,0.0,False
1999-11-02,1.2816705751491362,0.0,1.2816705751491362,0.0,0.0,False
1999-11-03,1.3072215117679566,0.0,1.3072215117679566,0.0,0.0,False
1999-11-04,1.3219094058634322,0.0,1.3219094058634322,0.0,0.0,False
1999-11-05,1.3353725929179714,0.0,1.3353725929179714,0.0,0.0,False
1999-11-08,1.362301181046576,0.0,1.362301181046576,0.0,0.0,False
1999-11-09,1.3531207933629008,0.0,1.3531207933629008,0.0,0.0,False
1999-11-10,1.3708691709293925,0.0,1.3708691709293925,0.0,0.0,False
1999-11-11,1.3953487877800295,0.0,1.3953487877800295,0.0,0.0,False
1999-11-12,1.4137086775395689,0.0,1.4137086775395689,0.0,0.0,False
1999-11-15,1.4109550571748402,0.0,1.4109550571748402,0.0,0.0,False
1999-11-16,1.4467565499553656,0.0,1.4467565499553656,0.0,0.0,False
1999-11-17,1.4271716874725462,0.0,1.4271716874725462,0.0,0.0,False
1999-11-18,1.4709302778683067,0.0,1.4709302778683067,0.0,0.0,False
1999-11-19,1.4840885501537415,0.0,1.4840885501537415,0.0,0.0,False
1999-11-22,1.4614438241253738,0.0,1.4614438241253738,0.0,0.0,False
1999-11-23,1.468176746064359,0.0,1.468176746064359,0.0,0.0,False
1999-11-24,1.5165243790118035,0.0,1.5165243790118035,0.0,0.0,False
1999-11-26,1.5214191333796212,0.0,1.5214191333796212,0.0,0.0,False
1999-11-29,1.4963280928967169,0.0,1.4963280928967169,0.0,0.0,False
1999-11-30,1.439412647188018,0.0,1.439412647188018,0.0,0.0,False
1999-12-01,1.4706241232482677,0.0,1.4706241232482677,0.0,0.0,False
1999-12-02,1.51728972128151,0.0,1.51728972128151,0.0,0.0,False
1999-12-03,1.5495713658197894,0.0,1.5495713658197894,0.0,0.0,False
1999-12-06,1.5636472163575306,0.0,1.5636472163575306,0.0,0.0,False
1999-12-07,1.5636472163575306,0.0,1.5636472163575306,0.0,0.0,False
1999-12-08,1.5446760800872854,0.0,1.5446760800872854,0.0,0.0,False
1999-12-09,1.5520195400507275,0.0,1.5520195400507275,0.0,0.0,False
1999-12-10,1.5648714805945616,0.0,1.5648714805945616,0.0,0.0,False
1999-12-13,1.5861384665523641,0.0,1.5861384665523641,0.0,0.0,False
1999-12-14,1.5575274892664333,0.0,1.5575274892664333,0.0,0.0,False
1999-12-15,1.587515055332776,0.0,1.587515055332776,0.0,0.0,False
1999-12-16,1.62668354044748,0.0,1.62668354044748,0.0,0.0,False
1999-12-17,1.6407588596205347,0.0,1.6407588596205347,0.0,0.0,False
1999-12-20,1.6621788786079663,0.0,1.6621788786079663,0.0,0.0,False
1999-12-21,1.7515294446884786,0.0,1.7515294446884786,0.0,0.0,False
1999-12-22,1.7460225582021454,0.0,1.7460225582021454,0.0,0.0,False
1999-12-23,1.766829736584813,0.0,1.766829736584813,0.0,0.0,False
1999-12-27,1.756426324515041,0.0,1.756426324515041,0.0,0.0,False
1999-12-28,1.7454100718405057,0.0,1.7454100718405057,0.0,0.0,False
1999-12-29,1.811504576821164,0.0,1.811504576821164,0.0,0.0,False
1999-12-30,1.7919216626755274,0.0,1.7919216626755274,0.0,0.0,False
1999-12-31,1.7894734884445893,0.0,1.7894734884445893,0.0,0.0,False
2000-01-03,1.8555699417624303,0.0,1.8555699417624303,0.0,0.0,False
2000-01-04,1.7282737378317488,0.0,1.7282737378317488,0.0,0.0,False
2000-01-05,1.6842110297139132,0.0,1.6842110297139132,0.0,0.0,False
2000-01-06,1.5685432105762827,0.0,1.5685432105762827,0.0,0.0,False
2000-01-07,1.7625455202414522,0.0,1.7625455202414522,0.0,0.0,False
2000-01-10,1.811504576821164,0.0,1.811504576821164,0.0,0.0,False
2000-01-11,1.7233784520992448,0.0,1.7233784520992448,0.0,0.0,False
2000-01-12,1.68543405410001,0.0,1.68543405410001,0.0,0.0,False
2000-01-13,1.7870261998214614,0.0,1.7870261998214614,0.0,0.0,False
2000-01-14,1.8286419735592931,0.0,1.8286419735592931,0.0,0.0,False
2000-01-18,1.8384327221458632,0.0,1.8384327221458632,0.0,0.0,False
2000-01-19,1.880048850126819,0.0,1.880048850126819,0.0,0.0,False
2000-01-20,1.861688429002593,0.0,1.861688429002593,0.0,0.0,False
2000-01-21,1.884944667224009,0.0,1.884944667224009,0.0,0.0,False
2000-01-24,1.7943696597849035,0.0,1.7943696597849035,0.0,0.0,False
2000-01-25,1.8212967423802304,0.0,1.8212967423802304,0.0,0.0,False
2000-01-26,1.7478580689498817,0.0,1.7478580689498817,0.0,0.0,False
2000-01-27,1.7735603559434912,0.0,1.7735603559434912,0.0,0.0,False
2000-01-28,1.6842110297139132,0.0,1.6842110297139132,0.0,0.0,False
2000-01-31,1.756426324515041,0.0,1.756426324515041,0.0,0.0,False
2000-02-01,1.8035495161038924,0.0,1.8035495161038924,0.0,0.0,False
2000-02-02,1.818850516486475,0.0,1.818850516486475,0.0,0.0,False
2000-02-03,1.8898410156858856,0.0,1.8898410156858856,0.0,0.0,False
2000-02-04,1.9026927791081576,0.0,1.9026927791081576,0.0,0.0,False
2000-02-07,1.9290086151927792,0.0,1.9290086151927792,0.0,0.0,False
2000-02-08,2.0097925198021906,0.0,2.0097925198021906,0.0,0.0,False
2000-02-09,1.9388004265087215,0.0,1.9388004265087215,0.0,0.0,False
2000-02-10,2.0024481742309383,0.0,2.0024481742309383,0.0,0.0,False
2000-02-11,1.955935697788106,0.0,1.955935697788106,0.0,0.0,False
2000-02-14,1.953487877800292,0.0,1.953487877800292,0.0,0.0,False
2000-02-15,1.9675644368242813,0.0,1.9675644368242813,0.0,0.0,False
2000-02-16,1.9583847576268545,0.0,1.9583847576268545,0.0,0.0,False
2000-02-17,2.0,0.0,2.0,0.0,0.0,False
2000-02-18,1.9277848823204342,0.0,1.9277848823204342,0.0,0.0,False
2000-02-22,1.9339035466821588,0.0,1.9339035466821588,0.0,0.0,False
2000-02-23,2.0416152423731457,0.0,2.0416152423731457,0.0,0.0,False
2000-02-24,2.0856793674634777,0.0,2.0856793674634777,0.0,0.0,False
2000-02-25,2.0379433352698624,0.0,2.0379433352698624,0.0,0.0,False
2000-02-28,2.0367197795190797,0.0,2.0367197795190797,0.0,0.0,False
2000-02-29,2.0905742989528573,0.0,2.0905742989528573,0.0,0.0,False
2000-03-01,2.1077111643263007,0.0,2.1077111643263007,0.0,0.0,False
2000-03-02,2.0589042551684074,0.0,2.0589042551684074,0.0,0.0,False
2000-03-03,2.1750309962733625,0.0,2.1750309962733625,0.0,0.0,False
2000-03-06,2.192166267552747,0.0,2.192166267552747,0.0,0.0,False
2000-03-07,2.1591187493800748,0.0,2.1591187493800748,0.0,0.0,False
2000-03-08,2.1787029033766454,0.0,2.1787029033766454,0.0,0.0,False
2000-03-09,2.2521421081716806,0.0,2.2521421081716806,0.0,0.0,False
2000-03-10,2.2423492341263658,0.0,2.2423492341263658,0.0,0.0,False
2000-03-13,2.183598189109149,0.0,2.183598189109149,0.0,0.0,False
2000-03-14,2.1028153472291105,0.0,2.1028153472291105,0.0,0.0,False
2000-03-15,2.0146878055346944,0.0,2.0146878055346944,0.0,0.0,False
2000-03-16,2.1297431383106855,0.0,2.1297431383106855,0.0,0.0,False
2000-03-17,2.1701351791761723,0.0,2.1701351791761723,0.0,0.0,False
2000-03-20,2.108934542955521,0.0,2.108934542955521,0.0,0.0,False
2000-03-21,2.188494360449464,0.0,2.188494360449464,0.0,0.0,False
2000-03-22,2.2325583084182337,0.0,2.2325583084182337,0.0,0.0,False
2000-03-23,2.271725907925127,0.0,2.271725907925127,0.0,0.0,False
2000-03-24,2.3023256061099855,0.0,2.3023256061099855,0.0,0.0,False
2000-03-27,2.305998044577955,0.0,2.305998044577955,0.0,0.0,False
2000-03-28,2.2472450512235556,0.0,2.2472450512235556,0.0,0.0,False
2000-03-29,2.154222400918198,0.0,2.154222400918198,0.0,0.0,False
2000-03-30,2.1003671729981717,0.0,2.1003671729981717,0.0,0.0,False
2000-03-31,2.1444309438453804,0.0,2.1444309438453804,0.0,0.0,False
2000-04-03,2.0159113612854775,0.0,2.0159113612854775,0.0,0.0,False
2000-04-04,1.9963275615320306,0.0,1.9963275615320306,0.0,0.0,False
2000-04-05,1.9608324004931064,0.0,1.9608324004931064,0.0,0.0,False
2000-04-06,2.0073443455712523,0.0,2.0073443455712523,0.0,0.0,False
2000-04-07,2.0881275416944156,0.0,2.0881275416944156,0.0,0.0,False
2000-04-10,1.9608324004931064,0.0,1.9608324004931064,0.0,0.0,False
2000-04-11,1.9143202782933983,0.0,1.9143202782933983,0.0,0.0,False
2000-04-12,1.8017136511130318,0.0,1.8017136511130318,0.0,0.0,False
2000-04-13,1.7233784520992448,0.0,1.7233784520992448,0.0,0.0,False
2000-04-14,1.5740516911566746,0.0,1.5740516911566746,0.0,0.0,False
2000-04-17,1.75520206027801,0.0,1.75520206027801,0.0,0.0,False
2000-04-18,1.8017136511130318,0.0,1.8017136511130318,0.0,0.0,False
2000-04-19,1.7466338047128505,0.0,1.7466338047128505,0.0,0.0,False
2000-04-20,1.708690115199864,0.0,1.708690115199864,0.0,0.0,False
2000-04-24,1.6597305272554659,0.0,1.6597305272554659,0.0,0.0,False
2000-04-25,1.7717262621682512,0.0,1.7717262621682512,0.0,0.0,False
2000-04-26,1.7111389979170504,0.0,1.7111389979170504,0.0,0.0,False
2000-04-27,1.7870261998214614,0.0,1.7870261998214614,0.0,0.0,False
2000-04-28,1.8555699417624303,0.0,1.8555699417624303,0.0,0.0,False
2000-05-01,1.8727045045555666,0.0,1.8727045045555666,0.0,0.0,False
2000-05-02,1.7649945800802007,0.0,1.7649945800802007,0.0,0.0,False
2000-05-03,1.7454100718405057,0.0,1.7454100718405057,0.0,0.0,False
2000-05-04,1.7490821560653507,0.0,1.7490821560653507,0.0,0.0,False
2000-05-05,1.7906981069247445,0.0,1.7906981069247445,0.0,0.0,False
2000-05-08,1.7209308092329927,0.0,1.7209308092329927,0.0,0.0,False
2000-05-09,1.6842110297139132,0.0,1.6842110297139132,0.0,0.0,False
2000-05-10,1.561811174245108,0.0,1.561811174245108,0.0,0.0,False
2000-05-11,1.6572835928754623,0.0,1.6572835928754623,0.0,0.0,False
2000-05-12,1.6572835928754623,0.0,1.6572835928754623,0.0,0.0,False
2000-05-15,1.7294978249472177,0.0,1.7294978249472177,0.0,0.0,False
2000-05-16,1.7784574128916157,0.0,1.7784574128916157,0.0,0.0,False
2000-05-17,1.74173710200785,0.0,1.74173710200785,0.0,0.0,False
2000-05-18,1.679314504130475,0.0,1.679314504130475,0.0,0.0,False
2000-05-19,1.5997561036090289,0.0,1.5997561036090289,0.0,0.0,False
2000-05-22,1.5985307766426253,0.0,1.5985307766426253,0.0,0.0,False
2000-05-23,1.4651158197894378,0.0,1.4651158197894378,0.0,0.0,False
2000-05-24,1.5569155342694798,0.0,1.5569155342694798,0.0,0.0,False
2000-05-25,1.5226439289813385,0.0,1.5226439289813385,0.0,0.0,False
2000-05-26,1.5226439289813385,0.0,1.5226439289813385,0.0,0.0,False
2000-05-30,1.6756425970271918,0.0,1.6756425970271918,0.0,0.0,False
2000-05-31,1.6279072733198248,0.0,1.6279072733198248,0.0,0.0,False
2000-06-01,1.7111389979170504,0.0,1.7111389979170504,0.0,0.0,False
2000-06-02,1.8335376135349213,0.0,1.8335376135349213,0.0,0.0,False
2000-06-05,1.8381273645728538,0.0,1.8381273645728538,0.0,0.0,False
2000-06-06,1.7870261998214614,0.0,1.7870261998214614,0.0,0.0,False
2000-06-07,1.8347613464072663,0.0,1.8347613464072663,0.0,0.0,False
2000-06-08,1.826193799328355,0.0,1.826193799328355,0.0,0.0,False
2000-06-09,1.835985079279611,0.0,1.835985079279611,0.0,0.0,False
2000-06-12,1.7772338571408328,0.0,1.7772338571408328,0.0,0.0,False
2000-06-13,1.8457768905955536,0.0,1.8457768905955536,0.0,0.0,False
2000-06-14,1.8041607626145977,0.0,1.8041607626145977,0.0,0.0,False
2000-06-15,1.835985079279611,0.0,1.835985079279611,0.0,0.0,False
2000-06-16,1.8457768905955536,0.0,1.8457768905955536,0.0,0.0,False
2000-06-19,1.9192164496337125,0.0,1.9192164496337125,0.0,0.0,False
2000-06-20,1.9118722811840223,0.0,1.9118722811840223,0.0,0.0,False
2000-06-21,1.9363534921287178,0.0,1.9363534921287178,0.0,0.0,False
2000-06-22,1.8653610445921245,0.0,1.8653610445921245,0.0,0.0,False
2000-06-23,1.7919216626755274,0.0,1.7919216626755274,0.0,0.0,False
2000-06-26,1.8408812506199255,0.0,1.8408812506199255,0.0,0.0,False
2000-06-27,1.818850516486475,0.0,1.818850516486475,0.0,0.0,False
2000-06-28,1.8408812506199255,0.0,1.8408812506199255,0.0,0.0,False
2000-06-29,1.7946764343304096,0.0,1.7946764343304096,0.0,0.0,False
2000-06-30,1.829865175066952,0.0,1.829865175066952,0.0,0.0,False
2000-07-03,1.8653610445921245,0.0,1.8653610445921245,0.0,0.0,False
2000-07-05,1.7931457497909966,0.0,1.7931457497909966,0.0,0.0,False
2000-07-06,1.8408812506199255,0.0,1.8408812506199255,0.0,0.0,False
2000-07-07,1.8788245858897878,0.0,1.8788245858897878,0.0,0.0,False
2000-07-10,1.8503662873903617,0.0,1.8503662873903617,0.0,0.0,False
2000-07-11,1.860464341887124,0.0,1.860464341887124,0.0,0.0,False
2000-07-12,1.9045288212205802,0.0,1.9045288212205802,0.0,0.0,False
2000-07-13,1.9290086151927792,0.0,1.9290086151927792,0.0,0.0,False
2000-07-14,1.9706242118090487,0.0,1.9706242118090487,0.0,0.0,False
2000-07-17,1.9926563629149958,0.0,1.9926563629149958,0.0,0.0,False
2000-07-18,1.9485918835815397,0.0,1.9485918835815397,0.0,0.0,False
2000-07-19,1.9045288212205802,0.0,1.9045288212205802,0.0,0.0,False
2000-07-20,1.9657276862256103,0.0,1.9657276862256103,0.0,0.0,False
2000-07-21,1.899633181244952,0.0,1.899633181244952,0.0,0.0,False
2000-07-24,1.860464341887124,0.0,1.860464341887124,0.0,0.0,False
2000-07-25,1.8751523245433805,0.0,1.8751523245433805,0.0,0.0,False
2000-07-26,1.8727045045555666,0.0,1.8727045045555666,0.0,0.0,False
2000-07-27,1.79926600824678,0.0,1.79926600824678,0.0,0.0,False
2000-07-28,1.701346832357984,0.0,1.701346832357984,0.0,0.0,False
2000-07-31,1.7515294446884786,0.0,1.7515294446884786,0.0,0.0,False
2000-08-01,1.7282737378317488,0.0,1.7282737378317488,0.0,0.0,False
2000-08-02,1.6976745710115766,0.0,1.6976745710115766,0.0,0.0,False
2000-08-03,1.7711139529281736,0.0,1.7711139529281736,0.0,0.0,False
2000-08-04,1.7649945800802007,0.0,1.7649945800802007,0.0,0.0,False
2000-08-07,1.8066099995749083,0.0,1.8066099995749083,0.0,0.0,False
2000-08-08,1.8433290706077394,0.0,1.8433290706077394,0.0,0.0,False
2000-08-09,1.7943696597849035,0.0,1.7943696597849035,0.0,0.0,False
2000-08-10,1.7588743216244174,0.0,1.7588743216244174,0.0,0.0,False
2000-08-11,1.7833539384750543,0.0,1.7833539384750543,0.0,0.0,False
2000-08-14,1.8212967423802304,0.0,1.8212967423802304,0.0,0.0,False
2000-08-15,1.8212967423802304,0.0,1.8212967423802304,0.0,0.0,False
2000-08-16,1.8396576948691425,0.0,1.8396576948691425,0.0,0.0,False
2000-08-17,1.8751523245433805,0.0,1.8751523245433805,0.0,0.0,False
2000-08-18,1.8653610445921245,0.0,1.8653610445921245,0.0,0.0,False
2000-08-21,1.8702572159324387,0.0,1.8702572159324387,0.0,0.0,False
2000-08-22,1.8702572159324387,0.0,1.8702572159324387,0.0,0.0,False
2000-08-23,1.900856559874173,0.0,1.900856559874173,0.0,0.0,False
2000-08-24,1.930232170943562,0.0,1.930232170943562,0.0,0.0,False
2000-08-25,1.9198287588737903,0.0,1.9198287588737903,0.0,0.0,False
2000-08-28,1.928748232787379,0.06997444532556614,1.5432068921542235,0.25057825287119284,0.13496308776196278,True
2000-08-29,1.9386229629021035,0.07063952985650346,1.5510403412069773,0.25063920702669984,0.13694341466842633,True
2000-08-30,1.9361317557572322,0.07042335063279984,1.5490827937029743,0.25070007654726806,0.13634888550698993,True
2000-08-31,1.9905770344612579,0.07417437431555512,1.5921662675527468,0.25076096085043387,0.147649806058077,True
2000-09-01,2.010582935326028,0.07556373645720947,1.6078340158417526,0.2508217604339369,0.15192715905033863,True
2000-09-05,1.9477202191932232,0.0708338060102052,1.5588735068652317,0.2508822761595044,0.1379644361684871,True
2000-09-06,1.8783117599364458,0.06566006511411061,1.5040390801014554,0.2509426073729636,0.12333007246202674,True
2000-09-07,1.9197863137424944,0.06847250842765484,1.5373312739999718,0.25100245519549325,0.13145258454702938,True
2000-09-08,1.8607170518868357,0.0641282551756387,1.490330296288949,0.2510622176848255,0.11932453791306115,True
2000-09-11,1.8157797075132507,0.060887163874003204,1.4541004350105566,0.2511215958922453,0.11055767661044891,True
2000-09-12,1.7881206476313536,0.05892279593931797,1.4315787907556716,0.2511807888404187,0.10536106803526334,True
2000-09-13,1.8285287652340736,0.0,1.8285287652340736,0.0,0.0,False
2000-09-14,1.8187492350543657,0.0,1.8187492350543657,0.0,0.0,False
2000-09-15,1.7857484721477528,0.0,1.7857484721477528,0.0,0.0,False
2000-09-18,1.7576357940297385,0.0,1.7576357940297385,0.0,0.0,False
2000-09-19,1.8224165367625291,0.0,1.8224165367625291,0.0,0.0,False
2000-09-20,1.8505293917543595,0.0,1.8505293917543595,0.0,0.0,False
2000-09-21,1.7160787602572818,0.0,1.7160787602572818,0.0,0.0,False
2000-09-22,1.8175280982262978,0.0,1.8175280982262978,0.0,0.0,False
2000-09-25,1.769248090694446,0.0,1.769248090694446,0.0,0.0,False
2000-09-26,1.7490795231638947,0.0,1.7490795231638947,0.0,0.0,False
2000-09-27,1.7515251574225412,0.0,1.7515251574225412,0.0,0.0,False
2000-09-28,1.7906376181792494,0.0,1.7906376181792494,0.0,0.0,False
2000-09-29,1.7356342831403706,0.0,1.7356342831403706,0.0,0.0,False
2000-10-02,1.6965211148883967,0.0,1.6965211148883967,0.0,0.0,False
2000-10-03,1.6427417466586476,0.0,1.6427417466586476,0.0,0.0,False
2000-10-04,1.6745204883681108,0.0,1.6745204883681108,0.0,0.0,False
2000-10-05,1.679409811273424,0.0,1.679409811273424,0.0,0.0,False
2000-10-06,1.623185339406477,0.0,1.623185339406477,0.0,0.0,False
2000-10-09,1.615851620359232,0.0,1.615851620359232,0.0,0.0,False
2000-10-10,1.5315142935004546,0.0,1.5315142935004546,0.0,0.0,False
2000-10-11,1.5070690939644202,0.0,1.5070690939644202,0.0,0.0,False
2000-10-12,1.4691785659679533,0.0,1.4691785659679533,0.0,0.0,False
2000-10-13,1.588961317186,0.0,1.588961317186,0.0,0.0,False
2000-10-16,1.6036287552804902,0.0,1.6036287552804902,0.0,0.0,False
2000-10-17,1.5302920954294887,0.0,1.5302920954294887,0.0,0.0,False
2000-10-18,1.5254022419027267,0.0,1.5254022419027267,0.0,0.0,False
2000-10-19,1.663520351981784,0.0,1.663520351981784,0.0,0.0,False
2000-10-20,1.6879659052654514,0.0,1.6879659052654514,0.0,0.0,False
2000-10-23,1.6855211553758864,0.0,1.6855211553758864,0.0,0.0,False
2000-10-24,1.6134066935958509,0.0,1.6134066935958509,0.0,0.0,False
2000-10-25,1.5229585532560599,0.0,1.5229585532560599,0.0,0.0,False
2000-10-26,1.5620711908865845,0.0,1.5620711908865845,0.0,0.0,False
2000-10-27,1.5590153419615367,0.0,1.5590153419615367,0.0,0.0,False
2000-10-30,1.5012640953118725,0.0,1.5012640953118725,0.0,0.0,False
2000-10-31,1.5978230491326773,0.0,1.5978230491326773,0.0,0.0,False
2000-11-01,1.5840728786497686,0.0,1.5840728786497686,0.0,0.0,False
2000-11-02,1.6036287552804902,0.0,1.6036287552804902,0.0,0.0,False
2000-11-03,1.6244082449727086,0.0,1.6244082449727086,0.0,0.0,False
2000-11-06,1.612185026146334,0.0,1.612185026146334,0.0,0.0,False
2000-11-07,1.6060729745486058,0.0,1.6060729745486058,0.0,0.0,False
2000-11-08,1.4804843403089298,0.0,1.4804843403089298,0.0,0.0,False
2000-11-09,1.480179232975729,0.0,1.480179232975729,0.0,0.0,False
2000-11-10,1.4031749176689317,0.0,1.4031749176689317,0.0,0.0,False
2000-11-13,1.4053141180407547,0.0,1.4053141180407547,0.0,0.0,False
2000-11-14,1.4832349050269606,0.0,1.4832349050269606,0.0,0.0,False
2000-11-15,1.5131797305716175,0.0,1.5131797305716175,0.0,0.0,False
2000-11-16,1.4251754557523095,0.0,1.4251754557523095,0.0,0.0,False
2000-11-17,1.4242593378205342,0.0,1.4242593378205342,0.0,0.0,False
2000-11-20,1.3662011266625973,0.0,1.3662011266625973,0.0,0.0,False
2000-11-21,1.3640630759705805,0.0,1.3640630759705805,0.0,0.0,False
2000-11-22,1.302948485266147,0.0,1.302948485266147,0.0,0.0,False
2000-11-24,1.3775070778773901,0.0,1.3775070778773901,0.0,0.0,False
2000-11-27,1.3603956858255088,0.0,1.3603956858255088,0.0,0.0,False
2000-11-28,1.2800306795711875,0.0,1.2800306795711875,0.0,0.0,False
2000-11-29,1.230834288796836,0.0,1.230834288796836,0.0,0.0,False
2000-11-30,1.2317504951655196,0.0,1.2317504951655196,0.0,0.0,False
2000-12-01,1.2516128056830642,0.0,1.2516128056830642,0.0,0.0,False
2000-12-04,1.2711686823137858,0.0,1.2711686823137858,0.0,0.0,False
2000-12-05,1.3823965776565195,0.0,1.3823965776565195,0.0,0.0,False
2000-12-06,1.329838700002471,0.0,1.329838700002471,0.0,0.0,False
2000-12-07,1.3005036469396742,0.0,1.3005036469396742,0.0,0.0,False
2000-12-08,1.329838700002471,0.0,1.329838700002471,0.0,0.0,False
2000-12-11,1.4545107741258307,0.0,1.4545107741258307,0.0,0.0,False
2000-12-12,1.4013421511839315,0.0,1.4013421511839315,0.0,0.0,False
2000-12-13,1.3442005885792194,0.0,1.3442005885792194,0.0,0.0,False
2000-12-14,1.2785030204193881,0.0,1.2785030204193881,0.0,0.0,False
2000-12-15,1.2491684095411324,0.0,1.2491684095411324,0.0,0.0,False
2000-12-18,1.2516128056830642,0.0,1.2516128056830642,0.0,0.0,False
2000-12-19,1.1562753424379604,0.0,1.1562753424379604,0.0,0.0,False
2000-12-20,1.0899667636795543,0.0,1.0899667636795543,0.0,0.0,False
2000-12-21,1.096383038241401,0.0,1.096383038241401,0.0,0.0,False
2000-12-22,1.1831653803004678,0.0,1.1831653803004678,0.0,0.0,False
2000-12-26,1.1904988340369882,0.0,1.1904988340369882,0.0,0.0,False
2000-12-27,1.203944516245053,0.0,1.203944516245053,0.0,0.0,False
2000-12-28,1.2014991472971313,0.0,1.2014991472971313,0.0,0.0,False
2000-12-29,1.1416077274696537,0.0,1.1416077274696537,0.0,0.0,False
2001-01-02,1.045047712405951,0.0,1.045047712405951,0.0,0.0,False
2001-01-03,1.2210559967338428,0.0,1.2210559967338428,0.0,0.0,False
2001-01-04,1.1990547511551994,0.0,1.1990547511551994,0.0,0.0,False
2001-01-05,1.107383793686085,0.0,1.107383793686085,0.0,0.0,False
2001-01-08,1.1196063934541023,0.0,1.1196063934541023,0.0,0.0,False
2001-01-09,1.1196063934541023,0.0,1.1196063934541023,0.0,0.0,False
2001-01-10,1.1770542130718211,0.0,1.1770542130718211,0.0,0.0,False
2001-01-11,1.2112774393601247,0.0,1.2112774393601247,0.0,0.0,False
2001-01-12,1.2268616144447475,0.0,1.2268616144447475,0.0,0.0,False
2001-01-16,1.2121944416609818,0.0,1.2121944416609818,0.0,0.0,False
2001-01-17,1.2491684095411324,0.0,1.2491684095411324,0.0,0.0,False
2001-01-18,1.3017263756320891,0.0,1.3017263756320891,0.0,0.0,False
2001-01-19,1.2968378486589498,0.0,1.2968378486589498,0.0,0.0,False
2001-01-22,1.2980597814191912,0.0,1.2980597814191912,0.0,0.0,False
2001-01-23,1.325255280362532,0.0,1.325255280362532,0.0,0.0,False
2001-01-24,1.3127262467076914,0.0,1.3127262467076914,0.0,0.0,False
2001-01-25,1.2613909208722414,0.0,1.2613909208722414,0.0,0.0,False
2001-01-26,1.2818641535514528,0.0,1.2818641535514528,0.0,0.0,False
2001-01-29,1.3102822043133922,0.0,1.3102822043133922,0.0,0.0,False
2001-01-30,1.3053930582818956,0.0,1.3053930582818956,0.0,0.0,False
2001-01-31,1.257479798608242,0.0,1.257479798608242,0.0,0.0,False
2001-02-01,1.2741029304900942,0.0,1.2741029304900942,0.0,0.0,False
2001-02-02,1.2036996344463191,0.0,1.2036996344463191,0.0,0.0,False
2001-02-05,1.2027217875526381,0.0,1.2027217875526381,0.0,0.0,False
2001-02-06,1.2046772160292756,0.0,1.2046772160292756,0.0,0.0,False
2001-02-07,1.1851208087771052,0.0,1.1851208087771052,0.0,0.0,False
2001-02-08,1.149723759406607,0.0,1.149723759406607,0.0,0.0,False
2001-02-09,1.1029837921936991,0.0,1.1029837921936991,0.0,0.0,False
2001-02-12,1.1162824038234707,0.0,1.1162824038234707,0.0,0.0,False
2001-02-13,1.0804938442604857,0.0,1.0804938442604857,0.0,0.0,False
2001-02-14,1.1235179579026426,0.0,1.1235179579026426,0.0,0.0,False
2001-02-15,1.1420969604456732,0.0,1.1420969604456732,0.0,0.0,False
2001-02-16,1.0781468171544535,0.0,1.0781468171544535,0.0,0.0,False
2001-02-20,1.036296172846859,0.0,1.036296172846859,0.0,0.0,False
2001-02-21,1.0071571844094844,0.0,1.0071571844094844,0.0,0.0,False
2001-02-22,0.9973791576572154,0.0,0.9973791576572154,0.0,0.0,False
2001-02-23,1.000899123476361,0.0,1.000899123476361,0.0,0.0,False
2001-02-26,1.0198688402797043,0.0,1.0198688402797043,0.0,0.0,False
2001-02-27,0.9582659894052417,0.0,0.9582659894052417,0.0,0.0,False
2001-02-28,0.9279533547594886,0.0,0.9279533547594886,0.0,0.0,False
2001-03-01,0.9543543365197933,0.0,0.9543543365197933,0.0,0.0,False
2001-03-02,0.9132864472864476,0.0,0.9132864472864476,0.0,0.0,False
2001-03-05,0.9299097560421159,0.0,0.9299097560421159,0.0,0.0,False
2001-03-06,0.9660885876808731,0.0,0.9660885876808731,0.0,0.0,False
2001-03-07,0.9664797441257271,0.0,0.9664797441257271,0.0,0.0,False
2001-03-08,0.948488051089881,0.0,0.948488051089881,0.0,0.0,False
2001-03-09,0.8819955235624727,0.0,0.8819955235624727,0.0,0.0,False
2001-03-12,0.8272379546914096,0.0,0.8272379546914096,0.0,0.0,False
2001-03-13,0.8692839561291609,0.0,0.8692839561291609,0.0,0.0,False
2001-03-14,0.8555948071128926,0.0,0.8555948071128926,0.0,0.0,False
2001-03-15,0.8243044140103667,0.0,0.8243044140103667,0.0,0.0,False
2001-03-16,0.8057257652149691,0.0,0.8057257652149691,0.0,0.0,False
2001-03-19,0.8460121374907802,0.0,0.8460121374907802,0.0,0.0,False
2001-03-20,0.7891024564593005,0.0,0.7891024564593005,0.0,0.0,False
2001-03-21,0.7891024564593005,0.0,0.7891024564593005,0.0,0.0,False
2001-03-22,0.8370164236282194,0.0,0.8370164236282194,0.0,0.0,False
2001-03-23,0.8370164236282194,0.0,0.8370164236282194,0.0,0.0,False
2001-03-26,0.8176548428847564,0.0,0.8176548428847564,0.0,0.0,False
2001-03-27,0.8458166034868073,0.0,0.8458166034868073,0.0,0.0,False
2001-03-28,0.7763908890259889,0.0,0.7763908890259889,0.0,0.0,False
2001-03-29,0.7617238931160395,0.0,0.7617238931160395,0.0,0.0,False
2001-03-30,0.7656348385062226,0.0,0.7656348385062226,0.0,0.0,False
2001-04-02,0.7314110815964703,0.0,0.7314110815964703,0.0,0.0,False
2001-04-03,0.677825876598617,0.0,0.677825876598617,0.0,0.0,False
2001-04-04,0.6658970642395541,0.0,0.6658970642395541,0.0,0.0,False
2001-04-05,0.7296513197791679,0.0,0.7296513197791679,0.0,0.0,False
2001-04-06,0.7030545387041658,0.0,0.7030545387041658,0.0,0.0,False
2001-04-09,0.7245666839621523,0.0,0.7245666839621523,0.0,0.0,False
2001-04-10,0.7783469365609834,0.0,0.7783469365609834,0.0,0.0,False
2001-04-11,0.8018143776402452,0.0,0.8018143776402452,0.0,0.0,False
2001-04-12,0.8370164236282194,0.0,0.8370164236282194,0.0,0.0,False
2001-04-16,0.7871471164195714,0.0,0.7871471164195714,0.0,0.0,False
2001-04-17,0.8067033467979254,0.0,0.8067033467979254,0.0,0.0,False
2001-04-18,0.8907964109163259,0.0,0.8907964109163259,0.0,0.0,False
2001-04-19,0.944576663515157,0.0,0.944576663515157,0.0,0.0,False
2001-04-20,0.946532357302519,0.0,0.946532357302519,0.0,0.0,False
2001-04-23,0.88297354732997,0.0,0.88297354732997,0.0,0.0,False
2001-04-24,0.866350415448118,0.0,0.866350415448118,0.0,0.0,False
2001-04-25,0.8819955235624727,0.0,0.8819955235624727,0.0,0.0,False
2001-04-26,0.8595058409399838,0.0,0.8595058409399838,0.0,0.0,False
2001-04-27,0.88297354732997,0.0,0.88297354732997,0.0,0.0,False
2001-04-30,0.9025302198928651,0.0,0.9025302198928651,0.0,0.0,False
2001-05-01,0.9396874290467522,0.0,0.9396874290467522,0.0,0.0,False
2001-05-02,0.9578751867080204,0.0,0.9578751867080204,0.0,0.0,False
2001-05-03,0.9152422295107179,0.0,0.9152422295107179,0.0,0.0,False
2001-05-04,0.9426209697277951,0.0,0.9426209697277951,0.0,0.0,False
2001-05-07,0.9230648277863491,0.0,0.9230648277863491,0.0,0.0,False
2001-05-08,0.9426209697277951,0.0,0.9426209697277951,0.0,0.0,False
2001-05-09,0.9103524644208639,0.0,0.9103524644208639,0.0,0.0,False
2001-05-10,0.8950989549359039,0.0,0.8950989549359039,0.0,0.0,False
2001-05-11,0.8907964109163259,0.0,0.8907964109163259,0.0,0.0,False
2001-05-14,0.8765201292666899,0.0,0.8765201292666899,0.0,0.0,False
2001-05-15,0.88297354732997,0.0,0.88297354732997,0.0,0.0,False
2001-05-16,0.922086450271219,0.0,0.922086450271219,0.0,0.0,False
2001-05-17,0.9367540652395256,0.0,0.9367540652395256,0.0,0.0,False
2001-05-18,0.9394918950427793,0.0,0.9394918950427793,0.0,0.0,False
2001-05-21,0.9983569161139881,0.0,0.9983569161139881,0.0,0.0,False
2001-05-22,0.9954230216853125,0.0,0.9954230216853125,0.0,0.0,False
2001-05-23,0.9514214148971075,0.0,0.9514214148971075,0.0,0.0,False
2001-05-24,0.9758667913069584,0.0,0.9758667913069584,0.0,0.0,False
2001-05-25,0.9580705438381769,0.0,0.9580705438381769,0.0,0.0,False
2001-05-29,0.901943529444038,0.0,0.901943529444038,0.0,0.0,False
2001-05-30,0.8688932418688475,0.0,0.8688932418688475,0.0,0.0,False
2001-05-31,0.8747603232309336,0.0,0.8747603232309336,0.0,0.0,False
2001-06-01,0.9005744376685949,0.0,0.9005744376685949,0.0,0.0,False
2001-06-04,0.8962719820859251,0.0,0.8962719820859251,0.0,0.0,False
2001-06-05,0.9357760414720282,0.0,0.9357760414720282,0.0,0.0,False
2001-06-06,0.9285403989559483,0.0,0.9285403989559483,0.0,0.0,False
2001-06-07,0.952399438664605,0.0,0.952399438664605,0.0,0.0,False
2001-06-08,0.9259980147197592,0.0,0.9259980147197592,0.0,0.0,False
2001-06-11,0.9005744376685949,0.0,0.9005744376685949,0.0,0.0,False
2001-06-12,0.8956853800740063,0.0,0.8956853800740063,0.0,0.0,False
2001-06-13,0.8712396499165228,0.0,0.8712396499165228,0.0,0.0,False
2001-06-14,0.8262601077977287,0.0,0.8262601077977287,0.0,0.0,False
2001-06-15,0.8331048591796792,0.0,0.8331048591796792,0.0,0.0,False
2001-06-18,0.8219574753412425,0.0,0.8219574753412425,0.0,0.0,False
2001-06-19,0.8178506421994539,0.0,0.8178506421994539,0.0,0.0,False
2001-06-20,0.8364292909948517,0.0,0.8364292909948517,0.0,0.0,False
2001-06-21,0.8477718550896286,0.0,0.8477718550896286,0.0,0.0,False
2001-06-22,0.8458166034868073,0.0,0.8458166034868073,0.0,0.0,False
2001-06-25,0.8479675659674176,0.0,0.8479675659674176,0.0,0.0,False
2001-06-26,0.850901283522277,0.0,0.850901283522277,0.0,0.0,False
2001-06-27,0.8563771200026006,0.0,0.8563771200026006,0.0,0.0,False
2001-06-28,0.8673281739048907,0.0,0.8673281739048907,0.0,0.0,False
2001-06-29,0.893729951597369,0.0,0.893729951597369,0.0,0.0,False
2001-07-02,0.8888403633813313,0.0,0.8888403633813313,0.0,0.0,False
2001-07-03,0.8925563053889904,0.0,0.8925563053889904,0.0,0.0,False
2001-07-05,0.8497274604400822,0.0,0.8497274604400822,0.0,0.0,False
2001-07-06,0.8145261219473734,0.0,0.8145261219473734,0.0,0.0,False
2001-07-09,0.8215664957702049,0.0,0.8215664957702049,0.0,0.0,False
2001-07-10,0.7920364393248843,0.0,0.7920364393248843,0.0,0.0,False
2001-07-11,0.8018143776402452,0.0,0.8018143776402452,0.0,0.0,False
2001-07-12,0.8526613548687577,0.0,0.8526613548687577,0.0,0.0,False
2001-07-13,0.8438608212625373,0.0,0.8438608212625373,0.0,0.0,False
2001-07-16,0.8282158015850907,0.0,0.8282158015850907,0.0,0.0,False
2001-07-17,0.8467944503804883,0.0,0.8467944503804883,0.0,0.0,False
2001-07-18,0.8145261219473734,0.0,0.8145261219473734,0.0,0.0,False
2001-07-19,0.8338869067586626,0.0,0.8338869067586626,0.0,0.0,False
2001-07-20,0.8145261219473734,0.0,0.8145261219473734,0.0,0.0,False
2001-07-23,0.7941874902424029,0.0,0.7941874902424029,0.0,0.0,False
2001-07-24,0.7851919532536584,0.0,0.7851919532536584,0.0,0.0,False
2001-07-25,0.7920364393248843,0.0,0.7920364393248843,0.0,0.0,False
2001-07-26,0.8037701598645153,0.0,0.8037701598645153,0.0,0.0,False
2001-07-27,0.8203932917463673,0.0,0.8203932917463673,0.0,0.0,False
2001-07-30,0.8155039688410542,0.0,0.8155039688410542,0.0,0.0,False
2001-07-31,0.8166770844279837,0.0,0.8166770844279837,0.0,0.0,False
2001-08-01,0.8428827974950398,0.0,0.8428827974950398,0.0,0.0,False
2001-08-02,0.8587233511764594,0.0,0.8587233511764594,0.0,0.0,False
2001-08-03,0.8444476001482724,0.0,0.8444476001482724,0.0,0.0,False
2001-08-06,0.8311492538292254,0.0,0.8311492538292254,0.0,0.0,False
2001-08-07,0.8268466213727392,0.0,0.8268466213727392,0.0,0.0,False
2001-08-08,0.7920364393248843,0.0,0.7920364393248843,0.0,0.0,False
2001-08-09,0.7953609595769651,0.0,0.7953609595769651,0.0,0.0,False
2001-08-10,0.7877339837422147,0.0,0.7877339837422147,0.0,0.0,False
2001-08-13,0.8037701598645153,0.0,0.8037701598645153,0.0,0.0,False
2001-08-14,0.79399195623843,0.0,0.79399195623843,0.0,0.0,False
2001-08-15,0.7646573453601743,0.0,0.7646573453601743,0.0,0.0,False
2001-08-16,0.7736532360965515,0.0,0.7736532360965515,0.0,0.0,False
2001-08-17,0.7384517207300262,0.0,0.7384517207300262,0.0,0.0,False
2001-08-20,0.748620815490241,0.0,0.748620815490241,0.0,0.0,False
2001-08-21,0.7175260448285963,0.0,0.7175260448285963,0.0,0.0,False
2001-08-22,0.7370827616099453,0.0,0.7370827616099453,0.0,0.0,False
2001-08-23,0.7298467653462326,0.0,0.7298467653462326,0.0,0.0,False
2001-08-24,0.7685681138765409,0.0,0.7685681138765409,0.0,0.0,False
2001-08-27,0.7695463145178547,0.0,0.7695463145178547,0.0,0.0,False
2001-08-28,0.7454920945528579,0.0,0.7454920945528579,0.0,0.0,False
2001-08-29,0.7345400678445779,0.0,0.7345400678445779,0.0,0.0,False
2001-08-30,0.7073565078838406,0.0,0.7073565078838406,0.0,0.0,False
2001-08-31,0.7163526639309423,0.0,0.7163526639309423,0.0,0.0,False
2001-09-04,0.6936673588675724,0.0,0.6936673588675724,0.0,0.0,False
2001-09-05,0.6909297501565892,0.0,0.6909297501565892,0.0,0.0,False
2001-09-06,0.6629635677769652,0.0,0.6629635677769652,0.0,0.0,False
2001-09-07,0.6590524455129658,0.0,0.6590524455129658,0.0,0.0,False
2001-09-10,0.6668750437885974,0.0,0.6668750437885974,0.0,0.0,False
2001-09-17,0.6101610294164529,0.0,0.6101610294164529,0.0,0.0,False
2001-09-18,0.5964718361817305,0.0,0.5964718361817305,0.0,0.0,False
2001-09-19,0.5861068978883643,0.0,0.5861068978883643,0.0,0.0,False
2001-09-20,0.5665505790731019,0.0,0.5665505790731019,0.0,0.0,False
2001-09-21,0.5512962736559684,0.0,0.5512962736559684,0.0,0.0,False
2001-09-24,0.5790664356286246,0.0,0.5790664356286246,0.0,0.0,False
2001-09-25,0.5808265511935594,0.0,0.5808265511935594,0.0,0.0,False
2001-09-26,0.5606834092741079,0.0,0.5606834092741079,0.0,0.0,False
2001-09-27,0.5569678210140814,0.0,0.5569678210140814,0.0,0.0,False
2001-09-28,0.566745715110988,0.0,0.566745715110988,0.0,0.0,False
2001-10-01,0.5618569228271242,0.0,0.5618569228271242,0.0,0.0,False
2001-10-02,0.5636168172997885,0.0,0.5636168172997885,0.0,0.0,False
2001-10-03,0.6062497302786372,0.0,0.6062497302786372,0.0,0.0,False
2001-10-04,0.6121169000776312,0.0,0.6121169000776312,0.0,0.0,False
2001-10-05,0.6211129676878249,0.0,0.6211129676878249,0.0,0.0,False
2001-10-08,0.6230686614751867,0.0,0.6230686614751867,0.0,0.0,False
2001-10-09,0.6080100669358425,0.0,0.6080100669358425,0.0,0.0,False
2001-10-10,0.6355843411568929,0.0,0.6355843411568929,0.0,0.0,False
2001-10-11,0.6786093391681313,0.0,0.6786093391681313,0.0,0.0,False
2001-10-12,0.675675621613272,0.0,0.675675621613272,0.0,0.0,False
2001-10-15,0.6727420809322291,0.0,0.6727420809322291,0.0,0.0,False
2001-10-16,0.6836934443636978,0.0,0.6836934443636978,0.0,0.0,False
2001-10-17,0.6346068037923905,0.0,0.6346068037923905,0.0,0.0,False
2001-10-18,0.6518164492492532,0.0,0.6518164492492532,0.0,0.0,False
2001-10-19,0.6561191259241934,0.0,0.6561191259241934,0.0,0.0,False
2001-10-22,0.6737197951705477,0.0,0.6737197951705477,0.0,0.0,False
2001-10-23,0.6772400705188718,0.0,0.6772400705188718,0.0,0.0,False
2001-10-24,0.6919069779919128,0.0,0.6919069779919128,0.0,0.0,False
2001-10-25,0.7196772284014771,0.0,0.7196772284014771,0.0,0.0,False
2001-10-26,0.7042277427280034,0.0,0.7042277427280034,0.0,0.0,False
2001-10-29,0.6657013533617647,0.0,0.6657013533617647,0.0,0.0,False
2001-10-30,0.6527944287982964,0.0,0.6527944287982964,0.0,0.0,False
2001-10-31,0.6629635677769652,0.0,0.6629635677769652,0.0,0.0,False
2001-11-01,0.6911251957236539,0.0,0.6911251957236539,0.0,0.0,False
2001-11-02,0.6962095220114909,0.0,0.6962095220114909,0.0,0.0,False
2001-11-05,0.7188949597302231,0.0,0.7188949597302231,0.0,0.0,False
2001-11-06,0.746860655706852,0.0,0.746860655706852,0.0,0.0,False
2001-11-07,0.7458828972500792,0.0,0.7458828972500792,0.0,0.0,False
2001-11-08,0.7382560982891451,0.0,0.7382560982891451,0.0,0.0,False
2001-11-09,0.7378646765335667,0.0,0.7378646765335667,0.0,0.0,False
2001-11-12,0.7431450674468255,0.0,0.7431450674468255,0.0,0.0,False
2001-11-13,0.7697419369587358,0.0,0.7697419369587358,0.0,0.0,False
2001-11-14,0.7752180387497839,0.0,0.7752180387497839,0.0,0.0,False
2001-11-15,0.7720887871909518,0.0,0.7720887871909518,0.0,0.0,False
2001-11-16,0.7699375593996168,0.0,0.7699375593996168,0.0,0.0,False
2001-11-19,0.7918405515732788,0.0,0.7918405515732788,0.0,0.0,False
2001-11-20,0.755269679120586,0.0,0.755269679120586,0.0,0.0,False
2001-11-21,0.7513584684196783,0.0,0.7513584684196783,0.0,0.0,False
2001-11-23,0.7681771343055033,0.0,0.7681771343055033,0.0,0.0,False
2001-11-26,0.7871471164195714,0.0,0.7871471164195714,0.0,0.0,False
2001-11-27,0.7861694463997068,0.0,0.7861694463997068,0.0,0.0,False
2001-11-28,0.7578123286674993,0.0,0.7578123286674993,0.0,0.0,False
2001-11-29,0.7812803888051182,0.0,0.7812803888051182,0.0,0.0,False
2001-11-30,0.7754133074430323,0.0,0.7754133074430323,0.0,0.0,False
2001-12-03,0.762114784250169,0.0,0.762114784250169,0.0,0.0,False
2001-12-04,0.7984900342619808,0.0,0.7984900342619808,0.0,0.0,False
2001-12-05,0.8379936514635431,0.0,0.8379936514635431,0.0,0.0,False
2001-12-06,0.8391672092350134,0.0,0.8391672092350134,0.0,0.0,False
2001-12-07,0.8160906592898812,0.0,0.8160906592898812,0.0,0.0,False
2001-12-10,0.8018143776402452,0.0,0.8018143776402452,0.0,0.0,False
2001-12-11,0.8063122787899797,0.0,0.8063122787899797,0.0,0.0,False
2001-12-12,0.8127656968532597,0.0,0.8127656968532597,0.0,0.0,False
2001-12-13,0.7775640930498263,0.0,0.7775640930498263,0.0,0.0,False
2001-12-14,0.7844090213055931,0.0,0.7844090213055931,0.0,0.0,False
2001-12-17,0.7979027247547966,0.0,0.7979027247547966,0.0,0.0,False
2001-12-18,0.8068992345495313,0.0,0.8068992345495313,0.0,0.0,False
2001-12-19,0.7922320617657657,0.0,0.7922320617657657,0.0,0.0,False
2001-12-20,0.7585946415572073,0.0,0.7585946415572073,0.0,0.0,False
2001-12-21,0.7720887871909518,0.0,0.7720887871909518,0.0,0.0,False
2001-12-24,0.7688559164015426,0.06997444532556615,0.6151677700047486,0.09988788011131605,0.0538002662854778,True
2001-12-26,0.7761588127586324,0.0712585477227859,0.6209562840176126,0.09989457894159794,0.05530794979942186,True
2001-12-27,0.7824986002600407,0.07237640965123628,0.625962803513638,0.09990135750246304,0.05663443924393968,True
2001-12-28,0.7888592654571841,0.07350087411849487,0.6309693230096634,0.0999080968799439,0.05798184556757682,True
2001-12-31,0.7605135369215841,0.06817181227355766,0.6087531934315386,0.09991475741952793,0.0518455860705176,True
2002-01-02,0.7840803830050432,0.07222701706813658,0.6275272170444745,0.09992137875447248,0.05663178720609633,True
2002-01-03,0.8117101883656719,0.07700769808784036,0.6492741357625907,0.09992811948259339,0.06250793312048769,True
2002-01-04,0.8151321789569912,0.07761129558541541,0.6519338934633083,0.09993482101146813,0.06326346448221477,True
2002-01-07,0.8058337618544995,0.07589099022613738,0.6447367563770473,0.09994148333266088,0.061155522144791336,True
2002-01-08,0.8114559477987011,0.0768864414396279,0.649117920807992,0.09994806677944644,0.062389960211262585,True
2002-01-09,0.8037902367200849,0.07547135882658945,0.643172484345264,0.09995461099801005,0.0606631413768108,True
2002-01-10,0.8092037631022666,0.07642841883466145,0.6473964433282383,0.09996115564506415,0.061846164128964196,True
2002-01-11,0.7985298906415421,0.07445890573342,0.6391045280683086,0.0999677007206368,0.059457661852596766,True
2002-01-14,0.7807148257477579,0.07116574222879507,0.6251806674977463,0.09997400820664802,0.0555601500433636,True
2002-01-15,0.7882402311195544,0.07248352934976386,0.6311256794633151,0.09998011772922043,0.05713443392701888,True
2002-01-16,0.7572008196769338,0.06668642333606313,0.606719498291167,0.09998630697437666,0.05049501441139001,True
2002-01-17,0.7742066882885592,0.06959834740388161,0.6203306459544258,0.0999925362802177,0.05388350605391583,True
2002-01-18,0.7532970039598964,0.06577942664198712,0.6037466739355132,0.09999888501277455,0.049551445011608686,True
2002-01-22,0.7300914939063516,0.06157786280226889,0.5851288652771761,0.10000515478430677,0.04495747384486885,True
2002-01-23,0.7499178757037956,0.06489083676582208,0.6012434141875006,0.10001166305622802,0.048662798460067054,True
2002-01-24,0.7598310545539794,0.06658106317993984,0.6092224042915471,0.10001829081309357,0.05059035944933881,True
2002-01-25,0.7576778162286458,0.06619093675078155,0.6075014928080057,0.10002491900917951,0.050151404411460584,True
2002-01-28,0.7619683163640762,0.06692345817535346,0.6109431742760353,0.10003158733690526,0.050993554751135754,True
2002-01-29,0.7410330804180054,0.06314352867588367,0.5942033410501568,0.10003829580469585,0.046791443563152735,True
2002-01-30,0.7466392376763021,0.06409220598633518,0.598740437437594,0.1000450444200783,0.04785375581862983,True
2002-01-31,0.7512912517871746,0.06488061929483038,0.6024952563100865,0.10005175379034792,0.048744241686740235,True
2002-02-01,0.7440940661430455,0.06360642797303957,0.5967063178000632,0.10005858271968847,0.04732916562329377,True
2002-02-04,0.7204620073549999,0.05937521180928198,0.5776190506583747,0.10006537240938163,0.04277758428724359,True
2002-02-05,0.708705678463685,0.0,0.708705678463685,0.0,0.0,False
2002-02-06,0.7038263158165915,0.0,0.7038263158165915,0.0,0.0,False
2002-02-07,0.6868453058890086,0.0,0.6868453058890086,0.0,0.0,False
2002-02-08,0.7059729829464624,0.0,0.7059729829464624,0.0,0.0,False
2002-02-11,0.7149515433312736,0.0,0.7149515433312736,0.0,0.0,False
2002-02-12,0.7090962463700079,0.0,0.7090962463700079,0.0,0.0,False
2002-02-13,0.7211975847267295,0.0,0.7211975847267295,0.0,0.0,False
2002-02-14,0.7198317003537698,0.0,0.7198317003537698,0.0,0.0,False
2002-02-15,0.6983611013100135,0.0,0.6983611013100135,0.0,0.0,False
2002-02-19,0.6768912525096934,0.0,0.6768912525096934,0.0,0.0,False
2002-02-20,0.6860648320558651,0.0,0.6860648320558651,0.0,0.0,False
2002-02-21,0.6534694026851279,0.0,0.6534694026851279,0.0,0.0,False
2002-02-22,0.6567871556864322,0.0,0.6567871556864322,0.0,0.0,False
2002-02-25,0.6833323130665098,0.0,0.6833323130665098,0.0,0.0,False
2002-02-26,0.6807946808426145,0.0,0.6807946808426145,0.0,0.0,False
2002-02-27,0.6714262586629495,0.0,0.6714262586629495,0.0,0.0,False
2002-02-28,0.6593250527021283,0.0,0.6593250527021283,0.0,0.0,False
2002-03-01,0.6975808922686709,0.0,0.6975808922686709,0.0,0.0,False
2002-03-04,0.7251015426432526,0.0,0.7251015426432526,0.0,0.0,False
2002-03-05,0.730370987745034,0.0,0.730370987745034,0.0,0.0,False
2002-03-06,0.7338847308109688,0.0,0.7338847308109688,0.0,0.0,False
2002-03-07,0.7354454578174218,0.0,0.7354454578174218,0.0,0.0,False
2002-03-08,0.7547691690714728,0.0,0.7547691690714728,0.0,0.0,False
2002-03-11,0.7520360763665491,0.0,0.7520360763665491,0.0,0.0,False
2002-03-12,0.7416915433448446,0.0,0.7416915433448446,0.0,0.0,False
2002-03-13,0.723734687367023,0.0,0.723734687367023,0.0,0.0,False
2002-03-14,0.7194412207113805,0.0,0.7194412207113805,0.0,0.0,False
2002-03-15,0.7266626227054401,0.0,0.7266626227054401,0.0,0.0,False
2002-03-18,0.7307612908595561,0.0,0.7307612908595561,0.0,0.0,False
2002-03-19,0.7295904697799237,0.0,0.7295904697799237,0.0,0.0,False
2002-03-20,0.7038263158165915,0.0,0.7038263158165915,0.0,0.0,False
2002-03-21,0.7225635132316561,0.0,0.7225635132316561,0.0,0.0,False
2002-03-22,0.71592769830528,0.0,0.71592769830528,0.0,0.0,False
2002-03-25,0.6940671050707694,0.0,0.6940671050707694,0.0,0.0,False
2002-03-26,0.7005080332316855,0.0,0.7005080332316855,0.0,0.0,False
2002-03-27,0.6950430835169085,0.0,0.6950430835169085,0.0,0.0,False
2002-03-28,0.7038263158165915,0.0,0.7038263158165915,0.0,0.0,False
2002-04-01,0.7172939357339742,0.0,0.7172939357339742,0.0,0.0,False
2002-04-02,0.6848933489967305,0.0,0.6848933489967305,0.0,0.0,False
2002-04-03,0.6837223513892308,0.0,0.6837223513892308,0.0,0.0,False
2002-04-04,0.6784527297595822,0.0,0.6784527297595822,0.0,0.0,False
2002-04-05,0.6708402744075647,0.0,0.6708402744075647,0.0,0.0,False
2002-04-08,0.6792335566484601,0.0,0.6792335566484601,0.0,0.0,False
2002-04-09,0.6556161139469657,0.0,0.6556161139469657,0.0,0.0,False
2002-04-10,0.6604956972538935,0.0,0.6604956972538935,0.0,0.0,False
2002-04-11,0.6441006715816952,0.0,0.6441006715816952,0.0,0.0,False
2002-04-12,0.6542499206502383,0.0,0.6542499206502383,0.0,0.0,False
2002-04-15,0.6595198953356215,0.0,0.6595198953356215,0.0,0.0,False
2002-04-16,0.6870405457102032,0.0,0.6870405457102032,0.0,0.0,False
2002-04-17,0.6835274646237708,0.0,0.6835274646237708,0.0,0.0,False
2002-04-18,0.6704498388971422,0.0,0.6704498388971422,0.0,0.0,False
2002-04-19,0.6725969032147145,0.0,0.6725969032147145,0.0,0.0,False
2002-04-22,0.6556161139469657,0.0,0.6556161139469657,0.0,0.0,False
2002-04-23,0.6442958231389563,0.0,0.6442958231389563,0.0,0.0,False
2002-04-24,0.6343411960440722,0.0,0.6343411960440722,0.0,0.0,False
2002-04-25,0.6327798953220507,0.0,0.6327798953220507,0.0,0.0,False
2002-04-26,0.6058450526749865,0.0,0.6058450526749865,0.0,0.0,False
2002-04-29,0.6074063533970081,0.0,0.6074063533970081,0.0,0.0,False
2002-04-30,0.6193125401964688,0.0,0.6193125401964688,0.0,0.0,False
2002-05-01,0.6159943458754965,0.0,0.6159943458754965,0.0,0.0,False
2002-05-02,0.5954999900696801,0.0,0.5954999900696801,0.0,0.0,False
2002-05-03,0.5804713342220768,0.0,0.5804713342220768,0.0,0.0,False
2002-05-06,0.5654424577146392,0.0,0.5654424577146392,0.0,0.0,False
2002-05-07,0.5601721741054883,0.0,0.5601721741054883,0.0,0.0,False
2002-05-08,0.6200930581615793,0.0,0.6200930581615793,0.0,0.0,False
2002-05-09,0.6040881590760357,0.0,0.6040881590760357,0.0,0.0,False
2002-05-10,0.5769580324758102,0.0,0.5769580324758102,0.0,0.0,False
2002-05-13,0.6003799705643091,0.0,0.6003799705643091,0.0,0.0,False
2002-05-14,0.635707786528501,0.0,0.635707786528501,0.0,0.0,False
2002-05-15,0.6403922624101345,0.0,0.6403922624101345,0.0,0.0,False
2002-05-16,0.6413678436685722,0.0,0.6413678436685722,0.0,0.0,False
2002-05-17,0.6427342576251337,0.0,0.6427342576251337,0.0,0.0,False
2002-05-20,0.6286811389040011,0.0,0.6286811389040011,0.0,0.0,False
2002-05-21,0.6115053304748919,0.0,0.6115053304748919,0.0,0.0,False
2002-05-22,0.6128714355076855,0.0,0.6128714355076855,0.0,0.0,False
2002-05-23,0.6251678371577346,0.0,0.6251678371577346,0.0,0.0,False
2002-05-24,0.6097487016677419,0.0,0.6097487016677419,0.0,0.0,False
2002-05-28,0.6070159178865857,0.0,0.6070159178865857,0.0,0.0,False
2002-05-29,0.5910111511969429,0.0,0.5910111511969429,0.0,0.0,False
2002-05-30,0.5960859301930981,0.0,0.5960859301930981,0.0,0.0,False
2002-05-31,0.5863266753153092,0.0,0.5863266753153092,0.0,0.0,False
2002-06-03,0.5656372120841988,0.0,0.5656372120841988,0.0,0.0,False
2002-06-04,0.5730542952191213,0.0,0.5730542952191213,0.0,0.0,False
2002-06-05,0.5789098569721879,0.0,0.5789098569721879,0.0,0.0,False
2002-06-06,0.563685696511589,0.0,0.563685696511589,0.0,0.0,False
2002-06-07,0.5523649643839112,0.0,0.5523649643839112,0.0,0.0,False
2002-06-10,0.5513890300697389,0.0,0.5513890300697389,0.0,0.0,False
2002-06-11,0.5359698504477793,0.0,0.5359698504477793,0.0,0.0,False
2002-06-12,0.5437770160373896,0.0,0.5437770160373896,0.0,0.0,False
2002-06-13,0.5402636260271895,0.0,0.5402636260271895,0.0,0.0,False
2002-06-14,0.53909262841969,0.0,0.53909262841969,0.0,0.0,False
2002-06-17,0.5574397433800665,0.0,0.5574397433800665,0.0,0.0,False
2002-06-18,0.5664181272370105,0.0,0.5664181272370105,0.0,0.0,False
2002-06-19,0.5336274580450787,0.0,0.5336274580450787,0.0,0.0,False
2002-06-20,0.5164516496159695,0.0,0.5164516496159695,0.0,0.0,False
2002-06-21,0.5039596992209581,0.0,0.5039596992209581,0.0,0.0,False
2002-06-24,0.5139141939199416,0.0,0.5139141939199416,0.0,0.0,False
2002-06-25,0.49693305159645823,0.0,0.49693305159645823,0.0,0.0,False
2002-06-26,0.500641946219654,0.0,0.500641946219654,0.0,0.0,False
2002-06-27,0.5115719780451082,0.0,0.5115719780451082,0.0,0.0,False
2002-06-28,0.5094250461234364,0.0,0.5094250461234364,0.0,0.0,False
2002-07-01,0.48502730611666556,0.0,0.48502730611666556,0.0,0.0,False
2002-07-02,0.4674609297812332,0.0,0.4674609297812332,0.0,0.0,False
2002-07-03,0.4830754374883211,0.0,0.4830754374883211,0.0,0.0,False
2002-07-05,0.5141095661370366,0.0,0.5141095661370366,0.0,0.0,False
2002-07-08,0.4953719715342707,0.0,0.4953719715342707,0.0,0.0,False
2002-07-09,0.48131867628527075,0.0,0.48131867628527075,0.0,0.0,False
2002-07-10,0.46648495133509427,0.0,0.46648495133509427,0.0,0.0,False
2002-07-11,0.4840511952746261,0.0,0.4840511952746261,0.0,0.0,False
2002-07-12,0.4840511952746261,0.0,0.4840511952746261,0.0,0.0,False
2002-07-15,0.499080468969765,0.0,0.499080468969765,0.0,0.0,False
2002-07-16,0.4916634299668094,0.0,0.4916634299668094,0.0,0.0,False
2002-07-17,0.500641946219654,0.0,0.500641946219654,0.0,0.0,False
2002-07-18,0.4826851785057659,0.0,0.4826851785057659,0.0,0.0,False
2002-07-19,0.46824153601027724,0.0,0.46824153601027724,0.0,0.0,False
2002-07-22,0.4567260495130399,0.0,0.4567260495130399,0.0,0.0,False
2002-07-23,0.4372074956254955,0.0,0.4372074956254955,0.0,0.0,False
2002-07-24,0.4610201781481846,0.0,0.4610201781481846,0.0,0.0,False
2002-07-25,0.43428004573871326,0.0,0.43428004573871326,0.0,0.0,False
2002-07-26,0.4424773379149783,0.0,0.4424773379149783,0.0,0.0,False
2002-07-29,0.46511889043426724,0.0,0.46511889043426724,0.0,0.0,False
2002-07-30,0.47448744500983275,0.0,0.47448744500983275,0.0,0.0,False
2002-07-31,0.4655091494168225,0.0,0.4655091494168225,0.0,0.0,False
2002-08-01,0.44364855618231197,0.0,0.44364855618231197,0.0,0.0,False
2002-08-02,0.43428004573871326,0.0,0.43428004573871326,0.0,0.0,False
2002-08-05,0.4184702099464972,0.0,0.4184702099464972,0.0,0.0,False
2002-08-06,0.4391594083858068,0.0,0.4391594083858068,0.0,0.0,False
2002-08-07,0.4450150584028071,0.0,0.4450150584028071,0.0,0.0,False
2002-08-08,0.46004402317417825,0.0,0.46004402317417825,0.0,0.0,False
2002-08-09,0.45535945902861114,0.0,0.45535945902861114,0.0,0.0,False
2002-08-12,0.4567260495130399,0.0,0.4567260495130399,0.0,0.0,False
2002-08-13,0.4411113652780849,0.0,0.4411113652780849,0.0,0.0,False
2002-08-14,0.46921742619248274,0.0,0.46921742619248274,0.0,0.0,False
2002-08-15,0.478781441249077,0.0,0.478781441249077,0.0,0.0,False
2002-08-16,0.48209950317414885,0.0,0.48209950317414885,0.0,0.0,False
2002-08-19,0.4938103618884814,0.0,0.4938103618884814,0.0,0.0,False
2002-08-20,0.4916634299668094,0.0,0.4916634299668094,0.0,0.0,False
2002-08-21,0.5025936383201312,0.0,0.5025936383201312,0.0,0.0,False
2002-08-22,0.5105963967866705,0.0,0.5105963967866705,0.0,0.0,False
2002-08-23,0.4908826472098982,0.0,0.4908826472098982,0.0,0.0,False
2002-08-26,0.49283451583824267,0.0,0.49283451583824267,0.0,0.0,False
2002-08-27,0.47565839848536556,0.0,0.47565839848536556,0.0,0.0,False
2002-08-28,0.45828708544326074,0.0,0.45828708544326074,0.0,0.0,False
2002-08-29,0.4643379311494889,0.0,0.4643379311494889,0.0,0.0,False
2002-08-30,0.45848250179232264,0.0,0.45848250179232264,0.0,0.0,False
2002-09-03,0.44189214803499616,0.0,0.44189214803499616,0.0,0.0,False
2002-09-04,0.44364855618231197,0.0,0.44364855618231197,0.0,0.0,False
2002-09-05,0.4327183478289903,0.0,0.4327183478289903,0.0,0.0,False
2002-09-06,0.44599094858501254,0.0,0.44599094858501254,0.0,0.0,False
2002-09-09,0.4504800963815176,0.0,0.4504800963815176,0.0,0.0,False
2002-09-10,0.46160536802816676,0.0,0.46160536802816676,0.0,0.0,False
2002-09-11,0.45770189556327856,0.0,0.45770189556327856,0.0,0.0,False
2002-09-12,0.44521007756416775,0.0,0.44521007756416775,0.0,0.0,False
2002-09-13,0.44872342344240107,0.0,0.44872342344240107,0.0,0.0,False
2002-09-16,0.44228231875361773,0.0,0.44228231875361773,0.0,0.0,False
2002-09-17,0.4329137200460854,0.0,0.4329137200460854,0.0,0.0,False
2002-09-18,0.428034092607191,0.0,0.428034092607191,0.0,0.0,False
2002-09-19,0.42120259653995207,0.0,0.42120259653995207,0.0,0.0,False
2002-09-20,0.4229594901389028,0.0,0.4229594901389028,0.0,0.0,False
2002-09-23,0.4102723881866304,0.0,0.4102723881866304,0.0,0.0,False
2002-09-24,0.4104677162717587,0.0,0.4104677162717587,0.0,0.0,False
2002-09-25,0.4268631391316582,0.0,0.4268631391316582,0.0,0.0,False
2002-09-26,0.42159338510610905,0.0,0.42159338510610905,0.0,0.0,False
2002-09-27,0.41593275425046927,0.0,0.41593275425046927,0.0,0.0,False
2002-09-30,0.40441722362126514,0.0,0.40441722362126514,0.0,0.0,False
2002-10-01,0.42901011518529686,0.0,0.42901011518529686,0.0,0.0,False
2002-10-02,0.4147618007749365,0.0,0.4147618007749365,0.0,0.0,False
2002-10-03,0.4048074826038203,0.0,0.4048074826038203,0.0,0.0,False
2002-10-04,0.39719524791163696,0.0,0.39719524791163696,0.0,0.0,False
2002-10-07,0.39348670634417576,0.0,0.39348670634417576,0.0,0.0,False
2002-10-08,0.3942676656289543,0.0,0.3942676656289543,0.0,0.0,False
2002-10-09,0.39153519077156584,0.0,0.39153519077156584,0.0,0.0,False
2002-10-10,0.41144365058593096,0.0,0.41144365058593096,0.0,0.0,False
2002-10-11,0.43369445867102985,0.0,0.43369445867102985,0.0,0.0,False
2002-10-14,0.4387691935352184,0.0,0.4387691935352184,0.0,0.0,False
2002-10-15,0.45984865095708316,0.0,0.45984865095708316,0.0,0.0,False
2002-10-16,0.4446245346284511,0.0,0.4446245346284511,0.0,0.0,False
2002-10-17,0.4596536317957226,0.0,0.4596536317957226,0.0,0.0,False
2002-10-18,0.4647280577361435,0.0,0.4647280577361435,0.0,0.0,False
2002-10-21,0.47409709776334397,0.0,0.47409709776334397,0.0,0.0,False
2002-10-22,0.4711693830847608,0.0,0.4711693830847608,0.0,0.0,False
2002-10-23,0.48014763454580434,0.0,0.48014763454580434,0.0,0.0,False
2002-10-24,0.4680465609808837,0.0,0.4680465609808837,0.0,0.0,False
2002-10-25,0.48209950317414885,0.0,0.48209950317414885,0.0,0.0,False
2002-10-28,0.47800083502003304,0.0,0.47800083502003304,0.0,0.0,False
2002-10-29,0.4668752103176494,0.0,0.4668752103176494,0.0,0.0,False
2002-10-30,0.4793669400528268,0.0,0.4793669400528268,0.0,0.0,False
2002-10-31,0.47917174436359894,0.0,0.47917174436359894,0.0,0.0,False
2002-11-01,0.49283451583824267,0.0,0.49283451583824267,0.0,0.0,False
2002-11-04,0.5055213529987143,0.0,0.5055213529987143,0.0,0.0,False
2002-11-05,0.5094250461234364,0.0,0.5094250461234364,0.0,0.0,False
2002-11-06,0.516646889437164,0.0,0.516646889437164,0.0,0.0,False
2002-11-07,0.49849479363814786,0.0,0.49849479363814786,0.0,0.0,False
2002-11-08,0.48932134648787656,0.0,0.48932134648787656,0.0,0.0,False
2002-11-11,0.47448744500983275,0.0,0.47448744500983275,0.0,0.0,False
2002-11-12,0.4865887833665545,0.0,0.4865887833665545,0.0,0.0,False
2002-11-13,0.4924442568556874,0.0,0.4924442568556874,0.0,0.0,False
2002-11-14,0.5094250461234364,0.0,0.5094250461234364,0.0,0.0,False
2002-11-15,0.5159913342426651,0.06997444532556617,0.41284879475657027,0.06703633207966551,0.03610620740642931,True
2002-11-18,0.5083011414664109,0.06787802371689747,0.40675914822511744,0.06703951630551033,0.034502476935783094,True
2002-11-19,0.5004637984280191,0.06575406167554122,0.40051355697572305,0.06704271398408453,0.0329075274682116,True
2002-11-20,0.5216765378320083,0.07111177229827637,0.41753331477017047,0.0670458798901749,0.03709734317166293,True
2002-11-21,0.5412524230417735,0.07614126144150489,0.43299171888423615,0.0670490619088656,0.04121164224867168,True
2002-11-22,0.5410481837615593,0.07607498685398713,0.4328357035551478,0.06705224673937732,0.041160233467034235,True
2002-11-25,0.5464631825487505,0.07750971600366176,0.4370515420811606,0.06705543438177908,0.042356206085810824,True
2002-11-26,0.5275142563761189,0.07219098438258527,0.42237385011285916,0.06705863281962027,0.038081773443639486,True
2002-11-27,0.5445718101752172,0.07658804278112197,0.43580228967010265,0.06706183141002187,0.041707689095092565,True
2002-11-29,0.5407498136630317,0.07554152699984398,0.4328357035551478,0.06706504345889738,0.04084906664898651,True
2002-12-02,0.5463559630453872,0.07701968336816022,0.43720755741024897,0.0670682423550763,0.04208016328006197,True
2002-12-03,0.5296501555207482,0.07237070268255573,0.4242475522015789,0.06707144938820789,0.038331153930961474,True
2002-12-04,0.5177390404204371,0.06911872298299157,0.41487893584125984,0.06707464326687711,0.035785461312300065,True
2002-12-05,0.5104639801300037,0.06716350171504211,0.4091016024125716,0.06707782931250335,0.03428454840492873,True
2002-12-06,0.5157374078333373,0.06852112500577083,0.41331751154973106,0.06708098889130591,0.03533890739230032,True
2002-12-09,0.4912099027812226,0.06173847679157426,0.3937992136275942,0.06708413797097842,0.03032655118264996,True
2002-12-10,0.4985123537613931,0.06357394367089482,0.39973263299651796,0.06708732446760313,0.031692396297271996,True
2002-12-11,0.5008301583314688,0.06415956080614975,0.4016066175298253,0.06709049780462205,0.03213304299702148,True
2002-12-12,0.5035049702199342,0.19803680186699418,0.40379245619344234,0.0,0.09971251402649192,True
2002-12-13,0.4811993992554713,0.187470560536333,0.39098867814730137,0.0,0.0902107211081699,True
2002-12-16,0.5025868138604029,0.19688236178089152,0.40363633494763346,0.0,0.09895047891276944,True
2002-12-17,0.5047384088483429,0.19783104605453986,0.4048854814419712,0.0,0.09985292740637168,True
2002-12-18,0.48978022261465964,0.1908665174109975,0.3962975772274165,0.0,0.09348264538724317,True
2002-12-19,0.4812321364044092,0.18687728891033417,0.3913007794166251,0.0,0.08993135698778412,True
2002-12-20,0.48807689558009587,0.1899623260084932,0.3953606732246964,0.0,0.09271622235539946,True
2002-12-23,0.49737173455524253,0.1941121561092757,0.40082583477291406,0.0,0.09654589978232847,True
2002-12-24,0.488748707412767,0.19011718664224778,0.39582917818441665,0.0,0.09291952922835037,True
2002-12-26,0.4868711139967311,0.18923913193622402,0.3947360470191673,0.0,0.09213506697756377,True
2002-12-27,0.47464439247987245,0.18348665380611132,0.3875534811559061,0.0,0.08709091132396637,True
2002-12-30,0.4696629113450749,0.1811434697200308,0.3845865419852168,0.0,0.08507636935985807,True
2002-12-31,0.46289525512088586,0.17794206231619886,0.3805267187882924,0.0,0.08236853633259344,True
2003-01-02,0.48940840212024794,0.18961386299205088,0.3966097844134607,0.0,0.09279861770678724,True
2003-01-03,0.4968344588211746,0.1929266519608945,0.4009818501020025,0.0,0.09585260871917213,True
2003-01-06,0.5139786865075682,0.20040413215832292,0.4109752338901443,0.0,0.10300345261742391,True
2003-01-07,0.5229888966113313,0.20432732106714258,0.41612797641887717,0.0,0.10686092019245412,True
2003-01-08,0.5022388912616655,0.19477147342563975,0.4044170823989713,0.0,0.09782180886269426,True
2003-01-09,0.5237789780565163,0.20403679424419954,0.4169087944813618,0.0,0.10687018357515453,True
2003-01-10,0.53481050186468,0.20877663998136703,0.42315456225862347,0.0,0.11165593960605652,True
2003-01-13,0.5303166812237552,0.20678288244819176,0.4206562692699482,0.0,0.10966041195380695,True
2003-01-14,0.5341943414019136,0.20844885378333972,0.42284214323913866,0.0,0.11135219816277495,True
2003-01-15,0.5246731115365525,0.20420294924703392,0.41753331477017047,0.0,0.107139796766382,True
2003-01-16,0.5163651462477217,0.20047122127311498,0.41284879475657027,0.0,0.10351635149115139,True
2003-01-17,0.4854318849722,0.18587015085114614,0.395204587284461,0.0,0.09022729768773904,True
2003-01-21,0.4780504707119607,0.18244550793891776,0.3908323097624783,0.0,0.0872181609494824,True
2003-01-22,0.4754302367361327,0.18122366518877547,0.38927102669324354,0.0,0.08615921004288918,True
2003-01-23,0.4904863926215201,0.18789299385337965,0.39832743586751845,0.0,0.09215895675400164,True
2003-01-24,0.472219336398199,0.1792934950272736,0.3875534811559061,0.0,0.08466585524229293,True
2003-01-27,0.46470966165139904,0.17577536124784288,0.38302515299926154,0.0,0.0816845086521375,True
2003-01-28,0.4710977591297599,0.17866577322965577,0.3869287137280832,0.0,0.08416904540167668,True
2003-01-29,0.48063170862783683,0.1829375575551153,0.39270611776791853,0.0,0.0879255908599183,True
2003-01-30,0.46365126078317404,0.1749042530394048,0.3825566833451147,0.0,0.08109457743805933,True
2003-01-31,0.4621055877823844,0.17417151845829845,0.381619955870262,0.0,0.08048563191212242,True
2003-02-03,0.46336750828211176,0.17473568780483065,0.3824006680160264,0.0,0.08096684026608536,True
2003-02-04,0.4556944343982076,0.17111944889570482,0.3777162539191464,0.0,0.0779781804790612,True
2003-02-05,0.4529002803650716,0.16979825633579756,0.3759986024650886,0.0,0.076901677899983,True
2003-02-06,0.4561635962381272,0.17128760620722977,0.3780284257996171,0.0,0.0781351704385101,True
2003-02-07,0.4460318713578355,0.16646663598923203,0.37178244618891476,0.0,0.07424942516892077,True
2003-02-10,0.45126427004727365,0.16886454642497803,0.375061733767942,0.0,0.07620253627933167,True
2003-02-11,0.4545189160008072,0.17034990240423523,0.3770916630191909,0.0,0.07742725298161629,True
2003-02-12,0.4461800573695943,0.16639277272233252,0.3719389204904581,0.0,0.0742411368791362,True
2003-02-13,0.4491634151965305,0.16775808106362156,0.37381262257917786,0.0,0.07535079261735267,True
2003-02-14,0.46293310438810875,0.17396128211337947,0.3824006680160264,0.0,0.08053243637208234,True
2003-02-18,0.48228437471814267,0.18249971730680153,0.39426761267059407,0.0,0.08801676204754857,True
2003-02-19,0.4778384390842586,0.1804480798571827,0.39161341026955077,0.0,0.08622502881470782,True
2003-02-20,0.4752309098903393,0.17923758722288002,0.39005166822786097,0.0,0.08517924166247832,True
2003-02-21,0.4801280807934909,0.18142958425885952,0.39301864270412373,0.0,0.08710943808936716,True
2003-02-24,0.46893499446065323,0.17620957553400388,0.38630415813370106,0.0,0.08263083632695216,True
2003-02-25,0.46969073489523283,0.1765374426837692,0.3867727337045682,0.0,0.0829180011906646,True
2003-02-26,0.45556562433583403,0.16985683715914124,0.3781846882677197,0.0,0.07738093606811428,True
2003-02-27,0.4694128334142208,0.17604993691497356,0.3867727337045682,0.0,0.08264009970965257,True
2003-02-28,0.47939198436463254,0.1804989406854359,0.3928622390137273,0.0,0.08652974535090523,True
2003-03-03,0.46615293082892595,0.1743076139954965,0.38489892569912815,0.0,0.0812540051297978,True
2003-03-04,0.4623139208491109,0.172517490620896,0.3825566833451147,0.0,0.07975723750399615,True
2003-03-05,0.4635699907913432,0.17307547273174864,0.3833373954908791,0.0,0.08023259530046409,True
2003-03-06,0.46203260608033814,0.17235133844745446,0.3824006680160264,0.0,0.07963193806431176,True
2003-03-07,0.4632880119482452,0.17290930533136845,0.3831812036339234,0.0,0.0801068083143218,True
2003-03-10,0.44981040604721323,0.1665250216565632,0.37490571843885356,0.0,0.07490468760835967,True
2003-03-11,0.44455422349805757,0.16404677509903254,0.37162653677654667,0.0,0.0729276867215109,True
2003-03-12,0.45520996302312494,0.16886496019727418,0.3783409507358223,0.0,0.07686901228730264,True
2003-03-13,0.4901314134718307,0.18380049571456183,0.40004501671042936,0.0,0.09008639676140136,True
2003-03-14,0.49273343843241907,0.1849414182088076,0.4016066175298253,0.0,0.09112682090259377,True
2003-03-17,0.5158135957346895,0.19477241717006813,0.41534733488425973,0.0,0.10046626085042983,True
2003-03-18,0.524689101793774,0.19857314597707462,0.42049993619069875,0.0,0.10418916560307526,True
2003-03-19,0.5184120666477786,0.19579650763681114,0.4169087944813618,0.0,0.10150327216641683,True
2003-03-20,0.5210977730712611,0.19694491053665714,0.4184702187728904,0.0,0.10262755429837078,True
2003-03-21,0.5311089599404909,0.20120430231658212,0.4242475522015789,0.0,0.10686140773891203,True
2003-03-24,0.5001145435242893,0.18697998656325537,0.40660313289602906,0.0,0.09351141062826021,True
2003-03-25,0.5098631193805695,0.19119342588735552,0.41238064285258463,0.0,0.09748247652798482,True
2003-03-26,0.5138501669557236,0.192911211578013,0.4147227086787307,0.0,0.0991274582769929,True
2003-03-27,0.5087400441671831,0.19063607270538285,0.4117558401191883,0.0,0.09698420404799481,True
2003-03-28,0.5009968699726149,0.1871654861029835,0.4072275472681173,0.0,0.0937693227044977,True
2003-03-31,0.47906949337464555,0.1770137357457116,0.39426761267059407,0.0,0.08480188070405145,True
2003-04-01,0.48419417240833196,0.17927466170958034,0.397390425948078,0.0,0.08680374646025393,True
2003-04-02,0.5022732479948936,0.18705483628232022,0.4083206078222195,0.0,0.09395264017267405,True
2003-04-03,0.510968503086843,0.19080462327307202,0.4134733503509524,0.0,0.09749515273589063,True
2003-04-04,0.49948950942779646,0.18565026782826483,0.40675914822511744,0.0,0.09273036120267902,True
2003-04-07,0.5005265999367222,0.1860896614043113,0.4073837744306464,0.0,0.09314282550607582,True
2003-04-08,0.49972228138421837,0.18571696611065444,0.40691537538764655,0.0,0.0928069059965718,True
2003-04-09,0.48392797250486536,0.17850080205237637,0.39754644127716654,0.0,0.0863815312276988,True
2003-04-10,0.49191095660226225,0.18199181568820286,0.4023871884532958,0.0,0.08952376814896647,True
2003-04-11,0.4851267944096511,0.1789209739440562,0.39832743586751845,0.0,0.08679935854213269,True
2003-04-14,0.4985407077900079,0.1847263906229138,0.406447082261367,0.0,0.09209362552864092,True
2003-04-15,0.5050828346434968,0.1875578033170469,0.41035060768461534,0.0,0.0947322269588815,True
2003-04-16,0.5034819629762424,0.18683527037817416,0.4094137742930422,0.0,0.09406818868320012,True
2003-04-17,0.5192931241481817,0.19355277954618014,0.41878249657008154,0.0,0.10051062757810017,True
2003-04-21,0.5219626709274064,0.19468599257565652,0.4203438502504635,0.0,0.1016188206769429,True
2003-04-22,0.5356856176883795,0.20045004651733467,0.42830741070407663,0.0,0.10737820698430284,True
2003-04-23,0.5411400546554843,0.20273800322525168,0.4314304005094279,0.0,0.10970965414605645,True
2003-04-24,0.5369934381662977,0.20094332078578112,0.4290881934609879,0.0,0.10790524470530988,True
2003-04-25,0.5224569805438226,0.1945512538341646,0.42081231990461015,0.0,0.10164466063921243,True
2003-04-28,0.536714074045912,0.20052740516679182,0.4290881934609879,0.0,0.1076258805849241,True
2003-04-29,0.5435375152056183,0.20338209089314294,0.43299171888423615,0.0,0.11054579632138213,True
2003-04-30,0.5357994640771988,0.20003710858599977,0.4286196885012677,0.0,0.1071797755759311,True
2003-05-01,0.5423414845514118,0.20277702334290013,0.43236709267870715,0.0,0.10997439187270475,True
2003-05-02,0.5585669538333042,0.20944178548428666,0.4415796937099379,0.0,0.11698726012336635,True
2003-05-05,0.5577079594663668,0.20906414088502398,0.441111224055791,0.0,0.11659673541057575,True
2003-05-06,0.5677682821485701,0.21317824492039458,0.4467324362386706,0.0,0.12103584590989958,True
2003-05-07,0.5586919427169533,0.2093390797463361,0.4417358855668936,0.0,0.11695605715005973,True
2003-05-08,0.5441050278644243,0.20306512112094774,0.4336162744786183,0.0,0.11048875338580597,True
2003-05-09,0.5617201195124443,0.21026586561457117,0.44360955235003985,0.0,0.11811056716240446,True
2003-05-12,0.5737788059099528,0.215161400460394,0.45032375447587475,0.0,0.12345505143407803,True
2003-05-13,0.5686378336663956,0.21300830193493728,0.44751325430115535,0.0,0.12112457936524025,True
2003-05-14,0.5669218657294994,0.21227877667169087,0.4465763856040087,0.0,0.12034548012549073,True
2003-05-15,0.57593973489174,0.21593711247194644,0.4515729715813593,0.0,0.12436676331038067,True
2003-05-16,0.5696474803513842,0.21330690516183992,0.4481377392843905,0.0,0.12150974106699379,True
2003-05-19,0.5410304721260761,0.20084521121399468,0.43236709267870715,0.0,0.10866337944736902,True
2003-05-20,0.5432055046495695,0.20174543378688511,0.4336162744786183,0.0,0.10958923017095124,True
2003-05-21,0.5409924435023588,0.20078903527823116,0.43236709267870715,0.0,0.10862535082365159,True
2003-05-22,0.551929142890243,0.20530902699188344,0.438613107594983,0.0,0.11331603529525999,True
2003-05-23,0.552188970309294,0.20540048568385372,0.438769087618498,0.0,0.11341988269079607,True
2003-05-27,0.5798947537422021,0.21643761050976215,0.45438371889509294,0.0,0.12551103484710918,True
2003-05-28,0.5824451621952724,0.217456148145137,0.4557888807185189,0.0,0.1266562814767535,True
2003-05-29,0.5858610443415269,0.2188204731502992,0.4576626534183856,0.0,0.12819839092314134,True
2003-05-30,0.5996348290371808,0.2242648486981788,0.46515781482899915,0.0,0.13447701420818167,True
2003-06-02,0.5934908596937338,0.2217594240446863,0.46187866847226566,0.0,0.13161219122146814,True
2003-06-03,0.6015800854941464,0.22495632531694795,0.46625084007752793,0.0,0.13532924541661856,True
2003-06-04,0.6179176823421226,0.23129744557063162,0.47499490084346474,0.0,0.14292278149865795,True
2003-06-05,0.6244322580672881,0.23381579513325118,0.47843013314043364,0.0,0.14600212492685447,True
2003-06-06,0.609155988291395,0.2276747143101733,0.4704665726868203,0.0,0.13868941560457462,True
2003-06-09,0.5973663650467456,0.22288754878456282,0.4642208402151321,0.0,0.13314552483161346,True
2003-06-10,0.6104194420416429,0.22799419057235232,0.4712473554437316,0.0,0.1391720865979113,True
2003-06-11,0.6204123411652495,0.23187150846954582,0.47655639574614056,0.0,0.1438559454191089,True
2003-06-12,0.624260295852493,0.23335459123144128,0.47858628969181594,0.0,0.1456740061606771,True
2003-06-13,0.6036279752339548,0.22499920870794454,0.46781215845233626,0.0,0.13581581678161858,True
2003-06-16,0.6304868026947323,0.235229657673771,0.48217760792902004,0.0,0.14830919476571228,True
2003-06-17,0.6268638545261574,0.23379857845766833,0.48030397645144723,0.0,0.14655987807471021,True
2003-06-18,0.6316286097753896,0.2356234015594773,0.48280212821782864,0.0,0.148826481557561,True
2003-06-19,0.6165818050474333,0.22963198564232096,0.47499490084346474,0.0,0.14158690420396855,True
2003-06-20,0.6153799591413055,0.229142413728519,0.4743703099435093,0.0,0.14100964919779616,True
2003-06-23,0.6014772575414469,0.22352600958584143,0.46703144630657184,0.0,0.13444581123487506,True
2003-06-24,0.5947665111497769,0.22080343552506806,0.46344002215264746,0.0,0.13132648899712943,True
2003-06-25,0.5901260096361662,0.21890953415304276,0.460941799775119,0.0,0.12918420986104717,True
2003-06-26,0.6102279154766207,0.2267282933447854,0.47187198164926053,0.0,0.13835593382736017,True
2003-06-27,0.5987629986354988,0.22209243796273875,0.4657822645066608,0.0,0.13298073412883793,True
2003-06-30,0.6022238762781753,0.2234512830693471,0.46765617842882123,0.0,0.13456769784935402,True
2003-07-01,0.6138423001049493,0.22797461138090502,0.4739018402893626,0.0,0.1399404598155867,True
2003-07-02,0.632080892136386,0.23493492224233206,0.48358301689146027,0.0,0.14849787524492572,True
2003-07-03,0.6203603597290223,0.230297115155554,0.4774931585265667,0.0,0.14286720120245555,True
2003-07-07,0.6591564659374953,0.24456744298716865,0.4979482545347033,0.0,0.16120821140279196,True
2003-07-08,0.671138252635155,0.24898031022759212,0.5040380422884501,0.0,0.167100210346705,True
2003-07-09,0.6686232943137741,0.2480238740592427,0.5027887545718186,0.0,0.16583453974195547,True
2003-07-10,0.649961484307974,0.24084722016150534,0.4934200676003526,0.0,0.1565414167076214,True
2003-07-11,0.6572543969385245,0.2435690887657295,0.49716754238893907,0.0,0.1600868545495855,True
2003-07-14,0.6688976494039681,0.24786529189626189,0.5031011382857301,0.0,0.165796511118238,True
2003-07-15,0.6701164182138292,0.248301378279831,0.5037255879633917,0.0,0.16639083025043744,True
2003-07-16,0.6669841545404691,0.2471122506299843,0.5021641989774365,0.0,0.16481995556303258,True
2003-07-17,0.6365918565588321,0.23520549878451272,0.486861951414753,0.0,0.14972990514407908,True
2003-07-18,0.6395730867469587,0.23632895686452018,0.4884234463174286,0.0,0.15114964042953002,True
2003-07-21,0.6275074062904086,0.23159853876550154,0.48217760792902004,0.0,0.1453297983613885,True
2003-07-22,0.6411642074850549,0.2367629477813475,0.48936027970900176,0.0,0.1518039277760531,True
2003-07-23,0.6489810283811053,0.23970032093049348,0.4934200676003526,0.0,0.15556096078075263,True
2003-07-24,0.636198406567294,0.2347325199355791,0.486861951414753,0.0,0.149336455152541,True
2003-07-25,0.6547664740875614,0.24164867666433393,0.49654302210013035,0.0,0.1582234519874311,True
2003-07-28,0.6574924698766285,0.24265557805074472,0.4979482545347033,0.0,0.15954421534192514,True
2003-07-29,0.6501202283957316,0.23983149672495943,0.4942009209684108,0.0,0.15591930742732077,True
2003-07-30,0.6431067509592692,0.2371258249299077,0.4906095321200597,0.0,0.15249721883920941,True
2003-07-31,0.6545514660996206,0.2413995723530193,0.49654302210013035,0.0,0.1580084439994902,True
2003-08-01,0.644152023841259,0.23739422647544922,0.49123405240886825,0.0,0.1529179714323908,True
2003-08-04,0.6438275931507491,0.23725259608226237,0.49107782524633925,0.0,0.15274976790440983,True
2003-08-05,0.6063761567742364,0.2220739225511702,0.47171582509787835,0.0,0.13466033167635802,True
2003-08-06,0.6057773781876581,0.22182019203344563,0.4714037238285545,0.0,0.13437365435910353,True
2003-08-07,0.6092340024029368,0.22316009476115364,0.4732772846949805,0.0,0.13595671770795628,True
2003-08-08,0.6022374827132257,0.2203577690224871,0.4695297746008207,0.0,0.13270770811240507,True
2003-08-11,0.6117408847305292,0.22404597857925096,0.4746827995741411,0.0,0.13705808515638818,True
2003-08-12,0.6251253172514974,0.22917031144636876,0.4818651536039617,0.0,0.14326016364753574,True
2003-08-13,0.6253999475921532,0.2292591132903514,0.482021310155344,0.0,0.1433786374368093,True
2003-08-14,0.6262663257671062,0.22957720929727224,0.4824898504206376,0.0,0.14377647534646862,True
2003-08-15,0.6342306332950167,0.23260423696107332,0.48670590078009107,0.0,0.14752473251492568,True
2003-08-18,0.6580595741819153,0.24140996359606906,0.49919743633461444,0.0,0.15886213784730088,True
2003-08-19,0.6702456786135707,0.2458835754546718,0.5054432747230231,0.0,0.1648024038905476,True
2003-08-20,0.6677514443824363,0.24493726163077773,0.5041942341454058,0.0,0.16355721023703051,True
2003-08-21,0.6785106610837215,0.2488560414862872,0.5096591838601827,0.0,0.16885147722353874,True
2003-08-22,0.672259643815529,0.24651692344487341,0.5065362646659785,0.0,0.16572337914955065,True
2003-08-25,0.6744008586430035,0.2472885404826432,0.5076292546089338,0.0,0.1667716040340697,True
2003-08-26,0.6753074980720933,0.24760486331136144,0.5080980773188152,0.0,0.16720942075327816,True
2003-08-27,0.683350258080029,0.2505196614623973,0.5121575827655783,0.0,0.17119267531445068,True
2003-08-28,0.6923941709187433,0.2537692227745339,0.516685840311076,0.0,0.17570833060766727,True
2003-08-29,0.7018320217580089,0.2571297731903289,0.5213701131856621,0.0,0.1804619085723468,True
2003-09-02,0.7170840473140635,0.2624779806813263,0.5288652745962755,0.0,0.188218772717788,True
2003-09-03,0.7164109145268679,0.26222100268111553,0.5285529261879376,0.0,0.18785798833893028,True
2003-09-04,0.7263851022379697,0.2656880653887068,0.5333932496971855,0.0,0.1929918525407842,True
2003-09-05,0.7191932185660389,0.2631216510353765,0.5299579114834964,0.0,0.18923530708254255,True
2003-09-08,0.7372775951875778,0.26933577783048607,0.5387023606107413,0.0,0.1985752345768365,True
2003-09-09,0.7237676604378319,0.2645424840494478,0.5323003656709506,0.0,0.19146729476688132,True
2003-09-10,0.6971192660336982,0.25479560557621517,0.5194963404857954,0.0,0.1776229255479028,True
2003-09-11,0.7087982501503081,0.2589230261722543,0.5252740622757918,0.0,0.18352418787451627,True
2003-09-12,0.7145273026072617,0.2609321265090083,0.5280841740892033,0.0,0.18644312851805847,True
2003-09-15,0.703890919964479,0.25708416009763685,0.522931714005058,0.0,0.180959205959421,True
2003-09-16,0.732825578558213,0.26702748560285,0.5371410069303595,0.0,0.19568457162785344,True
2003-09-17,0.7282222727228085,0.2653960521790744,0.5349549564333018,0.0,0.19326731628950664,True
2003-09-18,0.7451141660060698,0.27115272923846234,0.5430744262992833,0.0,0.20203973970678654,True
2003-09-19,0.738477011943208,0.26883098813832346,0.5399515071050789,0.0,0.1985255048381291,True
2003-09-22,0.71677543945055,0.26107143692625645,0.529645845519746,0.0,0.187129593930804,True
2003-09-23,0.7360477282328075,0.26769069120491634,0.5390146031023588,0.0,0.19703312513044866,True
2003-09-24,0.6934605318412831,0.2519897395499079,0.5187155930344576,0.0,0.17474493880682554,True
2003-09-25,0.6799357579392483,0.24698569000867845,0.5120013556030493,0.0,0.16793440233619902,True
2003-09-26,0.6734063511810304,0.24455357424599403,0.5087224210797564,0.0,0.16468393010127405,True
2003-09-29,0.690618465152214,0.25072038073967706,0.5174663406233996,0.0,0.17315212452881448,True
2003-09-30,0.6680659380557231,0.24225456287906627,0.5062239162576405,0.0,0.16184202179808257,True
2003-10-01,0.690374699117382,0.2502291134187308,0.5176228502305165,0.0,0.17275184888686554,True
2003-10-02,0.693787373077746,0.25144165877099406,0.519340325156707,0.0,0.17444704792103896,True
2003-10-03,0.7229164577165788,0.2615169607429703,0.5338615428234651,0.0,0.18905491489311368,True
2003-10-06,0.7309410082467194,0.264283513137102,0.5377653506913009,0.0,0.19317565755541846,True
2003-10-07,0.7377265181176367,0.2666056958106888,0.5410444264368874,0.0,0.19668209168074927,True
2003-10-08,0.7305183403107244,0.26407135727883996,0.5376093706677859,0.0,0.1929089696429385,True
2003-10-09,0.7389211214380429,0.26694599432504124,0.54166908794799,0.0,0.1972520334900529,True
2003-10-10,0.7493491514844431,0.2704791226222444,0.5466658504532077,0.0,0.20268330103123547,True
2003-10-13,0.7569068013790865,0.2730184100471352,0.5502573099127056,0.0,0.20664949146638092,True
2003-10-14,0.7598669606902471,0.27400096055176054,0.5516626835695725,0.0,0.20820427712067457,True
2003-10-15,0.7548430362898292,0.27227219663085683,0.5493202646876918,0.0,0.2055227716021374,True
2003-10-16,0.7640928983730988,0.27536006990978334,0.5536922244595134,0.0,0.21040067391358547,True
2003-10-17,0.7356609164159491,0.2653952384779934,0.5404200120647991,0.0,0.19524090435115,True
2003-10-20,0.7496243409078144,0.27012227536352396,0.5471341082739136,0.0,0.20249023263390079,True
2003-10-21,0.7565152314247886,0.2724359910189485,0.5504132546306472,0.0,0.20610197679414144,True
2003-10-22,0.7339403210785989,0.26452409594889104,0.5397954211648437,0.0,0.19414489991375516,True
2003-10-23,0.720927408465465,0.2599120977751801,0.5335496533875819,0.0,0.18737775507788315,True
2003-10-24,0.7218622835519701,0.2602218474607212,0.5340179465138615,0.0,0.18784433703810863,True
2003-10-27,0.7221558575933377,0.26030644654148566,0.5341740324540968,0.0,0.1879818251392409,True
2003-10-28,0.759043778555081,0.2725966174803982,0.5521310120014254,0.0,0.20691276655365548,True
2003-10-29,0.757686681041895,0.2721183794472236,0.5515062092680291,0.0,0.20618047177386586,True
2003-10-30,0.7599762159092962,0.2728728958095999,0.5525993051277048,0.0,0.20737691078159137,True
2003-10-31,0.7529757333560114,0.270467505985389,0.5493202646876918,0.0,0.20365546866831968,True
2003-11-03,0.7720760871098108,0.27678543192265725,0.5583766738619667,0.0,0.2136994132478441,True
2003-11-04,0.7639946353289432,0.27404068445230156,0.554629022545513,0.0,0.20936561278343013,True
2003-11-05,0.7746199098573587,0.2775481676938286,0.5596255732172901,0.0,0.21499433664006862,True
2003-11-06,0.7779501880037796,0.2786337204257276,0.5611870328143923,0.0,0.21676315518938732,True
2003-11-07,0.7674699976805079,0.2750898646230934,0.5563467799162912,0.0,0.21112321776421675,True
2003-11-10,0.7527475267706888,0.27003912311943734,0.5494762447112068,0.0,0.20327128205948197,True
2003-11-11,0.7484358800963936,0.26854613732648636,0.5474463154599578,0.0,0.2009895646364358,True
2003-11-12,0.7730173432625234,0.2766559093356199,0.5591575272300249,0.0,0.21385981603249843,True
2003-11-13,0.7716454848648766,0.27617916710784834,0.5585330775523631,0.0,0.21311240731251344,True
2003-11-14,0.7471680818528343,0.2677228570616596,0.5471341082739136,0.0,0.20003397357892075,True
2003-11-17,0.7353531853853124,0.263601473727198,0.5415130020077547,0.0,0.19384018337755776,True
2003-11-18,0.7094196123563115,0.25428961484046697,0.5290215723699516,0.0,0.18039803998635984,True
2003-11-19,0.7198170972347153,0.2579031055163792,0.5341740324540968,0.0,0.18564306478061857,True
2003-11-20,0.7092665227685259,0.2541286591322716,0.5290215723699516,0.0,0.18024495039857427,True
2003-11-21,0.7202920457525535,0.25795844733642315,0.5344866280014489,0.0,0.18580541775110454,True
2003-11-24,0.7505692040397388,0.2681284260916625,0.5493202646876918,0.0,0.20124893935204705,True
2003-11-25,0.7505404387987218,0.26810037635426165,0.5493202646876918,0.0,0.20122017411103,True
2003-11-26,0.7557560047252295,0.26984538560846844,0.5518187342042344,0.0,0.20393727052099506,True
2003-11-28,0.7570432704466424,0.2702624033406306,0.5524429367428818,0.0,0.2046003337037606,True
2003-12-01,0.7741558877846164,0.27590454518308044,0.5605627596645979,0.0,0.21359312812001846,True
2003-12-02,0.7674328549340144,0.27363056419160414,0.5574397698592466,0.0,0.20999308507476783,True
2003-12-03,0.7524354426649487,0.268491057942176,0.5504132546306472,0.0,0.20202218803430155,True
2003-12-04,0.764874300338564,0.2726297907119773,0.5563467799162912,0.0,0.20852752042227277,True
2003-12-05,0.7452729887709154,0.2658608100419247,0.5471341082739136,0.0,0.19813888049700182,True
2003-12-08,0.7517617236087005,0.2680429281883471,0.5502573099127056,0.0,0.20150441369599492,True
2003-12-09,0.72519043261862,0.25866455694056784,0.5376093706677859,0.0,0.18758106195083407,True
2003-12-10,0.7293187618247388,0.26007758449971896,0.5396392999190348,0.0,0.1896794619057039,True
2003-12-11,0.753031374703163,0.26803319849231205,0.5511939667764115,0.0,0.20183740792675148,True
2003-12-12,0.7510377171186955,0.2673373155961729,0.5502573099127056,0.0,0.2007804072059899,True
2003-12-15,0.7359638940839051,0.2620909386114954,0.5430744262992833,0.0,0.19288946778462185,True
2003-12-16,0.7381947115429157,0.26284041077977494,0.5441673103255182,0.0,0.19402740121739745,True
2003-12-17,0.7401066025447471,0.26347892785004473,0.545104108411518,0.0,0.19500249413322915,True
2003-12-18,0.7611221260974153,0.2704801699779397,0.5552536840566155,0.0,0.20586844204079974,True
2003-12-19,0.7577952607761997,0.2693379688171002,0.5536922244595134,0.0,0.20410303631668641,True
2003-12-22,0.76138463838777,0.2705265076069519,0.5554099112191446,0.0,0.2059747271686254,True
2003-12-23,0.7702617320700489,0.27346050061020455,0.5596255732172901,0.0,0.21063615885275883,True
2003-12-24,0.7726936515419836,0.274251079338149,0.560781583608859,0.0,0.21191206793312461,True
2003-12-26,0.7709978432687141,0.2736679909291731,0.5600004124906397,0.0,0.21099743077807448,True
2003-12-29,0.7906034906903271,0.2800222372614323,0.5692169324405237,0.0,0.22138655824980336,True
2003-12-30,0.7946335536144026,0.2813145759117082,0.5710915524741532,0.0,0.22354200114024933,True
2003-12-31,0.7912053357779465,0.28017526022855244,0.5695291749321412,0.0,0.22167616084580535,True
2004-01-02,0.7877883382415933,0.27903566973851596,0.5679672916681577,0.0,0.21982104657343554,True
2004-01-05,0.812401516280937,0.2868416978971063,0.5793708859767294,0.0,0.23303063030420762,True
2004-01-06,0.8209846319871228,0.28954150522770883,0.5832755058727547,0.0,0.23770912611436812,True
2004-01-07,0.8327554281355893,0.29320627453418113,0.5885863114538362,0.0,0.24416911668175315,True
2004-01-08,0.8432408028317541,0.29643726135258974,0.5932728085795498,0.0,0.24996799425220426,True
2004-01-09,0.8343656400657062,0.29363379062555417,0.5893676944054962,0.0,0.24499794566021008,True
2004-01-12,0.8553920622078176,0.3000404931602894,0.598739806017587,0.0,0.2566522561902306,True
2004-01-13,0.841787729740061,0.2957795999599054,0.5928040917863888,0.0,0.24898363795367218,True
2004-01-14,0.8463435094306191,0.2971708747768643,0.5948348683714006,0.0,0.2515086410592184,True
2004-01-15,0.8498525540623685,0.2982345735788374,0.5963971399966922,0.0,0.25345541406567634,True
2004-01-16,0.8636765300377568,0.3024134664517811,0.6024891166959929,0.0,0.2611874133417639,True
2004-01-20,0.862562930503067,0.3020560937229087,0.6020205411251258,0.0,0.26054238937794116,True
2004-01-21,0.8567814794720752,0.3002640933931327,0.5995207653023655,0.0,0.2572607141697096,True
2004-01-22,0.8485283983374357,0.2976921669014547,0.5959281407589436,0.0,0.25260025757849197,True
2004-01-23,0.843525849101004,0.296119765683812,0.5937411723169762,0.0,0.24978467678402788,True
2004-01-26,0.8639858472506269,0.302301813037976,0.6028013591876106,0.0,0.2611844880630163,True
2004-01-27,0.8334118231287109,0.29263838495404676,0.5895235332067172,0.0,0.24388828992199363,True
2004-01-28,0.8109731401125223,0.2853936590678279,0.5795265482500833,0.0,0.23144659186243902,True
2004-01-29,0.8157469241434708,0.2868947542938936,0.5817134107753303,0.0,0.23403351336814052,True
2004-01-30,0.809853654714764,0.2849844734261392,0.5790579373736426,0.0,0.23079571734112136,True
2004-02-02,0.8063911388299573,0.2838514093548742,0.5774958775817919,0.0,0.22889526124816537,True
2004-02-03,0.8049910313117543,0.2833821167030289,0.5768709689316752,0.0,0.22812006238007915,True
2004-02-04,0.784467580586345,0.27658109163983025,0.5674986807917172,0.0,0.2169688997946278,True
2004-02-05,0.7891323660441611,0.2780859337880403,0.569685755150405,0.0,0.21944661089375617,True
2004-02-06,0.8113249163669303,0.2851256950771594,0.5799953356543911,0.0,0.2313295807125392,True
2004-02-09,0.8109494698262063,0.2849871581468646,0.5798392850197293,0.0,0.23111018480647705,True
2004-02-10,0.8129734612077849,0.2856149978901746,0.5807760478001555,0.0,0.23219741340762942,True
2004-02-11,0.8266835350340139,0.2899039526530704,0.5870247106344403,0.0,0.23965882439957362,True
2004-02-12,0.8151809537795329,0.2862081798921257,0.5818694967155658,0.0,0.23331145706396716,True
2004-02-13,0.8044807471607391,0.2827334117999245,0.5770271607886309,0.0,0.2274535863721082,True
2004-02-17,0.8214957534491478,0.2880818007366013,0.5848377774980462,0.0,0.23665797595110155,True
2004-02-18,0.8252666462969269,0.2892526283596349,0.5865560997579996,0.0,0.23871054653892726,True
2004-02-19,0.8054577702701913,0.2828274843488144,0.5776521753554679,0.0,0.22780559491472344,True
2004-02-20,0.8013333351667209,0.2814753338128807,0.5757777671552791,0.0,0.22555556801144178,True
2004-02-23,0.7873699132476877,0.276866875480087,0.5693732655197732,0.0,0.21799664772791444,True
2004-02-24,0.7843179825541482,0.27584563365669607,0.5679672916681577,0.0,0.21635069088599052,True
2004-02-25,0.791649911439362,0.27821159821049046,0.5714037243546238,0.0,0.22024618708473814,True
2004-02-26,0.7946501975139357,0.2791674433557699,0.5728097335118127,0.0,0.22184046400212298,True
2004-02-27,0.7912411705172059,0.27803613641051544,0.5712475324976681,0.0,0.21999363801953775,True
2004-03-01,0.8073700147903127,0.2831721128798667,0.5787453418262906,0.0,0.22862467296402206,True
2004-03-02,0.7926605752544105,0.2783433959259752,0.5720287389214609,0.0,0.2206318363329496,True
2004-03-03,0.7858895022487777,0.27610114170866124,0.5689045134210388,0.0,0.21698498882773903,True
2004-03-04,0.7972459192135893,0.2797512781575539,0.5742153543076938,0.0,0.2230305649058956,True
2004-03-05,0.7928171134355302,0.27828905322608016,0.5721847895561227,0.0,0.2206323238794075,True
2004-03-08,0.763812083963779,0.26847056941326863,0.558751018857288,0.0,0.20506106510649108,True
2004-03-09,0.7601723411131791,0.26722840799281333,0.5570326965973345,0.0,0.2031396445158447,True
2004-03-10,0.7447689664320066,0.26193097809750865,0.5496909025978005,0.0,0.1950780638342061,True
2004-03-11,0.734420626670979,0.25833726567771614,0.5446924101194834,0.0,0.1897282165514955,True
2004-03-12,0.754837948804219,0.2651536793654039,0.5546898893541459,0.0,0.20014805945007305,True
2004-03-15,0.7346404118634597,0.25813388381870983,0.5450048291389683,0.0,0.18963558272449146,True
2004-03-16,0.7365290838947489,0.25876342161000176,0.5459422980308637,0.0,0.19058678586388528,True
2004-03-17,0.7540905328901081,0.264632884831827,0.5545333797470291,0.0,0.199557153143079,True
2004-03-18,0.7488651033861515,0.2628387842622144,0.5520343100357379,0.0,0.1968307933504136,True
2004-03-19,0.7297622575849438,0.25617154673833725,0.5428179313081478,0.0,0.18694432627679597,True
2004-03-22,0.7157612864694144,0.2512239771293499,0.5359448894073482,0.0,0.17981639706206623,True
2004-03-23,0.706959629182555,0.24808842385253754,0.5315711290512805,0.0,0.17538850013127447,True
2004-03-24,0.7190566802984318,0.252266079745118,0.5376630704450078,0.0,0.181393609853424,True
2004-03-25,0.7479475409523538,0.26193445420939776,0.5520343100357379,0.0,0.19591323091661597,True
2004-03-26,0.7440484868031639,0.26058642879095345,0.5501595487798145,0.0,0.19388893802334936,True
2004-03-29,0.7623385850023446,0.26664685014011213,0.5590634025711994,0.0,0.2032751824311453,True
2004-03-30,0.7662284043428372,0.26792363520409934,0.5609377048546678,0.0,0.20529069948816944,True
2004-03-31,0.7639056103995775,0.2671286930522307,0.5598445030782718,0.0,0.20406110732130567,True
2004-04-01,0.7743415740323064,0.2705501453693648,0.5648433486123232,0.0,0.20949822541998323,True
2004-04-02,0.8053327151408939,0.2803886674978869,0.5795265482500833,0.0,0.22580616689081054,True
2004-04-05,0.8171578059366117,0.28411190416566917,0.5849935456881206,0.0,0.23216426024849113,True
2004-04-06,0.8010430370937632,0.2788749809857559,0.5776521753554679,0.0,0.2233908617382954,True
2004-04-07,0.799660862877783,0.27841015163346633,0.5770271607886309,0.0,0.2226337020891521,True
2004-04-08,0.7996296599044764,0.2783819939125789,0.5770271607886309,0.0,0.22260249911584548,True
2004-04-12,0.807348531343534,0.2808311354847963,0.5806199265543467,0.0,0.22672860478918733,True
2004-04-13,0.7889996246700491,0.2747971334011673,0.5721847895561227,0.0,0.2168148351139264,True
2004-04-14,0.7949766180613494,0.27671252426916026,0.5749966313426333,0.0,0.2199799867187161,True
2004-04-15,0.7728029761337186,0.26930024552051074,0.5646869449219268,0.0,0.2081160312117918,True
2004-04-16,0.7707994196662287,0.26861692137493626,0.5637496525578988,0.0,0.20704976710832984,True
2004-04-19,0.7852164444382274,0.2732922558762634,0.5706228709865656,0.0,0.21459357345166177,True
2004-04-20,0.7569277270924305,0.263674454528892,0.5573452215335398,0.0,0.19958250555889065,True
2004-04-21,0.7669429662434258,0.2669760105895397,0.562187592766048,0.0,0.20475537347737782,True
2004-04-22,0.7973132131095167,0.2766775710557684,0.5767145299357054,0.0,0.22059868317381134,True
2004-04-23,0.8070100128872355,0.2797551571641925,0.5812447998988899,0.0,0.2257652129883456,True
2004-04-26,0.7978452398685044,0.2767680598260726,0.5770271607886309,0.0,0.22081807907987347,True
2004-04-27,0.7954643219800321,0.2759777689816092,0.5759338530955145,0.0,0.21953046888451772,True
2004-04-28,0.7729989502801451,0.26847510645011974,0.5654679748178523,0.0,0.20753097546229277,True
2004-04-29,0.754590208957949,0.2622214713406902,0.5567204541057168,0.0,0.19786975485223227,True
2004-04-30,0.7264810069687044,0.2523818511106604,0.5431303856332061,0.0,0.18335062133549823,True
2004-05-03,0.7368290008681233,0.2558856478003412,0.5482850346629055,0.0,0.18854396620521788,True
2004-05-04,0.741562431653911,0.2574751778027379,0.5506285127119896,0.0,0.19093391894192138,True
2004-05-05,0.7504573801105292,0.26044840116549434,0.5550019553178962,0.0,0.19545542479263298,True
2004-05-06,0.7417554652082275,0.2574581266066076,0.5507844927355046,0.0,0.190970972472723,True
2004-05-07,0.7324843994049898,0.2542444192220712,0.5462543286890406,0.0,0.18623007071594924,True
2004-05-10,0.7229777137092998,0.25091950678443686,0.5415685023692225,0.0,0.1814092113400773,True
2004-05-11,0.7392353141346617,0.2564060562484616,0.5496909025978005,0.0,0.18954441153686122,True
2004-05-12,0.7414317343601714,0.25713391103927924,0.5507844927355046,0.0,0.19064724162466684,True
2004-05-13,0.7334433832954992,0.25436733671432726,0.5468793432558775,0.0,0.18656404003962163,True
2004-05-14,0.7251978476459355,0.2514898753902968,0.5428179313081478,0.0,0.18237991633778777,True
2004-05-17,0.714820389125601,0.2478347307598481,0.5376630704450078,0.0,0.17715731868059317,True
2004-05-18,0.7244228176490354,0.25112024403041366,0.5425055828998098,0.0,0.18191723474922564,True
2004-05-19,0.7231421237074486,0.25065817468083107,0.5418806389441198,0.0,0.1812614847633288,True
2004-05-20,0.7281224938709409,0.25235123242907365,0.5443798851832783,0.0,0.18374260868766257,True
2004-05-21,0.7334397658309787,0.2541505567130403,0.5470356410295535,0.0,0.18640412480142518,True
2004-05-24,0.7409929425480472,0.25669401001104564,0.5507844927355046,0.0,0.1902084498125426,True
2004-05-25,0.7632267024940873,0.26402093357413875,0.5617188759728869,0.0,0.20150782652120036,True
2004-05-26,0.7706551374665209,0.26645297555619674,0.5653117829608966,0.0,0.20534335450562435,True
2004-05-27,0.7781316630104208,0.2688839942329657,0.5689045134210388,0.0,0.20922714958938202,True
2004-05-28,0.7823707779107772,0.2702500413018407,0.5709350428670364,0.0,0.2114357350437408,True
2004-06-01,0.7806887621606232,0.269678211592081,0.5701540129711109,0.0,0.21053474918951234,True
2004-06-02,0.7780214775109318,0.26878045161286024,0.5689045134210388,0.0,0.20911696408989303,True
2004-06-03,0.7635360264385279,0.2639095035710381,0.562031612742533,0.0,0.20150441369599492,True
2004-06-04,0.7703114172136902,0.26612565992375165,0.5653117829608966,0.0,0.2049996342527937,True
2004-06-07,0.7983260279959736,0.27505139312680715,0.5787453418262906,0.0,0.21958068616968301,True
2004-06-08,0.7999594656282032,0.275555108539175,0.5795265482500833,0.0,0.22043291737811993,True
2004-06-09,0.782530842490504,0.26980037932299406,0.5714037243546238,0.0,0.2111271181358801,True
2004-06-10,0.7910583212150366,0.2725374828991701,0.5754652775246474,0.0,0.21559304369038929,True
2004-06-14,0.7737689312624311,0.26678015470569993,0.5673427360737756,0.0,0.20642619518865546,True
2004-06-15,0.789088059591534,0.2717110153593215,0.5746841417120016,0.0,0.21440391787953253,True
2004-06-16,0.7870649306545806,0.271029928547754,0.5737467787368267,0.0,0.2133181519177539,True
2004-06-17,0.775794145338495,0.26728531693896174,0.5684357613223044,0.0,0.20735838401619058,True
2004-06-18,0.7773953695989287,0.26778965414446415,0.5692169324405237,0.0,0.208178437158405,True
2004-06-21,0.7678602301433677,0.2645967029487987,0.5646869449219268,0.0,0.2031732852214409,True
2004-06-22,0.7850402756612321,0.27014463777031344,0.5729658547576215,0.0,0.2120744209036106,True
2004-06-23,0.7995101672841267,0.2747568339382127,0.5798392850197293,0.0,0.21967088226439746,True
2004-06-24,0.7971354395457431,0.2739686217487767,0.5787453418262906,0.0,0.2183900977194525,True
2004-06-25,0.8064237741143228,0.27690722072336565,0.5831192080990785,0.0,0.22330456601524432,True
2004-06-28,0.7959799816268195,0.27350329127035156,0.5782768368665704,0.0,0.21770314476024907,True
2004-06-29,0.8075834859231998,0.2771718446219749,0.5837440814436218,0.0,0.223839404479578,True
2004-06-30,0.8199726050162605,0.28104484271760916,0.5895235332067172,0.0,0.2304490718095432,True
2004-07-01,0.796177968450988,0.2732913744975517,0.5785893971083491,0.0,0.21758857134263887,True
2004-07-02,0.7888272656613591,0.2708762205364998,0.5751527172828687,0.0,0.21367454837849043,True
2004-07-06,0.762697285778963,0.26207617109670295,0.5628125014161646,0.0,0.19988478436279847,True
2004-07-07,0.7649217012544444,0.26279276926710843,0.5639058091092811,0.0,0.20101589214516324,True
2004-07-08,0.751957650851544,0.25839213081659607,0.5576577111641715,0.0,0.1942999396873724,True
2004-07-09,0.7535219560718993,0.25889547779365407,0.5584385292266562,0.0,0.19508342684524319,True
2004-07-12,0.7486899064108893,0.25724201772781047,0.5560954042333065,0.0,0.19259450217758275,True
2004-07-13,0.7470646578832942,0.2566713197968301,0.5553145861708217,0.0,0.1917500717124725,True
2004-07-14,0.7355821285254982,0.2527130808633478,0.5496909025978005,0.0,0.18589122592769772,True
2004-07-15,0.731773835360198,0.25138522346675196,0.5478167062310525,0.0,0.18395712912914555,True
2004-07-16,0.7191992286604519,0.24698403337010866,0.5415685023692225,0.0,0.17763072629122947,True
2004-07-19,0.7169986962298381,0.24619848928592009,0.5404747003980777,0.0,0.17652399583176048,True
2004-07-20,0.7426369335774267,0.2547635087322811,0.5534401426650595,0.0,0.18919679091236719,True
2004-07-21,0.7100139786904884,0.24318269867020845,0.5373508632589636,0.0,0.17266311543152485,True
2004-07-22,0.724402522053724,0.24808046143289475,0.5446924101194834,0.0,0.17971011193424058,True
2004-07-23,0.7038567624435008,0.2407792083462452,0.5343826883932035,0.0,0.1694740740502973,True
2004-07-26,0.6992538949232846,0.2391324487884368,0.5320395987054273,0.0,0.16721429621785733,True
2004-07-27,0.7134872640221794,0.24402084547242262,0.5393814986216816,0.0,0.17410576540049785,True
2004-07-28,0.7088433719883513,0.24237376048769246,0.5370383383227584,0.0,0.17180503366559297,True
2004-07-29,0.7210579289947118,0.24654210504134547,0.5432867893236025,0.0,0.17777113967110925,True
2004-07-30,0.724430213941786,0.24767794240182814,0.5450048291389683,0.0,0.1794253848028177,True
2004-08-02,0.7265711244822404,0.24838949486607664,0.5460984898878194,0.0,0.18047263459442098,True
2004-08-03,0.703829156479948,0.2403051437490294,0.534695389857276,0.0,0.16913376662267202,True
2004-08-04,0.704102253570083,0.24037812251615723,0.5348514757975112,0.0,0.16925077777257183,True
2004-08-05,0.6845827162993069,0.2333224373038105,0.5248542083962896,0.0,0.15972850790301732,True
2004-08-06,0.6582579338834789,0.22354430036362616,0.5111081245946905,0.0,0.14714980928878837,True
2004-08-09,0.660559841134321,0.22435807525095186,0.5123579065893502,0.0,0.1482019345449708,True
2004-08-10,0.6724938122509209,0.22859940667125725,0.5187621257802685,0.0,0.15373168647065238,True
2004-08-11,0.6639090773697053,0.22544768204278828,0.514232314789539,0.0,0.14967676258016624,True
2004-08-12,0.6507139780494117,0.22054428660585024,0.5072027279760493,0.0,0.14351125007336238,True
2004-08-13,0.6521324783048471,0.22104170255184635,0.5079840050109887,0.0,0.1441484732938584,True
2004-08-16,0.662805992023649,0.22486589806372764,0.5137635273852312,0.0,0.14904246463841772,True
2004-08-17,0.6735885463527269,0.22869328713678275,0.5195433675096347,0.0,0.15404517884309227,True
2004-08-18,0.6909741123068611,0.23476206185260226,0.5287596050149309,0.0,0.16221450729193027,True
2004-08-19,0.6855444217543597,0.23280310552445263,0.5259475513949796,0.0,0.15959687035938006,True
2004-08-20,0.6956610148082617,0.23632505595259098,0.531258886559663,0.0,0.16440212824859868,True
2004-08-23,0.6980401595013248,0.23713789405733401,0.5325083861097352,0.0,0.1655317733915897,True
2004-08-24,0.6977070588912926,0.23699745031980482,0.5323522648639263,0.0,0.16535479402736625,True
2004-08-25,0.7118583789629638,0.24185197574816242,0.5396940235578869,0.0,0.17216435540507694,True
2004-08-26,0.7072403268914053,0.24021461612514586,0.5373508632589636,0.0,0.1698894636324416,True
2004-08-27,0.7120779871650219,0.2418663960253735,0.5398502507204159,0.0,0.172227736444606,True
2004-08-30,0.6943130399180377,0.23551780333015201,0.5307899579330613,0.0,0.1635230819849764,True
2004-08-31,0.6954838593787263,0.23590645822378198,0.5314147253608841,0.0,0.16406913401784215,True
2004-09-01,0.7029746020377338,0.23849304111893946,0.5353200513683785,0.0,0.16765455066935533,True
2004-09-02,0.7183939751486595,0.2437481269088059,0.5432867893236025,0.0,0.17510718582505702,True
2004-09-03,0.6986954730222549,0.23673544883577471,0.5332894866168074,0.0,0.16540598640544743,True
2004-09-07,0.7074082628256054,0.23973235312592825,0.537819615357698,0.0,0.1695886474679075,True
2004-09-08,0.7034227712685154,0.23831198045496943,0.5357886975503925,0.0,0.16763407371812286,True
2004-09-09,0.7121720211394894,0.24130869461841248,0.5403187203745627,0.0,0.17185330076492664,True
2004-09-10,0.7283165885918874,0.2467592947703524,0.5485977008214044,0.0,0.17971888777048303,True
2004-09-13,0.7425280109060504,0.25149882163723064,0.5557830911305419,0.0,0.1867449197755084,True
2004-09-14,0.7440594807174286,0.2519896038330918,0.5565642269431877,0.0,0.18749525377424087,True
2004-09-15,0.7320874537907744,0.24786511521155566,0.5506285127119896,0.0,0.18145894107878474,True
2004-09-16,0.7342255029320576,0.24856634972401198,0.5517217497939592,0.0,0.1825037531380984,True
2004-09-17,0.7376122797821459,0.24968691840580765,0.5534401426650595,0.0,0.18417213711708644,True
2004-09-20,0.7375752262513443,0.24964922496398614,0.5534401426650595,0.0,0.18413508358628483,True
2004-09-21,0.741907921960173,0.25108341619456703,0.5556271464126005,0.0,0.18628077554757247,True
2004-09-22,0.7224443542720179,0.24431231996962485,0.5459422980308637,0.0,0.17650205624115425,True
2004-09-23,0.721485201047767,0.2439573039736373,0.5454736165432761,0.0,0.17601158450449092,True
2004-09-24,0.7177604834286407,0.24264549207941352,0.5435991377319405,0.0,0.17416134569670028,True
2004-09-27,0.7085347236778603,0.23939800684230883,0.5389129230508145,0.0,0.1696218006270458,True
2004-09-28,0.710625516118299,0.24009737451017496,0.5400061954383575,0.0,0.17061932067994162,True
2004-09-29,0.7261089629170823,0.24533000013171635,0.5479726509489941,0.0,0.1781363119680882,True
2004-09-30,0.7279236976830649,0.24592398373912905,0.5489098020907281,0.0,0.17901389559233674,True
2004-10-01,0.7575558493682517,0.25562477066273215,0.5639058091092811,0.0,0.1936500402589706,True
2004-10-04,0.7641768644441219,0.25778156570063804,0.5671861558555119,0.0,0.19699070858860998,True
2004-10-05,0.7657317364854802,0.2582685755262182,0.5679672916681577,0.0,0.19776444481732244,True
2004-10-06,0.7749546058005312,0.2612502435102293,0.5724975263257687,0.0,0.20245707947476252,True
2004-10-07,0.7617139328339994,0.25681713587738214,0.566092742245675,0.0,0.19562119058832436,True
2004-10-08,0.7406772845518017,0.2496285457615227,0.5557830911305419,0.0,0.18489419342125982,True
2004-10-11,0.745945484115887,0.2513681748626292,0.5584385292266562,0.0,0.18750695488923086,True
2004-10-12,0.744027113787809,0.25069721306237497,0.5575015899183627,0.0,0.18652552386944624,True
2004-10-13,0.7414846342997735,0.24981372457493678,0.5562515960902622,0.0,0.18523303820951134,True
2004-10-14,0.7364507399426309,0.24807943595662477,0.5537524557678241,0.0,0.18269828417480682,True
2004-10-15,0.7420083727689766,0.24992190470002512,0.5565642269431877,0.0,0.1854441458257889,True
2004-10-18,0.7579002490087698,0.25513807885946943,0.5645310355095587,0.0,0.19336921349921105,True
2004-10-19,0.7496237507933434,0.25233241899064995,0.5604693764228149,0.0,0.1891543743705285,True
2004-10-20,0.7549280287953145,0.25406821175053945,0.5631248145189292,0.0,0.19180321427638533,True
2004-10-21,0.7722578646491605,0.2596820552066736,0.5717163552075494,0.0,0.20054150944161114,True
2004-10-22,0.746568379163151,0.25094620602658296,0.5592198768727428,0.0,0.1873485022904082,True
2004-10-25,0.7412034335669576,0.24910732770787983,0.5565642269431877,0.0,0.18463920662376984,True
2004-10-26,0.747085115454076,0.25104607276545854,0.559532331197801,0.0,0.18755278425627495,True
2004-10-27,0.7755524961438136,0.2602089715530557,0.5737467787368267,0.0,0.20180571740698694,True
2004-10-28,0.7828923674572033,0.26255588638595934,0.5773393679746751,0.0,0.20555299948252817,True
2004-10-29,0.7809095350799599,0.2618833592669073,0.5764023227496612,0.0,0.20450721233029867,True
2004-11-01,0.7853797895010677,0.2632998648005539,0.5785893971083491,0.0,0.2067903923927186,True
2004-11-02,0.7892180348337415,0.2645076776143113,0.5804638053085379,0.0,0.20875422952520364,True
2004-11-03,0.797289791648291,0.26705572275592165,0.5843689900937384,0.0,0.2129208015545525,True
2004-11-04,0.8041081218173232,0.26919131933456936,0.5876491956176754,0.0,0.21645892619964782,True
2004-11-05,0.8152396806798856,0.2726550989628878,0.5929604248656384,0.0,0.22227925581424726,True
2004-11-08,0.8165163683330887,0.273027111365315,0.593585262904608,0.0,0.22293110542848077,True
2004-11-09,0.8138069075490024,0.27214243241127206,0.5923355162155217,0.0,0.2214713913334807,True
2004-11-10,0.8094477503032784,0.27073133425643303,0.5903048808528039,0.0,0.2191428694504746,True
2004-11-11,0.8259064307776316,0.2758072343697694,0.5981154622566456,0.0,0.22779096852098596,True
2004-11-12,0.8382365567492844,0.2795650474113534,0.6038949140197412,0.0,0.23434164272954333,True
2004-11-15,0.8439281870462845,0.281277584648828,0.6065501049768413,0.0,0.23737808206944325,True
2004-11-16,0.8357222915387872,0.2787061380429462,0.6028013591876106,0.0,0.23292093235117656,True
2004-11-17,0.853205866203937,0.28396643054168785,0.6109240418607761,0.0,0.2422818243431609,True
2004-11-18,0.8593060323212227,0.28577749482154813,0.6137357071194195,0.0,0.24557032520180327,True
2004-11-19,0.8382809244020655,0.27923095099785233,0.604206944677918,0.0,0.2340739797241475,True
2004-11-22,0.8507232634017565,0.2829783931250969,0.6099869613301888,0.0,0.24073630207156765,True
2004-11-23,0.8486180148264323,0.2823044339376393,0.6090493865215731,0.0,0.23956862830485917,True
2004-11-24,0.8601397520776212,0.28574309522624125,0.6143607569918299,0.0,0.24577899508579126,True
2004-11-26,0.8559567760936275,0.2844424735074801,0.6124863134860677,0.0,0.24347046260755972,True
2004-11-29,0.855555835914798,0.2842897027586964,0.612330121629112,0.0,0.24322571428568598,True
2004-11-30,0.8527577828976647,0.2834066971680137,0.6110805161623194,0.0,0.24167726673534523,True
2004-12-01,0.8800223191557597,0.2914079914905939,0.6235767826636854,0.0,0.2564455364920743,True
2004-12-02,0.8851941533923637,0.2929010319908635,0.6259198723514617,0.0,0.25927428104090205,True
2004-12-03,0.8872337176865925,0.293470162812529,0.6268570941043429,0.0,0.2603766235822497,True
2004-12-06,0.892081990408882,0.2948587041595246,0.6290438507128696,0.0,0.2630381396960124,True
2004-12-07,0.8677181404507628,0.28748120618591816,0.6182654828045756,0.0,0.24945265764618724,True
2004-12-08,0.8755997885271878,0.2897912032583095,0.6218586722371727,0.0,0.25374111629001506,True
2004-12-09,0.8838761025580658,0.29219985917794944,0.6256076298598442,0.0,0.2582684726982216,True
2004-12-10,0.8796168574931964,0.2909037961161794,0.6237329745206411,0.0,0.2558838829725552,True
2004-12-13,0.8917508476413626,0.2944214675349399,0.629200254403266,0.0,0.2625505932380966,True
2004-12-14,0.8987222669356252,0.2964184065961197,0.6323244445981147,0.0,0.2663978223375105,True
2004-12-15,0.8933533227077294,0.2948129282392001,0.6299812136880446,0.0,0.2633721090196848,True
2004-12-16,0.8799092518023333,0.2907844110556745,0.6240453582345525,0.0,0.25586389356778066,True
2004-12-17,0.8762955254823701,0.28967740461756636,0.6224525119826507,0.0,0.25384301349971944,True
2004-12-20,0.8667679248826299,0.286781636352968,0.6181948010465228,0.0,0.24857312383610702,True
2004-12-21,0.8834089410603583,0.29164795742596633,0.6257645278282689,0.0,0.25764441323208936,True
2004-12-22,0.8851090263918645,0.2921178266166742,0.6265529012834725,0.0,0.258556125108392,True
2004-12-23,0.8861055341384945,0.2923802414303628,0.6270257841343009,0.0,0.2590797500041936,True
2004-12-27,0.8800396830093284,0.2905485199554525,0.6243454556089024,0.0,0.25569422740042597,True
2004-12-28,0.893332131105866,0.2943969564704187,0.6303378705910659,0.0,0.26299426051479996,True
2004-12-29,0.8950435006170512,0.2948652057443999,0.6311263146574164,0.0,0.2639171859596347,True
2004-12-30,0.8939134051409522,0.29450276930666824,0.6306534318065881,0.0,0.26325997333436413,True
2004-12-31,0.8913625670738555,0.29372270349337515,0.6295491440801277,0.0,0.2618134229937278,True
2005-01-03,0.8764121598263264,0.28923164363985654,0.6229260303338013,0.0,0.253486129492525,True
2005-01-04,0.8511320205837006,0.28146142051763406,0.6115711930221681,0.0,0.23956082756153252,True
2005-01-05,0.8428401079395567,0.2788826235769941,0.6077866473814562,0.0,0.23505346055810047,True
2005-01-06,0.8363085245542599,0.27683355411825855,0.6047902633625072,0.0,0.23151826119175264,True
2005-01-07,0.8430264772604675,0.2788550919101024,0.60794425146135,0.0,0.2350822257991175,True
2005-01-10,0.8422854930890551,0.2785956628876719,0.6076284078012402,0.0,0.2346570852878149,True
2005-01-11,0.8330357939703268,0.27569655321845066,0.6033706968651122,0.0,0.2296650971052145,True
2005-01-12,0.843787570679071,0.27894504960095856,0.6084172049233252,0.0,0.23537036575574577,True
2005-01-13,0.8263511209972443,0.273463425424257,0.6003743128461632,0.0,0.2259768081510811,True
2005-01-14,0.8383818281573093,0.2771172015438643,0.6060518021131268,0.0,0.2323300260441825,True
2005-01-18,0.8481562459220057,0.2800559128100456,0.6106250742647769,0.0,0.2375311716572288,True
2005-01-19,0.8262239979457152,0.27316088806523225,0.600531916926057,0.0,0.2256920810196582,True
2005-01-20,0.8016751577326966,0.26526402150576833,0.5890195814512503,0.0,0.21265557628144627,True
2005-01-21,0.7917657681270409,0.26204384390439034,0.5842884227751188,0.0,0.20747734535192203,True
2005-01-24,0.7747773529827722,0.25644699045869873,0.5760880325347834,0.0,0.19868932044798882,True
2005-01-25,0.780501426128203,0.25826359976347124,0.5789263181958102,0.0,0.20157510793239272,True
2005-01-26,0.794637445161243,0.26272582857623317,0.5858656639635544,0.0,0.2087717811976886,True
2005-01-27,0.792951809695607,0.2621529999344109,0.5850771139804836,0.0,0.20787469571512346,True
2005-01-28,0.7870329869484566,0.2602112848338353,0.5822381222079875,0.0,0.204794864740469,True
2005-01-31,0.8025367337677346,0.26507036911745946,0.5898080255176009,0.0,0.21272870825013368,True
2005-02-01,0.8064209516188379,0.2662633393882968,0.591700616088118,0.0,0.21472033553071992,True
2005-02-02,0.8083409477917012,0.26683538226837344,0.5926469819845234,0.0,0.21569396580717787,True
2005-02-03,0.794098706325246,0.2622256410985812,0.5858656639635544,0.0,0.2082330423616916,True
2005-02-04,0.8135960865040707,0.2682758861867774,0.5953278753990972,0.0,0.21826821110497355,True
2005-02-07,0.810888690061143,0.2673889012324295,0.5940660542038899,0.0,0.21682263585725306,True
2005-02-08,0.813144209465466,0.26806342350287327,0.5951699888746157,0.0,0.21797422059085028,True
2005-02-09,0.7922354548098984,0.2612866208641866,0.5852349298938181,0.0,0.20700052491608034,True
2005-02-10,0.7934804974166088,0.2616508334218683,0.5858656639635544,0.0,0.2076148334530543,True
2005-02-11,0.811318527601381,0.26719435633973987,0.5945387958324245,0.0,0.21677973176895646,True
2005-02-14,0.8168754643027707,0.26889690090670915,0.5972201835250266,0.0,0.21965528077774416,True
2005-02-15,0.8251090046775222,0.2714140506094544,0.6011628275236607,0.0,0.22394617715386156,True
2005-02-16,0.820373206951777,0.26989941516042615,0.5989549581822091,0.0,0.22141824876956787,True
2005-02-17,0.803350860740588,0.2644406429238554,0.5909122426329143,0.0,0.21243861810767373,True
2005-02-18,0.7993593120575964,0.2631353978537131,0.5890195814512503,0.0,0.210339730606346,True
2005-02-22,0.784276054859013,0.2582135567323141,0.5817653452738797,0.0,0.20251070958513326,True
2005-02-23,0.7858314095036649,0.2586784107952952,0.58255378934023,0.0,0.20327762016343487,True
2005-02-24,0.8009462080829829,0.26341390285998906,0.5899658414309354,0.0,0.21098036665204742,True
2005-02-25,0.8077518053181587,0.2655198331435421,0.5932776807486863,0.0,0.2144741245694724,True
2005-02-28,0.7945413161655972,0.2612474960603507,0.5869693868008395,0.0,0.2075719293647577,True
2005-03-01,0.8078079291236591,0.26537584885900495,0.5934352142174332,0.0,0.21437271490622592,True
2005-03-02,0.807090424524944,0.26511340312876225,0.5931199354464987,0.0,0.21397048907844532,True
2005-03-03,0.7968495818557888,0.2618043560041149,0.5882308902458857,0.0,0.20861869160990304,True
2005-03-04,0.803952016355952,0.2640100353624328,0.591700616088118,0.0,0.21225140026783404,True
2005-03-07,0.8215724809780771,0.2694294757285831,0.6002166381551225,0.0,0.22135584282295465,True
2005-03-08,0.8088865339436165,0.2653806140177986,0.5942237288949307,0.0,0.21466280504868585,True
2005-03-09,0.8052116774396634,0.2641819239663481,0.5924893072934826,0.0,0.21272237014618076,True
2005-03-10,0.8035132245438278,0.2636081174344834,0.591700616088118,0.0,0.2118126084557098,True
2005-03-11,0.7920060284461077,0.2598781360412974,0.5861809780400624,0.0,0.2058250504060452,True
2005-03-14,0.797452426592274,0.2615709814900259,0.5888620126769301,0.0,0.20859041391534394,True
2005-03-15,0.7876343140909687,0.25837289022675325,0.5841309599175187,0.0,0.20350335417344995,True
2005-03-16,0.7740295989468639,0.25389491139607423,0.577507422504311,0.0,0.19652217644255285,True
2005-03-17,0.7768409273221708,0.25476851458970773,0.5789263181958102,0.0,0.19791460912636055,True
2005-03-18,0.7703956896138052,0.25262755959412764,0.5757725066248346,0.0,0.19462318298897063,True
2005-03-21,0.772562927803672,0.2532952524268859,0.5768764059899869,0.0,0.1956865218136851,True
2005-03-22,0.7581878558582632,0.24849770315851724,0.5697799151148039,0.0,0.18840794074345935,True
2005-03-23,0.7622167544423403,0.24978051283513483,0.5718298626262005,0.0,0.1903868918161398,True
2005-03-24,0.7624775132694421,0.24983000915260475,0.5719877491506821,0.0,0.19048976411876004,True
2005-03-28,0.7646293618060962,0.2504971833731302,0.5730918603492751,0.0,0.1915375014568212,True
2005-03-29,0.7554148524769575,0.247409150231953,0.5685183057530373,0.0,0.1868965467239202,True
2005-03-30,0.7766602015491081,0.2541887513206372,0.5792419147169059,0.0,0.1974182868322022,True
2005-03-31,0.7715009603499179,0.2524716534972385,0.5767188372156666,0.0,0.1947821231342512,True
2005-04-01,0.7596984042748909,0.24853883255102915,0.5708838497855298,0.0,0.18881455448936116,True
2005-04-04,0.7678128980544571,0.2511406262026141,0.5749838860306168,0.0,0.19282901202384028,True
2005-04-05,0.7709227095935629,0.2521152485487667,0.5765613390524931,0.0,0.1943613705410698,True
2005-04-06,0.768963533176199,0.2514407097425711,0.5756147966282205,0.0,0.1933487365479786,True
2005-04-07,0.7828403119843512,0.2558459491392733,0.58255378934023,0.0,0.20028652264412114,True
2005-04-08,0.7731732043942766,0.2526602236697602,0.5778230896365535,0.0,0.19535011475772315,True
2005-04-11,0.7680344687203218,0.2509456585699757,0.5752995531628593,0.0,0.19273491555746253,True
2005-04-12,0.773671030642342,0.2527339617680915,0.5781380859629004,0.0,0.1955329446794416,True
2005-04-13,0.75455320874679,0.24634059589930665,0.5686761216663718,0.0,0.18587708708041817,True
2005-04-14,0.7385705872968948,0.2409213094505891,0.5606331942836363,0.0,0.17793739301325853,True
2005-04-15,0.7135832220597921,0.23224182067739582,0.5478593553637835,0.0,0.16572386669600855,True
2005-04-18,0.7138353395413747,0.23229229700981094,0.5480168888325304,0.0,0.16581845070884424,True
2005-04-19,0.7210068065456515,0.23467871158691242,0.5518018581401238,0.0,0.16920494840552772,True
2005-04-20,0.7121772538163961,0.23161181706379969,0.5472285859884737,0.0,0.16494866782792236,True
2005-04-21,0.7397567760967148,0.24064637745389475,0.5617369877320684,0.0,0.17801978836464633,True
2005-04-22,0.7233993245968724,0.2350300972763115,0.5533787109672514,0.0,0.17002061362962095,True
2005-04-25,0.7321384761295431,0.23791429660532393,0.5579522655634891,0.0,0.174186210566054,True
2005-04-26,0.7220085055992453,0.2344301035086131,0.5527479768975152,0.0,0.16926052870173014,True
2005-04-27,0.7234711558057465,0.23488815564978183,0.5535363503527188,0.0,0.16993480545302775,True
2005-04-28,0.7128188051766201,0.23119748686099206,0.5480168888325304,0.0,0.1648019163440897,True
2005-04-29,0.7196696157506186,0.23347598654498963,0.5516440422267893,0.0,0.1680255735238293,True
2005-05-02,0.7238457807538233,0.2348480893228411,0.5538519821793878,0.0,0.16999379857443556,True
2005-05-03,0.7292479740518798,0.23662365065121338,0.5566906562017226,0.0,0.17255731785015713,True
2005-05-04,0.7422849653687935,0.24089539030719118,0.5634719389171181,0.0,0.1788130264516754,True
2005-05-05,0.743157219379802,0.2411499509488305,0.5639448923790934,0.0,0.1792123270007085,True
2005-05-06,0.7461852576047012,0.24211583305653317,0.5655219923452351,0.0,0.18066326525946605,True
2005-05-09,0.7513829011406101,0.2437904559674672,0.5682029210653825,0.0,0.18317998007522768,True
2005-05-10,0.7432632141463035,0.24104603008228997,0.5641025670701341,0.0,0.1791606470761694,True
2005-05-11,0.7487547343628789,0.24282101869899486,0.5669413470091893,0.0,0.18181338735368954,True
2005-05-12,0.745606512570318,0.24173945590273538,0.5653639999040333,0.0,0.1802425126662847,True
2005-05-13,0.7575877352229132,0.2456125833422449,0.5715146544664129,0.0,0.18607308075650034,True
2005-05-16,0.7650160685993648,0.2479902360532758,0.5752995531628593,0.0,0.1897165154365055,True
2005-05-17,0.7718620822366674,0.2501654980181092,0.5787688200326367,0.0,0.19309326220403067,True
2005-05-18,0.7875833581278531,0.25512106979161975,0.5866542492521988,0.0,0.20092910887565424,True
2005-05-19,0.7974365240202479,0.25819458760003255,0.5915427295636365,0.0,0.20589379445661135,True
2005-05-20,0.8022123985555262,0.2596615771249157,0.5939086619574367,0.0,0.2083037365980894,True
2005-05-23,0.808299615284221,0.26153022609932025,0.5969048341429452,0.0,0.21139478114127588,True
2005-05-24,0.8121399539541119,0.26269182817805825,0.5987974247134622,0.0,0.2133425292406497,True
2005-05-25,0.8068554771948138,0.26099042468125644,0.5962739235453415,0.0,0.21058155364947226,True
2005-05-26,0.8191350861963899,0.2647529923682238,0.6022666209720927,0.0,0.21686846522429715,True
2005-05-27,0.8197264574847984,0.26489863116746404,0.602582040965321,0.0,0.21714441651947752,True
2005-05-31,0.8153951035689463,0.2635080658473949,0.600531916926057,0.0,0.21486318664288925,True
2005-06-01,0.8254669021079282,0.2665719152095356,0.6054206090709355,0.0,0.22004629303699266,True
2005-06-02,0.8343022640801454,0.26923501092444446,0.6096788848962387,0.0,0.22462337918390668,True
2005-06-03,0.8156413625762975,0.2633436273602085,0.6008474075304323,0.0,0.2147939550458652,True
2005-06-06,0.8159040715892308,0.26338730865227067,0.6010052940549138,0.0,0.2148987775343171,True
2005-06-07,0.8053784458258126,0.26002649006272527,0.5959587153855539,0.0,0.20941973044025877,True
2005-06-08,0.8027232874650287,0.259150725925088,0.5946969648014935,0.0,0.20802632266353527,True
2005-06-09,0.8104172630498976,0.2615140123811203,0.598481792886793,0.0,0.21193547016310457,True
2005-06-10,0.7973437458780076,0.2573166078335265,0.5921739579114013,0.0,0.20516978796660632,True
2005-06-13,0.8030709561356265,0.2590786021336573,0.5950124554058688,0.0,0.20805850072975773,True
2005-06-14,0.7981604902039603,0.257483940563032,0.5926469819845234,0.0,0.20551350821943698,True
2005-06-15,0.8019581231558546,0.2586410952571892,0.5945387958324245,0.0,0.20741932732343005,True
2005-06-16,0.8083519348102655,0.26060256296568185,0.5976933488204426,0.0,0.21065858598982296,True
2005-06-17,0.8084507262549869,0.26059544329996565,0.5977721508603894,0.0,0.2106785753945975,True
2005-06-20,0.8083873452154579,0.2605374708073066,0.5977721508603894,0.0,0.21061519435506845,True
2005-06-21,0.8076738754791295,0.2602750476740425,0.5974565190337204,0.0,0.21021735644540912,True
2005-06-22,0.8063121260095396,0.25980883220522555,0.5968251141580885,0.0,0.20948701185145116,True
2005-06-23,0.7926366644241948,0.2554026164499612,0.5901951864360856,0.0,0.20244147798810921,True
2005-06-24,0.7791231809111689,0.25099666752776756,0.5835658589088315,0.0,0.19555732200233739,True
2005-06-27,0.7736819070163171,0.24919707949928996,0.5808826353264097,0.0,0.19279927168990743,True
2005-06-28,0.7846464959165078,0.25264793266651714,0.5864071808491753,0.0,0.1982393150673325,True
2005-06-29,0.7820415060721749,0.25177320914539597,0.5851444064034848,0.0,0.19689709966869015,True
2005-06-30,0.7727809723011347,0.24873052369295007,0.5805667563607264,0.0,0.19221421594040838,True
2005-07-01,0.7711471445191909,0.24816247694804983,0.5797773590438927,0.0,0.19136978547529815,True
2005-07-05,0.7830245025551111,0.2519060642689973,0.5857758818902636,0.0,0.19724862066484747,True
2005-07-06,0.777250482753683,0.25000438472813913,0.5829344540331994,0.0,0.19431602872048365,True
2005-07-07,0.7812937942503357,0.2512590908813911,0.5849866257957238,0.0,0.19630716845461196,True
2005-07-08,0.8037213425306907,0.2582083511477272,0.5961937798936033,0.0,0.20752756263708735,True
2005-07-11,0.8149498352869076,0.26164968617138945,0.6017184666386627,0.0,0.2132313686482449,True
2005-07-12,0.8207440849005538,0.2634005428988689,0.6045596473567126,0.0,0.2161844375438412,True
2005-07-13,0.8236194785844264,0.2642473640234003,0.6059802024101643,0.0,0.2176392761742621,True
2005-07-14,0.8360110216055805,0.2679778939357194,0.6119785487286679,0.0,0.22403247287691266,True
2005-07-15,0.8399141394725304,0.26912413264703555,0.6138729751890044,0.0,0.22604116428352597,True
2005-07-18,0.8345263465490194,0.2674316754072577,0.6113475675199174,0.0,0.22317877902910202,True
2005-07-19,0.8493354223523888,0.27184188044747054,0.6184504840094689,0.0,0.23088493834291995,True
2005-07-20,0.8586300216810725,0.27457683684765294,0.6228701063054519,0.0,0.23575991537562055,True
2005-07-21,0.8588892472576535,0.27461203617573327,0.6230279222187864,0.0,0.23586132503886703,True
2005-07-22,0.8571251386547255,0.274040171121515,0.6222384189852322,0.0,0.23488671966949326,True
2005-07-25,0.8519986627159211,0.2724507730143527,0.6198709684517736,0.0,0.23212769426414745,True
2005-07-26,0.8569476717440441,0.2738898307304295,0.6222384189852322,0.0,0.23470925275881188,True
2005-07-27,0.8669646645991629,0.2768167674998782,0.6269743086082065,0.0,0.23999035599095636,True
2005-07-28,0.873327173632562,0.27865151383289605,0.6299732346284441,0.0,0.24335393900411784,True
2005-07-29,0.8620003151490969,0.27521591567997966,0.6247641090989072,0.0,0.23723620605018975,True
2005-08-01,0.8642848250910184,0.2758530220714918,0.6258692441591303,0.0,0.23841558093188817,True
2005-08-02,0.8787483942430626,0.28004775198171933,0.6326568818777473,0.0,0.24609151236531532,True
2005-08-03,0.8779813650075103,0.27977819818896044,0.6323413206622251,0.0,0.24564004434528525,True
2005-08-04,0.8645673037585495,0.275724546529143,0.6261848759857995,0.0,0.23838242777274993,True
2005-08-05,0.8580619436129807,0.2737284824198628,0.6231859499655616,0.0,0.2348759936474191,True
2005-08-08,0.8482280552074317,0.2707052117351571,0.6186082999228034,0.0,0.22961975528462833,True
2005-08-09,0.8568230412024789,0.27323148654638657,0.6227120079475297,0.0,0.23411103325494914,True
2005-08-10,0.8453236059212182,0.26969338696318457,0.6173454195603926,0.0,0.22797818636082565,True
2005-08-11,0.8558934538945704,0.27281050422280423,0.6223967291765952,0.0,0.23349672471797517,True
2005-08-12,0.848432180117532,0.27050848909805875,0.6189240729717663,0.0,0.2295081071457656,True
2005-08-15,0.8563559716957954,0.272835096000549,0.6227120079475297,0.0,0.23364396374826574,True
2005-08-16,0.8348023555378912,0.26616176999353597,0.6126098829931529,0.0,0.22219247254473823,True
2005-08-17,0.8423077124128464,0.26839004429653335,0.6162407081670509,0.0,0.2260670042457955,True
2005-08-18,0.8355994702463744,0.2662947066980886,0.6130837544000379,0.0,0.22251571584633645,True
2005-08-19,0.834862726039219,0.26602631052087444,0.612767275239606,0.0,0.22209545079961301,True
2005-08-22,0.8354473557515046,0.2661611169400918,0.6130837544000379,0.0,0.2223636013514667,True
2005-08-23,0.8317458690995253,0.2649827426473643,0.6113475675199174,0.0,0.2203983015796079,True
2005-08-24,0.8241124926080085,0.26258069698927144,0.6077164599014317,0.0,0.21639603270657667,True
2005-08-25,0.8269775839366882,0.26341723106681075,0.6091374386217647,0.0,0.21784014531492346,True
2005-08-26,0.8226479414469452,0.262035319058658,0.6070851256369467,0.0,0.2155628158099985,True
2005-08-29,0.8323533853838853,0.26495100311303704,0.6118205209818925,0.0,0.22053286440199268,True
2005-08-30,0.8276782989372274,0.26346871996561894,0.6096109569729152,0.0,0.2180673419643122,True
2005-08-31,0.8393843674720247,0.2669706360231103,0.6152933890201622,0.0,0.22409097845186257,True
2005-09-01,0.8373271874850493,0.266300722704253,0.6143463523178612,0.0,0.22298083516718817,True
2005-09-02,0.83230566852542,0.26471899462982335,0.6119785487286679,0.0,0.22032711979675218,True
2005-09-06,0.8509457053199679,0.2702520409982443,0.620975891678556,0.0,0.2299698136414119,True
2005-09-07,0.8532004043168098,0.2708853008271177,0.6220809561276323,0.0,0.23111944818917748,True
2005-09-08,0.852788647310048,0.2707182338939694,0.6219232108254447,0.0,0.2308654364846033,True
2005-09-09,0.8600505145857988,0.2728382154024234,0.6253958670302736,0.0,0.2346546475555253,True
2005-09-12,0.8636607594390011,0.27386768885203644,0.6271319832992472,0.0,0.23652877613975384,True
2005-09-13,0.8602159194090193,0.27279482163044416,0.6255534711101673,0.0,0.23466244829885197,True
2005-09-14,0.8450406256046081,0.2681411221300975,0.6184504840094689,0.0,0.2265901415951392,True
2005-09-15,0.8443023616100729,0.2678749333175238,0.6181349227939467,0.0,0.22616743881612617,True
2005-09-16,0.8521719010407844,0.2701904274643764,0.6219232108254447,0.0,0.23024869021533978,True
2005-09-19,0.8417641862877412,0.26698040073124496,0.6170296465114297,0.0,0.2247345397763115,True
2005-09-20,0.8364013288447307,0.265299697332779,0.6145043094534896,0.0,0.22189701939124123,True
2005-09-21,0.8221857090063249,0.2608525625726284,0.6077164599014317,0.0,0.21446924910489323,True
2005-09-22,0.8266632752579504,0.2621827219952764,0.6099264475772905,0.0,0.21673682768065988,True
2005-09-23,0.8301774095793667,0.26321412693816576,0.6116629875131456,0.0,0.21851442206622104,True
2005-09-26,0.8304295270609493,0.2632481131213582,0.6118205209818925,0.0,0.21860900607905676,True
2005-09-27,0.827412469191264,0.26227824635214425,0.6104001777618817,0.0,0.2170122914293823,True
2005-09-28,0.8276646572839939,0.2623126087740181,0.6105577818417758,0.0,0.21710687544221802,True
2005-09-29,0.8445548722767574,0.2673462940420235,0.6187662570584318,0.0,0.22578861521832558,True
2005-09-30,0.8530734547002055,0.2698517309692325,0.6228701063054519,0.0,0.2302033483947536,True
2005-10-03,0.8563223010541051,0.2707785167735843,0.6244486184945318,0.0,0.2318736825595733,True
2005-10-04,0.8475649553570017,0.2680862838052538,0.6203444161917773,0.0,0.22722053916522442,True
2005-10-05,0.8295958226179132,0.262507712428925,0.6118205209818925,0.0,0.21777530163602063,True
2005-10-06,0.8128737393568177,0.2572395965879318,0.6037704265677463,0.0,0.2091033127890714,True
2005-10-07,0.8156968949585461,0.2580688798125108,0.6051909110100508,0.0,0.2105059839484953,True
2005-10-10,0.8088500630240391,0.2558863741533067,0.6018763531631441,0.0,0.20697370986089494,True
2005-10-11,0.802684522759638,0.2539068461368117,0.5988774271429065,0.0,0.20380709561673152,True
2005-10-12,0.7882569486938024,0.24926223042505039,0.5917742635143407,0.0,0.19648268517946169,True
2005-10-13,0.7973234036690184,0.2520577277585086,0.5963518782515255,0.0,0.2009715254174929,True
2005-10-14,0.8061382572831128,0.2547537657221995,0.6007715005475085,0.0,0.2053667567356043,True
2005-10-17,0.8099002623902843,0.25587662683829987,0.6026657151744044,0.0,0.20723454721587994,True
2005-10-18,0.8011654929692752,0.253083536161156,0.5984036969583153,0.0,0.2027617960109599,True
2005-10-19,0.8252818911701718,0.26037371679585514,0.6104001777618817,0.0,0.21488171340829004,True
2005-10-20,0.8135182854217701,0.25666421729772215,0.6047172514366065,0.0,0.20880103398516356,True
2005-10-21,0.8211548549883153,0.25896303156371325,0.6085061043572798,0.0,0.21264875063103547,True
2005-10-24,0.8407998278564054,0.26482510781446805,0.6181349227939467,0.0,0.22266490506245873,True
2005-10-25,0.835790080622913,0.2632513784358747,0.6157671898159003,0.0,0.2200228908070127,True
2005-10-26,0.8291668060308418,0.26117413464044753,0.6126098829931529,0.0,0.21655692303768892,True
2005-10-27,0.8037169841010181,0.2530984167395931,0.6002974879183297,0.0,0.20341949618268843,True
2005-10-28,0.8128722078371482,0.25587917494373325,0.6048751379610879,0.0,0.20799706987606031,True
2005-10-31,0.8304326275054729,0.26115999207863083,0.613556849084307,0.0,0.21687577842116587,True
2005-11-01,0.8293764272575365,0.26078951094945424,0.6130837544000379,0.0,0.21629267285749854,True
2005-11-02,0.8458660920805001,0.2656828357917371,0.6211339900364782,0.0,0.22473210204402191,True
2005-11-03,0.8652033683559712,0.27133105735742313,0.6304468235907416,0.0,0.23475654476522972,True
2005-11-04,0.8697936284505221,0.2726356446128696,0.6326568818777473,0.0,0.2371367465727749,True
2005-11-07,0.8713812385041142,0.2730553943062864,0.6334458908332731,0.0,0.23793534767084107,True
2005-11-08,0.8716278584839363,0.27307993750932685,0.6336037773577545,0.0,0.23802408112618173,True
2005-11-09,0.8722100437323619,0.2732028634668226,0.6339197622401581,0.0,0.23829028149220383,True
2005-11-10,0.8868973114491358,0.27740812388066155,0.6408647922052282,0.0,0.24603251924390754,True
2005-11-11,0.8905402219150184,0.2784145031738685,0.6426009084742019,0.0,0.24793931344081643,True
2005-11-14,0.8904466129950985,0.2783386459152727,0.6426009084742019,0.0,0.2478457045208966,True
2005-11-15,0.8838846335808354,0.27637342949423377,0.6396024061208457,0.0,0.24428222745998965,True
2005-11-16,0.8922582814007249,0.2787422986989149,0.6435481570099436,0.0,0.24871012439078136,True
2005-11-17,0.910570717457333,0.28388634695851667,0.6520721228309752,0.0,0.2584985946263579,True
2005-11-18,0.9153105130921703,0.28518024152771654,0.654282039895687,0.0,0.26102847319648326,True
2005-11-21,0.9186793664858641,0.28608321181228386,0.6558606226959138,0.0,0.26281874378995024,True
2005-11-22,0.9237953282360352,0.28747389714593574,0.6582282850628133,0.0,0.26556704317322194,True
2005-11-23,0.9271844467475208,0.28837605252747556,0.6598066560295994,0.0,0.2673777907179214,True
2005-11-25,0.9302319443310375,0.28918027905549654,0.6612272110830509,0.0,0.26900473324798657,True
2005-11-28,0.9178641261138183,0.28562128500942285,0.6557025949491385,0.0,0.2621615311646797,True
2005-11-29,0.9108215682995098,0.2835635374525522,0.6525457824044194,0.0,0.25827578589509037,True
2005-11-30,0.9072719057810763,0.2825003551113845,0.6509672702153396,0.0,0.2563046355657366,True
2005-12-01,0.9336859612991,0.2897809387541877,0.6631215669322407,0.0,0.27056439436685936,True
2005-12-02,0.9370950053357836,0.29067985873243446,0.6647003615659082,0.0,0.2723946437698755,True
2005-12-05,0.9260816166597152,0.2875286106969094,0.6598066560295994,0.0,0.26627496063011574,True
2005-12-06,0.9308653620869117,0.28881590112959005,0.6620166437054582,0.0,0.2688487183814535,True
2005-12-07,0.9279613297360092,0.287951263098566,0.6607536927319004,0.0,0.26720763700410877,True
2005-12-08,0.9173805986848164,0.2849007738934663,0.6560181561646607,0.0,0.2613624425201556,True
2005-12-09,0.9228273208501588,0.28638438349013906,0.6585439875006294,0.0,0.26428333334952947,True
2005-12-12,0.9279471123608464,0.2877702075337928,0.6609115792563819,0.0,0.2670355331044645,True
2005-12-13,0.9337837225534912,0.2893480465786645,0.6635952265056849,0.0,0.27018849604780626,True
2005-12-14,0.9287745255608673,0.28789442101136753,0.6613855212744139,0.0,0.26738900428645346,True
2005-12-15,0.931119625754294,0.28850140738659275,0.6624903032789026,0.0,0.26862932247539134,True
2005-12-16,0.9208832963920809,0.28555842401584713,0.65791731357184,0.0,0.26296598282024086,True
2005-12-19,0.8978191456643749,0.2788366330492108,0.6474742780002017,0.0,0.25034486766417324,True
2005-12-20,0.8987504903342198,0.2790554373500443,0.6479492791854373,0.0,0.25080121114878245,True
2005-12-21,0.9048099115090941,0.28073649943762696,0.650796744295562,0.0,0.25401316721353207,True
2005-12-22,0.9139886307920795,0.2832850852807162,0.6550692835725402,0.0,0.2589193472195393,True
2005-12-23,0.9138906339540385,0.283208231669562,0.6550692835725402,0.0,0.2588213503814982,True
2005-12-27,0.9013438401102518,0.27955072352517496,0.6493725174624714,0.0,0.2519713226477805,True
2005-12-28,0.8995379941506726,0.27898349214181667,0.6485817432282729,0.0,0.2509562509223997,True
2005-12-29,0.8902116256336561,0.2762285390489617,0.64430976884047,0.0,0.24590185679318607,True
2005-12-30,0.8795951500500816,0.27306964752077595,0.6394044124649219,0.0,0.2401907375851598,True
2006-01-03,0.9097914515398042,0.2815438445078721,0.6536452685728903,0.0,0.25614618296691394,True
2006-01-04,0.9244930242828414,0.2856094541584238,0.6604490762441486,0.0,0.2640439480386928,True
2006-01-05,0.9306521873797182,0.28727742459146316,0.6632968237988609,0.0,0.26735536358085726,True
2006-01-06,0.9571142930392857,0.294417935505827,0.6753226788395401,0.0,0.28179161419974563,True
2006-01-09,0.9630592899355801,0.2959806990889593,0.6780123280363304,0.0,0.2850469618992497,True
2006-01-10,0.9640180716977915,0.29618852998169815,0.6784869761658314,0.0,0.28553109553196016,True
2006-01-11,0.975717237640201,0.2992758829167158,0.6837085998683708,0.0,0.29200863777183017,True
2006-01-12,0.9680191057646226,0.29713607318865504,0.6803857099061293,0.0,0.2876333958584933,True
2006-01-13,0.9671856928680764,0.29685727485818697,0.6800695838014318,0.0,0.2871161090666446,True
2006-01-17,0.9570276418901683,0.29402328727234633,0.6756392286111191,0.0,0.2813884132790492,True
2006-01-18,0.9394715690897468,0.28908409863407647,0.6678852773470958,0.0,0.271586291742651,True
2006-01-19,0.9502512382459997,0.29198620354314414,0.6727909867783785,0.0,0.2774602514676212,True
2006-01-20,0.905181515252476,0.27893376069490067,0.6526958310915943,0.0,0.25248568416088174,True
2006-01-23,0.9054206169335592,0.27894948728722113,0.6528540000606634,0.0,0.2525666168728958,True
2006-01-24,0.9114697357532409,0.2806103558712282,0.6557018888376696,0.0,0.25576784691557125,True
2006-01-25,0.90518415690147,0.27876112823776794,0.6528540000606634,0.0,0.25233015684080656,True
2006-01-26,0.9149899224385797,0.2814751262550593,0.6574430184980735,0.0,0.25754690394050617,True
2006-01-27,0.9341580643194447,0.28673319199191727,0.6663039407121396,0.0,0.26785412360730515,True
2006-01-30,0.9368380640594284,0.28742318844454623,0.6675690806312514,0.0,0.26926898342817696,True
2006-01-31,0.9300822158943756,0.2854793469682897,0.6645629522740294,0.0,0.26551926362034617,True
2006-02-01,0.9351896170778727,0.2868438862639778,0.6669361929215345,0.0,0.26825342415633824,True
2006-02-02,0.9099391235051386,0.2795740913486522,0.6555437198686005,0.0,0.2543954036365381,True
2006-02-03,0.8923693513577916,0.27443241185386724,0.6474742780002017,0.0,0.24489507335758984,True
2006-02-06,0.8885515562312537,0.27327409844035283,0.6457334307843854,0.0,0.24281812544686832,True
2006-02-07,0.8823891854110418,0.27142647324535,0.6428854007850855,0.0,0.23950378462595637,True
2006-02-08,0.898037696393841,0.27584090357382457,0.6503221667772079,0.0,0.24771552961663307,True
2006-02-09,0.8847116152270733,0.2719081491187577,0.6441513174268133,0.0,0.24056029780026003,True
2006-02-10,0.8929975687047997,0.27423443693654964,0.6481068832653312,0.0,0.24489068543946857,True
2006-02-13,0.8770279764396749,0.2694984124594604,0.6406703291066496,0.0,0.2363576473330254,True
2006-02-14,0.8905961539922541,0.27334306739377023,0.6471578694509168,0.0,0.24343828454133729,True
2006-02-15,0.8992500626382472,0.27576124535362645,0.6512717454807976,0.0,0.24797831715744967,True
2006-02-16,0.9120266162525331,0.27931427068963977,0.6572845670844168,0.0,0.25474204916811627,True
2006-02-17,0.9006259632330915,0.27598957064778495,0.6520625903261429,0.0,0.2485633729069487,True
2006-02-21,0.8849195036477815,0.271363843037792,0.6447843463588241,0.0,0.24013515728895737,True
2006-02-22,0.9019034567861542,0.2761376008170037,0.6528540000606634,0.0,0.2490494567254908,True
2006-02-23,0.8980646971619259,0.27498190842764214,0.651113152844847,0.0,0.2469515443170789,True
2006-02-24,0.9016811356013446,0.2759591231491548,0.6528540000606634,0.0,0.24882713554068117,True
2006-02-27,0.9171763530796537,0.280255542058893,0.6601325970837166,0.0,0.25704375599593704,True
2006-02-28,0.8957959577803438,0.2740286879741961,0.6503221667772079,0.0,0.245473791003136,True
2006-03-01,0.9145868799250759,0.2792557550491333,0.6591832302135678,0.0,0.2554036497115081,True
2006-03-02,0.9155049196182631,0.27945980841745094,0.6596580901765094,0.0,0.25584682944175363,True
2006-03-03,0.9071793257384153,0.2770334137437748,0.6558603402513262,0.0,0.2513189854870891,True
2006-03-06,0.8948293022933269,0.27342080864183843,0.6501643508638734,0.0,0.24466495142945355,True
2006-03-07,0.8866393808195031,0.27099307580322896,0.6463662478829555,0.0,0.2402731329365476,True
2006-03-08,0.8872066000815976,0.2711022796649563,0.6466828682656812,0.0,0.24052373181591633,True
2006-03-09,0.8753877186458839,0.2675873396543999,0.6411450478472975,0.0,0.2342426707985864,True
2006-03-10,0.8766146497747831,0.26789023254934347,0.6417781473904551,0.0,0.2348365023843279,True
2006-03-13,0.8804975563765046,0.2689624914379431,0.6436767399084592,0.0,0.23682081646804543,True
2006-03-14,0.9033650743723083,0.2753821098567686,0.6545944942207453,0.0,0.24877058015156292,True
2006-03-15,0.9151111062839221,0.27863120384979345,0.6601325970837166,0.0,0.2549785092002055,True
2006-03-16,0.9030471940817472,0.27512703819830586,0.6545944942207453,0.0,0.2484526998610018,True
2006-03-17,0.9066321569895994,0.27608960544282396,0.6563204424845646,0.0,0.2503117145050349,True
2006-03-20,0.9099200743758367,0.27696517971073475,0.657903897453928,0.0,0.25201617692190875,True
2006-03-21,0.8948378735520695,0.2725644201465587,0.65093690742217,0.0,0.24390096612989942,True
2006-03-22,0.8980953512244751,0.273440008715736,0.6525201505580926,0.0,0.24557520066638247,True
2006-03-23,0.8939450438672342,0.2721919964610047,0.6506203576505912,0.0,0.2433246862166429,True
2006-03-24,0.9008965639401548,0.2741169926218362,0.6539455071695338,0.0,0.24695105677062099,True
2006-03-27,0.9011284230355161,0.27412815972849447,0.6541037467497498,0.0,0.2470246762857663,True
2006-03-28,0.8952806966710826,0.27239366264731607,0.6514119086074056,0.0,0.24386878806367696,True
2006-03-29,0.9213979298751112,0.2796138661075216,0.6637622924792642,0.0,0.2576356373958469,True
2006-03-30,0.9257440246213979,0.2807722204663314,0.6658208192450099,0.0,0.259923205376388,True
2006-03-31,0.9215072097076652,0.27952727063884064,0.6639208145040678,0.0,0.2575863952035974,True
2006-04-03,0.9231101085815984,0.2799207484647843,0.664712436072029,0.0,0.25839767250956935,True
2006-04-04,0.9308871063170152,0.28202457611031245,0.6683540647514036,0.0,0.2625330415656116,True
2006-04-05,0.9445722222980706,0.285721155764521,0.6746879552400038,0.0,0.2698842670580668,True
2006-04-06,0.9486357463858026,0.28677814353377484,0.6765877481475052,0.0,0.27204799823829734,True
2006-04-07,0.9341955700804657,0.28270261259336454,0.6700960417455705,0.0,0.26409952833489525,True
2006-04-10,0.9320080335775103,0.282038486745344,0.6691458981528056,0.0,0.26286213542470477,True
2006-04-11,0.9201663875224156,0.2786497078354813,0.6637622924792642,0.0,0.2564040950431514,True
2006-04-12,0.9203975539694487,0.27865864957947756,0.6639208145040678,0.0,0.25647673946538085,True
2006-04-13,0.9260973419236929,0.28019182149008076,0.6666124408129712,0.0,0.25948490111072164,True
2006-04-17,0.9108826696856664,0.2758171672855054,0.6596455920035071,0.0,0.25123707768215925,True
2006-04-18,0.9379136970722207,0.2831829540973474,0.6723125256469447,0.0,0.26560117142527606,True
2006-04-19,0.9443735037044473,0.284900014876537,0.6753214784500429,0.0,0.2690520252544044,True
2006-04-20,0.939042291770485,0.28336959198968453,0.6729462606904244,0.0,0.26609603108006064,True
2006-04-21,0.9216169565125405,0.2784105676926033,0.6650290564547547,0.0,0.2565879000577857,True
2006-04-24,0.9201389389578145,0.27793952762816676,0.664395956911597,0.0,0.25574298204621754,True
2006-04-25,0.9169553485968351,0.27698719453202564,0.6629704590778622,0.0,0.25398488951897297,True
2006-04-26,0.91650346482666,0.2768035215221895,0.6628120782753524,0.0,0.25369138655130763,True
2006-04-27,0.9299988546244391,0.280487395414023,0.6691458981528056,0.0,0.26085295647163353,True
2006-04-28,0.915800289528788,0.27642086654243203,0.6626539799174302,0.0,0.2531463096113577,True
2006-05-01,0.9017573929755056,0.27235173449565286,0.6561622029043486,0.0,0.245595190071157,True
2006-05-02,0.9053464010541281,0.2733125169681945,0.657903897453928,0.0,0.24744250360020018,True
2006-05-03,0.9032149323938332,0.27264958726932514,0.6569537538611632,0.0,0.24626117853267004,True
2006-05-04,0.914544866501557,0.2757735616604463,0.6623375713681452,0.0,0.2522072951334118,True
2006-05-05,0.925627262684549,0.2787997811671635,0.6675625844057361,0.0,0.2580646782788128,True
2006-05-08,0.9268808037667632,0.2790918058956545,0.6681959663934814,0.0,0.25868483737328174,True
2006-05-09,0.9212894550428805,0.2774664841652135,0.665662509053647,0.0,0.2556269459892336,True
2006-05-10,0.9085672397607112,0.27379731082997316,0.659803972806017,0.0,0.2487632669546942,True
2006-05-11,0.8770767311366163,0.26451278282766927,0.6450787242302745,0.0,0.23199800690634184,True
2006-05-12,0.8588682677023654,0.2590602774457313,0.636369615982056,0.0,0.2224986517203094,True
2006-05-15,0.8577963684303469,0.2586883123110807,0.6358944735745266,0.0,0.2219018948558204,True
2006-05-16,0.8479756683137964,0.25570418143978935,0.6311447441667588,0.0,0.21683092414703764,True
2006-05-17,0.8305156513868568,0.25035288302434483,0.6225936636653155,0.0,0.2079219877215413,True
2006-05-18,0.8218646288153546,0.24766397180900765,0.618318370553608,0.0,0.20354625826174652,True
2006-05-19,0.8312163865821074,0.2504134002788882,0.6230686648505511,0.0,0.20814772173155632,True
2006-05-22,0.8190772780487714,0.24665023224765553,0.6170516771892643,0.0,0.202025600859507,True
2006-05-23,0.8070611724451239,0.24288907506349064,0.6110348307502714,0.0,0.19602634169485245,True
2006-05-24,0.8150538033817355,0.245262150375121,0.61515195489291,0.0,0.19990184848882553,True
2006-05-25,0.8309132727224117,0.24994908861600645,0.6232272574865017,0.0,0.20768601523591002,True
2006-05-26,0.8349383567975196,0.2510991241375287,0.625286066696835,0.0,0.20965229010068462,True
2006-05-30,0.8078475722243419,0.24264599588272293,0.6118265935405265,0.0,0.19602097868381538,True
2006-05-31,0.8133504608355691,0.24426582208760853,0.6146767418742335,0.0,0.1986737189613355,True
2006-06-01,0.8419549847901262,0.2526390043099669,0.6292443157589354,0.0,0.2127106690311908,True
2006-06-02,0.8386725716372199,0.25160184887580916,0.6276610020118658,0.0,0.21101156962535403,True
2006-06-05,0.8112270662612859,0.2430685380046655,0.6140432892753412,0.0,0.19718377698594466,True
2006-06-06,0.8102074824141288,0.24270165891344483,0.6135687823681341,0.0,0.19663870004599474,True
2006-06-07,0.8011127949362551,0.23983664937273935,0.6089765864291132,0.0,0.19213620850714186,True
2006-06-08,0.7991787893229865,0.23918534220676885,0.6080269371143767,0.0,0.19115185220860975,True
2006-06-09,0.7914004658092513,0.2367100113666715,0.6040680525519543,0.0,0.187332413257297,True
2006-06-12,0.7683927583211684,0.22931015821736467,0.592192493337464,0.0,0.17620026498370436,True
2006-06-13,0.7638184303233322,0.22780406442718273,0.5898174874112863,0.0,0.17400094291204596,True
2006-06-14,0.7750827745944469,0.2312635647623364,0.5958343691558526,0.0,0.17924840543859424,True
2006-06-15,0.8057294573925488,0.2404586582930584,0.6119848331207425,0.0,0.19374462427180625,True
2006-06-16,0.7968704746850255,0.2376609372056103,0.6074854908399028,0.0,0.1893849838451227,True
2006-06-19,0.7872798438292139,0.23461351066296438,0.6025733557942516,0.0,0.1847064880349622,True
2006-06-20,0.7887169836390261,0.23500383007298742,0.6033654716402412,0.0,0.18535151199878488,True
2006-06-21,0.8069023247981828,0.24046260989298368,0.6128724858484957,0.0,0.19402983894968703,True
2006-06-22,0.7916773526946655,0.23566281752176982,0.6051084371904648,0.0,0.18656891550420077,True
2006-06-23,0.7903726125027997,0.23520305313900292,0.6044745609246911,0.0,0.18589805157810854,True
2006-06-26,0.7933337460030803,0.23606065381534366,0.6060588632278173,0.0,0.1872748827752629,True
2006-06-27,0.7712653300936265,0.22899277983237637,0.5946511381671516,0.0,0.1766141919264749,True
2006-06-28,0.7795739224224878,0.23151914232121862,0.5990876365272452,0.0,0.1804862858952426,True
2006-06-29,0.8141817065543835,0.24180440405491252,0.6173089842085892,0.0,0.19687272234579437,True
2006-06-30,0.8082016960531817,0.2399191659922842,0.6142986191825528,0.0,0.1939030768706289,True
2006-07-03,0.8152072171165871,0.24198106390138452,0.6179425074186283,0.0,0.1972647096979587,True
2006-07-05,0.7887515205302295,0.23363119412012065,0.6044745609246911,0.0,0.18427695960553836,True
2006-07-06,0.7874545878132606,0.2331733305233565,0.6038411789369458,0.0,0.1836134088763149,True
2006-07-07,0.7746454001125548,0.22908431381927594,0.5971862901745117,0.0,0.17745910993804306,True
2006-07-10,0.7646741743713101,0.2258697250811401,0.5919574288294145,0.0,0.1727167455418956,True
2006-07-11,0.7729145455016366,0.22838305221955654,0.5963939624950815,0.0,0.1765205830065551,True
2006-07-12,0.7515943642660535,0.22146295772300678,0.5851440533477503,0.0,0.16645031091830317,True
2006-07-13,0.7333100535462718,0.21544763564886849,0.5753201363121824,0.0,0.1579899172340894,True
2006-07-14,0.7225453893567916,0.2118726931965116,0.569457751757046,0.0,0.15308763759974553,True
2006-07-17,0.7250513674839854,0.21262983550946044,0.5708838144799562,0.0,0.15416755300402915,True
2006-07-18,0.728421344990255,0.21366211191594583,0.5727853020549833,0.0,0.15563604293527167,True
2006-07-19,0.7418668101982847,0.21787512904615464,0.5802324831912743,0.0,0.1616343270070104,True
2006-07-20,0.7260849953545107,0.2126595226297266,0.5716761068538132,0.0,0.15440888850069748,True
2006-07-21,0.7151138883650571,0.2090000372600524,0.5656550590515792,0.0,0.14945882931347787,True
2006-07-24,0.735212278177103,0.21532190726017564,0.5769049681989104,0.0,0.15830730997819262,True
2006-07-25,0.7412052096548929,0.2171770035703984,0.5802324831912743,0.0,0.16097272646361857,True
2006-07-26,0.7402593024708871,0.2168189492465608,0.5797570583391574,0.0,0.16050224413172978,True
2006-07-27,0.7332241061382916,0.21449078092105917,0.5759542950225438,0.0,0.15726981111574773,True
2006-07-28,0.7550576964422331,0.22125685886483906,0.5879960022657035,0.0,0.16706169417652966,True
2006-07-31,0.7546878263937082,0.22108492171006772,0.587837727379914,0.0,0.16685009901379416,True
2006-08-01,0.736421491013293,0.2151040659936498,0.5780142340112276,0.0,0.15840725700206537,True
2006-08-02,0.7481849919320852,0.21876235249082013,0.584510282998697,0.0,0.16367470893338823,True
2006-08-03,0.7548150030377454,0.2207964107376531,0.5881545595960804,0.0,0.16666044344166492,True
2006-08-04,0.7497551315545926,0.21913006796536805,0.5854612386196513,0.0,0.16429389293494134,True
2006-08-07,0.7426746287069842,0.21680573413246437,0.5816585106086111,0.0,0.1610161180983731,True
2006-08-08,0.735929069090798,0.21457887955787083,0.5780142340112276,0.0,0.15791483507957035,True
2006-08-09,0.7372979877020754,0.21496274936712223,0.5788063851627906,0.0,0.15849160253928482,True
2006-08-10,0.7447284759249887,0.21726378910652616,0.5829259453899973,0.0,0.16180253053499138,True
2006-08-11,0.7371039442118249,0.21475608737692992,0.5788063851627906,0.0,0.15829755904903434,True
2006-08-14,0.7439538375848391,0.21687464498441938,0.5826091131738308,0.0,0.1613447244110084,True
2006-08-15,0.7708565341806309,0.22508978794502657,0.5973446003658746,0.0,0.17351193381475635,True
2006-08-16,0.7971669371818657,0.23297577458992993,0.6114463525144386,0.0,0.1857205846674272,True
2006-08-17,0.8013209576332792,0.23418349703419722,0.613664813527926,0.0,0.1876561441053531,True
2006-08-18,0.8030563334678762,0.23465488789415748,0.6146152395652785,0.0,0.18844109390259764,True
2006-08-21,0.791714937124255,0.23109586320691647,0.6087528903157157,0.0,0.1829620468085393,True
2006-08-22,0.7919307071865049,0.23110554449995716,0.6089111298959315,0.0,0.18301957729057336,True
2006-08-23,0.7831075426962677,0.22831037202367024,0.6043159682887406,0.0,0.1787915744075271,True
2006-08-24,0.7863145396484658,0.229241184451752,0.6060588632278173,0.0,0.1802556764206484,True
2006-08-25,0.7883303308539157,0.22980471281585743,0.6071683055680017,0.0,0.18116202528591396,True
2006-08-28,0.7969544351670295,0.2323735223022096,0.6117633259528988,0.0,0.18519110921413057,True
2006-08-29,0.8004974916658593,0.2333957071484744,0.613664813527926,0.0,0.18683267813793322,True
2006-08-30,0.8058685578262903,0.23496614782531364,0.6165167271403058,0.0,0.18935183068598443,True
2006-08-31,0.8045631888656727,0.23451294046829155,0.6158827096522383,0.0,0.1886804792134343,True
2006-09-01,0.8108630342045058,0.23635627021634967,0.6192104717836164,0.0,0.19165256242088935,True
2006-09-05,0.8223879586645781,0.2397365772529681,0.6252314842802768,0.0,0.19715647438430137,True
2006-09-06,0.7979391306787299,0.23212953262316066,0.6127138932125452,0.0,0.1852252374661847,True
2006-09-07,0.7924174832739499,0.2303778461681486,0.6098620502113123,0.0,0.1825554330626375,True
2006-09-08,0.7992515998176094,0.23239922144562278,0.6135061502808286,0.0,0.18574544953678088,True
2006-09-11,0.8064248424089423,0.23451144887281575,0.6173089842085892,0.0,0.18911585820035318,True
2006-09-12,0.8282329152414394,0.24089324152976346,0.6287172035472832,0.0,0.19951571169415616,True
2006-09-13,0.8364942873601956,0.2432759784857942,0.6329953211048669,0.0,0.20349896625532868,True
2006-09-14,0.8376470475479152,0.2435610605090073,0.6336288443149061,0.0,0.2040182032330091,True
2006-09-15,0.8420120014388857,0.2447899973981323,0.6358958857974647,0.0,0.206116115641421,True
2006-09-18,0.8422313961597818,0.2447985908489525,0.6360543372111214,0.0,0.20617705894866045,True
2006-09-19,0.833695084792056,0.24220037949231416,0.631773818874543,0.0,0.201921265917513,True
2006-09-20,0.8516159697440411,0.24734961808917738,0.6409690848692081,0.0,0.210646884874833,True
2006-09-21,0.8436511377973779,0.24494141510645387,0.6370060342491183,0.0,0.20664510354825966,True
2006-09-22,0.8338595974114823,0.2419695887683345,0.632090933535297,0.0,0.20176866387618533,True
2006-09-25,0.8554946105210198,0.24816755460542342,0.6431886050498992,0.0,0.21230600547112063,True
2006-09-26,0.8617102023136576,0.24991085462676077,0.6463594692128525,0.0,0.2153507331008051,True
2006-09-27,0.8600299819232156,0.2493667843083264,0.6455670709222753,0.0,0.21446291100094034,True
2006-09-28,0.8634157100551688,0.2502907521307351,0.6473107425839679,0.0,0.21610496747120092,True
2006-09-29,0.857607782073734,0.248540697031484,0.6444573461375032,0.0,0.21315043593623087,True
2006-10-02,0.8414038929596434,0.2436788105938893,0.6363715930941694,0.0,0.20503229986547403,True
2006-10-03,0.8466116524365497,0.2451479538608489,0.6390665381269773,0.0,0.20754511430957231,True
2006-10-04,0.8775060832832877,0.25383742840302576,0.6547621956946467,0.0,0.22274388758864108,True
2006-10-05,0.8838122174948041,0.2555738587771059,0.6579329186353062,0.0,0.2258792988594979,True
2006-10-06,0.8808138039819744,0.25465987886609637,0.6565058673563393,0.0,0.22430793662563514,True
2006-10-09,0.8852075056519529,0.25585176903202894,0.658725599370471,0.0,0.2264819062814819,True
2006-10-10,0.8873585590596864,0.2564051512127086,0.6598352535440963,0.0,0.22752330551559014,True
2006-10-11,0.8846744773363231,0.2555826763337767,0.6585670067345206,0.0,0.22610747060180253,True
2006-10-12,0.9058106578173593,0.26140159432721205,0.6690303077053208,0.0,0.23678035011203843,True
2006-10-13,0.9132201834503586,0.26340113592913006,0.6726769497761257,0.0,0.24054323367423297,True
2006-10-16,0.914423584590125,0.2636772410514252,0.6733108966530462,0.0,0.24111268793707868,True
2006-10-17,0.8988562986502554,0.2592144065764758,0.6658597965981019,0.0,0.2329965020521535,True
2006-10-18,0.8922485782831595,0.25728232317502525,0.6626887912128548,0.0,0.22955978707030467,True
2006-10-19,0.8953765434779055,0.2581058195013964,0.664274646961213,0.0,0.2311018965166925,True
2006-10-20,0.8985091655722193,0.2589282089581732,0.6658597965981019,0.0,0.23264936897411742,True
2006-10-23,0.9123640518702584,0.2627099364588042,0.6726769497761257,0.0,0.23968710209413271,True
2006-10-24,0.9027402318271243,0.25994297959284485,0.668079246167646,0.0,0.2346609856594782,True
2006-10-25,0.9120734741813405,0.26247504305515795,0.6726769497761257,0.0,0.23939652440521486,True
2006-10-26,0.9247460583280269,0.2658959755406837,0.6788598030214942,0.0,0.24588625530653274,True
2006-10-27,0.904453263413779,0.2601174545381556,0.6691891827858588,0.0,0.23526408062792012,True
2006-10-30,0.9131394566459555,0.26246816543054174,0.6734694186778498,0.0,0.23967003796810568,True
2006-10-31,0.9163070475945158,0.26328742844156483,0.6750549213704732,0.0,0.2412521262240426,True
2006-11-01,0.8971420853042233,0.25779895124158947,0.6658597965981019,0.0,0.2312822887061214,True
2006-11-02,0.8983305843372349,0.25807495934229463,0.6664939553084632,0.0,0.2318366290287717,True
2006-11-03,0.8946593590828134,0.2569797717382946,0.664750001202183,0.0,0.22990935788063033,True
2006-11-06,0.9142580996744297,0.2623299334056517,0.6744208332712589,0.0,0.2398372664031708,True
2006-11-07,0.9236503351500538,0.26485325556729544,0.6790185368797385,0.0,0.24463179827031528,True
2006-11-08,0.9301342119852688,0.2665692335615737,0.6821890479869573,0.0,0.24794516399831143,True
2006-11-09,0.9233919355273583,0.26464753399438756,0.6790185368797385,0.0,0.24437339864761987,True
2006-11-10,0.9298723995373679,0.2663627307076095,0.6821890479869573,0.0,0.2476833515504106,True
2006-11-13,0.9443320540914975,0.27020917967769786,0.6891648644120785,0.0,0.2551671896794189,True
2006-11-14,0.9596073008882411,0.2742265378674129,0.6964575130533659,0.0,0.26314978783487514,True
2006-11-15,0.9655741757465268,0.2757558959805534,0.699311403777859,0.0,0.2662627719686678,True
2006-11-16,0.9719041303085001,0.27737357750420866,0.7023236046937149,0.0,0.26958052561478524,True
2006-11-17,0.9717793184152737,0.2772807659263349,0.7023236046937149,0.0,0.26945571372155874,True
2006-11-20,0.9747235369285574,0.27800031042536716,0.7037500910835066,0.0,0.2709734458450508,True
2006-11-21,0.9766489281225885,0.27844966173334285,0.704701364454622,0.0,0.27194756366796663,True
2006-11-22,0.9861026662482228,0.28086525720630595,0.7091406872605917,0.0,0.2769619789876312,True
2006-11-24,0.9832208457648159,0.2800476504789753,0.7078721580064283,0.0,0.27534868775838767,True
2006-11-27,0.9483971458933427,0.270495536956216,0.6918599506671802,0.0,0.2565371952261624,True
2006-11-28,0.9526333712425803,0.2715757685850018,0.6939212312676553,0.0,0.2587121399749251,True
2006-11-29,0.9625905306554692,0.27416983357218516,0.6986772450674977,0.0,0.2639132855879714,True
2006-11-30,0.9614552436123512,0.27380747775769826,0.69820160838194,0.0,0.26325363523041123,True
2006-12-01,0.9484950697499049,0.2702368151835972,0.6921767828833467,0.0,0.2563182868665582,True
2006-12-04,0.9684588493329429,0.2754575818293037,0.7016895165945005,0.0,0.2667693327384424,True
2006-12-05,0.9737664157965942,0.27680205687185994,0.7042258689913581,0.0,0.2695405468052361,True
2006-12-06,0.9681950866992104,0.2752601967990624,0.7016895165945005,0.0,0.26650557010470993,True
2006-12-07,0.9490802687126043,0.27001830416507255,0.6928112240382955,0.0,0.2562690446743088,True
2006-12-08,0.9556530202254536,0.2717211564887693,0.6959818763678082,0.0,0.2596711438576455,True
2006-12-11,0.9609123263213417,0.27306716345617965,0.6985187230426941,0.0,0.26239360327864764,True
2006-12-12,0.9520261605135365,0.2706120876966056,0.6943963736751847,0.0,0.25762978683835186,True
2006-12-13,0.9545899594840885,0.2712423226376395,0.6956647617070542,0.0,0.2589251977770343,True
2006-12-14,0.9709160839071542,0.27549508926659394,0.703433470700781,0.0,0.2674826132063733,True
2006-12-15,0.9746699710430783,0.2764289005356395,0.7052430225625366,0.0,0.2694269484805417,True
2006-12-18,0.9595591156974932,0.27231310697315797,0.6982585915774929,0.0,0.2613005241200003,True
2006-12-19,0.9547235926676441,0.27095515088588046,0.6960363175620726,0.0,0.2586872751055714,True
2006-12-20,0.9492354524028475,0.26941534208476126,0.6934968582747512,0.0,0.25573859412809624,True
2006-12-21,0.9387552811488062,0.2665008729030254,0.6885761792803244,0.0,0.25017910186848186,True
2006-12-22,0.9237124010479079,0.26228876686728125,0.6814330144370365,0.0,0.24227938661087128,True
2006-12-26,0.9295077772851472,0.2638141902184928,0.6842904357188749,0.0,0.24521734156627223,True
2006-12-27,0.9366427986889223,0.2656939113268845,0.6877825099891028,0.0,0.2488602886998195,True
2006-12-28,0.9295770076970052,0.2636985623942765,0.6844488871325316,0.0,0.2451281205644736,True
2006-12-29,0.930781955550433,0.263969516070474,0.6850838931766557,0.0,0.24569806237377723,True
2007-01-03,0.9333060077395878,0.26459920949361515,0.6863539758760511,0.0,0.24695203186353681,True
2007-01-04,0.9602577884018066,0.271685440063766,0.6993697285852032,0.0,0.2608880598166035,True
2007-01-05,0.9530742230005147,0.26969348161491846,0.6960363175620726,0.0,0.257037905438442,True
2007-01-08,0.9539601754333376,0.26987231867005934,0.6965127309702462,0.0,0.25744744446309137,True
2007-01-09,0.9612050998920143,0.27174281235656356,0.7000045227958867,0.0,0.2612005770961276,True
2007-01-10,0.9785781882472827,0.2762371461897707,0.7082585422022971,0.0,0.2703196460449856,True
2007-01-11,0.994114951724884,0.2802038061919532,0.7155601584592417,0.0,0.27855479326564225,True
2007-01-12,1.0019009238075283,0.28215332280653044,0.7192112490323016,0.0,0.2826896747752266,True
2007-01-16,1.0007324062625549,0.28179097333138675,0.7187350474575687,0.0,0.2819973588049861,True
2007-01-17,0.9878152528946939,0.27834484917629565,0.712861965313676,0.0,0.2749532875810179,True
2007-01-18,0.9592681440646229,0.2706031148527788,0.6996871963016918,0.0,0.2595809477629311,True
2007-01-19,0.9621649562754766,0.2713146389208472,0.7011155185813029,0.0,0.26104943769417366,True
2007-01-22,0.9459147734779826,0.266850589800104,0.6934968582747512,0.0,0.2524179152032314,True
2007-01-23,0.942144125699441,0.26576997667323393,0.6917505033894762,0.0,0.2503936223099648,True
2007-01-24,0.9658670761981314,0.2719707507028482,0.7031794824053604,0.0,0.2626875937927709,True
2007-01-25,0.9465561815056363,0.2666769767982749,0.694131440651994,0.0,0.25242474085364225,True
2007-01-26,0.9411282851681806,0.2651461225526298,0.6915917695312318,0.0,0.24953651563694873,True
2007-01-29,0.9423339962810835,0.26541272364810775,0.6922265637419153,0.0,0.25010743253916823,True
2007-01-30,0.9428799181844644,0.26550104573602484,0.6925443139029915,0.0,0.25033560428147283,True
2007-01-31,0.957321647956348,0.2692857885874409,0.6995285330545944,0.0,0.25779311490175366,True
2007-02-01,0.9548619574460426,0.26856715716800306,0.6984173960468842,0.0,0.2564445613991584,True
2007-02-02,0.9600797212601365,0.2698970182938383,0.7009570671676463,0.0,0.25912265409249025,True
2007-02-05,0.9586191578404671,0.2694471895607831,0.7003219199012285,0.0,0.25829723793923864,True
2007-02-06,0.9564929546537805,0.26881873496041336,0.6993697285852032,0.0,0.2571232260685773,True
2007-02-07,0.9697246492742166,0.27224833318671304,0.7057187298592412,0.0,0.26400591941497537,True
2007-02-08,0.9692639829362284,0.2720663645817897,0.705559854778703,0.0,0.2637041281575255,True
2007-02-09,0.9499491307240638,0.2667894433048694,0.6965127309702462,0.0,0.2534363997538176,True
2007-02-12,0.9441863550347624,0.26517240895373717,0.693814184768946,0.0,0.2503721702658165,True
2007-02-13,0.9490280098815285,0.26641238678559137,0.6961951926426106,0.0,0.2528328172389178,True
2007-02-14,0.9734531661315796,0.27275267024771144,0.7079412157081022,0.0,0.2655119504234774,True
2007-02-15,0.9820999433331056,0.2749531836565527,0.7120684372447482,0.0,0.27003150608835735,True
2007-02-16,0.9768832240379086,0.2735188089162539,0.7096872881487898,0.0,0.2671959358891188,True
2007-02-20,0.9882505985307057,0.2764141304026428,0.7150841687179494,0.0,0.2731664298127563,True
2007-02-21,0.992890961755095,0.277557829468886,0.717306301511076,0.0,0.2755846602440189,True
2007-02-22,1.0006216359861244,0.2794902202787058,0.7209576745287235,0.0,0.27966396145740086,True
2007-02-23,0.994993768258206,0.27796790147096356,0.7184174385187863,0.0,0.27657632973941976,True
2007-02-26,0.9873383935615407,0.27590659120691513,0.7149252230262644,0.0,0.2724131705352763,True
2007-02-27,0.9242788589689536,0.25827577090209136,0.6855600241402418,0.0,0.23871883482871184,True
2007-02-28,0.9287113929115473,0.2594227709074643,0.6877825099891028,0.0,0.24092888292244438,True
2007-03-01,0.9220889990297209,0.2575466735010999,0.6846080446576573,0.0,0.2374809543720635,True
2007-03-02,0.90092366526823,0.2515568654336754,0.6742901320383362,0.0,0.22663353322989374,True
2007-03-05,0.8902986177438024,0.24850834091719182,0.6690519853274208,0.0,0.22124663241638148,True
2007-03-06,0.912329700329569,0.2544767510001188,0.6801630023487882,0.0,0.2321666979807807,True
2007-03-07,0.9067606924175009,0.25287380270669824,0.6774646679809287,0.0,0.22929602443657218,True
2007-03-08,0.9159324258395514,0.25532924498538384,0.6820680910923076,0.0,0.23386433474724372,True
2007-03-09,0.9145362891634736,0.2548868508429082,0.6814330144370365,0.0,0.23310327472643708,True
2007-03-12,0.9234340865409179,0.25725336278510247,0.6858775624678773,0.0,0.23755652407304045,True
2007-03-13,0.8961369067918152,0.2495073066149436,0.6725442008199427,0.0,0.22359270597187259,True
2007-03-14,0.9156910947041215,0.2547863661182137,0.6823854881976493,0.0,0.23330560650647217,True
2007-03-15,0.912368366444515,0.2538124261861203,0.6807979377817654,0.0,0.23157042866274963,True
2007-03-16,0.9112047775132588,0.2534340094152392,0.6802744973497526,0.0,0.23093028016350614,True
2007-03-19,0.9252038689539182,0.25717704628425764,0.6872626707255821,0.0,0.23794119822833606,True
2007-03-20,0.9351330186092137,0.259798708130983,0.6921866684439135,0.0,0.2429463501653002,True
2007-03-21,0.962411086649714,0.2669159460320325,0.7055282209848892,0.0,0.2568828656648248,True
2007-03-22,0.9569757156983845,0.26540776920893927,0.7029869258077482,0.0,0.2539887898906363,True
2007-03-23,0.9522252880020889,0.2640780913588873,0.7007634514028305,0.0,0.2514618365992584,True
2007-03-26,0.9580462486832917,0.26556513496166706,0.7036225673521945,0.0,0.2544236813310972,True
2007-03-27,0.9476634689886939,0.2627146865268072,0.6986983578004226,0.0,0.2489651111882714,True
2007-03-28,0.9321040004100495,0.2584162977392962,0.6912331355160971,0.0,0.2408708648939524,True
2007-03-29,0.9336178531623301,0.2587680630222806,0.6920273696964939,0.0,0.2415904834658362,True
2007-03-30,0.9322069488702212,0.25832761420964,0.6913921518189291,0.0,0.24081479705129208,True
2007-04-02,0.9340447431188326,0.25876671931727735,0.6923450492464231,0.0,0.24169969387240936,True
2007-04-03,0.9524695642315523,0.2635998395839269,0.7013987398915423,0.0,0.25107082434000993,True
2007-04-04,0.9582832755954627,0.26508429176496906,0.7042574321740248,0.0,0.25402584342143786,True
2007-04-05,0.965442566757692,0.2669146141038827,0.7077518366121007,0.0,0.25769073014559135,True
2007-04-09,0.9616691214595561,0.26585494050018255,0.7060046343930629,0.0,0.2556644870664931,True
2007-04-10,0.9691745761533099,0.26777073812699176,0.7096579845228238,0.0,0.2595165916304862,True
2007-04-11,0.9534005871331825,0.2634861235507006,0.7021927622384984,0.0,0.25120782489468424,True
2007-04-12,0.9648111940946911,0.2664348828620259,0.7077518366121007,0.0,0.25705935748259034,True
2007-04-13,0.967681557769235,0.2671333923751151,0.7091815005035034,0.0,0.25850005726573166,True
2007-04-16,0.9811974168828803,0.2705914809449447,0.7156937547491875,0.0,0.26550366213369286,True
2007-04-17,0.9844312065852756,0.2713745939670951,0.7172815876096589,0.0,0.26714961897561673,True
2007-04-18,0.9792659419180361,0.26996415629040676,0.714899238124203,0.0,0.2643667037938331,True
2007-04-19,0.9838361892583437,0.2710951963424333,0.7171229243625616,0.0,0.26671326489578207,True
2007-04-20,0.9921177583947617,0.2731769095321206,0.7210940952645456,0.0,0.2710236631302161,True
2007-04-23,0.9943593105365085,0.2736976392093357,0.7222055147168435,0.0,0.2721537958196651,True
2007-04-24,1.0020192468462747,0.2756039402236999,0.7258587942354573,0.0,0.2761604526108175,True
2007-04-25,1.0226415897895922,0.28073781894114813,0.7355474203135538,0.0,0.2870941694760384,True
2007-04-26,1.03078705057513,0.2827237398625153,0.7393590806346775,0.0,0.29142796994045245,True
2007-04-27,1.0313496902803738,0.2828068122879201,0.7396769720180475,0.0,0.2916727182623262,True
2007-04-30,1.0100692941095937,0.277289194769827,0.7299879928842168,0.0,0.2800813012253768,True
2007-05-01,1.008578297707663,0.2768502656461186,0.7293531280623864,0.0,0.27922516964527655,True
2007-05-02,1.025515716974744,0.2810501800372096,0.737294340088004,0.0,0.2882213768867399,True
2007-05-03,1.0312538598228433,0.2824321830087969,0.7399945809568298,0.0,0.2912592788660135,True
2007-05-04,1.032509448628318,0.28268936264771466,0.7406300106678354,0.0,0.2918794379604825,True
2007-05-07,1.0323797612705123,0.2825992542159399,0.7406300106678354,0.0,0.2917497506026769,True
2007-05-08,1.0357144798212667,0.28337553228528783,0.7422183378063354,0.0,0.29349614201493146,True
2007-05-09,1.0390564409577432,0.28415188529307434,0.7438065943336885,0.0,0.29524984662405473,True
2007-05-10,1.0166546780261134,0.27837712424907896,0.7336412724028307,0.0,0.28301340562328275,True
2007-05-11,1.0367453791356231,0.2833223041113294,0.7430122895421446,0.0,0.29373308959347855,True
2007-05-14,1.0255052182401578,0.28042312483158477,0.7379298404101564,0.0,0.28757537783000137,True
2007-05-15,1.0129758984447688,0.2771673706131788,0.7322120321783097,0.0,0.280763866266459,True
2007-05-16,1.0282220686600345,0.28093443705385507,0.7393590806346775,0.0,0.2888629880253571,True
2007-05-17,1.0205050243499494,0.27892106492533997,0.7358646761966016,0.0,0.2846403481533479,True
2007-05-18,1.03341910000459,0.28209141245824654,0.7419004464229654,0.0,0.2915186535816247,True
2007-05-21,1.043672533119142,0.28457869171927147,0.7466655690607585,0.0,0.2970069640583835,True
2007-05-22,1.0449322273981503,0.28483331575681914,0.7473007163271765,0.0,0.2976315110709737,True
2007-05-23,1.0371301449025176,0.2828223169584945,0.7438065943336885,0.0,0.2933235505688292,True
2007-05-24,1.0137676298281335,0.27679172241518507,0.7331651414392447,0.0,0.28060248838888885,True
2007-05-25,1.0235371994765878,0.27919463315139836,0.7377711065519122,0.0,0.2857660929246756,True
2007-05-29,1.0357730869154584,0.28218931850312634,0.7434889853949057,0.0,0.2922841015205527,True
2007-05-30,1.048797765004899,0.28534870113246136,0.7495246850101227,0.0,0.29927307999477637,True
2007-05-31,1.0563470159907438,0.28714852869369806,0.7530185245590233,0.0,0.3033284914317204,True
2007-06-01,1.0572663334161456,0.2873175604050394,0.7534951498006376,0.0,0.303771183615508,True
2007-06-04,1.0620473420485668,0.28843193015897445,0.7557189772612901,0.0,0.30632836478727665,True
2007-06-05,1.0619118041332662,0.2883411086308538,0.7557189772612901,0.0,0.3061928268719761,True
2007-06-06,1.0438305885979398,0.2837742700468754,0.7476183252659591,0.0,0.29621226333198064,True
2007-06-07,1.018324446423537,0.2772206968940786,0.7360238337217274,0.0,0.28230061270180973,True
2007-06-08,1.0376719105365038,0.28197223577437486,0.7450772419222587,0.0,0.29259466861424505,True
2007-06-11,1.0344311527762378,0.28110467549500445,0.7436477192531501,0.0,0.29078343352308766,True
2007-06-12,1.0246415992694136,0.27857633307174906,0.7392006998321677,0.0,0.28544089943724577,True
2007-06-13,1.0420025607325338,0.2828225721424142,0.7473007163271765,0.0,0.29470184440535735,True
2007-06-14,1.0526258353216078,0.2853827565486385,0.7522245728232142,0.0,0.3004012624983936,True
2007-06-15,1.067767022253842,0.2890110150228427,0.7591705913443408,0.0,0.3085964309095012,True
2007-06-18,1.067991023457871,0.289011113210522,0.7593297488694668,0.0,0.308661274588404,True
2007-06-19,1.067505697352399,0.2888369652478514,0.7591705913443408,0.0,0.3083351060080583,True
2007-06-20,1.051504102404253,0.2848168990611769,0.7520179646073676,0.0,0.2994861377968856,True
2007-06-21,1.0663759066258758,0.28838128440298766,0.7588530530167054,0.0,0.3075228536091705,True
2007-06-22,1.0503942304713576,0.28436359048615056,0.7517003556685853,0.0,0.2986938748027724,True
2007-06-25,1.0432947437361149,0.28254097464256883,0.7485212300014439,0.0,0.294773513734671,True
2007-06-26,1.0338019871048554,0.2801047582419786,0.7442291314367727,0.0,0.2895728556680826,True
2007-06-27,1.0584792814319406,0.28607584427418653,0.755673927349564,0.0,0.3028053540823767,True
2007-06-28,1.0576465409890115,0.2858142993028124,0.7553560359661939,0.0,0.30229050502281757,True
2007-06-29,1.0603120724568198,0.28641039580200217,0.7566276721108209,0.0,0.303684400345999,True
2007-07-02,1.0752418240957877,0.289961873877965,0.7634626899090119,0.0,0.31177913418677583,True
2007-07-03,1.085005245168742,0.29224876267110794,0.7679138047765149,0.0,0.317091440392227,True
2007-07-05,1.0973168918370424,0.29511990644794545,0.7734768333743441,0.0,0.3238400584626982,True
2007-07-06,1.1043430347701568,0.29672599658340093,0.7766557472080446,0.0,0.3276872875621122,True
2007-07-09,1.1052770559320138,0.29688856457485685,0.7771329373388344,0.0,0.3281441185931793,True
2007-07-10,1.0903560206109506,0.2932439260700613,0.7706157403128667,0.0,0.3197402802980838,True
2007-07-11,1.1019862074605693,0.29594307669465003,0.7758610187496194,0.0,0.3261251887109498,True
2007-07-12,1.1287950076612998,0.30210262265730586,0.7877830754043473,0.0,0.34101193225695237,True
2007-07-13,1.1410643095840742,0.30487027195795036,0.7931877231996667,0.0,0.34787658638440755,True
2007-07-16,1.1390664509582362,0.30434906495673786,0.792392641685507,0.0,0.3466738092727291,True
2007-07-17,1.1528782308371806,0.3074438308671349,0.7984329310252727,0.0,0.3544452998119078,True
2007-07-18,1.1504938129349578,0.3068376679087279,0.797478974430575,0.0,0.3530148385043827,True
2007-07-19,1.1558848385384939,0.3080077925068253,0.7998633010281442,0.0,0.3560215375103497,True
2007-07-20,1.1457018640766898,0.3056030867114466,0.7955718379637953,0.0,0.3501300261128946,True
2007-07-23,1.14628003465744,0.3056760698323897,0.7958896587360184,0.0,0.3503903759214217,True
2007-07-24,1.1188218348527408,0.2991493215233766,0.784127042051004,0.0,0.3346947928017367,True
2007-07-25,1.1212074384961541,0.29964818736306253,0.7852396618927993,0.0,0.335967776603355,True
2007-07-26,1.1058121561474281,0.29593497768201305,0.7785636603974403,0.0,0.3272484957499879,True
2007-07-27,1.070086273830727,0.2871353329502665,0.7628266953088312,0.0,0.3072595785218959,True
2007-07-30,1.0896081631693388,0.2917377216503786,0.771728360154662,0.0,0.3178798030146769,True
2007-07-31,1.053215583103583,0.2826588852689992,0.7555148404355853,0.0,0.29770074266799773,True
2007-08-01,1.0659174259848891,0.28568913749243796,0.7613963959171065,0.0,0.3045210300677826,True
2007-08-02,1.0811675718042588,0.2892957113615286,0.7683904300181293,0.0,0.3127771417861296,True
2007-08-03,1.0485467772121317,0.2811322735346548,0.7537664378270499,0.0,0.2947803393850818,True
2007-08-06,1.0674158362971897,0.28564938700338144,0.7625091569811956,0.0,0.304906679315994,True
2007-08-07,1.0791668763351996,0.2884197786126327,0.7679138047765149,0.0,0.31125307155868465,True
2007-08-08,1.0976953344552358,0.29275608109605,0.776338350102703,0.0,0.32135698435253274,True
2007-08-09,1.0572846111859058,0.2827132751974741,0.7583762159416504,0.0,0.29890839524425533,True
2007-08-10,1.0422421657040124,0.27891889978883894,0.7515411275323125,0.0,0.2907010381716999,True
2007-08-13,1.0531066233552815,0.28152795231678923,0.7566276721108209,0.0,0.2964789512444606,True
2007-08-14,1.0249698612786262,0.2743663936825505,0.7437525768063054,0.0,0.28121728447232075,True
2007-08-15,0.9946640245190435,0.26648046544739684,0.7296054923014278,0.0,0.26505853221761566,True
2007-08-16,0.9796173783965201,0.2625164153695964,0.7224517357861041,0.0,0.25716564261041597,True
2007-08-17,1.0077943655797583,0.2695709652662706,0.7361222656605141,0.0,0.27167209991924424,True
2007-08-20,1.0150812930810904,0.2713692000967835,0.7396194945444663,0.0,0.27546179853662417,True
2007-08-21,1.031478804670252,0.2754011086392194,0.7474083983262079,0.0,0.2840704063440443,True
2007-08-22,1.0531510233613788,0.2806526989425197,0.7575813462609313,0.0,0.29556967710044757,True
2007-08-23,1.0485585393375707,0.2794729029502888,0.7555148404355853,0.0,0.2930436989019855,True
2007-08-24,1.0714859310840268,0.28495109916779576,0.7661648372788044,0.0,0.3053210938052225,True
2007-08-27,1.060190341141666,0.28213064961671425,0.761078151478002,0.0,0.2991121896636641,True
2007-08-28,1.020583236842441,0.27202634698938805,0.7429577071255864,0.0,0.27762552971685467,True
2007-08-29,1.0656559890852861,0.2828293423377627,0.7642572065339965,0.0,0.3013987825512895,True
2007-08-30,1.0742217675849446,0.28484853344562727,0.7682312724930037,0.0,0.30599049509194093,True
2007-08-31,1.0929439284174716,0.28924541823663374,0.7768149047331705,0.0,0.31612902368430107,True
2007-09-04,1.1214092329271859,0.29580531306732794,0.7896904237045677,0.0,0.3317188092226183,True
2007-09-05,1.1033124818950595,0.29145827667593616,0.7817429272868754,0.0,0.32156955460818404,True
2007-09-06,1.1017626840104506,0.2910389843472029,0.7811067914644009,0.0,0.32065589254604976,True
2007-09-07,1.0693606621020382,0.2830841540068174,0.7666416037427126,0.0,0.3027190583593256,True
2007-09-10,1.0682047434222532,0.2827546947374439,0.7661648372788044,0.0,0.30203990614344883,True
2007-09-11,1.0934154191207028,0.2886797046371063,0.7777685788832807,0.0,0.3156468402374223,True
2007-09-12,1.093648542485138,0.2886859306570291,0.7779275951861127,0.0,0.3157209472990255,True
2007-09-13,1.10198830571536,0.2906068755608037,0.7817429272868754,0.0,0.3202453784284846,True
2007-09-14,1.1032839439415307,0.29086394132235216,0.782378427609028,0.0,0.3209055163325027,True
2007-09-17,1.0886230465955538,0.28730057555187133,0.7758610187496194,0.0,0.3127620278459342,True
2007-09-18,1.1317016089354972,0.2971534784999044,0.7954125392163757,0.0,0.3362890697191215,True
2007-09-19,1.1362637944677678,0.2981568379514208,0.797478974430575,0.0,0.33878482003719274,True
2007-09-20,1.1310808222574427,0.29690793890993983,0.7952539465804254,0.0,0.3358268756770173,True
2007-09-21,1.1437952004654162,0.2997737030175581,0.800915477728188,0.0,0.342879722737228,True
2007-09-24,1.1520273011878923,0.3016021263099613,0.8045734175824978,0.0,0.34745388360539453,True
2007-09-25,1.1694243245903702,0.30546439086320926,0.8122068356187528,0.0,0.3572174889716173,True
2007-09-26,1.1785193297565901,0.307450399908258,0.8161830905233142,0.0,0.36233623923327585,True
2007-09-27,1.188033142876564,0.30951565110941426,0.8203182911195606,0.0,0.3677148517570035,True
2007-09-28,1.1815595210154934,0.3080209977332372,0.8176143784710954,0.0,0.36394514254439814,True
2007-10-01,1.2033387637980264,0.31274735141838694,0.8269977525611177,0.0,0.37634101123690866,True
2007-10-02,1.20357390795944,0.31274944230265633,0.8271568394750966,0.0,0.37641706848434353,True
2007-10-03,1.1898915104286707,0.3096583339870687,0.8214316876839717,0.0,0.36845982274469896,True
2007-10-04,1.1942293551643188,0.3105682779334455,0.8233396008733673,0.0,0.37088975429095156,True
2007-10-05,1.2333562335735477,0.3189000616325861,0.8400388546720091,0.0,0.3933173789015386,True
2007-10-08,1.2458292235364554,0.32150621830650533,0.8452873812215198,0.0,0.40054184231493567,True
2007-10-09,1.2545346612584212,0.32329868860450023,0.8489452504646826,0.0,0.4055894107937385,True
2007-10-10,1.2594100701816848,0.32427696749512064,0.851012391790351,0.0,0.4083976783913338,True
2007-10-11,1.2262715870563898,0.3170401649920544,0.8374942407709637,0.0,0.3887773462854262,True
2007-10-12,1.2592239797498634,0.3239245455243587,0.8513304243960148,0.0,0.40789355535384875,True
2007-10-15,1.243168171598367,0.32043783844445867,0.8448100498684363,0.0,0.39835812172993057,True
2007-10-16,1.2334098275363643,0.3182849787431861,0.8408340067973158,0.0,0.39257582073904856,True
2007-10-17,1.2592242094076838,0.3236716578920808,0.8516490218908539,0.0,0.40757518751682975,True
2007-10-18,1.2679868245559487,0.325461020955157,0.8553065380782822,0.0,0.4126802864776666,True
2007-10-19,1.2156769829675516,0.31396629243173435,0.8339953878306328,0.0,0.38168159513691885,True
2007-10-22,1.2393090656980763,0.31896351824532687,0.844014685909689,0.0,0.3952943797883874,True
2007-10-23,1.2816176416905145,0.32767152269475514,0.8616680375253225,0.0,0.41994960416519195,True
2007-10-24,1.2654118810634203,0.32421380925194104,0.8551478748311847,0.0,0.41026400623223563,True
2007-10-25,1.2373266907073817,0.3181293179378712,0.843696794526319,0.0,0.39362989618106264,True
2007-10-26,1.2707636462468517,0.32505753525205433,0.8576923475099365,0.0,0.4130712987369151,True
2007-10-29,1.279162058644649,0.3267538603215261,0.8611909180056797,0.0,0.41797114063896945,True
2007-10-30,1.2833019607035496,0.3275624863003205,0.8629403797814188,0.0,0.4203615809221309,True
2007-10-31,1.313288129162595,0.3335912634946362,0.875186682822738,0.0,0.43810144633985704,True
2007-11-01,1.27214664927092,0.3249164706847993,0.8588052497963193,0.0,0.41334139947460047,True
2007-11-02,1.288327698528929,0.3282105207621366,0.8654849936824642,0.0,0.42284270484646463,True
2007-11-05,1.2744544001665015,0.32526499237311224,0.859918999416465,0.0,0.4145354007500364,True
2007-11-06,1.2980360359540408,0.3300496473801498,0.8696197000006822,0.0,0.42841633595335865,True
2007-11-07,1.2454789499783083,0.31876173489212606,0.8484679191115991,0.0,0.3970110308667091,True
2007-11-08,1.183417502727959,0.30480678525527255,0.8227038181066271,0.0,0.3607136846213319,True
2007-11-09,1.1195983760232333,0.28975394841001284,0.7951903259370631,0.0,0.32440805008617013,True
2007-11-12,1.0745765656664577,0.27879273027801715,0.7749924310315309,0.0,0.2995841346349267,True
2007-11-13,1.143513868330544,0.29431631033039746,0.8069590857918582,0.0,0.33655478253868565,True
2007-11-14,1.1201301407561597,0.28881333971865664,0.7966216138848443,0.0,0.3235085268713154,True
2007-11-15,1.110500427255091,0.28651300857428436,0.7923276088192067,0.0,0.3181728184358843,True
2007-11-16,1.1265233218129125,0.29016744868469585,0.7996429236386511,0.0,0.3268803981742614,True
2007-11-19,1.1058802157775922,0.2852579154019335,0.790419130740636,0.0,0.31546108503695636,True
2007-11-20,1.1127680569336635,0.2868238230907228,0.7935996686307152,0.0,0.31916838830294847,True
2007-11-21,1.0919648182803021,0.28182968436418077,0.7842167182075744,0.0,0.30774810007272757,True
2007-11-23,1.1102187777175185,0.28604554585677383,0.7926456414248707,0.0,0.31757313629264783,True
2007-11-26,1.0800026357829966,0.27873504690937884,0.7789680504357702,0.0,0.3010345853472263,True
2007-11-27,1.1135638433741266,0.2864765568694451,0.7945539076700008,0.0,0.31900993570412584,True
2007-11-28,1.1667575216188468,0.29828792146058825,0.8187278456466536,0.0,0.34802967597219314,True
2007-11-29,1.174613711744295,0.30000276915697816,0.82222634553125,0.0,0.352387366213045,True
2007-11-30,1.1603270862906605,0.29672915069883743,0.816024215442776,0.0,0.34430287084788436,True
2007-12-03,1.1447278156328342,0.2931195904941808,0.8091856670872398,0.0,0.33554214854559444,True
2007-12-04,1.1371300239449158,0.29133379503895956,0.8058456186163004,0.0,0.3312844053286153,True
2007-12-05,1.1693503626092285,0.2984837416143232,0.8203182911195606,0.0,0.3490320714896681,True
2007-12-06,1.196035747566253,0.3042957170052671,0.8320871921966495,0.0,0.3639485553696036,True
2007-12-07,1.1962901817525426,0.30431087710010063,0.8322460672771876,0.0,0.36404411447535506,True
2007-12-10,1.2039018298431534,0.30593524107160686,0.8355858333035397,0.0,0.3683159965396138,True
2007-12-11,1.1587322567620753,0.29562408765245696,0.8161830905233142,0.0,0.342549166238761,True
2007-12-12,1.1751596871208136,0.29924480757664007,0.8234992526765212,0.0,0.35166043444429246,True
2007-12-13,1.1648999168274197,0.29689568274023065,0.819046160696905,0.0,0.34585375613051467,True
2007-12-14,1.1456915465274742,0.2924649243577341,0.8106169550350211,0.0,0.3350745914924531,True
2007-12-17,1.1014143774734433,0.28192689817515343,0.7908960384268379,0.0,0.3105183390466055,True
2007-12-18,1.1068605854474163,0.28316142040366316,0.7934403698832957,0.0,0.3134202155641206,True
2007-12-19,1.106422282366916,0.2830206593701193,0.7932819184696391,0.0,0.3131403638972769,True
2007-12-20,1.141762710390893,0.2910053093118071,0.8095036996929039,0.0,0.3322590106979891,True
2007-12-21,1.1772929586184466,0.298839233004729,0.8254716338430419,0.0,0.35182132477540473,True
2007-12-24,1.1913270586377196,0.30188724650996274,0.8316806132127655,0.0,0.3596464454249541,True
2007-12-26,1.2007198795979706,0.30390082208947394,0.8358201210889731,0.0,0.3648997585089974,True
2007-12-27,1.1774388940560367,0.29865561185765177,0.8257901607267342,0.0,0.35164873332930247,True
2007-12-28,1.175514987806367,0.2981850865434321,0.824993949434224,0.0,0.3505210383721431,True
2007-12-31,1.1536764066227432,0.29317959364042867,0.8154420265365374,0.0,0.33823438008620577,True
2008-01-02,1.1246254240449782,0.286387835247645,0.8025463833882722,0.0,0.3220790406567061,True
2008-01-03,1.1318910318826085,0.28801478475222125,0.8058896799719694,0.0,0.3260013519106391,True
2008-01-04,1.05355290952833,0.26862113654982206,0.7705463295554582,0.0,0.2830065799728719,True
2008-01-07,1.0457656091563505,0.26667635596753786,0.7668846473103624,0.0,0.278880961845988,True
2008-01-08,1.0040658166845287,0.25604028421372893,0.7469845196113322,0.0,0.25708129707319655,True
2008-01-09,1.0363422262695197,0.26384865801294205,0.7629047206261622,0.0,0.2734375056433575,True
2008-01-10,1.0385676591564308,0.26435314213803646,0.764019035135483,0.0,0.27454862402094776,True
2008-01-11,1.0073847285273894,0.2564371598351177,0.7490538498825545,0.0,0.25833087864483484,True
2008-01-14,1.0338648841789686,0.26285489488529806,0.762108438722505,0.0,0.27175644545646366,True
2008-01-15,0.9902840011102477,0.25163524541692184,0.7410936434584192,0.0,0.24919035765182848,True
2008-01-16,0.9742164552485766,0.24746343207848218,0.7331335076454308,0.0,0.2410829476031458,True
2008-01-17,0.9539021137455093,0.24211874513863002,0.7229445309803598,0.0,0.2309575827651494,True
2008-01-18,0.9519637100464211,0.2415792605106519,0.72198902094043,0.0,0.22997468910599106,True
2008-01-22,0.9154811529071276,0.23170197109759577,0.7033623652758466,0.0,0.21211878763128095,True
2008-01-23,0.9102754645029504,0.2302815275840326,0.7006558400149461,0.0,0.20961962448800428,True
2008-01-24,0.9374111657249266,0.23727793152430254,0.7149841833339308,0.0,0.22242698239099576,True
2008-01-25,0.9090405621118169,0.22958605572261678,0.7003375249646945,0.0,0.2087030371471225,True
2008-01-28,0.9192411070169112,0.23224673236890891,0.7057503636530551,0.0,0.21349074336385612,True
2008-01-29,0.9216187372878138,0.23284525353303612,0.7070241887432362,0.0,0.21459454854457763,True
2008-01-30,0.9203503814685754,0.23248012951345987,0.7063872055869987,0.0,0.2139631758815766,True
2008-01-31,0.9433989971854813,0.2384060268857515,0.7184869904984884,0.0,0.22491200668699285,True
2008-02-01,0.9575466839378445,0.24201084489363783,0.7258100019329455,0.0,0.23173668200489894,True
2008-02-04,0.9375427044265991,0.23670537423664778,0.7156213077124621,0.0,0.22192139671413702,True
2008-02-05,0.898152453303147,0.22591879790726557,0.6952429307154385,0.0,0.20290952258770845,True
2008-02-06,0.8724262845397642,0.21878630802739607,0.6815513587192507,0.0,0.19087492582051355,True
2008-02-07,0.8811700049798471,0.2211180337436576,0.6863274260848143,0.0,0.19484257889503276,True
2008-02-08,0.8955682568343568,0.22492933227573086,0.6941286868172647,0.0,0.20143957001709212,True
2008-02-11,0.9095159912058024,0.22858853016963632,0.7016110676102881,0.0,0.20790492359551424,True
2008-02-12,0.9019461187296738,0.22652696739096007,0.6976309997037939,0.0,0.20431511902587982,True
2008-02-13,0.9303902386253875,0.0,0.9303902386253875,0.0,0.0,False
2008-02-14,0.9135612174530977,0.0,0.9135612174530977,0.0,0.0,False
2008-02-15,0.9104445716394693,0.0,0.9104445716394693,0.0,0.0,False
2008-02-19,0.9087825325544454,0.0,0.9087825325544454,0.0,0.0,False
2008-02-20,0.91293781456941,0.0,0.91293781456941,0.0,0.0,False
2008-02-21,0.9042115564658202,0.0,0.9042115564658202,0.0,0.0,False
2008-02-22,0.90753609539188,0.0,0.90753609539188,0.0,0.0,False
2008-02-25,0.9121066107244934,0.0,0.9121066107244934,0.0,0.0,False
2008-02-26,0.9156387663093775,0.0,0.9156387663093775,0.0,0.0,False
2008-02-27,0.9202095580955981,0.0,0.9202095580955981,0.0,0.0,False
2008-02-28,0.9166779554179277,0.0,0.9166779554179277,0.0,0.0,False
2008-02-29,0.8923683760949952,0.0,0.8923683760949952,0.0,0.0,False
2008-03-03,0.8865514235998159,0.0,0.8865514235998159,0.0,0.0,False
2008-03-04,0.8915374487036855,0.0,0.8915374487036855,0.0,0.0,False
2008-03-05,0.8959011767382955,0.0,0.8959011767382955,0.0,0.0,False
2008-03-06,0.8761625735039883,0.0,0.8761625735039883,0.0,0.0,False
2008-03-07,0.8740845638916965,0.0,0.8740845638916965,0.0,0.0,False
2008-03-10,0.8572557270218111,0.0,0.8572557270218111,0.0,0.0,False
2008-03-11,0.8898755017698639,0.0,0.8898755017698639,0.0,0.0,False
2008-03-12,0.8873823509911256,0.0,0.8873823509911256,0.0,0.0,False
2008-03-13,0.8942389533508669,0.0,0.8942389533508669,0.0,0.0,False
2008-03-14,0.8778247968914167,0.0,0.8778247968914167,0.0,0.0,False
2008-03-17,0.8618267952616387,0.0,0.8618267952616387,0.0,0.0,False
2008-03-18,0.9002639832608824,0.0,0.9002639832608824,0.0,0.0,False
2008-03-19,0.8780325057014435,0.0,0.8780325057014435,0.0,0.0,False
2008-03-20,0.8959770171778041,0.0,0.8959770171778041,0.0,0.0,False
2008-03-24,0.9269592650606496,0.0,0.9269592650606496,0.0,0.0,False
2008-03-25,0.9321572379298526,0.0,0.9321572379298526,0.0,0.0,False
2008-03-26,0.9294542588634342,0.0,0.9294542588634342,0.0,0.0,False
2008-03-27,0.9088686017774112,0.0,0.9088686017774112,0.0,0.0,False
2008-03-28,0.9042942160943003,0.0,0.9042942160943003,0.0,0.0,False
2008-03-31,0.909076863494652,0.0,0.909076863494652,0.0,0.0,False
2008-04-01,0.9479604319179286,0.0,0.9479604319179286,0.0,0.0,False
2008-04-02,0.9458808557351974,0.0,0.9458808557351974,0.0,0.0,False
2008-04-03,0.9479604319179286,0.0,0.9479604319179286,0.0,0.0,False
2008-04-04,0.9535740988607923,0.0,0.9535740988607923,0.0,0.0,False
2008-04-07,0.9514947991316682,0.0,0.9514947991316682,0.0,0.0,False
2008-04-08,0.9442176186845433,0.0,0.9442176186845433,0.0,0.0,False
2008-04-09,0.9336123975656707,0.0,0.9336123975656707,0.0,0.0,False
2008-04-10,0.9469205977509617,0.0,0.9469205977509617,0.0,0.0,False
2008-04-11,0.9207209051172658,0.0,0.9207209051172658,0.0,0.0,False
2008-04-14,0.916562674263827,0.0,0.916562674263827,0.0,0.0,False
2008-04-15,0.9178096643336063,0.0,0.9178096643336063,0.0,0.0,False
2008-04-16,0.9433854011764012,0.0,0.9433854011764012,0.0,0.0,False
2008-04-17,0.9413061935984796,0.0,0.9413061935984796,0.0,0.0,False
2008-04-18,0.971248515163156,0.0,0.971248515163156,0.0,0.0,False
2008-04-21,0.9781102779902273,0.0,0.9781102779902273,0.0,0.0,False
2008-04-22,0.9635550877351565,0.0,0.9635550877351565,0.0,0.0,False
2008-04-23,0.974159387342006,0.0,0.974159387342006,0.0,0.0,False
2008-04-24,0.9828926489369719,0.0,0.9828926489369719,0.0,0.0,False
2008-04-25,0.9803974708317827,0.0,0.9803974708317827,0.0,0.0,False
2008-04-28,0.9822686009948683,0.0,0.9822686009948683,0.0,0.0,False
2008-04-29,0.9897541353104363,0.0,0.9897541353104363,0.0,0.0,False
2008-04-30,0.9816450138087762,0.0,0.9816450138087762,0.0,0.0,False
2008-05-01,1.0126267087844079,0.0,1.0126267087844079,0.0,0.0,False
2008-05-02,1.014081868420226,0.0,1.014081868420226,0.0,0.0,False
2008-05-05,1.0111712726949829,0.0,1.0111712726949829,0.0,0.0,False
2008-05-06,1.0174093561847597,0.0,1.0174093561847597,0.0,0.0,False
2008-05-07,0.9989031831302655,0.0,0.9989031831302655,0.0,0.0,False
2008-05-08,1.0063887174458335,0.0,1.0063887174458335,0.0,0.0,False
2008-05-09,1.0024378267976122,0.0,1.0024378267976122,0.0,0.0,False
2008-05-12,1.0207360145884725,0.0,1.0207360145884725,0.0,0.0,False
2008-05-13,1.0234395465621051,0.0,1.0234395465621051,0.0,0.0,False
2008-05-14,1.021151616510931,0.0,1.021151616510931,0.0,0.0,False
2008-05-15,1.0390343866817378,0.0,1.0390343866817378,0.0,0.0,False
2008-05-16,1.0398659591314636,0.0,1.0398659591314636,0.0,0.0,False
2008-05-19,1.0323801483622888,0.0,1.0323801483622888,0.0,0.0,False
2008-05-20,1.024478827821858,0.0,1.024478827821858,0.0,0.0,False
2008-05-21,1.0018143317627224,0.0,1.0018143317627224,0.0,0.0,False
2008-05-22,1.005349251883676,0.0,1.005349251883676,0.0,0.0,False
2008-05-23,1.0022302101387877,0.0,1.0022302101387877,0.0,0.0,False
2008-05-27,1.0199043499875444,0.0,1.0199043499875444,0.0,0.0,False
2008-05-28,1.02406285729459,0.0,1.02406285729459,0.0,0.0,False
2008-05-29,1.0332116286608122,0.0,1.0332116286608122,0.0,0.0,False
2008-05-30,1.0398659591314636,0.0,1.0398659591314636,0.0,0.0,False
2008-06-02,1.027181991190681,0.0,1.027181991190681,0.0,0.0,False
2008-06-03,1.021567679189401,0.0,1.021567679189401,0.0,0.0,False
2008-06-04,1.0346671569014396,0.0,1.0346671569014396,0.0,0.0,False
2008-06-05,1.0510940302268097,0.0,1.0510940302268097,0.0,0.0,False
2008-06-06,1.019488748065086,0.0,1.019488748065086,0.0,0.0,False
2008-06-09,1.014081868420226,0.0,1.014081868420226,0.0,0.0,False
2008-06-10,1.0093001425318973,0.0,1.0093001425318973,0.0,0.0,False
2008-06-11,0.984971580061287,0.0,0.984971580061287,0.0,0.0,False
2008-06-12,0.9860116906818605,0.0,0.9860116906818605,0.0,0.0,False
2008-06-13,1.005765314562146,0.0,1.005765314562146,0.0,0.0,False
2008-06-16,1.0147058242111273,0.0,1.0147058242111273,0.0,0.0,False
2008-06-17,1.0093001425318973,0.0,1.0093001425318973,0.0,0.0,False
2008-06-18,0.9984873047542002,0.0,0.9984873047542002,0.0,0.0,False
2008-06-19,1.014081868420226,0.0,1.014081868420226,0.0,0.0,False
2008-06-20,0.9866995994071711,0.0,0.9866995994071711,0.0,0.0,False
2008-06-23,0.9790004586046279,0.0,0.9790004586046279,0.0,0.0,False
2008-06-24,0.9740067849509658,0.0,0.9740067849509658,0.0,0.0,False
2008-06-25,0.9898205763273084,0.0,0.9898205763273084,0.0,0.0,False
2008-06-26,0.949869620527572,0.0,0.949869620527572,0.0,0.0,False
2008-06-27,0.949869620527572,0.0,0.949869620527572,0.0,0.0,False
2008-06-30,0.9398819967666406,0.0,0.9398819967666406,0.0,0.0,False
2008-07-01,0.9531988591649496,0.0,0.9531988591649496,0.0,0.0,False
2008-07-02,0.9303104356841793,0.0,0.9303104356841793,0.0,0.0,False
2008-07-03,0.9286459085166927,0.0,0.9286459085166927,0.0,0.0,False
2008-07-07,0.9342638144148632,0.0,0.9342638144148632,0.0,0.0,False
2008-07-08,0.9565284664071367,0.0,0.9565284664071367,0.0,0.0,False
2008-07-09,0.9311432060995354,0.0,0.9311432060995354,0.0,0.0,False
2008-07-10,0.942170848329838,0.0,0.942170848329838,0.0,0.0,False
2008-07-11,0.9271892744616377,0.0,0.9271892744616377,0.0,0.0,False
2008-07-14,0.9203229962256527,0.0,0.9203229962256527,0.0,0.0,False
2008-07-15,0.9205307050356796,0.0,0.9205307050356796,0.0,0.0,False
2008-07-16,0.9434193128188546,0.0,0.9434193128188546,0.0,0.0,False
2008-07-17,0.949661635263938,0.0,0.949661635263938,0.0,0.0,False
2008-07-18,0.9278137831597528,0.0,0.9278137831597528,0.0,0.0,False
2008-07-21,0.9317671618904365,0.0,0.9317671618904365,0.0,0.0,False
2008-07-22,0.9317671618904365,0.0,0.9317671618904365,0.0,0.0,False
2008-07-23,0.944043545063363,0.0,0.944043545063363,0.0,0.0,False
2008-07-24,0.9298940044009002,0.0,0.9298940044009002,0.0,0.0,False
2008-07-25,0.9419632316710133,0.0,0.9419632316710133,0.0,0.0,False
2008-07-28,0.9242763749563366,0.0,0.9242763749563366,0.0,0.0,False
2008-07-29,0.9434193128188546,0.0,0.9434193128188546,0.0,0.0,False
2008-07-30,0.9482050012088831,0.0,0.9482050012088831,0.0,0.0,False
2008-07-31,0.9459165182504949,0.0,0.9459165182504949,0.0,0.0,False
2008-08-01,0.9338483967948094,0.0,0.9338483967948094,0.0,0.0,False
2008-08-04,0.9244843602199704,0.0,0.9244843602199704,0.0,0.0,False
2008-08-05,0.955695788142983,0.0,0.955695788142983,0.0,0.0,False
2008-08-06,0.9702612993327134,0.0,0.9702612993327134,0.0,0.0,False
2008-08-07,0.9627709731546249,0.0,0.9627709731546249,0.0,0.0,False
2008-08-08,0.9846185488052029,0.0,0.9846185488052029,0.0,0.0,False
2008-08-11,0.9935659697943585,0.0,0.9935659697943585,0.0,0.0,False
2008-08-12,0.9946059882637296,0.0,0.9946059882637296,0.0,0.0,False
2008-08-13,0.9925256748713801,0.0,0.9925256748713801,0.0,0.0,False
2008-08-14,1.0039699326873666,0.0,1.0039699326873666,0.0,0.0,False
2008-08-15,1.0020971438026394,0.0,1.0020971438026394,0.0,0.0,False
2008-08-18,0.9904445321182097,0.0,0.9904445321182097,0.0,0.0,False
2008-08-19,0.9781683332476881,0.0,0.9781683332476881,0.0,0.0,False
2008-08-20,0.9798326761127701,0.0,0.9798326761127701,0.0,0.0,False
2008-08-21,0.9752549729863755,0.0,0.9752549729863755,0.0,0.0,False
2008-08-22,0.9881559570086194,0.0,0.9881559570086194,0.0,0.0,False
2008-08-25,0.9673483998274125,0.0,0.9673483998274125,0.0,0.0,False
2008-08-26,0.9660993824311819,0.0,0.9660993824311819,0.0,0.0,False
2008-08-27,0.9723423499346816,0.0,0.9723423499346816,0.0,0.0,False
2008-08-28,0.9802490152448471,0.0,0.9802490152448471,0.0,0.0,False
2008-08-29,0.959649443327274,0.0,0.959649443327274,0.0,0.0,False
2008-09-02,0.9477892149840199,0.0,0.9477892149840199,0.0,0.0,False
2008-09-03,0.9388417018436623,0.0,0.9388417018436623,0.0,0.0,False
2008-09-04,0.9084623071263871,0.0,0.9084623071263871,0.0,0.0,False
2008-09-05,0.9040932343220427,0.0,0.9040932343220427,0.0,0.0,False
2008-09-08,0.9024281542473421,0.0,0.9024281542473421,0.0,0.0,False
2008-09-09,0.8832853085360263,0.0,0.8832853085360263,0.0,0.0,False
2008-09-10,0.8905680180552905,0.0,0.8905680180552905,0.0,0.0,False
2008-09-11,0.9072142112421797,0.0,0.9072142112421797,0.0,0.0,False
2008-09-12,0.9036772637947751,0.0,0.9036772637947751,0.0,0.0,False
2008-09-15,0.8755868127918994,0.0,0.8755868127918994,0.0,0.0,False
2008-09-16,0.8824529067254797,0.0,0.8824529067254797,0.0,0.0,False
2008-09-17,0.8366760597639389,0.0,0.8366760597639389,0.0,0.0,False
2008-09-18,0.8649742195768414,0.0,0.8649742195768414,0.0,0.0,False
2008-09-19,0.8932505395547942,0.0,0.8932505395547942,0.0,0.0,False
2008-09-22,0.8511908877923939,0.0,0.8511908877923939,0.0,0.0,False
2008-09-23,0.8447356039187515,0.0,0.8447356039187515,0.0,0.0,False
2008-09-24,0.8505661026406717,0.0,0.8505661026406717,0.0,0.0,False
2008-09-25,0.8641003497252511,0.0,0.8641003497252511,0.0,0.0,False
2008-09-26,0.8553550163227811,0.0,0.8553550163227811,0.0,0.0,False
2008-09-29,0.7874764406946667,0.0,0.7874764406946667,0.0,0.0,False
2008-09-30,0.8101719917089836,0.0,0.8101719917089836,0.0,0.0,False
2008-10-01,0.8016351964773614,0.0,0.8016351964773614,0.0,0.0,False
2008-10-02,0.7651971366612244,0.0,0.7651971366612244,0.0,0.0,False
2008-10-03,0.7533288450877675,0.0,0.7533288450877675,0.0,0.0,False
2008-10-06,0.7258443343157399,0.0,0.7258443343157399,0.0,0.0,False
2008-10-07,0.6798281246061758,0.0,0.6798281246061758,0.0,0.0,False
2008-10-08,0.6744145639991476,0.0,0.6744145639991476,0.0,0.0,False
2008-10-09,0.6562994345716936,0.0,0.6562994345716936,0.0,0.0,False
2008-10-10,0.6521352138901041,0.0,0.6521352138901041,0.0,0.0,False
2008-10-13,0.7314659723376042,0.0,0.7314659723376042,0.0,0.0,False
2008-10-14,0.6998168722791779,0.0,0.6998168722791779,0.0,0.0,False
2008-10-15,0.6371437337676544,0.0,0.6371437337676544,0.0,0.0,False
2008-10-16,0.6717078067334339,0.0,0.6717078067334339,0.0,0.0,False
2008-10-17,0.672540853602397,0.0,0.672540853602397,0.0,0.0,False
2008-10-20,0.691280169198758,0.0,0.691280169198758,0.0,0.0,False
2008-10-21,0.6554667563075398,0.0,0.6554667563075398,0.0,0.0,False
2008-10-22,0.6373518111824906,0.0,0.6373518111824906,0.0,0.0,False
2008-10-23,0.6348532234828154,0.0,0.6348532234828154,0.0,0.0,False
2008-10-24,0.614448044526534,0.0,0.614448044526534,0.0,0.0,False
2008-10-27,0.5973741776096828,0.0,0.5973741776096828,0.0,0.0,False
2008-10-28,0.6633789967654455,0.0,0.6633789967654455,0.0,0.0,False
2008-10-29,0.6617134098591322,0.0,0.6617134098591322,0.0,0.0,False
2008-10-30,0.6837844521753339,0.0,0.6837844521753339,0.0,0.0,False
2008-10-31,0.6848253000055261,0.0,0.6848253000055261,0.0,0.0,False
2008-11-03,0.6833678826652512,0.0,0.6833678826652512,0.0,0.0,False
2008-11-04,0.7027321677157392,0.0,0.7027321677157392,0.0,0.0,False
2008-11-05,0.6660858461823613,0.0,0.6660858461823613,0.0,0.0,False
2008-11-06,0.6363107790498937,0.0,0.6363107790498937,0.0,0.0,False
2008-11-07,0.649428594851194,0.0,0.649428594851194,0.0,0.0,False
2008-11-10,0.6406833075243251,0.0,0.6406833075243251,0.0,0.0,False
2008-11-11,0.6267328595344724,0.0,0.6267328595344724,0.0,0.0,False
2008-11-12,0.5977907931953665,0.0,0.5977907931953665,0.0,0.0,False
2008-11-13,0.6342288069359024,0.0,0.6342288069359024,0.0,0.0,False
2008-11-14,0.6034124312172309,0.0,0.6034124312172309,0.0,0.0,False
2008-11-17,0.5907113231528169,0.0,0.5907113231528169,0.0,0.0,False
2008-11-18,0.5900868605303027,0.0,0.5900868605303027,0.0,0.0,False
2008-11-19,0.5592703005092265,0.0,0.5592703005092265,0.0,0.0,False
2008-11-20,0.5322024053228828,0.0,0.5322024053228828,0.0,0.0,False
2008-11-21,0.5553142954692767,0.0,0.5553142954692767,0.0,0.0,False
2008-11-24,0.5892537675857386,0.0,0.5892537675857386,0.0,0.0,False
2008-11-25,0.586547010320025,0.0,0.586547010320025,0.0,0.0,False
2008-11-26,0.6111165021090981,0.0,0.6111165021090981,0.0,0.0,False
2008-11-28,0.6063278188049945,0.0,0.6063278188049945,0.0,0.0,False
2008-12-01,0.5607280864543108,0.0,0.5607280864543108,0.0,0.0,False
2008-12-02,0.579467448126273,0.0,0.579467448126273,0.0,0.0,False
2008-12-03,0.5959168984962114,0.0,0.5959168984962114,0.0,0.0,False
2008-12-04,0.5790512472209997,0.0,0.5790512472209997,0.0,0.0,False
2008-12-05,0.6025797068774761,0.0,0.6025797068774761,0.0,0.0,False
2008-12-08,0.6263163360999908,0.0,0.6263163360999908,0.0,0.0,False
2008-12-09,0.6248589187597161,0.0,0.6248589187597161,0.0,0.0,False
2008-12-10,0.6227766241165166,0.0,0.6227766241165166,0.0,0.0,False
2008-12-11,0.6057028032752665,0.0,0.6057028032752665,0.0,0.0,False
2008-12-12,0.6179878025856095,0.0,0.6179878025856095,0.0,0.0,False
2008-12-15,0.6071604509935471,0.0,0.6071604509935471,0.0,0.0,False
2008-12-16,0.6363107790498937,0.0,0.6363107790498937,0.0,0.0,False
2008-12-17,0.6286069846116334,0.0,0.6286069846116334,0.0,0.0,False
2008-12-18,0.617571279151128,0.0,0.617571279151128,0.0,0.0,False
2008-12-19,0.6226383973130383,0.0,0.6226383973130383,0.0,0.0,False
2008-12-22,0.6090845220223648,0.0,0.6090845220223648,0.0,0.0,False
2008-12-23,0.605956679837655,0.0,0.605956679837655,0.0,0.0,False
2008-12-24,0.6076248469776334,0.0,0.6076248469776334,0.0,0.0,False
2008-12-26,0.6074163548823867,0.0,0.6074163548823867,0.0,0.0,False
2008-12-29,0.6024121759916602,0.0,0.6024121759916602,0.0,0.0,False
2008-12-30,0.6149231761256904,0.0,0.6149231761256904,0.0,0.0,False
2008-12-31,0.6201358931872646,0.0,0.6201358931872646,0.0,0.0,False
2009-01-02,0.6470350595221624,0.0,0.6470350595221624,0.0,0.0,False
2009-01-05,0.6468264752757136,0.0,0.6468264752757136,0.0,0.0,False
2009-01-06,0.6532906517403798,0.0,0.6532906517403798,0.0,0.0,False
2009-01-07,0.6347324132565753,0.0,0.6347324132565753,0.0,0.0,False
2009-01-08,0.6414049896652858,0.0,0.6414049896652858,0.0,0.0,False
2009-01-09,0.6270172381448286,0.0,0.6270172381448286,0.0,0.0,False
2009-01-12,0.6155484220334242,0.0,0.6155484220334242,0.0,0.0,False
2009-01-13,0.6157572827334801,0.0,0.6157572827334801,0.0,0.0,False
2009-01-14,0.5969904600032266,0.0,0.5969904600032266,0.0,0.0,False
2009-01-15,0.6067907403698437,0.0,0.6067907403698437,0.0,0.0,False
2009-01-16,0.6134634089297564,0.0,0.6134634089297564,0.0,0.0,False
2009-01-20,0.5830196926732627,0.0,0.5830196926732627,0.0,0.0,False
2009-01-21,0.6078333390728798,0.0,0.6078333390728798,0.0,0.0,False
2009-01-22,0.5997013640730446,0.0,0.5997013640730446,0.0,0.0,False
2009-01-23,0.6026202994820976,0.0,0.6026202994820976,0.0,0.0,False
2009-01-26,0.6069992324650901,0.0,0.6069992324650901,0.0,0.0,False
2009-01-27,0.6113784419016898,0.0,0.6113784419016898,0.0,0.0,False
2009-01-28,0.6328556618701482,0.0,0.6328556618701482,0.0,0.0,False
2009-01-29,0.6167998814365163,0.0,0.6167998814365163,0.0,0.0,False
2009-01-30,0.605956679837655,0.0,0.605956679837655,0.0,0.0,False
2009-02-02,0.6132550550613133,0.0,0.6132550550613133,0.0,0.0,False
2009-02-03,0.6228468894082848,0.0,0.6228468894082848,0.0,0.0,False
2009-02-04,0.6236809499404734,0.0,0.6236809499404734,0.0,0.0,False
2009-02-05,0.6374433173263933,0.0,0.6374433173263933,0.0,0.0,False
2009-02-06,0.654124620121366,0.0,0.654124620121366,0.0,0.0,False
2009-02-09,0.6568356163423862,0.0,0.6568356163423862,0.0,0.0,False
2009-02-10,0.6326473540773063,0.0,0.6326473540773063,0.0,0.0,False
2009-02-11,0.6297279118366407,0.0,0.6297279118366407,0.0,0.0,False
2009-02-12,0.6374433173263933,0.0,0.6374433173263933,0.0,0.0,False
2009-02-13,0.6345241054637334,0.0,0.6345241054637334,0.0,0.0,False
2009-02-17,0.6092930601932127,0.0,0.6092930601932127,0.0,0.0,False
2009-02-18,0.609710090459307,0.0,0.609710090459307,0.0,0.0,False
2009-02-19,0.6003267021319809,0.0,0.6003267021319809,0.0,0.0,False
2009-02-20,0.6019949614231613,0.0,0.6019949614231613,0.0,0.0,False
2009-02-23,0.5809342648891844,0.0,0.5809342648891844,0.0,0.0,False
2009-02-24,0.6001182100367343,0.0,0.6001182100367343,0.0,0.0,False
2009-02-25,0.5961562612442347,0.0,0.5961562612442347,0.0,0.0,False
2009-02-26,0.5794748202224586,0.0,0.5794748202224586,0.0,0.0,False
2009-02-27,0.5740532424608286,0.0,0.5740532424608286,0.0,0.0,False
2009-03-02,0.555495003977024,0.0,0.555495003977024,0.0,0.0,False
2009-03-03,0.5550779737109297,0.0,0.5550779737109297,0.0,0.0,False
2009-03-04,0.5698828015730825,0.0,0.5698828015730825,0.0,0.0,False
2009-03-05,0.5527844685120153,0.0,0.5527844685120153,0.0,0.0,False
2009-03-06,0.5484054894534216,0.0,0.5484054894534216,0.0,0.0,False
2009-03-09,0.5367284577003777,0.0,0.5367284577003777,0.0,0.0,False
2009-03-10,0.5698828015730825,0.0,0.5698828015730825,0.0,0.0,False
2009-03-11,0.5786407136146687,0.0,0.5786407136146687,0.0,0.0,False
2009-03-12,0.5978246126866176,0.0,0.5978246126866176,0.0,0.0,False
2009-03-13,0.5992841034289447,0.0,0.5992841034289447,0.0,0.0,False
2009-03-16,0.5892750545134742,0.0,0.5892750545134742,0.0,0.0,False
2009-03-17,0.6115867036189305,0.0,0.6115867036189305,0.0,0.0,False
2009-03-18,0.6193019248062783,0.0,0.6193019248062783,0.0,0.0,False
2009-03-19,0.6188849866913865,0.0,0.6188849866913865,0.0,0.0,False
2009-03-20,0.6094651064879422,0.0,0.6094651064879422,0.0,0.0,False
2009-03-23,0.6453897919559605,0.0,0.6453897919559605,0.0,0.0,False
2009-03-24,0.6334844095235702,0.0,0.6334844095235702,0.0,0.0,False
2009-03-25,0.6364086436267564,0.0,0.6364086436267564,0.0,0.0,False
2009-03-26,0.6560418719612122,0.0,0.6560418719612122,0.0,0.0,False
2009-03-27,0.6437188602799125,0.0,0.6437188602799125,0.0,0.0,False
2009-03-30,0.6278453088488662,0.0,0.6278453088488662,0.0,0.0,False
2009-03-31,0.6332755948991156,0.0,0.6332755948991156,0.0,0.0,False
2009-04-01,0.6425878991000364,0.06997444532556615,0.5141397191446686,0.08348344814292193,0.044964731812445924,True
2009-04-02,0.6634672178773943,0.0743085584904755,0.5306817814729374,0.0834841438383014,0.049301292566155404,True
2009-04-03,0.676069144877436,0.07698077720819879,0.5405400433760534,0.08348477328223514,0.05204432821914737,True
2009-04-06,0.6743429102236554,0.07659910850112574,0.539203408616658,0.08348543585981073,0.05165406574718668,True
2009-04-07,0.6560544229775438,0.07250585688258752,0.5250005861290145,0.0834860487489311,0.04756778809959833,True
2009-04-08,0.6673142067547879,0.07488369548633668,0.5338565746952288,0.08348667820722726,0.04997095385233185,True
2009-04-09,0.6884979106888299,0.07932066148388127,0.550398526442055,0.08348727454066672,0.0546121097061082,True
2009-04-13,0.6874096700840512,0.07907806564028068,0.5495627887579843,0.08348785431339671,0.054359027012670286,True
2009-04-14,0.6787392050619502,0.07715970968992208,0.5428794675190833,0.08348841752511824,0.05237132001774857,True
2009-04-15,0.6767962720212629,0.07673178319070413,0.5413755230367577,0.0834889641754928,0.05193178480901236,True
2009-04-16,0.6948673824593257,0.08054277904352171,0.5554114044062803,0.08348942800307352,0.05596655004997176,True
2009-04-17,0.6963864732665128,0.08086880016917664,0.5565806925822646,0.083489842137141,0.05631593854710729,True
2009-04-20,0.673076595010285,0.07559938885453531,0.5387021429365241,0.08349027283869177,0.05088417923506912,True
2009-04-21,0.68272261803181,0.0776460957361072,0.5462212018594956,0.08349067041141069,0.053010745760903664,True
2009-04-22,0.6848348547574783,0.19996471150188885,0.5478920505994612,0.0,0.1369428041580171,True
2009-04-23,0.694181055978418,0.2030334148142237,0.553239105683776,0.0,0.140941950294642,True
2009-04-24,0.7112670293494843,0.208552879667127,0.5629302421663663,0.0,0.14833678718311788,True
2009-04-27,0.7124527989712327,0.20893207190723526,0.5635985595460641,0.0,0.14885423942516862,True
2009-04-28,0.7049543934148109,0.20644326227315157,0.5594213086844666,0.0,0.1455330847303443,True
2009-04-29,0.7186277192961061,0.2108467747361582,0.5671073824465209,0.0,0.1515203368495852,True
2009-04-30,0.7288499911572526,0.21411992135387814,0.5727886883718869,0.0,0.1560613027853657,True
2009-05-01,0.7315708063881485,0.2149870468880505,0.5742925591332507,0.0,0.1572782472548978,True
2009-05-04,0.7522541726171401,0.22146710593942076,0.5856546180767687,0.0,0.16659955454037148,True
2009-05-05,0.7513113504167321,0.22115740917383464,0.5851532786756727,0.0,0.16615807174105948,True
2009-05-06,0.7516075911327853,0.2212418799609576,0.5853205146776411,0.0,0.16628707645514418,True
2009-05-07,0.726213943932549,0.21287796866689662,0.5716189947306124,0.0,0.1545949492019366,True
2009-05-08,0.7268077850294052,0.21306099797700004,0.5719533930135873,0.0,0.154854392015818,True
2009-05-11,0.730428162865981,0.21421657278295497,0.5739583451526805,0.0,0.1564698177133005,True
2009-05-12,0.71765822962116,0.21001311575622494,0.5669405887703238,0.0,0.15071764085083614,True
2009-05-13,0.6903135690383615,0.20074688296872722,0.5517352717828932,0.0,0.13857829725546836,True
2009-05-14,0.7011427716570435,0.20427413577330272,0.5579174379231028,0.0,0.1432253337339407,True
2009-05-15,0.7005392286045312,0.20406545612704935,0.5575833713844562,0.0,0.14295585722007495,True
2009-05-18,0.7262451328200918,0.2122214548824576,0.5721203341317083,0.0,0.15412479868838355,True
2009-05-19,0.7310672686841341,0.21376069010999468,0.5747938248133847,0.0,0.1562734438707494,True
2009-05-20,0.7274137386737766,0.2125682291673548,0.5727886883718869,0.0,0.15462505030188967,True
2009-05-21,0.7083485175647506,0.20623516248390042,0.5622621459495543,0.0,0.14608637161519633,True
2009-05-22,0.7050654694436255,0.2051462241252378,0.5604239506261774,0.0,0.144641518817448,True
2009-05-26,0.742111751129767,0.21668099055205958,0.5813102417946455,0.0,0.16080150933512144,True
2009-05-27,0.7347603667334213,0.21430155241002083,0.5773000794930929,0.0,0.1574602872403284,True
2009-05-28,0.7469009191224321,0.21812422836154613,0.583983732476322,0.0,0.16291718664611007,True
2009-05-29,0.7600858429345209,0.22223455522419355,0.5911685036977614,0.0,0.16891733923675947,True
2009-06-01,0.7914165650660963,0.2317004834764566,0.6080449643090052,0.0,0.18337160075709108,True
2009-06-02,0.7929928102560839,0.23217443940099006,0.608880149085862,0.0,0.18411266117022196,True
2009-06-03,0.7894720781301247,0.23107830080116395,0.6070422117858517,0.0,0.18242986634427297,True
2009-06-04,0.8024849817099907,0.23500999497650324,0.6138929901896065,0.0,0.18859199152038422,True
2009-06-05,0.8037538877030382,0.2353862084255755,0.6145613075693043,0.0,0.18919258013373397,True
2009-06-08,0.8002033862214541,0.23429004105207252,0.6127237020136223,0.0,0.18747968420783193,True
2009-06-09,0.8091603010902941,0.23698436552055788,0.6174019605319871,0.0,0.19175834055830693,True
2009-06-10,0.8049485156624255,0.23569039385572343,0.6152298829723685,0.0,0.18971863269005704,True
2009-06-11,0.804932748419593,0.23567542235011255,0.6152298829723685,0.0,0.18970286544722445,True
2009-06-12,0.79944907964581,0.23398576214144384,0.6123893774516093,0.0,0.1870597021942007,True
2009-06-15,0.7754171260513012,0.226406720625865,0.5998574774248931,0.0,0.1755596486264081,True
2009-06-16,0.7644203418325284,0.2229282998149881,0.5940094146838109,0.0,0.17041092714871758,True
2009-06-17,0.7749761870992927,0.22618226840168432,0.5996903151438866,0.0,0.17528587195540615,True
2009-06-18,0.7727674731191853,0.22548395652684797,0.5985208058050168,0.0,0.17424666731416852,True
2009-06-19,0.7847873449736497,0.2291609393116013,0.6049447398396304,0.0,0.17984260513401926,True
2009-06-22,0.7505899222244731,0.21811206208459938,0.5868772065081742,0.0,0.1637127157162989,True
2009-06-23,0.7481173783194316,0.21731737870236692,0.5855384707013658,0.0,0.16257890761806582,True
2009-06-24,0.7661952601870202,0.22290202390913771,0.5954087859817451,0.0,0.17078647420527518,True
2009-06-25,0.7879700415273151,0.22951415124749075,0.6071197662377233,0.0,0.18085027528959177,True
2009-06-26,0.7904900346027779,0.23027663493290398,0.6084586494864553,0.0,0.18203138511632252,True
2009-06-29,0.79301461854618,0.23104016521384224,0.6097963900602785,0.0,0.18321822848590152,True
2009-06-30,0.7907714254149774,0.230339703888138,0.6086253694416907,0.0,0.18214605597328667,True
2009-07-01,0.7913910674546506,0.23051978627549896,0.6089597677246655,0.0,0.18243129972998504,True
2009-07-02,0.7659642361239237,0.22244901908156195,0.595576243146599,0.0,0.17038799297732474,True
2009-07-06,0.7600432845210942,0.22057418245041618,0.5923973584109248,0.0,0.1676459261101694,True
2009-07-07,0.7328094057210082,0.21169747688627513,0.57767550349134,0.0,0.15513390222966814,True
2009-07-08,0.7382332583056928,0.2134099061652051,0.5806869679226413,0.0,0.1575462903830515,True
2009-07-09,0.7400410617253307,0.21397518051003103,0.581690641957818,0.0,0.15835041976751266,True
2009-07-10,0.7445872906427434,0.21540424189336987,0.584200029778405,0.0,0.1603872608643384,True
2009-07-13,0.7650141503602894,0.22170225779309755,0.5954087859817451,0.0,0.16960536437854437,True
2009-07-14,0.7690339441697931,0.2229422161268101,0.5975838123798379,0.0,0.17145013178995522,True
2009-07-15,0.8063748411248105,0.2340292046170267,0.6176595784331899,0.0,0.18871526269162067,True
2009-07-16,0.8204669847488797,0.23821365835364702,0.6250205427534632,0.0,0.19544644199541655,True
2009-07-17,0.8269363792321217,0.24012704537967725,0.628366589770144,0.0,0.19856978946197767,True
2009-07-20,0.8386522000962615,0.2435612730602774,0.6343890025860136,0.0,0.20426319751024793,True
2009-07-21,0.8471862320649652,0.24604655094034042,0.6387389816612377,0.0,0.20844725040372752,True
2009-07-22,0.8577628846867167,0.2491020674279749,0.6440923767482719,0.0,0.21367050793844475,True
2009-07-23,0.8861176849674212,0.25708224574410143,0.6583125605224324,0.0,0.22780512444498882,True
2009-07-24,0.8758697708067582,0.25412012240405313,0.6532936374393349,0.0,0.22257613336742338,True
2009-07-27,0.8860001473390329,0.2569836895630612,0.6583125605224324,0.0,0.22768758681660053,True
2009-07-28,0.8767772375506169,0.2543197655847689,0.6537954560266828,0.0,0.22298178152393408,True
2009-07-29,0.8855575169779459,0.2568013623055837,0.6581451402180594,0.0,0.22741237675988657,True
2009-07-30,0.8933760084462822,0.25899828626994437,0.6619931532640118,0.0,0.23138285518227045,True
2009-07-31,0.889244309029706,0.2578128139016866,0.6599857314726966,0.0,0.22925857755700946,True
2009-08-03,0.9093820767469559,0.26339415031058255,0.6698561573345185,0.0,0.23952591941243742,True
2009-08-04,0.9093620093469872,0.2633778952173929,0.6698561573345185,0.0,0.23950585201246868,True
2009-08-05,0.8985925548901126,0.2603213362841989,0.6646697402260862,0.0,0.23392281466402645,True
2009-08-06,0.8865350075187199,0.2568658346897477,0.6588144528307421,0.0,0.22772055468797775,True
2009-08-07,0.903556120212618,0.2616071826810679,0.6671793492095587,0.0,0.23637677100305934,True
2009-08-10,0.8938734531555321,0.25884934182610175,0.6624948981303979,0.0,0.23137855502513427,True
2009-08-11,0.8822054271529186,0.2554943133390901,0.656806957318465,0.0,0.22539846983445364,True
2009-08-12,0.9028986294366469,0.2612547470990362,0.6670120763471094,0.0,0.23588655308953757,True
2009-08-13,0.9104651308435991,0.26335161406208624,0.6706926690886887,0.0,0.23977246175491038,True
2009-08-14,0.8944958973055779,0.2588038247266124,0.6629969378806313,0.0,0.23149895942494664,True
2009-08-17,0.8550849744854987,0.24714142875261544,0.6437580521862588,0.0,0.21132692229923986,True
2009-08-18,0.8733289495871643,0.2523335025831306,0.6529587968305889,0.0,0.22037015275657545,True
2009-08-19,0.8824014275967769,0.25490150572632425,0.6574759750473004,0.0,0.2249254525494765,True
2009-08-20,0.8979761851801364,0.25925495313879027,0.6651714113715105,0.0,0.23280477380862594,True
2009-08-21,0.9161346223785543,0.264258083998173,0.6740386423844077,0.0,0.24209597999414653,True
2009-08-24,0.9147243967946643,0.2638553431249463,0.6733694772136487,0.0,0.24135491958101568,True
2009-08-25,0.918870430068361,0.26499223731171984,0.6753768990049639,0.0,0.24349353106339716,True
2009-08-26,0.9164134044426961,0.26429969586376995,0.6742056203630096,0.0,0.24220778407968657,True
2009-08-27,0.9198697809397147,0.26524506072612203,0.6758788650342356,0.0,0.2439909159054792,True
2009-08-28,0.9212440244388796,0.2656149024411319,0.6765478827630709,0.0,0.24469614167580875,True
2009-08-31,0.9069224515261264,0.26158127992052715,0.66968851586726,0.0,0.23723393565886639,True
2009-09-01,0.8810220911297162,0.25411452972571136,0.6571415767643255,0.0,0.22388051436539064,True
2009-09-02,0.8799897723869852,0.2538099517294284,0.6566396107350538,0.0,0.2233501616519314,True
2009-09-03,0.8887602392772156,0.2562791550768902,0.660989516089316,0.0,0.22777072318789957,True
2009-09-04,0.9176623717370385,0.2642070771383048,0.675209478700591,0.0,0.24245289303644746,True
2009-09-08,0.9308481272519458,0.2678004448530106,0.6815665846832829,0.0,0.24928154256866286,True
2009-09-09,0.9431096577202209,0.2711109373366995,0.6874223144043979,0.0,0.25568734331582293,True
2009-09-10,0.9568943563597907,0.2747925517584494,0.6939469144124247,0.0,0.2629474419473659,True
2009-09-11,0.9583031485579685,0.2751603909176075,0.6946160795831837,0.0,0.2636870689747847,True
2009-09-14,0.9640070461438965,0.2766726453561898,0.6972926665452581,0.0,0.26671437959863836,True
2009-09-15,0.9686562805833958,0.2778987848770412,0.6994678772457558,0.0,0.26918840333764,True
2009-09-16,0.9906218133326932,0.28360907192205276,0.709672480227667,0.0,0.2809493331050261,True
2009-09-17,0.9902353061772617,0.28349829918186004,0.7095052810861796,0.0,0.28073002509108214,True
2009-09-18,0.9928148831536373,0.28416214746461915,0.7106944739218648,0.0,0.2821204092317725,True
2009-09-21,0.9975619974598903,0.28538624219687003,0.7128715276464086,0.0,0.2846904698134817,True
2009-09-22,1.0004856934324629,0.2861353869470636,0.714211332407164,0.0,0.286274361025299,True
2009-09-23,0.9930867931730664,0.284189708622546,0.710861746784314,0.0,0.28222504638875234,True
2009-09-24,0.9791222501985672,0.2804795845483512,0.7044984482408263,0.0,0.27462380195774094,True
2009-09-25,0.9656588852364637,0.2768643674128979,0.698302348838826,0.0,0.2673565363976377,True
2009-09-28,0.9911841790803242,0.283491545372635,0.7101918444039365,0.0,0.2809923346763877,True
2009-09-29,0.9842040576716427,0.2816426739747597,0.7070101951321925,0.0,0.27719386253945005,True
2009-09-30,0.9852754464334081,0.28191397407964114,0.7075125297662735,0.0,0.27776291666713465,True
2009-10-01,0.9396689623189233,0.2693380596452803,0.6865803472990505,0.0,0.2530886150198728,True
2009-10-02,0.9354177348079886,0.268165537632996,0.6845709350417651,0.0,0.25084679976622354,True
2009-10-05,0.946999912742069,0.27128075825875464,0.690097058342426,0.0,0.25690285439964294,True
2009-10-06,0.9728571067022893,0.27808378439461545,0.7023213207953205,0.0,0.2705357859069688,True
2009-10-07,0.9771686101340921,0.279212615439094,0.7043308067735679,0.0,0.2728378033605242,True
2009-10-08,0.9836646804379607,0.28090822284284067,0.7073451831828623,0.0,0.27631949725509836,True
2009-10-09,0.9923735430023655,0.28316911236343034,0.7113640076974331,0.0,0.2810095353049323,True
2009-10-12,0.9956469941485888,0.2840117714049758,0.7128715276464086,0.0,0.2827754665021803,True
2009-10-13,0.9959919331183709,0.28409186552803783,0.7130387267878961,0.0,0.28295320633047466,True
2009-10-14,1.017246144154303,0.28950203426796745,0.7227513160703862,0.0,0.2944948280839168,True
2009-10-15,1.0135016160956372,0.28852940584568315,0.7210765969799233,0.0,0.29242501911571384,True
2009-10-16,1.003088094108677,0.28581744541244314,0.7163880175268986,0.0,0.28670007658177843,True
2009-10-19,1.0189121112225434,0.28984180458031716,0.7235887861970607,0.0,0.2953233250254828,True
2009-10-20,1.0192631523399829,0.289921986994441,0.7237563539433574,0.0,0.29550679839662547,True
2009-10-21,1.01625896560465,0.28914149594744665,0.7224163280197167,0.0,0.2938426375849332,True
2009-10-22,1.022558579285095,0.2907370489944113,0.7252629155198289,0.0,0.2972956637652663,True
2009-10-23,1.0158164826854865,0.28899651908789953,0.7222490551572673,0.0,0.2935674275282192,True
2009-10-26,1.0105907559334215,0.28763999723954087,0.7199044336864266,0.0,0.29068632224699487,True
2009-10-27,0.9864990085694738,0.28127661952597593,0.7090199022733255,0.0,0.27747910629614836,True
2009-10-28,0.9518917295503041,0.2718592689156833,0.6931111398678731,0.0,0.258780589682431,True
2009-10-29,0.9767251313611042,0.27837081289357046,0.7048333625705342,0.0,0.27189176879057,True
2009-10-30,0.9358843127862568,0.26709911091828986,0.6859104449186729,0.0,0.2499738678675839,True
2009-11-02,0.9418243678158627,0.2686988390638768,0.6887572535816707,0.0,0.253067114234192,True
2009-11-03,0.9463820540452393,0.2699205535544731,0.6909340861433291,0.0,0.25544796790191027,True
2009-11-04,0.9488355904443486,0.27057312912161724,0.692106175715864,0.0,0.25672941472848465,True
2009-11-05,0.9849077383261209,0.2799453505117701,0.7091873962986602,0.0,0.27572034202746065,True
2009-11-06,0.9939560274803451,0.2822885304835974,0.7133736411176043,0.0,0.2805823863627408,True
2009-11-09,1.0271552104774302,0.29065004615610757,0.7286125011426788,0.0,0.29854270933475147,True
2009-11-10,1.0312388702420678,0.2916729899036835,0.7304543456536673,0.0,0.30078452458840066,True
2009-11-11,1.04169675346514,0.29428324611714207,0.7351428513857303,0.0,0.3065539020794097,True
2009-11-12,1.032251711352525,0.2918811435120942,0.7309569014506339,0.0,0.30129480990189117,True
2009-11-13,1.045712347925218,0.2952312033337091,0.7369854331063375,0.0,0.30872691481888037,True
2009-11-16,1.0626953287112983,0.29940317930338134,0.7445209686642837,0.0,0.31817436004701466,True
2009-11-17,1.0680227521279573,0.30070261618857125,0.7468655164141625,0.0,0.32115723571379473,True
2009-11-18,1.058411986006914,0.2983085115754988,0.742678681827524,0.0,0.3157333041793902,True
2009-11-19,1.0320993392011868,0.29161453113713753,0.7311241743130832,0.0,0.30097516488810355,True
2009-11-20,1.0238442145386666,0.2895011698492886,0.7274401166862966,0.0,0.29640409785237,True
2009-11-23,1.0498727651494706,0.2959508341947744,0.7391620445051104,0.0,0.3107107206443603,True
2009-11-24,1.0441715876068651,0.29451235896951816,0.7366501501718203,0.0,0.30752143743504473,True
2009-11-25,1.0513155573124915,0.2962795645670936,0.7398322417693353,0.0,0.3114833155431563,True
2009-11-27,1.0259024313650968,0.2897838245951275,0.7286125011426788,0.0,0.29728993022241806,True
2009-11-30,1.027743197769246,0.2902410844151641,0.7294498975483914,0.0,0.29829330022085443,True
2009-12-01,1.044501136998534,0.2944139484384574,0.7369854331063375,0.0,0.3075157038921965,True
2009-12-02,1.0467414584714463,0.294964224333728,0.737990176095461,0.0,0.3087512823759853,True
2009-12-03,1.0399212955547301,0.2932391562842444,0.7349756522442428,0.0,0.3049456433104874,True
2009-12-04,1.04854488312612,0.2953782802530306,0.7388274987802117,0.0,0.3097173843459083,True
2009-12-07,1.0405829481058242,0.2933667669728045,0.7353104928529889,0.0,0.30527245525283525,True
2009-12-08,1.0304100965364755,0.29077802750315757,0.730789481146261,0.0,0.2996206153902145,True
2009-12-09,1.0468184280340362,0.2948562719284592,0.7381574489579104,0.0,0.308660979076126,True
2009-12-10,1.0551023678527214,0.2969007779440675,0.7418416540266207,0.0,0.31326071382610066,True
2009-12-11,1.0486275862315582,0.2952743363367174,0.738994771642661,0.0,0.30963281458889724,True
2009-12-14,1.0644792709398145,0.299161300913154,0.7460282674503738,0.0,0.31845100348944066,True
2009-12-15,1.0549088607815944,0.29677180502874767,0.7418416540266207,0.0,0.3130672067549736,True
2009-12-16,1.0571621564468772,0.29732022073755093,0.7428464707367062,0.0,0.3143156857101709,True
2009-12-17,1.036619415976972,0.2921184259866354,0.7338037838345935,0.0,0.3028156321423783,True
2009-12-18,1.0633613058623126,0.29867377836662923,0.7457631668715428,0.0,0.3175981389907698,True
2009-12-21,1.0824412284996692,0.30328777928914363,0.754150032096992,0.0,0.3282911964026772,True
2009-12-22,1.0928600576820606,0.3057857005061483,0.7586790793885622,0.0,0.3341809782934985,True
2009-12-23,1.1056855958344496,0.3088320760543958,0.7642144178094549,0.0,0.34147117802499466,True
2009-12-24,1.1221477887984692,0.3126936805078829,0.7712592666452933,0.0,0.3508885221531758,True
2009-12-28,1.1316434904025683,0.31490334637421535,0.7752851683722022,0.0,0.356358322030366,True
2009-12-29,1.124034243416043,0.31310107247188396,0.7720979163073574,0.0,0.3519363271086858,True
2009-12-30,1.1295677551500416,0.31438690467372105,0.7744464449891765,0.0,0.3551213101608652,True
2009-12-31,1.112806058293165,0.3103904636794038,0.7674016698742998,0.0,0.3454043884188651,True
2010-01-04,1.139193756471924,0.3164991380624969,0.7786399144623819,0.0,0.36055384200954194,True
2010-01-05,1.1391665221433949,0.3164827974426999,0.7786399144623819,0.0,0.36052660768101297,True
2010-01-06,1.1279192606804889,0.3138310048570118,0.7739432257035531,0.0,0.3539760349769357,True
2010-01-07,1.1290875709365042,0.3140953235834278,0.7744464449891765,0.0,0.3546411259473278,True
2010-01-08,1.1441922376706073,0.3175793947520595,0.7808203593511712,0.0,0.36337187831943607,True
2010-01-11,1.1365308400642786,0.3157827623103583,0.7776339919378686,0.0,0.35889684812640993,True
2010-01-12,1.1133046825378043,0.3102475842231987,0.7679045942760753,0.0,0.34540008826172897,True
2010-01-13,1.1357418790950449,0.3154556494813458,0.7774656869819534,0.0,0.3582761921130915,True
2010-01-14,1.1373147080656165,0.3158121399281593,0.7781369163396443,0.0,0.35917779172597214,True
2010-01-15,1.1156874753363786,0.3106680321139992,0.7690790429193898,0.0,0.34660843241698874,True
2010-01-19,1.1448575860435264,0.3173898214120521,0.7814914412669385,0.0,0.36336614477658785,True
2010-01-20,1.117914725268432,0.31099149430370626,0.7702527543530852,0.0,0.34766197091534695,True
2010-01-21,1.100910998329194,0.30690084269218126,0.7630404852128738,0.0,0.3378705131163202,True
2010-01-22,1.0489418699778528,0.29383029201518024,0.7407309740153111,0.0,0.3082108959625417,True
2010-01-25,1.0545773823202031,0.2952177322322252,0.7432474390482363,0.0,0.3113299432719667,True
2010-01-26,1.0560666325937047,0.29557643133455547,0.7439182260801563,0.0,0.31214840651354836,True
2010-01-27,1.0693050776719468,0.2988071559232976,0.7497890685984516,0.0,0.31951600907349526,True
2010-01-28,1.0253306942828007,0.28754788613099913,0.7304990205565517,0.0,0.294831673726249,True
2010-01-29,0.9971250865981192,0.28017953410501223,0.7177510443906382,0.0,0.279374042207481,True
2010-02-01,1.014192508516024,0.28451969625255674,0.7256347640514264,0.0,0.2885577444645977,True
2010-02-02,1.028517643645567,0.28812439991856914,0.7321766147645272,0.0,0.2963410288810397,True
2010-02-03,1.0374080878743706,0.29034469993858364,0.7362021478866266,0.0,0.3012059399877439,True
2010-02-04,0.9899347012431814,0.2778316421393297,0.7148995175860816,0.0,0.27503518365709984,True
2010-02-05,1.0029225340446106,0.28116253052160933,0.7209382964554831,0.0,0.2819842375891276,True
2010-02-08,0.9915989073544256,0.2781979808380742,0.7157380935271838,0.0,0.27586081382724176,True
2010-02-09,1.0074923591944287,0.2822589064581074,0.7231186676233105,0.0,0.2843736915711182,True
2010-02-10,1.004179428390836,0.28139442449858443,0.7216089360454793,0.0,0.2825704923453568,True
2010-02-11,1.0278685019472578,0.2873487001592454,0.7325118239780825,0.0,0.2953566779691753,True
2010-02-12,1.0305870600149318,0.287763445517971,0.7340217767187991,0.0,0.29656528329613274,True
2010-02-16,1.0514681600822193,0.2929743048649217,0.743415006794533,0.0,0.3080531532876864,True
2010-02-17,1.0608890723030837,0.295300258412625,0.7476082551048531,0.0,0.31328081719823064,True
2010-02-18,1.0715252986575339,0.29791182747616046,0.7523052387475293,0.0,0.31922005991000457,True
2010-02-19,1.0711897208391692,0.29800515604269223,0.7519696609291646,0.0,0.31922005991000457,True
2010-02-22,1.0674390009213233,0.2969527978417865,0.7504600030722951,0.0,0.3169789978490283,True
2010-02-23,1.0453345026332868,0.29139335576378034,0.7407309740153111,0.0,0.3046035286179757,True
2010-02-24,1.0620943745295541,0.29546792062150784,0.7482795581835058,0.0,0.3138148163460483,True
2010-02-25,1.0617475129010085,0.29539592724042507,0.7481116218324,0.0,0.3136358910686086,True
2010-02-26,1.0683434966068313,0.29723439396736234,0.7507950648439269,0.0,0.3175484317629043,True
2010-03-01,1.092868021487229,0.3030278793338032,0.7616985425442248,0.0,0.3311694789430043,True
2010-03-02,1.097207351663728,0.30364413327740686,0.7640467763421963,0.0,0.33316057532153165,True
2010-03-03,1.0998962267918886,0.3045842087554512,0.7648852048413748,0.0,0.33501102195051374,True
2010-03-04,1.106110872475611,0.3062163215548535,0.7674016698742998,0.0,0.33870920260131127,True
2010-03-05,1.1326562049643913,0.3122578456326258,0.7789754185597847,0.0,0.3536807864046067,True
2010-03-08,1.1360515134097886,0.31298469099325454,0.7804847815328066,0.0,0.35556673187698185,True
2010-03-09,1.1467074239045418,0.3155651861321685,0.7848464822409656,0.0,0.3618609416635762,True
2010-03-10,1.161936185141092,0.3190500418860062,0.7912203966029605,0.0,0.3707157885381317,True
2010-03-11,1.1683696266811487,0.32021537176312637,0.7942397123166995,0.0,0.3741299143644492,True
2010-03-12,1.1693910848452065,0.32066561371810026,0.7944075749468433,0.0,0.3749835098983632,True
2010-03-15,1.1648529743780724,0.3197470912529052,0.7923946240833889,0.0,0.37245835029468355,True
2010-03-16,1.1769272008782268,0.322450740491067,0.7974261534509639,0.0,0.3795010474272629,True
2010-03-17,1.1817397132239074,0.32336456328174656,0.7996069669445622,0.0,0.38213274627934524,True
2010-03-18,1.18829966339289,0.32484099288900786,0.8022912208866697,0.0,0.3860084425062202,True
2010-03-19,1.1766182753848853,0.3222626346621252,0.7974381699677462,0.0,0.3791801054171391,True
2010-03-22,1.1940811670362925,0.3261272417738495,0.8046587695766473,0.0,0.38942239745964535,True
2010-03-23,1.207767125698902,0.3291754337461999,0.8101998582325647,0.0,0.3975672674663372,True
2010-03-24,1.1982500555811995,0.3270704155872413,0.8063379119248215,0.0,0.3919121436563779,True
2010-03-25,1.1946202227673794,0.32600983274757284,0.8051622837461179,0.0,0.3894579390212616,True
2010-03-26,1.197488099606339,0.3269226531699681,0.8060021129435716,0.0,0.3914859866627674,True
2010-03-29,1.2067198002782724,0.3288714308114279,0.8098641329722764,0.0,0.3968556673059959,True
2010-03-30,1.2135674169583253,0.330444676193724,0.8125505248222774,0.0,0.4010168921360478,True
2010-03-31,1.2043001630092913,0.32849915382076106,0.8086885785145345,0.0,0.3956115844947568,True
2010-04-01,1.203517693316833,0.32806257605916017,0.8086885785145345,0.0,0.39482911480229854,True
2010-04-05,1.222489628231351,0.332309222118671,0.8162450508256476,0.0,0.4062445774057036,True
2010-04-06,1.2279348766231355,0.3333556960386289,0.8185957911363222,0.0,0.40933908548681325,True
2010-04-07,1.223607749463136,0.3326450386381969,0.816580702364974,0.0,0.40702704709816206,True
2010-04-08,1.2269132827326379,0.33293760947762124,0.8184277073432925,0.0,0.4084855753893453,True
2010-04-09,1.239143950055359,0.33559160715290587,0.8232976403624809,0.0,0.41584630969287806,True
2010-04-12,1.2414870073639241,0.3363047007373774,0.8239690908830574,0.0,0.4175179164808667,True
2010-04-13,1.2519805409419091,0.3385144924130249,0.8281669836139743,0.0,0.4238135573279347,True
2010-04-14,1.276823722084414,0.34362582084029214,0.8380741225148003,0.0,0.43874959956961385,True
2010-04-15,1.286386081789739,0.34563324974550796,0.8417682799133607,0.0,0.4446178018763783,True
2010-04-16,1.2604849142587142,0.3401796690638272,0.8316935732662383,0.0,0.428791340992476,True
2010-04-19,1.2593060877032243,0.3399623779123712,0.831189395608111,0.0,0.4281166920951132,True
2010-04-20,1.2698341334617569,0.342128581041144,0.8353875832228753,0.0,0.43444655023888157,True
2010-04-21,1.2821818962770704,0.3447971666692358,0.8400892112861484,0.0,0.44209268499092186,True
2010-04-22,1.2934278589667945,0.34685888570143203,0.8447909130703831,0.0,0.44863694589641134,True
2010-04-23,1.3028928996875067,0.34889748847548735,0.8483168392339906,0.0,0.4545760604535161,True
2010-04-26,1.2976672367235254,0.3476989041721062,0.8464697605347103,0.0,0.4511974761888149,True
2010-04-27,1.2518534025394625,0.3381790703970968,0.8285027825952245,0.0,0.4233506199442381,True
2010-04-28,1.253352833503006,0.338568802647131,0.8290066653695043,0.0,0.4243461681335017,True
2010-04-29,1.2894527120240877,0.3458872788459579,0.8434474222615355,0.0,0.44600528976255227,True
2010-04-30,1.2465473314647584,0.33670887031829544,0.8268237876889738,0.0,0.4197235437757846,True
2010-05-03,1.2752750803747244,0.34256537423231437,0.8384099952170121,0.0,0.4368650851577122,True
2010-05-04,1.21146568929998,0.3287284166838513,0.8132224913895871,0.0,0.3982431979103929,True
2010-05-05,1.2007236211000198,0.3262191361593287,0.8090245986586702,0.0,0.3916990224413496,True
2010-05-06,1.135315676304343,0.31121364856290806,0.781989942411003,0.0,0.3533257338933401,True
2010-05-07,1.0901247572563806,0.30052825741735706,0.7625114635906013,0.0,0.3276132936657794,True
2010-05-10,1.1786175135086214,0.31942295952652394,0.8021400191939048,0.0,0.37647749431471667,True
2010-05-11,1.1775293825675623,0.31950713986332374,0.8013003374383748,0.0,0.3762290451291874,True
2010-05-12,1.2129135496096326,0.3268993377817007,0.8164129134557917,0.0,0.3965006361538409,True
2010-05-13,1.182059871201099,0.3202685342634613,0.8034832888398672,0.0,0.3785765823612318,True
2010-05-14,1.1433161929078242,0.3107463665707296,0.7880348401202384,0.0,0.35528135278758577,True
2010-05-17,1.1506364405638734,0.3129423952585704,0.790553516782019,0.0,0.36008292378185425,True
2010-05-18,1.12595866236185,0.30757781272435025,0.7796387597745571,0.0,0.34631990258729306,True
2010-05-19,1.1106058972214048,0.3035997534921455,0.7734262205980631,0.0,0.3371796766233416,True
2010-05-20,1.0477860656810454,0.2892517361029016,0.7447121271183741,0.0,0.3030739385626713,True
2010-05-21,1.0583617586231493,0.2885795511248374,0.7529401973919874,0.0,0.30542156123116193,True
2010-05-24,1.0578641569151372,0.29110220879227305,0.7499175642349651,0.0,0.3079465926801722,True
2010-05-25,1.0563658069426323,0.2894608752144236,0.7505892359184272,0.0,0.3057765710242052,True
2010-05-26,1.0385105463764486,0.2853285682547458,0.7421938190614027,0.0,0.2963167273150458,True
2010-05-27,1.0986313620863222,0.29891353555911543,0.770235577368973,0.0,0.32839578471734926,True
2010-05-28,1.0895091351584694,0.29720471270262944,0.7657018856568061,0.0,0.3238072495016632,True
2010-06-01,1.0734954543825252,0.2932903554396553,0.75864959100382,0.0,0.3148458633787051,True
2010-06-02,1.1136185921922737,0.3026189570941932,0.7766164952223441,0.0,0.3370020969699295,True
2010-06-03,1.1297551526100702,0.30604019750097355,0.7840046625775419,0.0,0.3457504900325284,True
2010-06-04,1.0687474596905544,0.2915649464438603,0.7571381638438662,0.0,0.31160929584668823,True
2010-06-07,1.0369120924374338,0.283093584677982,0.7433689311933735,0.0,0.29354316124406016,True
2010-06-08,1.0339326838441374,0.2823269837378427,0.7420255878264495,0.0,0.29190709601768783,True
2010-06-09,1.0212823920078173,0.27952055113532087,0.7358129749289934,0.0,0.28546941707882395,True
2010-06-10,1.0659576269470803,0.2900258455581295,0.7568023648626161,0.0,0.30915526208446414,True
2010-06-11,1.081251716483736,0.29339042391144665,0.7640228170295934,0.0,0.3172288994541427,True
2010-06-14,1.081261559589816,0.2935519670826488,0.763855101841373,0.0,0.31740645774844317,True
2010-06-15,1.1249344638122252,0.30276766518142667,0.7843406827216776,0.0,0.3405937810905475,True
2010-06-16,1.134988615015346,0.30613303572456196,0.7875311047878821,0.0,0.3474575102274641,True
2010-06-17,1.1409924771957085,0.3075765662948595,0.7900499288915867,0.0,0.3509425483041218,True
2010-06-18,1.1426087926158703,0.3079818302099116,0.7907060454520973,0.0,0.35190274716377307,True
2010-06-21,1.126632323964124,0.304141723281396,0.7839764274491513,0.0,0.3426558965149727,True
2010-06-22,1.1124683349995692,0.30072593892476646,0.7779202504327521,0.0,0.33454808456681706,True
2010-06-23,1.1047911533939019,0.298759968463057,0.7747237832476753,0.0,0.3300673701462265,True
2010-06-24,1.077010631526001,0.2916065268213,0.7629473019170889,0.0,0.3140633296089121,True
2010-06-25,1.076949365848767,0.29142528184123706,0.7630990933775486,0.0,0.31385027247121844,True
2010-06-28,1.0714418098435559,0.29030022442459386,0.7604020119880786,0.0,0.3110397978554773,True
2010-06-29,1.0074017153240364,0.27430018080987884,0.7310712426624711,0.0,0.2763304726615653,True
2010-06-30,0.9826201931844667,0.2673200034515455,0.7199461597508368,0.0,0.26267403343362994,True
2010-07-01,0.9780365268203886,0.2659547067740025,0.7179231091156082,0.0,0.2601134177047803,True
2010-07-02,0.9745909007786251,0.26543493632739856,0.7159004270851888,0.0,0.25869047369343634,True
2010-07-06,0.978134466575435,0.26585553584125965,0.7180920038392181,0.0,0.26004246273621695,True
2010-07-07,1.025632423641044,0.277502857534542,0.7410164953005762,0.0,0.28461592834046767,True
2010-07-08,1.0344799484638458,0.2797710093506476,0.7450624491291097,0.0,0.28941749933473604,True
2010-07-09,1.0496686891603857,0.2834482398263709,0.7521419468170202,0.0,0.2975267423433654,True
2010-07-12,1.0552390189801515,0.2851537353669804,0.7543336710129733,0.0,0.30090534796717816,True
2010-07-13,1.075293305578842,0.28939378801665555,0.7641101026484298,0.0,0.31118320293041224,True
2010-07-14,1.0841482220692686,0.29162155151766084,0.767987235474315,0.0,0.3161609865949536,True
2010-07-15,1.085926075849125,0.2921602566433248,0.7686616348333659,0.0,0.3172644410157589,True
2010-07-16,1.0391515950377057,0.2807382103589162,0.7474220359552068,0.0,0.29172955908249876,True
2010-07-19,1.0521370621703974,0.2835269295250812,0.7538278714936851,0.0,0.29830919067671224,True
2010-07-20,1.0706634393125696,0.2874232221285729,0.7629299037700911,0.0,0.3077335355424785,True
2010-07-21,1.0494365906524739,0.2829682380413414,0.7524793676594309,0.0,0.296957222993043,True
2010-07-22,1.088506387632589,0.29120545497066974,0.7715273897835605,0.0,0.3169789978490283,True
2010-07-23,1.101645642028745,0.2952222068354133,0.7764153844384033,0.0,0.3252302575903418,True
2010-07-26,1.1151990093629958,0.29804374060538025,0.7828209250930339,0.0,0.33237808426996174,True
2010-07-27,1.1147913590461558,0.298089002187174,0.7824843151812035,0.0,0.3323070438649522,True
2010-07-28,1.1017611493753128,0.29544905557822004,0.7762468583196024,0.0,0.3255142910557104,True
2010-07-29,1.0882770061208467,0.29198587167835854,0.7705154958611369,0.0,0.3177615102597097,True
2010-07-30,1.092133247337326,0.292941848163386,0.7722017154216494,0.0,0.3199315319156766,True
2010-08-02,1.1238419504586474,0.29999246207620467,0.7866978367560337,0.0,0.33714411370261366,True
2010-08-03,1.1169859263210902,0.29871374956870356,0.7833268720542458,0.0,0.3336590542668445,True
2010-08-04,1.1345459299349747,0.30258485310661426,0.7912495163828933,0.0,0.3432964135520814,True
2010-08-05,1.1306648198402538,0.3018310539643771,0.7893950655874274,0.0,0.34126975425282635,True
2010-08-06,1.1278845609820416,0.3011560435328896,0.7882153090348597,0.0,0.3396692519471818,True
2010-08-09,1.1392177763126088,0.30337347180395063,0.7936093243718761,0.0,0.3456084519407326,True
2010-08-10,1.12497957945793,0.3007003405918683,0.7866978367560337,0.0,0.3382817427018963,True
2010-08-11,1.075726659690928,0.28858279928790503,0.7652904489686924,0.0,0.3104362107222356,True
2010-08-12,1.0609082114243868,0.2843662333714634,0.7592217393887778,0.0,0.301686472035609,True
2010-08-13,1.0495041244898453,0.28172948166343403,0.7538278714936851,0.0,0.29567625299616024,True
2010-08-16,1.0525240022337181,0.28250925747693795,0.7551762278860155,0.0,0.29734777434770265,True
2010-08-17,1.07344273549436,0.2875403371217629,0.7647846494494044,0.0,0.3086580860449557,True
2010-08-18,1.0792504682670134,0.28856300559366443,0.7678187093555142,0.0,0.31143175891149916,True
2010-08-19,1.0561671099642298,0.2840264837367654,0.756187679482668,0.0,0.29997943048156184,True
2010-08-20,1.0561472506471166,0.283055549827462,0.7571989099164348,0.0,0.2989483407306819,True
2010-08-23,1.0404803656376589,0.27938869158223145,0.7497819176651516,0.0,0.29069844797250727,True
2010-08-24,1.0098096305154214,0.27135656930829044,0.7357911535242843,0.0,0.2740184769911371,True
2010-08-25,1.0251051839850998,0.2753222228297307,0.7428709460960421,0.0,0.2822342378890577,True
2010-08-26,1.0069599050554279,0.2711358278239822,0.7339369976126658,0.0,0.273022907442762,True
2010-08-27,1.0249262800667718,0.2751957281770102,0.7428709460960421,0.0,0.28205533397072957,True
2010-08-30,1.008033165077816,0.27074149975166184,0.7351167541652336,0.0,0.27291641091258245,True
2010-08-31,1.0041526304079933,0.2704413149643683,0.7325882726155262,0.0,0.271564357792467,True
2010-09-01,1.0488275759026682,0.28062350801697,0.7545019022479266,0.0,0.2943256736547416,True
2010-09-02,1.067355895452878,0.285215074915213,0.7629299037700911,0.0,0.3044259916827868,True
2010-09-03,1.0955044332019994,0.29204038086871403,0.7755729012863228,0.0,0.3199315319156766,True
2010-09-07,1.0824905382615777,0.288356583824446,0.7703472646261834,0.0,0.3121432736353943,True
2010-09-08,1.102786364794855,0.2930468763166206,0.7796182653471615,0.0,0.3231680994476935,True
2010-09-09,1.1099093468665688,0.29485009302360266,0.782652472695195,0.0,0.3272568741713739,True
2010-09-10,1.1162967749134405,0.29631801290257026,0.785517932761542,0.0,0.33077884215189846,True
2010-09-13,1.1418347541188307,0.30246048713604323,0.7964748581591852,0.0,0.34535989595964567,True
2010-09-14,1.149580219879393,0.3042275974879792,0.7998461914657824,0.0,0.34973402841361056,True
2010-09-15,1.1605764684088047,0.3064626274313915,0.8049031545651971,0.0,0.3556733138436076,True
2010-09-16,1.168794186896926,0.3085982635631742,0.8081063303578027,0.0,0.3606878565391235,True
2010-09-17,1.1753712439865411,0.3101386889511163,0.8108431473457126,0.0,0.3645280966408285,True
2010-09-20,1.2085546886679968,0.3173367207475132,0.825035906922063,0.0,0.38351878174593385,True
2010-09-21,1.2071771245400948,0.3166976117836003,0.8248670121984529,0.0,0.38231011234164186,True
2010-09-22,1.203167018035544,0.3162458660459108,0.8226704224190173,0.0,0.38049659561652666,True
2010-09-23,1.201690232605902,0.3156866797622682,0.822332632971797,0.0,0.379357599634105,True
2010-09-24,1.2398990105364773,0.3232838393097848,0.8390596980538415,0.0,0.40083931248263577,True
2010-09-27,1.2307483466046025,0.32195911552955525,0.8344976974923222,0.0,0.3962506491122803,True
2010-09-28,1.2314062024985764,0.32259571810537113,0.83415983432414,0.0,0.3972463681744363,True
2010-09-29,1.2268550887667296,0.32118427292786556,0.8328085290933355,0.0,0.39404655967339397,True
2010-09-30,1.217802013040286,0.31919064571094663,0.8290910021498665,0.0,0.38871101089041954,True
2010-10-01,1.215579323521161,0.3187800412729117,0.8280768965985873,0.0,0.38750242692257375,True
2010-10-04,1.1931814985201474,0.3134971882284981,0.8191224536878153,0.0,0.3740590448323321,True
2010-10-05,1.2409655564125273,0.32386544193905287,0.8390596980538415,0.0,0.4019058583586858,True
2010-10-06,1.2234580828664519,0.3201282035293584,0.8317946447049417,0.0,0.3916634381615101,True
2010-10-07,1.2303390060453492,0.32145903761762956,0.8348354132185803,0.0,0.3955035928267689,True
2010-10-08,1.2440512662322991,0.3243201762257059,0.8405803403340272,0.0,0.4034709258982718,True
2010-10-11,1.245207183372779,0.3246760742059879,0.8409182035022094,0.0,0.4042889798705695,True
2010-10-12,1.2593454916859241,0.3276957882891009,0.8466632780595799,0.0,0.4126822136263443,True
2010-10-13,1.2763003809872802,0.3311995095244895,0.8535903207983739,0.0,0.4227100601889063,True
2010-10-14,1.272264600013617,0.33040602555121146,0.851900710073616,0.0,0.420363889940001,True
2010-10-15,1.3171581187621264,0.33950242458913443,0.8699797438751214,0.0,0.44717837488700496,True
2010-10-18,1.313947792036221,0.3403319200331498,0.8667694171492161,0.0,0.44717837488700496,True
2010-10-19,1.2880553530014311,0.3333678733209445,0.8586590792516856,0.0,0.4293962737497455,True
2010-10-20,1.3032342729841195,0.3363352739054768,0.8649106168170008,0.0,0.43832365616711877,True
2010-10-21,1.3079812193641231,0.3374522557746112,0.8666000063788731,0.0,0.4413812129852499,True
2010-10-22,1.3225015126131683,0.34025489300585593,0.872513901938892,0.0,0.4499876106742762,True
2010-10-25,1.3335539016591402,0.34255522912014574,0.8767380393322292,0.0,0.45681586232691107,True
2010-10-26,1.3386572632296316,0.3432946576090472,0.8791033763933511,0.0,0.45955388683628057,True
2010-10-27,1.3460913006475264,0.3449130847503771,0.8818067977855408,0.0,0.4642845028619856,True
2010-10-28,1.3506171822360322,0.3457320578923555,0.8836655243967944,0.0,0.4669516578392379,True
2010-10-29,1.3463485629175271,0.3451637062311499,0.8816379030619309,0.0,0.4647106598555962,True
2010-11-01,1.3480923068367807,0.3455093747174361,0.8823137768402186,0.0,0.4657785299965621,True
2010-11-02,1.371671686068873,0.34986255520045084,0.8917751250847065,0.0,0.4798965609841665,True
2010-11-03,1.3826619097997848,0.35209720550841134,0.8958305151963575,0.0,0.48683139460342734,True
2010-11-04,1.4108935808162977,0.357277780909385,0.9068126531629548,0.0,0.5040809276533429,True
2010-11-05,1.4114971038722048,0.35755259385565374,0.9068126531629548,0.0,0.5046844507092499,True
2010-11-08,1.4139609597766492,0.3578355710624524,0.9079954322749586,0.0,0.5059655275016905,True
2010-11-09,1.4008809910779711,0.35533725172956004,0.9030957897081426,0.0,0.4977852013698286,True
2010-11-10,1.413054155310355,0.3576621043260156,0.9076582325954331,0.0,0.5053959227149221,True
2010-11-11,1.3988095716299158,0.35522790414564875,0.9019133792009482,0.0,0.4968961924289677,True
2010-11-12,1.3588246411514837,0.34707285527574666,0.8872134931279964,0.0,0.4716111480234873,True
2010-11-15,1.3503952830829855,0.3454996407128262,0.8838341979575188,0.0,0.46656108512546673,True
2010-11-16,1.3127131307235893,0.337780776507005,0.8693038700968339,0.0,0.44340926062675556,True
2010-11-17,1.3194424553175188,0.33923766269225003,0.8718378807186803,0.0,0.4476045745988386,True
2010-11-18,1.3542720674282813,0.34587592254152494,0.8858619667343062,0.0,0.4684101006939751,True
2010-11-19,1.3560501878016433,0.34623517462081244,0.8865379142335559,0.0,0.4695122735680875,True
2010-11-22,1.3758612359694538,0.3502454607356937,0.8939720834689514,0.0,0.4818891525005023,True
2010-11-23,1.3389068325723854,0.34291238096124066,0.8797791027297154,0.0,0.4591277298426699,True
2010-11-24,1.383462573589159,0.3512507743273641,0.8975202733630389,0.0,0.4859423002261201,True
2010-11-26,1.3744912879401872,0.3513187893514921,0.8916066726868676,0.0,0.48288461525331966,True
2010-11-29,1.3670937444758902,0.34830306808978884,0.8909307989085797,0.0,0.47616294556731037,True
2010-11-30,1.338178530184811,0.3423020613996885,0.8801172607817449,0.0,0.4580612694030661,True
2010-12-01,1.3858905076116934,0.35153408392995583,0.8987027575911952,0.0,0.48718775002049813,True
2010-12-02,1.4098088311994317,0.3560638250621537,0.9078269061561578,0.0,0.5019819250432739,True
2010-12-03,1.41637086850303,0.35737707481855324,0.9101923906592034,0.0,0.5061784778438266,True
2010-12-06,1.4151435850709546,0.3570587688170226,0.9098541588862121,0.0,0.5052894261847425,True
2010-12-07,1.4161135132248133,0.35714117850141247,0.9103610642199279,0.0,0.5057524490048854,True
2010-12-08,1.4264987134222995,0.3594523258144263,0.9137404331113672,0.0,0.5127582803109324,True
2010-12-09,1.4278759955778342,0.35947849941681254,0.9145852753342272,0.0,0.5132907202436071,True
2010-12-10,1.4447346988033507,0.36274277619644735,0.920667623292085,0.0,0.5240670755112656,True
2010-12-13,1.4353725476283445,0.3608226194050476,0.9174576651709888,0.0,0.5179148824573557,True
2010-12-14,1.439230686943118,0.36136219384950485,0.919147128453823,0.0,0.520083558489295,True
2010-12-15,1.429876706883241,0.36002037441415513,0.9150919595050575,0.0,0.5147847473781836,True
2010-12-16,1.4477141642585674,0.36300370389177744,0.9221885604561183,0.0,0.5255256038024491,True
2010-12-17,1.4501274732432603,0.36350336272487493,0.9230012603396092,0.0,0.5271262129036512,True
2010-12-20,1.452226103585143,0.3639569545176323,0.9236783136532867,0.0,0.5285477899318562,True
2010-12-21,1.4665256342992081,0.36634927214985263,0.9292650355845924,0.0,0.5372605987146158,True
2010-12-22,1.4669259213238504,0.36663751558861396,0.9290958459771351,0.0,0.5378300753467151,True
2010-12-23,1.4604656196906496,0.3654587750385892,0.9267256433325306,0.0,0.5337399763581189,True
2010-12-27,1.4611878861585905,0.3654248602646074,0.9272335070387505,0.0,0.53395437911984,True
2010-12-28,1.457183257203969,0.36484250064025786,0.9255408737545568,0.0,0.5316423834494121,True
2010-12-29,1.4623797637554894,0.36571061569358665,0.9275719599746275,0.0,0.5348078037808618,True
2010-12-30,1.4561598512921636,0.36451274917565607,0.9253710206584426,0.0,0.5307888306337211,True
2010-12-31,1.4479013291230958,0.3632264716534854,0.9219852380433217,0.0,0.525916091079774,True
2011-01-03,1.486048356127721,0.369888995540168,0.9363754223555202,0.0,0.5496729337722006,True
2011-01-04,1.4845176025564286,0.36969543507696356,0.9356982215999189,0.0,0.5488193809565097,True
2011-01-05,1.5060955315942155,0.3734427024181118,0.9436551461758291,0.0,0.5624403854183865,True
2011-01-06,1.5142285201668035,0.37479555461693154,0.9467024021341109,0.0,0.5675261180326926,True
2011-01-07,1.5120655348806569,0.3744610650068269,0.9458558643291286,0.0,0.5662096705515282,True
2011-01-10,1.5219875879628604,0.37620300823330666,0.949411278877478,0.0,0.5725763090853825,True
2011-01-11,1.5259732962903674,0.376944890492448,0.9507654592257949,0.0,0.5752078370645725,True
2011-01-12,1.5444107534913458,0.3799981872586895,0.9575374667818076,0.0,0.5868732867095382,True
2011-01-13,1.546598738042464,0.380656137753736,0.9578764357644174,0.0,0.5887223022780464,True
2011-01-14,1.56647628157573,0.3839762918843492,0.9649865276514977,0.0,0.6014897539242324,True
2011-01-18,1.5739850984491177,0.3851941900940037,0.967695183231979,0.0,0.6062899152171386,True
2011-01-19,1.5426752260327568,0.37984932909110264,0.956691076418749,0.0,0.5859841496140078,True
2011-01-20,1.5227440910147565,0.3761792965536346,0.9499192900256217,0.0,0.5728248009891348,True
2011-01-21,1.5023771620766144,0.37256810817099145,0.9426393450424273,0.0,0.5597378170341872,True
2011-01-24,1.538529417974852,0.37883847775670687,0.9556752752853469,0.0,0.5828541426895052,True
2011-01-25,1.5419101198241276,0.37932219938872824,0.957029381912702,0.0,0.5848807379114256,True
2011-01-26,1.556058429561121,0.38170167933211385,0.9621083138587495,0.0,0.5939501157023717,True
2011-01-27,1.573434829756211,0.38476402607739035,0.9680337098888179,0.0,0.6054011198673931,True
2011-01-28,1.5032237736025589,0.37235827882946837,0.9434859565683716,0.0,0.5597378170341872,True
2011-01-31,1.5160815053470196,0.3746662380989642,0.9480569510872372,0.0,0.5680245542597825,True
2011-02-01,1.565401458429533,0.3830124485335779,0.9658332128984038,0.0,0.5995682455311293,True
2011-02-02,1.561174740161718,0.3823182755101964,0.964309105733011,0.0,0.596865634428707,True
2011-02-03,1.5651800443204809,0.38281711916133765,0.9660023287848996,0.0,0.5991777155355813,True
2011-02-04,1.5814091241560488,0.3857252844267735,0.9714196399458622,0.0,0.6099894842101867,True
2011-02-07,1.5948348725412538,0.38803042866333093,0.9759904133018423,0.0,0.6188444592394114,True
2011-02-08,1.614463231911433,0.3914856972252977,0.9824239679219783,0.0,0.6320392639894548,True
2011-02-09,1.6089288248132165,0.3904447327756767,0.9807310397539367,0.0,0.6281977850592799,True
2011-02-10,1.6135110448492997,0.3912317246762379,0.9822543359887494,0.0,0.6312567088605502,True
2011-02-11,1.6335663657678945,0.39435286057964,0.9893647964806388,0.0,0.6442015692872557,True
2011-02-14,1.6399914441542953,0.39528029240507323,0.9917351465671671,0.0,0.6482562975871282,True
2011-02-15,1.636965637730735,0.3949898544297762,0.9903808187769263,0.0,0.6465848189538087,True
2011-02-16,1.6553482524226886,0.3978221337689364,0.9968140785132146,0.0,0.6585341739094739,True
2011-02-17,1.6544401871282728,0.3976963252179555,0.996475404414452,0.0,0.6579647827138208,True
2011-02-18,1.648505768121671,0.3968630832307963,0.9942746862611526,0.0,0.6542310818605185,True
2011-02-22,1.5621112272833404,0.38192994626002535,0.9654941701948321,0.0,0.5966170570885084,True
2011-02-23,1.5394315174072193,0.377992813610484,0.9575374667818076,0.0,0.5818940506254116,True
2011-02-24,1.5527956721537992,0.380075390118303,0.9626162512859314,0.0,0.5901794208678678,True
2011-02-25,1.5914562455583297,0.3867312305784214,0.9759904133018423,0.0,0.6154658322564872,True
2011-02-28,1.5979687716931252,0.3879590591646972,0.9780223104524934,0.0,0.6199464612406317,True
2011-03-01,1.5524217203745292,0.38014407701156067,0.9622777983500546,0.0,0.5901439220244745,True
2011-03-02,1.5658228263840877,0.3822055940466337,0.9673565828541784,0.0,0.5984662435299092,True
2011-03-03,1.6206593187497391,0.39130521377388217,0.9864868775717383,0.0,0.6341724411780009,True
2011-03-04,1.6061917833033155,0.3889844432087686,0.9814081667885762,0.0,0.6247836165147393,True
2011-03-07,1.5680920870375283,0.3825599226602668,0.9682028994962752,0.0,0.5998891875412532,True
2011-03-08,1.5782445703848826,0.38406460475103865,0.9720966932595397,0.0,0.6061478771253428,True
2011-03-09,1.5594086161809182,0.38085876903810933,0.9654941701948321,0.0,0.593914445986086,True
2011-03-10,1.5171704837572602,0.37355292864899825,0.950427006289918,0.0,0.566743477467342,True
2011-03-11,1.532555492689975,0.3759755441171473,0.9563521074361387,0.0,0.5762033852538361,True
2011-03-14,1.5235516732543126,0.37450986224289784,0.9529665459839036,0.0,0.5705851272704091,True
2011-03-15,1.4866771391726497,0.3681056895254851,0.939422825755726,0.0,0.5472543134169238,True
2011-03-16,1.423804793434651,0.3561355684719318,0.9167372639317403,0.0,0.5070675295029108,True
2011-03-17,1.4454998040174858,0.35994335332415484,0.9252017573300232,0.0,0.5202980466874625,True
2011-03-18,1.440568714445011,0.3591997066495816,0.923116854807798,0.0,0.5174518596372129,True
2011-03-21,1.4872477042103018,0.3673429042939459,0.9409178131411862,0.0,0.5463298910691157,True
2011-03-22,1.484058494560605,0.3671255703284318,0.9392226733442891,0.0,0.544835821216316,True
2011-03-23,1.497565183874275,0.3693241688815385,0.9444781669939799,0.0,0.553087016880295,True
2011-03-24,1.5444359050932892,0.3775966089052348,0.9612621446585763,0.0,0.583173760434713,True
2011-03-25,1.5510768592293314,0.37873124385061446,0.9636355910255023,0.0,0.5874412682038291,True
2011-03-28,1.5358642528227566,0.3759996207662721,0.9583798762129262,0.0,0.5774843766098303,True
2011-03-29,1.5617610298720164,0.38037604519211476,0.9677045457941346,0.0,0.5940564840778818,True
2011-03-30,1.5750866100142769,0.3827122097971596,0.972281732873796,0.0,0.6028048771404808,True
2011-03-31,1.579003722444,0.3833844351007077,0.9736382722928925,0.0,0.6053654501511075,True
2011-04-01,1.580436493542022,0.38362181441301807,0.9741465783248836,0.0,0.6062899152171386,True
2011-04-04,1.5717391526613158,0.3822604641657076,0.9709254146175853,0.0,0.6008137380437305,True
2011-04-05,1.5623679274322269,0.38018281945219884,0.9683824837593544,0.0,0.5939854436728724,True
2011-04-06,1.5692220262142658,0.3813776722046807,0.9707557826843567,0.0,0.5984662435299092,True
2011-04-07,1.5684024187620595,0.3814864082589026,0.9700782133239463,0.0,0.5983242054381134,True
2011-04-08,1.5548633915181844,0.3790447039229918,0.9655006576394753,0.0,0.5893627338787091,True
2011-04-11,1.5463062794203637,0.37769181667740603,0.9622790516064059,0.0,0.5840272278139578,True
2011-04-12,1.5281726131045783,0.37463387385216235,0.9556673871424285,0.0,0.5725052259621499,True
2011-04-13,1.549966835786966,0.37817692160592875,0.9638051492377692,0.0,0.5861616865491969,True
2011-04-14,1.5450702800557476,0.3773036390284142,0.962109640836063,0.0,0.5829606392196847,True
2011-04-15,1.5396061424377863,0.3761946329731943,0.9604145747601278,0.0,0.5791915676776584,True
2011-04-18,1.5216575377388566,0.3732932937747952,0.9536329834790741,0.0,0.5680245542597825,True
2011-04-19,1.5378333158299808,0.37602708206699426,0.9595663413730227,0.0,0.5782669744569581,True
2011-04-20,1.5980138767645828,0.3859457963060565,0.9812671385885474,0.0,0.6167467381760354,True
2011-04-21,1.6214601648374103,0.39001536657637736,0.9890657842593544,0.0,0.6323943805780559,True
2011-04-25,1.6286967721738521,0.39116436015704453,0.9916086413966235,0.0,0.6370881307772286,True
2011-04-26,1.6452453674591405,0.3938876885131244,0.9972034726337335,0.0,0.6480418948254069,True
2011-04-27,1.6654701623857733,0.39717632568469363,1.0039848427519018,0.0,0.6614853196338715,True
2011-04-28,1.6629490753301024,0.3971798198521028,1.0024592611672714,0.0,0.660489814162831,True
2011-04-29,1.658899942055409,0.39621965747911553,1.0016111752220902,0.0,0.6572887668333187,True
2011-05-02,1.6534789636889469,0.3953679330388886,0.9997464034919644,0.0,0.6537325601969824,True
2011-05-03,1.638915776748791,0.39289165974655105,0.9949994370371505,0.0,0.6439163397116404,True
2011-05-04,1.6336206888681337,0.39185782779356787,0.9934736342896348,0.0,0.6401470545784989,True
2011-05-05,1.6185939357217405,0.38956359940390944,0.9880486561486392,0.0,0.6305452795731012,True
2011-05-06,1.6272911835942305,0.39084682035601337,0.9912695986930519,0.0,0.6360215849011785,True
2011-05-09,1.637920100404858,0.39252260425205815,0.9949994370371505,0.0,0.6429206633677075,True
2011-05-10,1.6628993509654362,0.3965502677401917,1.0034761681151014,0.0,0.6594231828503347,True
2011-05-11,1.6413834117095445,0.393081399352892,0.9961861233601326,0.0,0.6451972883494118,True
2011-05-12,1.6586972921284608,0.39583913107202257,1.0021199973008141,0.0,0.6565772948276467,True
2011-05-13,1.6235715801075323,0.39007758950816573,0.9902526917452222,0.0,0.63331888836231,True
2011-05-16,1.5735156759966336,0.38155724068217767,0.9731293764932065,0.0,0.600386299503427,True
2011-05-17,1.581136422751726,0.3828223808118187,0.975842013005628,0.0,0.6052944097460979,True
2011-05-18,1.603997086586463,0.38654525255211314,0.9839796276590451,0.0,0.620017458927418,True
2011-05-19,1.6122147136549407,0.3878844174387137,0.9868617486627714,0.0,0.6253529649921693,True
2011-05-20,1.59095666644257,0.38439424992979315,0.9794020719745742,0.0,0.6115545944679959,True
2011-05-23,1.550014697000419,0.37743052538263094,0.9649918355607513,0.0,0.5850228614396676,True
2011-05-24,1.5330572767222737,0.37441469172470143,0.9590581090619933,0.0,0.5739991676602804,True
2011-05-25,1.5431879516096725,0.37610464171917546,0.9627877999641684,0.0,0.5804001516455042,True
2011-05-26,1.5600044871880452,0.3790264486936986,0.9687215264629261,0.0,0.5912829607251192,True
2011-05-27,1.5737404528945047,0.3813222056393564,0.9736382722928925,0.0,0.6001021806016122,True
2011-05-31,1.6183852484438428,0.3886467250006538,0.9894051218467738,0.0,0.6289801265970689,True
2011-06-01,1.5566671208028713,0.37823975179587604,0.9678737354015922,0.0,0.588793385401279,True
2011-06-02,1.562115564856097,0.37910602718160924,0.9699081390649464,0.0,0.5922074257911504,True
2011-06-03,1.5206489943340395,0.3717627001895991,0.9553284181598185,0.0,0.5653205761742209,True
2011-06-06,1.4991938880761855,0.3679738291189858,0.9475297724890113,0.0,0.5516641155871742,True
2011-06-07,1.494299056217431,0.36703787472950755,0.9458347064130761,0.0,0.5484643498043548,True
2011-06-08,1.4757102335089542,0.363660226913833,0.9390531151320224,0.0,0.5366571183769318,True
2011-06-09,1.4797529298251502,0.3642530564328712,0.9407484023708431,0.0,0.5390045274543069,True
2011-06-10,1.4405900620794967,0.35697335297798805,0.9263377973522108,0.0,0.5142522647272859,True
2011-06-13,1.4409450505134285,0.3571317677782758,0.9263377973522108,0.0,0.5146072531612177,True
2011-06-14,1.4719451529868834,0.3626086035033637,0.9382051766287646,0.0,0.5337399763581189,True
2011-06-15,1.4249819085933384,0.35409425791162363,0.9204039971324911,0.0,0.5045779114608473,True
2011-06-16,1.4143804691849586,0.35177009512228824,0.9168437170006591,0.0,0.49753675218429955,True
2011-06-17,1.4078110141554545,0.35078465965292993,0.9139725066992873,0.0,0.49383850745616725,True
2011-06-20,1.4191112030390487,0.3526018163452083,0.9187300152516464,0.0,0.5003811877874023,True
2011-06-21,1.472180027971354,0.3625507520935507,0.9384400516132352,0.0,0.5337399763581189,True
2011-06-22,1.4533631069771078,0.35897397957511173,0.9316435686978866,0.0,0.5217195382792212,True
2011-06-23,1.476467462994174,0.3631360153305764,0.9403089517172245,0.0,0.5361585112769496,True
2011-06-24,1.4319183748583515,0.35471365253791093,0.923997377976196,0.0,0.5079209968821554,True
2011-06-27,1.4713822216034849,0.3619741915167625,0.9387798315264255,0.0,0.5326023900770593,True
2011-06-28,1.5092142904573658,0.3687357550084122,0.952713019596084,0.0,0.5565012708612819,True
2011-06-29,1.5200923382295901,0.37068242745289365,0.9566208203421006,0.0,0.5634715178874895,True
2011-06-30,1.554245479766538,0.3763116866193364,0.9693647418551123,0.0,0.5848807379114256,True
2011-07-01,1.5959579036106872,0.3834566734867137,0.9839771948673038,0.0,0.6119807087433834,True
2011-07-05,1.609705086618833,0.3856607146345706,0.9889050725625104,0.0,0.6208000140563225,True
2011-07-06,1.6195482058104513,0.3874013659866224,0.9921330185982992,0.0,0.6274151872121523,True
2011-07-07,1.6585347313331198,0.39360526937520457,1.0057267216386148,0.0,0.6528080096945051,True
2011-07-08,1.6504107227732807,0.3922677072286679,1.0030078925653974,0.0,0.6474028302078835,True
2011-07-11,1.5975189552680322,0.3835272505368103,0.9848269026736461,0.0,0.6126920525943861,True
2011-07-12,1.5751052394203762,0.3795013727916446,0.9773506387690314,0.0,0.5977546006513448,True
2011-07-13,1.5871505095023732,0.3816410886427628,0.9814286612159718,0.0,0.6057218482864014,True
2011-07-14,1.5549248184300328,0.37614727797705644,0.9700440805186072,0.0,0.5848807379114256,True
2011-07-15,1.591098188042972,0.3822143464484292,0.9829576339648474,0.0,0.6081405540781245,True
2011-07-18,1.5758015766262687,0.37955989706750903,0.9776904924031837,0.0,0.598111084223085,True
2011-07-19,1.6402384189675074,0.3903634544736277,0.9999492835789897,0.0,0.6402891353885176,True
2011-07-20,1.6270291573014946,0.38802485280143767,0.995701408035935,0.0,0.6313277492655596,True
2011-07-21,1.646458737610308,0.39122189037669935,1.0023280378551693,0.0,0.6441306997551387,True
2011-07-22,1.6768098549731456,0.3960598254574248,1.0126928364871919,0.0,0.6641170184859538,True
2011-07-25,1.6708595573852187,0.39512937657919806,1.0106538621242025,0.0,0.6602056952610162,True
2011-07-26,1.6770350314785647,0.39583720340095996,1.013202174612649,0.0,0.6638328568659159,True
2011-07-27,1.6005104970134485,0.3832993874794825,0.9870358038537116,0.0,0.6134746931597369,True
2011-07-28,1.6054818102005077,0.3841505610698948,0.9887350720244723,0.0,0.6167467381760354,True
2011-07-29,1.5962786492810421,0.38262244478066576,0.9855066099419507,0.0,0.6107720393390913,True
2011-08-01,1.5834395769979324,0.3805139472498476,0.98091873332282,0.0,0.6025208436751123,True
2011-08-02,1.512896596383147,0.36802598600560216,0.9561113347747199,0.0,0.5567852616084272,True
2011-08-03,1.5365109967325505,0.3717671260011214,0.9652867194081717,0.0,0.5712242773243787,True
2011-08-04,1.4139112763040955,0.3490191180118398,0.9204292097014454,0.0,0.4934820666026502,True
2011-08-05,1.3972512386122569,0.34539183702274195,0.9146520665256679,0.0,0.4825991720865889,True
2011-08-08,1.257415149490237,0.31637582824683325,0.8595993901201477,0.0,0.3978157593700894,True
2011-08-09,1.353358264713904,0.3342053749827427,0.9010586583691997,0.0,0.45229960634470423,True
2011-08-10,1.263140569672204,0.31584236348014505,0.8641872667392783,0.0,0.39895330293292575,True
2011-08-11,1.352413514861083,0.33286058048281564,0.9022483672516178,0.0,0.4501651476094651,True
2011-08-12,1.3718514026028692,0.33649229970923533,0.9102339692816898,0.0,0.4616174333211795,True
2011-08-15,1.4051903951464368,0.3426815318028488,0.9236575980630054,0.0,0.4815327970834314,True
2011-08-16,1.3849984473435781,0.3387419784918206,0.9158413330823149,0.0,0.4691571142612633,True
2011-08-17,1.3719506266170063,0.33641621402403304,0.9104041909826133,0.0,0.461546435634393,True
2011-08-18,1.2603312154098396,0.31310400784644365,0.8657164606510392,0.0,0.39461475475880026,True
2011-08-19,1.2225782028662517,0.30467905972759796,0.8500842255735056,0.0,0.3724939772927461,True
2011-08-22,1.2289799827104135,0.3058122617437777,0.8531428345599131,0.0,0.37583714815050034,True
2011-08-23,1.3106703673761189,0.32224358235757355,0.8883152529029212,0.0,0.4223551144731975,True
2011-08-24,1.3275948145227954,0.3256365333166283,0.8952814414724602,0.0,0.43231337305033524,True
2011-08-25,1.2922123225433764,0.31847959749534993,0.8806690621812305,0.0,0.41154326036214584,True
2011-08-26,1.344032569274069,0.3283214458808904,0.9027578528189986,0.0,0.4412747164550703,True
2011-08-29,1.406735341272253,0.3403838668580418,0.9279053261641365,0.0,0.4788300151081165,True
2011-08-30,1.4225962910495298,0.3434382929790831,0.9340222492531044,0.0,0.4885740417964254,True
2011-08-31,1.4269715941468644,0.34437961612888024,0.9355516643277509,0.0,0.4914199298191135,True
2011-09-01,1.4046060828140172,0.33998883856356854,0.927055692078756,0.0,0.4775503907352613,True
2011-09-02,1.3494262371636134,0.32911721747830786,0.9053068287961018,0.0,0.4441194083675116,True
2011-09-06,1.3495246385316857,0.32904054699395036,0.9054763132874067,0.0,0.444048325244279,True
2011-09-07,1.406036801636744,0.3396934371152324,0.9284153277782502,0.0,0.4776214738584938,True
2011-09-08,1.3951735007722355,0.337596967803777,0.9241671573513482,0.0,0.47100634342088726,True
2011-09-09,1.3436026217048171,0.32747415619221887,0.9036074869043791,0.0,0.43999513480043806,True
2011-09-12,1.371658072271345,0.33280624520399227,0.9151616995349725,0.0,0.45649637273637256,True
2011-09-13,1.4016029247478232,0.3383321316907731,0.92739561943387,0.0,0.4742073053139533,True
2011-09-14,1.4353410440678975,0.3446512030002496,0.9406490265142623,0.0,0.4946920175536351,True
2011-09-15,1.4717499050293257,0.3513965992734245,0.9545819934210351,0.0,0.5171679116082905,True
2011-09-16,1.4940140666115314,0.35520562878800427,0.9633318606626592,0.0,0.5306822059488723,True
2011-09-19,1.4957054076696132,0.3557070486173599,0.9636724515064299,0.0,0.5320329561631832,True
2011-09-20,1.4839110234273636,0.3534541818810512,0.9594164666575713,0.0,0.5244945567697922,True
2011-09-21,1.4405548931308179,0.3455756842764322,0.9427341501993729,0.0,0.497820742931445,True
2011-09-22,1.3614763177545726,0.3300710492611632,0.9120924010090958,0.0,0.4493839167454766,True
2011-09-23,1.3851910789323318,0.33453539966491425,0.9217956277294305,0.0,0.46339545120290143,True
2011-09-26,1.4116342759470144,0.3394038381295948,0.9325201846553061,0.0,0.47911409129170823,True
2011-09-27,1.435990657263913,0.3438514481646875,0.942223190212755,0.0,0.49376746705115787,True
2011-09-28,1.3987720215637984,0.3363720567068057,0.9282641998064473,0.0,0.47050782175735123,True
2011-09-29,1.3737668840729853,0.3323469560678631,0.9171996418044958,0.0,0.4565672422684896,True
2011-09-30,1.3146118116761651,0.32030304466726606,0.8935376458407389,0.0,0.4210741658354263,True
2011-10-03,1.258628428519865,0.3083291377540197,0.8705566104016382,0.0,0.38807181811822683,True
2011-10-04,1.300115955664905,0.3166527215837257,0.8884306999291862,0.0,0.41168525573571857,True
2011-10-05,1.3542235996349243,0.32711131671615795,0.9112417348302492,0.0,0.4429818648046752,True
2011-10-06,1.3923053398369674,0.33451210385322677,0.9265623514020215,0.0,0.4657429884349458,True
2011-10-07,1.3765734366873428,0.3313588593034778,0.9204336329591567,0.0,0.45613980372818613,True
2011-10-10,1.4552089394477814,0.3456149272019839,0.9522670077768602,0.0,0.5029419316709212,True
2011-10-11,1.4724180730652163,0.3488702003133009,0.9587352849700297,0.0,0.5136827880951865,True
2011-10-12,1.485435887678086,0.351367589006641,0.9635018612006973,0.0,0.5219340264773886,True
2011-10-13,1.5082995830694506,0.3553310029844109,0.972353979416414,0.0,0.5359456036530367,True
2011-10-14,1.5558625357751503,0.3634408638071986,0.9903985118077714,0.0,0.565464023967379,True
2011-10-17,1.5143663941501972,0.35611503823600704,0.9750777477940757,0.0,0.5392886463561216,True
2011-10-18,1.5460128554179269,0.361477492799035,0.9871640046063775,0.0,0.5588488508115492,True
2011-10-19,1.4947258332495943,0.35232393762487224,0.9680981420094791,0.0,0.5266276912401152,True
2011-10-20,1.4832733383419354,0.3505365223246636,0.9633318606626592,0.0,0.5199414776792761,True
2011-10-21,1.513853020855245,0.3556719466187154,0.9754179700330373,0.0,0.5384350508222077,True
2011-10-24,1.5677532883974319,0.36490296934720606,0.9956754582573621,0.0,0.5720778301400696,True
2011-10-25,1.5157429339525559,0.35602582911789765,0.9760992991625024,0.0,0.5396436347900535,True
2011-10-26,1.512417995410144,0.3553981403746714,0.9749074523721906,0.0,0.5375105430379534,True
2011-10-27,1.5826313865657409,0.3670011284243127,1.0018038818163795,0.0,0.5808275047493615,True
2011-10-28,1.5860833021211307,0.3674130137931561,1.0033356559618052,0.0,0.5827476461593256,True
2011-10-31,1.5403526898118831,0.3595732170122944,0.9864831178026835,0.0,0.5538695720091996,True
2011-11-01,1.471758595702386,0.34719018170957555,0.9607784614278448,0.0,0.5109801342745411,True
2011-11-02,1.492517909085527,0.35079546311795984,0.9689493979560204,0.0,0.5235685111295065,True
2011-11-03,1.5444713157436918,0.3596277375457631,0.9890365907584598,0.0,0.5554347249852318,True
2011-11-04,1.530757941140374,0.35722719792461505,0.9839295711259455,0.0,0.5468283700144286,True
2011-11-07,1.549899704780848,0.36066248260320144,0.9909090294686184,0.0,0.5589906753122297,True
2011-11-08,1.579940845181591,0.36559999935757936,1.0023144731981881,0.0,0.577626371983403,True
2011-11-09,1.4849564592990094,0.3487505799171085,0.9670770329668237,0.0,0.5178794263321856,True
2011-11-10,1.4823112500245534,0.3479329203984367,0.9665663678640533,0.0,0.5157448821605002,True
2011-11-11,1.529474610197007,0.35613130122791636,0.9847808270724867,0.0,0.5446937831245202,True
2011-11-14,1.514099442784747,0.3536406025528138,0.9786524035134693,0.0,0.5354470392712776,True
2011-11-15,1.542208127463399,0.3583569140127274,0.9895471821402685,0.0,0.5526609453231306,True
2011-11-16,1.4986241641905624,0.3506010129459525,0.9732050142000699,0.0,0.5254191499904926,True
2011-11-17,1.4396797025485055,0.3398571414874596,0.9503942741828544,0.0,0.4892854283656512,True
2011-11-18,1.4206251317784049,0.33615510527921,0.9430747410431436,0.0,0.4775503907352613,True
2011-11-21,1.3748401232334653,0.3271725786157155,0.9250301349308244,0.0,0.4498099883026409,True
2011-11-22,1.3818165711797952,0.32835225929218875,0.9280939781055237,0.0,0.4537225930742713,True
2011-11-23,1.3307194372449875,0.3182967056387998,0.9071558242403903,0.0,0.42356361300459716,True
2011-11-25,1.3141383823415795,0.31500624351551504,0.900176587060603,0.0,0.4139617952809766,True
2011-11-28,1.3882078709289416,0.3289919666976445,0.9314986332868793,0.0,0.45670923764206234,True
2011-11-29,1.3741692538727484,0.3263485072398765,0.9257111691764421,0.0,0.4484580846963063,True
2011-11-30,1.4576056774425825,0.34143570315697214,0.9599270580393797,0.0,0.4976786194032029,True
2011-12-01,1.4749148887229584,0.3446629529240524,0.9665663678640533,0.0,0.508348520858905,True
2011-12-02,1.4673535227454177,0.343142506410267,0.9638421571606205,0.0,0.5035113655847974,True
2011-12-05,1.4944093480719287,0.3479719673016121,0.9743967872694199,0.0,0.5200125608025087,True
2011-12-06,1.48770344894269,0.3468636729825089,0.9716731663336821,0.0,0.5160302826090079,True
2011-12-07,1.4884859613533714,0.3472070334810476,0.9716731663336821,0.0,0.5168127950196894,True
2011-12-08,1.4458266415912282,0.3392491242899194,0.9553312195563689,0.0,0.4904954220348593,True
2011-12-09,1.4844056219101138,0.34610067369650704,0.9706518361281409,0.0,0.513753785781973,True
2011-12-12,1.4566533236512715,0.34112179223498384,0.9597571312223038,0.0,0.4968961924289677,True
2011-12-13,1.4293134338566533,0.3359032351418181,0.9492024273925423,0.0,0.48011100646411087,True
2011-12-14,1.392168934645794,0.32882206861700247,0.9343930656912356,0.0,0.45777586895455846,True
2011-12-15,1.3860588554461333,0.327705929118172,0.9318391504096882,0.0,0.45421970503644515,True
2011-12-16,1.3965470481368711,0.32931957830216985,0.9366367631652966,0.0,0.4599102849715745,True
2011-12-19,1.3745955208417366,0.32531633350090816,0.9274171459547317,0.0,0.44717837488700496,True
2011-12-20,1.441771943838189,0.33768653979155805,0.9549049649549225,0.0,0.48686697888326663,True
2011-12-21,1.40784319259992,0.3314265299015137,0.9412466086310601,0.0,0.4665965839688599,True
2011-12-22,1.4272473764585314,0.33489391550218994,0.9492709141661058,0.0,0.4779764622924257,True
2011-12-23,1.447819636275719,0.33868402641949097,0.9574662523326556,0.0,0.49035338394306344,True
2011-12-27,1.4551602479694865,0.3395657518333474,0.9610376643297276,0.0,0.49412258363975897,True
2011-12-28,1.4281909913696178,0.33487152534070264,0.9499304956118236,0.0,0.4782604957577942,True
2011-12-29,1.444343911758199,0.3375778074180475,0.9567654608692605,0.0,0.4875784508889387,True
2011-12-30,1.4376274278131922,0.3363848801304688,0.9540312978359774,0.0,0.48359612997721485,True
2012-01-03,1.4834377004434014,0.344552473956499,0.9723155707952876,0.0,0.5111221296481139,True
2012-01-04,1.4936558176485055,0.3462904740361856,0.9764170365080981,0.0,0.5172387811404074,True
2012-01-05,1.5144192579223827,0.3499497833592257,0.9844485666974055,0.0,0.5299706912249772,True
2012-01-06,1.5233130148764398,0.35150165070618083,0.9878659756051622,0.0,0.5354470392712776,True
2012-01-09,1.5155853344119017,0.35033746552893363,0.9846190095612147,0.0,0.530966324850687,True
2012-01-10,1.5336453524566238,0.3533079472018313,0.9917962612445449,0.0,0.5418490912120788,True
2012-01-11,1.5394654500248748,0.3544206978173025,0.993847030961431,0.0,0.5456184190634438,True
2012-01-12,1.5498687970073295,0.356218252276271,0.9977772428798519,0.0,0.5520915541274776,True
2012-01-13,1.5399487927390911,0.3544015806601003,0.9941885064567441,0.0,0.5457602862823471,True
2012-01-17,1.5636591069772603,0.3583989824981968,1.003245274062571,0.0,0.5604138329146892,True
2012-01-18,1.599250575286588,0.364343453492415,1.016574097686941,0.0,0.5826764775996469,True
2012-01-19,1.6172370723608114,0.3675036441476348,1.022896554817561,0.0,0.5943405175432503,True
2012-01-20,1.6130676203936227,0.3668222117916508,1.0213585881113392,0.0,0.5917090322822837,True
2012-01-23,1.613338466806959,0.3667166231810232,1.0217004322114616,0.0,0.5916380345954974,True
2012-01-24,1.6081872744729728,0.3658566380411231,1.0198212848937742,0.0,0.5883659895791987,True
2012-01-25,1.643479911923071,0.37167665879625106,1.0326367894607469,0.0,0.610843122462324,True
2012-01-26,1.6334184710462158,0.3700031024962885,1.029048569084372,0.0,0.6043699019618438,True
2012-01-27,1.6424689441381952,0.3716018604434496,1.0321244287758535,0.0,0.6103445153623417,True
2012-01-30,1.6443188872726213,0.37178926241237703,1.0329787810027928,0.0,0.6113401062698284,True
2012-01-31,1.6478204082372474,0.3722946324083947,1.0343457150775106,0.0,0.6134746931597369,True
2012-02-01,1.6712718084264448,0.3760924118802343,1.0427191630879025,0.0,0.6285526453385425,True
2012-02-02,1.6809916807997705,0.37776867146157656,1.0459656868060787,0.0,0.6350259939936919,True
2012-02-03,1.7205962313473697,0.3837488228526441,1.0603194529631208,0.0,0.6602767783842488,True
2012-02-06,1.7191013620833215,0.3837099288594297,1.0594651007361815,0.0,0.65963626134714,True
2012-02-07,1.7241675924630444,0.38423231792390733,1.061686681921686,0.0,0.6624809105413584,True
2012-02-08,1.7408318293352645,0.38688729355995505,1.0673261143407184,0.0,0.673505714994546,True
2012-02-09,1.763458850928306,0.39039364250374164,1.0750157267089417,0.0,0.6884431242193642,True
2012-02-10,1.7412155718587645,0.38692440176844384,1.0674967783674132,0.0,0.6737187934913513,True
2012-02-13,1.7692656140026006,0.39104214508153395,1.0774081930840265,0.0,0.6918574209185742,True
2012-02-14,1.7780449030791736,0.3925114534953669,1.0801419137915385,0.0,0.6979029892876353,True
2012-02-15,1.7549485252351966,0.38880068638419635,1.072623334054819,0.0,0.6823251911803776,True
2012-02-16,1.7981670813384012,0.3953181384993223,1.087319018032945,0.0,0.7108480633054562,True
2012-02-17,1.7887037430285444,0.3940296340812389,1.0839014616832647,0.0,0.7048022813452798,True
2012-02-21,1.7977542395514927,0.39536942813495796,1.0869771739328227,0.0,0.7107770656186699,True
2012-02-22,1.7834094880810667,0.39328487895438824,1.082021503434997,0.0,0.7013879846460698,True
2012-02-23,1.803887163249189,0.39619344006064705,1.0891989025602509,0.0,0.7146882606889382,True
2012-02-24,1.8146179565454528,0.3976924575749996,1.0929580818471678,0.0,0.721659874698285,True
2012-02-27,1.819640825601893,0.39850996307006276,1.094495827390504,0.0,0.7251449982113889,True
2012-02-28,1.8524414689719868,0.40316429113150426,1.1056032172712933,0.0,0.7468382517006935,True
2012-02-29,1.8376714493032071,0.40106370104487543,1.1006481365411627,0.0,0.7370233127620445,True
2012-03-01,1.8643101434331575,0.40494734990866477,1.1093626914420578,0.0,0.7549474519910998,True
2012-03-02,1.8611792516609604,0.40440538533520637,1.1085083392151187,0.0,0.7526709124458417,True
2012-03-05,1.8262577093561836,0.3992856685369346,1.0970591789551691,0.0,0.7291985304010146,True
2012-03-06,1.7945811234693316,0.3946812328692891,1.086293633174502,0.0,0.7082874902948297,True
2012-03-07,1.8190294312591617,0.39821377202002617,1.094666860022008,0.0,0.7243625712371536,True
2012-03-08,1.8537948823401638,0.40313896178940284,1.106457938103042,0.0,0.7473369442371218,True
2012-03-09,1.8674403394787946,0.40502977663744916,1.1110713958959362,0.0,0.7563689435828584,True
2012-03-12,1.8691632023078588,0.4053039081380362,1.1115840514646769,0.0,0.757579150843182,True
2012-03-13,1.9325163125955909,0.4141003055454918,1.1322607170781096,0.0,0.8002555955174814,True
2012-03-14,1.9454080890816325,0.4159625651110677,1.1361911501594162,0.0,0.8092169389222164,True
2012-03-15,1.9548425685782207,0.4171203792286945,1.1394378950404782,0.0,0.8154046735377426,True
2012-03-16,1.9522601929971817,0.4167614255573982,1.138633451904715,0.0,0.8136267410924668,True
2012-03-19,1.9780161894183128,0.42028863102113795,1.1466784730300421,0.0,0.8313377163882706,True
2012-03-20,1.9846219886858596,0.4211831942107733,1.1487325601902119,0.0,0.8358894284956476,True
2012-03-21,1.9845094846114733,0.42106401086238343,1.1489039614265248,0.0,0.8356055231849483,True
2012-03-22,1.977062275771318,0.42009562073787576,1.146507071793729,0.0,0.8305552039775892,True
2012-03-23,1.9752400429175099,0.4199072516125413,1.1458224252209803,0.0,0.8294176176965297,True
2012-03-26,2.038584017695515,0.42810813827610317,1.1658496091604695,0.0,0.8727344085350455,True
2012-03-27,2.04363799505293,0.4286847834880521,1.1675614836157078,0.0,0.8760765114372223,True
2012-03-28,2.028773732160463,0.4267769980259659,1.1629397690750856,0.0,0.8658339630853774,True
2012-03-29,2.0154327162488808,0.42519092594607516,1.1584890134450059,0.0,0.856943702803875,True
2012-03-30,2.0072329051920335,0.4239511957853255,1.1562641148162178,0.0,0.8509687903758154,True
2012-04-02,2.045176089717669,0.42877975709768545,1.1682459827465328,0.0,0.8769301069711363,True
2012-04-03,2.0449063774091023,0.4288716568607792,1.1679039912044866,0.0,0.8770023862046156,True
2012-04-04,1.9932096949828497,0.422045375696227,1.151984760422451,0.0,0.8412249345603989,True
2012-04-05,2.0157623158102758,0.4249450842836049,1.1591740286225636,0.0,0.8565882871877122,True
2012-04-09,1.987330809316239,0.4211107164578032,1.1504445083664117,0.0,0.8368863009498272,True
2012-04-10,1.92844291191994,0.4130198043981088,1.131957797645847,0.0,0.796485114274093,True
2012-04-11,1.945443460908646,0.4153337199224145,1.1374351913907217,0.0,0.8080082695179244,True
2012-04-12,1.9855514244513777,0.4205919352180527,1.1504445083664117,0.0,0.8351069160849661,True
2012-04-13,1.9303231841431576,0.4130595643509278,1.1329847306444891,0.0,0.7973384534986684,True
2012-04-16,1.892549325470925,0.40803762422426154,1.12031799497854,0.0,0.7722313304923849,True
2012-04-17,1.9608359139733333,0.4170426961168737,1.1430836177671002,0.0,0.8177522962062332,True
2012-04-18,1.9519514914901905,0.41588002756552717,1.1401738514026782,0.0,0.8117776400875123,True
2012-04-19,1.912867367181948,0.4106563529242752,1.1273362305471488,0.0,0.7855311366347992,True
2012-04-20,1.9013219254204285,0.408698207328665,1.1242550629464136,0.0,0.7770668624740149,True
2012-04-23,1.8714929160284002,0.4047613866086652,1.113984848308451,0.0,0.7575080677199494,True
2012-04-24,1.852129407499641,0.40177302816159477,1.10799376690137,0.0,0.7441356405982711,True
2012-04-25,1.9406775596306631,0.41389790089230966,1.1374351913907217,0.0,0.8032423682399416,True
2012-04-26,1.9617209136038802,0.41678212722633484,1.1441106982076659,0.0,0.8176102153962143,True
2012-04-27,1.9825793871173012,0.41946451806129487,1.1509576799818853,0.0,0.831621707135416,True
2012-04-30,1.957079637447562,0.41609859372178404,1.1427415525040925,0.0,0.8143380849434695,True
2012-05-01,1.9635865475906442,0.41707464472378525,1.1446243858698724,0.0,0.818962161720772,True
2012-05-02,1.9722439197377355,0.41798458423344087,1.1478763649392263,0.0,0.8243675547985091,True
2012-05-03,1.934484873602904,0.4129065540113508,1.1357233906564455,0.0,0.7987614829464587,True
2012-05-04,1.847632369544642,0.4005948410635636,1.1074803741230108,0.0,0.7401519954216312,True
2012-05-07,1.8497258057011108,0.4007180395574956,1.1085073071216527,0.0,0.7412184985794581,True
2012-05-08,1.837438517218355,0.3989465476818122,1.1043987641965043,0.0,0.7330397530218508,True
2012-05-09,1.8299604823337776,0.3983610748753941,1.1009754576117994,0.0,0.7289850247219783,True
2012-05-10,1.820267083040069,0.3963795228187054,1.0987504852620495,0.0,0.7215165977780194,True
2012-05-11,1.8193856815049232,0.3961812260944261,1.09857923146766,0.0,0.7208064500372634,True
2012-05-14,1.7891988952789781,0.39173386848030295,1.0883090905506596,0.0,0.7008898047283185,True
2012-05-15,1.7794874815319586,0.39043434263624394,1.084714456450603,0.0,0.6947730250813555,True
2012-05-16,1.7570473840661733,0.3868384289313361,1.077353934456101,0.0,0.6796934496100724,True
2012-05-17,1.6924588694190046,0.3768898431017323,1.0545883116675407,0.0,0.6378705577514638,True
2012-05-18,1.6531593114907397,0.3703603989966587,1.0408945692819878,0.0,0.6122647422087519,True
2012-05-21,1.7337553453616903,0.38284632313024414,1.0699934861825606,0.0,0.6637618591791297,True
2012-05-22,1.730138887530937,0.38224871525910736,1.068795520552415,0.0,0.6613433669785219,True
2012-05-23,1.7358907963807217,0.38311251199590185,1.0708493128287369,0.0,0.6650414835519849,True
2012-05-24,1.716923605463996,0.3803850583681616,1.0638315195858994,0.0,0.6530920858780966,True
2012-05-25,1.7118559318639273,0.3793508054613734,1.0624620052775167,0.0,0.6493939265864107,True
2012-05-29,1.7495613657074207,0.3849975264202427,1.075984567589642,0.0,0.6735767981177786,True
2012-05-30,1.7241299595736885,0.38118799417786814,1.0669123185818254,0.0,0.6572176409918632,True
2012-05-31,1.7101200218529842,0.3788207222222327,1.0622911200879364,0.0,0.6478289017650478,True
2012-06-01,1.6309489536582387,0.36598399807038073,1.0340477349496924,0.0,0.5969012187085463,True
2012-06-04,1.6516256404760163,0.36915400014050703,1.0419214285596679,0.0,0.6097042119163484,True
2012-06-05,1.66429806946815,0.37138621475010114,1.046200709232473,0.0,0.6180973602356771,True
2012-06-06,1.7305125160479853,0.3815908697263213,1.07016473997695,0.0,0.6603477760710352,True
2012-06-07,1.7188355925268923,0.37987934160871833,1.0658854593041451,0.0,0.6529501332227471,True
2012-06-08,1.7483110307581207,0.3844597007213646,1.0761558951049932,0.0,0.6721551356531276,True
2012-06-11,1.6980166037362099,0.3769133103861876,1.0580115445312839,0.0,0.6400050592049261,True
2012-06-12,1.731055008089753,0.3813892061059133,1.0708493128287369,0.0,0.6602056952610162,True
2012-06-13,1.7107481422462216,0.3783487523085037,1.063488717113273,0.0,0.6472594251329485,True
2012-06-14,1.7219414164537663,0.38010300993504237,1.0674263011278793,0.0,0.6545151153258869,True
2012-06-15,1.7593858780922926,0.38575845998785047,1.0806878912350377,0.0,0.6786979868572548,True
2012-06-18,1.7870063071554032,0.38958788730809973,1.0908102953444805,0.0,0.6961960118109227,True
2012-06-19,1.8212328963229476,0.3948421046501976,1.1021334664806197,0.0,0.7190994298423278,True
2012-06-20,1.8246509371281654,0.3955057156488857,1.1029910624298804,0.0,0.721659874698285,True
2012-06-21,1.7431429714038091,0.3829875503699906,1.0755409148411978,0.0,0.6676020565626114,True
2012-06-22,1.7752365928302085,0.38776364499763494,1.0868643808611844,0.0,0.688372211969024,True
2012-06-25,1.713478044353399,0.37791248173790776,1.0659333042083892,0.0,0.6475447401450098,True
2012-06-26,1.7326871530938448,0.3809472570753231,1.0726247347530942,0.0,0.6600624183407506,True
2012-06-27,1.7512991625049952,0.3838037212852321,1.0791440268518675,0.0,0.6721551356531276,True
2012-06-28,1.7151052942602925,0.37780237550946444,1.067134439839895,0.0,0.6479708544203975,True
2012-06-29,1.812035169199122,0.39252775234973186,1.1007610770547245,0.0,0.7112740921443975,True
2012-07-02,1.8209858299376394,0.39372348421579717,1.1040209442669968,0.0,0.7169648856706424,True
2012-07-03,1.847320801472669,0.3973513118805194,1.1132854575433313,0.0,0.7340353439293376,True
2012-07-05,1.8505673053151344,0.39803787309227623,1.1139714310933935,0.0,0.736595874221741,True
2012-07-06,1.8076507724762654,0.3914339544497271,1.100074882341777,0.0,0.7075758901344885,True
2012-07-09,1.8031734439711908,0.39106467711675674,1.0980160033190869,0.0,0.705157440652104,True
2012-07-10,1.770742503909836,0.3860160909357966,1.0872074044966964,0.0,0.6835350994131394,True
2012-07-11,1.7553489167433267,0.38405255251610515,1.081202684711672,0.0,0.6741462320316548,True
2012-07-12,1.725737569746351,0.37934914291601013,1.0710805017651146,0.0,0.6546570679812366,True
2012-07-13,1.770486994368063,0.38583042320121796,1.0873792480587807,0.0,0.6831077463092822,True
2012-07-16,1.7622773279371433,0.38472178095089365,1.0842908558037836,0.0,0.6779864721333598,True
2012-07-17,1.7783248376432819,0.3870902533652325,1.0899526256742578,0.0,0.688372211969024,True
2012-07-18,1.8211023034246332,0.39338549889176994,1.1047070652589823,0.0,0.7163952381656508,True
2012-07-19,1.8566143459765443,0.3984273446273437,1.1168884221120774,0.0,0.7397259238644669,True
2012-07-20,1.8134075586250171,0.3922306867870938,1.1021334664806197,0.0,0.7112740921443975,True
2012-07-23,1.7737094907490127,0.38617259719178265,1.0887514900427522,0.0,0.6849580007062605,True
2012-07-24,1.7494823763915814,0.3825755628888981,1.080173171479365,0.0,0.6693092049122163,True
2012-07-25,1.727340583457073,0.3788327132583557,1.0729674635047588,0.0,0.6543731199523142,True
2012-07-26,1.7671863827099457,0.3847805669317771,1.0872074044966964,0.0,0.6799789782132493,True
2012-07-27,1.8444168555089755,0.39658856975810264,1.112942212744934,0.0,0.7314746427640416,True
2012-07-30,1.8391494925359173,0.39532680723012553,1.1120843956327875,0.0,0.7270650969031298,True
2012-07-31,1.8392330062143096,0.3955406068046706,1.111741666881123,0.0,0.7274913393331865,True
2012-08-01,1.8288604074145485,0.39389488244541176,1.1084816522269272,0.0,0.7203787551876214,True
2012-08-02,1.8173743889526517,0.3922356067225507,1.1045354428597836,0.0,0.7128389460928681,True
2012-08-03,1.878848872961354,0.40098085482643986,1.125466445791617,0.0,0.7533824271697368,True
2012-08-06,1.9043558990037175,0.4044995272841318,1.134044838075966,0.0,0.7703110609277516,True
2012-08-07,1.9328538339103276,0.4083975583610987,1.1434810474724613,0.0,0.7893727864378663,True
2012-08-08,1.931057416591781,0.40811409624193934,1.142965664228132,0.0,0.7880917523636489,True
2012-08-09,1.941175003324906,0.40943136082266884,1.1463970801186412,0.0,0.794777923206265,True
2012-08-10,1.9451337708163696,0.4102802931255825,1.1470837171573598,0.0,0.7980500536590097,True
2012-08-13,1.9527158523841912,0.4111643831604188,1.1498286434510738,0.0,0.8028872089331174,True
2012-08-14,1.9543684147302618,0.41139891816890906,1.1503433632067463,0.0,0.8040250515235154,True
2012-08-15,1.9629755936482973,0.4124939012007032,1.153260133062545,0.0,0.8097154605857524,True
2012-08-16,2.0057206322426366,0.41817168320688164,1.1669850594149624,0.0,0.8387355728276742,True
2012-08-17,2.022389175734283,0.4204222269829236,1.1721318146459168,0.0,0.8502573610883665,True
2012-08-20,2.0273768549748747,0.4210018497598183,1.1738474488702095,0.0,0.8535294061046651,True
2012-08-21,2.012930334602199,0.4191474181192661,1.169215781999737,0.0,0.8437145526024622,True
2012-08-22,2.0268370246556557,0.42076289093308383,1.1740192187113319,0.0,0.8528178059443238,True
2012-08-23,1.9983098044692045,0.4173018696543244,1.1644113869156378,0.0,0.8338984175535665,True
2012-08-24,2.020309873483019,0.42008027946913706,1.1716175372160154,0.0,0.8486923362670036,True
2012-08-27,2.026322747225754,0.4208696798730211,1.1735049412814305,0.0,0.8528178059443238,True
2012-08-28,2.02618100816152,0.4208291675055111,1.1735049412814305,0.0,0.8526760668800897,True
2012-08-29,2.0264651697815577,0.4209103818902903,1.1735049412814305,0.0,0.8529602285001274,True
2012-08-30,1.9885945457128364,0.41583543858835736,1.1616664606219238,0.0,0.8269280850909126,True
2012-08-31,2.0139553933779037,0.4193578792643364,1.1693873306779738,0.0,0.84456806269993,True
2012-09-04,2.0091970644472164,0.4185804316553116,1.1681864899303156,0.0,0.8410105745169008,True
2012-09-05,2.0041554365483814,0.41771728972041194,1.1669850594149624,0.0,0.8371703771334189,True
2012-09-06,2.0853985490637594,0.42797941389656524,1.192890900294704,0.0,0.8925076487690553,True
2012-09-07,2.0798419133815162,0.4272759484413787,1.191175487233297,0.0,0.8886664261482191,True
2012-09-10,2.031854490079281,0.4212643893560003,1.1759065490557854,0.0,0.8559479410234958,True
2012-09-11,2.026269043161365,0.42060052554539407,1.1740192187113319,0.0,0.8522498244500328,True
2012-09-12,2.037097305397463,0.4219956632371685,1.1774510769276119,0.0,0.8596462284698512,True
2012-09-13,2.0873354590463,0.4282634076836827,1.1934060623761475,0.0,0.8939293966701526,True
2012-09-14,2.120876093951037,0.43228960388671084,1.2040434074041486,0.0,0.9168326865468883,True
2012-09-17,2.123097624454244,0.43264133575317193,1.2045578322759738,0.0,0.9185397921782702,True
2012-09-18,2.1258341578814863,0.4328873957365911,1.2055873455082806,0.0,0.9202468123732058,True
2012-09-19,2.134181101348268,0.43406042191860666,1.2078175520463221,0.0,0.9263635493019458,True
2012-09-20,2.1308467768127315,0.43373850092562466,1.2066164901357783,0.0,0.9242302866769533,True
2012-09-21,2.1311907588207477,0.4336684939401473,1.2069604721437943,0.0,0.9242302866769533,True
2012-09-24,2.1070660154430967,0.43053222906615524,1.1999061870248384,0.0,0.9071598284182583,True
2012-09-25,2.053787729327146,0.4239688959148376,1.1830456132808744,0.0,0.8707421160462715,True
2012-09-26,2.0212491214514285,0.4194628473095694,1.1734102098454466,0.0,0.8478389116059819,True
2012-09-27,2.0734141946402476,0.42626824883418996,1.189583556782997,0.0,0.8838306378572506,True
2012-09-28,2.0424103596461194,0.4223608606509533,1.1797761623435612,0.0,0.8626341973025581,True
2012-10-01,2.0369903879972266,0.4216685578113644,1.1780555888148243,0.0,0.8589347991824022,True
2012-10-02,2.045980119616257,0.4225277535473321,1.181496735872298,0.0,0.8644833837439588,True
2012-10-03,2.06990983732877,0.42554622978916357,1.189067510050011,0.0,0.8808423272787589,True
2012-10-04,2.0842809689919037,0.427526232523797,1.193196178797746,0.0,0.8910847901941575,True
2012-10-05,2.0625516907255,0.42458140552735707,1.1868305949044406,0.0,0.8757210958210595,True
2012-10-08,2.0285249221962114,0.42027278337510904,1.175991106999033,0.0,0.8525338151971783,True
2012-10-09,1.9659566705806846,0.41136204435057067,1.1572367154659726,0.0,0.8087199551147118,True
2012-10-10,1.9502907654930997,0.4096331422803922,1.1513870308637297,0.0,0.7989037346293699,True
2012-10-11,1.939565827357608,0.4082313067498702,1.1477743351280185,0.0,0.7917914922295894,True
2012-10-12,1.938907222342379,0.40829656312995044,1.147258067232147,0.0,0.791649155110232,True
2012-10-15,1.9631274343020315,0.41130239044518097,1.155688427825091,0.0,0.8074390064769406,True
2012-10-16,2.0146095628368297,0.41823261638792014,1.1720341343714586,0.0,0.8425754284653713,True
2012-10-17,2.011360490476184,0.41763522132750197,1.17134550686677,0.0,0.840014983609414,True
2012-10-18,1.9690340702521385,0.4120195699506995,1.157753499408577,0.0,0.8112805708435615,True
2012-10-19,1.8827235392744663,0.399777713904769,1.1300526268286246,0.0,0.7526709124458417,True
2012-10-22,1.9003804787351013,0.4022764511109881,1.1359021639889442,0.0,0.7644783147461571,True
2012-10-23,1.8669219865839506,0.3973701209518684,1.1250629709673838,0.0,0.7418590156165669,True
2012-10-24,1.8555684859256032,0.3958155077759218,1.1211057034559622,0.0,0.734462782469641,True
2012-10-25,1.8555684859256032,0.3958155077759218,1.1211057034559622,0.0,0.734462782469641,True
2012-10-26,1.86651956288658,0.39760881397270775,1.12437493323039,0.0,0.74214462965619,True
2012-10-31,1.8452693127479445,0.3944012514394368,1.1174927865573656,0.0,0.7277765261905788,True
2012-11-01,1.8919675843250234,0.40098237426814193,1.1333219303240145,0.0,0.7586456540010089,True
2012-11-02,1.8521828413046582,0.3946183270825302,1.1212775470180465,0.0,0.7309052942866117,True
2012-11-05,1.8775055425445326,0.39884272858166836,1.1286761090288657,0.0,0.748829433515667,True
2012-11-06,1.884123386619203,0.3998583280267948,1.1307409594494662,0.0,0.7533824271697368,True
2012-11-07,1.8033970842533966,0.3877818230606614,1.1040724752193334,0.0,0.6993246090340633,True
2012-11-08,1.753301552185151,0.3802007176361373,1.0866950438118033,0.0,0.6666065083733478,True
2012-11-09,1.7652024856210276,0.38174786716644377,1.0913402016182951,0.0,0.6738622840027324,True
2012-11-12,1.766026031090799,0.3821335217458369,1.091168284335249,0.0,0.6748577467555499,True
2012-11-13,1.7438036477443235,0.3786009371611405,1.0835979524833073,0.0,0.6602056952610162,True
2012-11-14,1.7074569071447248,0.3728298680422574,1.0708659737661161,0.0,0.6365909333786086,True
2012-11-15,1.6981529679852279,0.3715215091559215,1.0672526145417487,0.0,0.6309003534434792,True
2012-11-16,1.7099123249423342,0.37312671153938576,1.0718983621159355,0.0,0.6380139628263988,True
2012-11-19,1.7813234285151436,0.38396242111792084,1.0973621721083935,0.0,0.6839612564067501,True
2012-11-20,1.7818110133300114,0.38393773834087797,1.0977065227212188,0.0,0.6841044906087925,True
2012-11-21,1.7888835927555955,0.3851231307406705,1.0999431429829418,0.0,0.6889404497726536,True
2012-11-23,1.8371531632037172,0.3921942578688469,1.1166322417696308,0.0,0.7205209214340864,True
2012-11-26,1.8512176883533777,0.39420955871195595,1.1214499803478255,0.0,0.7297677080055522,True
2012-11-27,1.8391812278974695,0.39230315470479693,1.1176646301194502,0.0,0.7215165977780194,True
2012-11-28,1.868163885446189,0.39657326515246516,1.127300033554878,0.0,0.7408638518913111,True
2012-11-29,1.8876762385359669,0.39925618733295415,1.1340098206190847,0.0,0.7536664179168823,True
2012-11-30,1.883081074616284,0.39879530540336944,1.132117182365378,0.0,0.7509638922509061,True
2012-12-03,1.877146337781098,0.398086052556114,1.129880562103655,0.0,0.7472657756774431,True
2012-12-04,1.8716206287232635,0.39667687404673846,1.129192008319928,0.0,0.7424286204033355,True
2012-12-05,1.8361576577326768,0.3918647251955095,1.1166322417696308,0.0,0.7195254159630459,True
2012-12-06,1.856613961852484,0.39467310192512356,1.123858370450671,0.0,0.7327555914018129,True
2012-12-07,1.8373852191895579,0.39199016252271063,1.1171482885026167,0.0,0.7202369306869411,True
2012-12-10,1.8470551766398708,0.3934033306382933,1.1204175182770446,0.0,0.7266376583628263,True
2012-12-11,1.8897042060777889,0.399354523824803,1.135042282689866,0.0,0.7546619233879228,True
2012-12-12,1.8821742510588877,0.3982314325136898,1.1326333028193256,0.0,0.7495409482395621,True
2012-12-13,1.8562990742485037,0.3946629129331335,1.1236866743305103,0.0,0.7326123999179935,True
2012-12-14,1.8248626724846457,0.39008062333111604,1.113019103708149,0.0,0.7118435687764969,True
2012-12-17,1.8673996401739488,0.39605016118670866,1.1278157116830547,0.0,0.7395839284908942,True
2012-12-18,1.9188884816561425,0.40328929457106194,1.1450212995285005,0.0,0.7738671821276418,True
2012-12-19,1.9028032331023284,0.4008671423726772,1.1400319385511068,0.0,0.7627712945512215,True
2012-12-20,1.903371556342404,0.4010460360446709,1.1400319385511068,0.0,0.7633396177912971,True
2012-12-21,1.8676258160849204,0.39600219814977405,1.1280418875940261,0.0,0.7395839284908942,True
2012-12-24,1.859116746562607,0.3944475713376539,1.1257926610478262,0.0,0.733324085514781,True
2012-12-26,1.8319002173071741,0.3908341745704675,1.1159310079804647,0.0,0.7159692093267094,True
2012-12-27,1.8261867331915722,0.3898756474802802,1.1142009981686103,0.0,0.7119857350229619,True
2012-12-28,1.794833128868917,0.3851939704783165,1.1034742296138789,0.0,0.691358899255038,True
2012-12-31,1.8632846281908453,0.3952450627127859,1.1268305784697845,0.0,0.7364540497210607,True
2013-01-02,1.9678071075654935,0.4091672872626782,1.1626448115067034,0.0,0.8051622960587902,True
2013-01-03,1.9500873563622305,0.4069040417083171,1.1565889293741516,0.0,0.7934984269880789,True
2013-01-04,1.9384571530996042,0.40530923429061044,1.152782568671647,0.0,0.7856745844279572,True
2013-01-07,1.939657089712314,0.405498571955586,1.1531289097504427,0.0,0.7865281799618712,True
2013-01-08,1.9328549315175214,0.4045699902875854,1.1508798306461663,0.0,0.7819751008713551,True
2013-01-09,1.9451468057886938,0.40610926258339686,1.1552046708733976,0.0,0.7899421349152963,True
2013-01-10,1.9660081734500763,0.4088908737494715,1.162125373609472,0.0,0.8038827998406042,True
2013-01-11,1.9705515642821076,0.409463820784114,1.1636819917190433,0.0,0.8068695725630644,True
2013-01-14,1.9549769291156491,0.40741407349210507,1.1584918148415562,0.0,0.796485114274093,True
2013-01-15,1.9374603660818708,0.4050032770461669,1.152782568671647,0.0,0.7846777974102238,True
2013-01-16,1.9509527667334479,0.4067235458071405,1.157454339745369,0.0,0.7934984269880789,True
2013-01-17,1.9687219979066228,0.40926638236856966,1.1629902679339565,0.0,0.8057317299726663,True
2013-01-18,1.96157518393099,0.40843715566008504,1.1603949951928083,0.0,0.8011801887381818,True
2013-01-22,1.9667502384256483,0.40902604060469766,1.1622981755440605,0.0,0.804452062881588,True
2013-01-23,1.9869305058883733,0.41145829932839395,1.1693914590518377,0.0,0.8175390468365356,True
2013-01-24,1.9382646456626538,0.4049824449396306,1.1533014905221455,0.0,0.7849631551405083,True
2013-01-25,1.955810784000748,0.40731293166390214,1.1591837597895285,0.0,0.7966270242112196,True
2013-01-28,1.9640971024337652,0.4084919090940401,1.161779327414524,0.0,0.8023177750192412,True
2013-01-29,1.9642701992522011,0.4084559116788943,1.16195242423296,0.0,0.8023177750192412,True
2013-01-30,1.9574382328747226,0.4076287286539905,1.1595301745892856,0.0,0.797908058285437,True
2013-01-31,1.9497215192284738,0.406615459923681,1.15693460696429,0.0,0.7927869122641839,True
2013-02-01,1.9894219595759175,0.41158637376833773,1.1706029893389651,0.0,0.8188189702369525,True
2013-02-04,1.9273266822318478,0.4032213738049109,1.150187369651461,0.0,0.7771393125803866,True
2013-02-05,1.9784233193959324,0.41006419753041934,1.1671427485523709,0.0,0.8112805708435615,True
2013-02-06,1.9670771923168977,0.4085964737969206,1.1633363878498664,0.0,0.8037408044670314,True
2013-02-07,1.9701064038493004,0.4089787883529459,1.164374673876634,0.0,0.8057317299726663,True
2013-02-08,2.0065127459363787,0.41375277442168856,1.1763125303927213,0.0,0.8302002155436574,True
2013-02-11,2.0065726503294865,0.4135980403855864,1.1766581342618982,0.0,0.829914516067588,True
2013-02-12,1.9920559061121716,0.4117564302764417,1.1718140773003214,0.0,0.8202418288118504,True
2013-02-13,2.00573919919565,0.41369927993258504,1.1759663367558497,0.0,0.8297728624398001,True
2013-02-14,2.003686085943829,0.4132710739012905,1.1756205854447492,0.0,0.8280655004990797,True
2013-02-15,1.9931132341526445,0.4118949410560312,1.1721599760533454,0.0,0.8209532580992992,True
2013-02-19,2.0195150745476393,0.41538560089862403,1.1806375917828384,0.0,0.8388774827648007,True
2013-02-20,1.9630817825929476,0.4078335355412051,1.1624711986415344,0.0,0.8006105839514132,True
2013-02-21,1.9245931405574543,0.40246369552168004,1.150014272833025,0.0,0.7745788677244293,True
2013-02-22,1.958944389210909,0.40702454745019473,1.1616059357122406,0.0,0.7973384534986684,True
2013-02-25,1.9148531955630324,0.40086989393463196,1.1472461981572886,0.0,0.7676069974057439,True
2013-02-26,1.9284254238449088,0.40284361521471695,1.1515715544312528,0.0,0.7768538694136559,True
2013-02-27,1.9638049764277068,0.40761103988744674,1.1633363878498664,0.0,0.8004685885778404,True
2013-02-28,1.958394525072956,0.40721137855457334,1.1609139907642685,0.0,0.7974805343086874,True
2013-03-01,1.9714903674662068,0.4086916899361809,1.1657586374935405,0.0,0.8057317299726663,True
2013-03-04,1.987065150074589,0.41071435842503856,1.1709489618129512,0.0,0.8161161882616378,True
2013-03-05,2.040215012785965,0.417585669557845,1.1882504606297708,0.0,0.8519645521561945,True
2013-03-06,2.031867870161845,0.41664089331137083,1.1853086256469414,0.0,0.8465592445149035,True
2013-03-07,2.0423802546512513,0.4181184393553525,1.1884234100062827,0.0,0.8539568446449686,True
2013-03-08,2.0447595025763126,0.4181187807362208,1.1898071524603036,0.0,0.8549523501160091,True
2013-03-11,2.057039273982446,0.4199102882388044,1.1932673195259362,0.0,0.8637719544565099,True
2013-03-12,2.042187343463038,0.41780944426053046,1.1889421844148573,0.0,0.853245159048181,True
2013-03-13,2.0379281376820138,0.4173565804857466,1.1873854188633626,0.0,0.8505427188186511,True
2013-03-14,2.050584812134104,0.4190122504703773,1.1913646552214172,0.0,0.8592201569126868,True
2013-03-15,2.039162960422737,0.41738251093273954,1.1880520038004567,0.0,0.8511109566222805,True
2013-03-18,2.030729117544008,0.4162437043612086,1.185450907103322,0.0,0.8452782104406861,True
2013-03-19,2.025061279908302,0.41572281214568274,1.183197109857487,0.0,0.8418641700508148,True
2013-03-20,2.0494596358887325,0.41861727513500246,1.1915204276138172,0.0,0.8579392082749155,True
2013-03-21,2.008478754149211,0.4134891666517005,1.1779945478584082,0.0,0.8304842062908028,True
2013-03-22,2.0428266955917387,0.4177483153968157,1.1894392848606465,0.0,0.8533874107310924,True
2013-03-25,2.0298147212499598,0.4161513955452164,1.1851044923035647,0.0,0.8447102289463951,True
2013-03-26,2.049175474268695,0.4185366540954506,1.1915204276138172,0.0,0.8576550466548777,True
2013-03-27,2.055288103732399,0.41950660253877836,1.193081174097252,0.0,0.862206929635147,True
2013-03-28,2.0632150490453345,0.42030809888074194,1.1960290541989533,0.0,0.8671859948463813,True
2013-04-01,2.038278814637146,0.4172145668514274,1.1878792018658682,0.0,0.8503996127712778,True
2013-04-02,2.0668479273633276,0.42073952499786016,1.1972433121616692,0.0,0.8696046152016582,True
2013-04-03,2.032877405013489,0.41643398781801416,1.1863181604985855,0.0,0.8465592445149035,True
2013-04-04,2.033649817649449,0.41648533032645607,1.1866645015773811,0.0,0.846985316072068,True
2013-04-05,2.0029966156688555,0.412490162504957,1.1767802161747305,0.0,0.8262163994941251,True
2013-04-08,2.021900906036157,0.41489544826871916,1.1830234232713561,0.0,0.8388774827648007,True
2013-04-09,2.0463786004591786,0.4179961721067834,1.1910001787860052,0.0,0.8553784216731735,True
2013-04-10,2.119690435669245,0.42716279623816494,1.2142375420094764,0.0,0.9054528936597688,True
2013-04-11,2.1176053094619944,0.4268443532888811,1.2137174406235884,0.0,0.9038878688384059,True
2013-04-12,2.115742073123466,0.4267496111778355,1.2128499660654393,0.0,0.9028921070580267,True
2013-04-15,2.0369014574374527,0.41630991566450526,1.1889191834747588,0.0,0.8479822739626938,True
2013-04-16,2.0881030064499697,0.4230649116215747,1.2046998925694687,0.0,0.8834031138805009,True
2013-04-17,2.012880815433559,0.4132212216017232,1.1811157459414308,0.0,0.8317650694921279,True
2013-04-18,1.9605886590219859,0.4058849494081368,1.1648152303446804,0.0,0.7957734286773055,True
2013-04-19,2.0095460749117695,0.41242009647987554,1.1807688888159025,0.0,0.8287771860958671,True
2013-04-22,2.0471487652290064,0.4172832233306471,1.1929079298368925,0.0,0.8542408353921139,True
2013-04-23,2.0837727990316486,0.42203231998831,1.2043533303277876,0.0,0.879419468703861,True
2013-04-24,2.0811188569685575,0.42154550115085965,1.2038325654532427,0.0,0.8772862915153148,True
2013-04-25,2.1017614549920904,0.42417380011442346,1.2102493116940756,0.0,0.8915121432980148,True
2013-04-26,2.090406590265048,0.42287114733920833,1.206433957034225,0.0,0.8839726332308233,True
2013-04-29,2.1249767736062513,0.42703709323930483,1.2175328690044012,0.0,0.9074439046018499,True
2013-04-30,2.153736807054675,0.43058213500897635,1.2263762144256574,0.0,0.9273605926290177,True
2013-05-01,2.136207183695164,0.428588199364164,1.2206539933664617,0.0,0.9155531903287023,True
2013-05-02,2.184786396420702,0.4342295309977128,1.2360876241727576,0.0,0.9486987722479444,True
2013-05-03,2.232496817894945,0.4397958413382866,1.25065400158379,0.0,0.9818428163111549,True
2013-05-06,2.25001341173531,0.4419989466058518,1.255509853899264,0.0,0.9945035578360457,True
2013-05-07,2.246901504311207,0.4415348704691557,1.254816139648207,0.0,0.9920853646629998,True
2013-05-08,2.2684779843995813,0.4441710510082847,1.260885733879664,0.0,1.0075922505199173,True
2013-05-09,2.263186051431502,0.443637709884865,1.25915137453106,0.0,1.0040346769004418,True
2013-05-10,2.2878870329934653,0.44630935738661176,1.2667816415249902,0.0,1.0211053914684753,True
2013-05-13,2.2934310560487314,0.4469674525168434,1.2683420194036161,0.0,1.0250890366451153,True
2013-05-14,2.315100272703652,0.44929737870359526,1.2749317887419227,0.0,1.0401684839617293,True
2013-05-15,2.325383352313775,0.45061397926892893,1.2775331066019429,0.0,1.047850245711832,True
2013-05-16,2.3201544834559953,0.4499737055944705,1.2761459729836766,0.0,1.0440085104723187,True
2013-05-17,2.361914466961494,0.45448557780989474,1.2884584057069501,0.0,1.073456061254544,True
2013-05-20,2.355169560636499,0.4537333208788736,1.286550654656063,0.0,1.0686189059804363,True
2013-05-21,2.360540106553035,0.45438857943697103,1.2879376408324053,0.0,1.07260246572063,True
2013-05-22,2.323093830111308,0.45044559697650954,1.276666442974374,0.0,1.0464273871369343,True
2013-05-23,2.3087652758990007,0.4483119580998136,1.2737181942678635,0.0,1.0350470816311375,True
2013-05-24,2.3075021897395454,0.4483105441375896,1.2730246274587305,0.0,1.034477562280815,True
2013-05-28,2.3371642885979815,0.4517507958199853,1.2813484612617934,0.0,1.055815827336188,True
2013-05-29,2.3151618223888892,0.4491621040491907,1.2752788670303368,0.0,1.0398829553585522,True
2013-05-30,2.3388535317510475,0.45185022889779236,1.2820420280709266,0.0,1.056811503680121,True
2013-05-31,2.2969036610480886,0.44697298715833755,1.270249770454503,0.0,1.0266538905935858,True
2013-06-03,2.30513247130197,0.4479692486794991,1.2725040100261094,0.0,1.0326284612758605,True
2013-06-04,2.283038067741427,0.44551291403051624,1.265915125339345,0.0,1.0171229424020822,True
2013-06-05,2.2275855726041627,0.4391054075049886,1.2494407019935783,0.0,0.9781448706105843,True
2013-06-06,2.2456040367472903,0.4409032788710857,1.255509853899264,0.0,0.9900941828480263,True
2013-06-07,2.3041689753583032,0.4476629719153912,1.2726778440541637,0.0,1.0314911313041397,True
2013-06-10,2.305115284027795,0.44766399519149386,1.2731981666029373,0.0,1.0319171174248578,True
2013-06-11,2.2625831207647065,0.4428759197068721,1.2605395402427921,0.0,1.0020435805219143,True
2013-06-12,2.2133058651601907,0.4370535314983182,1.245972720505989,0.0,0.9673331446542018,True
2013-06-13,2.2637964203549186,0.44263855685610354,1.2617528398330042,0.0,1.0020435805219143,True
2013-06-14,2.2378328803957164,0.4398913970134947,1.253429448355712,0.0,0.9844034320400046,True
2013-06-17,2.277284423695998,0.4442644553133992,1.2655678996090072,0.0,1.0117165240869908,True
2013-06-18,2.3115879861526065,0.4480103768816022,1.2759725812813933,0.0,1.0356154048712132,True
2013-06-19,2.264792182135298,0.4428836121098781,1.2617528398330042,0.0,1.0030393423022936,True
2013-06-20,2.16081961007808,0.4299606675253608,1.2317521681270192,0.0,0.9290674419510611,True
2013-06-21,2.1411903902303657,0.4277897313873703,1.2252111283444989,0.0,0.9159792618858668,True
2013-06-24,2.100704932837917,0.4225584709646272,1.213034268470077,0.0,0.88767066436784,True
2013-06-25,2.1284963558195766,0.4259298521777179,1.221906217624533,0.0,0.9065901381950435,True
2013-06-26,2.1642086560838374,0.430338721161641,1.2328658706977649,0.0,0.9313427853860723,True
2013-06-27,2.1798112466383786,0.43202218446441537,1.2380844301455658,0.0,0.9417268164928128,True
2013-06-28,2.184111491050577,0.4323440870121471,1.239823802519576,0.0,0.944287688531001,True
2013-07-01,2.2119672070620036,0.43603194668802286,1.2474788397566894,0.0,0.9644883673053144,True
2013-07-02,2.212916062250024,0.4360381023345618,1.2480003418408525,0.0,0.9649157204091716,True
2013-07-03,2.2310483613924132,0.43836015448528454,1.2530456570282942,0.0,0.9780027043641192,True
2013-07-05,2.2622381470554593,0.44187440316159776,1.2626130160159297,0.0,0.9996251310395299,True
2013-07-08,2.2667283338144837,0.44244252397694533,1.2638313286315477,0.0,1.002897005182936,True
2013-07-09,2.2927336452746108,0.44542843253075204,1.271484891449424,0.0,1.021248753825187,True
2013-07-10,2.317253049193081,0.44814327839247536,1.2787916708627338,0.0,1.0384613783303474,True
2013-07-11,2.407377681430457,0.45825278096453803,1.3041901640829883,0.0,1.1031875173474686,True
2013-07-12,2.4246402918637004,0.45974220597655396,1.3099308153826474,0.0,1.1147094764810532,True
2013-07-15,2.436275244074472,0.46110830310922657,1.3128885003722754,0.0,1.1233867437021965,True
2013-07-16,2.430126178397626,0.4604605340201366,1.3111489805563417,0.0,1.1189771978412846,True
2013-07-17,2.4413969270512865,0.46159763014697425,1.3144538912763073,0.0,1.1269430357749792,True
2013-07-18,2.4298420167775885,0.4603974367456353,1.3111489805563417,0.0,1.1186930362212468,True
2013-07-19,2.3822734021960517,0.4553188325087428,1.2975794579915148,0.0,1.084693944204537,True
2013-07-22,2.3939242238970286,0.45637100998680546,1.3014066080052622,0.0,1.0925176158917664,True
2013-07-23,2.360031198789356,0.45261809885023185,1.2918383643660842,0.0,1.0681928344232718,True
2013-07-24,2.3743055363127015,0.4541503810767566,1.2960137722036353,0.0,1.0782917641090664,True
2013-07-25,2.401971092242473,0.45703336385060306,1.3041901640829883,0.0,1.0977809281594846,True
2013-07-26,2.427139747420951,0.45979666727078544,1.3111489805563417,0.0,1.1159907668646092,True
2013-07-29,2.419582689947112,0.4591161337803857,1.3087132399766481,0.0,1.1108694499704637,True
2013-07-30,2.443041964428558,0.46146184208173174,1.315671319240383,0.0,1.1273706451881749,True
2013-07-31,2.45258954365677,0.46256522385197907,1.318106912378153,0.0,1.134482631278617,True
2013-08-01,2.5005531917874024,0.4675170805890572,1.331501863705307,0.0,1.1690513280820953,True
2013-08-02,2.527522736400815,0.4702392542622763,1.3389823297047476,0.0,1.1885404066960672,True
2013-08-05,2.5309531120376314,0.4706136264476191,1.3398520896127144,0.0,1.191101022424917,True
2013-08-06,2.5017540750571317,0.46763382933746056,1.3318492368775685,0.0,1.1699048381795631,True
2013-08-07,2.4926326679660704,0.46666265625478615,1.3294140860655697,0.0,1.1632185819005008,True
2013-08-08,2.5147488929313226,0.46872437406674705,1.3360247921570434,0.0,1.1787241007742792,True
2013-08-09,2.4966953776102825,0.4670426693900648,1.3306321037973403,0.0,1.1660632738129422,True
2013-08-12,2.5070823539425335,0.46800172986911337,1.333763475373099,0.0,1.1733188785694344,True
2013-08-13,2.534051394224697,0.47071185901689133,1.3412433516048445,0.0,1.1928080426198526,True
2013-08-14,2.5157758567365507,0.4688722654988197,1.3361983313012502,0.0,1.1795775254353007,True
2013-08-15,2.433983830895198,0.46031535938369617,1.3135836890425694,0.0,1.1204001418526286,True
2013-08-16,2.429478388750548,0.45952929725386393,1.3130618920745587,0.0,1.1164164966759889,True
2013-08-19,2.4228070603489513,0.45897454986862424,1.3108002804067669,0.0,1.1120067799421847,True
2013-08-20,2.443769596664569,0.4612661619863398,1.3165413740321974,0.0,1.1272282226323713,True
2013-08-21,2.4280089175612227,0.459632070867989,1.3120181506966138,0.0,1.1159907668646092,True
2013-08-22,2.47274642546153,0.46420245972031104,1.324891452497681,0.0,1.147854972963849,True
2013-08-23,2.5058016616141003,0.46772983041524474,1.333763475373099,0.0,1.1720381862410016,True
2013-08-26,2.5074927746502373,0.4678113263966524,1.3344592538110878,0.0,1.1730335208391498,True
2013-08-27,2.406351535227012,0.45679283030293816,1.307147406746845,0.0,1.0992041284801672,True
2013-08-28,2.4256221744349364,0.4590285768993686,1.3121922796085155,0.0,1.113429894826421,True
2013-08-29,2.457887150616772,0.46237890937814097,1.3214119705400422,0.0,1.1364751800767294,True
2013-08-30,2.428167496203651,0.45930892229431153,1.3128885003722754,0.0,1.1152789958313756,True
2013-09-03,2.453998297000266,0.46195184288857716,1.3203692612555633,0.0,1.1336290357447028,True
2013-09-04,2.5050754358416536,0.4672977768580701,1.3344592538110878,0.0,1.1706161820305658,True
2013-09-05,2.5124585118455145,0.4679629507836446,1.3367210129208031,0.0,1.1757374989247114,True
2013-09-06,2.518291624109778,0.4685736985294852,1.3382864038248352,0.0,1.180005220284943,True
2013-09-09,2.5754856785148244,0.4742960606946402,1.3539429668197809,0.0,1.2215427116950437,True
2013-09-10,2.6005899577492295,0.47682883691176264,1.3605536729112544,0.0,1.2400362848379751,True
2013-09-11,2.591720851624073,0.476045727377999,1.3579432136519642,0.0,1.2337776379721088,True
2013-09-12,2.585303073491276,0.4750811984604266,1.357074190953616,0.0,1.2282288825376597,True
2013-09-13,2.59015582680271,0.4757291435518726,1.3579432136519642,0.0,1.2322126131507458,True
2013-09-16,2.5761190611905427,0.47429018417503543,1.354291077201661,0.0,1.221827983988882,True
2013-09-17,2.6096320132508986,0.47757497048455266,1.3633370815470571,0.0,1.2462949317038416,True
2013-09-18,2.671791190746643,0.48360881353365365,1.3796894229799916,0.0,1.2921017677666518,True
2013-09-19,2.6830616830909646,0.4845462024165216,1.3829943336999573,0.0,1.3000673493910075,True
2013-09-20,2.6640914616619726,0.48265711302433717,1.3782487679434186,0.0,1.2858426937185543,True
2013-09-23,2.65404442440032,0.48175047962409456,1.375457250001812,0.0,1.2785871743985082,True
2013-09-24,2.6543284151474658,0.4818059279505561,1.375457250001812,0.0,1.2788711651456537,True
2013-09-25,2.6375254534223656,0.48029104549148804,1.3707455958877266,0.0,1.266779857534639,True
2013-09-26,2.677189079822116,0.4840150472262374,1.3813892809184474,0.0,1.2957997989036685,True
2013-09-27,2.669327662610112,0.4831490266406093,1.3796446006351837,0.0,1.2896830619749284,True
2013-09-30,2.657904768521112,0.4821750631244913,1.3763293689805582,0.0,1.2815753995405537,True
2013-10-01,2.7102716478799387,0.48703012962345044,1.3902876958982093,0.0,1.3199839519817291,True
2013-10-02,2.707330664219925,0.486665895641152,1.3897651617205802,0.0,1.3175655024993447,True
2013-10-03,2.645296540906455,0.4807622955094621,1.373537703597028,0.0,1.2717588373094268,True
2013-10-04,2.6898795067592514,0.48495746678738155,1.3854023551979935,0.0,1.3044771515612579,True
2013-10-07,2.646072850469226,0.48078285013847105,1.373886403746603,0.0,1.2721864467226227,True
2013-10-08,2.547569354038596,0.47111744349592355,1.347364992835371,0.0,1.2002043612032247,True
2013-10-09,2.5301529620712264,0.46913190036521435,1.3431774947600759,0.0,1.1869754673111506,True
2013-10-10,2.6339885928769267,0.47926181009843843,1.3716184520760917,0.0,1.2623701408008348,True
2013-10-11,2.6732569142747016,0.48286441956373233,1.382436266018714,0.0,1.2908206482559879,True
2013-10-14,2.7097728922442617,0.4862272798840066,1.3922073897449172,0.0,1.3175655024993447,True
2013-10-15,2.6902795542396687,0.4845151563724307,1.3867983353316822,0.0,1.3034812189079863,True
2013-10-16,2.7505096284010118,0.4900935784459257,1.4025025220679865,0.0,1.3480071063330252,True
2013-10-17,2.7803007433461615,0.4926707347062554,1.41052793341746,0.0,1.3697728099287014,True
2013-10-18,2.8708711727672833,0.5007140268064786,1.4333857074083391,0.0,1.4374854653589442,True
2013-10-21,2.8822637509142934,0.5015977763126455,1.436526662709139,0.0,1.4457370882051543,True
2013-10-22,2.889335265044886,0.5020932770320327,1.4386194533742824,0.0,1.4507158116706036,True
2013-10-23,2.857281011200574,0.49956068322684755,1.4298957570741173,0.0,1.4273852541264567,True
2013-10-24,2.8813447942047774,0.5015600950505764,1.4361772253499456,0.0,1.4451675688548318,True
2013-10-25,2.92051749220301,0.5047206302818401,1.4464720627891676,0.0,1.4740454294138423,True
2013-10-28,2.923853780864998,0.5051666134867849,1.446820468054895,0.0,1.477033312810103,True
2013-10-29,2.9334097725702897,0.505945644155689,1.4492638756146217,0.0,1.4841458969556682,True
2013-10-30,2.9273185470996195,0.505394485709293,1.4478678954809328,0.0,1.479450651618687,True
2013-10-31,2.9144720723696436,0.5043519604674231,1.44455236894246,0.0,1.4699197034271834,True
2013-11-01,2.914109381806278,0.504170511581732,1.4449013639758823,0.0,1.469208017830396,True
2013-11-04,2.923317132262623,0.5050159566312763,1.4469953341764155,0.0,1.4763217980862078,True
2013-11-05,2.9311461210524503,0.5058023275401189,1.4485655906639299,0.0,1.4825805303885204,True
2013-11-06,2.928237232356257,0.5054304772468785,1.448216890514355,0.0,1.4800203418419018,True
2013-11-07,2.818936668731064,0.4959101572388241,1.4209973420943551,0.0,1.397939326636709,True
2013-11-08,2.8933248170918184,0.502236910587496,1.4401902996294917,0.0,1.4531345174623267,True
2013-11-11,2.8840857640306377,0.5014287141206855,1.4379223479589804,0.0,1.4461634160716574,True
2013-11-12,2.893466812465391,0.5022613380513007,1.4401902996294917,0.0,1.4532765128358993,True
2013-11-13,2.9629806966568957,0.5080498251609088,1.4576388717652122,0.0,1.5053418248916834,True
2013-11-14,2.979181315145663,0.5092022907634144,1.4621753648739297,0.0,1.5170059502717332,True
2013-11-15,2.992500777743908,0.5104538690199288,1.4649671776993838,0.0,1.527533600044524,True
2013-11-18,2.9359433004105293,0.5058966020693864,1.450659560864463,0.0,1.4852837395460663,True
2013-11-19,2.9171031100673535,0.5041409205601342,1.4464720627891676,0.0,1.4706310472781858,True
2013-11-20,2.903371356878334,0.5029976938780768,1.4429822598968693,0.0,1.4603890969814646,True
2013-11-21,2.962695680672396,0.5080024987803016,1.4576388717652122,0.0,1.5050568089071836,True
2013-11-22,2.994303250465494,0.5105739026349588,1.465490154202784,0.0,1.52881309626271,True
2013-11-25,3.007894794158883,0.5116250243474496,1.4689805468627772,0.0,1.5389142472961055,True
2013-11-26,3.041034642036351,0.5144227436114078,1.476657258062676,0.0,1.5643773839736752,True
2013-11-27,3.0826262166991993,0.5176346430044672,1.4869520955018982,0.0,1.5956741211973013,True
2013-11-29,3.117698475577902,0.5202069002774429,1.4958502155978126,0.0,1.6218482599800892,True
2013-12-02,3.103235744419246,0.5193764133424249,1.4914882937267682,0.0,1.6117474506924778,True
2013-12-03,3.0973219013015454,0.5188528922446799,1.4902674745984472,0.0,1.607054426703098,True
2013-12-04,3.1028430948032155,0.5192591410018629,1.491663454732136,0.0,1.6111796400710796,True
2013-12-05,3.095944948943937,0.5188079155866876,1.4897442032111994,0.0,1.6062007457327379,True
2013-12-06,3.1399080030600164,0.522100005576138,1.5005620171538216,0.0,1.639345985906195,True
2013-12-09,3.1656461918205467,0.5240565344285514,1.50666861930813,0.0,1.658977572512417,True
2013-12-10,3.1616108341363107,0.5237802608374331,1.5056214867659397,0.0,1.6559893473703713,True
2013-12-11,3.080363372683884,0.5175068894095771,1.4862541054350535,0.0,1.5941092672488306,True
2013-12-12,3.063579244431004,0.5161165456372385,1.4824153075093331,0.0,1.581163936921671,True
2013-12-13,3.0541205448483533,0.5152463101276079,1.4804962034303202,0.0,1.5736243414180333,True
2013-12-16,3.089348742652482,0.5181194979143383,1.4886969232270852,0.0,1.6006518194253965,True
2013-12-17,3.0762835763454843,0.5170371489708768,1.4857306866058821,0.0,1.590552889739602,True
2013-12-18,3.1484675343498196,0.5226233188082855,1.5030049823877774,0.0,1.6454625519620425,True
2013-12-19,3.129486249859471,0.521066056929971,1.4988171894286344,0.0,1.6306690604308365,True
2013-12-20,3.193826400704741,0.5259353851689682,1.514080082487274,0.0,1.6797463182174672,True
2013-12-23,3.2640958672745572,0.5312611996824902,1.530008380947618,0.0,1.7340874863269395,True
2013-12-24,3.2672157297064293,0.5314943512754731,1.5307090249690891,0.0,1.7365067047373401,True
2013-12-26,3.289219165605311,0.5330850961645163,1.5357854504024335,0.0,1.7534337152028772,True
2013-12-27,3.272565478537905,0.5318857865965535,1.531934414797045,0.0,1.74063106374086,True
2013-12-30,3.2611859230539295,0.5309501413786137,1.529658796146501,0.0,1.7315271269074288,True
2013-12-31,3.305162557490037,0.5341722799452536,1.5396363385658984,0.0,1.7655262189241385,True
2014-01-02,3.251829713210337,0.5302465609272837,1.5275581910594005,0.0,1.7242715221509366,True
2014-01-03,3.2032475279668473,0.5265644346156653,1.516531304468957,0.0,1.6867162234978903,True
2014-01-06,3.17972203148153,0.5248233411776034,1.5109296909033567,0.0,1.6687923405781735,True
2014-01-07,3.2369704695644703,0.5289014018705896,1.5249322503981209,0.0,1.7120382191663492,True
2014-01-08,3.2531000240240546,0.5302145734110095,1.5282589825227957,0.0,1.724841041501259,True
2014-01-09,3.230240779531086,0.5284617862006972,1.5231819673217561,0.0,1.7070588122093302,True
2014-01-10,3.252213395156729,0.5301404486835835,1.5280835266335804,0.0,1.7241298685231485,True
2014-01-13,3.152957018982077,0.522510794027467,1.5055029434592766,0.0,1.6474540755228007,True
2014-01-14,3.2759788391988613,0.5316790289472663,1.5342095911218183,0.0,1.741769248077043,True
2014-01-15,3.3292660555702613,0.5353893444932711,1.5468124844348008,0.0,1.7824535711354605,True
2014-01-16,3.333141127314462,0.5358769441945026,1.5469876454401685,0.0,1.7861534818742935,True
2014-01-17,3.2926663988206,0.5328297938589736,1.538235640290651,0.0,1.7544307585299492,True
2014-01-21,3.3436560305456666,0.5364464970000317,1.549963465786413,0.0,1.7936925647592536,True
2014-01-22,3.364324703969057,0.5380978607943785,1.553988777745627,0.0,1.8103359262234304,True
2014-01-23,3.3373086720503933,0.5359322463279019,1.5487373387488383,0.0,1.7885713333015547,True
2014-01-24,3.200871837034643,0.5256664199388267,1.5182809977776268,0.0,1.6825908392570164,True
2014-01-27,3.1372336425582286,0.5207311893541077,1.5035782365871628,0.0,1.6336554059710657,True
2014-01-28,3.135788783937807,0.520789558869098,1.5027027264441712,0.0,1.6330860574936357,True
2014-01-29,3.0681895083356645,0.5154799237851554,1.4865994144203831,0.0,1.5815900939152816,True
2014-01-30,3.179032054809073,0.5237292180816947,1.514080082487274,0.0,1.664951972321799,True
2014-01-31,3.1633412504866705,0.5226393073160404,1.51005477052806,0.0,1.6532864799586104,True
2014-02-03,3.0191477290138904,0.5113200621750653,1.4753969244988006,0.0,1.5437508045150898,True
2014-02-04,3.0601575720167498,0.5143226435650236,1.4862492398515712,0.0,1.5739083321651788,True
2014-02-05,3.0417966704505472,0.512656987862198,1.4823983516881065,0.0,1.5593983187624407,True
2014-02-06,3.1204486237036098,0.5188823014555781,1.5013030602623896,0.0,1.6191455634412202,True
2014-02-07,3.2331511570279368,0.5273702179646108,1.5280835266335804,0.0,1.7050676303943566,True
2014-02-10,3.2731989981746814,0.53047895116552,1.5368358266669455,0.0,1.736363171507736,True
2014-02-11,3.350165230311885,0.5360411508038326,1.554338804872515,0.0,1.79582642543937,True
2014-02-12,3.361676446516655,0.5367445544272158,1.5573149201026069,0.0,1.804361526414048,True
2014-02-13,3.419603377370964,0.541213668201685,1.5688672897091538,0.0,1.8507360876618104,True
2014-02-14,3.42816048215382,0.5414397942101993,1.5720179761769184,0.0,1.856142505976902,True
2014-02-18,3.464881990402378,0.5440769809777715,1.5797194576200007,0.0,1.8851625327823776,True
2014-02-19,3.4127752965912217,0.5402957553999573,1.5688672897091538,0.0,1.8439080068820677,True
2014-02-20,3.446871092532095,0.5427102720956568,1.576218744025348,0.0,1.8706523485067472,True
2014-02-21,3.4350966895154564,0.5417543431185666,1.5741181389382475,0.0,1.860978550577209,True
2014-02-24,3.476218410778534,0.5447581028004567,1.582520264402801,0.0,1.893698146375733,True
2014-02-25,3.467640023491458,0.5441366122032667,1.58077012876836,0.0,1.886869894723098,True
2014-02-26,3.45997920249979,0.5435320603100846,1.579369577935036,0.0,1.8806096245647541,True
2014-02-27,3.507213562483517,0.5467579138502003,1.5896167916328998,0.0,1.9175967708506167,True
2014-02-28,3.495781744204675,0.5457784838728462,1.5878592839022734,0.0,1.9079224603024014,True
2014-03-03,3.4421825611756267,0.5421268564339822,1.5760829500136107,0.0,1.866099611162016,True
2014-03-04,3.5373297552733574,0.5487783644432108,1.5961197176781412,0.0,1.9412100375952162,True
2014-03-05,3.557657917858733,0.5501212585656895,1.6005146665400967,0.0,1.9571432513186364,True
2014-03-06,3.5488538457874275,0.549401458904844,1.5991083654717484,0.0,1.949745480315679,True
2014-03-07,3.5130628464974505,0.5470622742719152,1.5911986960323872,0.0,1.9218641504650635,True
2014-03-10,3.5184515580576834,0.5473563651687547,1.5926047022168883,0.0,1.9258468558407953,True
2014-03-11,3.487697185870231,0.5453303726693788,1.5857499797416743,0.0,1.9019472061285567,True
2014-03-12,3.515011613839366,0.5471634305153701,1.5917258009096513,0.0,1.9232858129297146,True
2014-03-13,3.410860254355821,0.5399319187437904,1.5692279326545493,0.0,1.8416323217012716,True
2014-03-14,3.362297939595096,0.5364759068341383,1.558506103404262,0.0,1.8037918361908336,True
2014-03-17,3.424090969600993,0.5408370112836847,1.5722158432385378,0.0,1.851875126362455,True
2014-03-18,3.5096488061075792,0.5466216752903188,1.5911986960323872,0.0,1.9184501100751923,True
2014-03-19,3.4694566554334925,0.5438516984404702,1.5825867607103943,0.0,1.886869894723098,True
2014-03-20,3.4886439865841696,0.5451011642878911,1.586980087711189,0.0,1.9016638988729808,True
2014-03-21,3.399842818175511,0.5388362408926994,1.5678842944037774,0.0,1.8319585237717337,True
2014-03-24,3.3400100471864334,0.5346893443936218,1.5541422647882093,0.0,1.785867782398224,True
2014-03-25,3.361622232684432,0.536160933833627,1.559251717212465,0.0,1.802370515471967,True
2014-03-26,3.272971270568253,0.529733482824436,1.539168800225813,0.0,1.7338024703424402,True
2014-03-27,3.233611475503637,0.5266789981946984,1.5305362230345005,0.0,1.7030752524691364,True
2014-03-28,3.2477030495114936,0.527810384823432,1.5335316531565983,0.0,1.7141713963548952,True
2014-03-31,3.2927654316438746,0.5309556204856843,1.544453118771589,0.0,1.7483123128722855,True
2014-04-01,3.414637177540788,0.5397510948340863,1.5715830225019731,0.0,1.843054155038815,True
2014-04-02,3.4332001448353804,0.5410592458044123,1.57563546377515,0.0,1.8575646810602302,True
2014-04-03,3.3768778314201233,0.537108654474576,1.5631275230610366,0.0,1.8137503083590865,True
2014-04-04,3.1913395714514747,0.5232248024808775,1.521551554529368,0.0,1.6697880169221064,True
2014-04-07,3.1268211154253835,0.518006845052729,1.5071063743796258,0.0,1.6197147410457577,True
2014-04-08,3.185975389880437,0.5225878321628471,1.521023417558638,0.0,1.664951972321799,True
2014-04-09,3.29740026372583,0.5308135351514118,1.5470955729283244,0.0,1.7503046907975057,True
2014-04-10,3.087881177351589,0.5144958870485963,1.4991790119094195,0.0,1.5887021654421696,True
2014-04-11,3.01496081917026,0.5085383348909501,1.4817376644279607,0.0,1.533223154742299,True
2014-04-14,3.061015318466174,0.5121339746820264,1.4933653768575235,0.0,1.5676499416086507,True
2014-04-15,3.0815949662216067,0.5137913287500395,1.4982981938571742,0.0,1.5832967723644324,True
2014-04-16,3.162956125856032,0.5200044334051265,1.5182049177449923,0.0,1.6447512081110398,True
2014-04-17,3.1641622164550287,0.5200760730269851,1.5185571565007363,0.0,1.6456050599542924,True
2014-04-21,3.212707919079345,0.523818556962584,1.5298318929649366,0.0,1.6828760261144085,True
2014-04-22,3.2661164313529887,0.5278837741277116,1.5419865628298401,0.0,1.7241298685231485,True
2014-04-23,3.2056081126683615,0.523203572646338,1.5284224956161903,0.0,1.6771856170521715,True
2014-04-24,3.2697341973874123,0.5280826458543747,1.5430443111905374,0.0,1.726689886196875,True
2014-04-25,3.1617091420651517,0.5197594417524022,1.5183809634019023,0.0,1.6433281786632497,True
2014-04-28,3.184282487867006,0.5216146553926522,1.5233140752854004,0.0,1.6609684125816055,True
2014-04-29,3.2331388994255503,0.5250841093443382,1.5354690400341513,0.0,1.6976698593913992,True
2014-04-30,3.2522705551369713,0.526631838352524,1.5395213338654044,0.0,1.7127492212715671,True
2014-05-01,3.2722142848482187,0.5281173868693041,1.5441010274577691,0.0,1.7281132573904499,True
2014-05-02,3.2608600474302634,0.5273387356887974,1.5412822327602762,0.0,1.719577814669987,True
2014-05-05,3.293431482227742,0.5295525695743409,1.549386378097011,0.0,1.7440451041307312,True
2014-05-06,3.2059186272987286,0.5229751440599608,1.5293028713426642,0.0,1.6766157559560644,True
2014-05-07,3.186437131908169,0.5214406223241689,1.5248993708491334,0.0,1.6615377610590356,True
2014-05-08,3.179337449508141,0.5208151721611287,1.5234902683842344,0.0,1.6558471811239064,True
2014-05-09,3.2043219981325715,0.5227921651486571,1.5291275628953729,0.0,1.6751944352371984,True
2014-05-12,3.311166826678455,0.530582727608441,1.5543189002128142,0.0,1.756847926465641,True
2014-05-13,3.315922964496811,0.5309373933920237,1.555375469038122,0.0,1.7605474954586888,True
2014-05-14,3.2816443454876154,0.5285069943906595,1.5472723557948531,0.0,1.7343719896927625,True
2014-05-15,3.229373233478599,0.5246392619813135,1.5351172436041787,0.0,1.69425598987442,True
2014-05-16,3.270995074768856,0.5276183085784806,1.5451581860507717,0.0,1.7258368887180846,True
2014-05-19,3.31872698780831,0.531174303768833,1.5559044906603945,0.0,1.7628224971479156,True
2014-05-20,3.2937438530289564,0.5293298536740283,1.5502669012654087,0.0,1.7434769517635478,True
2014-05-21,3.3577610445694352,0.5338961494012303,1.5650653522643607,0.0,1.7926956923050743,True
2014-05-22,3.386823660229112,0.5358672287889137,1.571935851025412,0.0,1.8148878092036997,True
2014-05-23,3.4389594957621465,0.5395740077154463,1.583386338262675,0.0,1.8555731574994718,True
2014-05-27,3.5283950130446566,0.5456525819788599,1.6031171639355069,0.0,1.92527784910915,True
2014-05-28,3.505252784522112,0.544060173351023,1.5981843469358559,0.0,1.9070684375862563,True
2014-05-29,3.554165507249526,0.5474599546897294,1.6084022196909014,0.0,1.9457632875586246,True
2014-05-30,3.552634338407639,0.5472153169834159,1.6085784127897351,0.0,1.9440559256179042,True
2014-06-02,3.5462115306804742,0.5468424088644624,1.6069926749002312,0.0,1.939218855780243,True
2014-06-03,3.542662213814621,0.5465872970662867,1.6062880499468197,0.0,1.9363741638678014,True
2014-06-04,3.569136649481332,0.5482723445486677,1.6122777306556257,0.0,1.9568589188257062,True
2014-06-05,3.633628216447448,0.5525566773283197,1.6258426825208177,0.0,2.00778553392663,True
2014-06-06,3.675398919450793,0.5551015867142214,1.635179147455923,0.0,2.04021977199487,True
2014-06-09,3.670468545284437,0.5548396736981556,1.6339469752994764,0.0,2.0365215699849606,True
2014-06-10,3.684951605947792,0.5558245913722275,1.636764885345427,0.0,2.0481867206023647,True
2014-06-11,3.6814695118531833,0.555500189834787,1.6364124991477595,0.0,2.0450570127054237,True
2014-06-12,3.6131833091183516,0.5511950268827654,1.6216146379165022,0.0,1.9915686712018492,True
2014-06-13,3.63159594713673,0.5521607750284884,1.6263711143753954,0.0,2.0052248327613342,True
2014-06-16,3.640402649731694,0.5528570948160733,1.6277802168402944,0.0,2.0126224328913995,True
2014-06-17,3.6441287963260125,0.5530725117568861,1.6286613297763868,0.0,2.0154674665496257,True
2014-06-18,3.689990980728817,0.5561447426158704,1.637821896496506,0.0,2.0521690842323115,True
2014-06-19,3.6809682170804905,0.5553439234409895,1.636764885345427,0.0,2.0442033317350634,True
2014-06-20,3.690290648093624,0.5559455762792227,1.6386898871013882,0.0,2.051600760992236,True
2014-06-23,3.6929201470293873,0.55616585863071,1.6390440426021402,0.0,2.053876104427247,True
2014-06-24,3.685640749499213,0.5557206629215455,1.6374540288968487,0.0,2.0481867206023647,True
2014-06-25,3.733679906809669,0.5586457435885006,1.647875518948538,0.0,2.085804387861131,True
2014-06-26,3.740254983989025,0.5591854036654503,1.6487589909554097,0.0,2.0914959930336154,True
2014-06-27,3.7682690989807375,0.5605407794559142,1.6560006010384396,0.0,2.112268497942298,True
2014-06-30,3.7867465392254003,0.5619387908197732,1.658826767832118,0.0,2.127919771393282,True
2014-07-01,3.8763637145848344,0.5673726519866432,1.6770209537760414,0.0,2.199342760808793,True
2014-07-02,3.8877271334078864,0.567910116823714,1.679847562895491,0.0,2.2078795705123953,True
2014-07-03,3.940724656594444,0.5710318055078895,1.690445540929861,0.0,2.250279115664583,True
2014-07-07,3.913976190843783,0.5694089133702886,1.685323261058243,0.0,2.22865292978554,True
2014-07-08,3.8159785138881936,0.5636741575648349,1.6650100397867555,0.0,2.150968474101438,True
2014-07-09,3.877002614617208,0.5673527119566731,1.6773746669510223,0.0,2.1996279476661855,True
2014-07-10,3.850930386909777,0.5657996149567566,1.6720754567709517,0.0,2.1788549301388254,True
2014-07-11,3.89955246823681,0.5684504231243862,1.6828502176718507,0.0,2.216702250564959,True
2014-07-14,3.9520182592657855,0.5716317801232683,1.6929190266420246,0.0,2.259099232623761,True
2014-07-15,3.9225719928527134,0.5699021921386468,1.6870896153042918,0.0,2.2354823775484216,True
2014-07-16,3.9546086977495447,0.5716891629750441,1.6938017614392782,0.0,2.2608069363102663,True
2014-07-17,3.8419723698070705,0.5649710873380421,1.6713690625144555,0.0,2.170603307292615,True
2014-07-18,3.971192466030809,0.5724546636673163,1.697864818530962,0.0,2.273327647499847,True
2014-07-21,3.9608205345977705,0.5718702277411037,1.695745193435703,0.0,2.2650753411620674,True
2014-07-22,4.016556131583848,0.5751284214142515,1.706520544104297,0.0,2.3100355874795513,True
2014-07-23,4.070761243219609,0.5780955980328245,1.7174720878717245,0.0,2.353289155347884,True
2014-07-24,4.06056560546539,0.5775147442779834,1.7155290982010705,0.0,2.34503650726432,True
2014-07-25,4.025112173074348,0.5754611092298934,1.7088166571822367,0.0,2.3162955158921106,True
2014-07-28,4.028489140050128,0.5756854117082949,1.7093467108979754,0.0,2.319142429152153,True
2014-07-29,4.013818841855885,0.5748827535507617,1.7063436137958445,0.0,2.3074752280600404,True
2014-07-30,4.04813240461279,0.5768280935127637,1.7130559073727545,0.0,2.3350764972400353,True
2014-07-31,3.871233150274848,0.5664341530606373,1.6784344794986517,0.0,2.192798670776196,True
2014-08-01,3.8397243714700293,0.5644865007142449,1.672251797311709,0.0,2.16747257415832,True
2014-08-04,3.89559730911902,0.5677854502108641,1.6837338371206463,0.0,2.211863471998374,True
2014-08-05,3.830912367821923,0.5638536571430417,1.6708384190310224,0.0,2.1600739487909006,True
2014-08-06,3.8259775001049494,0.5636141963990021,1.6696022659426355,0.0,2.156375234162314,True
2014-08-07,3.799905785016196,0.5620146524881613,1.6643030557625649,0.0,2.1356027292536313,True
2014-08-08,3.857446200076521,0.5654341052154422,1.6763145595195454,0.0,2.1811316405569756,True
2014-08-11,3.906890834641344,0.5684018815898372,1.6862067330651147,0.0,2.220684101576229,True
2014-08-12,3.9010624482865612,0.5679382805622003,1.6854997490409243,0.0,2.215562699245637,True
2014-08-13,3.990897557445064,0.5731935518114314,1.7033408115775612,0.0,2.2875567458675024,True
2014-08-14,4.035013384842761,0.5756711516151445,1.7121725828078063,0.0,2.3228408020349547,True
2014-08-15,4.074901445702519,0.5777874702764438,1.7204744477642369,0.0,2.3544269979382824,True
2014-08-18,4.145061153903292,0.5817377639162753,1.7337225469353754,0.0,2.411338606967917,True
2014-08-19,4.196321212653913,0.584531819833735,1.743437937614416,0.0,2.4528832750394978,True
2014-08-20,4.196321212653913,0.584531819833735,1.743437937614416,0.0,2.4528832750394978,True
2014-08-21,4.2137984458549385,0.5854165521014041,1.7469710884322853,0.0,2.466827357422653,True
2014-08-22,4.226123095274752,0.5859985913232235,1.749620914685206,0.0,2.476502180589546,True
2014-08-25,4.259905696233408,0.5878306839305779,1.755802417336759,0.0,2.5041032788966486,True
2014-08-26,4.2702091784978755,0.5884115167297286,1.7575689190247321,0.0,2.512640259473143,True
2014-08-27,4.2708481253921855,0.5883903417533869,1.7579223373158654,0.0,2.51292578807632,True
2014-08-28,4.25866094064624,0.5876686311588192,1.755979495087135,0.0,2.502681445559105,True
2014-08-29,4.294506231725647,0.5895883704485536,1.7625153006813639,0.0,2.5319909310442825,True
2014-09-02,4.320685519871771,0.5908895538860134,1.7676375805529825,0.0,2.5530479393187884,True
2014-09-03,4.266441160336256,0.5881307793592184,1.7572157956174457,0.0,2.50922536471881,True
2014-09-04,4.2568841745925,0.5875795870057614,1.7556259293540777,0.0,2.5012582452384224,True
2014-09-05,4.304415603667069,0.590081972651711,1.7644575531423994,0.0,2.5399580505246697,True
2014-09-08,4.32057726332283,0.5908383525811873,1.7678145108614347,0.0,2.552762752461396,True
2014-09-09,4.2438832871294565,0.5868988577686748,1.753153033409609,0.0,2.490730253719847,True
2014-09-10,4.31613209903547,0.5904579517044907,1.7676375805529825,0.0,2.5484945184824874,True
2014-09-11,4.312727049752101,0.5904623607163139,1.7662240548303718,0.0,2.546502994921729,True
2014-09-12,4.263596639296706,0.5878559947670604,1.7572157956174457,0.0,2.5063808436792607,True
2014-09-15,4.171231598384837,0.582795042920805,1.7402584999715278,0.0,2.4309730984133093,True
2014-09-16,4.25215533787281,0.5871625077164436,1.755449146487549,0.0,2.4967061913852606,True
2014-09-17,4.26704000496635,0.5879816053530684,1.7580989727404706,0.0,2.5089410322258794,True
2014-09-18,4.334354143459251,0.5913238372488365,1.7713472193535325,0.0,2.5630069241057183,True
2014-09-19,4.327565881833067,0.5909364721121831,1.7702493667895858,0.0,2.5573165150434813,True
2014-09-22,4.241666905828105,0.586534470601663,1.7537830527496234,0.0,2.4878838530784817,True
2014-09-23,4.215259939003724,0.5850784705474724,1.7490021009313936,0.0,2.466257838072331,True
2014-09-24,4.31398869269121,0.5902238474774877,1.7677696885166267,0.0,2.5462190041745836,True
2014-09-25,4.115177241666653,0.5794621154795256,1.7305879316372952,0.0,2.384589310029358,True
2014-09-26,4.209853691561525,0.584545632918979,1.7490021009313936,0.0,2.460851590630132,True
2014-09-29,4.199299475048845,0.5840495437677828,1.7467005325022769,0.0,2.4525989425465675,True
2014-09-30,4.210884621155154,0.5846052941241775,1.7491791786817699,0.0,2.4617054424733844,True
2014-10-01,4.065102165888969,0.5765902620101964,1.7212038429608314,0.0,2.3438983229281374,True
2014-10-02,4.063963639807001,0.5764716430773549,1.7212038429608314,0.0,2.3427597968461695,True
2014-10-03,4.1515316916534895,0.5813108222812039,1.7382013902519222,0.0,2.4133303014015675,True
2014-10-06,4.131309967501208,0.5801612682965774,1.7344839370294152,0.0,2.396826030471793,True
2014-10-07,4.0053954460633046,0.5731078804543877,1.7098717515883075,0.0,2.2955236944749973,True
2014-10-08,4.171285846139592,0.5821051249441462,1.7431589774947558,0.0,2.4281268686448363,True
2014-10-09,4.022196946971874,0.573614473225984,1.7150065640234415,0.0,2.307190382948433,True
2014-10-10,3.8066212724754447,0.5607239433002342,1.6721575819224581,0.0,2.1344636905529866,True
2014-10-13,3.680536623637705,0.5527954888945757,1.6459525813795086,0.0,2.0345840422581962,True
2014-10-14,3.68441439619847,0.5532179813557044,1.6461301014556557,0.0,2.038284294742814,True
2014-10-15,3.630253693841604,0.5494786993143284,1.6355066159684835,0.0,1.9947470778731204,True
2014-10-16,3.5889660957280975,0.5471574527530523,1.6252365487724447,0.0,1.963729546955653,True
2014-10-17,3.6872206780007617,0.5534140254616471,1.6466610398229364,0.0,2.0405596381778253,True
2014-10-20,3.799760582687783,0.5601637388237126,1.6712724880544254,0.0,2.1284880946333575,True
2014-10-21,4.010137669456569,0.5722881268152757,1.7151834943318938,0.0,2.294954175124675,True
2014-10-22,3.965716036763128,0.5697294213775488,1.7063309337904056,0.0,2.2593851029727228,True
2014-10-23,4.094683857916365,0.5770114094909253,1.7320045536403033,0.0,2.3626793042760617,True
2014-10-24,4.163197872955531,0.5805702947081542,1.7461688569253777,0.0,2.4170290160301535,True
2014-10-27,4.173543893704012,0.5813130056554617,1.7474085486199336,0.0,2.426135345084078,True
2014-10-28,4.308342406564761,0.5882892753249138,1.7737907743551828,0.0,2.5345516322095785,True
2014-10-29,4.271342618813689,0.5862567118514439,1.7672393399170407,0.0,2.5041032788966486,True
2014-10-30,4.290712618746444,0.5872579824689732,1.7709573829072427,0.0,2.5197552358392015,True
2014-10-31,4.419009932665775,0.5937116298643444,1.7953923431560503,0.0,2.623617589509724,True
2014-11-03,4.451354691642186,0.5954706447107334,1.8007036435738653,0.0,2.6506510480683203,True
2014-11-04,4.417163507620993,0.5937022510639729,1.7946835898287752,0.0,2.622479917792218,True
2014-11-05,4.4170557871217,0.5936523197356097,1.7948603726953034,0.0,2.6221954144263964,True
2014-11-06,4.445201870530257,0.5949505847376094,1.800526418381566,0.0,2.6446754521486913,True
2014-11-07,4.437063303528831,0.5945666795050748,1.7989333083958763,0.0,2.638129995132955,True
2014-11-10,4.470470505576531,0.5961706445650621,1.8053072227578713,0.0,2.6651632828186593,True
2014-11-11,4.501463137068377,0.5976922701036553,1.8109734158860569,0.0,2.69048972118232,True
2014-11-12,4.519446071724949,0.5985880228443694,1.8141597832993595,0.0,2.7052862884255893,True
2014-11-13,4.561952806774069,0.6006204597639007,1.82195061454821,0.0,2.7400021922258584,True
2014-11-14,4.592475621152767,0.5000510205215617,2.2960035000749333,0.0,2.296472121077834,True
2014-11-17,4.564076219068289,0.4984509318353309,2.2891081747062265,0.0,2.2749680443620623,True
2014-11-18,4.632246877810055,0.5021346202580718,2.3062353508792643,0.0,2.326011526930791,True
2014-11-19,4.592253717112802,0.5000751836772751,2.295781596034969,0.0,2.296472121077834,True
2014-11-20,4.632969940925788,0.5022601783582376,2.3060136320680487,0.0,2.3269563088577394,True
2014-11-21,4.654197654957629,0.5035744875008438,2.310462456134712,0.0,2.3437351988229174,True
2014-11-24,4.725147913607675,0.5072156166689646,2.3284791007550867,0.0,2.3966688128525884,True
2014-11-25,4.736504684358222,0.5076457765114823,2.3320380859169183,0.0,2.404466598441303,True
2014-11-26,4.800783420719068,0.5110871704284241,2.3471646063840685,0.0,2.453618814334999,True
2014-11-28,4.848311283322377,0.5136319610397669,2.3580636511382753,0.0,2.4902476321841016,True
2014-12-01,4.729693786482887,0.5070776410993733,2.3313718181107816,0.0,2.3983219683721053,True
2014-12-02,4.764793620870621,0.5087481576266384,2.340713644781533,0.0,2.4240799760890877,True
2014-12-03,4.790996693366859,0.5105528193872867,2.3449398238932413,0.0,2.4460568694736176,True
2014-12-04,4.782558771554843,0.5099219336843172,2.3438271548047047,0.0,2.438731616750138,True
2014-12-05,4.78443579389738,0.510067587654321,2.344050170217157,0.0,2.440385623680223,True
2014-12-08,4.715055874369996,0.5063966929357939,2.3273671725815426,0.0,2.3876887017884543,True
2014-12-09,4.745555140901518,0.5080221979221098,2.3347077878601614,0.0,2.410847353041357,True
2014-12-10,4.592114199624907,0.4995757177446147,2.2980054523820574,0.0,2.29410874724285,True
2014-12-11,4.638933404832125,0.5022768607259583,2.3089044971362647,0.0,2.3300289076958607,True
2014-12-12,4.536759965124258,0.4966079374697673,2.283768956048487,0.0,2.252991009075771,True
2014-12-15,4.445596899788473,0.49158885646847467,2.2601910035016615,0.0,2.1854058962868117,True
2014-12-16,4.300873226369873,0.48291110766317125,2.223933772704721,0.0,2.0769394536651524,True
2014-12-17,4.45289613484977,0.49147299758323326,2.2644179235283604,0.0,2.18847821132141,True
2014-12-18,4.6678475908951125,0.5032153965606556,2.3189148143581275,0.0,2.348932776536985,True
2014-12-19,4.7042818394327846,0.5048940445737902,2.3291179547065366,0.0,2.375163884726248,True
2014-12-22,4.731996453687136,0.5065671168480372,2.3349226532077068,0.0,2.397073800479429,True
2014-12-23,4.700808282527902,0.5050508070130918,2.3266612658233594,0.0,2.374147016704543,True
2014-12-24,4.707782467048019,0.5053568616140189,2.3286722943391287,0.0,2.37911017270889,True
2014-12-26,4.772519522830411,0.5086047546101514,2.345193402049093,0.0,2.427326120781318,True
2014-12-29,4.772546036791546,0.5087010586252496,2.3447468155379467,0.0,2.427799221253599,True
2014-12-30,4.706810812623243,0.5051600653971365,2.3291179547065366,0.0,2.3776928579167067,True
2014-12-31,4.608470090582722,0.49978448012764765,2.305228262177023,0.0,2.303241828405699,True
2015-01-02,4.582641274902391,0.4984754714774037,2.2983070047836116,0.0,2.2843342701187797,True
2015-01-05,4.446115553539707,0.4906578453039362,2.2645940760675973,0.0,2.1815214774721103,True
2015-01-06,4.329246741205861,0.4839218353182842,2.2342297126558193,0.0,2.095017028550041,True
2015-01-07,4.4386434216449056,0.4901524889144949,2.263031301121705,0.0,2.1756121205232004,True
2015-01-08,4.606040721608826,0.49927831949210516,2.306344450611768,0.0,2.299696270997058,True
2015-01-09,4.544299221765071,0.4958158868766524,2.2911634728927406,0.0,2.25313574887233,True
2015-01-12,4.451157934082316,0.490632941303526,2.267273224676983,0.0,2.183884709405333,True
2015-01-13,4.4485973492872075,0.49049027259871936,2.266603622753385,0.0,2.1819937265338227,True
2015-01-14,4.4025317728086515,0.4879991655532718,2.2540999413562632,0.0,2.1484318314523883,True
2015-01-15,4.287962128645987,0.48113997510064993,2.2248521368367267,0.0,2.06310999180926,True
2015-01-16,4.387588687560125,0.4869677317121171,2.2509745766932268,0.0,2.136614110866899,True
2015-01-20,4.452720338570712,0.4904607842733601,2.2688356291653795,0.0,2.183884709405333,True
2015-01-21,4.497891803962434,0.49299674903835067,2.280445767082711,0.0,2.217446036879722,True
2015-01-22,4.6634646838008,0.5019491117395927,2.3226427281380286,0.0,2.340821955662772,True
2015-01-23,4.684198516721539,0.5030573530061327,2.3277780099443484,0.0,2.3564205067771904,True
2015-01-26,4.676319890427399,0.502792946959847,2.325099231792458,0.0,2.351220658634941,True
2015-01-27,4.434048161678872,0.4892212342797917,2.264817647166293,0.0,2.169230514512579,True
2015-01-28,4.385094600563171,0.4861668541259425,2.2532069535627173,0.0,2.1318876470004535,True
2015-01-29,4.468439548484209,0.4909041379410235,2.2748640839939926,0.0,2.193575464490217,True
2015-01-30,4.400458739753238,0.4870475601684952,2.257226046934292,0.0,2.1432326928189456,True
2015-02-02,4.476357458806577,0.49135571686743534,2.2768736306797797,0.0,2.1994838281267968,True
2015-02-03,4.558271643765716,0.49569610443796686,2.2987541469810022,0.0,2.259517496784713,True
2015-02-04,4.550352598229258,0.4952600813420526,2.296744600295215,0.0,2.253607997934043,True
2015-02-05,4.630019346338247,0.49965347554912215,2.316614088080667,0.0,2.3134052582575797,True
2015-02-06,4.573883195723749,0.4965876881770057,2.3025491135676375,0.0,2.271334082156111,True
2015-02-09,4.541463009640511,0.4946162017664429,2.295181825349323,0.0,2.246281184291188,True
2015-02-10,4.6847255929659966,0.5024459267687053,2.330904300751124,0.0,2.3538212922148722,True
2015-02-11,4.719681071751272,0.5043334258614147,2.3393881478616794,0.0,2.3802929238895927,True
2015-02-12,4.830114388956293,0.5100268026083817,2.3666265909241777,0.0,2.4634877980321157,True
2015-02-13,4.912592011634351,0.5141171623049853,2.3869441470507593,0.0,2.525647864583592,True
2015-02-17,4.921679378790268,0.5145607139269803,2.3891765239202503,0.0,2.5325028548700175,True
2015-02-18,4.9359004451269595,0.51528081420832,2.3925256449107306,0.0,2.5433748002162284,True
2015-02-19,4.986021445045365,0.5177801671566735,2.4043584277830172,0.0,2.581663017262348,True
2015-02-20,5.05173232710594,0.5208704848894969,2.420434060354322,0.0,2.631298266751618,True
2015-02-23,5.0645870332940826,0.5216017373307675,2.4228896378650115,0.0,2.641697395429071,True
2015-02-24,5.071808118222911,0.5219306187025231,2.4246761691383476,0.0,2.6471319490845637,True
2015-02-25,5.04450970074312,0.5205383735656364,2.418648825682222,0.0,2.6258608750608987,True
2015-02-26,5.096732725041175,0.5230419622681364,2.430927639379412,0.0,2.6658050856617623,True
2015-02-27,5.050798407710818,0.5208262658286735,2.420209933569383,0.0,2.630588474141436,True
2015-03-02,5.143585594140868,0.5252160410274088,2.4420919317005887,0.0,2.701493662440279,True
2015-03-03,5.093435648446002,0.5227770396039426,2.430704438738213,0.0,2.662731209707789,True
2015-03-04,5.054515446360428,0.5209576320730452,2.421327048147868,0.0,2.63318839821256,True
2015-03-05,5.070338528344252,0.5216158617753138,2.425569527389389,0.0,2.6447690009548634,True
2015-03-06,4.951881725925401,0.515717933917325,2.398107513228196,0.0,2.553774212697205,True
2015-03-09,4.983382934534017,0.517390446102603,2.4050282149353635,0.0,2.578354719598654,True
2015-03-10,4.795973447968265,0.5078422907216481,2.36037530591186,0.0,2.4355981420564046,True
2015-03-11,4.739575195062637,0.5048593849846132,2.346756176994986,0.0,2.392819018067651,True
2015-03-12,4.800832448098763,0.5079683977651789,2.3621612814989525,0.0,2.43867116659981,True
2015-03-13,4.759127140134041,0.5058146517496023,2.3518909031150605,0.0,2.4072362370189806,True
2015-03-16,4.881668901082419,0.5119998273544077,2.3822552665268386,0.0,2.4994136345555797,True
2015-03-17,4.899409393244914,0.5129921594040504,2.3860507887997175,0.0,2.5133586044451968,True
2015-03-18,4.995175100929084,0.5176357863528788,2.409493709589337,0.0,2.5856813913397474,True
2015-03-19,5.011274312901602,0.5184724980099301,2.413066401678512,0.0,2.5982079112230894,True
2015-03-20,5.080781401885763,0.5219858416886697,2.428685445386284,0.0,2.652095956499479,True
2015-03-23,5.053865713073501,0.5203697752656389,2.423986747738726,0.0,2.6298789653347754,True
2015-03-24,5.018430305398168,0.5187222283889865,2.4152589543672076,0.0,2.6031713510309595,True
2015-03-25,4.781645000470601,0.5064490181947743,2.3599855846263136,0.0,2.4216594158442866,True
2015-03-26,4.753733483061065,0.5052458759317322,2.351929245465873,0.0,2.4018042375951922,True
2015-03-27,4.786297440345314,0.5066482312788819,2.3613283078197207,0.0,2.4249691325255935,True
2015-03-30,4.900596823853265,0.5126296096273555,2.3884057871003073,0.0,2.512191036752957,True
2015-03-31,4.797541652486617,0.5074314421041685,2.363118173210518,0.0,2.434423479276099,True
2015-04-01,4.744104754221995,0.5044774997927035,2.350810649057405,0.0,2.3932941051645904,True
2015-04-02,4.7496907311135335,0.504730346156033,2.3523776842644986,0.0,2.397313046849035,True
2015-04-06,4.826609907554174,0.5086360674572031,2.3716220250258444,0.0,2.45498788252833,True
2015-04-07,4.811235273137848,0.5079031223718355,2.3675938554456244,0.0,2.4436414176922243,True
2015-04-08,4.888181716375417,0.5118037885273056,2.386391794924571,0.0,2.5017899214508454,True
2015-04-09,4.9497417365210925,0.5148464519378537,2.4013847654644973,0.0,2.548356971056595,True
2015-04-10,4.990079322515077,0.5167950990463034,2.411230784786987,0.0,2.5788485377280894,True
2015-04-13,4.964892602689174,0.515560571622279,2.4051897344035185,0.0,2.559702868285655,True
2015-04-14,4.935971068614153,0.5141276989155057,2.398251621194049,0.0,2.537719447420104,True
2015-04-15,4.995875836120076,0.5169525000598986,2.413245332648967,0.0,2.5826305034711097,True
2015-04-16,4.983535986422826,0.516430013023566,2.4098884320510763,0.0,2.5736475543717496,True
2015-04-17,4.825627453409941,0.508396925184965,2.372293294008174,0.0,2.453334159401767,True
2015-04-20,4.970886358660483,0.515604572027886,2.4078746251040877,0.0,2.5630117335563947,True
2015-04-21,5.014035083541675,0.5177202839876432,2.418167416166473,0.0,2.5958676673752024,True
2015-04-22,5.069312529958008,0.5203746677333998,2.4313707065443495,0.0,2.6379418234136587,True
2015-04-23,5.110163048574163,0.5224132430607156,2.440546197799502,0.0,2.669616850774662,True
2015-04-24,5.247759477558544,0.5286244579316368,2.4736654683785493,0.0,2.774094009179995,True
2015-04-27,5.223765673857164,0.5276588021793865,2.4673997355238972,0.0,2.7563659383332673,True
2015-04-28,5.200879221654128,0.5265268032299711,2.4624769110914,0.0,2.7384023105627286,True
2015-04-29,5.133197715520522,0.5232921421314357,2.447035686981596,0.0,2.6861620285389263,True
2015-04-30,4.9684835783808925,0.5152353600097211,2.4085451531714255,0.0,2.5599384252094666,True
2015-05-01,5.10379324315991,0.521861030569259,2.440322441472058,0.0,2.663470801687851,True
2015-05-04,5.117276512326428,0.522333649472897,2.444350796281027,0.0,2.672925716045401,True
2015-05-05,4.950746650095885,0.5143121787494153,2.4045173540487013,0.0,2.546229296047184,True
2015-05-06,4.879820192987237,0.5106463713169395,2.3879577187591776,0.0,2.4918624742280597,True
2015-05-07,4.936925744618698,0.513405765082849,2.402279605545522,0.0,2.5346461390731765,True
2015-05-08,5.059808501323499,0.5192966972244798,2.432266657997861,0.0,2.6275418433256377,True
2015-05-11,5.021571693999495,0.51750815122077,2.4228674104152663,0.0,2.5987042835842287,True
2015-05-12,4.977039759513987,0.5153942563631757,2.411902053769317,0.0,2.5651377057446703,True
2015-05-13,4.995201809208407,0.5161705379169558,2.416825804345553,0.0,2.578376004862854,True
2015-05-14,5.144727124159148,0.5233600190992023,2.4521826381990324,0.0,2.692544485960116,True
2015-05-15,5.14449185103886,0.5233382209160565,2.4521826381990324,0.0,2.692309212839828,True
2015-05-18,5.1883240040354455,0.5252948994425951,2.4629238680600434,0.0,2.7254001359754016,True
2015-05-19,5.1778386749396805,0.5248521019985464,2.4602391625882207,0.0,2.7175995123514594,True
2015-05-20,5.183897949453049,0.5251052680160182,2.4618058273378183,0.0,2.7220921221152303,True
2015-05-21,5.239436182073893,0.5277047772079972,2.47456067891707,0.0,2.7648755031568237,True
2015-05-22,5.229410166229384,0.5272698734291148,2.4720997297726908,0.0,2.7573104364566934,True
2015-05-26,5.105495569220669,0.5213629492106354,2.443679342069949,0.0,2.66181622715072,True
2015-05-27,5.272994417940348,0.5290980024290349,2.4830636045886574,0.0,2.78993081335169,True
2015-05-28,5.246835822698514,0.5278164249613619,2.477469696402578,0.0,2.7693661262959357,True
2015-05-29,5.185264557642714,0.5250577843233685,2.462701037876339,0.0,2.722563519766375,True
2015-06-01,5.217418414527443,0.5263979211749135,2.470980207220484,0.0,2.746438207306959,True
2015-06-02,5.184530706728328,0.5249043840323608,2.4631478096162343,0.0,2.7213828971120932,True
2015-06-03,5.215788761625886,0.526335710147851,2.4705328797943453,0.0,2.745255881831541,True
2015-06-04,5.137189348097548,0.5227477596378465,2.451735125544146,0.0,2.6854542225534024,True
2015-06-05,5.111041911111867,0.5214446335160662,2.445916534886885,0.0,2.665125376224982,True
2015-06-08,5.004652546619004,0.5162346391738868,2.421077545024469,0.0,2.5835750015945353,True
2015-06-09,4.987859474117205,0.5154136093247104,2.417048819758005,0.0,2.5708106543592004,True
2015-06-10,5.122856818520228,0.521718304293532,2.4501686460232963,0.0,2.672688172496932,True
2015-06-11,5.141094323144795,0.5227185179868611,2.4537491177198825,0.0,2.6873452054249123,True
2015-06-12,5.0526407216288085,0.5183490881676511,2.4336090107337722,0.0,2.619031710895036,True
2015-06-15,5.004391315223826,0.5161200364457201,2.4215246872218597,0.0,2.582866628001966,True
2015-06-16,5.057069306601305,0.5185495758086045,2.4347281628284847,0.0,2.6223411437728203,True
2015-06-17,5.085765503944123,0.5199461671569633,2.4414412231092744,0.0,2.644324280834849,True
2015-06-18,5.233153022268618,0.526667209209779,2.477022924662684,0.0,2.7561300976059337,True
2015-06-19,5.1788299252529475,0.5240670178621973,2.464775970310129,0.0,2.7140539549428184,True
2015-06-22,5.262473842016652,0.5281793979600038,2.482943576360029,0.0,2.779530265656623,True
2015-06-23,5.271347825655006,0.5285906656324312,2.4849625697119575,0.0,2.786385255943048,True
2015-06-24,5.21577854933769,0.5260194614357766,2.472177525846802,0.0,2.743601023490888,True
2015-06-25,5.192880612952284,0.5248796571448143,2.467243217231936,0.0,2.7256373957203484,True
2015-06-26,5.125921436988513,0.5218675878521306,2.450869181147791,0.0,2.6750522558407224,True
2015-06-29,4.878956021940004,0.5095257996814728,2.393002053250286,0.0,2.485953968689718,True
2015-06-30,4.915843226356744,0.5114724599999646,2.4015247983978973,0.0,2.5143184279588464,True
2015-07-01,4.986437336086144,0.5145652748478711,2.420589837731291,0.0,2.5658474983548527,True
2015-07-02,4.996802063851405,0.5154374882052355,2.4212629590011,0.0,2.575539104850305,True
2015-07-06,4.969447522860783,0.5138985363599248,2.4156557143451733,0.0,2.55379180851561,True
2015-07-07,4.9885047266416445,0.5145416993575604,2.42171102734223,0.0,2.5667936992994145,True
2015-07-08,4.817749419788414,0.5060879985166761,2.379544258572818,0.0,2.438205161215596,True
2015-07-09,4.809312334314235,0.5055013260937328,2.3781985717194445,0.0,2.431113762594791,True
2015-07-10,4.9586357753145105,0.5130648299887296,2.414534154276739,0.0,2.544101621037772,True
2015-07-13,5.131033363234631,0.5211635879973161,2.4569256055173345,0.0,2.6741077577172967,True
2015-07-14,5.200840498892328,0.5244854855891544,2.473075144359045,0.0,2.727765354533283,True
2015-07-15,5.216531307725949,0.5253998899287143,2.475766332837043,0.0,2.740764974888906,True
2015-07-16,5.3585988535133735,0.5314528485567112,2.5107562285409646,0.0,2.847842624972409,True
2015-07-17,5.525850583307454,0.5389371240679425,2.5477645619105727,0.0,2.9780860213968814,True
2015-07-20,5.567927687557553,0.5408501943396189,2.5565129156731055,0.0,3.0114147718844473,True
2015-07-21,5.558082557497459,0.5403194654470603,2.5549423611198026,0.0,3.0031401963776565,True
2015-07-22,5.430581099477909,0.5348548049858746,2.5260087045566757,0.0,2.904572394921233,True
2015-07-23,5.38641410293126,0.5327896643655178,2.516588340896822,0.0,2.869825762034438,True
2015-07-24,5.280192023839339,0.5280634700460509,2.491915501221257,0.0,2.7882765226180815,True
2015-07-27,5.187935946281108,0.5236485812780609,2.471280648249551,0.0,2.7166552980315566,True
2015-07-28,5.280865330337894,0.5279961423367096,2.4925888077198133,0.0,2.7882765226180815,True
2015-07-29,5.3214871518542,0.5298289905145919,2.502008986150919,0.0,2.819478165703281,True
2015-07-30,5.37261248749404,0.5320904331341619,2.5138967819613285,0.0,2.858715705532711,True
2015-07-31,5.360950458158175,0.5316165024501868,2.5109807257834,0.0,2.8499697323747757,True
2015-08-03,5.326862926727368,0.530092930745416,2.5031305462193534,0.0,2.8237323805080146,True
2015-08-04,5.303950919317414,0.5289511475620023,2.4984199939319307,0.0,2.805530925385483,True
2015-08-05,5.388954483463463,0.5328017189329409,2.5177102714227515,0.0,2.871244212040712,True
2015-08-06,5.210773882016122,0.5245742374227073,2.4773361464753543,0.0,2.7334377355407673,True
2015-08-07,5.196760224193854,0.5238963127625754,2.4741967044274786,0.0,2.722563519766375,True
2015-08-10,5.31697204034938,0.5293452463406034,2.5024581658645366,0.0,2.814513874484843,True
2015-08-11,5.177583216261764,0.5228693973597917,2.470383400194803,0.0,2.707199816066961,True
2015-08-12,5.20997978561859,0.5242003226439903,2.478906701028658,0.0,2.7310730845899323,True
2015-08-13,5.193651293066669,0.5234817827404682,2.474869455239791,0.0,2.7187818378268775,True
2015-08-14,5.212119383640747,0.5244388192872548,2.47868164809998,0.0,2.7334377355407673,True
2015-08-17,5.299884912793038,0.5284204339640489,2.4993174272154253,0.0,2.800567485577613,True
2015-08-18,5.242426060701023,0.5256904131321192,2.4865329390365134,0.0,2.755893121664509,True
2015-08-19,5.174285410672401,0.5226086875962704,2.4701589029523685,0.0,2.7041265077200327,True
2015-08-20,4.883210567912306,0.5081619168821461,2.4017489251828357,0.0,2.4814616427294705,True
2015-08-21,4.469535357091729,0.48612580858783966,2.2967788676135736,0.0,2.1727564894781555,True
2015-08-24,4.123751724037657,0.4644665086723887,2.2084071581421423,0.0,1.9153445658955142,True
2015-08-25,4.090159838147167,0.46209730886950606,2.2001079840932265,0.0,1.8900518540539402,True
2015-08-26,4.473738542012699,0.4834499687768539,2.310909783560851,0.0,2.1628287584518473,True
2015-08-27,4.701287269301849,0.49599953733017227,2.369450958871903,0.0,2.331836310429946,True
2015-08-28,4.698948655715296,0.4958441752788403,2.36900233484453,0.0,2.329946320870766,True
2015-08-31,4.583052899737789,0.48950628871632906,2.339619683796534,0.0,2.243433215941255,True
2015-09-01,4.306413970295486,0.4736921392530319,2.2664995241970742,0.0,2.039914446098411,True
2015-09-02,4.536273216617503,0.4862690790223592,2.3304238173791147,0.0,2.2058493992383883,True
2015-09-03,4.488431702196451,0.4833418887801578,2.318984645596079,0.0,2.1694470566003714,True
2015-09-04,4.388276732660893,0.4778367875407656,2.2913966758863253,0.0,2.0968800567745682,True
2015-09-08,4.630864005849984,0.4912411245032886,2.3559931641944347,0.0,2.27487084165555,True
2015-09-09,4.525210934464513,0.4852115364714415,2.3295263840956193,0.0,2.195684550368894,True
2015-09-10,4.620759725237926,0.4903712561115168,2.354871974583497,0.0,2.265887750654429,True
2015-09-11,4.670407091174173,0.4930033842184737,2.367880589547348,0.0,2.302526501626825,True
2015-09-14,4.6426650186936715,0.49151977656819956,2.3607033460243616,0.0,2.2819616726693095,True
2015-09-15,4.750135742190706,0.4971689352449968,2.38851581297655,0.0,2.3616199292141555,True
2015-09-16,4.803068151213802,0.49990852788165047,2.4019734224252702,0.0,2.4010947287885323,True
2015-09-17,4.810582105091516,0.5005032910628775,2.4028699295650267,0.0,2.407712175526489,True
2015-09-18,4.674530561071918,0.49327650044876764,2.3686944846655478,0.0,2.30583607640637,True
2015-09-21,4.701569070346784,0.4946123521781539,2.376114933534504,0.0,2.325454136812279,True
2015-09-22,4.563458484190434,0.48710170031887134,2.340590097206695,0.0,2.22286838698374,True
2015-09-23,4.56880298319852,0.48730793439329195,2.3423890388061386,0.0,2.2264139443923807,True
2015-09-24,4.534493364907583,0.48531299545272594,2.3338448071237727,0.0,2.2006485577838095,True
2015-09-25,4.461286380628382,0.4813024530625553,2.314058301817372,0.0,2.147228078811009,True
2015-09-28,4.210327332979944,0.46603187627481735,2.2481805862601534,0.0,1.962146746719791,True
2015-09-29,4.169561257305486,0.4636153243830019,2.236488762465006,0.0,1.9330724948404803,True
2015-09-30,4.34892849493974,0.47389856119930324,2.287977538429146,0.0,2.060950956510594,True
2015-10-01,4.3881090979819986,0.47623905771129027,2.2983201560247117,0.0,2.089788941957287,True
2015-10-02,4.536851471856146,0.4845398174451254,2.3385662879073204,0.0,2.1982851839488253,True
2015-10-05,4.670575202008646,0.4921251885325894,2.3720675001645035,0.0,2.2985077018441418,True
2015-10-06,4.626477408350285,0.48971418773910347,2.360825782226713,0.0,2.265651626123572,True
2015-10-07,4.677044268072117,0.49220255045820427,2.3749911507210957,0.0,2.3020531173510212,True
2015-10-08,4.714615761527034,0.49424643227799486,2.384433741830696,0.0,2.330182019696338,True
2015-10-09,4.753771974778358,0.4961421442552876,2.39522535391113,0.0,2.3585466208672274,True
2015-10-12,4.7794756879295,0.49762847923686676,2.4010724697955657,0.0,2.3784032181339345,True
2015-10-13,4.71739476121779,0.4943059524295536,2.385558450787844,0.0,2.331836310429946,True
2015-10-14,4.7036447916519215,0.4936403202525725,2.381736070346522,0.0,2.321908721305399,True
2015-10-15,4.8562272482258155,0.5014940002447034,2.420858419415723,0.0,2.435368828810092,True
2015-10-16,4.896599797921871,0.5035380991929685,2.430975243167618,0.0,2.465624554754253,True
2015-10-19,4.954742413567715,0.5065503834736016,2.444915743962071,0.0,2.509826669605644,True
2015-10-20,4.900550150060642,0.5036629061342026,2.4323248198246965,0.0,2.4682253302359456,True
2015-10-21,4.846000180504974,0.5011379107867987,2.4174857743742617,0.0,2.428514406130712,True
2015-10-22,5.039191496534529,0.5104918846365567,2.4667251324241066,0.0,2.572466364110422,True
2015-10-23,5.322136436952147,0.5235463782170042,2.5357511810090987,0.0,2.786385255943048,True
2015-10-26,5.3319841363731095,0.5241310973098122,2.5373254401373604,0.0,2.794658696235749,True
2015-10-27,5.355357178136545,0.5252423055630896,2.5424970267782645,0.0,2.8128601513582803,True
2015-10-28,5.441730742584925,0.5288941372287576,2.5636312564542645,0.0,2.87809948613066,True
2015-10-29,5.4270464279186506,0.5283650539526266,2.559584749228004,0.0,2.867461678690647,True
2015-10-30,5.376341451040931,0.5260497892861823,2.548118163590282,0.0,2.828223287450649,True
2015-11-02,5.501561703260677,0.5316062432560477,2.576897154148926,0.0,2.9246645491117516,True
2015-11-03,5.538448448157364,0.5331018884735714,2.5858911212311524,0.0,2.952557326926212,True
2015-11-04,5.539853382825333,0.5331798055771078,2.586115433244839,0.0,2.953737949580494,True
2015-11-05,5.506883318149415,0.5316506067614566,2.579145460690735,0.0,2.9277378574586796,True
2015-11-06,5.5183737676695355,0.5322997868248991,2.5809445875189265,0.0,2.937429180150609,True
2015-11-09,5.396392593148395,0.5268109857260047,2.5535136917873777,0.0,2.8428789013610167,True
2015-11-10,5.369780485607153,0.5256801536934431,2.546993454633134,0.0,2.8227870309740197,True
2015-11-11,5.354105707429209,0.5248793754259785,2.5438460477490996,0.0,2.81025965968011,True
2015-11-12,5.2478223923549105,0.5199698779494523,2.519112823501725,0.0,2.7287095688531853,True
2015-11-13,5.037860179450594,0.5097822270205842,2.4696485977519504,0.0,2.5682115816986437,True
2015-11-16,5.180462677782708,0.516419085666349,2.5051728783935157,0.0,2.675289799389192,True
2015-11-17,5.191255159130618,0.5171211854010306,2.506747137521777,0.0,2.6845080216088406,True
2015-11-18,5.393251262862837,0.526285139719545,2.554863268444456,0.0,2.838387994418381,True
2015-11-19,5.399305195944411,0.5264832805116204,2.5566612839001603,0.0,2.842643912044251,True
2015-11-20,5.473110000573632,0.5297053358207131,2.573974429736073,0.0,2.8991355708375592,True
2015-11-23,5.442289927419429,0.5284052987863166,2.5665550922396045,0.0,2.875734835179825,True
2015-11-24,5.431059349880881,0.5278442234590852,2.564306044782804,0.0,2.8667533050980776,True
2015-11-25,5.4396902871518265,0.5281799226140447,2.5665550922396045,0.0,2.8731351949122224,True
2015-11-27,5.453686755262725,0.5287313006039729,2.570151864066004,0.0,2.883534891196721,True
2015-11-30,5.42896639534959,0.527786493825003,2.5636312564542645,0.0,2.8653351388953254,True
2015-12-01,5.539693232960666,0.5325980208366078,2.5892635810438653,0.0,2.9504296519168,True
2015-12-02,5.470071412704826,0.5295674503570884,2.573299641407535,0.0,2.896771771297291,True
2015-12-03,5.278719748697341,0.5207775426349398,2.529681049712212,0.0,2.7490386989851285,True
2015-12-04,5.526714805824056,0.5315818254838909,2.5888136604152567,0.0,2.937901145408799,True
2015-12-07,5.479095146959983,0.5296445264805739,2.5771223923063524,0.0,2.901972754653631,True
2015-12-08,5.479556052536797,0.5296431198371286,2.577346889548787,0.0,2.9022091629880102,True
2015-12-09,5.3052276200710455,0.5215615789781435,2.5382247257083335,0.0,2.7670028943627125,True
2015-12-10,5.355932585027965,0.5239499701397031,2.5496918670323,0.0,2.8062407179956654,True
2015-12-11,5.104840397370433,0.5120301406294164,2.491008250814124,0.0,2.613832146556309,True
2015-12-14,5.182347727585977,0.5156838799053414,2.5098945444058116,0.0,2.6724531831801657,True
2015-12-15,5.2430214925285235,0.5183722896755117,2.5251844366285945,0.0,2.7178370558999294,True
2015-12-16,5.400647901468707,0.5254769052033362,2.562732156112039,0.0,2.8379157453566686,True
2015-12-17,5.245136034577927,0.5185237243104694,2.5254085634135333,0.0,2.719727471164394,True
2015-12-18,5.047304945687642,0.5092498440983089,2.4769656889795875,0.0,2.5703392567080554,True
2015-12-21,5.151168376559495,0.5138033392214243,2.5044808637914233,0.0,2.6466875127680716,True
2015-12-22,5.217741868099185,0.5168517440573984,2.5209428835308128,0.0,2.696798984568372,True
2015-12-23,5.298155146527543,0.5206516172980653,2.5396621007919093,0.0,2.7584930457356336,True
2015-12-24,5.292030882108394,0.5201821143229671,2.539211068790813,0.0,2.7528198133175814,True
2015-12-28,5.289969030134239,0.5202508476780493,2.537858158016273,0.0,2.7521108721179663,True
2015-12-29,5.45540196926294,0.5274818520176978,2.5777764350151284,0.0,2.8776255342478114,True
2015-12-30,5.358659286468306,0.5232862567440478,2.5545465272855754,0.0,2.8041127591827304,True
2015-12-31,5.2228559965883985,0.5169794049112075,2.522747011535197,0.0,2.700108985053202,True
2016-01-04,5.004642066977594,0.5065535568014092,2.4695228274321375,0.0,2.5351192395454567,True
2016-01-05,4.977665178745138,0.5047400311713353,2.465238301264846,0.0,2.512426877480291,True
2016-01-06,4.8866184391799585,0.5003583115673619,2.4415582876779367,0.0,2.4450601515020214,True
2016-01-07,4.577572035133996,0.4833278039771817,2.365104195845323,0.0,2.212467839288673,True
2016-01-08,4.505936833297621,0.4794181997644598,2.3457087084257044,0.0,2.1602281248719164,True
2016-01-11,4.532064198748773,0.4808268686909075,2.352925961358234,0.0,2.1791382373905392,True
2016-01-12,4.632866138147087,0.4862328534416437,2.38021441618266,0.0,2.252651721964426,True
2016-01-13,4.31510749506158,0.4674241687154819,2.298121961264476,0.0,2.0169855337971048,True
2016-01-14,4.494525964443872,0.4777955144173569,2.347061619200245,0.0,2.147464345243627,True
2016-01-15,4.224307920223252,0.4616358000451572,2.2742161538338967,0.0,1.9500917663893549,True
2016-01-19,4.237543354868226,0.4621462859202844,2.2791784319896933,0.0,1.9583649228785323,True
2016-01-20,4.212823923507414,0.4606499514510061,2.2721867876720863,0.0,1.9406371358353274,True
2016-01-21,4.222170241657162,0.4613097050265749,2.2744421329063145,0.0,1.947728108750848,True
2016-01-22,4.455849758240855,0.4747811829033168,2.3402961391838035,0.0,2.115553619057051,True
2016-01-25,4.325859690912042,0.46702732571647937,2.3055650080406744,0.0,2.020294682871367,True
2016-01-26,4.4042833938177655,0.4718065611470423,2.3263135914635815,0.0,2.0779698023541844,True
2016-01-27,4.1917332990341665,0.4588509356944157,2.268352552590899,0.0,1.9233807464432673,True
2016-01-28,4.299634528972545,0.4649830174572634,2.300377491727452,0.0,1.9992570372450933,True
2016-01-29,4.477914679840829,0.4755562135770165,2.348414529974786,0.0,2.129500149866043,True
2016-02-01,4.496284849101601,0.4762943634730752,2.3547297189051224,0.0,2.141555130196479,True
2016-02-02,4.309400090899051,0.46541030504418374,2.3037608800362905,0.0,2.0056392108627605,True
2016-02-03,4.269984829283412,0.46306354821878254,2.2927105033950625,0.0,1.977274325888349,True
2016-02-04,4.266213194227578,0.46264178436903924,2.2924847095513923,0.0,1.9737284846761851,True
2016-02-05,3.98355575190526,0.4444981341762971,2.212872652796116,0.0,1.7706830991091442,True
2016-02-08,3.8688864298745678,0.43677753007741493,2.1790437708839265,0.0,1.6898426589906415,True
2016-02-09,3.842501896139889,0.4346708603970454,2.172278290867485,0.0,1.6702236052724038,True
2016-02-10,3.870702240415162,0.43663374350528905,2.1806230311883805,0.0,1.6900792092267816,True
2016-02-11,3.8635272532641225,0.43640465055091526,2.1774659924094557,0.0,1.6860612608546668,True
2016-02-12,3.9685367136967153,0.44296403498301523,2.2106176780193834,0.0,1.7579190356773322,True
2016-02-16,4.13538455765948,0.45338574699526907,2.2604601408723357,0.0,1.8749244167871435,True
2016-02-17,4.316112337074802,0.4644129132569,2.311654032669846,0.0,2.004458304404956,True
2016-02-18,4.221649810042413,0.4586790568979229,2.285267456618864,0.0,1.9363823534235491,True
2016-02-19,4.248506636165791,0.4605085226058218,2.2920331218640526,0.0,1.9564735143017382,True
2016-02-22,4.37814058402326,0.4679831720248464,2.3292444659413407,0.0,2.048896118081919,True
2016-02-23,4.237687443707198,0.459397171184406,2.2909058197044345,0.0,1.9467816240027636,True
2016-02-24,4.317475708517488,0.4643208528714315,2.3127817052869597,0.0,2.004694003230528,True
2016-02-25,4.395565774207535,0.4686554256487618,2.335560025329173,0.0,2.0600057488783614,True
2016-02-26,4.38790590547323,0.4683960664312932,2.332628039478927,0.0,2.0552778659943027,True
2016-02-29,4.312566637764399,0.46397256510146606,2.311654032669846,0.0,2.000912605094553,True
2016-03-01,4.578228890071671,0.47886992185074406,2.3858527792682307,0.0,2.1923761108034396,True
2016-03-02,4.581494426483621,0.47904451345724935,2.3867546580416747,0.0,2.194739768441946,True
2016-03-03,4.564692619233069,0.4781150184741878,2.382244523259462,0.0,2.1824480959736077,True
2016-03-04,4.56937650707652,0.478452567090737,2.383146587261654,0.0,2.1862299198148665,True
2016-03-07,4.514060587989585,0.47530906777986576,2.368486658010422,0.0,2.1455739299791623,True
2016-03-08,4.437709950561954,0.47070314225112053,2.348865932433377,0.0,2.088844018128577,True
2016-03-09,4.492766423372601,0.4738262443346334,2.363975782313218,0.0,2.128790641059383,True
2016-03-10,4.48112272773107,0.47326408790089824,2.36036826721944,0.0,2.12075446051163,True
2016-03-11,4.632308367025743,0.48154581907430305,2.4016396402215845,0.0,2.2306687268041587,True
2016-03-14,4.649367842998277,0.48257504902428505,2.4056989282314496,0.0,2.243668914766828,True
2016-03-15,4.647047983250829,0.4825107803159621,2.404797234686753,0.0,2.2422507485640755,True
2016-03-16,4.7256756205993895,0.48658733425656653,2.426221717810687,0.0,2.2994539027887027,True
2016-03-17,4.717703745494505,0.4860065143809234,2.4248689922648943,0.0,2.2928347532296116,True
2016-03-18,4.7347407785866515,0.48705340823717874,2.42866914525647,0.0,2.306071633330182,True
2016-03-21,4.771661307440041,0.4890312711083394,2.4381697129641573,0.0,2.333491594475884,True
2016-03-22,4.799925812847839,0.49048510624003777,2.445633690588867,0.0,2.354292122258972,True
2016-03-23,4.723773953321166,0.4865328688926586,2.4255026598114036,0.0,2.2982712935097624,True
2016-03-24,4.72374272078307,0.4863860354001318,2.426180226571161,0.0,2.2975624942119093,True
2016-03-28,4.712076587417152,0.48583446243937384,2.422787391596181,0.0,2.289289195820971,True
2016-03-29,4.860425532683379,0.4935228812625132,2.461694319631593,0.0,2.398731213051787,True
2016-03-30,4.908341557544066,0.49602489461331606,2.4736819537371106,0.0,2.434659603806955,True
2016-03-31,4.890539575797563,0.4949304200591419,2.470062769232217,0.0,2.4204768065653455,True
2016-04-01,4.997382883451115,0.5004781579841694,2.496301903199884,0.0,2.501080980251231,True
2016-04-04,4.956916982417831,0.49831689141827035,2.4868015207209444,0.0,2.470115461696887,True
2016-04-05,4.866519226390032,0.4939247074619418,2.462825141137421,0.0,2.403694085252612,True
2016-04-06,5.022122418091473,0.5015427425712108,2.5033133669935146,0.0,2.5188090510979584,True
2016-04-07,4.877424784605788,0.49412889979985486,2.467348241931986,0.0,2.410076542673802,True
2016-04-08,4.8699433729925,0.49372328614826844,2.465538927522661,0.0,2.4044044454698397,True
2016-04-11,4.8351290810967535,0.4919492670320094,2.4564908736460525,0.0,2.378638207450701,True
2016-04-12,4.911262427260856,0.49563379570950294,2.477074788712091,0.0,2.4341876385487646,True
2016-04-13,5.03795267464802,0.5020312904732184,2.5087427920514727,0.0,2.5292098825965477,True
2016-04-14,5.039832660650523,0.5021722068843371,2.5089687711238904,0.0,2.5308638895266333,True
2016-04-15,5.014117340100856,0.5008821942533211,2.502635244547513,0.0,2.5114820955533426,True
2016-04-18,5.064573689041667,0.5032195569579437,2.5159811610612604,0.0,2.5485925279804063,True
2016-04-19,5.005225081628831,0.5004022087722443,2.5005993953795267,0.0,2.504625686249304,True
2016-04-20,5.013408115097718,0.5008115862319472,2.502635244547513,0.0,2.510772870550205,True
2016-04-21,5.014343133944525,0.5008596397306558,2.5028610383911825,0.0,2.5114820955533426,True
2016-04-22,4.862870858191762,0.4930800168096148,2.4650864136915818,0.0,2.39778444450018,True
2016-04-25,4.860981010534342,0.492882936931982,2.4650864136915818,0.0,2.3958945968427603,True
2016-04-26,4.816134955546902,0.4906501009451551,2.4530978534423244,0.0,2.3630371021045775,True
2016-04-27,4.739726822474257,0.48659092138576243,2.433418780809696,0.0,2.3063080416645607,True
2016-04-28,4.62853583911431,0.4806104468109769,2.404013161396962,0.0,2.2245226777173484,True
2016-04-29,4.580413712313602,0.4779189862349661,2.391347034387948,0.0,2.1890666779256542,True
2016-05-02,4.6609443620246065,0.48208652904201116,2.4139658724782334,0.0,2.2469784895463736,True
2016-05-03,4.57874791235173,0.4776797743000196,2.39157264300287,0.0,2.1871752693488604,True
2016-05-04,4.520110078940604,0.47430673335187956,2.37619143300738,0.0,2.1439186459332245,True
2016-05-05,4.518249698187775,0.4742405703318181,2.3755123844176396,0.0,2.1427373137701355,True
2016-05-06,4.561881690367027,0.4764923434337253,2.388179993256638,0.0,2.173701697110389,True
2016-05-09,4.587813183581984,0.4779723995538849,2.394965107520355,0.0,2.1928480760616287,True
2016-05-10,4.712562363145661,0.484831447250065,2.4277639323655635,0.0,2.2847984307800973,True
2016-05-11,4.628218503232738,0.4801837434769233,2.4058232167212794,0.0,2.2223952865114587,True
2016-05-12,4.586386069947253,0.47776036908068203,2.395192568422755,0.0,2.1911935015244985,True
2016-05-13,4.5510897778304535,0.47564871949391035,2.386369752703573,0.0,2.16472002512688,True
2016-05-16,4.66438705339583,0.4819839160365571,2.4162275154898896,0.0,2.2481595379059396,True
2016-05-17,4.547801345378353,0.47536895010082236,2.3859177945587375,0.0,2.1618835508196153,True
2016-05-18,4.580979051819481,0.4772922726148546,2.394513149375519,0.0,2.186465902443962,True
2016-05-19,4.534028592676494,0.4746233769171582,2.3820726309814257,0.0,2.151955961695068,True
2016-05-20,4.632124476748312,0.4800849942347183,2.4083110240341012,0.0,2.223813452714211,True
2016-05-23,4.618085194546466,0.4791900891241052,2.405144538589034,0.0,2.2129406559574316,True
2016-05-24,4.801707776365882,0.4890726108284205,2.45332401774349,0.0,2.3483837586223917,True
2016-05-25,4.869934480215999,0.49260766515953575,2.470967426436879,0.0,2.3989670537791206,True
2016-05-26,4.897263682973468,0.4939611647144903,2.4782056102179193,0.0,2.4190580727555484,True
2016-05-27,4.946560007821999,0.49639780912893666,2.4910984572143433,0.0,2.455461550607656,True
2016-05-31,4.965965036294439,0.4974089514613389,2.4958495745975524,0.0,2.470115461696887,True
2016-06-01,4.967136475396428,0.49748213581029765,2.496074812754979,0.0,2.471061662641449,True
2016-06-02,4.986284989846361,0.4983684088243737,2.5012780735117714,0.0,2.4850069163345894,True
2016-06-03,4.940484902211088,0.49609892007776196,2.48951567756368,0.0,2.450969224647408,True
2016-06-06,4.975770690332755,0.4978539603792617,2.4985635462115403,0.0,2.4772071441212153,True
2016-06-07,4.951945785047553,0.4967170223954237,2.492230019635163,0.0,2.459715765412389,True
2016-06-08,4.96711644444147,0.49738889550977194,2.496527882272302,0.0,2.4705885621691683,True
2016-06-09,4.952172134577466,0.4966943188904841,2.4924563691650765,0.0,2.459715765412389,True
2016-06-10,4.841166098909295,0.49099417244905225,2.4641817564869193,0.0,2.376984342422376,True
2016-06-13,4.759596977221636,0.48659571752442604,2.4435974709633848,0.0,2.3159995062582515,True
2016-06-14,4.760779586500577,0.4867232505591469,2.4435974709633848,0.0,2.317182115537192,True
2016-06-15,4.732965762121763,0.4851884475937552,2.4365854514835106,0.0,2.2963803106382525,True
2016-06-16,4.756751055043938,0.48624092843146,2.4438240057220466,0.0,2.312927049321891,True
2016-06-17,4.648920119288642,0.48048603254605216,2.415178935548122,0.0,2.233741183740519,True
2016-06-20,4.704300353669496,0.48337157397752933,2.430375287253224,0.0,2.2739250664162722,True
2016-06-21,4.734703788509048,0.48506042427727875,2.4380863600276106,0.0,2.296617428481438,True
2016-06-22,4.713915206224983,0.48404052131243114,2.432189232381246,0.0,2.281725973843737,True
2016-06-23,4.844818621841394,0.4908192242618698,2.4668885041797397,0.0,2.377930117661654,True
2016-06-24,4.452000124195962,0.4687144134569295,2.3652834972732744,0.0,2.0867166269226876,True
2016-06-27,4.2835555053076515,0.45878227634096397,2.318336159749739,0.0,1.9652193455579126,True
2016-06-28,4.457509537532282,0.4685062459146636,2.369138477974224,0.0,2.0883710595580576,True
2016-06-29,4.607963042658575,0.4767544169961624,2.4110963087160235,0.0,2.1968667339425516,True
2016-06-30,4.715754780700785,0.4827989678431072,2.438993239977248,0.0,2.2767615407235375,True
2016-07-01,4.7592035200403,0.4849473900395323,2.451240194329802,0.0,2.3079633257104986,True
2016-07-05,4.703341608212682,0.4820126036070757,2.436271673984596,0.0,2.2670699342280853,True
2016-07-06,4.776719972410662,0.4857915650701302,2.456229701111537,0.0,2.320490271299125,True
2016-07-07,4.805960840847032,0.48741006631918876,2.463487148682356,0.0,2.342473692164676,True
2016-07-08,4.952323098839758,0.4948653492924795,2.501589998723207,0.0,2.4507331001165515,True
2016-07-11,5.008449971683409,0.4976733314951995,2.5158779886486893,0.0,2.4925719830347197,True
2016-07-12,5.060388374872483,0.5003192678331674,2.52857856820481,0.0,2.5318098066676726,True
2016-07-13,5.036536074013684,0.4991687007237881,2.5224549057997847,0.0,2.5140811682138993,True
2016-07-14,5.104829257907493,0.5024923608896841,2.5396915521628225,0.0,2.5651377057446703,True
2016-07-15,5.0863293016284885,0.5014853510499427,2.535609666245716,0.0,2.5507196353827726,True
2016-07-18,5.153933118166172,0.5047680201398094,2.5523925021764393,0.0,2.601540615989733,True
2016-07-19,5.117687601041057,0.5030776639042258,2.543093278117701,0.0,2.5745943229233563,True
2016-07-20,5.235566101649156,0.5085909574985535,2.5728045249644422,0.0,2.662761576684714,True
2016-07-21,5.213832626942566,0.5076734675047815,2.56690813823307,0.0,2.6469244887094963,True
2016-07-22,5.255220528309931,0.5095224866202795,2.5775674969875157,0.0,2.6776530313224156,True
2016-07-25,5.257809739315572,0.5097210428166815,2.577793476059934,0.0,2.680016263255638,True
2016-07-26,5.2697415181604335,0.5102714498388966,2.5807428734124813,0.0,2.6889986447479526,True
2016-07-27,5.340134163433313,0.5133718366980129,2.5986596797377466,0.0,2.7414744836955665,True
2016-07-28,5.378989119668576,0.5152004614847113,2.6077314428940848,0.0,2.7712576767744914,True
2016-07-29,5.402860142960296,0.5162929956141934,2.6134012948667955,0.0,2.7894588480935,True
2016-08-01,5.460422954454275,0.5188585789960511,2.627235659588711,0.0,2.8331872948655645,True
2016-08-02,5.376643943986453,0.5150733720043622,2.607277817690518,0.0,2.7693661262959357,True
2016-08-03,5.411499902838257,0.516604233975864,2.615896140872037,0.0,2.7956037619662197,True
2016-08-04,5.444040886262938,0.5181188507405606,2.623380678887761,0.0,2.8206602073751768,True
2016-08-05,5.550763910543108,0.5228486042210444,2.648554747555098,0.0,2.9022091629880102,True
2016-08-08,5.5385974889973735,0.5223327137803155,2.645606832032534,0.0,2.892990656964839,True
2016-08-09,5.563867203223129,0.5234015816062841,2.6517303092088107,0.0,2.9121368940143184,True
2016-08-10,5.534607612353838,0.5221112575051308,2.644926672070306,0.0,2.8896809402835317,True
2016-08-11,5.58329520562082,0.5242476158373083,2.6562660055582317,0.0,2.9270292000625884,True
2016-08-12,5.590544642468876,0.5245400061826715,2.6580803211437503,0.0,2.932464321325125,True
2016-08-15,5.638760061407316,0.5265944016583701,2.6694205807754154,0.0,2.9693394806319002,True
2016-08-16,5.577215370716436,0.5240135795443371,2.654678780417619,0.0,2.922536590298817,True
2016-08-17,5.595688520461912,0.5247338424470298,2.6594413819831977,0.0,2.936247138478714,True
2016-08-18,5.5992054818619135,0.524910858193831,2.6601217271741735,0.0,2.93908375468774,True
2016-08-19,5.594506194986494,0.524633401180885,2.6594413819831977,0.0,2.9350648130032955,True
2016-08-22,5.599383562964924,0.5246829606102487,2.6614824175561247,0.0,2.937901145408799,True
2016-08-23,5.621639431289211,0.525717499861246,2.6662452043504503,0.0,2.9553942269387607,True
2016-08-24,5.547436027115124,0.5224804575076387,2.649009113673656,0.0,2.8984269134414675,True
2016-08-25,5.529417539212532,0.5217036326547632,2.6447003225403924,0.0,2.8847172166721395,True
2016-08-26,5.5472186369379894,0.5225436527922623,2.648554747555098,0.0,2.8986638893828918,True
2016-08-29,5.558884004343023,0.5228927366823466,2.6521839344123777,0.0,2.9067000699306447,True
2016-08-30,5.524027008851904,0.521442342377044,2.6435654260021115,0.0,2.880461582849793,True
2016-08-31,5.513742918470024,0.5210432450796063,2.6408444156957036,0.0,2.8728985027743206,True
2016-09-01,5.533310248582845,0.5215074587486197,2.647647682376713,0.0,2.8856625662061326,True
2016-09-02,5.575730138920688,0.5236021221657594,2.6562660055582317,0.0,2.9194641333624567,True
2016-09-06,5.646416285970449,0.526633855641957,2.6728223067302936,0.0,2.9735939792401562,True
2016-09-07,5.653441076109728,0.5269411608290386,2.6744102727858987,0.0,2.9790308033238295,True
2016-09-08,5.58673463640346,0.5240938768245158,2.6587612220209693,0.0,2.9279734143824907,True
2016-09-09,5.2978727056218196,0.5107744041346226,2.591854931226754,0.0,2.7060177743950655,True
2016-09-12,5.4831195644185655,0.5188234001139744,2.638348828775471,0.0,2.8447707356430945,True
2016-09-13,5.392400984230337,0.515102457533218,2.614761985248747,0.0,2.77763899898159,True
2016-09-14,5.440567776205182,0.5171026687546904,2.627235659588711,0.0,2.8133321166164706,True
2016-09-15,5.611870491325948,0.5245685535172927,2.668059705164717,0.0,2.943810786161231,True
2016-09-16,5.607288178413509,0.5244071335963436,2.6667862575230177,0.0,2.9405019208904917,True
2016-09-19,5.5571635073304,0.5222039536583127,2.655190752676769,0.0,2.901972754653631,True
2016-09-20,5.578238081258074,0.5231124818719805,2.660192114098369,0.0,2.918045967159705,True
2016-09-21,5.689245235928995,0.5278214185425372,2.686339745064581,0.0,3.0029054908644137,True
2016-09-22,5.780822024759782,0.5316040756981941,2.707713475511595,0.0,3.073108549248187,True
2016-09-23,5.7082295916339,0.5286747166094261,2.6904329299353082,0.0,3.017796661698592,True
2016-09-26,5.610788726779538,0.524501253519823,2.6679230063487784,0.0,2.94286572043076,True
2016-09-27,5.720603583824548,0.5290186922022118,2.6942973573024003,0.0,3.0263062265221485,True
2016-09-28,5.741696781610369,0.5299568757855077,2.698845093520433,0.0,3.0428516880899354,True
2016-09-29,5.657613085724788,0.5264271786333409,2.6792917912076177,0.0,2.97832129451717,True
2016-09-30,5.738842554340909,0.5296438280427362,2.699300015325235,0.0,3.039542539015674,True
2016-10-03,5.728122963379445,0.5294383754896012,2.6954348470431517,0.0,3.0326881163362933,True
2016-10-04,5.706774413835173,0.5283951654786491,2.691342403087416,0.0,3.0154320107477566,True
2016-10-05,5.7477613895864375,0.5300969235247965,2.7008907598120575,0.0,3.04687062977438,True
2016-10-06,5.741670124543182,0.5298358138136396,2.6995276614563837,0.0,3.0421424630867984,True
2016-10-07,5.715902815119145,0.5287506423033377,2.693615530281441,0.0,3.022287284837704,True
2016-10-10,5.787084992834936,0.5316003768593875,2.7106684297265784,0.0,3.076416563108358,True
2016-10-11,5.621262591517148,0.5246592341891284,2.6720152650757663,0.0,2.949247326441382,True
2016-10-12,5.612844353300853,0.5243512308034713,2.6697425083392368,0.0,2.9431018449616166,True
2016-10-13,5.568783166900523,0.5223028021794965,2.660192114098369,0.0,2.9085910528021546,True
2016-10-14,5.578585645799938,0.5225714580449318,2.6633760110457367,0.0,2.915209634754201,True
2016-10-17,5.551217521163812,0.521528379950192,2.6561000406001285,0.0,2.8951174805636835,True
2016-10-18,5.649085637958075,0.5256318758349008,2.6797461573261754,0.0,2.9693394806319002,True
2016-10-19,5.650040589185067,0.5257522446811748,2.6795190668812707,0.0,2.970521522303796,True
2016-10-20,5.634328654761967,0.5249948096476958,2.6763353551626508,0.0,2.957993299599317,True
2016-10-21,5.676480604890138,0.5267596364637676,2.686339745064581,0.0,2.9901408598255563,True
2016-10-24,5.817735053791894,0.5327002025212644,2.718626412421893,0.0,3.0991086413700013,True
2016-10-25,5.778130305049125,0.5309925695771694,2.709986047019376,0.0,3.0681442580297484,True
2016-10-26,5.7008573432431495,0.5278658074208419,2.6915696787610686,0.0,3.009287664482081,True
2016-10-27,5.646503596830106,0.5254954246886964,2.6792917912076177,0.0,2.9672118056224885,True
2016-10-28,5.578386150486761,0.5227173861224981,2.662466723122377,0.0,2.915919427364384,True
2016-10-31,5.559337940889943,0.5215319841331412,2.6599653941109596,0.0,2.8993725467789835,True
2016-11-01,5.479763429189251,0.5182352269621272,2.639956984764595,0.0,2.839806444424656,True
2016-11-02,5.384632667362485,0.5136506900179197,2.618812382278713,0.0,2.7658202850837723,True
2016-11-03,5.2792817016562275,0.508812027912096,2.5931196731173016,0.0,2.6861620285389263,True
2016-11-04,5.239695304888883,0.5068367573942789,2.5840251268249745,0.0,2.655670178063909,True
2016-11-07,5.4913662066931295,0.5182593065150385,2.645414564592231,0.0,2.845951642100899,True
2016-11-08,5.564430912722328,0.521479547403826,2.66269399879603,0.0,2.9017369139262974,True
2016-11-09,5.6173642225044365,0.5238030185700019,2.674971886349481,0.0,2.9423923361549558,True
2016-11-10,5.434231046255318,0.515704852444734,2.631771726395627,0.0,2.8024593198596914,True
2016-11-11,5.433005489291595,0.5153862062987847,2.632909401365127,0.0,2.800096087926468,True
2016-11-14,5.311851435862924,0.5093412325992104,2.606306478136617,0.0,2.7055449577263073,True
2016-11-15,5.4732828457406235,0.5172077574866877,2.6424584990047597,0.0,2.8308243467358642,True
2016-11-16,5.535063793690735,0.5197622408497911,2.658146633035493,0.0,2.876917160655242,True
2016-11-17,5.621046655123209,0.5236700548530291,2.6774728449034026,0.0,2.943573810219806,True
2016-11-18,5.577949737839344,0.5217833800693252,2.6674682697727246,0.0,2.9104814680666196,True
2016-11-21,5.693148684361501,0.5265875967168288,2.6952072009120025,0.0,2.997941483449498,True
2016-11-22,5.728280421025592,0.5280620979051681,2.7033926445097185,0.0,3.0248877765158735,True
2016-11-23,5.680963832955241,0.5260524365486412,2.692478966684429,0.0,2.988484866270812,True
2016-11-25,5.718442609509733,0.5276477326894913,2.701119332086945,0.0,3.0173232774227885,True
2016-11-28,5.695520296119657,0.526824662209406,2.694979740009602,0.0,3.0005405561100544,True
2016-11-29,5.733680986349083,0.5283479654119131,2.7043023028905737,0.0,3.0293786834585092,True
2016-11-30,5.602844597628051,0.5231777622231025,2.671560898957208,0.0,2.931283698670843,True
2016-12-01,5.395718407753192,0.5134280496681145,2.6254052291021264,0.0,2.7703131786510653,True
2016-12-02,5.4120561275232255,0.5139305467619939,2.6306351627986144,0.0,2.7814209647246106,True
2016-12-05,5.496813554408355,0.5177028060359347,2.6510977530347897,0.0,2.8457158013735655,True
2016-12-06,5.523744726836807,0.5189015898755444,2.6574648060145334,0.0,2.866279920822274,True
2016-12-07,5.6637633866624295,0.5248539578306606,2.691114756956267,0.0,2.9726486297061623,True
2016-12-08,5.686739569873124,0.5259340197096276,2.6958897688479535,0.0,2.990849801025171,True
2016-12-09,5.777850625258851,0.5297499160131705,2.7170347417913305,0.0,3.0608158834675203,True
2016-12-12,5.723024925508419,0.5273904388401117,2.704756298551636,0.0,3.018268626956783,True
2016-12-13,5.875082306453066,0.5338172378566335,2.7388620974419107,0.0,3.1362202090111553,True
2016-12-14,5.846469791924719,0.5325079149321462,2.7331783533131087,0.0,3.1132914386116104,True
2016-12-15,5.869698599354217,0.5336221637804904,2.737497332027506,0.0,3.132201267326711,True
2016-12-16,5.821493826651501,0.5315034522896298,2.7273497603034613,0.0,3.0941440663480404,True
2016-12-19,5.87048920969368,0.5335101724113934,2.73852349929078,0.0,3.1319657104029,True
2016-12-20,5.918799766292527,0.5355453431096797,2.7490141146559037,0.0,3.1697856516366234,True
2016-12-21,5.905636523853685,0.534857628126283,2.7469617801293564,0.0,3.158674743724329,True
2016-12-22,5.870464972521017,0.5333916593768754,2.739207919514209,0.0,3.131257053006808,True
2016-12-23,5.88197947793676,0.5339949335536286,2.7410322374521128,0.0,3.140947240484647,True
2016-12-27,5.9419748628799685,0.5363206683659011,2.755170933006801,0.0,3.186803929873168,True
2016-12-28,5.846789909323756,0.5324383742806336,2.7337345952430026,0.0,3.1130553140807535,True
2016-12-29,5.827785949573469,0.531578798177275,2.7298584984647944,0.0,3.0979274511086743,True
2016-12-30,5.709205880287806,0.526762546886538,2.7018100500878024,0.0,3.0073958302000037,True
2017-01-03,5.8061815100658105,0.5305035088423469,2.725981846000342,0.0,3.0801996640654687,True
2017-01-04,5.8734787738912075,0.5333592728255627,2.740804406092216,0.0,3.132674367798992,True
2017-01-05,5.944533198679916,0.5363283719200014,2.7563113864075186,0.0,3.1882218122723973,True
2017-01-06,6.049545020926477,0.5403815300133117,2.780482626633815,0.0,3.269062394292661,True
2017-01-09,6.091760076062471,0.54206916602456,2.789604772009577,0.0,3.302155304052894,True
2017-01-10,6.116826624553693,0.5429391828163496,2.795761775589221,0.0,3.321064848964472,True
2017-01-11,6.1498798545288285,0.5441720903480145,2.803286878700732,0.0,3.346592975828096,True
2017-01-12,6.128527952586001,0.5432910081742475,2.798953822601496,0.0,3.3295741299845054,True
2017-01-13,6.1763987904667585,0.5452799792140608,2.808532186383294,0.0,3.3678666040834644,True
2017-01-17,6.136288197886028,0.5436825794605612,2.8000952021459535,0.0,3.3361929957400744,True
2017-01-18,6.1646813451248015,0.5448595263503018,2.8057959873195606,0.0,3.3588853578052404,True
2017-01-19,6.154330123185628,0.5443164258759223,2.804427146872702,0.0,3.3499029763129258,True
2017-01-20,6.182234411179166,0.5453772019617557,2.8105847061385902,0.0,3.3716497050405754,True
2017-01-23,6.192077200029614,0.5457317406997783,2.812864131110044,0.0,3.37921306891957,True
2017-01-24,6.281445291068745,0.5491813841547142,2.8317924716275,0.0,3.449652819441245,True
2017-01-25,6.410645532892384,0.5538207597806052,2.860296953181781,0.0,3.550348579710603,True
2017-01-26,6.42826496815603,0.5545824691525609,2.86326190974915,0.0,3.56500305840688,True
2017-01-27,6.450755841669593,0.555287162027104,2.8687339374191216,0.0,3.582021904250471,True
2017-01-30,6.347096297369573,0.5515451545667241,2.846386088986989,0.0,3.500710208382584,True
2017-01-31,6.322012200630288,0.550667509189729,2.84068548904213,0.0,3.481326711588158,True
2017-02-01,6.407809484290404,0.5536232841824996,2.860296953181781,0.0,3.547512531108622,True
2017-02-02,6.396318920322999,0.5532135269824257,2.8577887707066916,0.0,3.5385301496163075,True
2017-02-03,6.435256505317787,0.5546411145956957,2.865998664499128,0.0,3.569257840818658,True
2017-02-06,6.451913177136554,0.5552608825267409,2.869418172413803,0.0,3.5824950047227513,True
2017-02-07,6.499278297547434,0.5568879673288968,2.879908417321431,0.0,3.6193698802260035,True
2017-02-08,6.524395109859092,0.5578598625100719,2.8846969509117133,0.0,3.6396981589473785,True
2017-02-09,6.572704826968174,0.5595136117003945,2.895187010590594,0.0,3.6775178163775792,True
2017-02-10,6.618683002997887,0.5611265471266397,2.9047642629999046,0.0,3.713918739997983,True
2017-02-13,6.700343359144005,0.5640247508555709,2.921183865356029,0.0,3.7791594937879767,True
2017-02-14,6.745603733196101,0.5654964232924901,2.930988949125237,0.0,3.814614784070864,True
2017-02-15,6.828646922928526,0.5682425567931483,2.9483191360059555,0.0,3.88032778692257,True
2017-02-16,6.824425880807633,0.5681090450618888,2.9474078105663692,0.0,3.877018070241263,True
2017-02-17,6.885889325316533,0.5701096073689618,2.960177665674199,0.0,3.925711659642334,True
2017-02-21,6.962887994479927,0.5727673966288088,2.9747727648636713,0.0,3.988115229616256,True
2017-02-22,6.9645004250596365,0.5727026375258405,2.975912662578146,0.0,3.988587762481491,True
2017-02-23,6.910305958631806,0.5709685546658009,2.964738553133332,0.0,3.945567405498474,True
2017-02-24,6.937281384858494,0.5718148839412017,2.970440634908175,0.0,3.966840749950319,True
2017-02-27,6.952748376095425,0.5722427759840129,2.974088344640242,0.0,3.978660031455183,True
2017-02-28,6.912424674288436,0.5710670698878626,2.9649665697219763,0.0,3.9474581045664605,True
2017-03-01,7.072449824425959,0.5761936967355611,2.997348815113196,0.0,4.075101009312763,True
2017-03-02,6.993104694900009,0.5735373101724569,2.982298238432678,0.0,4.010806456467331,True
2017-03-03,7.01937818841761,0.5743539446998105,2.9877706365601457,0.0,4.031607551857464,True
2017-03-06,6.9848726695705405,0.5731980831799096,2.981157044116969,0.0,4.003715625453572,True
2017-03-07,6.960000188306727,0.572393645375267,2.9761403087092946,0.0,3.983859879597432,True
2017-03-08,6.985574515625656,0.5732081376216164,2.981386357306848,0.0,4.004188158318807,True
2017-03-09,7.000146397307424,0.5737708129118992,2.9836667084220405,0.0,4.016479688885384,True
2017-03-10,7.0566544113758916,0.5754066222458272,2.996208732169974,0.0,4.060445679205918,True
2017-03-13,7.085307167482391,0.5764156950505473,3.0012249118914043,0.0,4.084082255590987,True
2017-03-14,7.047755206425932,0.5751941238482909,2.9939278253685373,0.0,4.053827381057395,True
2017-03-15,7.137139241466766,0.5779261865145596,3.0123995770224616,0.0,4.124739664444305,True
2017-03-16,7.132721700303138,0.577952594634145,3.01034668680967,0.0,4.1223750134934685,True
2017-03-17,7.121742327100322,0.5774495635730275,3.009295328436684,0.0,4.112446998663638,True
2017-03-20,7.13677748972215,0.577955480661187,3.0120378252778455,0.0,4.124739664444305,True
2017-03-21,6.907174290443032,0.5705429804877804,2.966334484025095,0.0,3.940839806417937,True
2017-03-22,7.004815169056968,0.5736583847795366,2.986444213496552,0.0,4.018370955560417,True
2017-03-23,6.96512563798236,0.5723116904007278,2.9789028102552275,0.0,3.9862228277271323,True
2017-03-24,6.993042249648033,0.5731367975733351,2.985072409389728,0.0,4.007969840258305,True
2017-03-27,7.019115710447304,0.5740386160775948,2.9898722419336305,0.0,4.029243468513673,True
2017-03-28,7.1130365708791565,0.5770930428494634,3.008152652290991,0.0,4.104883918588166,True
2017-03-29,7.181342671624669,0.5791744077929865,3.022092782627948,0.0,4.159249888996721,True
2017-03-30,7.207171529493376,0.5799849845511047,3.0271202613029993,0.0,4.180051268190377,True
2017-03-31,7.195186462764326,0.5795712951630644,3.0250629256002584,0.0,4.170123537164068,True
2017-04-03,7.184375577806079,0.5791930362209557,3.023235273544893,0.0,4.161140304261186,True
2017-04-04,7.20808489244919,0.5799114925199035,3.0280336242588124,0.0,4.180051268190377,True
2017-04-05,7.147996800052092,0.5781064066074655,3.0156940555323155,0.0,4.132302744519777,True
2017-04-06,7.1529063374288695,0.57817232130676,3.017293876227785,0.0,4.1356124612010845,True
2017-04-07,7.146578633849341,0.5780226860936418,3.0156940555323155,0.0,4.130884578317025,True
2017-04-10,7.152448451964101,0.5782093347440236,3.0168359907630173,0.0,4.1356124612010845,True
2017-04-11,7.08742071174113,0.5761771697515152,3.003810705211856,0.0,4.083610006529274,True
2017-04-12,7.02141693200722,0.5739178988816289,2.9917000792177437,0.0,4.029716852789477,True
2017-04-13,6.961785416552855,0.5719750786980609,2.9798176550410242,0.0,3.9819677615118314,True
2017-04-17,7.081015313748514,0.5756969461423159,3.0044964220365213,0.0,4.076518891711992,True
2017-04-18,7.0646269080656365,0.5753594559070078,2.999927014054985,0.0,4.064699894010651,True
2017-04-19,7.083607117956625,0.5758199256005366,3.004724994311409,0.0,4.078882123645215,True
2017-04-20,7.207548264011214,0.579626589266089,3.0298616467716735,0.0,4.177686617239541,True
2017-04-21,7.204971391007094,0.5795715174090917,3.029175189032018,0.0,4.175796201975076,True
2017-04-24,7.3932875717566855,0.5853348380645335,3.0657387881779576,0.0,4.327548783578727,True
2017-04-25,7.511420859178254,0.5889055228700104,3.0879036306071814,0.0,4.423517228571073,True
2017-04-26,7.487697094284225,0.5881827541802688,3.0835627949005335,0.0,4.404134299383691,True
2017-04-27,7.583264125586673,0.5909318564988275,3.102071777532782,0.0,4.481192348053891,True
2017-04-28,7.614277998968413,0.5918776597249448,3.107556956443853,0.0,4.50672104252456,True
2017-05-01,7.755387189748859,0.595738222912868,3.135206607326652,0.0,4.620180582422207,True
2017-05-02,7.788061522864968,0.5967595353883602,3.1404615469041044,0.0,4.647599975960864,True
2017-05-03,7.732149962780317,0.5951440446602682,3.130406960011497,0.0,4.60174300276882,True
2017-05-04,7.738020793692789,0.5953034664373169,3.1315501918434334,0.0,4.606470601849356,True
2017-05-05,7.79955865649252,0.5970314832844313,3.142976582842865,0.0,4.6565820736496555,True
2017-05-08,7.834306096005127,0.5979437757798746,3.1498315283445337,0.0,4.684474567660594,True
2017-05-09,7.8968048938038615,0.5997367990164251,3.160800404336693,0.0,4.7360044894671685,True
2017-05-10,7.90619544070595,0.599981066129461,3.1626278711633105,0.0,4.74356756954264,True
2017-05-11,7.892338235954691,0.599597060598511,3.1601154284270203,0.0,4.732222807527671,True
2017-05-12,7.93015271623869,0.6006128870626246,3.1672007984910557,0.0,4.7629519177476345,True
2017-05-15,7.984640197929821,0.6020793568804196,3.177253162638688,0.0,4.807387035291133,True
2017-05-16,8.058408739978518,0.6040773827069175,3.1905062795497456,0.0,4.8679024604287715,True
2017-05-17,7.609014709514442,0.5913550613161278,3.1093853494142105,0.0,4.499629360100231,True
2017-05-18,7.750139930950565,0.5952874645056548,3.1365787818909725,0.0,4.613561149059593,True
2017-05-19,7.819178233033048,0.5971659125203597,3.1498315283445337,0.0,4.669346704688514,True
2017-05-22,7.9667083086963455,0.6012985527338941,3.1763381326241444,0.0,4.7903701760722015,True
2017-05-23,7.981727231592147,0.6016479037982801,3.179537774015082,0.0,4.8021894575770645,True
2017-05-24,8.062536836916403,0.6038265920959682,3.194162695032964,0.0,4.8683741418834385,True
2017-05-25,8.217847323171865,0.6080049153542957,3.22135575705223,0.0,4.996491566119635,True
2017-05-26,8.244833098366833,0.6085949485564878,3.2270693230094416,0.0,5.01776377535739,True
2017-05-30,8.257975291492492,0.6088857491281173,3.229811819850603,0.0,5.028163471641889,True
2017-05-31,8.250685072509203,0.6086787716187468,3.2286682175611707,0.0,5.022016854948033,True
2017-06-01,8.323292983944242,0.610582450381724,3.2412363585625554,0.0,5.082056625381687,True
2017-06-02,8.53381152037887,0.6158507509032171,3.278257287487019,0.0,5.255554232891852,True
2017-06-05,8.528871415441529,0.615708729784187,3.277570829747363,0.0,5.251300585694165,True
2017-06-06,8.456280484647507,0.61395009412968,3.264546285111194,0.0,5.191734199536314,True
2017-06-07,8.525807819283173,0.6155973641612043,3.2773429983874665,0.0,5.248464820895706,True
2017-06-08,8.543418262583563,0.6159884590431869,3.280771212053293,0.0,5.26264705053027,True
2017-06-09,8.080816954464979,0.6041571764785113,3.1987333996157346,0.0,4.8820835548492445,True
2017-06-12,7.975274620093034,0.6010676187963724,3.181595294946571,0.0,4.793679325146463,True
2017-06-13,8.113138449726833,0.6046637124999402,3.207418034688996,0.0,4.905720415037837,True
2017-06-14,8.03348626652351,0.6024792209540595,3.193477719123291,0.0,4.84000854740022,True
2017-06-15,7.954079809544044,0.6002918767174237,3.179310313112681,0.0,4.774769496431363,True
2017-06-16,7.883083435221135,0.5984419061636496,3.165515957800309,0.0,4.717567477420826,True
2017-06-19,8.164351474906397,0.6057927939809357,3.2184461838804777,0.0,4.945905291025919,True
2017-06-20,8.027105000768492,0.6021926501602657,3.1932413672409914,0.0,4.8338636335275,True
2017-06-21,8.19913282560925,0.6066824899293506,3.2248625077071584,0.0,4.974270317902092,True
2017-06-22,8.192542537581229,0.6064781025303063,3.223944884490144,0.0,4.968597653091084,True
2017-06-23,8.260699276448525,0.6082270038578237,3.236318905763747,0.0,5.024380370684779,True
2017-06-26,8.178920465252787,0.6061587254682403,3.2211964603290504,0.0,4.957724004923737,True
2017-06-27,7.847714941810169,0.5969825043699667,3.1627664222667273,0.0,4.684948519543442,True
2017-06-28,8.089974550856175,0.6034148448172632,3.2083638126756884,0.0,4.881610738180487,True
2017-06-29,7.785627758851416,0.5950636508378939,3.1526836806044427,0.0,4.6329440782469735,True
2017-06-30,7.770701222790317,0.5941383647090775,3.1538295056388495,0.0,4.616871717151468,True
2017-07-03,7.611725474668697,0.5900265444446648,3.120605395588499,0.0,4.491120079080198,True
2017-07-05,7.770545083790406,0.5944545396346937,3.1513092832951477,0.0,4.619235800495258,True
2017-07-06,7.62016203861023,0.5901797061750056,3.1228970456573126,0.0,4.497264992952918,True
2017-07-07,7.7885780536889335,0.5947169021850698,3.1565790411724306,0.0,4.631999012516503,True
2017-07-10,7.906114562743591,0.598133569367136,3.1772020395042726,0.0,4.728912523239318,True
2017-07-11,7.953817534895781,0.5994202064988151,3.186138585674655,0.0,4.767678949221126,True
2017-07-12,8.161340043085461,0.6049735867553308,3.223944884490144,0.0,4.937395158595317,True
2017-07-13,8.20106337485474,0.606020797634831,3.2310484069714724,0.0,4.970014967883269,True
2017-07-14,8.343267305028503,0.6096872449225453,3.256483648173325,0.0,5.086783656855178,True
2017-07-17,8.347708680296822,0.609702840265006,3.258086988215004,0.0,5.089621692081818,True
2017-07-18,8.470642895950068,0.61279747357554,3.27985432975127,0.0,5.190788566198798,True
2017-07-19,8.584915160038012,0.6157093146207387,3.299102930773817,0.0,5.285812229264194,True
2017-07-20,8.609122756750896,0.6162843580266455,3.3034550654340857,0.0,5.305667691316811,True
2017-07-21,8.59971311695839,0.6160242796854843,3.3020810385822865,0.0,5.297632078376103,True
2017-07-24,8.683855073433378,0.6180033999291573,3.3172031135594873,0.0,5.36665195987389,True
2017-07-25,8.639448368588486,0.6170211576570328,3.308725934683855,0.0,5.330722433904631,True
2017-07-26,8.697965066942514,0.6183596545142639,3.3194943931708045,0.0,5.378470673771709,True
2017-07-27,8.58114605222035,0.6155939247767449,3.298644674851553,0.0,5.282501377368796,True
2017-07-28,8.561377584189206,0.6150275190587088,3.2958947688604763,0.0,5.2654828153287285,True
2017-07-31,8.478851676214912,0.612929197131526,3.2819159257152117,0.0,5.1969357504997,True
2017-08-01,8.520450554857035,0.613931353240922,3.2894788154912913,0.0,5.230971739365744,True
2017-08-02,8.567681277947512,0.6150165657829131,3.298415361661674,0.0,5.269265916285839,True
2017-08-03,8.500008510853197,0.6134612006246081,3.2855830844658076,0.0,5.21442542638739,True
2017-08-04,8.526295251778087,0.6139542070433451,3.291540411455234,0.0,5.2347548403228545,True
2017-08-07,8.639806772563919,0.6166126813115653,3.31239235251946,0.0,5.32741442004446,True
2017-08-08,8.614222752946315,0.6161391082885045,3.3066632273474257,0.0,5.307559525598888,True
2017-08-09,8.589068017224326,0.6155216473303878,3.3023107222296617,0.0,5.286757294994665,True
2017-08-10,8.17504804388381,0.604710897543117,3.231507403808728,0.0,4.943540640075082,True
2017-08-11,8.312554087918674,0.6083002904575601,3.2560250217935662,0.0,5.056529066125107,True
2017-08-14,8.551148958108607,0.6143258500236825,3.2979571057394104,0.0,5.253191852369197,True
2017-08-15,8.562895065423502,0.6145873574675168,3.3002480148932323,0.0,5.26264705053027,True
2017-08-16,8.596042299453758,0.615407280163353,3.305975287777787,0.0,5.290067011675972,True
2017-08-17,8.203195400477554,0.6052292033212878,3.238381983557672,0.0,4.964813416919883,True
2017-08-18,8.183413704063556,0.6045550084527133,3.236089963031363,0.0,4.947323741032193,True
2017-08-21,8.17030662497177,0.6044253234306063,3.2319664006459825,0.0,4.9383402243257875,True
2017-08-22,8.439398224886403,0.6112010145107565,3.2812294679755563,0.0,5.158168756910847,True
2017-08-23,8.370038158913712,0.6093753308890622,3.2695433862715926,0.0,5.1004947726421195,True
2017-08-24,8.317866960428395,0.6080822129744472,3.2599200119040583,0.0,5.057946948524337,True
2017-08-25,8.276955059449765,0.6069755388005134,3.2530458026126094,0.0,5.023909256837157,True
2017-08-28,8.331003704778613,0.6083151215086258,3.2631281738173987,0.0,5.067875530961214,True
2017-08-29,8.406235145429218,0.6102941992400669,3.2759585987257864,0.0,5.130276546703431,True
2017-08-30,8.622483082258327,0.6156033538823931,3.3144535780259057,0.0,5.308029504232421,True
2017-08-31,8.808807469623158,0.6197021604718,3.3499704495175564,0.0,5.458837020105602,True
2017-09-01,8.800444079871593,0.6198614683608406,3.345387890294921,0.0,5.455056189576672,True
2017-09-05,8.624347127411054,0.6155802090948328,3.315369719412937,0.0,5.308977407998118,True
2017-09-06,8.680287015573331,0.6168959394978522,3.3254532019902134,0.0,5.3548338135831175,True
2017-09-07,8.72116905414398,0.6177985816445831,3.333243182211198,0.0,5.387925871932781,True
2017-09-08,8.55945639914398,0.6139507670593334,3.3043715772786126,0.0,5.255084821865366,True
2017-09-11,8.76484561900973,0.6186574394573767,3.3424086711139647,0.0,5.422436947895766,True
2017-09-12,8.818720726556945,0.6200776530083622,3.3504290758973156,0.0,5.468291650659629,True
2017-09-13,8.845996018302241,0.6207310065891988,3.355012005577447,0.0,5.490984012724795,True
2017-09-14,8.733633357735593,0.6181079073881697,3.3353055190901317,0.0,5.398327838645462,True
2017-09-15,8.788582054191785,0.6191919233520792,3.3467630285192076,0.0,5.4418190256725785,True
2017-09-18,8.770959808751906,0.6189269037085071,3.342376811769329,0.0,5.428582996982577,True
2017-09-19,8.799865226382735,0.6195263263091463,3.348117050666235,0.0,5.4517481757165,True
2017-09-20,8.744146763715936,0.6182836393383705,3.337783879736812,0.0,5.406362883979123,True
2017-09-21,8.619705196160844,0.6151437727820595,3.3173472215253406,0.0,5.302357974635504,True
2017-09-22,8.60325228788555,0.6147816199446107,3.3141309095470928,0.0,5.289121378338456,True
2017-09-25,8.4024114657246,0.6097279873503959,3.2792260338384494,0.0,5.12318543188615,True
2017-09-26,8.445891233414708,0.6107311371123801,3.287722476503861,0.0,5.158168756910847,True
2017-09-27,8.61544984614202,0.6149536842802421,3.3173472215253406,0.0,5.29810262461668,True
2017-09-28,8.605319811169423,0.6146339118591909,3.3161984328309675,0.0,5.289121378338456,True
2017-09-29,8.741243381589944,0.6178941370300179,3.34008034575307,0.0,5.401163035836874,True
2017-10-02,8.759355996763814,0.6183433765674027,3.3430662331689507,0.0,5.416289763594864,True
2017-10-03,8.800513164446246,0.6193194065677062,3.3501845739501097,0.0,5.450328590496135,True
2017-10-04,8.817909656622028,0.6197058560721298,3.353399404098374,0.0,5.464510252523654,True
2017-10-05,9.008173390675548,0.6240928532716442,3.3862367565231435,0.0,5.621936634152404,True
2017-10-06,9.033094971886936,0.6246214537136832,3.3908300590131555,0.0,5.642264912873779,True
2017-10-09,9.015008490704485,0.6243014290050218,3.3869258074652695,0.0,5.628082683239215,True
2017-10-10,9.029352589509342,0.6246184547578307,3.389452327586399,0.0,5.639900261922943,True
2017-10-11,9.088623160963841,0.6259548873634964,3.3995550739534557,0.0,5.689068087010385,True
2017-10-12,9.05169385310357,0.6251136379329931,3.3933565791342852,0.0,5.658337273969285,True
2017-10-13,9.128131800693522,0.626819096570952,3.4064444720022307,0.0,5.721687328691291,True
2017-10-16,9.198936075389245,0.6284183609057995,3.4181557448159063,0.0,5.780780330573338,True
2017-10-17,9.22362740534621,0.6289399806333484,3.4225193636585436,0.0,5.801108041687668,True
2017-10-18,9.197275430426128,0.6283262554460222,3.4183857989207778,0.0,5.778889631505351,True
2017-10-19,9.120823860154223,0.6265955154214541,3.405756532432592,0.0,5.7150673277216315,True
2017-10-20,9.171613988278155,0.6276617429255513,3.414942766955121,0.0,5.7566712213230335,True
2017-10-23,9.042023950182319,0.6247890067567495,3.392666787277167,0.0,5.649357162905152,True
2017-10-24,9.076600503110969,0.6255858384508303,3.398407767089066,0.0,5.678192736021903,True
2017-10-25,8.994720733413079,0.6236071639312196,3.385548446496008,0.0,5.60917228691707,True
2017-10-26,8.931925172910049,0.6221692588169848,3.374755908271834,0.0,5.557169264638214,True
2017-10-27,9.509105509495594,0.634766855707339,3.473040504643741,0.0,6.036065004851852,True
2017-10-30,9.559935591442446,0.6358919634026736,3.4808493781970093,0.0,6.0790862132454375,True
2017-10-31,9.637315396270148,0.6374574498247002,3.493936900607459,0.0,6.143378495662689,True
2017-11-01,9.628133241221645,0.6372309007594915,3.4927892232855737,0.0,6.135344017936071,True
2017-11-02,9.590271599931523,0.6364931407251214,3.4861295088841735,0.0,6.10414209104735,True
2017-11-03,9.793988140713855,0.6406308673182629,3.5196570236235565,0.0,6.2743311170902984,True
2017-11-06,9.869750068594985,0.6421795561187045,3.5315983505421036,0.0,6.338151718052881,True
2017-11-07,9.882217312004961,0.6424218724515621,3.533664762453491,0.0,6.348552549551471,True
2017-11-08,9.975875644628196,0.6443518402934607,3.5479018144733048,0.0,6.427973830154892,True
2017-11-09,9.854216241525084,0.6418485074326794,3.529302254983341,0.0,6.324913986541743,True
2017-11-10,9.85209625310882,0.6417948282521724,3.529071830420974,0.0,6.323024422687847,True
2017-11-13,9.875367824537475,0.6421971544625364,3.5334347083486195,0.0,6.341933116188856,True
2017-11-14,9.798688100131384,0.6407095540421517,3.5205750172980665,0.0,6.278113082833318,True
2017-11-15,9.689966707669978,0.6383846824658411,3.5040403878895066,0.0,6.185926319780471,True
2017-11-16,9.966395250540245,0.6439213517173688,3.5488205490628064,0.0,6.417574701477439,True
2017-11-17,9.880987456609049,0.6422147257452991,3.535271807070127,0.0,6.3457156495389215,True
2017-11-20,9.862632819786283,0.6418282238402689,3.5325167146741094,0.0,6.3301161051121735,True
2017-11-21,10.100481154632213,0.6464658159749395,3.570865363263401,0.0,6.529615791368813,True
2017-11-22,10.130846284614279,0.6470947360502606,3.5752289821060383,0.0,6.55561730250824,True
2017-11-24,10.21768427510462,0.648812954071511,3.588318356803967,0.0,6.629365918300654,True
2017-11-27,10.2052022737986,0.6485409622422617,3.5867105712723393,0.0,6.618491702526261,True
2017-11-28,10.26308183776028,0.6496280794339729,3.595895694422381,0.0,6.6671861433379,True
2017-11-29,9.857648267852861,0.641577250561779,3.53320539515874,0.0,6.324442872694121,True
2017-11-30,10.044223960790259,0.6452858207604204,3.562828658350236,0.0,6.481395302440022,True
2017-12-01,9.942556149217735,0.6431829814229872,3.5476732421984165,0.0,6.394882907019318,True
2017-12-04,9.68090456799816,0.6377614367041889,3.5067969621155077,0.0,6.174107605882653,True
2017-12-05,9.692182304134246,0.637946108869366,3.509092316759279,0.0,6.183089987374967,True
2017-12-06,9.789814184612434,0.6399381848101179,3.524938265683208,0.0,6.264875918929225,True
2017-12-07,9.86368598103262,0.6414241492072033,3.5368795926017547,0.0,6.3268063884308665,True
2017-12-08,9.962978159858032,0.6434305135883734,3.55249400559083,0.0,6.410484154267202,True
2017-12-11,10.137559969819653,0.6468526964179216,3.5800519682434264,0.0,6.5575080015762275,True
2017-12-12,10.108154490156156,0.6463024990775734,3.5752289821060383,0.0,6.532925508050119,True
2017-12-13,10.147663894642434,0.6470007238228954,3.582118009697318,0.0,6.565545884945117,True
2017-12-14,10.135680646847042,0.6468325754122194,3.5795922304911802,0.0,6.556088416355862,True
2017-12-15,10.389538612933201,0.6515496056369496,3.6202388269267134,0.0,6.769299786006488,True
2017-12-18,10.593860816889848,0.6554051348987674,3.6505900390973913,0.0,6.943270777792456,True
2017-12-19,10.45924364809018,0.6530381021784303,3.628959025919568,0.0,6.830284622170613,True
2017-12-20,10.426966022451664,0.6523392339671283,3.6250469947642707,0.0,6.8019190276873935,True
2017-12-21,10.424118463417127,0.6521999824227325,3.6255085848039963,0.0,6.7986098786131315,True
2017-12-22,10.397284213241342,0.6517007658139823,3.6213661290863315,0.0,6.775918084155011,True
2017-12-26,10.268045915703183,0.6492218672491996,3.6018059733098444,0.0,6.6662399423933385,True
2017-12-27,10.268505282997934,0.649192823947898,3.6022653406045952,0.0,6.6662399423933385,True
2017-12-28,10.2908425558051,0.649529391702469,3.6066378504271306,0.0,6.684204705377968,True
2017-12-29,10.142296555115138,0.6465971700788523,3.584316304477198,0.0,6.55798025063794,True
2018-01-02,10.541718205390818,0.6540279746695612,3.6471395979818193,0.0,6.894578607408999,True
2018-01-03,10.779017692449722,0.6583569527644542,3.6825764506543845,0.0,7.096441241795337,True
2018-01-04,10.827064756125447,0.6592779048219253,3.689020188335752,0.0,7.138044567789694,True
2018-01-05,11.079688157599914,0.6637026946039033,3.726069272029894,0.0,7.35361888557002,True
2018-01-08,11.175970067121924,0.665302755577707,3.740566385211736,0.0,7.435403681910187,True
2018-01-09,11.181872786037802,0.6654588626703447,3.7407964393166075,0.0,7.441076346721195,True
2018-01-10,11.120179678383405,0.6643892879782961,3.7320514196715364,0.0,7.388128258711868,True
2018-01-11,11.293694844248744,0.6672838352476215,3.757594834462153,0.0,7.5361000097865904,True
2018-01-12,11.481098249049598,0.6703094603841631,3.785209477111602,0.0,7.695888771937995,True
2018-01-16,11.410715788695791,0.6692237331630103,3.77439397052269,0.0,7.6363218181731005,True
2018-01-17,11.69207573650056,0.6737000019216318,3.8151242903522666,0.0,7.876951446148292,True
2018-01-18,11.700330027450763,0.6738712435241654,3.815814082209385,0.0,7.884515945241377,True
2018-01-19,11.787934922274882,0.6752798301806837,3.827780229780148,0.0,7.960154692494734,True
2018-01-22,12.077563154169303,0.6796752758681252,3.868742085544579,0.0,8.208821068624724,True
2018-01-23,12.31755975487103,0.6833196716568387,3.9007288675590677,0.0,8.416830887311963,True
2018-01-24,12.121583440101093,0.6802881063640548,3.875414395500835,0.0,8.246169044600258,True
2018-01-25,12.109802086823727,0.680091019361554,3.874034441329104,0.0,8.235767645494622,True
2018-01-26,12.536973764884175,0.6862556487488971,3.9334047005156827,0.0,8.603569064368493,True
2018-01-29,12.403940595994431,0.6844305248712278,3.914305023406434,0.0,8.489635572587998,True
2018-01-30,12.1547334358246,0.6806109365788244,3.8820889282020654,0.0,8.272644507622534,True
2018-01-31,12.272954546567522,0.682374972000468,3.898197531490493,0.0,8.37475701507703,True
2018-02-01,12.030389225335163,0.6787252343579957,3.8650604789516487,0.0,8.165328746383516,True
2018-02-02,11.454548435243911,0.6693043137119618,3.7879697559125605,0.0,7.6665786793313515,True
2018-02-05,10.420214813800595,0.6508109767926661,3.6386246324416196,0.0,6.7815901813589745,True
2018-02-06,11.039496368168559,0.6616653984655928,3.735043604864845,0.0,7.304452763303714,True
2018-02-07,10.702318911886104,0.6555215214321406,3.686718535914553,0.0,7.015600375971551,True
2018-02-08,9.677375494999849,0.6351118026629112,3.531160099324611,0.0,6.146215395675237,True
2018-02-09,10.027679066493267,0.6417774528456782,3.592140737245289,0.0,6.4355383292479775,True
2018-02-12,10.451654608725903,0.6502101435415615,3.655882765339412,0.0,6.7957718433864915,True
2018-02-13,10.553256931836145,0.6517897354267841,3.6747523883437894,0.0,6.878504543492356,True
2018-02-14,11.024844278845752,0.6604434734127614,3.7435578294900536,0.0,7.281286449355699,True
2018-02-15,11.474904316052196,0.6677049587180991,3.813053803408426,0.0,7.6618505126437695,True
2018-02-16,11.372308710419492,0.6662044452244759,3.796026095073001,0.0,7.576282615346492,True
2018-02-20,11.41772126468293,0.6668670653511646,3.8036189919062373,0.0,7.614102272776693,True
2018-02-21,11.338357755200448,0.6654892007512971,3.79280311485983,0.0,7.545554640340618,True
2018-02-22,11.33931629414653,0.6655580867648752,3.792342636192592,0.0,7.546973657953938,True
2018-02-23,11.866451637788263,0.673879472519157,3.8698934674414223,0.0,7.996558170346841,True
2018-02-26,12.238763384410966,0.6796073985097505,3.9212092397550395,0.0,8.317554144655926,True
2018-02-27,11.89237744193904,0.6743581973428407,3.8726552280723636,0.0,8.019722213866675,True
2018-02-28,11.70631621254876,0.6713054494522243,3.8478023460538564,0.0,7.858513866494905,True
2018-03-01,11.2652942714635,0.6640142200564083,3.784978682091739,0.0,7.48031558937176,True
2018-03-02,11.505688919909876,0.6680140040476094,3.8197275951946654,0.0,7.68596132471521,True
2018-03-05,11.789131692660003,0.6724043785425355,3.8620679233008444,0.0,7.92706376935916,True
2018-03-06,11.905693096504354,0.6742392971400898,3.8784069511516392,0.0,8.027286145352715,True
2018-03-07,11.974706435016364,0.6753672688729447,3.8873816544440856,0.0,8.087324780572278,True
2018-03-08,12.116659554475833,0.6774042411276093,3.908782983974534,0.0,8.207876570501298,True
2018-03-09,12.670548064429658,0.6855130548104946,3.984721954659283,0.0,8.685826109770375,True
2018-03-12,12.821724451816245,0.68756991275051,4.005892489169868,0.0,8.815831962646376,True
2018-03-13,12.447134223103799,0.6825491180685785,3.95135373664308,0.0,8.495780486460719,True
2018-03-14,12.417606217244252,0.6818498263504117,3.9506635743284666,0.0,8.466942642915786,True
2018-03-15,12.376335180633939,0.6810677227834084,3.947212762755399,0.0,8.42912241787854,True
2018-03-16,12.308814840061164,0.6802716214890318,3.935477410204498,0.0,8.373337429856665,True
2018-03-19,11.699150126840651,0.6707873023645777,3.851508773299003,0.0,7.847641353541648,True
2018-03-20,11.769502869435653,0.6716780758141376,3.864185828804143,0.0,7.905317040631511,True
2018-03-21,11.638270011071175,0.6694217203047335,3.847359278888919,0.0,7.7909107321822555,True
2018-03-22,10.974118317058934,0.658068413530675,3.752397686254041,0.0,7.221720630804894,True
2018-03-23,10.291863991200772,0.6450091647778687,3.6535173942289405,0.0,6.638346596971832,True
2018-03-26,11.174568112498548,0.6609018281120946,3.789275618585138,0.0,7.3852924939134095,True
2018-03-27,10.343767013290417,0.6455203840890229,3.666654557943823,0.0,6.677112455346595,True
2018-03-28,10.071357185430816,0.6401206451297375,3.624473526560824,0.0,6.446883658869992,True
2018-03-29,10.49466760526129,0.6483112839291416,3.690856175684772,0.0,6.803811429576517,True
2018-04-02,9.78400520979492,0.6336501430055219,3.584368909441597,0.0,6.199636300353323,True
2018-04-03,10.032351551993736,0.6386983237013028,3.6247054329531734,0.0,6.407646119040563,True
2018-04-04,10.392545490129098,0.6457203840919389,3.681867024549991,0.0,6.710678465579108,True
2018-04-05,10.518943609123868,0.6479835471904167,3.70284121658782,0.0,6.816102392536048,True
2018-04-06,9.91760855068816,0.635982382085084,3.6101842400341067,0.0,6.307424310654053,True
2018-04-09,10.069185610766882,0.6389441886244062,3.635537980586891,0.0,6.4336476301799905,True
2018-04-10,10.574398148552563,0.6486089312211647,3.7157490671128226,0.0,6.85864908143974,True
2018-04-11,10.437611189444834,0.6460576230015452,3.6943129145777727,0.0,6.74329827486706,True
2018-04-12,10.718470941557419,0.6511817924858143,3.7387978211269455,0.0,6.979673120430474,True
2018-04-13,10.595578196388342,0.6489633192180574,3.719436601025685,0.0,6.876141595362657,True
2018-04-16,10.775681890143026,0.6521994847857397,3.7477877131767188,0.0,7.027894176966308,True
2018-04-17,11.305938732485695,0.6613762909476976,3.8284589079123927,0.0,7.477479824573302,True
2018-04-18,11.365777845022956,0.6624695979380111,3.836295565777844,0.0,7.529482279245112,True
2018-04-19,11.125811079801357,0.6583592352845183,3.8010306053833145,0.0,7.324780474418043,True
2018-04-20,10.714400195361893,0.6508555723317484,3.740873124018231,0.0,6.973527071343662,True
2018-04-23,10.65011217278166,0.6496353566268003,3.7314227533012203,0.0,6.918689419480439,True
2018-04-24,10.129978064348666,0.6394499438356427,3.652364160044619,0.0,6.4776139043040475,True
2018-04-25,10.159884998812254,0.6400802796417405,3.656742967644582,0.0,6.503142031167672,True
2018-04-26,10.640124320231706,0.6490899084867477,3.73372699892489,0.0,6.906397321306817,True
2018-04-27,10.658501667865874,0.6494786882918782,3.736031985463551,0.0,6.9224696824023235,True
2018-04-30,10.484497808159832,0.6461893969142335,3.7095264925564275,0.0,6.774971315603405,True
2018-05-01,10.747210069593573,0.650892016362048,3.7519368371293065,0.0,6.995273232464267,True
2018-05-02,10.603115241471354,0.6482345682409479,3.7298094109071553,0.0,6.873305830564198,True
2018-05-03,10.60312476527925,0.6482784175963422,3.72934782086743,0.0,6.87377694441182,True
2018-05-04,11.060596334378044,0.6564281741500669,3.8001092775913428,0.0,7.260487056786702,True
2018-05-07,11.264726129331459,0.6598509436300498,3.831685963158017,0.0,7.433040166173441,True
2018-05-08,11.23622473926558,0.6593368570807456,3.827767634225292,0.0,7.408457105040289,True
2018-05-09,11.526137740070087,0.6642858897897365,3.869487075568566,0.0,7.65665066450152,True
2018-05-10,11.804507137064117,0.6688051421588079,3.909592063145288,0.0,7.89491507391883,True
2018-05-11,11.777184421942199,0.6683497939178248,3.9059056406049133,0.0,7.871278781337285,True
2018-05-14,11.818850603040978,0.6689535052351591,3.912589064286042,0.0,7.906261538754936,True
2018-05-15,11.519760525505916,0.664120108961963,3.8692559100912076,0.0,7.650504615414709,True
2018-05-16,11.686223821206923,0.666715291069394,3.894839704748863,0.0,7.791384116458059,True
2018-05-17,11.583311477501585,0.66504753138915,3.8798587740775496,0.0,7.703452703424036,True
2018-05-18,11.439870293771655,0.6626005207077716,3.859806280289188,0.0,7.580064013482467,True
2018-05-21,11.59390571955798,0.6652145766465994,3.8814706346416306,0.0,7.7124350849163505,True
2018-05-22,11.548651700347376,0.664341689021978,3.8764009238120622,0.0,7.672250776535313,True
2018-05-23,11.774264687186019,0.6679935385527836,3.909131954935546,0.0,7.865132732250474,True
2018-05-24,11.76649332816112,0.6678722068950547,3.9079794616662156,0.0,7.858513866494905,True
2018-05-25,11.79026657538102,0.6682096495260935,3.911896679226454,0.0,7.878369896154567,True
2018-05-29,11.6722837865292,0.666336963539329,3.8946096506439916,0.0,7.777674135885208,True
2018-05-30,11.866109798858256,0.6694367108835277,3.922500284127787,0.0,7.943609514730469,True
2018-05-31,11.846557331388748,0.6691051135085567,3.9199652434842545,0.0,7.926592087904493,True
2018-06-01,12.276840809547599,0.675689723077239,3.981505642681036,0.0,8.295335166866563,True
2018-06-04,12.525534067097906,0.6792581780420258,4.017462617677657,0.0,8.50807144942025,True
2018-06-05,12.625912134916305,0.6808224155066437,4.029908137247943,0.0,8.596003997668364,True
2018-06-06,12.791246107679434,0.6831099896975042,4.053418110844295,0.0,8.73782799683514,True
2018-06-07,12.555477471800613,0.6797844696123027,4.020458877903419,0.0,8.535018593897194,True
2018-06-08,12.550036169616511,0.6796272442100747,4.0206896729232815,0.0,8.52934649669323,True
2018-06-11,12.627525477310371,0.6807354309531188,4.031521479642008,0.0,8.596003997668364,True
2018-06-12,12.784881948190172,0.683006199399371,4.052728318987177,0.0,8.732153629202996,True
2018-06-13,12.774724865003218,0.6827723136568854,4.052496412594827,0.0,8.722228452408391,True
2018-06-14,13.080965895075682,0.687062457466769,4.093525321165992,0.0,8.98744057390969,True
2018-06-15,12.97732489322119,0.6856644789341279,4.079234182351796,0.0,8.898090710869393,True
2018-06-18,12.955112951038,0.6853074367140448,4.076877702221224,0.0,8.878235248816777,True
2018-06-19,12.864141719939507,0.6839798248621662,4.065328319333198,0.0,8.79881340060631,True
2018-06-20,13.077385691922093,0.6869251139264585,4.094201035638271,0.0,8.983184656283822,True
2018-06-21,12.80922261857226,0.6831478515323731,4.058629706894743,0.0,8.750592911677519,True
2018-06-22,12.712280914484595,0.6814402876795319,4.04962055105519,0.0,8.662660363429405,True
2018-06-25,12.0679265555294,0.6719914743470105,3.958382797167759,0.0,8.10954375836164,True
2018-06-26,12.173444468365393,0.6735064241760829,3.974551414570501,0.0,8.198893053794892,True
2018-06-27,11.790361453503694,0.667482581426662,3.920500554565638,0.0,7.869860898938056,True
2018-06-28,12.01696818065393,0.6709464621888862,3.95422589360776,0.0,8.06274228704617,True
2018-06-29,12.06446655526771,0.6713613299049942,3.964850244128856,0.0,8.099616311138854,True
2018-07-02,12.272564762816184,0.674769405943684,3.9914135284053187,0.0,8.281151234410865,True
2018-07-03,11.94130209144629,0.6696158670506948,3.9452167377682072,0.0,7.996085353678083,True
2018-07-05,12.283847990593753,0.6748425311034733,3.99418492093115,0.0,8.289663069662602,True
2018-07-06,12.718979897380546,0.6810813786421241,4.056319533951141,0.0,8.662660363429405,True
2018-07-09,12.996578529827008,0.6850851826306715,4.092815154146607,0.0,8.9037633756804,True
2018-07-10,13.020854976047486,0.6854416371999574,4.0958188235222845,0.0,8.925036152525202,True
2018-07-11,12.86958847842687,0.6833597385756925,4.075029860232339,0.0,8.79455861819453,True
2018-07-12,13.37379292380063,0.6900468430116886,4.145249337639944,0.0,9.228543586160686,True
2018-07-13,13.4042026868073,0.6904915328771398,4.148714226597852,0.0,9.255488460209449,True
2018-07-16,13.331865582887914,0.6895572954049892,4.138780408848865,0.0,9.19308517403905,True
2018-07-17,13.52723425830224,0.6921795805783025,4.163958923006152,0.0,9.36327533529609,True
2018-07-18,13.459813038020044,0.6912211772662732,4.156105224095895,0.0,9.303707813924149,True
2018-07-19,13.30145599318919,0.6891079996863971,4.13531626080595,0.0,9.166139732383241,True
2018-07-20,13.287768268724856,0.6888571980206014,4.134393451183994,0.0,9.153374817540861,True
2018-07-23,13.38035541157828,0.6900261799135711,4.147559881041042,0.0,9.232795530537238,True
2018-07-24,13.515162075135342,0.69185328546243,4.164652789895722,0.0,9.35050928523962,True
2018-07-25,13.963389100149346,0.697576245768628,4.222860553460585,0.0,9.740528546688761,True
2018-07-26,13.473931462989025,0.6913390402759901,4.158876616621726,0.0,9.3150548463673,True
2018-07-27,13.029203598268673,0.6851113861580702,4.102747860523107,0.0,8.926455737745567,True
2018-07-30,12.586880971150077,0.6786518223453076,4.044771262435602,0.0,8.542109708714476,True
2018-07-31,12.788022856178433,0.6812859163574482,4.075722986206919,0.0,8.712299869971515,True
2018-08-01,12.922630552315251,0.6834082301531021,4.091198477635081,0.0,8.83143207468017,True
2018-08-02,13.33002376480934,0.6889079137483219,4.146864902778984,0.0,9.183158862030355,True
2018-08-03,13.42498698239218,0.6901621299451255,4.159569372138811,0.0,9.26541761025337,True
2018-08-06,13.619661396617836,0.6927930409958252,4.184054760321517,0.0,9.435606636296319,True
2018-08-07,13.727091523715343,0.694086702931027,4.199299827187312,0.0,9.52779169652803,True
2018-08-08,13.757702177954545,0.6943980471914206,4.204380651741754,0.0,9.553321526212791,True
2018-08-09,13.746653150839109,0.6943372318971108,4.201840054235785,0.0,9.544813096603324,True
2018-08-10,13.491881846062928,0.6909449947735099,4.169733614450164,0.0,9.322148231612763,True
2018-08-13,13.460312850027192,0.6905634405000438,4.165112898105464,0.0,9.295199951921727,True
2018-08-14,13.658023525984738,0.6931316632435284,4.191214962799697,0.0,9.466808563185042,True
2018-08-15,13.262110435409834,0.6878372414923482,4.139936977150649,0.0,9.122173458259185,True
2018-08-16,13.359416788749988,0.6890908441044258,4.153564997047422,0.0,9.205851791702566,True
2018-08-17,13.358921518823163,0.6890102115449169,4.154488177126873,0.0,9.20443334169629,True
2018-08-20,13.336787119977917,0.68877118185898,4.150792493149104,0.0,9.185994626828812,True
2018-08-21,13.447056023217055,0.6901895631477251,4.16603830092989,0.0,9.281017722287164,True
2018-08-22,13.5710098128853,0.6918278760389855,4.182206918332632,0.0,9.388802894552668,True
2018-08-23,13.51820436077754,0.6910683038315862,4.176201802326252,0.0,9.342002558451288,True
2018-08-24,13.816547734477819,0.6949305328977224,4.215006854550329,0.0,9.60154087992749,True
2018-08-27,14.148832994292132,0.6990586303117978,4.257969180791901,0.0,9.89086381350023,True
2018-08-28,14.199036093665368,0.6996833767081893,4.264206573648126,0.0,9.934829520017242,True
2018-08-29,14.59570821200067,0.7044743914321043,4.3134055518309316,0.0,10.282302660169739,True
2018-08-30,14.529935077688918,0.70366118387379,4.305783759313027,0.0,10.224151318375892,True
2018-08-31,14.565263610051208,0.7039994153357084,4.311326544364689,0.0,10.25393706568652,True
2018-09-04,14.424816258749102,0.7023983676196163,4.292848865390832,0.0,10.13196739335827,True
2018-09-05,13.966596846632639,0.6966037939748045,4.237412494351801,0.0,9.729184352280837,True
2018-09-06,13.66350302629466,0.6926460692371202,4.1995313631221665,0.0,9.463971663172492,True
2018-09-07,13.553729195832796,0.6913496879511483,4.183362745719425,0.0,9.370366450113371,True
2018-09-10,13.65007681307732,0.6924961176248029,4.197451614740932,0.0,9.452625198336387,True
2018-09-11,13.892314565638031,0.6955302998962754,4.2297888495464155,0.0,9.662525716091615,True
2018-09-12,13.796166877719894,0.6943124351556529,4.217316657036435,0.0,9.57885022068346,True
2018-09-13,14.124855098388775,0.6982371252886006,4.2623568793717626,0.0,9.862498219017011,True
2018-09-14,14.03721959233827,0.6972415982570068,4.249886168691765,0.0,9.787333423646505,True
2018-09-17,13.563297103490466,0.6911757735754911,4.188674735751225,0.0,9.37462236773924,True
2018-09-18,13.82060750010103,0.6944185411130122,4.223321402585319,0.0,9.597286097515711,True
2018-09-19,13.79610065315979,0.6941102197374704,4.220086197274788,0.0,9.576014455885002,True
2018-09-20,14.143426508433183,0.6983230296252813,4.266746059781608,0.0,9.876680448651575,True
2018-09-21,13.962672244988049,0.6960884323642726,4.24341761035818,0.0,9.71925463462987,True
2018-09-24,14.058151304809535,0.6973130526139988,4.2552189043433275,0.0,9.802932400466206,True
2018-09-25,14.103648034083655,0.6978792508707793,4.261004709512214,0.0,9.84264332457144,True
2018-09-26,14.096729096025594,0.6975176259388401,4.264012083462849,0.0,9.832717012562744,True
2018-09-27,14.405130254497134,0.7014875605251537,4.300110573222853,0.0,10.105019681274282,True
2018-09-28,14.388605110096412,0.7012090117172507,4.299185540855923,0.0,10.089419569240489,True
2018-10-01,14.455546619666606,0.701984429063409,4.307977979060452,0.0,10.147568640606154,True
2018-10-02,14.3876785958995,0.7012541670284449,4.298259026659011,0.0,10.089419569240489,True
2018-10-03,14.422090174434958,0.7016460019676243,4.302888263526112,0.0,10.119201910908846,True
2018-10-04,13.76225315563428,0.6933439570881743,4.220278094257594,0.0,9.541975061376686,True
2018-10-05,13.3518351907876,0.6877825205906138,4.168676328757246,0.0,9.183158862030355,True
2018-10-08,13.161863386499485,0.6852101156468512,4.143221453308117,0.0,9.018641933191368,True
2018-10-09,13.24478040062334,0.6861674279898502,4.156643498837244,0.0,9.088136901786095,True
2018-10-10,11.883407316582419,0.6655979253020319,3.9738360611461756,0.0,7.909571255436243,True
2018-10-11,11.513596270960303,0.6591379373738406,3.9245481731643856,0.0,7.589048097795917,True
2018-10-12,12.263862717430403,0.6710850082641,4.033768304353832,0.0,8.23009441307657,True
2018-10-15,11.904443326114873,0.6652557890296349,3.9849434882417514,0.0,7.91949983787312,True
2018-10-16,12.702552033669324,0.6771612564209747,4.100875938796997,0.0,8.601676094872326,True
2018-10-17,12.732535959801996,0.6777943646885805,4.102494838053498,0.0,8.6300411217485,True
2018-10-18,12.038930262366808,0.6671308264387743,4.007388766995271,0.0,8.031541495371538,True
2018-10-19,12.002609582696147,0.6664318814148071,4.00368789661256,0.0,7.998921686083587,True
2018-10-22,12.143754734357348,0.6686130981417826,4.024281258344741,0.0,8.119473476012606,True
2018-10-23,12.039592821580598,0.666976156216046,4.009471479036471,0.0,8.030121342544128,True
2018-10-24,10.764044067766005,0.6445598778647653,3.8259731381157978,0.0,6.938070929650207,True
2018-10-25,11.608364016544737,0.6590102808833143,3.9583327854058306,0.0,7.650031231138906,True
2018-10-26,10.912302066835963,0.6465900390541988,3.8565162472692833,0.0,7.055785819566679,True
2018-10-29,10.455677572218658,0.6387468843439817,3.777146099258742,0.0,6.678531472959915,True
2018-10-30,10.776046205300478,0.6437104558298989,3.839392590442454,0.0,6.936653614858023,True
2018-10-31,11.334313595603039,0.6532972327302499,3.9296378886987258,0.0,7.404675706904314,True
2018-11-01,11.709508066063606,0.6599795414936785,3.9814723015064164,0.0,7.728035764557189,True
2018-11-02,11.301439753032165,0.6531895881010669,3.919456975800063,0.0,7.3819827772321025,True
2018-11-05,11.219390634844583,0.6515195744004166,3.9097380233986208,0.0,7.309652611445963,True
2018-11-06,11.403598910320728,0.6545513409010402,3.939357952472655,0.0,7.464240957848073,True
2018-11-07,12.213599232095849,0.6673441256088719,4.0629255320156545,0.0,8.150673700080194,True
2018-11-08,12.048693791323686,0.6649422422438127,4.03700832561181,0.0,8.011685465711876,True
2018-11-09,11.573624041939372,0.6570671048813823,3.968976399716707,0.0,7.604647642222665,True
2018-11-12,10.785533992224561,0.6431441985031757,3.848880377366538,0.0,6.936653614858023,True
2018-11-13,10.785935237340906,0.6428571493389387,3.8521196577095225,0.0,6.933815579631384,True
2018-11-14,10.580685326655715,0.6387065783106886,3.8227320054853338,0.0,6.7579533211703815,True
2018-11-15,11.009214004599068,0.6466954062638988,3.8896058812486696,0.0,7.119608123350398,True
2018-11-16,10.91755774200428,0.6449797433028638,3.875954152072167,0.0,7.041603589932114,True
2018-11-19,10.116590378004204,0.6293145293673621,3.7500730654681043,0.0,6.3665173125361,True
2018-11-20,9.696340888005249,0.620169444851779,3.6829665423974265,0.0,6.013374345607822,True
2018-11-21,9.859071073755715,0.6235989221245329,3.7109649790124903,0.0,6.148106094743225,True
2018-11-23,9.696078809151208,0.6200398580011941,3.6841234811567065,0.0,6.011955327994502,True
2018-11-26,10.193942830736331,0.630243405850414,3.769277582048655,0.0,6.424665248687676,True
2018-11-27,10.2733303864801,0.631861688534772,3.7820065016032025,0.0,6.491323884876898,True
2018-11-28,11.01056463171789,0.6454567450642351,3.903721423209872,0.0,7.1068432085080175,True
2018-11-29,10.932597945874917,0.6440924311672002,3.8909943559428037,0.0,7.041603589932114,True
2018-11-30,11.108328137511233,0.6471812740617975,3.9192261807802,0.0,7.189101956731033,True
2018-12-03,11.545564361950635,0.6546102727208909,3.9877193262575323,0.0,7.557845035693104,True
2018-12-04,10.561518673423123,0.6369115375452505,3.834765576320327,0.0,6.726753097102796,True
2018-12-06,10.686450567470569,0.6386228911340912,3.8618386101109645,0.0,6.824611957359605,True
2018-12-07,9.89095467811628,0.622449196780001,3.7343378833354093,0.0,6.156616794780872,True
2018-12-10,10.122943238457072,0.6272384029947219,3.77344448796104,0.0,6.349498750496032,True
2018-12-11,10.203513609398206,0.6289573324591216,3.785938907920767,0.0,6.417574701477439,True
2018-12-12,10.398513672924793,0.6327109625504044,3.819260077835007,0.0,6.579253595089786,True
2018-12-13,10.401089432147845,0.6326906511116442,3.820417387051783,0.0,6.580672045096062,True
2018-12-14,9.81167932466585,0.6201063778020288,3.727394398492252,0.0,6.084284926173597,True
2018-12-17,9.334363914949527,0.6097289172143773,3.642932312202396,0.0,5.691431602747131,True
2018-12-18,9.452296078104494,0.6121743875961798,3.6658425151131024,0.0,5.786453562991391,True
2018-12-19,8.943897310384372,0.6001936542414827,3.575826900504206,0.0,5.368070409880166,True
2018-12-20,8.676487988347706,0.5938456200479234,3.523993599069003,0.0,5.1524943892787025,True
2018-12-21,8.064812193749376,0.0,8.064812193749376,0.0,0.0,False
2018-12-24,7.864820124032394,0.0,7.864820124032394,0.0,0.0,False
2018-12-26,8.355893563456316,0.0,8.355893563456316,0.0,0.0,False
2018-12-27,8.388227285833672,0.0,8.388227285833672,0.0,0.0,False
2018-12-28,8.383844787311425,0.0,8.383844787311425,0.0,0.0,False
2018-12-31,8.454547463610648,0.0,8.454547463610648,0.0,0.0,False
2019-01-02,8.488526044686713,0.0,8.488526044686713,0.0,0.0,False
2019-01-03,8.211201118234971,0.0,8.211201118234971,0.0,0.0,False
2019-01-04,8.562515813608833,0.0,8.562515813608833,0.0,0.0,False
2019-01-07,8.664457681310902,0.0,8.664457681310902,0.0,0.0,False
2019-01-08,8.742829948755269,0.0,8.742829948755269,0.0,0.0,False
2019-01-09,8.814080328004168,0.0,8.814080328004168,0.0,0.0,False
2019-01-10,8.839289537411538,0.0,8.839289537411538,0.0,0.0,False
2019-01-11,8.806955815034183,0.0,8.806955815034183,0.0,0.0,False
2019-01-14,8.729130375614652,0.0,8.729130375614652,0.0,0.0,False
2019-01-15,8.899577983343361,0.0,8.899577983343361,0.0,0.0,False
2019-01-16,8.897933124644654,0.0,8.897933124644654,0.0,0.0,False
2019-01-17,8.968088097994203,0.0,8.968088097994203,0.0,0.0,False
2019-01-18,9.056872845956292,0.0,9.056872845956292,0.0,0.0,False
2019-01-22,8.875464179835344,0.0,8.875464179835344,0.0,0.0,False
2019-01-23,8.886972941177257,0.0,8.886972941177257,0.0,0.0,False
2019-01-24,8.944521122511022,0.0,8.944521122511022,0.0,0.0,False
2019-01-25,9.051392316760174,0.0,9.051392316760174,0.0,0.0,False
2019-01-28,8.93958829626458,0.0,8.93958829626458,0.0,0.0,False
2019-01-29,8.855188671599256,0.0,8.855188671599256,0.0,0.0,False
2019-01-30,9.080442446213992,0.0,9.080442446213992,0.0,0.0,False
2019-01-31,9.216364644841804,0.0,9.216364644841804,0.0,0.0,False
2019-02-01,9.177450612744778,0.0,9.177450612744778,0.0,0.0,False
2019-02-04,9.291450694588116,0.0,9.291450694588116,0.0,0.0,False
2019-02-05,9.373661257304413,0.0,9.373661257304413,0.0,0.0,False
2019-02-06,9.345710033449304,0.0,9.345710033449304,0.0,0.0,False
2019-02-07,9.220200315339214,0.0,9.220200315339214,0.0,0.0,False
2019-02-08,9.238286761626277,0.0,9.238286761626277,0.0,0.0,False
2019-02-11,9.229516515032744,0.0,9.229516515032744,0.0,0.0,False
2019-02-12,9.36598729153507,0.0,9.36598729153507,0.0,0.0,False
2019-02-13,9.372563226630541,0.0,9.372563226630541,0.0,0.0,False
2019-02-14,9.384072862897295,0.0,9.384072862897295,0.0,0.0,False
2019-02-15,9.423537222718515,0.0,9.423537222718515,0.0,0.0,False
2019-02-19,9.442170497030414,0.0,9.442170497030414,0.0,0.0,False
2019-02-20,9.440525638331707,0.0,9.440525638331707,0.0,0.0,False
2019-02-21,9.405996729531449,0.0,9.405996729531449,0.0,0.0,False
2019-02-22,9.475602250081641,0.0,9.475602250081641,0.0,0.0,False
2019-02-25,9.51013028395706,0.0,9.51013028395706,0.0,0.0,False
2019-02-26,9.519996811374785,0.0,9.519996811374785,0.0,0.0,False
2019-02-27,9.513965079529632,0.0,9.513965079529632,0.0,0.0,False
2019-02-28,9.492045587519677,0.0,9.492045587519677,0.0,0.0,False
2019-03-01,9.5578119378731,0.0,9.5578119378731,0.0,0.0,False
2019-03-04,9.559458546421487,0.0,9.559458546421487,0.0,0.0,False
2019-03-05,9.566581309541792,0.0,9.566581309541792,0.0,0.0,False
2019-03-06,9.512321095755764,0.0,9.512321095755764,0.0,0.0,False
2019-03-07,9.395582499164048,0.0,9.395582499164048,0.0,0.0,False
2019-03-08,9.381333473224075,0.0,9.381333473224075,0.0,0.0,False
2019-03-11,9.576446962034678,0.0,9.576446962034678,0.0,0.0,False
2019-03-12,9.62905969234748,0.0,9.62905969234748,0.0,0.0,False
2019-03-13,9.701405477495733,0.0,9.701405477495733,0.0,0.0,False
2019-03-14,9.684966514681896,0.0,9.684966514681896,0.0,0.0,False
2019-03-15,9.774848418393017,0.0,9.774848418393017,0.0,0.0,False
2019-03-18,9.798126668679085,0.0,9.798126668679085,0.0,0.0,False
2019-03-19,9.831073713369097,0.0,9.831073713369097,0.0,0.0,False
2019-03-20,9.870055989603623,0.0,9.870055989603623,0.0,0.0,False
2019-03-21,10.024343735542374,0.0,10.024343735542374,0.0,0.0,False
2019-03-22,9.804166274847796,0.0,9.804166274847796,0.0,0.0,False
2019-03-25,9.785498003542308,0.0,9.785498003542308,0.0,0.0,False
2019-03-26,9.831073713369097,0.0,9.831073713369097,0.0,0.0,False
2019-03-27,9.76792688798585,0.0,9.76792688798585,0.0,0.0,False
2019-03-28,9.790441328886827,0.0,9.790441328886827,0.0,0.0,False
2019-03-29,9.864565836234267,0.0,9.864565836234267,0.0,0.0,False
2019-04-01,9.99524286044785,0.0,9.99524286044785,0.0,0.0,False
2019-04-02,10.033128855858182,0.0,10.033128855858182,0.0,0.0,False
2019-04-03,10.090781153247875,0.0,10.090781153247875,0.0,0.0,False
2019-04-04,10.086937608426906,0.0,10.086937608426906,0.0,0.0,False
2019-04-05,10.139100627372082,0.0,10.139100627372082,0.0,0.0,False
2019-04-08,10.164907410444995,0.0,10.164907410444995,0.0,0.0,False
2019-04-09,10.129217476382404,0.0,10.129217476382404,0.0,0.0,False
2019-04-10,10.183574806825641,0.0,10.183574806825641,0.0,0.0,False
2019-04-11,10.159417257075638,0.0,10.159417257075638,0.0,0.0,False
2019-04-12,10.203341108805004,0.0,10.203341108805004,0.0,0.0,False
2019-04-15,10.204988592278228,0.0,10.204988592278228,0.0,0.0,False
2019-04-16,10.240127323691784,0.0,10.240127323691784,0.0,0.0,False
2019-04-17,10.275816382829536,0.0,10.275816382829536,0.0,0.0,False
2019-04-18,10.288996250615348,0.0,10.288996250615348,0.0,0.0,False
2019-04-22,10.318096250785034,0.0,10.318096250785034,0.0,0.0,False
2019-04-23,10.449323602722814,0.0,10.449323602722814,0.0,0.0,False
2019-04-24,10.416380057732159,0.0,10.416380057732159,0.0,0.0,False
2019-04-25,10.458658175837975,0.0,10.458658175837975,0.0,0.0,False
2019-04-26,10.46799099910346,0.0,10.46799099910346,0.0,0.0,False
2019-04-29,10.488305004032496,0.0,10.488305004032496,0.0,0.0,False
2019-04-30,10.407043734767312,0.0,10.407043734767312,0.0,0.0,False
2019-05-01,10.373550736977304,0.0,10.373550736977304,0.0,0.0,False
2019-05-02,10.328527979649229,0.0,10.328527979649229,0.0,0.0,False
2019-05-03,10.493249204301856,0.0,10.493249204301856,0.0,0.0,False
2019-05-06,10.429009597793776,0.0,10.429009597793776,0.0,0.0,False
2019-05-07,10.22585467478114,0.0,10.22585467478114,0.0,0.0,False
2019-05-08,10.20004526693371,0.0,10.20004526693371,0.0,0.0,False
2019-05-09,10.145141108465634,0.0,10.145141108465634,0.0,0.0,False
2019-05-10,10.15776889867757,0.0,10.15776889867757,0.0,0.0,False
2019-05-13,9.805268680145867,0.0,9.805268680145867,0.0,0.0,False
2019-05-14,9.912881810659115,0.0,9.912881810659115,0.0,0.0,False
2019-05-15,10.05289778261206,0.0,10.05289778261206,0.0,0.0,False
2019-05-16,10.153924478931762,0.0,10.153924478931762,0.0,0.0,False
2019-05-17,10.050149643690444,0.0,10.050149643690444,0.0,0.0,False
2019-05-20,9.880488593392657,0.0,9.880488593392657,0.0,0.0,False
2019-05-21,9.983714850759462,0.0,9.983714850759462,0.0,0.0,False
2019-05-22,9.939239796381061,0.0,9.939239796381061,0.0,0.0,False
2019-05-23,9.787147236865215,0.0,9.787147236865215,0.0,0.0,False
2019-05-24,9.782204786445533,0.0,9.782204786445533,0.0,0.0,False
2019-05-28,9.745416821709071,0.0,9.745416821709071,0.0,0.0,False
2019-05-29,9.66525358311776,0.0,9.66525358311776,0.0,0.0,False
2019-05-30,9.70588509267519,0.0,9.70588509267519,0.0,0.0,False
2019-05-31,9.551048768861925,0.0,9.551048768861925,0.0,0.0,False
2019-06-03,9.340757083931548,0.0,9.340757083931548,0.0,0.0,False
2019-06-04,9.603760365681618,0.0,9.603760365681618,0.0,0.0,False
2019-06-05,9.67513935888196,0.0,9.67513935888196,0.0,0.0,False
2019-06-06,9.752007630526817,0.0,9.752007630526817,0.0,0.0,False
2019-06-07,9.940336952130092,0.0,9.940336952130092,0.0,0.0,False
2019-06-10,10.056191874633672,0.0,10.056191874633672,0.0,0.0,False
2019-06-11,10.069915070744965,0.0,10.069915070744965,0.0,0.0,False
2019-06-12,10.011716820255275,0.0,10.011716820255275,0.0,0.0,False
2019-06-13,10.071014851268513,0.0,10.071014851268513,0.0,0.0,False
2019-06-14,10.028188155288182,0.0,10.028188155288182,0.0,0.0,False
2019-06-17,10.088586841749812,0.0,10.088586841749812,0.0,0.0,False
2019-06-18,10.235184873272106,0.0,10.235184873272106,0.0,0.0,False
2019-06-19,10.273622071331472,0.0,10.273622071331472,0.0,0.0,False
2019-06-20,10.36915861428182,0.0,10.36915861428182,0.0,0.0,False
2019-06-21,10.353785309922783,0.0,10.353785309922783,0.0,0.0,False
2019-06-24,10.354116906437046,0.0,10.354116906437046,0.0,0.0,False
2019-06-25,10.1763741753946,0.0,10.1763741753946,0.0,0.0,False
2019-06-26,10.223699734900865,0.0,10.223699734900865,0.0,0.0,False
2019-06-27,10.262768628694525,0.0,10.262768628694525,0.0,0.0,False
2019-06-28,10.275975619150369,0.0,10.275975619150369,0.0,0.0,False
2019-07-01,10.414645081774957,0.0,10.414645081774957,0.0,0.0,False
2019-07-02,10.455917911239915,0.0,10.455917911239915,0.0,0.0,False
2019-07-03,10.534608651325948,0.0,10.534608651325948,0.0,0.0,False
2019-07-05,10.513146745007175,0.0,10.513146745007175,0.0,0.0,False
2019-07-08,10.439408954438896,0.0,10.439408954438896,0.0,0.0,False
2019-07-09,10.491687463462924,0.0,10.491687463462924,0.0,0.0,False
2019-07-10,10.596239231961928,0.0,10.596239231961928,0.0,0.0,False
2019-07-11,10.588539018447394,0.0,10.588539018447394,0.0,0.0,False
2019-07-12,10.649618396434343,0.0,10.649618396434343,0.0,0.0,False
2019-07-15,10.683736090559925,0.0,10.683736090559925,0.0,0.0,False
2019-07-16,10.628707692764607,0.0,10.628707692764607,0.0,0.0,False
2019-07-17,10.576430058665421,0.0,10.576430058665421,0.0,0.0,False
2019-07-18,10.588539018447394,0.0,10.588539018447394,0.0,0.0,False
2019-07-19,10.510947183960075,0.0,10.510947183960075,0.0,0.0,False
2019-07-22,10.594589998639023,0.0,10.594589998639023,0.0,0.0,False
2019-07-23,10.663924292488897,0.0,10.663924292488897,0.0,0.0,False
2019-07-24,10.738763613430402,0.0,10.738763613430402,0.0,0.0,False
2019-07-25,10.636962608627533,0.0,10.636962608627533,0.0,0.0,False
2019-07-26,10.746469076493975,0.0,10.746469076493975,0.0,0.0,False
2019-07-29,10.709600618672257,0.0,10.709600618672257,0.0,0.0,False
2019-07-30,10.663373964764702,0.0,10.663373964764702,0.0,0.0,False
2019-07-31,10.515901008402672,0.0,10.515901008402672,0.0,0.0,False
2019-08-01,10.463621624453806,0.0,10.463621624453806,0.0,0.0,False
2019-08-02,10.309542110626914,0.0,10.309542110626914,0.0,0.0,False
2019-08-05,9.945257529428778,0.0,9.945257529428778,0.0,0.0,False
2019-08-06,10.084478194702402,0.0,10.084478194702402,0.0,0.0,False
2019-08-07,10.138956264773526,0.0,10.138956264773526,0.0,0.0,False
2019-08-08,10.359619308754159,0.0,10.359619308754159,0.0,0.0,False
2019-08-09,10.262218300970328,0.0,10.262218300970328,0.0,0.0,False
2019-08-12,10.144458667090637,0.0,10.144458667090637,0.0,0.0,False
2019-08-13,10.366772694243855,0.0,10.366772694243855,0.0,0.0,False
2019-08-14,10.056963558342323,0.0,10.056963558342323,0.0,0.0,False
2019-08-15,10.045406676134224,0.0,10.045406676134224,0.0,0.0,False
2019-08-16,10.206640450375655,0.0,10.206640450375655,0.0,0.0,False
2019-08-19,10.368975754990316,0.0,10.368975754990316,0.0,0.0,False
2019-08-20,10.288634031731698,0.0,10.288634031731698,0.0,0.0,False
2019-08-21,10.379977059925183,0.0,10.379977059925183,0.0,0.0,False
2019-08-22,10.346413193223153,0.0,10.346413193223153,0.0,0.0,False
2019-08-23,10.018994445072215,0.0,10.018994445072215,0.0,0.0,False
2019-08-26,10.170318820578773,0.0,10.170318820578773,0.0,0.0,False
2019-08-27,10.14885953903452,0.0,10.14885953903452,0.0,0.0,False
2019-08-28,10.1851811688314,0.0,10.1851811688314,0.0,0.0,False
2019-08-29,10.340909915981202,0.0,10.340909915981202,0.0,0.0,False
2019-08-30,10.316147793166936,0.0,10.316147793166936,0.0,0.0,False
2019-09-03,10.215996021686973,0.0,10.215996021686973,0.0,0.0,False
2019-09-04,10.363471602823523,0.0,10.363471602823523,0.0,0.0,False
2019-09-05,10.553318919023745,0.0,10.553318919023745,0.0,0.0,False
2019-09-06,10.542864442113714,0.0,10.542864442113714,0.0,0.0,False
2019-09-09,10.520851333145908,0.0,10.520851333145908,0.0,0.0,False
2019-09-10,10.490584183240014,0.0,10.490584183240014,0.0,0.0,False
2019-09-11,10.589086721397072,0.0,10.589086721397072,0.0,0.0,False
2019-09-12,10.633106814858808,0.0,10.633106814858808,0.0,0.0,False
2019-09-13,10.595140326363218,0.0,10.595140326363218,0.0,0.0,False
2019-09-16,10.547813891932114,0.0,10.547813891932114,0.0,0.0,False
2019-09-17,10.598441417783551,0.0,10.598441417783551,0.0,0.0,False
2019-09-18,10.594039670914826,0.0,10.594039670914826,0.0,0.0,False
2019-09-19,10.611646658389715,0.0,10.611646658389715,0.0,0.0,False
2019-09-20,10.499389426827136,0.0,10.499389426827136,0.0,0.0,False
2019-09-23,10.504022153853546,0.0,10.504022153853546,0.0,0.0,False
2019-09-24,10.364519762781528,0.0,10.364519762781528,0.0,0.0,False
2019-09-25,10.480862893345684,0.0,10.480862893345684,0.0,0.0,False
2019-09-26,10.442263834190964,0.0,10.442263834190964,0.0,0.0,False
2019-09-27,10.312689215275453,0.0,10.312689215275453,0.0,0.0,False
2019-09-30,10.410838283797256,0.0,10.410838283797256,0.0,0.0,False
2019-10-01,10.32591982870197,0.0,10.32591982870197,0.0,0.0,False
2019-10-02,10.148372205898786,0.0,10.148372205898786,0.0,0.0,False
2019-10-03,10.259754512621628,0.0,10.259754512621628,0.0,0.0,False
2019-10-04,10.410838283797256,0.0,10.410838283797256,0.0,0.0,False
2019-10-07,10.379409233704187,0.0,10.379409233704187,0.0,0.0,False
2019-10-08,10.223916716261119,0.0,10.223916716261119,0.0,0.0,False
2019-10-09,10.32371589303067,0.0,10.32371589303067,0.0,0.0,False
2019-10-10,10.403667399810766,0.0,10.403667399810766,0.0,0.0,False
2019-10-11,10.537657764392435,0.0,10.537657764392435,0.0,0.0,False
2019-10-14,10.536553609244685,0.0,10.536553609244685,0.0,0.0,False
2019-10-15,10.670543973826355,0.0,10.670543973826355,0.0,0.0,False
2019-10-16,10.644077497424284,0.0,10.644077497424284,0.0,0.0,False
2019-10-17,10.672196706848618,0.0,10.672196706848618,0.0,0.0,False
2019-10-18,10.569637142209697,0.0,10.569637142209697,0.0,0.0,False
2019-10-21,10.66337571461438,0.0,10.66337571461438,0.0,0.0,False
2019-10-22,10.578459009368775,0.0,10.578459009368775,0.0,0.0,False
2019-10-23,10.598863131556303,0.0,10.598863131556303,0.0,0.0,False
2019-10-24,10.701971274069741,0.0,10.701971274069741,0.0,0.0,False
2019-10-25,10.787437432114706,0.0,10.787437432114706,0.0,0.0,False
2019-10-28,10.893857165146553,0.0,10.893857165146553,0.0,0.0,False
2019-10-29,10.809493412399657,0.0,10.809493412399657,0.0,0.0,False
2019-10-30,10.861876037479611,0.0,10.861876037479611,0.0,0.0,False
2019-10-31,10.866839486095445,0.0,10.866839486095445,0.0,0.0,False
2019-11-01,10.965537132491761,0.0,10.965537132491761,0.0,0.0,False
2019-11-04,11.03335955621857,0.0,11.03335955621857,0.0,0.0,False
2019-11-05,11.039422785357953,0.0,11.039422785357953,0.0,0.0,False
2019-11-06,11.014609041978144,0.0,11.014609041978144,0.0,0.0,False
2019-11-07,11.05155624303544,0.0,11.05155624303544,0.0,0.0,False
2019-11-08,11.095664703905989,0.0,11.095664703905989,0.0,0.0,False
2019-11-11,11.08077873268269,0.0,11.08077873268269,0.0,0.0,False
2019-11-12,11.11275898542479,0.0,11.11275898542479,0.0,0.0,False
2019-11-13,11.115517623444482,0.0,11.115517623444482,0.0,0.0,False
2019-11-14,11.106693131510886,0.0,11.106693131510886,0.0,0.0,False
2019-11-15,11.188300871012606,0.0,11.188300871012606,0.0,0.0,False
2019-11-18,11.197120113397164,0.0,11.197120113397164,0.0,0.0,False
2019-11-19,11.21366581704145,0.0,11.21366581704145,0.0,0.0,False
2019-11-20,11.146396345813356,0.0,11.146396345813356,0.0,0.0,False
2019-11-21,11.121579977659028,0.0,11.121579977659028,0.0,0.0,False
2019-11-22,11.128749986720681,0.0,11.128749986720681,0.0,0.0,False
2019-11-25,11.260532915931693,0.0,11.260532915931693,0.0,0.0,False
2019-11-26,11.282036818642771,0.0,11.282036818642771,0.0,0.0,False
2019-11-27,11.360885920124796,0.0,11.360885920124796,0.0,0.0,False
2019-11-29,11.309056247543559,0.0,11.309056247543559,0.0,0.0,False
2019-12-02,11.193261694853918,0.0,11.193261694853918,0.0,0.0,False
2019-12-03,11.10559072621282,0.0,11.10559072621282,0.0,0.0,False
2019-12-04,11.161830894911171,0.0,11.161830894911171,0.0,0.0,False
2019-12-05,11.183889499970647,0.0,11.183889499970647,0.0,0.0,False
2019-12-06,11.303540721353853,0.0,11.303540721353853,0.0,0.0,False
2019-12-09,11.252264876196168,0.0,11.252264876196168,0.0,0.0,False
2019-12-10,11.242888306688696,0.0,11.242888306688696,0.0,0.0,False
2019-12-11,11.302434816356419,0.0,11.302434816356419,0.0,0.0,False
2019-12-12,11.386801193877835,0.0,11.386801193877835,0.0,0.0,False
2019-12-13,11.424294348035126,0.0,11.424294348035126,0.0,0.0,False
2019-12-16,11.538986495426691,0.0,11.538986495426691,0.0,0.0,False
2019-12-17,11.545601802139954,0.0,11.545601802139954,0.0,0.0,False
2019-12-18,11.554423669299032,0.0,11.554423669299032,0.0,0.0,False
2019-12-19,11.626657464067797,0.0,11.626657464067797,0.0,0.0,False
2019-12-20,11.673522813108361,0.0,11.673522813108361,0.0,0.0,False
2019-12-23,11.704358664160084,0.0,11.704358664160084,0.0,0.0,False
2019-12-24,11.710435017172065,0.0,11.710435017172065,0.0,0.0,False
2019-12-26,11.813771515068677,0.0,11.813771515068677,0.0,0.0,False
2019-12-27,11.803826244415374,0.0,11.803826244415374,0.0,0.0,False
2019-12-30,11.726461890386389,0.0,11.726461890386389,0.0,0.0,False
2019-12-31,11.748565116612685,0.0,11.748565116612685,0.0,0.0,False
2020-01-02,11.944735514629693,0.0,11.944735514629693,0.0,0.0,False
2020-01-03,11.835321788796263,0.0,11.835321788796263,0.0,0.0,False
2020-01-06,11.91157848797814,0.0,11.91157848797814,0.0,0.0,False
2020-01-07,11.90992050540684,0.0,11.90992050540684,0.0,0.0,False
2020-01-08,11.999442815008829,0.0,11.999442815008829,0.0,0.0,False
2020-01-09,12.101117830634776,0.0,12.101117830634776,0.0,0.0,False
2020-01-10,12.070171739053244,0.0,12.070171739053244,0.0,0.0,False
2020-01-13,12.209424776545937,0.0,12.209424776545937,0.0,0.0,False
2020-01-14,12.161349406452015,0.0,12.161349406452015,0.0,0.0,False
2020-01-15,12.166320729391408,0.0,12.166320729391408,0.0,0.0,False
2020-01-16,12.282917588159089,0.0,12.282917588159089,0.0,0.0,False
2020-01-17,12.34370386632472,0.0,12.34370386632472,0.0,0.0,False
2020-01-21,12.338176966112094,0.0,12.338176966112094,0.0,0.0,False
2020-01-22,12.370778415490415,0.0,12.370778415490415,0.0,0.0,False
2020-01-23,12.410567372427176,0.0,12.410567372427176,0.0,0.0,False
2020-01-24,12.306128469232494,0.0,12.306128469232494,0.0,0.0,False
2020-01-27,12.051936555543426,0.0,12.051936555543426,0.0,0.0,False
2020-01-28,12.237054902984863,0.0,12.237054902984863,0.0,0.0,False
2020-01-29,12.256947194141144,0.0,12.256947194141144,0.0,0.0,False
2020-01-30,12.30060156901987,0.0,12.30060156901987,0.0,0.0,False
2020-01-31,12.105537076000292,0.0,12.105537076000292,0.0,0.0,False
2020-02-03,12.28844536329655,0.0,12.28844536329655,0.0,0.0,False
2020-02-04,12.56971445092583,0.0,12.56971445092583,0.0,0.0,False
2020-02-05,12.611157890734539,0.0,12.611157890734539,0.0,0.0,False
2020-02-06,12.720015164369897,0.0,12.720015164369897,0.0,0.0,False
2020-02-07,12.665309613840439,0.0,12.665309613840439,0.0,0.0,False
2020-02-10,12.818375964702918,0.0,12.818375964702918,0.0,0.0,False
2020-02-11,12.820586024848094,0.0,12.820586024848094,0.0,0.0,False
2020-02-12,12.94547192154745,0.0,12.94547192154745,0.0,0.0,False
2020-02-13,12.928895595533776,0.0,12.928895595533776,0.0,0.0,False
2020-02-14,12.965918915052129,0.0,12.965918915052129,0.0,0.0,False
2020-02-18,12.970890237991515,0.0,12.970890237991515,0.0,0.0,False
2020-02-19,13.095222307267319,0.0,13.095222307267319,0.0,0.0,False
2020-02-20,12.97365325063541,0.0,12.97365325063541,0.0,0.0,False
2020-02-21,12.72443528466025,0.0,12.72443528466025,0.0,0.0,False
2020-02-24,12.233736313067736,0.0,12.233736313067736,0.0,0.0,False
2020-02-25,11.901078514976447,0.0,11.901078514976447,0.0,0.0,False
2020-02-26,11.962417745640796,0.0,11.962417745640796,0.0,0.0,False
2020-02-27,11.363410953212279,0.0,11.363410953212279,0.0,0.0,False
2020-02-28,11.372254693492351,0.0,11.372254693492351,0.0,0.0,False
2020-03-02,11.95910265542303,0.0,11.95910265542303,0.0,0.0,False
2020-03-03,11.575606474593926,0.0,11.575606474593926,0.0,0.0,False
2020-03-04,12.058567610903799,0.0,12.058567610903799,0.0,0.0,False
2020-03-05,11.69220245843677,0.0,11.69220245843677,0.0,0.0,False
2020-03-06,11.49493315482105,0.0,11.49493315482105,0.0,0.0,False
2020-03-09,10.696440874157759,0.0,10.696440874157759,0.0,0.0,False
2020-03-10,11.278867840873243,0.0,11.278867840873243,0.0,0.0,False
2020-03-11,10.787615041857167,0.0,10.787615041857167,0.0,0.0,False
2020-03-12,9.798487137713057,0.0,9.798487137713057,0.0,0.0,False
2020-03-13,10.628471463057874,0.0,10.628471463057874,0.0,0.0,False
2020-03-16,9.35530883386607,0.0,9.35530883386607,0.0,0.0,False
2020-03-17,10.064834382200607,0.0,10.064834382200607,0.0,0.0,False
2020-03-18,9.758700805550813,0.0,9.758700805550813,0.0,0.0,False
2020-03-19,9.817271774022231,0.0,9.817271774022231,0.0,0.0,False
2020-03-20,9.432671438045379,0.0,9.432671438045379,0.0,0.0,False
2020-03-23,9.439483602847579,0.0,9.439483602847579,0.0,0.0,False
2020-03-24,10.170453559004093,0.0,10.170453559004093,0.0,0.0,False
2020-03-25,10.095141778649129,0.0,10.095141778649129,0.0,0.0,False
2020-03-26,10.62675311067263,0.0,10.62675311067263,0.0,0.0,False
2020-03-27,10.261270757368893,0.0,10.261270757368893,0.0,0.0,False
2020-03-30,10.634504944752708,0.0,10.634504944752708,0.0,0.0,False
2020-03-31,10.543691246087267,0.0,10.543691246087267,0.0,0.0,False
2020-04-01,10.095695606072683,0.0,10.095695606072683,0.0,0.0,False
2020-04-02,10.300587254892196,0.0,10.300587254892196,0.0,0.0,False
2020-04-03,10.154395188495542,0.0,10.154395188495542,0.0,0.0,False
2020-04-06,10.88038157276491,0.0,10.88038157276491,0.0,0.0,False
2020-04-07,10.875948328601956,0.0,10.875948328601956,0.0,0.0,False
2020-04-08,11.106870741253353,0.0,11.106870741253353,0.0,0.0,False
2020-04-09,11.122928236837064,0.0,11.122928236837064,0.0,0.0,False
2020-04-13,11.243097413725392,0.0,11.243097413725392,0.0,0.0,False
2020-04-14,11.732069283684266,0.0,11.732069283684266,0.0,0.0,False
2020-04-15,11.597506718257408,0.0,11.597506718257408,0.0,0.0,False
2020-04-16,11.809043421234733,0.0,11.809043421234733,0.0,0.0,False
2020-04-17,11.922013716541697,0.0,11.922013716541697,0.0,0.0,False
2020-04-20,11.780801722332829,0.0,11.780801722332829,0.0,0.0,False
2020-04-21,11.346098815408386,0.0,11.346098815408386,0.0,0.0,False
2020-04-22,11.682786517311506,0.0,11.682786517311506,0.0,0.0,False
2020-04-23,11.65786603310125,0.0,11.65786603310125,0.0,0.0,False
2020-04-24,11.841716614449906,0.0,11.841716614449906,0.0,0.0,False
2020-04-27,11.93696618205282,0.0,11.93696618205282,0.0,0.0,False
2020-04-28,11.712138495835035,0.0,11.712138495835035,0.0,0.0,False
2020-04-29,12.127460942634444,0.0,12.127460942634444,0.0,0.0,False
2020-04-30,12.122474745972779,0.0,12.122474745972779,0.0,0.0,False
2020-05-01,11.780801722332829,0.0,11.780801722332829,0.0,0.0,False
2020-05-04,11.91813604965198,0.0,11.91813604965198,0.0,0.0,False
2020-05-05,12.053253317427234,0.0,12.053253317427234,0.0,0.0,False
2020-05-06,12.127460942634444,0.0,12.127460942634444,0.0,0.0,False
2020-05-07,12.283621027730236,0.0,12.283621027730236,0.0,0.0,False
2020-05-08,12.451967940918735,0.0,12.451967940918735,0.0,0.0,False
2020-05-11,12.561577432223636,0.06997444532556617,10.050618603404542,1.631969415585095,0.8789894132339986,True
2020-05-12,12.29804585019064,0.199857595240867,9.840187980409615,-2.220446049250313e-16,2.4578578697810247,True
2020-05-13,12.081810366902868,0.19573062602540509,9.71703006026874,-2.220456887142043e-16,2.3647803066341275,True
2020-05-14,12.27053607476785,0.19911090889896474,9.827338484243288,-2.2204670201796086e-16,2.4431975905245618,True
2020-05-15,12.37626793880319,0.20079828969716743,9.891134503857621,-2.220476272125237e-16,2.4851334349455683,True
2020-05-18,12.70443902064442,0.20693646875332752,10.075427272220281,-2.2204853478814396e-16,2.629011748424139,True
2020-05-19,12.65907209918873,0.20608897219334738,10.050176941345445,-2.220494599903434e-16,2.608895157843286,True
2020-05-20,13.012496634360653,0.21222966738467608,10.250858801806075,-2.2205049974575756e-16,2.7616378325545785,True
2020-05-21,12.815962603064271,0.20886012184749067,10.139219092195384,-2.2205153950604044e-16,2.6767435108688873,True
2020-05-22,12.87516951836884,0.20977981136256418,10.17421888554439,-2.2205250877862823e-16,2.7009506328244517,True
2020-05-26,12.836449665709086,0.20953607037298033,10.146750445215847,-2.2205347805544697e-16,2.689699220493239,True
2020-05-27,12.92967060463503,0.2109522972336855,10.202126888112415,-2.2205451782967587e-16,2.727543716522615,True
2020-05-28,12.898994219758892,0.2101059698097202,10.188838529646475,-2.220557074074972e-16,2.7101556901124173,True
2020-05-29,13.160117357846381,0.21443464951806404,10.3381322046,-2.220569234268168e-16,2.8219851532463798,True
2020-06-01,13.225906618845036,0.21599740272891924,10.369145140439286,-2.2205805133505287e-16,2.85676147840575,True
2020-06-02,13.352394208556017,0.21821545988728774,10.438695365739608,-2.22059179249018e-16,2.913698842816409,True
2020-06-03,13.438902240215922,0.21975365663724383,10.485654331738026,-2.2206045697044913e-16,2.9532479084778966,True
2020-06-04,13.305357522305602,0.21744942729625197,10.41211514910837,-2.2206176113505447e-16,2.893242373197231,True
2020-06-05,13.683296990029941,0.2239764786067039,10.618560314473324,-2.2206299481151047e-16,3.0647366755566168,True
2020-06-08,13.83388591583936,0.2264674726262139,10.700960735879844,-2.2206427255489626e-16,3.1329251799595164,True
2020-06-09,13.981306974571433,0.2290786408236093,10.77848817589896,-2.2206562080224016e-16,3.2028187986724728,True
2020-06-10,14.226246360369672,0.23325886625793496,10.90784826324377,-2.2206707480338654e-16,3.318398097125903,True
2020-06-11,13.197199619057411,0.21442635619657963,10.36737219274404,-2.2206852881405314e-16,2.8298274263133694,True
2020-06-12,13.340968477042622,0.21671564308147143,10.449771914210691,-2.220698770872386e-16,2.8911965628319303,True
2020-06-15,13.570055334334757,0.2205693247956335,10.576917391801155,-2.220711989317976e-16,2.9931379425336018,True
2020-06-16,13.909889455224791,0.2265536025299413,10.758553888350372,-2.220725648459285e-16,3.151335566874419,True
2020-06-17,13.974683474223717,0.22769895445935245,10.792662658242586,-2.220739748304357e-16,3.1820208159811316,True
2020-06-18,14.028472524996388,0.22857578919988022,10.821903346326502,-2.2207542888628103e-16,3.206569178669886,True
2020-06-19,14.022268115717093,0.22836079661156422,10.820131798511001,-2.22076662638669e-16,3.202136317206093,True
2020-06-22,14.265905514386548,0.23244313932265126,10.949893651342217,-2.2207792283566266e-16,3.316011863044331,True
2020-06-23,14.44569747233298,0.23554494569874057,11.043086445631875,-2.220791566019059e-16,3.402611026701106,True
2020-06-24,14.017564519778663,0.2284374231121181,10.81542820257257,-2.2208039037500335e-16,3.202136317206093,True
2020-06-25,14.205415914042533,0.23139283466240232,10.918384458133831,-2.2208158009142766e-16,3.2870314559087026,True
2020-06-26,13.711302596213564,0.22249948660990976,10.660544807802923,-2.2208272575033053e-16,3.0507577884106407,True
2020-06-29,13.925083143210694,0.22608605573751328,10.776816019545254,-2.220838978536169e-16,3.1482671236654394,True
2020-06-30,14.317367969056157,0.23253631558401797,10.988059972671204,-2.2208499946025307e-16,3.329307996384953,True
2020-07-01,14.564608606378622,0.23675866233778034,11.116311355259096,-2.220861892013689e-16,3.448297251119526,True
2020-07-02,14.71335411109775,0.23934717469360148,11.191754374340018,-2.220873348840489e-16,3.5215997367577327,True
2020-07-06,15.247276149842115,0.24793775457004794,11.466900737940815,-2.2208850701166123e-16,3.7803754119012996,True
2020-07-07,15.093954845151123,0.24553207287956055,11.38790482407068,-2.2208963508032186e-16,3.7060500210804417,True
2020-07-08,15.386466127238528,0.25012658246652836,11.537901938595356,-2.220908689116331e-16,3.8485641886431727,True
2020-07-09,15.579802712092755,0.2531938302144394,11.63509278943268,-2.220920586841924e-16,3.944709922660076,True
2020-07-10,15.74277462524619,0.25587874793461296,11.714533165121399,-2.220931427049849e-16,4.028241460124791,True
2020-07-13,15.252909789917236,0.24777916973152672,11.473556466181668,-2.2209420029135513e-16,3.7793533237355685,True
2020-07-14,15.414238550287852,0.2503837181220425,11.554764190046656,-2.2209530194909466e-16,3.859474360241195,True
2020-07-15,15.456854570279368,0.25092864032111745,11.578287069317916,-2.220964741187554e-16,3.8785675009614518,True
2020-07-16,15.294672831655912,0.24815028855756074,11.499295355087014,-2.2209757578777385e-16,3.7953774765688992,True
2020-07-17,15.325714682821781,0.2488044799403275,11.512608211448466,-2.2209848356754897e-16,3.8131064713733145,True
2020-07-20,15.976916225020219,0.2589788801471309,11.839232352859955,-2.220994089778683e-16,4.137683872160262,True
2020-07-21,15.721261262623896,0.2547758824712508,11.715863050877802,-2.2210033439204353e-16,4.005398211746094,True
2020-07-22,15.808901378370866,0.25629651776412615,11.757135005417918,-2.221013038776249e-16,4.051766372952947,True
2020-07-23,15.184383205878817,0.2459334810282492,11.450034986790154,-2.221021852320185e-16,3.7343482190886634,True
2020-07-24,14.96519175639729,0.242154105909297,11.341309126865722,-2.221030930306338e-16,3.623882629531568,True
2020-07-27,15.362233936240209,0.24856812552070642,11.543672242898396,-2.221039567648619e-16,3.8185616933418123,True
2020-07-28,15.071806509722057,0.24383436357724517,11.396782161464598,-2.2210477643424554e-16,3.6750243482574585,True
2020-07-29,15.328290094274514,0.24791742547268628,11.528139877203497,-2.221056842434519e-16,3.800150217071017,True
2020-07-30,15.450356403747794,0.24995290143617105,11.588494992408107,-2.2210647747807003e-16,3.8618614113396865,True
2020-07-31,15.865473886975526,0.25654303104108284,11.795297127107673,-2.2210722664675195e-16,4.070176759867851,True
2020-08-03,16.176516459356726,0.26098929453444714,11.95461884060434,-2.2210795819036743e-16,4.221897618752385,True
2020-08-04,16.275782529054876,0.26277009371586385,11.998993628596105,-2.221086456673951e-16,4.27678890045877,True
2020-08-05,16.339610635518437,0.26383025014059025,12.028727074349758,-2.2210943891258973e-16,4.310883561168678,True
2020-08-06,16.663944052245135,0.2685978451442835,12.188044588207193,-2.221102762299085e-16,4.475899464037942,True
2020-08-07,16.377002789493083,0.26437285088914697,12.047367873015283,-2.221110518530911e-16,4.329634916477799,True
2020-08-10,16.26722264615409,0.2625730306727607,11.995888695324844,-2.221118274789822e-16,4.271333950829245,True
2020-08-11,15.797595666499788,0.2550339265093972,11.76867281426451,-2.221126031075819e-16,4.0289228522352785,True
2020-08-12,16.39499116721243,0.26412436193239647,12.06467458628517,-2.221134845068137e-16,4.33031658092726,True
2020-08-13,16.45285261170552,0.265039789282398,12.092192022404737,-2.2211436590954314e-16,4.360660589300783,True
2020-08-14,16.4260321631765,0.2647045906897084,12.077986042766879,-2.221151591751672e-16,4.348046120409621,True
2020-08-17,16.709805844196364,0.26879921229228815,12.21822319571931,-2.2211593481540136e-16,4.491582648477055,True
2020-08-18,16.95935773972709,0.2726240767973929,12.335828492857273,-2.2211668401598305e-16,4.623529246869818,True
2020-08-19,16.786017491200365,0.27005679408818634,12.252839422018575,-2.2211756543140894e-16,4.533178069181791,True
2020-08-20,17.142482240036774,0.2753203155240213,12.422808620844917,-2.2211840277936335e-16,4.719673619191856,True
2020-08-21,17.327108718738277,0.2780733688392298,12.508901225075133,-2.221191784309244e-16,4.818207493663143,True
2020-08-24,17.494536358507776,0.28051803958738264,12.587003315728987,-2.2211995408519406e-16,4.907533042778789,True
2020-08-25,17.70806141170535,0.28360477643389814,12.685970613960915,-2.221207032993328e-16,5.0220907977444345,True
2020-08-26,18.3002760419985,0.2919955672100275,12.95667655901507,-2.221215406591165e-16,5.3435994829834295,True
2020-08-27,18.2114786119225,0.2907608929833765,12.916292828172253,-2.2212236039339307e-16,5.295185783750248,True
2020-08-28,18.35898684796802,0.29288172091163567,12.981975185741062,-2.2212319775942373e-16,5.377011662226959,True
2020-08-31,18.58771680423376,0.2959725949763818,13.086262026998595,-2.221240351286111e-16,5.501454777235165,True
2020-09-01,19.097093406856214,0.30303907880291897,13.309927813029208,-2.2212487250095527e-16,5.787165593827004,True
2020-09-02,19.38644120240306,0.3069401936278255,13.435963185983011,-2.2212575394887514e-16,5.950478016420049,True
2020-09-03,17.791506220227276,0.2830985557355295,12.754756504921243,-2.221266354002928e-16,5.036749715306032,True
2020-09-04,17.413904154339146,0.27731385250796514,12.5847873060949,-2.2212751685520834e-16,4.829116848244247,True
2020-09-08,16.126459518341512,0.25712705542675396,11.979910467931612,-2.2212842475736163e-16,4.146549050409902,True
2020-09-09,16.83466924143505,0.26747389811517175,12.331834635948836,-2.221293767363496e-16,4.502834605486215,True
2020-09-10,16.32833262745737,0.2598154611463998,12.085979356102726,-2.2213030227539046e-16,4.242353271354643,True
2020-09-11,16.1517216931901,0.2569147865935296,12.002105561266085,-2.221312101889286e-16,4.1496161319240175,True
2020-09-14,16.574511342114388,0.26325894298720764,12.21112300565987,-2.2213211810617767e-16,4.363388336454518,True
2020-09-15,16.933060063597093,0.2686378899546384,12.384198537637216,-2.2213299958284993e-16,4.548861525959878,True
2020-09-16,16.5170326832578,0.26217279241183616,12.18671610233054,-2.2213388106302016e-16,4.33031658092726,True
2020-09-17,16.127196378616656,0.2561428052534929,11.996331057323815,-2.221347625466883e-16,4.130865321292842,True
2020-09-18,15.814534505121753,0.251117356279312,11.84323040940762,-2.221355118107762e-16,3.971304095714132,True
2020-09-21,15.889982291256347,0.2528859911682591,11.8716283698859,-2.221362434475531e-16,4.018353921370446,True
2020-09-22,16.330113249312504,0.25951572791977945,12.092192022404737,-2.2213694864196097e-16,4.237921226907769,True
2020-09-23,15.568457858830666,0.24700558351011898,11.722961841057499,-2.2213772435828533e-16,3.845496017773166,True
2020-09-24,15.679299224895232,0.24884729330640667,11.777548051838814,-2.2213850007731855e-16,3.9017511730564185,True
2020-09-25,16.226545202418883,0.25730601431486483,12.051357530284488,-2.221393198741835e-16,4.175187672134395,True
2020-09-28,16.724368508061417,0.26444720334240884,12.301656028436723,-2.221401132289289e-16,4.422712479624696,True
2020-09-29,16.62252478483518,0.2632779705492982,12.246180194078361,-2.221408889563042e-16,4.3763445907568155,True
2020-09-30,16.79299999841013,0.26576211577193903,12.330056788674488,-2.221416382410566e-16,4.462943209735645,True
2020-10-01,17.197708288294955,0.27166069070080473,12.525766976225794,-2.221423875283364e-16,4.671941312069162,True
2020-10-02,16.460076613083743,0.2604286886165985,12.1734004462096,-2.221431191877595e-16,4.286676166874141,True
2020-10-05,16.99005796691876,0.26821828575371154,12.43301374417562,-2.221438684800345e-16,4.557044222743139,True
2020-10-06,16.52336989572747,0.26097865733688136,12.21112300565987,-2.2214461777483687e-16,4.3122468900676,True
2020-10-07,16.961335229395328,0.26760706682586033,12.422362059206714,-2.2214539351794233e-16,4.538973170188615,True
2020-10-08,17.094285979668882,0.26943493319888057,12.488488178654238,-2.2214616926375673e-16,4.605797801014646,True
2020-10-09,17.490019285414668,0.2750543050370583,12.67931418578019,-2.221469450122801e-16,4.810705099634479,True
2020-10-12,18.33011329787539,0.28692598081218157,13.07072756148408,-2.2214776484031087e-16,5.259385736391308,True
2020-10-13,18.330352017463053,0.2869594764381229,13.070283799605365,-2.221485582252168e-16,5.260068217857688,True
2020-10-14,18.09128464154603,0.28357129775531825,12.961115577681964,-2.2214937805920115e-16,5.130169063864065,True
2020-10-15,17.898272057804057,0.28070512013024723,12.87413544969432,-2.2215025960436532e-16,5.024136608109735,True
2020-10-16,17.750653509376072,0.278698651583902,12.803570311579902,-2.2215109707557155e-16,4.947083197796169,True
2020-10-19,17.295813027364613,0.271815089149025,12.594550067426631,-2.2215189047237837e-16,4.7012629599379805,True
2020-10-20,17.35322542098386,0.27266434706910797,12.621619542028252,-2.2215268387201877e-16,4.731605878955611,True
2020-10-21,17.331192231253645,0.27230282763162617,12.611859580456008,-2.221535213523641e-16,4.719332650797639,True
2020-10-22,17.333132993052907,0.27241007013143914,12.611413018817803,-2.2215431475782905e-16,4.721719974235104,True
2020-10-23,17.385601629884338,0.2731763471409183,12.636266483785338,-2.221550640878669e-16,4.749335146098999,True
2020-10-26,16.97960831840516,0.266957663045515,12.446771762295532,-2.2215579578904216e-16,4.532836556109628,True
2020-10-27,17.183852275097923,0.2700146851499929,12.543959813373368,-2.22156501045521e-16,4.639892461724554,True
2020-10-28,16.150317484418732,0.25358059142157086,12.054910425073693,-2.2215729446162766e-16,4.095407059345039,True
2020-10-29,16.56943314127118,0.25973871213315075,12.265709916381056,-2.22158087880568e-16,4.303723224890123,True
2020-10-30,15.958994419506757,0.2509165348167457,11.95461884060434,-2.2215881959170257e-16,4.004375578902417,True
2020-11-02,15.986983461128585,0.2505625227886836,11.981244553327246,-2.2215955130524716e-16,4.005738907801338,True
2020-11-03,16.39572460022594,0.2566056915887726,12.188488350085912,-2.2216028302120177e-16,4.2072362501400296,True
2020-11-04,17.508498002477516,0.2727778014319799,12.732568410985486,-2.2216107645081554e-16,4.775929591492028,True
2020-11-05,18.20900634200684,0.28252440305857474,13.064517694941557,-2.221618081717934e-16,5.144488647065284,True
2020-11-06,18.236152347246716,0.2830573792213213,13.074274856754315,-2.2216255752710667e-16,5.161877490492402,True
2020-11-09,17.653966287843165,0.27454705658362,12.807121806489366,-2.221632892529627e-16,4.846844481353798,True
2020-11-10,17.163029536786816,0.2671639299415788,12.577687116035458,-2.221640650612702e-16,4.58534242075136,True
2020-11-11,17.752603063145685,0.2756528436940426,12.859047545818006,-2.221648585043912e-16,4.8935555173276795,True
2020-11-12,17.620645442879727,0.2736537959177983,12.798688930914036,-2.22165651950346e-16,4.821956511965691,True
2020-11-13,17.859412812443022,0.27707778406059386,12.91096628574793,-2.2216640131862437e-16,4.948446526695091,True
2020-11-16,18.074027631929585,0.2800881963492883,13.01170583173523,-2.221671330571405e-16,5.062321800194356,True
2020-11-17,17.986048375269036,0.27886127589597837,12.970435977014725,-2.221677942688723e-16,5.015612398254312,True
2020-11-18,17.773927068332927,0.2756481017280984,12.87457781169329,-2.221684995634415e-16,4.899349256639637,True
2020-11-19,17.99604342664636,0.27899062865181956,12.975315957800849,-2.221691607792403e-16,5.020727468845513,True
2020-11-20,17.805346326764237,0.27625329236489976,12.886560782298343,-2.221696897534208e-16,4.918785544465894,True
2020-11-23,17.806809959912023,0.27628793852972716,12.887003144297315,-2.2217020109634285e-16,4.919806815614707,True
2020-11-24,18.1890270522302,0.281541362668448,13.068063590332047,-2.2217081823579297e-16,5.120963461898154,True
2020-11-25,18.365844181507985,0.28408440365750215,13.148394289537682,-2.221715235399621e-16,5.217449891970301,True
2020-11-27,18.629510358616084,0.2877136743463033,13.269545482066134,-2.2217222884637027e-16,5.3599648765499515,True
2020-11-30,18.684197494317235,0.2883496141275728,13.296616356547498,-2.221728724405158e-16,5.387581137769738,True
2020-12-01,19.066335176968778,0.29367506695044676,13.467027917372812,-2.221735336693291e-16,5.599307259595964,True
2020-12-02,19.106143080867252,0.2942408850614224,13.484334630642701,-2.221742389821186e-16,5.621808450224552,True
2020-12-03,19.148067779506846,0.2947896807635238,13.503414991547706,-2.22174900214999e-16,5.6446527879591395,True
2020-12-04,19.272311844434864,0.2964804340366527,13.558448463907093,-2.221755614498473e-16,5.713863380527771,True
2020-12-07,19.44590973739509,0.29881306386894746,13.635217869045062,-2.221762226866636e-16,5.810691868350027,True
2020-12-08,19.54525273969676,0.30001546226295206,13.681374703950405,-2.2217683984284034e-16,5.863878035746354,True
2020-12-09,18.842725372147626,0.290356715929462,13.371613513930091,-2.2217743936767884e-16,5.471111858217535,True
2020-12-10,18.963587830911116,0.2920479910847475,13.425310101134363,-2.2217805652723525e-16,5.538277729776755,True
2020-12-11,18.894990056043895,0.29105125668719883,13.395579455140194,-2.22178673688506e-16,5.499410600903701,True
2020-12-14,19.109460030649586,0.2939221681461802,13.492766106338287,-2.2217924676839726e-16,5.616693924311297,True
2020-12-15,19.428254330756765,0.2980842805516243,13.636997116199154,-2.2217977576659204e-16,5.791257214557609,True
2020-12-16,19.600424599317115,0.30042339625138986,13.71199847322098,-2.2218039293263846e-16,5.888426126096135,True
2020-12-17,19.810758050845273,0.30332608488282725,13.801638372721428,-2.2218105418383415e-16,6.009119678123847,True
2020-12-18,19.703584804537662,0.30165366898955903,13.759926156001953,-2.2218175952049837e-16,5.94365864853571,True
2020-12-21,19.655676904703462,0.30126143025521934,13.734179567758016,-2.221824648594017e-16,5.921497336945447,True
2020-12-22,19.73973424300044,0.30234486493554075,13.771526959437006,-2.221831525670452e-16,5.968207283563437,True
2020-12-23,19.58036917052271,0.3002088061664717,13.7021699175413,-2.2218384027681735e-16,5.878199252981411,True
2020-12-24,19.71720401577849,0.30199865496688194,13.76263492330578,-2.22184501538273e-16,5.954569092472707,True
2020-12-28,20.03457246586887,0.30613198605661807,13.901349007097197,-2.221851628016967e-16,6.133223458771673,True
2020-12-29,20.06508234333178,0.3065670252281642,13.913789738378396,-2.2218586815140413e-16,6.151292604953386,True
2020-12-30,20.064512143984253,0.30652478367347974,13.914241899535572,-2.221866616723934e-16,6.150270244448681,True
2020-12-31,20.146815278991202,0.3076587259143202,13.94847175902561,-2.221872788575673e-16,6.198343519965593,True
2021-01-04,19.67881227790914,0.30120180608160696,13.751518478262007,-2.2218785195965445e-16,5.927293799647135,True
2021-01-05,19.940833720464486,0.30469862326033786,13.864889139175636,-2.2218845151420815e-16,6.07594458128885,True
2021-01-06,19.497496976715187,0.29873936872179924,13.672827038236102,-2.221891392403818e-16,5.824669938479084,True
2021-01-07,20.248995168709214,0.3084297908902126,14.003601823087306,-2.2218982696868413e-16,6.245393345621909,True
2021-01-08,20.671121486489604,0.3138418462386687,14.183658555345891,-2.2219053233319844e-16,6.48746293114371,True
2021-01-11,20.17943860501027,0.307279650577767,13.978707761607211,-2.22191237699952e-16,6.200730843403058,True
2021-01-12,20.130272245693163,0.3066921251208925,13.956476271399406,-2.2219194306894484e-16,6.173795974293758,True
2021-01-13,20.344536364187988,0.30936107251929706,14.050728774654953,-2.2219264844017693e-16,6.293807589533037,True
2021-01-14,20.173596980628865,0.30723338815199075,13.975594429057487,-2.221933538136483e-16,6.198002551571377,True
2021-01-15,19.912194554062047,0.3036985902517096,13.864889139175636,-2.2219401510341807e-16,6.047305414886413,True
2021-01-19,20.376665063515716,0.3096429411763889,14.06717456188254,-2.2219467639515594e-16,6.309490501633176,True
2021-01-20,21.14369930180156,0.3192112672980162,14.394392252305304,-2.221953200543281e-16,6.749307049496257,True
2021-01-21,21.426595076788942,0.32282551155453054,14.509543560252768,-2.221959813499498e-16,6.9170515165361754,True
2021-01-22,21.322068384609942,0.32146591552295894,14.467750150508166,-2.2219662501290217e-16,6.854318234101774,True
2021-01-25,21.631907479176142,0.3256561081909121,14.587344676761756,-2.2219724222575206e-16,7.044562802414387,True
2021-01-26,21.660748240136208,0.3255688639313,14.608683043693157,-2.2219785944031643e-16,7.052065196443052,True
2021-01-27,20.684813627497597,0.3134363459359505,14.201441227728598,-2.2219845902187447e-16,6.483372399768999,True
2021-01-28,20.864306878553215,0.31531536166672003,14.285470409216774,-2.221989880658127e-16,6.578836469336442,True
2021-01-29,20.153950388760606,0.30609497604464625,13.98492742730794,-2.2219947302391895e-16,6.169022961452667,True
2021-02-01,20.956855163546788,0.31600529297200763,14.334378007818255,-2.221998962610141e-16,6.622477155728533,True
2021-02-02,21.511191165292146,0.32276045492224104,14.56822931886316,-2.222003194989154e-16,6.942961846428986,True
2021-02-03,21.37361340700572,0.3211053831798954,14.510431084010198,-2.2220076037257176e-16,6.863182322995522,True
2021-02-04,21.78797533187972,0.32614018887686397,14.682040941896018,-2.222011130721835e-16,7.105934389983705,True
2021-02-05,21.91209502804257,0.3276847309487532,14.731836064254928,-2.222013775973122e-16,7.180258963787644,True
2021-02-08,22.151262178900133,0.3304880568068623,14.830534585576087,-2.222015804001572e-16,7.3207275933240465,True
2021-02-09,22.144737762528496,0.33043145454463857,14.82741985314662,-2.222017567506139e-16,7.317317909381876,True
2021-02-10,22.059127426540027,0.3293645723331344,14.793632355655557,-2.222020477291033e-16,7.26549507088447,True
2021-02-11,22.257769816086842,0.33169441101319164,14.874991966472724,-2.222023563430598e-16,7.382777849614119,True
2021-02-12,22.466376017758947,0.33419927572028885,14.958129424564241,-2.2220266495744495e-16,7.508246593194707,True
2021-02-16,22.363186210735066,0.3329361585866604,14.917672899974757,-2.222029735722587e-16,7.445513310760307,True
2021-02-17,22.18795915930175,0.3308941060177619,14.846094248925986,-2.222032821875011e-16,7.341864910375765,True
2021-02-18,22.02417547131794,0.32886553485984465,14.781183225095893,-2.222035908031721e-16,7.242992246222045,True
2021-02-19,21.86424553967886,0.32690486226398213,14.716717363024255,-2.2220379360803713e-16,7.147528176654602,True
2021-02-22,20.929102431545886,0.31505588553245767,14.335265531575685,-2.2220399641308724e-16,6.593836899970202,True
2021-02-23,20.82777898113826,0.3137730522713275,14.29258319819391,-2.2220421685356317e-16,6.535195782944351,True
2021-02-24,21.103108586095274,0.3171433289791088,14.410398477293407,-2.2220441965899957e-16,6.692710108801869,True
2021-02-25,19.9017924241761,0.30116770700808415,13.908015234436125,-2.222046665528068e-16,5.993777189739976,True
2021-02-26,20.050042685643902,0.3034301198127579,13.966255831288061,-2.222049575351067e-16,6.083786854355839,True
2021-03-01,21.000683364602434,0.31495607595608593,14.386390539690998,-2.222052661531046e-16,6.614292824911435,True
2021-03-02,20.452869289993075,0.30788915919382925,14.155652561195815,-2.2220551304785235e-16,6.297216728797259,True
2021-03-03,19.49587566327127,0.2949868121564899,13.744849451163587,-2.222058216666218e-16,5.751026212107686,True
2021-03-04,18.986570845222367,0.2879234651510705,13.519891576129652,-2.2220613028581986e-16,5.4666792690927135,True
2021-03-05,19.43498488624095,0.29387605059635047,13.723508284472699,-2.2220637718152776e-16,5.711476601768252,True
2021-03-08,18.558187763637445,0.2814524222879275,13.334940864287509,-2.2220662407751e-16,5.2232468993499355,True
2021-03-09,19.69919392320266,0.29637289033117653,13.860886882988739,-2.2220693269782253e-16,5.838307040213921,True
2021-03-10,19.609852093877734,0.29518478693110684,13.821322081795916,-2.222072413185637e-16,5.788530012081818,True
2021-03-11,20.329806848866195,0.3044870007155751,14.13964493632797,-2.2220750585098796e-16,6.190161912538225,True
2021-03-12,20.060993103218017,0.30088505001435123,14.024940190018707,-2.222077527482243e-16,6.036052913199308,True
2021-03-15,20.403794471270054,0.3052877228706791,14.174766519214666,-2.2220797319242674e-16,6.229027952055387,True
2021-03-16,20.58388096978851,0.3075859184901887,14.252569035603397,-2.222081054590745e-16,6.3313119341851145,True
2021-03-17,20.72234765171211,0.30938055694133115,14.311256194093533,-2.2220817600133354e-16,6.411091457618578,True
2021-03-18,19.695516924461415,0.2956319803701192,13.872892251669686,-2.2220824654361495e-16,5.8226246727917275,True
2021-03-19,19.818745986583494,0.29754406963707797,13.921795650631937,-2.2220827299697787e-16,5.8969503359515585,True
2021-03-22,20.39417665203892,0.3045623922733339,14.182877422448973,-2.2220831708591993e-16,6.211299229589945,True
2021-03-23,20.25115328136719,0.30270645123524853,14.120998538143471,-2.222083611748708e-16,6.130154743223721,True
2021-03-24,19.703429313914,0.29540940437399665,13.882850996165521,-2.2220844935278987e-16,5.82057831774848,True
2021-03-25,19.64802281019926,0.29464603155209496,13.858810861329008,-2.2220858161972104e-16,5.7892119488702525,True
2021-03-26,20.111612728733533,0.3005686220700932,14.066693003250746,-2.2220871388673094e-16,6.044919725482785,True
2021-03-29,20.1041940997296,0.3005098797900077,14.062685147544876,-2.222088461538196e-16,6.041508952184724,True
2021-03-30,19.947502025124276,0.2985632983094409,13.99191002746892,-2.2220891669631375e-16,5.955591997655356,True
2021-03-31,20.4289174442042,0.30461191236938717,14.206025833888825,-2.222090313279001e-16,6.222891610315374,True
2021-04-01,20.987470890329146,0.3115805088268286,14.448184031332138,-2.2220914595954563e-16,6.539286858997008,True
2021-04-05,21.668694887940468,0.3199109624448958,14.73664185141464,-2.22209216502135e-16,6.932053036525828,True
2021-04-06,21.642092173809143,0.31954801723506865,14.726404530849834,-2.222093487695228e-16,6.915687642959308,True
2021-04-07,21.728845705670956,0.3206258504659507,14.762016071646785,-2.2220948103698937e-16,6.9668296340241715,True
2021-04-08,22.100388969630448,0.3250780399869282,14.916037840434255,-2.222095692153529e-16,7.184351129196193,True
2021-04-09,22.320993039870018,0.3277000332898601,15.006402877641879,-2.2220961330455217e-16,7.31459016222814,True
2021-04-12,22.272764501013857,0.3271238081007856,14.986812960510209,-2.222096397580778e-16,7.285951540503647,True
2021-04-13,22.697282562402947,0.33200108471048806,15.161760131704725,-2.2220972793650427e-16,7.535522430698224,True
2021-04-14,22.25064544772989,0.32677476673279443,14.979695971893841,-2.222098602041965e-16,7.27094947583605,True
2021-04-15,22.79883586223039,0.33300459894350487,15.206718669549563,-2.2220999247196745e-16,7.592117192680828,True
2021-04-16,22.84869032771155,0.33368068271539275,15.224523740008168,-2.222100806505339e-16,7.624166587703382,True
2021-04-19,22.50138397214132,0.32958824541963205,15.085192309249832,-2.2221015119341998e-16,7.416191662891488,True
2021-04-20,22.229140900271375,0.3263239986657576,14.975238754790283,-2.2221028346136414e-16,7.253902145481094,True
2021-04-21,22.540774555323686,0.3299500909218088,15.10344394134664,-2.2221041572938704e-16,7.437330613977045,True
2021-04-22,22.08800304346831,0.32445766364434026,14.921381181415503,-2.2221053036174673e-16,7.166621862052804,True
2021-04-23,22.545876921635724,0.3298451731567901,15.109228244447113,-2.222106626299166e-16,7.436648677188613,True
2021-04-26,22.79154263376225,0.33275215997626467,15.207607593186736,-2.2221079489816523e-16,7.583935040575514,True
2021-04-27,22.626111091966933,0.330785100860332,15.141730652333573,-2.2221086544127805e-16,7.48438043963336,True
2021-04-28,22.49786322422882,0.3292458266001236,15.09053565023108,-2.222109536201909e-16,7.40732757399774,True
2021-04-29,22.62649442228138,0.3306589654378821,15.144841185123807,-2.222110241633541e-16,7.481653237157571,True
2021-04-30,22.38675946492587,0.32792531513106266,15.045574312626755,-2.222110947065397e-16,7.341185152299115,True
2021-05-03,22.186618499009935,0.32547419983573606,14.965446595983938,-2.222111211602417e-16,7.221171903025998,True
2021-05-04,21.536815829367224,0.31762724594623065,14.696136331034129,-2.222111652497489e-16,6.840679498333096,True
2021-05-05,21.407622806066904,0.3158173839042816,14.646723375845218,-2.222112534287807e-16,6.760899430221686,True
2021-05-06,21.66598671217691,0.3188808758878233,14.757117892423995,-2.222113239720391e-16,6.9088688197529144,True
2021-05-07,21.95484193178524,0.32238790642754234,14.876866405449375,-2.222113945153199e-16,7.077975526335862,True
2021-05-10,21.047264507470068,0.31101933576964413,14.50115828058872,-2.2221146505862306e-16,6.546106226881347,True
2021-05-11,20.994498951970748,0.3102419526797521,14.481124601578335,-2.222115091481985e-16,6.5133743503924135,True
2021-05-12,20.123957142934636,0.29902882919893675,14.106313799633313,-2.222115973273668e-16,6.017643343301325,True
2021-05-13,20.3598485572414,0.30179371468062965,14.215374230816458,-2.222116855065701e-16,6.14447432642494,True
2021-05-14,21.07326139865203,0.3105385162440376,14.529202071491873,-2.222117560499657e-16,6.544059327160154,True
2021-05-17,20.874656036001657,0.30820115942650067,14.441062843076544,-2.2221180013959883e-16,6.433593192925112,True
2021-05-18,20.642155509583855,0.30513197562171634,14.343573817853837,-2.2221184422924077e-16,6.298581691730019,True
2021-05-19,20.6818099325877,0.30566781874492216,14.360046202796552,-2.2221193240854204e-16,6.321763729791148,True
2021-05-20,21.325074444646592,0.31358651155982464,14.637818740796304,-2.222119764982102e-16,6.68725570385029,True
2021-05-21,21.1335930700113,0.31120072899235257,14.556803500396054,-2.2221200295201715e-16,6.576789569615247,True
2021-05-24,21.707774596191097,0.318141341357626,14.801634068269863,-2.2221202940582725e-16,6.906140527921234,True
2021-05-25,21.761667560761158,0.3188888550230194,14.822114308918449,-2.222120558596405e-16,6.9395532518427085,True
2021-05-26,21.88353585700851,0.3203224757384372,14.873747473380682,-2.2221214403902574e-16,7.0097883836278285,True
2021-05-27,21.746065613926262,0.31858461587812364,14.818103653453091,-2.222121881287359e-16,6.927961960473171,True
2021-05-28,21.86031023887863,0.3200077548755528,14.86484143845202,-2.222122322184548e-16,6.995468800426608,True
2021-06-01,21.742709672673495,0.31860234965824835,14.815431283022596,-2.2221230276202394e-16,6.927278389650899,True
2021-06-02,21.807787602606208,0.31930884197404186,14.844368197202153,-2.222123909415072e-16,6.963419405404054,True
2021-06-03,21.434436703191132,0.31465879556569126,14.689902666535966,-2.222125232107846e-16,6.744534036655168,True
2021-06-04,22.029435240522034,0.32185347972450584,14.939184851994362,-2.2221265548014066e-16,7.090250388527672,True
2021-06-07,22.136682754244614,0.3231280497486722,14.983699627960487,-2.222127877495755e-16,7.152983126284128,True
2021-06-08,22.151986094605522,0.32327418624253007,14.99082081621608,-2.2221294647298847e-16,7.161165278389442,True
2021-06-09,22.163735919129522,0.3234720732716668,14.994386309922982,-2.2221312283246587e-16,7.169349609206539,True
2021-06-10,22.539546057929435,0.327820105652327,15.150629687863516,-2.2221329919208324e-16,7.3889163700659175,True
2021-06-11,22.637804861054512,0.32898766563980086,15.19024628460685,-2.222134755518406e-16,7.447558576447661,True
2021-06-14,22.992027362589283,0.33299438374814627,15.33581137986335,-2.2221363427574483e-16,7.656215982725935,True
2021-06-15,22.75003820813999,0.3303020397390786,15.235654183849377,-2.2221376654576227e-16,7.514384024290613,True
2021-06-16,22.613932693836407,0.3287318942123254,15.18001176380153,-2.2221394290589053e-16,7.433920930034876,True
2021-06-17,23.08420442186555,0.3340573179340446,15.37275700605593,-2.2221418981027915e-16,7.711447415809618,True
2021-06-18,22.779462413591673,0.33044408633927125,15.252123769032602,-2.222144367149421e-16,7.527338644559071,True
2021-06-21,23.011993353051427,0.33309063710142855,15.346913826109688,-2.222146836198794e-16,7.665079526941739,True
2021-06-22,23.369166964032402,0.3371618868423673,15.48997453650492,-2.2221494816116347e-16,7.879192427527482,True
2021-06-23,23.3903793597377,0.3374391647331015,15.497549285797435,-2.2221528324718563e-16,7.892830073940267,True
2021-06-24,23.631441370683554,0.3401430996202181,15.593369654365793,-2.2221563596984955e-16,8.03807171631776,True
2021-06-25,23.587044734774175,0.3397136997855533,15.574202500916686,-2.222160151473365e-16,8.01284223385749,True
2021-06-28,24.060117125268476,0.34482403606809153,15.763610429862391,-2.222163943254705e-16,8.296506695406084,True
2021-06-29,24.210584138982817,0.3465395284049009,15.820659729052537,-2.2221674704989804e-16,8.389924409930279,True
2021-06-30,24.14880436452676,0.3459013111097444,15.795701273104235,-2.2221709977488545e-16,8.353103091422525,True
2021-07-01,24.159132760038865,0.34592274920649063,15.80193913724163,-2.2221745250043274e-16,8.357193622797237,True
2021-07-02,24.624185784160133,0.3509094150265116,15.98332715513636,-2.2221780522653994e-16,8.640858629023775,True
2021-07-06,24.809183699817602,0.35296518357106943,16.052405620963096,-2.2221814031687037e-16,8.756778078854504,True
2021-07-07,24.898968483595638,0.35393812309624306,16.08627431147929,-2.2221849304406934e-16,8.81269417211635,True
2021-07-08,24.64907162725933,0.3513297336588944,15.989119857515298,-2.2221887222643146e-16,8.659951769744032,True
2021-07-09,24.895508167247407,0.35374081246047107,16.088950881549014,-2.222192514094406e-16,8.806557285698391,True
2021-07-12,25.068810703532552,0.35570189289741205,16.15178728359912,-2.2221963059309675e-16,8.917023419933432,True
2021-07-13,25.06403714601352,0.35557918345297007,16.15178728359912,-2.222200097773999e-16,8.912249862414397,True
2021-07-14,25.14141855678062,0.3564104205739375,16.180754995133043,-2.2222040659886167e-16,8.960663561647578,True
2021-07-15,24.842297530172395,0.35323586159791565,16.06710715803018,-2.222208034210321e-16,8.775190372142218,True
2021-07-16,24.496688479724465,0.34942331694107537,15.936974337066914,-2.222211385158836e-16,8.559714142657551,True
2021-07-19,24.160861919464843,0.34578513766798774,15.806394954465448,-2.2222147361124047e-16,8.354466964999393,True
2021-07-20,24.619960621200534,0.35052645993988657,15.9900129807917,-2.222218263437304e-16,8.629947640408833,True
2021-07-21,24.940470697503613,0.35392323698875744,16.113458576219884,-2.2222222316843605e-16,8.827012121283731,True
2021-07-22,25.23246097085213,0.35717827742739466,16.2199740260292,-2.222226199938503e-16,9.01248694482293,True
2021-07-23,25.721215418244768,0.36202934860319497,16.409380555095158,-2.2222299918325443e-16,9.311834863149608,True
2021-07-26,25.77300592638671,0.3628099534872335,16.422302845008154,-2.222233960100544e-16,9.350703081378555,True
2021-07-27,25.28658332034683,0.35770818134523313,16.241365588390856,-2.2222374874559575e-16,9.04521773195597,True
2021-07-28,25.447846914268347,0.3593267248216031,16.303755428802763,-2.222241455737343e-16,9.144091485465584,True
2021-07-29,25.521821206698668,0.3600485166125571,16.33272733997591,-2.222245424025814e-16,9.189093866722757,True
2021-07-30,25.298961415339612,0.35777576061141125,16.247606252287735,-2.222248951399424e-16,9.051355163051875,True
2021-08-02,25.297569463985106,0.3576875770387479,16.248943137442858,-2.2222524787786327e-16,9.048626326542248,True
2021-08-03,25.553573963236083,0.3602682857465839,16.34743167680248,-2.222255829794168e-16,9.206142286433604,True
2021-08-04,25.622884520022293,0.361076828228192,16.371054647475404,-2.222259798108307e-16,9.251829872546889,True
2021-08-05,25.900602808662068,0.36391858332249055,16.47489212733525,-2.222263766429533e-16,9.42571068132682,True
2021-08-06,25.70566581421953,0.3619034710921151,16.40269612931956,-2.222267558387676e-16,9.302969684899969,True
2021-08-09,25.78574743904067,0.3627099324982775,16.433000726008597,-2.2222713503522894e-16,9.352746713032072,True
2021-08-10,25.56172772703991,0.3604201039672418,16.348767162077856,-2.222275318694144e-16,9.212960564962051,True
2021-08-11,25.48387891040978,0.3595678495037475,16.32069537357983,-2.2222797279706355e-16,9.163183536829948,True
2021-08-12,25.63816678200428,0.36112749949884065,16.379519720284836,-2.2222836963274503e-16,9.258647061719444,True
2021-08-13,25.788397020688645,0.3626197794284419,16.43701418123344,-2.222287488319601e-16,9.351382839455205,True
2021-08-16,25.811893869977155,0.36292383458098004,16.444142368887753,-2.2222914566902733e-16,9.367751501089401,True
2021-08-17,25.420896361136712,0.35882250651491865,16.299306610977663,-2.2222965714879235e-16,9.12158975015905,True
2021-08-18,24.998766435257366,0.3542709185591523,16.14243048739303,-2.222302127229442e-16,8.856335947864332,True
2021-08-19,25.20290200327539,0.3564066873854591,16.220419187787655,-2.222306977491995e-16,8.982482815487733,True
2021-08-20,25.6484492894275,0.36103589853727974,16.38843835413119,-2.222310769523871e-16,9.260010935296311,True
2021-08-23,26.306103888047023,0.36769231321742174,16.6335516977132,-2.222314561562218e-16,9.672552190333821,True
2021-08-24,26.4523715380667,0.36926809343057926,16.684354733487492,-2.22231808904557e-16,9.76801680457921,True
2021-08-25,26.48244221242384,0.36926067643938215,16.703517687297367,-2.2223223220324434e-16,9.778924525126476,True
2021-08-26,26.2106768462899,0.366767638376511,16.597448799126255,-2.2223262904653186e-16,9.613228047163643,True
2021-08-27,26.65295273504602,0.3712221491535712,16.758786339453682,-2.2223300825301493e-16,9.894166395592338,True
2021-08-30,27.169011718767518,0.3762430905273732,16.946858783124007,-2.2223338746014507e-16,10.22215293564351,True
2021-08-31,27.126556518127977,0.37577625973797274,16.93304057017512,-2.222337225739725e-16,10.193515947952855,True
2021-09-01,27.210544786781455,0.37667118790830406,16.961116558312376,-2.222340753259052e-16,10.24942822846908,True
2021-09-02,27.188202492769776,0.37645403913663317,16.953093847501915,-2.222344280783978e-16,10.23510864526786,True
2021-09-03,27.33239874388215,0.37783597672277575,17.005235168311067,-2.2223478083145036e-16,10.327163575571081,True
2021-09-07,27.39873840013363,0.3784641156681812,17.02929910110322,-2.222351335850628e-16,10.369439299030413,True
2021-09-08,27.233094378165728,0.3768600307776423,16.970029592639754,-2.222354422449719e-16,10.263064785525973,True
2021-09-09,27.064932863960507,0.3751453553268218,16.911649007813466,-2.222357949996342e-16,10.153283856147041,True
2021-09-10,26.708145406484626,0.3716039141358863,16.783294034124545,-2.222361301170921e-16,9.924851372360079,True
2021-09-13,26.674053908996648,0.3712351078472592,16.77170862936667,-2.2223646523505534e-16,9.902345279629976,True
2021-09-14,26.54113362182447,0.3698829159222642,16.724021725901594,-2.222368003535239e-16,9.81711189592288,True
2021-09-15,26.882992746345188,0.3732706546633742,16.84836044460618,-2.2223710901574793e-16,10.034632301739009,True
2021-09-16,26.914357117727135,0.37357044883606966,16.85994864912354,-2.2223741767840066e-16,10.054408468603592,True
2021-09-17,26.359434947186557,0.3679572633405856,16.660289400815596,-2.2223768224674914e-16,9.699145546370959,True
2021-09-20,25.418530149318407,0.35810469456468697,16.316035173913452,-2.222379291775148e-16,9.102494975404955,True
2021-09-21,25.450200694682163,0.3581146001489361,16.336112249195885,-2.222381496516542e-16,9.114088445486278,True
2021-09-22,25.869405262604044,0.36261777285302726,16.488699141246183,-2.2223832603113413e-16,9.38070612135786,True
2021-09-23,26.28202754819542,0.36683567350722274,16.64084227141777,-2.222385465056672e-16,9.641185276777648,True
2021-09-24,26.324913210565512,0.3672741255749663,16.656453730318184,-2.2223876698041905e-16,9.668459480247327,True
2021-09-27,25.958755458800866,0.3634710732563314,16.523498751791863,-2.222389874553896e-16,9.435256707009001,True
2021-09-28,24.70428430765706,0.35007528578101954,16.055924918638457,-2.2223920793057885e-16,8.648359389018601,True
2021-09-29,24.620681780952097,0.34893759958906584,16.029600180060424,-2.222394725010586e-16,8.591081600891671,True
2021-09-30,24.464957552557905,0.3472008113981505,15.970704439488491,-2.2223973707185327e-16,8.494253113069416,True
2021-10-01,24.718792311994893,0.34989738462797415,16.069751530865805,-2.2223998400490205e-16,8.649040781129088,True
2021-10-04,23.84962984292511,0.3403478792105677,15.732458905928487,-2.222402309382252e-16,8.117170936996626,True
2021-10-05,24.37430502713555,0.3458344578671371,15.94483046218789,-2.2224047787182274e-16,8.429474564947657,True
2021-10-06,24.642856154207692,0.34881728056457856,16.047002085152876,-2.2224078653915445e-16,8.595854069054816,True
2021-10-07,25.022610121520724,0.35281599486792287,16.194233037304233,-2.222411393022998e-16,8.828377084216491,True
2021-10-08,24.806162131293107,0.3504243224271765,16.113479574416036,-2.222414920660051e-16,8.692682556877072,True
2021-10-11,24.489599253952953,0.3470741997269298,15.989891191254012,-2.222418448302703e-16,8.49970806269894,True
2021-10-12,24.34723335329012,0.34554682453249846,15.934124181908984,-2.222421975950955e-16,8.413109171381135,True
2021-10-13,24.671896328114464,0.3489870820252477,16.061723220536372,-2.222425503604806e-16,8.61017310757809,True
2021-10-14,25.442973544159585,0.3570906804048244,16.357524809753695,-2.2224294722219346e-16,9.085448734405892,True
2021-10-15,25.714469128022657,0.35987041872015774,16.460592355754574,-2.2224329998876843e-16,9.253876772268082,True
2021-10-18,26.157515994798636,0.3643848773690178,16.626112736755815,-2.2224363511754336e-16,9.531403258042824,True
2021-10-19,26.49267155074711,0.36767678955062016,16.751931128349366,-2.2224401434280664e-16,9.740740422397748,True
2021-10-20,26.440127762307213,0.3672468773058152,16.730073406033096,-2.2224445530315917e-16,9.710054356274116,True
2021-10-21,26.71617786260083,0.36996079618701555,16.832239429479106,-2.222448962643866e-16,9.883938433121722,True
2021-10-22,26.324492772257976,0.36595887627303236,16.690810978864885,-2.2224533722648897e-16,9.633681793393091,True
2021-10-25,26.784492861759844,0.37046830093847105,16.861687299765066,-2.2224577818946624e-16,9.922805561994776,True
2021-10-26,26.9303207891745,0.3719057165631949,16.914780538799853,-2.2224621915331845e-16,10.015540250374645,True
2021-10-27,27.048682437021576,0.3732026317569156,16.954042965968064,-2.222466601180456e-16,10.094639471053513,True
2021-10-28,27.568356887007553,0.37818850567624684,17.142321191960697,-2.2224710108364767e-16,10.426035695046854,True
2021-10-29,27.806787174392866,0.38048773344305287,17.22664574807477,-2.2224752441146294e-16,10.580141426318095,True
2021-11-01,27.970009597176485,0.3819974487691128,17.28553728900747,-2.2224794774008453e-16,10.684472308169017,True
2021-11-02,28.18479928356132,0.38414274639548607,17.357813080168544,-2.2224830051459687e-16,10.826986203392773,True
2021-11-03,28.712731872446575,0.3890488049390338,17.54207785093633,-2.2224869738657783e-16,11.170654021510247,True
2021-11-04,29.354232720421187,0.39473993740511554,17.766944733786932,-2.222490942592675e-16,11.587287986634253,True
2021-11-05,29.414147902834983,0.3953963876163436,17.78390007724118,-2.2224940293856635e-16,11.630247825593802,True
2021-11-08,29.342322575969376,0.3947374785730494,17.759808146854162,-2.2224975571538853e-16,11.582514429115216,True
2021-11-09,28.981410631704893,0.3914182828094559,17.637556648847255,-2.2225006439560613e-16,11.343853982857638,True
2021-11-10,28.22509861903835,0.38429481677252114,17.37833951684867,-2.2225041717347823e-16,10.846759102189681,True
2021-11-11,28.361248278620643,0.38555155942698865,17.426524777502458,-2.222508140492389e-16,10.934723501118187,True
2021-11-12,28.891698517527566,0.39048594134018993,17.609896424993845,-2.222511668283009e-16,11.281802092533722,True
2021-11-15,28.88427226807721,0.39046832799773473,17.605878770129767,-2.2225154606641593e-16,11.278393497947446,True
2021-11-16,29.24285262857419,0.39365518729732135,17.731251999964854,-2.222518812076254e-16,11.511600628609338,True
2021-11-17,29.26585795970717,0.3938117713906015,17.740618595329156,-2.2225223398838135e-16,11.525239364378015,True
2021-11-18,29.802208386371834,0.3985533564507555,17.924438204338486,-2.2225263086738637e-16,11.877770182033348,True
2021-11-19,30.103302681703603,0.40124927786385534,18.02437421935297,-2.222530277471001e-16,12.07892846235063,True
2021-11-22,29.475378370778195,0.3955928785557899,17.81512859456098,-2.2225342462752255e-16,11.660249776217215,True
2021-11-23,29.235296568225884,0.39340696856727647,17.73392717015484,-2.2225377741072833e-16,11.501369398071047,True
2021-11-24,29.398783064985082,0.394837601790279,17.791038064053705,-2.222541742924895e-16,11.607745000931377,True
2021-11-26,28.421193038492746,0.385889965422682,17.45373983959741,-2.222546152730006e-16,10.967453198895337,True
2021-11-29,29.481186729419576,0.3951217817802874,17.83252769989395,-2.222549945169999e-16,11.648659029525627,True
2021-11-30,28.718789862620874,0.38818329456929695,17.570635397705377,-2.222553296634094e-16,11.148154464915498,True
2021-12-01,27.847761261199654,0.3797810490078753,17.271709276900378,-2.2225575300689817e-16,10.576051984299276,True
2021-12-02,28.17134465959982,0.3824866155924748,17.396182384060346,-2.2225619399054167e-16,10.775162275539476,True
2021-12-03,27.327436320071477,0.3744861695235673,17.093689369668702,-2.2225657323723475e-16,10.233746950402777,True
2021-12-06,27.703745579204583,0.3780385921493119,17.23066060317936,-2.22256952484575e-16,10.473084976025223,True
2021-12-07,29.167039448567625,0.3914520237820657,17.749542828694484,-2.2225733173256236e-16,11.417496619873141,True
2021-12-08,29.405337183278913,0.393682925809601,17.82895800654782,-2.2225784327720004e-16,11.576379176731095,True
2021-12-09,28.643178801913788,0.3867083167044795,17.566623342360277,-2.2225837246252934e-16,11.07655545955351,True
2021-12-10,29.17711325873851,0.39138702373766177,17.757569739144174,-2.2225883991068812e-16,11.419543519594335,True
2021-12-13,28.429623335992208,0.38440844010558756,17.501036176614033,-2.2225928090045644e-16,10.928587159378175,True
2021-12-14,27.92321792556364,0.379731527219921,17.319891737794684,-2.222596601524169e-16,10.603326187768955,True
2021-12-15,29.019727272373906,0.38956213295452513,17.714740418389322,-2.222600835041542e-16,11.304986853984582,True
2021-12-16,27.701617528158188,0.37696001568698134,17.25921535018892,-2.222604803971762e-16,10.442402177969267,True
2021-12-17,27.455944721080556,0.37452139702858783,17.173105947401783,-2.2226078909228916e-16,10.28283877367877,True
2021-12-20,26.9818295058404,0.36970470240965314,17.006520257915675,-2.222610536884607e-16,9.975309247924724,True
2021-12-21,28.029325478160104,0.3796806785426997,17.387132161518096,-2.222613888440071e-16,10.64219331664201,True
2021-12-22,28.62088704507372,0.38510353842437933,17.59888217117135,-2.2226196213725097e-16,11.022004873902368,True
2021-12-23,29.015409276287215,0.3888915643220214,17.73156137338819,-2.2226253543197355e-16,11.283847902899025,True
2021-12-27,29.847837084286706,0.39611649756566086,18.02461639854861,-2.22263046988588e-16,11.823220685738097,True
2021-12-28,29.625191160191555,0.394397974410406,17.94107577509094,-2.2226342624697473e-16,11.684115385100617,True
2021-12-29,29.604098876026928,0.39405709727484545,17.93839360550224,-2.2226386724584295e-16,11.665705270524686,True
2021-12-30,29.44139459893934,0.39252913613659585,17.884789410361044,-2.2226426414562164e-16,11.556605188578297,True
2021-12-31,29.114915176910507,0.38955319304817754,17.773107004418176,-2.2226448464588696e-16,11.341808172492334,True
2022-01-03,29.613323349900078,0.3940495264899785,17.94420730607733,-2.2226477570652006e-16,11.669116043822749,True
2022-01-04,28.927118460581617,0.3877213271510033,17.711457700390625,-2.22265243168146e-16,11.215660760190993,True
2022-01-05,27.35130929670046,0.37233927428225694,17.167342642497463,-2.222659487720768e-16,10.183966654202997,True
2022-01-06,27.311290703215764,0.37186120330055206,17.15528127862677,-2.2226669847865794e-16,10.156009424588994,True
2022-01-07,26.793372285906965,0.36665535557412043,16.969438843387962,-2.2226749228832694e-16,9.823933442519003,True
2022-01-10,26.840680529268276,0.36735546383686796,16.98060988374174,-2.22268268460518e-16,9.860070645526537,True
2022-01-11,27.52944122274765,0.3739179000532656,17.235690371098045,-2.222690622757941e-16,10.293750851649605,True
2022-01-12,27.71507507451532,0.375645173143709,17.30404089945812,-2.2227010305950467e-16,10.4110341750572,True
2022-01-13,26.526667635204383,0.36399242008523647,16.871161685869623,-2.222711173873743e-16,9.65550594933476,True
2022-01-14,26.777572085456807,0.3660313409511777,16.97614146760023,-2.2227208761843694e-16,9.801430617856578,True
2022-01-18,25.648534075975377,0.35460097944877,16.553538771209357,-2.2227312841631385e-16,9.094995304766021,True
2022-01-19,25.150320191115938,0.34904528189121325,16.371719590353603,-2.222742750633628e-16,8.778600600762335,True
2022-01-20,24.598096192851994,0.34307619049640503,16.159075057544207,-2.2227573043069785e-16,8.439021135307787,True
2022-01-21,23.439499950344736,0.32972095044087996,15.711005748858112,-2.2227721226888076e-16,7.728494201486625,True
2022-01-24,23.623257723939517,0.3318900739939519,15.782932969963035,-2.222786059117837e-16,7.840324753976482,True
2022-01-25,22.679144387243333,0.32020984843798217,15.41705900030103,-2.222799731016322e-16,7.262085386942301,True
2022-01-26,22.641384868290963,0.3201415124568175,15.392937672439391,-2.222816049189161e-16,7.24844719585157,True
2022-01-27,22.2695310263817,0.3157501444075296,15.23792338891372,-2.222831750032956e-16,7.031607637467982,True
2022-01-28,23.403500823160446,0.32848004041661855,15.715917926878337,-2.2228480684408553e-16,7.687582896282109,True
2022-01-31,24.650691376246506,0.3420675344980709,16.218490153501005,-2.222863328468641e-16,8.432201222745501,True
2022-02-01,24.921959196430343,0.34480139599666393,16.328832874529265,-2.2228785886011877e-16,8.59312632190108,True
2022-02-02,25.257838910738243,0.348261316613757,16.46151067686636,-2.222896495122636e-16,8.796328233871883,True
2022-02-03,23.532139416798685,0.32882868271453053,15.794097010918092,-2.2229128140058465e-16,7.738042405880592,True
2022-02-04,23.998680568925113,0.33357423341966747,15.99333909506245,-2.222929838695581e-16,8.005341473862664,True
2022-02-07,23.68864056308093,0.3302831496344185,15.864681747348918,-2.2229495098608546e-16,7.823958815732015,True
2022-02-08,24.132818479751137,0.33522382190704153,16.042922835580082,-2.222967416953613e-16,8.089895644171056,True
2022-02-09,24.974652223829793,0.3440193247137291,16.382889230827637,-2.2229916755271414e-16,8.591762993002158,True
2022-02-10,24.03380855069485,0.3337676111761016,16.012101683265666,-2.22301549329604e-16,8.021706867429184,True
2022-02-11,22.77034632477773,0.3191070045239565,15.504169317104827,-2.223048132809656e-16,7.266177007672904,True
2022-02-14,22.810011944238326,0.3194489110792703,15.523378466946243,-2.223077949883776e-16,7.286633477292082,True
2022-02-15,23.723768354977697,0.32939169395203927,15.90935610960581,-2.223109708141465e-16,7.814412245371887,True
2022-02-16,23.71838511613316,0.3294089974041489,15.905335654982247,-2.2231449955976753e-16,7.8130494611509125,True
2022-02-17,22.55250392378535,0.31571897526631143,15.43225049527837,-2.223177901672054e-16,7.120253428506978,True
2022-02-18,22.13510325069465,0.3107672531357986,15.256238015598989,-2.223208338036079e-16,6.878865235095663,True
2022-02-22,21.769123931631373,0.306218880176368,15.10300717886664,-2.223236392806975e-16,6.666116752764733,True
2022-02-23,20.872206775042326,0.29494083825546713,14.716140612569902,-2.223265506618038e-16,6.156066162472424,True
2022-02-24,21.969525005123877,0.30764675492993576,15.210671929945436,-2.2232955030577283e-16,6.758853075178441,True
2022-02-25,22.525882667373057,0.31427578241657933,15.446543267460328,-2.2233204710184586e-16,7.0793393999127305,True
2022-02-28,22.64690291461308,0.315908405967714,15.492555914752083,-2.223346762665992e-16,7.154346999860995,True
2022-03-01,22.079657831363512,0.30907706047449124,15.255342092563097,-2.2233721723421855e-16,6.824315738800414,True
2022-03-02,22.661576371321324,0.3155233489200282,15.511319902835039,-2.223399788035663e-16,7.150256468486284,True
2022-03-03,22.14133516888758,0.3094479614424364,15.289744137261595,-2.223428462833465e-16,6.8515910316259845,True
2022-03-04,21.626543937612084,0.3032559610357963,15.06816557192866,-2.2234580203157506e-16,6.558378365683426,True
2022-03-07,20.338463924339983,0.28645397379709026,14.512430112284031,-2.2234849312170244e-16,5.826033812055951,True
2022-03-08,20.184805469405234,0.0,20.184805469405234,0.0,0.0,False
2022-03-09,20.91142291944955,0.0,20.91142291944955,0.0,0.0,False
2022-03-10,20.679204467339172,0.0,20.679204467339172,0.0,0.0,False
2022-03-11,20.250351583927774,0.0,20.250351583927774,0.0,0.0,False
2022-03-14,19.86144881084507,0.0,19.86144881084507,0.0,0.0,False
2022-03-15,20.484445967870165,0.0,20.484445967870165,0.0,0.0,False
2022-03-16,21.244143588103405,0.0,21.244143588103405,0.0,0.0,False
2022-03-17,21.501328169485927,0.0,21.501328169485927,0.0,0.0,False
2022-03-18,21.94142099482303,0.0,21.94142099482303,0.0,0.0,False
2022-03-21,21.88041115341669,0.0,21.88041115341669,0.0,0.0,False
2022-03-22,22.31042402387333,0.0,22.31042402387333,0.0,0.0,False
2022-03-23,21.989796171262757,0.0,21.989796171262757,0.0,0.0,False
2022-03-24,22.47855172463428,0.0,22.47855172463428,0.0,0.0,False
2022-03-25,22.459804143113928,0.0,22.459804143113928,0.0,0.0,False
2022-03-28,22.807309267228014,0.0,22.807309267228014,0.0,0.0,False
2022-03-29,23.199817193977456,0.0,23.199817193977456,0.0,0.0,False
2022-03-30,22.943563732044403,0.0,22.943563732044403,0.0,0.0,False
2022-03-31,22.659179117164328,0.0,22.659179117164328,0.0,0.0,False
2022-04-01,22.61605811476087,0.0,22.61605811476087,0.0,0.0,False
2022-04-04,23.08169021642621,0.0,23.08169021642621,0.0,0.0,False
2022-04-05,22.56917742416021,0.0,22.56917742416021,0.0,0.0,False
2022-04-06,22.079173857745072,0.0,22.079173857745072,0.0,0.0,False
2022-04-07,22.131668650908704,0.0,22.131668650908704,0.0,0.0,False
2022-04-08,21.822292477023616,0.0,21.822292477023616,0.0,0.0,False
2022-04-11,21.306033689493482,0.0,21.306033689493482,0.0,0.0,False
2022-04-12,21.216033952622656,0.0,21.216033952622656,0.0,0.0,False
2022-04-13,21.647287011589714,0.0,21.647287011589714,0.0,0.0,False
2022-04-14,21.152277700067053,0.0,21.152277700067053,0.0,0.0,False
2022-04-18,21.168525343233586,0.0,21.168525343233586,0.0,0.0,False
2022-04-19,21.64166312836027,0.0,21.64166312836027,0.0,0.0,False
2022-04-20,21.326031240190744,0.0,21.326031240190744,0.0,0.0,False
2022-04-21,20.88477255940851,0.0,20.88477255940851,0.0,0.0,False
2022-04-22,20.33788659284413,0.0,20.33788659284413,0.0,0.0,False
2022-04-25,20.599139931484824,0.0,20.599139931484824,0.0,0.0,False
2022-04-26,19.821625849180695,0.0,19.821625849180695,0.0,0.0,False
2022-04-27,19.797880347085997,0.0,19.797880347085997,0.0,0.0,False
2022-04-28,20.50101832916403,0.0,20.50101832916403,0.0,0.0,False
2022-04-29,19.57849412940525,0.0,19.57849412940525,0.0,0.0,False
2022-05-02,19.905377696300267,0.0,19.905377696300267,0.0,0.0,False
2022-05-03,19.926631084574332,0.0,19.926631084574332,0.0,0.0,False
2022-05-04,20.600395769061624,0.0,20.600395769061624,0.0,0.0,False
2022-05-05,19.562876361160413,0.0,19.562876361160413,0.0,0.0,False
2022-05-06,19.328496381756636,0.0,19.328496381756636,0.0,0.0,False
2022-05-09,18.572229819326683,0.0,18.572229819326683,0.0,0.0,False
2022-05-10,18.79785805835879,0.0,18.79785805835879,0.0,0.0,False
2022-05-11,18.240348331857323,0.0,18.240348331857323,0.0,0.0,False
2022-05-12,18.197225373320574,0.0,18.197225373320574,0.0,0.0,False
2022-05-13,18.87161015206308,0.0,18.87161015206308,0.0,0.0,False
2022-05-16,18.65285576543733,0.0,18.65285576543733,0.0,0.0,False
2022-05-17,19.1359893917127,0.0,19.1359893917127,0.0,0.0,False
2022-05-18,18.196597454532174,0.0,18.196597454532174,0.0,0.0,False
2022-05-19,18.099093990333294,0.0,18.099093990333294,0.0,0.0,False
2022-05-20,18.04284537737234,0.0,18.04284537737234,0.0,0.0,False
2022-05-23,18.342847760497246,0.0,18.342847760497246,0.0,0.0,False
2022-05-24,17.952841728234922,0.0,17.952841728234922,0.0,0.0,False
2022-05-25,18.204101181860228,0.0,18.204101181860228,0.0,0.0,False
2022-05-26,18.708480371876476,0.0,18.708480371876476,0.0,0.0,False
2022-05-27,19.31911672259657,0.0,19.31911672259657,0.0,0.0,False
2022-05-31,19.267869942476555,0.0,19.267869942476555,0.0,0.0,False
2022-06-01,19.12536563177561,0.0,19.12536563177561,0.0,0.0,False
2022-06-02,19.649126190500507,0.0,19.649126190500507,0.0,0.0,False
2022-06-03,19.137865323544712,0.0,19.137865323544712,0.0,0.0,False
2022-06-06,19.20161375156713,0.0,19.20161375156713,0.0,0.0,False
2022-06-07,19.367241513974257,0.0,19.367241513974257,0.0,0.0,False
2022-06-08,19.22787092881543,0.0,19.22787092881543,0.0,0.0,False
2022-06-09,18.712854285929012,0.0,18.712854285929012,0.0,0.0,False
2022-06-10,18.052843174654324,0.0,18.052843174654324,0.0,0.0,False
2022-06-13,17.213450727759902,0.0,17.213450727759902,0.0,0.0,False
2022-06-14,17.244703869449246,0.0,17.244703869449246,0.0,0.0,False
2022-06-15,17.675334878027797,0.0,17.675334878027797,0.0,0.0,False
2022-06-16,16.962199098667785,0.0,16.962199098667785,0.0,0.0,False
2022-06-17,17.168447925124546,0.0,17.168447925124546,0.0,0.0,False
2022-06-21,17.601600389523185,0.0,17.601600389523185,0.0,0.0,False
2022-06-22,17.57592809613075,0.0,17.57592809613075,0.0,0.0,False
2022-06-23,17.83768416102882,0.0,17.83768416102882,0.0,0.0,False
2022-06-24,18.44887018520543,0.0,18.44887018520543,0.0,0.0,False
2022-06-27,18.313609436104016,0.0,18.313609436104016,0.0,0.0,False
2022-06-28,17.755649798944194,0.0,17.755649798944194,0.0,0.0,False
2022-06-29,17.771932652510078,0.0,17.771932652510078,0.0,0.0,False
2022-06-30,17.55150577191522,0.0,17.55150577191522,0.0,0.0,False
2022-07-01,17.66735972257512,0.0,17.66735972257512,0.0,0.0,False
2022-07-05,17.969817052988013,0.0,17.969817052988013,0.0,0.0,False
2022-07-06,18.085045040992814,0.0,18.085045040992814,0.0,0.0,False
2022-07-07,18.472044496377343,0.0,18.472044496377343,0.0,0.0,False
2022-07-08,18.495209026882772,0.0,18.495209026882772,0.0,0.0,False
2022-07-11,18.100072056981894,0.0,18.100072056981894,0.0,0.0,False
2022-07-12,17.924732092754176,0.0,17.924732092754176,0.0,0.0,False
2022-07-13,17.887782690903386,0.0,17.887782690903386,0.0,0.0,False
2022-07-14,17.951660223723415,0.0,17.951660223723415,0.0,0.0,False
2022-07-15,18.277291865308218,0.0,18.277291865308218,0.0,0.0,False
2022-07-18,18.122614537098812,0.0,18.122614537098812,0.0,0.0,False
2022-07-19,18.679948211603534,0.0,18.679948211603534,0.0,0.0,False
2022-07-20,18.976142003198795,0.0,18.976142003198795,0.0,0.0,False
2022-07-21,19.24854921390012,0.0,19.24854921390012,0.0,0.0,False
2022-07-22,18.91101254506856,0.0,18.91101254506856,0.0,0.0,False
2022-07-25,18.803309801858084,0.0,18.803309801858084,0.0,0.0,False
2022-07-26,18.433839256949753,0.0,18.433839256949753,0.0,0.0,False
2022-07-27,19.21285564962613,0.0,19.21285564962613,0.0,0.0,False
2022-07-28,19.400712910822627,0.0,19.400712910822627,0.0,0.0,False
2022-07-29,19.754528520953475,0.0,19.754528520953475,0.0,0.0,False
2022-08-01,19.742621537573427,0.0,19.742621537573427,0.0,0.0,False
2022-08-02,19.683759530527414,0.0,19.683759530527414,0.0,0.0,False
2022-08-03,20.21980265022542,0.0,20.21980265022542,0.0,0.0,False
2022-08-04,20.314358221545422,0.0,20.314358221545422,0.0,0.0,False
2022-08-05,20.14841160941085,0.0,20.14841160941085,0.0,0.0,False
2022-08-08,20.083288019680502,0.0,20.083288019680502,0.0,0.0,False
2022-08-09,19.855975549879506,0.0,19.855975549879506,0.0,0.0,False
2022-08-10,20.410169630442223,0.0,20.410169630442223,0.0,0.0,False
2022-08-11,20.294319592048915,0.0,20.294319592048915,0.0,0.0,False
2022-08-12,20.689462430349685,0.0,20.689462430349685,0.0,0.0,False
2022-08-15,20.856660967794465,0.0,20.856660967794465,0.0,0.0,False
2022-08-16,20.80781631936341,0.0,20.80781631936341,0.0,0.0,False
2022-08-17,20.570480622547564,0.0,20.570480622547564,0.0,0.0,False
2022-08-18,20.61995514590032,0.0,20.61995514590032,0.0,0.0,False
2022-08-19,20.217922806126815,0.0,20.217922806126815,0.0,0.0,False
2022-08-22,19.68564133075932,0.0,19.68564133075932,0.0,0.0,False
2022-08-23,19.66936238946003,0.0,19.66936238946003,0.0,0.0,False
2022-08-24,19.726344552407433,0.0,19.726344552407433,0.0,0.0,False
2022-08-25,20.075144636764268,0.0,20.075144636764268,0.0,0.0,False
2022-08-26,19.252303033697444,0.0,19.252303033697444,0.0,0.0,False
2022-08-29,19.062560060002447,0.0,19.062560060002447,0.0,0.0,False
2022-08-30,18.850280474590424,0.0,18.850280474590424,0.0,0.0,False
2022-08-31,18.740684194348262,0.0,18.740684194348262,0.0,0.0,False
2022-09-01,18.7488275772645,0.0,18.7488275772645,0.0,0.0,False
2022-09-02,18.483943655224206,0.0,18.483943655224206,0.0,0.0,False
2022-09-06,18.351180888343315,0.0,18.351180888343315,0.0,0.0,False
2022-09-07,18.72189944629526,0.0,18.72189944629526,0.0,0.0,False
2022-09-08,18.818960824368972,0.0,18.818960824368972,0.0,0.0,False
2022-09-09,19.230386516235626,0.0,19.230386516235626,0.0,0.0,False
2022-09-12,19.458952867480125,0.0,19.458952867480125,0.0,0.0,False
2022-09-13,18.39188606612473,0.0,18.39188606612473,0.0,0.0,False
2022-09-14,18.53779600489609,0.0,18.53779600489609,0.0,0.0,False
2022-09-15,18.229073179532268,0.0,18.229073179532268,0.0,0.0,False
2022-09-16,18.11760879199128,0.0,18.11760879199128,0.0,0.0,False
2022-09-19,18.25869490605175,0.0,18.25869490605175,0.0,0.0,False
2022-09-20,18.113152720340263,0.0,18.113152720340263,0.0,0.0,False
2022-09-21,17.7888179951315,0.0,17.7888179951315,0.0,0.0,False
2022-09-22,17.569871907442618,0.0,17.569871907442618,0.0,0.0,False
2022-09-23,17.283805017926955,0.0,17.283805017926955,0.0,0.0,False
2022-09-26,17.212286828448068,0.0,17.212286828448068,0.0,0.0,False
2022-09-27,17.219195891253772,0.0,17.219195891253772,0.0,0.0,False
2022-09-28,17.561718743859895,0.0,17.561718743859895,0.0,0.0,False
2022-09-29,17.055455797478444,0.0,17.055455797478444,0.0,0.0,False
2022-09-30,16.766255182420668,0.0,16.766255182420668,0.0,0.0,False
2022-10-03,17.15959642195472,0.0,17.15959642195472,0.0,0.0,False
2022-10-04,17.699111678255253,0.0,17.699111678255253,0.0,0.0,False
2022-10-05,17.689696808695835,0.0,17.689696808695835,0.0,0.0,False
2022-10-06,17.550425986335167,0.0,17.550425986335167,0.0,0.0,False
2022-10-07,16.88168465215508,0.0,16.88168465215508,0.0,0.0,False
2022-10-10,16.712932944872325,0.0,16.712932944872325,0.0,0.0,False
2022-10-11,16.483323974580415,0.0,16.483323974580415,0.0,0.0,False
2022-10-12,16.4776785738847,0.0,16.4776785738847,0.0,0.0,False
2022-10-13,16.86411857514623,0.0,16.86411857514623,0.0,0.0,False
2022-10-14,16.35722770997638,0.0,16.35722770997638,0.0,0.0,False
2022-10-17,16.897363060532125,0.0,16.897363060532125,0.0,0.0,False
2022-10-18,17.03098848219708,0.0,17.03098848219708,0.0,0.0,False
2022-10-19,16.968883206144316,0.0,16.968883206144316,0.0,0.0,False
2022-10-20,16.882310614810184,0.0,16.882310614810184,0.0,0.0,False
2022-10-21,17.27816548563113,0.0,17.27816548563113,0.0,0.0,False
2022-10-24,17.468244914253248,0.0,17.468244914253248,0.0,0.0,False
2022-10-25,17.82959359371161,0.0,17.82959359371161,0.0,0.0,False
2022-10-26,17.43562247925586,0.0,17.43562247925586,0.0,0.0,False
2022-10-27,17.11819290458621,0.0,17.11819290458621,0.0,0.0,False
2022-10-28,17.642019971843204,0.0,17.642019971843204,0.0,0.0,False
2022-10-31,17.436882229099258,0.0,17.436882229099258,0.0,0.0,False
2022-11-01,17.258709783857192,0.0,17.258709783857192,0.0,0.0,False
2022-11-02,16.667133995985004,0.0,16.667133995985004,0.0,0.0,False
2022-11-03,16.34154832353268,0.0,16.34154832353268,0.0,0.0,False
2022-11-04,16.604396888877243,0.0,16.604396888877243,0.0,0.0,False
2022-11-07,16.786956941104922,0.0,16.786956941104922,0.0,0.0,False
2022-11-08,16.909287649111853,0.0,16.909287649111853,0.0,0.0,False
2022-11-09,16.519086003519806,0.0,16.519086003519806,0.0,0.0,False
2022-11-10,17.73800547660346,0.0,17.73800547660346,0.0,0.0,False
2022-11-11,18.064846008565937,0.0,18.064846008565937,0.0,0.0,False
2022-11-14,17.906757183886214,0.0,17.906757183886214,0.0,0.0,False
2022-11-15,18.15455232544218,0.0,18.15455232544218,0.0,0.0,False
2022-11-16,17.906757183886214,0.0,17.906757183886214,0.0,0.0,False
2022-11-17,17.867231554483013,0.0,17.867231554483013,0.0,0.0,False
2022-11-18,17.867859473271412,0.0,17.867859473271412,0.0,0.0,False
2022-11-21,17.68405140800012,0.0,17.68405140800012,0.0,0.0,False
2022-11-22,17.938749743961903,0.0,17.938749743961903,0.0,0.0,False
2022-11-23,18.118798121035976,0.0,18.118798121035976,0.0,0.0,False
2022-11-25,17.99960309470446,0.0,17.99960309470446,0.0,0.0,False
2022-11-28,17.735493801449856,0.0,17.735493801449856,0.0,0.0,False
2022-11-29,17.601242417129797,0.0,17.601242417129797,0.0,0.0,False
2022-11-30,18.40360917297484,0.0,18.40360917297484,0.0,0.0,False
2022-12-01,18.426192731891,0.0,18.426192731891,0.0,0.0,False
2022-12-02,18.35279078604691,0.0,18.35279078604691,0.0,0.0,False
2022-12-05,18.044770212536783,0.0,18.044770212536783,0.0,0.0,False
2022-12-06,17.670874894110188,0.0,17.670874894110188,0.0,0.0,False
2022-12-07,17.598736610376086,0.0,17.598736610376086,0.0,0.0,False
2022-12-08,17.807010034795447,0.0,17.807010034795447,0.0,0.0,False
2022-12-09,17.69346040915965,0.0,17.69346040915965,0.0,0.0,False
2022-12-12,17.915540222390636,0.0,17.915540222390636,0.0,0.0,False
2022-12-13,18.10813328229965,0.0,18.10813328229965,0.0,0.0,False
2022-12-14,17.973876029579703,0.0,17.973876029579703,0.0,0.0,False
2022-12-15,17.370381521527683,0.0,17.370381521527683,0.0,0.0,False
2022-12-16,17.204765495920338,0.0,17.204765495920338,0.0,0.0,False
2022-12-19,16.96297763972007,0.0,16.96297763972007,0.0,0.0,False
2022-12-20,16.949769827697384,0.0,16.949769827697384,0.0,0.0,False
2022-12-21,17.1956440463555,0.0,17.1956440463555,0.0,0.0,False
2022-12-22,16.774950194926713,0.0,16.774950194926713,0.0,0.0,False
2022-12-23,16.812678137829792,0.0,16.812678137829792,0.0,0.0,False
2022-12-27,16.574982512487264,0.0,16.574982512487264,0.0,0.0,False
2022-12-28,16.35614499019638,0.0,16.35614499019638,0.0,0.0,False
2022-12-29,16.754825495565132,0.0,16.754825495565132,0.0,0.0,False
2022-12-30,16.744770970417534,0.0,16.744770970417534,0.0,0.0,False
2023-01-03,16.631575404908524,0.0,16.631575404908524,0.0,0.0,False
2023-01-04,16.71080662797827,0.0,16.71080662797827,0.0,0.0,False
2023-01-05,16.449210966010565,0.0,16.449210966010565,0.0,0.0,False
2023-01-06,16.903233416557022,0.0,16.903233416557022,0.0,0.0,False
2023-01-09,17.012653644802437,0.0,17.012653644802437,0.0,0.0,False
2023-01-10,17.15665635360903,0.0,17.15665635360903,0.0,0.0,False
2023-01-11,17.45346632719291,0.0,17.45346632719291,0.0,0.0,False
2023-01-12,17.547800855450323,0.0,17.547800855450323,0.0,0.0,False
2023-01-13,17.668533402553443,0.0,17.668533402553443,0.0,0.0,False
2023-01-17,17.70437758909131,0.0,17.70437758909131,0.0,0.0,False
2023-01-18,17.474220901476187,0.0,17.474220901476187,0.0,0.0,False
2023-01-19,17.302548687180717,0.0,17.302548687180717,0.0,0.0,False
2023-01-20,17.776062049900464,0.0,17.776062049900464,0.0,0.0,False
2023-01-23,18.170976020605462,0.0,18.170976020605462,0.0,0.0,False
2023-01-24,18.133875996490787,0.0,18.133875996490787,0.0,0.0,False
2023-01-25,18.093632466167517,0.0,18.093632466167517,0.0,0.0,False
2023-01-26,18.44640936951755,0.0,18.44640936951755,0.0,0.0,False
2023-01-27,18.630029645992316,0.0,18.630029645992316,0.0,0.0,False
2023-01-30,18.2533546621504,0.0,18.2533546621504,0.0,0.0,False
2023-01-31,18.52690229856399,0.0,18.52690229856399,0.0,0.0,False
2023-02-01,18.923076019112383,0.0,18.923076019112383,0.0,0.0,False
2023-02-02,19.60222398243357,0.0,19.60222398243357,0.0,0.0,False
2023-02-03,19.251241622936398,0.06997444532556615,15.403072443575232,2.5010742249677387,1.3470949543934265,True
2023-02-06,19.087085397676557,0.06877864929827876,15.272778316915407,2.5015231280680563,1.3127839526930936,True
2023-02-07,19.485259198744846,0.07154507166599772,15.589211828510127,2.5019731044299784,1.3940742658047414,True
2023-02-08,19.133564963462895,0.06894262595257022,15.31201991576385,2.5024268352838175,1.3191182124152254,True
2023-02-09,18.963327125010455,0.06769655605489291,15.176693049356999,2.5028821379479145,1.2837519377055415,True
2023-02-10,18.837781138438082,0.06674665013008993,15.077082047143715,2.5033403044198312,1.257358786874534,True
2023-02-13,19.13936274332837,0.0688114361412457,15.318554965883132,2.50380074024856,1.3170070371966773,True
2023-02-14,19.281521305496803,0.0697824220952945,15.431747792805528,2.5042622543116826,1.3455112583795918,True
2023-02-15,19.430291304887415,0.07079661541823642,15.549967099848404,2.504725344062594,1.3755988609764176,True
2023-02-16,19.060323982799666,0.06804440794700611,15.258188692331577,2.5051868297803632,1.2969484606877248,True
2023-02-17,18.92515648115299,0.06705211789608699,15.150534070000216,2.5056505875766075,1.2689718235761651,True
2023-02-21,18.477719941783302,0.06384790808491782,14.791840254652811,2.5061159226686605,1.1797637644618333,True
2023-02-22,18.49030897600905,0.0638615375944495,14.802907274395045,2.506582139809619,1.180819561804389,True
2023-02-23,18.649628476221473,0.0649009966609506,14.932199860806701,2.5070491399515507,1.2103794754632191,True
2023-02-24,18.338835380597388,0.0626619973194292,14.682171597478652,2.50751572965829,1.149148053460447,True
2023-02-27,18.469250848244236,0.063562800039393,14.787309849936499,2.5079836997633995,1.173957298544338,True
2023-02-28,18.44353805633432,0.19927549121316304,14.768192950449633,-4.440892098500626e-16,3.6753451058846878,True
2023-03-01,18.23513253190054,0.1966348630676734,14.6494697434694,-4.441722122387663e-16,3.585662788431139,True
2023-03-02,18.442732332692,0.19910415176206697,14.770707755416513,-4.442554945268801e-16,3.6720245772754874,True
2023-03-03,18.972305443031452,0.20536414024440777,15.076074247268998,-4.443387571746056e-16,3.896231195762452,True
2023-03-06,19.006019689535826,0.20587369221572357,15.093180241726344,-4.444219472629998e-16,3.9128394478094806,True
2023-03-07,18.674739888863062,0.20169971253717836,14.908050221572804,-4.445053292883792e-16,3.7666896672902577,True
2023-03-08,18.800679707378816,0.2030870381934206,14.982505349584107,-4.445907907259642e-16,3.8181743577947094,True
2023-03-09,18.340136674909512,0.19722961188972352,14.722918636512624,-4.44676939011096e-16,3.6172180383968877,True
2023-03-10,17.983901096619746,0.1928250011491022,14.516155346998703,-4.447624863849999e-16,3.467745749621043,True
2023-03-13,18.16629449824045,0.19500297099335404,14.62381309914334,-4.44847255996517e-16,3.5424813990971096,True
2023-03-14,18.743166894406208,0.2018494494901175,14.95986897506892,-4.449294821280661e-16,3.783297919337288,True
2023-03-15,18.876447816624804,0.20332763376231702,15.038344348232627,-4.450121118860019e-16,3.838103468392177,True
2023-03-16,19.576799126263182,0.21157848492113382,15.43476962752304,-4.450926025703281e-16,4.142029498740141,True
2023-03-17,19.442398957668818,0.2098805086637036,15.361818374790625,-4.451726132680672e-16,4.080580582878192,True
2023-03-20,19.54009567977751,0.21104096520443588,15.416335027330238,-4.452484516064503e-16,4.123760652447274,True
2023-03-21,19.93466814533007,0.21561153981123393,15.636523650889497,-4.453273418605916e-16,4.298144494440571,True
2023-03-22,19.546641089641195,0.2109183063489187,15.423896656203892,-4.454087201311377e-16,4.122744433437304,True
2023-03-23,19.876540006757054,0.21481336544087656,15.60679355458535,-4.454893709279635e-16,4.269746452171706,True
2023-03-24,19.97741171962892,0.21590275694556985,15.664233452724298,-4.455689756319485e-16,4.313178266904621,True
2023-03-27,19.781558440452187,0.21356472837311807,15.556915285320054,-4.456485945605354e-16,4.224643155132132,True
2023-03-28,19.62876632091605,0.21165277189950799,15.474283520126459,-4.457296424807922e-16,4.154482800789589,True
2023-03-29,20.138104645619883,0.21758097575774016,15.756436186914428,-4.458115010795415e-16,4.381668458705454,True
2023-03-30,20.405853614103687,0.22053830828525536,15.905581178932696,-4.458934100994231e-16,4.5002724351709915,True
2023-03-31,20.890873141126953,0.22597312047815965,16.170097347913124,-4.459759534621653e-16,4.72077579321383,True
2023-04-03,20.818165355980604,0.22515749411166577,16.130799412425716,-4.460570963099287e-16,4.687365943554887,True
2023-04-04,20.71697762267363,0.22399952485237012,16.076384478817555,-4.461379884133695e-16,4.640593143856078,True
2023-04-05,20.40959195031352,0.2200886873991859,15.917671647616025,-4.462216924007664e-16,4.491920302697493,True
2023-04-06,20.60711671179691,0.22235652667282263,16.02498981502027,-4.463050048225403e-16,4.582126896776638,True
2023-04-10,20.588021333237666,0.22207589588102855,16.015918051241183,-4.463884213538791e-16,4.572103281996482,True
2023-04-11,20.39669969374264,0.21981829941136205,15.913131853459884,-4.464741208420726e-16,4.483567840282756,True
2023-04-12,20.137521388972605,0.21675773545130808,15.772557855096622,-4.465605809119458e-16,4.364963533875982,True
2023-04-13,20.69695923480301,0.22300550067522038,16.08142347819114,-4.46646703312059e-16,4.615535756611871,True
2023-04-14,20.63999735883435,0.22232599147696167,16.051189481949635,-4.467327536990867e-16,4.588807876884717,True
2023-04-17,20.65861133471983,0.22236827102479084,16.064791650445034,-4.468196715815015e-16,4.593819684274795,True
2023-04-18,20.662959789619208,0.22248314791809276,16.065799450319755,-4.469069609934114e-16,4.597160339299453,True
2023-04-19,20.64538113553318,0.22218708506017926,16.05824408107265,-4.469961650452988e-16,4.587137054460531,True
2023-04-20,20.416032970992475,0.2194465100846819,15.935805785734376,-4.4708476606884035e-16,4.480227185258099,True
2023-04-21,20.44101693121208,0.2195868890885675,15.952437613480482,-4.471724975864974e-16,4.488579317731597,True
2023-04-24,20.381034785432544,0.21892173213862412,15.919183347428099,-4.472603350379959e-16,4.461851438004444,True
2023-04-25,19.828493405936758,0.21230102037947582,15.618884023268677,-4.473468231204353e-16,4.209609382668082,True
2023-04-26,19.99337755906286,0.21405936662615746,15.713607822052236,-4.474347480746271e-16,4.279769737010626,True
2023-04-27,20.766436122682435,0.22274205762524754,16.140877411172884,-4.475232584825196e-16,4.625558711509553,True
2023-04-28,20.971333643713518,0.22502647570749554,16.252228342982633,-4.476120527798376e-16,4.719105300730884,True
2023-05-01,20.939329195863426,0.22473222407140922,16.233587175113644,-4.4769949698907e-16,4.70574202074978,True
2023-05-02,20.672457331591136,0.2215728401833006,16.092002247062393,-4.477859278601168e-16,4.580455084528744,True
2023-05-03,20.47694635980885,0.2192831749087251,15.986696549594305,-4.47875485045011e-16,4.490249810214546,True
2023-05-04,20.370403606693188,0.21796995834146984,15.930267581143347,-4.479660376443101e-16,4.440136025549841,True
2023-05-05,20.98128004177332,0.2246013108578464,16.268857040915464,-4.480558974952384e-16,4.712423000857858,True
2023-05-08,21.06000743418447,0.22558608646050804,16.30916277627759,-4.481462198732182e-16,4.75084465790688,True
2023-05-09,20.864839344879556,0.2232927919653797,16.205871113652297,-4.482366138143958e-16,4.65896823122726,True
2023-05-10,21.191533902378037,0.2269449638221019,16.382222007568007,-4.483277374746159e-16,4.80931189481003,True
2023-05-11,21.285033760726375,0.2278315885721572,16.435630706208087,-4.484178477927096e-16,4.849403054518287,True
2023-05-12,21.175967718228176,0.2266384551502647,16.376679108257065,-4.485070865009163e-16,4.79928860997111,True
2023-05-15,21.33814885694391,0.22836046613071578,16.465359237605597,-4.485965743412408e-16,4.872789619338311,True
2023-05-16,21.375163877218675,0.22882468011689294,16.483998840567946,-4.486855815980545e-16,4.891165036650729,True
2023-05-17,21.75008829957083,0.23294459120403688,16.683522871975597,-4.487756392056374e-16,5.066565427595233,True
2023-05-18,22.332246227917278,0.23906475901701668,16.993393165131554,-4.48866249141027e-16,5.338853062785724,True
2023-05-19,22.257199327994435,0.23821966456639035,16.95509676989231,-4.489575364238385e-16,5.302102558102123,True
2023-05-22,22.369266272853196,0.23949059145229024,17.012037462813815,-4.490481296416893e-16,5.35722881003938,True
2023-05-23,21.946476460364178,0.2346658882195186,16.79638706850406,-4.491389193292413e-16,5.150089391860116,True
2023-05-24,21.776790301530912,0.23265896201604386,16.71022487393568,-4.492307611068792e-16,5.066565427595233,True
2023-05-25,22.549234217631682,0.2409128221196689,17.11683456562463,-4.493231921176186e-16,5.432399652007053,True
2023-05-26,23.397517762044256,0.24974175606514898,17.554180588585808,-4.49415249883051e-16,5.843337173458447,True
2023-05-30,23.558981249101823,0.2515046059206174,17.633788954155253,-4.495064704743322e-16,5.9251922949465685,True
2023-05-31,23.338435962421848,0.24872775731506183,17.533519126247473,-4.495982090391829e-16,5.804916836174373,True
2023-06-01,23.751467256353315,0.2532642511864903,17.73606968709255,-4.496918396529214e-16,6.015397569260767,True
2023-06-02,24.01979165695121,0.25606826896751167,17.869085186395434,-4.497846867431037e-16,6.150706470555775,True
2023-06-05,24.04575334039044,0.256347513982871,17.881684249736036,-4.498777671879448e-16,6.1640690906544044,True
2023-06-06,24.03604772569281,0.25617308264477096,17.87865928520525,-4.499695815297417e-16,6.157388440487564,True
2023-06-07,23.418676864693396,0.24951611088959572,17.575339691234948,-4.500616824463329e-16,5.843337173458447,True
2023-06-08,23.837304291736967,0.25354361371756057,17.79350802032486,-4.501537129143768e-16,6.043796271412106,True
2023-06-09,23.978826192903476,0.25511248513374657,17.861528252241698,-4.502448154498106e-16,6.11729794066178,True
2023-06-12,24.59300876232346,0.26144323404572983,18.163333016586645,-4.503358470863284e-16,6.429675745736817,True
2023-06-13,24.87623689960468,0.26424157906806683,18.30290077998183,-4.504268971278531e-16,6.5733361196228515,True
2023-06-14,25.14958044184246,0.2669491637589319,18.435920974004627,-4.505180549505671e-16,6.713659467837834,True
2023-06-15,25.60479603634471,0.2714021462416921,18.65559943799998,-4.50608873668217e-16,6.9491965983447255,True
2023-06-16,25.35375800162672,0.26881844731475835,18.538200142035294,-4.506992636594488e-16,6.815557859591426,True
2023-06-20,25.293808900298014,0.2681347058747081,18.511660890365533,-4.507898506354894e-16,6.782148009932482,True
2023-06-21,24.769728575419983,0.26283446908880886,18.259390115825575,-4.508806346992194e-16,6.51033845959441,True
2023-06-22,25.20134281142993,0.2669108566601175,18.474830812645873,-4.509725105786789e-16,6.726511998784057,True
2023-06-23,24.81877879920001,0.2629902497505101,18.291681964295734,-4.510644051796726e-16,6.527096834904276,True
2023-06-26,24.31550295049937,0.2578202618243041,18.046473613411983,-4.511563722002669e-16,6.269029337087386,True
2023-06-27,24.935812514030566,0.2638392504342345,18.356766431360136,-4.51248662326987e-16,6.579046082670429,True
2023-06-28,25.011855118949576,0.26464503526235084,18.392591839018355,-4.513414189933914e-16,6.619263279931221,True
2023-06-29,24.929774844797283,0.2637014501392685,18.355757066578782,-4.514340156271465e-16,6.5740177782185,True
2023-06-30,25.509435021471504,0.26933669937854826,18.638807989776822,-4.51526720830201e-16,6.8706270316946805,True
2023-07-03,25.60025069095071,0.27021409744774977,18.68270205605933,-4.516190508753328e-16,6.917548634891379,True
2023-07-05,25.59471799627804,0.2700761528599205,18.682195026308694,-4.517112564312114e-16,6.912522969969346,True
2023-07-06,25.289888080092677,0.2669040202552636,18.53991527971027,-4.518043412122541e-16,6.749972800382405,True
2023-07-07,25.159626174185355,0.265555078235882,18.47835967711402,-4.51897803749942e-16,6.681266497071336,True
2023-07-10,25.170709102418773,0.2656379196278084,18.48441430089551,-4.519912856217645e-16,6.686294801523264,True
2023-07-11,25.35755034719091,0.2674474740966835,18.575737557555218,-4.52085002067172e-16,6.781812789635689,True
2023-07-12,25.84352869178296,0.27214461636261944,18.81035149050134,-4.521790608639828e-16,7.033177201281622,True
2023-07-13,26.513136360652176,0.2784812918191013,19.12972389676177,-4.522729059630678e-16,7.383412463890404,True
2023-07-14,26.50239762540413,0.27834115849516516,19.12568956744963,-4.523666449079199e-16,7.376708057954499,True
2023-07-17,26.885451467694782,0.28197974860718167,19.304298621643625,-4.524602596746747e-16,7.5811528460511575,True
2023-07-18,27.224357837943455,0.2851172313904411,19.462224304806362,-4.525542169940844e-16,7.762133533137093,True
2023-07-19,27.21981021925413,0.2851648659786207,19.457676686117036,-4.526484632082267e-16,7.762133533137093,True
2023-07-20,26.226653651678816,0.27519759733132887,19.009141580695882,-4.527426751581365e-16,7.2175120709829335,True
2023-07-21,26.105960994545413,0.2740305976083812,18.95212890206904,-4.528368707874884e-16,7.153832092476369,True
2023-07-24,26.164718524783222,0.27450404986102,18.982397326256574,-4.529311758654065e-16,7.182321198526647,True
2023-07-25,26.437494826848017,0.27712291272449147,19.111059255293217,-4.530255365270451e-16,7.326435571554798,True
2023-07-26,26.298511765089497,0.27572004479663254,19.047484923134252,-4.531201865028122e-16,7.251026841955244,True
2023-07-27,26.191102536713114,0.27448347905564247,19.002077592133034,-4.532149102012066e-16,7.189024944580079,True
2023-07-28,26.925994895915977,0.28143066476747247,19.348194252832773,-4.533096537013651e-16,7.577800643083204,True
2023-07-31,26.951166122835495,0.2817274355515069,19.3582832059264,-4.534041831570031e-16,7.592882916909094,True
2023-08-01,26.847611017717,0.2806294846078687,19.313379774862543,-4.534986063799766e-16,7.534231242854458,True
2023-08-02,25.931120323627983,0.2715484830989122,18.88956393469143,-4.535932652201892e-16,7.041556388936553,True
2023-08-03,25.85057628322747,0.2704498277306483,18.859292380690615,-4.536879438185574e-16,6.991283902536852,True
2023-08-04,25.66508950124623,0.2686173820949746,18.77100034818825,-4.537826061662506e-16,6.894089153057979,True
2023-08-07,25.994946081899002,0.2717843109980296,18.929927571599155,-4.538771982270252e-16,7.065018510299849,True
2023-08-08,25.653009882800532,0.2683519226497103,18.76897535899899,-4.539719360907775e-16,6.884034523801542,True
2023-08-09,25.217075322387505,0.26388685948692125,18.562620510117522,-4.540669639481654e-16,6.654454812269981,True
2023-08-10,25.28154822328304,0.26440701498981334,18.59692952324375,-4.541621017920111e-16,6.684618700039287,True
2023-08-11,25.028917313616645,0.26171957637731624,18.47835967711402,-4.542570433003211e-16,6.550557636502624,True
2023-08-14,25.45413610781469,0.26590593877327956,18.685730150403394,-4.543519505730325e-16,6.768405957411298,True
2023-08-15,25.048056885787744,0.26192103265958416,18.487443960146212,-4.544469678258442e-16,6.560612925641534,True
2023-08-16,24.634444589381168,0.25747536552212436,18.291681964295734,-4.545421852895532e-16,6.342762625085435,True
2023-08-17,24.22014860172377,0.25302340742290647,18.091884074226478,-4.546375128839936e-16,6.128264527497293,True
2023-08-18,24.168953774982867,0.25238072436924236,18.069175714005954,-4.547327341831009e-16,6.099778060976911,True
2023-08-21,24.75500939346898,0.25831993965718936,18.36029686073492,-4.548279754257798e-16,6.394712532734063,True
2023-08-22,24.70028751230826,0.2577388924431109,18.334062765859528,-4.549232727196558e-16,6.366224746448734,True
2023-08-23,25.289349821012014,0.26359658314956647,18.623163618119147,-4.550188607658366e-16,6.666186202892867,True
2023-08-24,24.452216236017797,0.25466553371356987,18.225079537792706,-4.55114468896887e-16,6.227136698225091,True
2023-08-25,24.740955003879293,0.2576538356525336,18.36635304942305,-4.552102415959508e-16,6.374601954456244,True
2023-08-28,25.021637542543893,0.2604562628871519,18.504595336896053,-4.553062512173845e-16,6.517042205647841,True
2023-08-29,25.841368739417,0.26827648482973304,18.908737170817258,-4.55402425628273e-16,6.932631568599742,True
2023-08-30,26.062446974686,0.2704373899287291,19.014186839696016,-4.554985661434523e-16,7.0482601349899845,True
2023-08-31,26.183136747147817,0.27162287171365435,19.071197953416217,-4.55594636576195e-16,7.1119387937316,True
2023-09-01,26.137816583275843,0.2711321050168077,19.05101535250904,-4.556904199222377e-16,7.0868012307668025,True
2023-09-05,26.180471120102283,0.271394493818142,19.075235412541637,-4.557856809218216e-16,7.105235707560644,True
2023-09-06,25.824769411176643,0.26786487518055235,18.907220776285264,-4.558811426983402e-16,6.917548634891379,True
2023-09-07,25.53873841873107,0.26495951854112615,18.772006583156326,-4.559770224659296e-16,6.7667318355747454,True
2023-09-08,25.585081112236864,0.2652655430104978,18.79824067803172,-4.560726147915728e-16,6.786840434205144,True
2023-09-11,26.037831340830028,0.269534617351102,19.019734433726875,-4.56168408142803e-16,7.0180969071031525,True
2023-09-12,25.602379521369613,0.2653481038675815,18.808836660875986,-4.56264221614439e-16,6.793542860493625,True
2023-09-13,25.74105716355818,0.26652263496769807,18.880482781472516,-4.563602724722701e-16,6.860574382085667,True
2023-09-14,26.056317341150958,0.2694719686781928,19.034870210727277,-4.564563435503307e-16,7.021447130423683,True
2023-09-15,25.370098498953887,0.26255945433087513,18.708939280747998,-4.56552253723899e-16,6.661159218205887,True
2023-09-18,25.404681319534582,0.2627956669991064,18.728441147267752,-4.566482383975415e-16,6.676240172266828,True
2023-09-19,25.324544504110406,0.26203910574903033,18.688523508751793,-4.56744279498756e-16,6.636020995358612,True
2023-09-20,24.76750473645179,0.2563152488858553,18.419215595646552,-4.568405220423275e-16,6.348289140805241,True
2023-09-21,24.068421472354785,0.24873794245029518,18.081691837294752,-4.569368755106131e-16,5.986729635060033,True
2023-09-22,24.075993352946856,0.24886930597218238,18.084217596608095,-4.570330679727618e-16,5.99177575633876,True
2023-09-25,24.240924711921817,0.2504365073496863,18.170112192141417,-4.571292806849499e-16,6.070812519780401,True
2023-09-26,23.69733272511863,0.24475609838749862,17.897266025128204,-4.572256587786286e-16,5.800066699990427,True
2023-09-27,23.774588058396137,0.24544614426698982,17.939207087926786,-4.573222749113979e-16,5.835380970469352,True
2023-09-28,24.06590848738478,0.24834463969157547,18.08926911523478,-4.574190022006989e-16,5.976639372150002,True
2023-09-29,24.092501787277925,0.24862896218920671,18.102408071365407,-4.57515350617517e-16,5.9900937159125185,True
2023-10-02,24.38652342565478,0.25149284424916585,18.253487287987948,-4.57611574087578e-16,6.133036137666832,True
2023-10-03,23.741614207483934,0.2446537211762446,17.933139944892194,-4.577080901805327e-16,5.808474262591742,True
2023-10-04,24.221094266718467,0.24953072165581322,18.17718713505073,-4.578050807071758e-16,6.043907131667739,True
2023-10-05,24.10363075335174,0.24809557423432602,18.12362664046678,-4.579020009501534e-16,5.98000411288496,True
2023-10-06,24.708318154811444,0.25420675506658885,18.42729677352394,-4.579987600004598e-16,6.281021381287504,True
2023-10-09,24.894793519841972,0.2560179156856326,18.52128037146784,-4.580959575159833e-16,6.373513148374134,True
2023-10-10,25.101628076071854,0.25806198225074634,18.623852177039762,-4.581931756589799e-16,6.477775899032091,True
2023-10-11,25.372408838433536,0.2607428494977517,18.756734659278436,-4.582899598753711e-16,6.615674179155101,True
2023-10-12,25.229870644494778,0.2591498612347804,18.691553168002496,-4.58386982770348e-16,6.5383174764922805,True
2023-10-13,24.747714424326787,0.2542098044421196,18.456602780129252,-4.58484026205688e-16,6.291111644197535,True
2023-10-16,25.168282081851256,0.25838078838017897,18.665281515367795,-4.585809628296208e-16,6.50300056648346,True
2023-10-17,25.04492465073569,0.2571691070231539,18.60414374284382,-4.586779199487258e-16,6.440780907891871,True
2023-10-18,24.528444736041937,0.2514774097845491,18.360094987778652,-4.587751159869208e-16,6.168349748263284,True
2023-10-19,24.191850971715454,0.24816400972911468,18.18830423180537,-4.588721505636354e-16,6.003546739910086,True
2023-10-20,23.649772080031884,0.24240392682465178,17.91697445932414,-4.589688414800337e-16,5.732797620707742,True
2023-10-23,23.754286224196704,0.24346128023695107,17.971037288938806,-4.590653706446124e-16,5.7832489352579,True
2023-10-24,24.092231397043395,0.24681692887098328,18.145860833976066,-4.591617925933581e-16,5.94637056306733,True
2023-10-25,23.212545671355787,0.23740693947824223,17.70172624602029,-4.592585081026983e-16,5.510819425335497,True
2023-10-26,22.553826588712184,0.2300993559038774,17.364205617481765,-4.59355371554954e-16,5.1896209712304175,True
2023-10-27,22.711188376683733,0.23176303395844483,17.447574453701744,-4.594519820135594e-16,5.26361392298199,True
2023-10-30,23.077586980146165,0.23544330640935746,17.644123597591012,-4.595487039455322e-16,5.433463382555152,True
2023-10-31,23.24100696925029,0.23718853848421922,17.72850649331226,-4.59645592134301e-16,5.51250047593803,True
2023-11-01,23.832918929421886,0.24322254845017532,18.03621565040147,-4.597426284291049e-16,5.796703279020416,True
2023-11-02,24.46808244109793,0.2494860839337647,18.363636371499897,-4.598393203345955e-16,6.1044460695980325,True
2023-11-03,24.899085747429222,0.25381254784239954,18.579385354927833,-4.599354851444921e-16,6.319700392501388,True
2023-11-06,25.047185417162467,0.25519879887933894,18.655173783394513,-4.600313597874863e-16,6.392011633767956,True
2023-11-07,25.403468784111112,0.2587028733075201,18.83151841768367,-4.60127382210414e-16,6.571950366427439,True
2023-11-08,25.42736598407674,0.25892271633194747,18.843643314313027,-4.602236620349208e-16,6.583722669763712,True
2023-11-09,25.125956239947797,0.25580425687085045,18.69862967581844,-4.603198706979976e-16,6.427326564129355,True
2023-11-10,25.975167995408626,0.2639502154932856,19.119016805546224,-4.604160081378687e-16,6.856151189862403,True
2023-11-13,25.85332407415347,0.262787492703811,19.059393862647603,-4.605119281395642e-16,6.793930211505867,True
2023-11-14,26.690748941886355,0.270545953292657,19.469674825308736,-4.606080508716046e-16,7.22107411657762,True
2023-11-15,26.72558259357992,0.2709484052278328,19.48432861106471,-4.607040657125202e-16,7.241253982515207,True
2023-11-16,26.754030787189848,0.27110026985389324,19.501005821103313,-4.608001371378394e-16,7.253024966086535,True
2023-11-17,26.763620077579677,0.2711916305253682,19.505550309979363,-4.608960091669296e-16,7.258069767600314,True
2023-11-20,27.26007551056313,0.27575293841981824,19.74302958697922,-4.609917182433005e-16,7.51704592358391,True
2023-11-21,27.009166113219145,0.27327136397306806,19.62833444968458,-4.610875386632002e-16,7.380831663534565,True
2023-11-22,27.17526552061512,0.27475707948527767,19.708668931933946,-4.611836900548051e-16,7.466596588681174,True
2023-11-24,27.11048206756743,0.27404896745755936,19.680882449673895,-4.61280044501891e-16,7.429599617893532,True
2023-11-27,27.07144127601675,0.27363664519682857,19.663702904604573,-4.613761994214731e-16,7.407738371412175,True
2023-11-28,27.18183499868043,0.2746906744538641,19.715238409999255,-4.614724659297683e-16,7.466596588681174,True
2023-11-29,27.135729111146624,0.27416586118668224,19.696038570460587,-4.615687891550228e-16,7.439690540686038,True
2023-11-30,27.02398781240406,0.2729969993287153,19.64652022972198,-4.616647661530199e-16,7.377467582682081,True
2023-12-01,27.14229858921194,0.27409950252492765,19.702608048525903,-4.617607264707327e-16,7.439690540686038,True
2023-12-04,26.747499174668196,0.27022335552459664,19.519700195797977,-4.618562852905345e-16,7.227798978870219,True
2023-12-05,26.84864029607852,0.27114707761429896,19.568709941879323,-4.619520105048589e-16,7.279930354199197,True
2023-12-06,26.60597191041743,0.26875328216849237,19.45552963421003,-4.620481221876039e-16,7.150442276207398,True
2023-12-07,27.177141470694785,0.2741192693903918,19.72736330662861,-4.621442538669185e-16,7.449778164066172,True
2023-12-08,27.354192946088048,0.275603396696387,19.81528445625783,-4.622402221521889e-16,7.538908489830215,True
2023-12-11,27.715166753954634,0.2789309887460961,19.984547888011136,-4.623362103661108e-16,7.730618865943498,True
2023-12-12,28.06099230831328,0.2821454912893449,20.143709847417703,-4.624322185128226e-16,7.91728246089558,True
2023-12-13,28.59632264181147,0.2866256352386723,20.39988349911223,-4.625285218600364e-16,8.196439142699239,True
2023-12-14,28.56518749257217,0.2864671355857352,20.382200054105553,-4.62624386403394e-16,8.18298743846662,True
2023-12-15,28.761249923203422,0.28790554545768055,20.480726576018867,-4.627201239528259e-16,8.280523347184554,True
2023-12-18,29.06346044302833,0.29087155449745933,20.60972652488926,-4.628160649291563e-16,8.453733918139068,True
2023-12-19,29.294896152120593,0.29287897763796145,20.715036917077263,-4.629120257980101e-16,8.57985923504333,True
2023-12-20,28.605854692318495,0.28660710398967987,20.407213521803495,-4.63008245367545e-16,8.198641170514998,True
2023-12-21,29.115240483865318,0.2909327650232595,20.644663065577237,-4.631043379521523e-16,8.47057741828808,True
2023-12-22,29.17990215004003,0.2914457607860149,20.67554336826014,-4.632000829370093e-16,8.504358781779889,True
2023-12-26,29.461868918013288,0.293930817161318,20.802117711842005,-4.632958109575152e-16,8.659751206171283,True
2023-12-27,29.54981886438547,0.29459931324060845,20.844462520553133,-4.633914668359368e-16,8.705356343832335,True
2023-12-28,29.517730314631745,0.29417564772724153,20.83433287988692,-4.634877308990621e-16,8.683397434744826,True
2023-12-29,29.307641102328738,0.2921925713228345,20.74416608923251,-4.635837022859579e-16,8.563475013096225,True
2024-01-02,28.522519826226535,0.28501655932544484,20.393129362063664,-4.636789944882699e-16,8.129390464162872,True
2024-01-03,28.046614137068126,0.28057846742046116,20.17733812615651,-4.637749134769657e-16,7.869276010911615,True
2024-01-04,27.81102988106672,0.2782180727555974,20.073498746208006,-4.638712571965679e-16,7.737531134858713,True
2024-01-05,27.863545162377687,0.2787241385130338,20.097302541074956,-4.63967492077866e-16,7.766242621302731,True
2024-01-08,28.74678465840404,0.2864358783502452,20.512674145028722,-4.640635996259335e-16,8.234110513375315,True
2024-01-09,28.84135888923467,0.2873706997874784,20.553197402413492,-4.641597270819924e-16,8.288161486821178,True
2024-01-10,29.14449689903021,0.29000321387023836,20.692499131680254,-4.6425605864475e-16,8.451997767349956,True
2024-01-11,29.228091640404678,0.29056073081942524,20.735555972911563,-4.64352318083724e-16,8.492535667493117,True
2024-01-12,29.24886369088148,0.2907008481596909,20.746194208235046,-4.644484684950592e-16,8.502669482646432,True
2024-01-16,29.241768334361048,0.2905980974872605,20.74416608923251,-4.645442702060901e-16,8.497602245128538,True
2024-01-17,28.977806097057716,0.2881741395048156,20.62715176030071,-4.646401838517163e-16,8.350654336757005,True
2024-01-18,29.628670930144082,0.2939292478891316,20.919937967692256,-4.647363385592435e-16,8.708732962451828,True
2024-01-19,30.546868949584365,0.30157164561468414,21.33479941208211,-4.648322365303492e-16,9.212069537502254,True
2024-01-22,30.611886964567688,0.3021449651345978,21.362659444954133,-4.649281174011511e-16,9.249227519613553,True
2024-01-23,30.81032415713706,0.30376238166601105,21.45130671126327,-4.650240549456673e-16,9.359017445873787,True
2024-01-24,31.08306726039853,0.30604190864824676,21.570346029384332,-4.651201968243976e-16,9.512721231014197,True
2024-01-25,31.136433500789913,0.3063852961107496,21.596688102817733,-4.652163585800801e-16,9.539745397972181,True
2024-01-26,30.8321077273595,0.3037121161548833,21.468023043967815,-4.653122633047897e-16,9.364084683391683,True
2024-01-29,31.327261808037747,0.30769997099813684,21.68786425825349,-4.654082801175053e-16,9.639397549784254,True
2024-01-30,30.990346539412663,0.3048319085875613,21.543500056013574,-4.655043167432133e-16,9.446846483399089,True
2024-01-31,30.012696008542605,0.2962462802832005,21.1215464547414,-4.656004286079744e-16,8.891149553801204,True
2024-02-01,30.57557608201622,0.3010675676534574,21.370261761400368,-4.656962831761392e-16,9.205314320615852,True
2024-02-02,31.3995449144543,0.307906171307439,21.73143125904871,-4.657923792310476e-16,9.668113655405591,True
2024-02-05,31.322196340692777,0.3071026844584087,21.70306576133268,-4.658886799577762e-16,9.619130579360098,True
2024-02-06,31.222891951989837,0.3062942292869912,21.65950032544411,-4.65985333374254e-16,9.563391626545727,True
2024-02-07,31.7312221959243,0.3103833047051372,21.882380588420315,-4.660819143829572e-16,9.848841607503985,True
2024-02-08,31.812282938711448,0.3108666406322454,21.922905410711724,-4.661785154092244e-16,9.889377527999724,True
2024-02-09,32.31858826328148,0.3149857494871361,22.138693516805603,-4.662750439593504e-16,10.179894746475876,True
2024-02-12,32.11204669432627,0.31327720779020685,22.052074369498996,-4.663716295002885e-16,10.059972324827275,True
2024-02-13,31.29178881092314,0.30626758458985576,21.708128234305835,-4.664683831096348e-16,9.583660576617305,True
2024-02-14,31.83237911962302,0.3106173802264888,21.94468891110933,-4.665652493380588e-16,9.887690208513687,True
2024-02-15,31.980481371500943,0.31176676901191613,22.010030022862324,-4.6666185796666155e-16,9.97045134863862,True
2024-02-16,31.507276776312743,0.3077646852928633,21.810449654815713,-4.667584865993841e-16,9.696827121497032,True
2024-02-20,31.1180048073945,0.3043955867189848,21.64582147652346,-4.66855227853299e-16,9.472183330871038,True
2024-02-21,30.91315566738602,0.302588008451835,21.559205459030128,-4.669518038937393e-16,9.353950208355892,True
2024-02-22,32.35336577405323,0.31412508379388665,22.190362039264492,-4.670488075745222e-16,10.163003734788736,True
2024-02-23,32.195123937678815,0.3127835805034835,22.125017797698224,-4.671457943331489e-16,10.07010613998059,True
2024-02-26,32.16996054919878,0.31260824926861086,22.11336550287347,-4.672429309940769e-16,10.05659504632531,True
2024-02-27,32.28564499049283,0.3134238104547186,22.16655511458427,-4.673402732713674e-16,10.119089875908559,True
2024-02-28,32.003777682001086,0.311064870365248,22.0485267261512,-4.674375430999319e-16,9.955250955849884,True
2024-02-29,32.43256556304557,0.31434747644143035,22.237470423780955,-4.6753474042607695e-16,10.195095139264613,True
2024-03-01,33.23526178435726,0.3208328082576869,22.572299412902538,-4.6763164256784e-16,10.662962371454723,True
2024-03-04,33.02804087110759,0.3190102650700732,22.491756798070348,-4.677284163411475e-16,10.536284073037244,True
2024-03-05,32.060181021385,0.31104446855385315,22.088039053847975,-4.6782535862455e-16,9.972141967537025,True
2024-03-06,32.38308383617308,0.3136282069145445,22.226835318270744,-4.679223581267007e-16,10.156248517902332,True
2024-03-07,33.17310747919939,0.31980461053960474,22.564194761425583,-4.680194705847137e-16,10.608912717773809,True
2024-03-08,32.3829070022262,0.3132647752455708,22.23848291837559,-4.681165660557053e-16,10.14442408385061,True
2024-03-11,32.182106275689605,0.31154551773105227,22.155915314354143,-4.682136816701546e-16,10.026190961335464,True
2024-03-12,32.92535416005862,0.3174402195743253,22.473522505927182,-4.683110403838366e-16,10.451831654131432,True
2024-03-13,32.50939632381865,0.31402023313142174,22.30078811125133,-4.684084193419485e-16,10.208608212567317,True
2024-03-14,32.370408578482404,0.31281175856530413,22.244564145569917,-4.685057813761232e-16,10.125844432912487,True
2024-03-15,31.736086788707773,0.3074085162977527,21.980143435894405,-4.686031636476918e-16,9.755943352813366,True
2024-03-18,32.22103743296614,0.3113263363987051,22.18977989399525,-4.687005661608608e-16,10.031257538970888,True
2024-03-19,32.34557448078196,0.31226867128574737,22.245064915694,-4.687979889198375e-16,10.100509565087961,True
2024-03-20,32.9678519267121,0.31724945182418346,22.508818975141835,-4.688954319288303e-16,10.459032951570265,True
2024-03-21,33.2099777645968,0.3190198889699414,22.61533434544091,-4.689927091270461e-16,10.594643419155894,True
2024-03-22,33.2578824465384,0.31922297552892936,22.64120225216307,-4.690900065064209e-16,10.616680194375338,True
2024-03-25,33.0672252556881,0.31778268285592737,22.559033699334254,-4.691871751467203e-16,10.508191556353843,True
2024-03-26,32.89586874387602,0.3164492310019078,22.48599637673676,-4.692843266804302e-16,10.409872367139261,True
2024-03-27,33.06399285175717,0.3176086442811576,22.56258290758869,-4.693814983306757e-16,10.501409944168481,True
2024-03-28,32.95629422717623,0.316640584844261,22.520993948783605,-4.694786342269224e-16,10.435300278392624,True
2024-04-01,33.068386665408966,0.31751517884227287,22.56867195931621,-4.695755666620859e-16,10.499714706092758,True
2024-04-02,32.592219102138856,0.31352028073210014,22.37389741955416,-4.696727986174983e-16,10.21832168258469,True
2024-04-03,32.710240295089484,0.31446196951296734,22.424113708653216,-4.697699575149184e-16,10.286126586436266,True
2024-04-04,31.882549486723935,0.30741946204537035,22.081233274880365,-4.698670805901792e-16,9.80131621184357,True
2024-04-05,32.4885628637488,0.3123291832001586,22.341436561167125,-4.699640932271862e-16,10.147126302581668,True
2024-04-08,32.50193544795161,0.31240927025345944,22.348029512832,-4.700613496882136e-16,10.153905935119608,True
2024-04-09,32.689711417190225,0.31382977432701736,22.43070666031809,-4.701587754998299e-16,10.25900475687213,True
2024-04-10,32.22439761111475,0.30999730517231316,22.23492119086805,-4.702561655279833e-16,9.9894764202467,True
2024-04-11,33.049006420039646,0.31647042027951283,22.589973468469385,-4.703540049363251e-16,10.459032951570265,True
2024-04-12,32.183727728759024,0.3092829545475329,22.22984932845507,-4.704517713743562e-16,9.953878400303951,True
2024-04-15,31.317958499071842,0.3018655319782379,21.864146296277145,-4.705494087859935e-16,9.4538122027947,True
2024-04-16,31.321681196267626,0.30188375654990995,21.86617441527968,-4.706472158401097e-16,9.455506780987948,True
2024-04-17,30.703987343302398,0.29652866235217695,21.599375047514766,-4.707449498395992e-16,9.104612295787632,True
2024-04-18,30.418002339480253,0.29396668587764274,21.476123000724858,-4.708428348963219e-16,8.941879338755394,True
2024-04-19,29.419363676864776,0.2851035894192856,21.031797494159274,-4.709407963644858e-16,8.3875661827055,True
2024-04-22,29.87497531848973,0.2889263176306425,21.243308710412162,-4.710388155876222e-16,8.63166660807757,True
2024-04-23,30.576785112607762,0.2948793943489874,21.56032123746285,-4.711368552119813e-16,9.016463875144911,True
2024-04-24,30.737972420754613,0.2962008089264892,21.63336012496698,-4.712349152418094e-16,9.104612295787632,True
2024-04-25,30.487703273418113,0.2938506164076575,21.528872873670444,-4.71333182683616e-16,8.958830399747669,True
2024-04-26,31.231852709128322,0.3000382411999137,21.8611025528667,-4.714312835760459e-16,9.370750156261622,True
2024-04-29,31.432492667912484,0.3016823613302652,21.9498640573604,-4.715292739341335e-16,9.482628610552085,True
2024-04-30,30.47615629588315,0.29335009815541846,21.535972855085955,-4.716273782197535e-16,8.940183440797197,True
2024-05-01,30.127193678380163,0.2903336086215489,21.380256820095735,-4.717255403445467e-16,8.746936858284428,True
2024-05-02,30.723850058788866,0.295233491133571,21.653140544868258,-4.718238164987852e-16,9.070709513920608,True
2024-05-03,31.699796246449708,0.30320262472739556,22.088334821202515,-4.719218884476433e-16,9.611461425247194,True
2024-05-06,32.257031972624745,0.30773934498775973,22.330274082119985,-4.720199246043509e-16,9.926757890504762,True
2024-05-07,32.26058744050574,0.3077054287623085,22.333829550000974,-4.721180747748624e-16,9.926757890504762,True
2024-05-08,32.22875078852975,0.3074307886360313,22.32064051685794,-4.722163015637692e-16,9.908110271671816,True
2024-05-09,32.33168717757438,0.30812974701773566,22.369332586891815,-4.723145862640732e-16,9.962354590682562,True
2024-05-10,32.45224417916065,0.3090744695202782,22.422084024744038,-4.724127977054986e-16,10.030160154416615,True
2024-05-13,32.57008941323913,0.309985981673525,22.473818273281715,-4.725110858131488e-16,10.096271139957416,True
2024-05-14,32.902807212422786,0.31257000723619355,22.618376523944715,-4.726093381140024e-16,10.284430688478071,True
2024-05-15,33.73098089146465,0.31896705431967887,22.97190927720079,-4.727075170801979e-16,10.759071614263854,True
2024-05-16,33.61820883956409,0.31807054324392886,22.925246891076092,-4.728058102262814e-16,10.692961948488001,True
2024-05-17,33.58331459236348,0.31769432960777394,22.91408597693559,-4.729041801023705e-16,10.669228615427887,True
2024-05-20,33.963456182459836,0.3206268616810019,23.07385981483752,-4.730025141418743e-16,10.88959636762232,True
2024-05-21,34.064540580973166,0.32131764344034236,23.119002676616958,-4.73100868628614e-16,10.94553790435621,True
2024-05-22,34.0531932311013,0.3212255860358725,23.114436279047975,-4.731992435668414e-16,10.93875695205332,True
2024-05-23,33.78647939264068,0.3189448421040821,23.010456057502072,-4.732977328516967e-16,10.776023335138605,True
2024-05-24,34.30581307110702,0.322912033959857,23.2280531956692,-4.733962426356111e-16,11.077759875437817,True
2024-05-28,34.51391672567516,0.3244521509718001,23.315802205568268,-4.734947729228511e-16,11.198114520106893,True
2024-05-29,34.11564864345237,0.32138282517005673,23.15146509991063,-4.735933800909834e-16,10.964183543541735,True
2024-05-30,33.515028797483005,0.3166219908134938,22.90343365745236,-4.736920453785024e-16,10.611595140030644,True
2024-05-31,33.46055375804421,0.3167827971487126,22.860825944426097,-4.737906936294076e-16,10.599727813618113,True
2024-06-03,33.68670392366692,0.3177256944326728,22.983572526372004,-4.738893060156721e-16,10.703131397294914,True
2024-06-04,33.82927354139832,0.3187418220567498,23.046469253956822,-4.73987901319081e-16,10.782804287441497,True
2024-06-05,34.94482384994625,0.32719409672694305,23.51108377508095,-4.740864607037803e-16,11.4337400748653,True
2024-06-06,34.923144774610414,0.3270088717371793,23.502966604350892,-4.741850405825731e-16,11.42017817025952,True
2024-06-07,34.859971077820546,0.32638582781320463,23.482170560041713,-4.742835092422282e-16,11.37780051777883,True
2024-06-10,35.075172074274306,0.32781457204457365,23.577019551356294,-4.743820924557841e-16,11.498152522918012,True
2024-06-11,35.474295483895375,0.33081626613169207,23.738821508260763,-4.744806020349794e-16,11.735473975634614,True
2024-06-12,36.247995028522595,0.33652197605762507,24.049748113397204,-4.745793580152719e-16,12.198246915125393,True
2024-06-13,36.57329134724731,0.3388589765729188,24.180103271415902,-4.746780968878337e-16,12.39318807583141,True
2024-06-14,36.87825907561833,0.3409291650053993,24.305385002114985,-4.747767997893832e-16,12.572874073503348,True
2024-06-17,37.631991029187844,0.3462179295770114,24.60312100920176,-4.748755232148685e-16,13.028870019986083,True
2024-06-18,37.64638368737679,0.3462656886393036,24.61073271508782,-4.749743237062457e-16,13.035650972288972,True
2024-06-20,37.14985677585391,0.3426346113503312,24.421030037738742,-4.75072993970056e-16,12.728826738115172,True
2024-06-21,36.967463615669885,0.34116119029644576,24.355599726307396,-4.751714962060952e-16,12.611863889362489,True
2024-06-24,36.26300675421567,0.3360086793989611,24.07832174369605,-4.752698303102706e-16,12.184685010519614,True
2024-06-25,36.945192548641806,0.3408162600760803,24.35367019642304,-4.753680904624153e-16,12.59152235221877,True
2024-06-26,37.0742746560809,0.3417547201625996,24.40396629576062,-4.75466616159243e-16,12.670308360320288,True
2024-06-27,37.229154157711065,0.3428011182042224,24.466958482650337,-4.755652943501787e-16,12.762195675060727,True
2024-06-28,36.90135514655336,0.34040487962902166,24.33995378974308,-4.7566386091986015e-16,12.561401356810274,True
2024-07-01,37.25000666402575,0.3427462615250934,24.482706138146106,-4.757622591588163e-16,12.76730052587964,True
2024-07-02,37.89844440340045,0.3472088205420448,24.739770221717517,-4.758607721523654e-16,13.15867418168293,True
2024-07-03,38.42800876153822,0.35083738956443766,24.94602648148081,-4.759594943823205e-16,13.481982280057409,True
2024-07-05,39.096510178234624,0.3552842502193001,25.206135873369302,-4.760582748650466e-16,13.890374304865324,True
2024-07-08,39.24833992196948,0.35625099883560085,25.266079622128665,-4.761569813904739e-16,13.982260299840815,True
2024-07-09,39.300815368687765,0.3565546402417358,25.28792728369842,-4.762555761165858e-16,14.012888084989347,True
2024-07-10,40.003499793272006,0.36126612144923725,25.551590578561264,-4.763543235507044e-16,14.451909214710742,True
2024-07-11,38.493641202250316,0.35076970069302427,24.991238199152306,-4.76453091459241e-16,13.50240300309801,True
2024-07-12,38.859969328218156,0.3531117452104401,25.13805773990687,-4.765513693619234e-16,13.721911588311286,True
2024-07-15,39.02963431849495,0.35419262429878257,25.205625713805397,-4.76649667536373e-16,13.824008604689553,True
2024-07-16,39.04949768403942,0.3542739458015293,25.215278057947092,-4.767478914112599e-16,13.834219626092327,True
2024-07-17,37.09264420821676,0.34016329396080713,24.475088172633495,-4.768461355272804e-16,12.617556035583268,True
2024-07-18,36.787933713545,0.3378465159879962,24.359258478026476,-4.769444377398169e-16,12.428675235518526,True
2024-07-19,36.235103145543405,0.33370282823997893,24.143346744308214,-4.770427223584188e-16,12.091756401235191,True
2024-07-22,37.1222878678752,0.33993755710977014,24.503028015744047,-4.771410272306719e-16,12.619259852131153,True
2024-07-23,36.89978980082134,0.3382980630754359,24.416662383312758,-4.772392955623634e-16,12.483127417508584,True
2024-07-24,34.67797246486682,0.3211589544570992,23.540831085358118,-4.773372621817517e-16,11.137141379508703,True
2024-07-25,34.04741585020132,0.31621157900350333,23.281228723220256,-4.774351920897634e-16,10.766187126981066,True
2024-07-26,34.59418236062497,0.32011692593241675,23.51999904819627,-4.775329526262053e-16,11.074183312428701,True
2024-07-29,34.70609190546008,0.32094783896726176,23.567246709403488,-4.776306384385456e-16,11.138845196056588,True
2024-07-30,33.92814448493982,0.3149158221317155,23.24363497106137,-4.777281925979779e-16,10.684509513878453,True
2024-07-31,35.55020313083424,0.3268252068782691,23.93150063803485,-4.778255392002928e-16,11.618702492799391,True
2024-08-01,34.13334969935853,0.3158641942312908,23.351846700155775,-4.779229056389102e-16,10.781502999202756,True
2024-08-02,32.7929425509203,0.3048019048120544,22.797591197007527,-4.780199126052973e-16,9.995351353912778,True
2024-08-05,31.241970511923185,0.2920468290640353,22.117852090203925,-4.7811532690135675e-16,9.124118421719261,True
2024-08-06,31.681327358161504,0.29519395086284544,22.329191166726655,-4.782113294222601e-16,9.352136191434848,True
2024-08-07,31.138322641880947,0.2906691146292034,22.087373968526933,-4.78307730752299e-16,9.050948673354013,True
2024-08-08,32.64268396040317,0.302660150565903,22.763044318072357,-4.784041515156216e-16,9.87963964233081,True
2024-08-09,32.89599071121522,0.30441607149990474,22.88192245080973,-4.785006486739451e-16,10.014068260405494,True
2024-08-12,33.01333517866706,0.30539579728222355,22.93120136083276,-4.785970133842925e-16,10.082133817834306,True
2024-08-13,34.315724013103555,0.31517723810532877,23.50018889506887,-4.786933595202842e-16,10.815535118034687,True
2024-08-14,34.34206045001553,0.31548054725186137,23.507808425488125,-4.78789345136668e-16,10.834252024527403,True
2024-08-15,35.75102077246564,0.32584608848203545,24.101690494517708,-4.78885539999812e-16,11.649330277947925,True
2024-08-16,35.812640798149914,0.3261407637661473,24.132678775758613,-4.789820772421399e-16,11.679962022391301,True
2024-08-19,36.5822789312043,0.3316522163870052,24.449685043182754,-4.790785389068481e-16,12.13259388802155,True
2024-08-20,36.45609850686469,0.3307464077718112,24.398374884343905,-4.791747918726951e-16,12.057723622520786,True
2024-08-21,36.734953355879114,0.33272888377814835,24.51217333013511,-4.792704937268157e-16,12.222780025744003,True
2024-08-22,35.759253248548305,0.3253904140950284,24.123535026274187,-4.79365682174274e-16,11.635718222274122,True
2024-08-23,36.3867362612107,0.3298335838044606,24.385168637227856,-4.794612699758075e-16,12.001567623982844,True
2024-08-26,35.79775827410894,0.32542066429822814,24.148427996161022,-4.795564011801678e-16,11.649330277947925,True
2024-08-27,35.96859620707519,0.3266190182175978,24.220568627255076,-4.796515132024937e-16,11.74802757982011,True
2024-08-28,35.29557246092874,0.321565694088515,23.945727204278718,-4.79746073071005e-16,11.349845256650024,True
2024-08-29,35.20096019966902,0.3207380378272256,23.910673295592915,-4.798404040930473e-16,11.290286904076105,True
2024-08-30,35.87053018941074,0.3254720370843306,24.195675657368245,-4.799349440803306e-16,11.674854532042492,True
2024-09-03,34.07070885245756,0.31140056329786214,23.46107092384481,-4.800295598252142e-16,10.609637928612742,True
2024-09-04,33.91955864684791,0.3101293828853473,23.400106855957624,-4.801242323177386e-16,10.519451790890288,True
2024-09-05,33.9754359573188,0.3106210199292916,23.421951387714106,-4.802185043288311e-16,10.553484569604693,True
2024-09-06,32.49211026851003,0.29845914683575764,22.79454275887717,-4.803124899534458e-16,9.697567509632865,True
2024-09-09,33.14598398648674,0.30345488445473184,23.087673245729018,-4.804060365287246e-16,10.058310740757726,True
2024-09-10,33.629911819968484,0.3071334194719645,23.301042006160923,-4.804993534945836e-16,10.328869813807557,True
2024-09-11,34.79443622236707,0.31578033909331377,23.80703735350732,-4.80591544541904e-16,10.987398868859753,True
2024-09-12,35.35313679567186,0.31998317064526016,24.04072799153716,-4.806845161204613e-16,11.312408804134694,True
2024-09-13,35.608877474044206,0.3218424811688282,24.148427996161022,-4.807768380701188e-16,11.460449477883182,True
2024-09-16,35.34904600435421,0.31987578821569823,24.04174205103843,-4.808677087084216e-16,11.307303953315781,True
2024-09-17,35.368555699134745,0.31989181003493505,24.054444398217118,-4.809582530426592e-16,11.31411130091763,True
2024-09-18,35.11636735883012,0.3179733972216064,23.950296731660973,-4.810486235741025e-16,11.166070627169143,True
2024-09-19,36.565939862015696,0.3284498501525888,24.55586239364807,-4.811367203712332e-16,12.01007746836763,True
2024-09-20,36.4426240738872,0.3274599744133129,24.509123327098116,-4.812244132651008e-16,11.933500746789084,True
2024-09-23,36.596077453423185,0.32850479788603587,24.574090426164688,-4.813112055268073e-16,12.021987027258497,True
2024-09-24,36.88477833008555,0.3305469484382352,24.692627409255028,-4.813972112511657e-16,12.192150920830523,True
2024-09-25,36.95034726864827,0.33111534111535945,24.715520428458806,-4.814830795213832e-16,12.234826840189463,True
2024-09-26,37.395517586430174,0.3341124624701543,24.901209120282026,-4.815688102583793e-16,12.494308466148146,True
2024-09-27,37.04204699066584,0.3314939149560295,24.762833815744813,-4.816541931715938e-16,12.27921317492103,True
2024-09-30,37.20479743831467,0.3326132972353282,24.829987089384336,-4.817398588078303e-16,12.374810348930334,True
2024-10-01,36.334771616959316,0.3261539434862781,24.48404256841475,-4.818258455520665e-16,11.850729048544569,True
2024-10-02,36.41375045806024,0.32666544681277626,24.518636394549056,-4.819115417179042e-16,11.895114063511185,True
2024-10-03,36.36812406522111,0.32632423346510486,24.500323857074,-4.819970810175075e-16,11.867800208147113,True
2024-10-04,37.07787185473959,0.3313577534096418,24.791831535742492,-4.820824824873602e-16,12.286040318997099,True
2024-10-07,36.40772870986383,0.3263443657942371,24.526271574034684,-4.821686642984227e-16,11.88145713582915,True
2024-10-08,37.289563642732936,0.3324523267503324,24.892561446201768,-4.822552441893724e-16,12.397002196531167,True
2024-10-09,37.7841704257703,0.33600702851568315,25.088423596077064,-4.823418970340875e-16,12.695746829693233,True
2024-10-10,37.71129917013486,0.3354793765501111,25.059936035643293,-4.8242869943208155e-16,12.651363134491564,True
2024-10-11,37.78290357178202,0.33570200167363023,25.099107213693046,-4.825154217380199e-16,12.683796358088978,True
2024-10-14,38.31787218416984,0.33947985651409573,25.309726433162403,-4.826018724151914e-16,13.008145751007438,True
2024-10-15,37.46060462468662,0.3333952888118737,24.97141552677181,-4.826883960390137e-16,12.489189097914807,True
2024-10-16,37.45682640902429,0.3332465804230955,24.974467094715443,-4.827748777074133e-16,12.482359314308841,True
2024-10-17,37.51167879859378,0.33376040814184743,24.991765572689232,-4.828611449760381e-16,12.519913225904544,True
2024-10-18,37.89741517045421,0.33621919182159665,25.155576869716583,-4.829476575952879e-16,12.74183830073763,True
2024-10-21,38.015736841542726,0.3370138384697865,25.203907446317135,-4.830341473883139e-16,12.811829395225592,True
2024-10-22,38.080765328694184,0.33742457210199683,25.231379382342993,-4.831207485128657e-16,12.849385946351191,True
2024-10-23,37.10005013106437,0.33033141972633023,24.844737899351852,-4.832070200751001e-16,12.255312231712518,True
2024-10-24,37.59342949625894,0.3337611718164004,25.046202414990326,-4.832934029195738e-16,12.547227081268616,True
2024-10-25,37.95773096008459,0.33613467237430844,25.198821499744415,-4.833794559947075e-16,12.758909460340178,True
2024-10-28,37.973747549417126,0.33630753129633,25.20289025700259,-4.834659655763414e-16,12.770857292414535,True
2024-10-29,38.56928137096737,0.3402767479661645,25.445051734662623,-4.835519534492323e-16,13.124229636304745,True
2024-10-30,38.08506296923024,0.33693825836959107,25.252748182481596,-4.836379182413226e-16,12.832314786748645,True
2024-10-31,36.4711475294347,0.3250747294751127,24.615299112656796,-4.837235720485606e-16,11.85584841677791,True
2024-11-01,36.905927655868055,0.3280909693370171,24.79742607697248,-4.83808645975101e-16,12.108501578895577,True
2024-11-04,36.721021666950605,0.32667482277815085,24.72518842166688,-4.838931205024197e-16,11.995833245283727,True
2024-11-05,37.492233086299734,0.33211225051861043,25.04060317904042,-4.839779554196198e-16,12.451629907259312,True
2024-11-06,39.18302267623439,0.3435731864828915,25.72078671932914,-4.840629012302749e-16,13.462235956905243,True
2024-11-07,40.217897621715494,0.35039520412966046,26.125739174888704,-4.841479964115985e-16,14.092158446826787,True
2024-11-08,40.28256657470335,0.3506802561806703,26.156265808671474,-4.842329144346572e-16,14.126300766031877,True
2024-11-11,40.24169977079227,0.3504000439111664,26.141006404046685,-4.84317904994665e-16,14.100693366745588,True
2024-11-12,40.11756369536401,0.34956942836579097,26.093689886947402,-4.844027567221283e-16,14.023873808416607,True
2024-11-13,40.02253220374003,0.34886395699639494,26.06011325012764,-4.844877770921525e-16,13.962418953612392,True
2024-11-14,39.54609383754566,0.3455989177780726,25.879006604939775,-4.845721779364679e-16,13.667087232605887,True
2024-11-15,37.94109028087372,0.334167404685312,25.262414610783033,-4.846564588811499e-16,12.678675670090687,True
2024-11-18,38.37266557443324,0.33708214508864004,25.43792514983427,-4.847409468130895e-16,12.934740424598969,True
2024-11-19,38.80715408464749,0.33999454590287714,25.612933353854785,-4.848256418261707e-16,13.194220730792708,True
2024-11-20,38.77703808087183,0.3398624371287085,25.598179414073993,-4.84910447835118e-16,13.178858666797838,True
2024-11-21,38.99885981046525,0.3412560835032645,25.690261650453014,-4.84995307160553e-16,13.308598160012233,True
2024-11-22,39.08957708459385,0.34173061411827965,25.731471901851762,-4.850802390788983e-16,13.358105182742086,True
2024-11-25,39.191729146561315,0.34240792662139496,25.772170428779962,-4.851652243660821e-16,13.419558717781353,True
2024-11-26,39.53837259824958,0.3446734392283947,25.910545733317175,-4.852500320214442e-16,13.627826864932404,True
2024-11-27,39.00489527354969,0.3409406786247338,25.706539809298985,-4.853346619373758e-16,13.298355464250704,True
2024-11-29,39.57048823922876,0.34465251372381833,25.932419998299775,-4.854191140248234e-16,13.638068240928982,True
2024-12-02,40.294983833031495,0.3494283396000606,26.21477453804401,-4.855033496540297e-16,14.08020929498748,True
2024-12-03,40.499977562927846,0.3507367231968814,26.295148142959317,-4.855877347622458e-16,14.20482941996853,True
2024-12-04,41.34402611090023,0.35612853362010205,26.62023871807412,-4.85671691337612e-16,14.723787392826111,True
2024-12-05,41.14905183870067,0.3548704567184411,26.546469019170157,-4.857554311549519e-16,14.602582819530515,True
2024-12-06,41.762197026123026,0.35865323372839925,26.784050015101467,-4.858388962731995e-16,14.97814701102156,True
2024-12-09,41.20365382817136,0.3550216755004228,26.575463609354557,-4.85921700959571e-16,14.628190218816806,True
2024-12-10,40.95434226582782,0.35330638007178566,26.484911851667263,-4.86004481196465e-16,14.46943041416056,True
2024-12-11,42.201804169145554,0.3611871801416422,26.959053524402073,-4.860871212412177e-16,15.242750644743483,True
2024-12-12,41.725653214733754,0.35806723176368005,26.78506407460274,-4.861691966680633e-16,14.940589140131012,True
2024-12-13,42.25161388345265,0.3612058063041424,26.990085623028836,-4.862506685943187e-16,15.26152826042381,True
2024-12-16,43.30435191466961,0.36775958364188466,27.378761484649065,-4.863320576930726e-16,15.925590430020547,True
2024-12-17,42.97039460247243,0.3656518181876809,27.258191687836277,-4.864136534081401e-16,15.712202914636155,True
2024-12-18,40.28843546932353,0.34783259636193503,26.27480435666845,-4.864954944311211e-16,14.013631112655078,True
2024-12-19,39.97339857367379,0.34562002416600546,26.15779159264329,-4.865771947831524e-16,13.815606981030504,True
2024-12-20,40.56031946256935,0.3494573070608928,26.386219449650348,-4.866586771506086e-16,14.174100012919004,True
2024-12-23,41.21218248226753,0.3535094465210884,26.64328666303504,-4.867400766108645e-16,14.56889581923249,True
2024-12-24,42.15238326179274,0.3593584708760271,27.00456726905466,-4.868214896861496e-16,15.14781599273808,True
2024-12-26,42.10149666209683,0.35901985504135236,26.986223433446845,-4.869026265974127e-16,15.115273228649983,True
2024-12-27,41.127879126262975,0.3525682775058709,26.627493625246775,-4.869840668611192e-16,14.500385501016199,True
2024-12-30,40.1913908507308,0.34629410833097335,26.273348993495336,-4.870648057269264e-16,13.918041857235462,True
2024-12-31,39.60337835680284,0.3422237817891426,26.050160443911494,-4.871456352942116e-16,13.553217912891348,True
2025-01-02,39.466785449200856,0.34123828966890174,25.999207083786054,-4.87226980886375e-16,13.467578365414798,True
2025-01-03,40.53798510661885,0.3481499409721465,26.424687984619744,-4.873083400619617e-16,14.113297121999107,True
2025-01-06,41.322972649706884,0.3531833609219794,26.728386285996375,-4.873894227521127e-16,14.594586363710508,True
2025-01-07,40.059860671171904,0.34469474603927824,26.251437170753434,-4.87470460915177e-16,13.80842350041847,True
2025-01-08,40.07472466731904,0.34482330958028656,26.256025477015342,-4.875517640255222e-16,13.818699190303699,True
2025-01-10,39.00358030446331,0.33738642789475554,25.84430167043419,-4.876331193878449e-16,13.15927863402912,True
2025-01-13,38.78350092846672,0.3357679519920127,25.76124425063513,-4.87714643127708e-16,13.022256677831594,True
2025-01-14,38.71279398926859,0.33518662584481246,25.736783194980315,-4.877962772679098e-16,12.976010794288275,True
2025-01-15,40.18184434941205,0.3447565415133083,26.32889065988268,-4.878778282849205e-16,13.85295368952937,True
2025-01-16,39.71477756192171,0.3416951566955967,26.1444304197701,-4.879592380559807e-16,13.570347142151604,True
2025-01-17,40.825754006330015,0.3488004994617735,26.585710618018602,-4.880404677816715e-16,14.24004338831141,True
2025-01-21,41.21804015750246,0.35121527652924645,26.741634785591646,-4.881216722897356e-16,14.47640537191081,True
2025-01-22,42.12174574298345,0.3570174353095543,27.083548107062363,-4.882029677925781e-16,15.038197635921088,True
2025-01-23,42.271817175183166,0.3579379306258144,27.141130411705344,-4.882846255538377e-16,15.130686763477822,True
2025-01-24,41.84610487826225,0.35507145214532704,26.987747652512024,-4.883662582141517e-16,14.858357225750233,True
2025-01-27,39.75694212730032,0.3409450084061158,26.20201115950645,-4.884477494871093e-16,13.554930967793867,True
2025-01-28,40.745392371076804,0.3474286556579126,26.58927547533942,-4.885289248551095e-16,14.156116895737382,True
2025-01-29,40.60810672770012,0.34645211084814126,26.539342434341805,-4.886101524830101e-16,14.068764293358312,True
2025-01-30,40.897640059234654,0.3483130051723492,26.65246014574558,-4.886913548408429e-16,14.245179913489075,True
2025-01-31,40.781837476799446,0.34741214513900415,26.61373183627432,-4.887724543378367e-16,14.168105640525129,True
2025-02-03,40.226284294006085,0.34369440312546984,26.400735523622203,-4.888536836686933e-16,13.825548770383884,True
2025-02-04,41.052209839974545,0.3490042247853426,26.724815169049013,-4.88934965294191e-16,14.32739467092553,True
2025-02-05,41.36017515479031,0.350919354829195,26.846089173848792,-4.890167066799498e-16,14.514085980941516,True
2025-02-06,41.71783307311983,0.3531249960622965,26.986223433446845,-4.890984035193855e-16,14.731609639672984,True
2025-02-07,40.81565302646896,0.3471662865773216,26.64583433104131,-4.891801722291607e-16,14.169818695427647,True
2025-02-10,41.636620664175695,0.3522917309910291,26.96838349777639,-4.892622457945745e-16,14.668237166399308,True
2025-02-11,41.46793961234556,0.35120524700373706,26.904181638055686,-4.893443331301092e-16,14.563757974289876,True
2025-02-12,41.51284930441688,0.35152669289362126,26.91997467584395,-4.894263759777604e-16,14.592874628572932,True
2025-02-13,42.515006287745244,0.35770337027623433,27.307245251303474,-4.895084908506935e-16,15.207761036441768,True
2025-02-14,42.80778760245226,0.3594180380010719,27.421896571212258,-4.895903281199074e-16,15.38589103124,True
2025-02-18,42.96586538104405,0.360328075579669,27.484057792677323,-4.896721790708831e-16,15.481807588366722,True
2025-02-19,42.97522012020044,0.3602894710067183,27.491700796696144,-4.897540437059082e-16,15.483519323504295,True
2025-02-20,42.67012247735256,0.3584501930346888,27.37500883853172,-4.898360192029157e-16,15.295113638820837,True
2025-02-21,41.144524195437654,0.34847092392432144,26.806853834626896,-4.899177557276529e-16,14.337670360810757,True
2025-02-24,40.312544303375965,0.342874016492833,26.490420323032176,-4.899993503639176e-16,13.822123980343791,True
2025-02-25,39.45124745532662,0.33698779411585045,26.15665860023755,-4.900808224792376e-16,13.294588855089076,True
2025-02-26,39.60007348325766,0.3378838953028116,26.219846400456987,-4.90162152561703e-16,13.380227082800676,True
2025-02-27,37.762032946468125,0.32493872910377625,25.491685952467844,-4.902437100945267e-16,12.27034699400028,True
2025-02-28,38.72637709925565,0.3313539819416055,25.89423784124509,-4.903253201123046e-16,12.83213925801056,True
2025-03-03,37.3307583983259,0.3215351591265486,25.32760705640544,-4.904069047943947e-16,12.003151341920459,True
2025-03-04,37.122442436834504,0.31978683974337047,25.251173886404015,-4.904885030512689e-16,11.871268550430491,True
2025-03-05,37.91406990002396,0.3253071880649289,25.580350432750002,-4.905701538193046e-16,12.333719467273955,True
2025-03-06,36.1878403817384,0.3125687861448272,24.87665104041567,-4.906520128454705e-16,11.31118934132273,True
2025-03-07,36.60542171138603,0.31541341063032197,25.059580801836525,-4.907337297705107e-16,11.545840909549504,True
2025-03-10,34.33249187082699,0.2983800221867298,24.088362184683913,-4.908154603053103e-16,10.24412968614308,True
2025-03-11,34.15501485959931,0.29642016029493706,24.030779880040928,-4.908969707288536e-16,10.124234979558386,True
2025-03-12,34.772084636757185,0.301109815221987,24.301868656899938,-4.909786894937932e-16,10.47021597985725,True
2025-03-13,33.762813726287014,0.29316717398282854,23.864665040442798,-4.910604608260517e-16,9.898148685844216,True
2025-03-14,35.041871968610536,0.3025063000545506,24.441484932400893,-4.911420704018144e-16,10.600387036209645,True
2025-03-17,35.405877398368624,0.30520132318162274,24.59995676798021,-4.91223693540312e-16,10.805920630388414,True
2025-03-18,34.44184911792527,0.29792992706358246,24.180591522286882,-4.913053302437986e-16,10.261257595638389,True
2025-03-19,35.16449795238213,0.3031561944595756,24.504162573056423,-4.913871169876363e-16,10.660335379325703,True
2025-03-20,34.97182061085943,0.30169195764525075,24.42110358835072,-4.914688198466957e-16,10.55071702250871,True
2025-03-21,35.15167104993657,0.30297443597101115,24.50161334014351,-4.915503802706379e-16,10.650057709793053,True
2025-03-24,36.36589260823853,0.31146232646340916,25.039287092558062,-4.916320127433881e-16,11.326605515680468,True
2025-03-25,36.71088858789277,0.31404069592192757,25.18217558783857,-4.917136002495811e-16,11.528713000054195,True
2025-03-26,35.60642386733919,0.3057768098366834,24.718805167491464,-4.917952012954155e-16,10.887618699847721,True
2025-03-27,35.28005005274742,0.3033468695843703,24.577957310466594,-4.918769720065889e-16,10.702092742280827,True
2025-03-28,33.78092254804622,0.29158611221043057,23.930874675379748,-4.9195871727874e-16,9.850047872666469,True
2025-03-31,33.77302930780993,0.2914508031468895,23.92985279134529,-4.920404761361776e-16,9.84317651646464,True
2025-04-01,34.19268318419781,0.2945054226073821,24.122752572955307,-4.92122346201162e-16,10.069930611242505,True
2025-04-02,34.593778766294456,0.29759588975832524,24.298812394236396,-4.922043665884707e-16,10.294966372058058,True
2025-04-03,31.63870481521642,0.27310518906098735,22.99801035501197,-4.922864592466678e-16,8.640694460204452,True
2025-04-04,28.62820232557969,0.24656006612828354,21.56963086705088,-4.923682139611035e-16,7.058571458528809,True
2025-04-07,28.707738110065506,0.2468343850765313,21.621681226729383,-4.924493961052428e-16,7.086056883336122,True
2025-04-08,27.91467393790422,0.2393854406474648,21.232307416748714,-4.925304939243221e-16,6.682366521155503,True
2025-04-09,32.81835560233942,0.2753798787317656,23.78084081639123,-4.926121523525151e-16,9.037514785948192,True
2025-04-10,30.695464504326015,0.25821652099863607,22.76938844958183,-4.926948017279497e-16,7.926076054744187,True
2025-04-11,31.53409918644624,0.26464139894505484,23.18887106327299,-4.927768588746166e-16,8.345228123173248,True
2025-04-14,31.866494777676564,0.26737945657526535,23.346048721062875,-4.92859242557874e-16,8.520446056613691,True
2025-04-15,31.925158281991806,0.2679105014294504,23.37207311844881,-4.929412879787921e-16,8.553085163542995,True
2025-04-16,30.44738579897561,0.2555247472369264,22.667325238667186,-4.930234448563909e-16,7.780060560308426,True
2025-04-17,30.420971214872367,0.25501252944319086,22.663242397249267,-4.931057719494953e-16,7.757728817623102,True
2025-04-21,29.293245102506084,0.2454779207725333,22.102400202062697,-4.931880540817742e-16,7.190844900443388,True
2025-04-22,30.423187042270786,0.2544293188713214,22.682636285211018,-4.932704478010797e-16,7.740550757059768,True
2025-04-23,31.451217339789345,0.2624439642323382,23.197035181202178,-4.933529140037838e-16,8.254182158587168,True
2025-04-24,32.806508227028914,0.2730182518584598,23.8497327013053,-4.934352961130085e-16,8.956775525723613,True
2025-04-25,33.3678519566737,0.27728015559806746,24.115608774153934,-4.935174765872531e-16,9.252243182519763,True
2025-04-28,33.353325077199955,0.27719490650238016,24.10795325088202,-4.93599592408692e-16,9.245371826317934,True
2025-04-29,33.69291655371455,0.2797544530421841,24.267173111834182,-4.936817218932906e-16,9.425743441880364,True
2025-04-30,33.69157014059765,0.2798166151538395,24.264109024637445,-4.937638062759486e-16,9.427461115960202,True
2025-05-01,34.33314791470444,0.28404419064598274,24.58101670294341,-4.93845904306764e-16,9.752131211761032,True
2025-05-02,35.154971343706315,0.290402021656153,24.945896594229875,-4.93927918000465e-16,10.20907474947644,True
2025-05-05,34.83004251545316,0.28803120574731333,24.797903373496997,-4.940103961262343e-16,10.03213914195616,True
2025-05-06,34.314219679215206,0.28405072126142283,24.56724082981122,-4.94092888024542e-16,9.74697884940399,True
2025-05-07,34.52404373273757,0.28560833294501514,24.66368915570959,-4.94175432908567e-16,9.860354577027975,True
2025-05-08,35.07244405310739,0.28951800121161403,24.918340153245577,-4.942580896357541e-16,10.154103899861811,True
2025-05-09,35.03206236564641,0.28916525202675447,24.902007222667283,-4.943407601882635e-16,10.130055142979124,True
2025-05-12,37.273110292677885,0.3046857782146347,25.916523676673414,-4.944234445684073e-16,11.356586616004472,True
2025-05-13,38.188600840379905,0.31101139534438155,26.311510806763728,-4.945074180781886e-16,11.877090033616176,True
2025-05-14,38.55585867746337,0.3134845173382338,26.469193929397612,-4.945915039595778e-16,12.086664748065758,True
2025-05-15,38.62274621072388,0.3139201306651418,26.49828867360683,-4.946756041389031e-16,12.12445753711705,True
2025-05-16,38.88752820259137,0.315625847332129,26.6136191629964,-4.947591886099933e-16,12.273909039594965,True
2025-05-19,38.945681547342694,0.3159926250504649,26.639133400818423,-4.948423749066789e-16,12.30654814652427,True
2025-05-20,38.72805065096134,0.31444159589961396,26.550340598191976,-4.949256340954227e-16,12.177710052769367,True
2025-05-21,37.852325648142276,0.3083284619298976,26.181376300580954,-4.950090644194458e-16,11.670949347561322,True
2025-05-22,37.96144271198722,0.3090260285495835,26.23036883268928,-4.950922534453945e-16,11.73107387929794,True
2025-05-23,37.38011727093658,0.30477863374578984,25.987456199843123,-4.951753975070713e-16,11.392661071093453,True
2025-05-27,38.78511554901918,0.3142004408215346,26.5988151462032,-4.952585162348848e-16,12.186300402815982,True
2025-05-28,38.510912063012796,0.3123784288550444,26.480933858994078,-4.953411182816205e-16,12.029978204018715,True
2025-05-29,38.62137331518552,0.31299726975374,26.5329889133925,-4.954241665426325e-16,12.088384401793018,True
2025-05-30,38.51596025240404,0.3122036455363001,26.49113705027227,-4.955073270281057e-16,12.024823202131776,True
2025-06-02,39.001768921582766,0.3154060650206802,26.70037445718049,-4.955905407957884e-16,12.301394464402279,True
2025-06-03,39.49736095642351,0.31871171810795534,26.9090891852717,-4.956737685381003e-16,12.588271771151813,True
2025-06-04,39.67373080000705,0.3198495040535033,26.984107679672594,-4.957570692712724e-16,12.689623120334454,True
2025-06-05,39.175159680039314,0.31637798554739066,26.781001576971114,-4.958404823609645e-16,12.3941581030682,True
2025-06-06,39.79082544627554,0.3203761292935664,27.042794808401837,-4.959237520775888e-16,12.748030637873706,True
2025-06-09,39.887318275325576,0.3210222961919889,27.082599773639878,-4.960070357782381e-16,12.804718501685699,True
2025-06-10,40.31381257197586,0.32376216716413175,27.261725247024337,-4.960904909257846e-16,13.052087324951525,True
2025-06-11,40.08795945669756,0.3222437461119373,27.169865227387877,-4.961741569808018e-16,12.918094229309684,True
2025-06-12,40.235920979401826,0.32315080259043166,27.233650821942938,-4.962578371461656e-16,13.002270157458886,True
2025-06-13,39.402712938950636,0.317515425860041,26.891743760098777,-4.96341688964398e-16,12.510969178851859,True
2025-06-16,40.286965496128644,0.3232103751639186,27.265800263909064,-4.96425200418668e-16,13.021165232219584,True
2025-06-17,39.63629949046248,0.31880803120187284,26.999928885780342,-4.965088835267371e-16,12.636370604682138,True
2025-06-18,39.614526864010685,0.31854962164354883,26.995334319891878,-4.965919896552497e-16,12.619192544118805,True
2025-06-20,39.3307977108996,0.31643630460383904,26.885105426141404,-4.966752082265569e-16,12.445692284758202,True
2025-06-23,39.993756369821114,0.32085518068955554,27.1615524433281,-4.96757888884643e-16,12.832203926493015,True
2025-06-24,40.99317141777996,0.3272804742950939,27.576906833308847,-4.968398539361586e-16,13.416264584471111,True
2025-06-25,41.16668735435805,0.32840343359779595,27.647405877339896,-4.969223056960302e-16,13.519281477018149,True
2025-06-26,41.7955674986018,0.33232347986682015,27.905919064457876,-4.970048894546303e-16,13.889648434143918,True
2025-06-27,42.02719393121627,0.33373004487233665,28.00145661469307,-4.97087585542799e-16,14.0257373165232,True
2025-06-30,42.48073679589962,0.3365740530869724,28.1828230343828,-4.97170374297156e-16,14.29791376151682,True
2025-07-01,41.879693664937534,0.3327253558467608,27.945257687517863,-4.972530387375033e-16,13.934435977419675,True
2025-07-02,42.351690296228504,0.33556590450287643,28.139907034748894,-4.973364075486638e-16,14.211783261479612,True
2025-07-03,43.0265231944535,0.33955130707988507,28.41681100467382,-4.974197508690503e-16,14.609712189779678,True
2025-07-07,42.4868833314377,0.33620100266004416,28.20275055550803,-4.9750344371150415e-16,14.284132775929672,True
2025-07-08,42.521672501548665,0.3363715752368939,28.218590540495423,-4.975872493488701e-16,14.30308196105324,True
2025-07-09,43.01772040388566,0.3393805076985931,28.41834461317882,-4.976711678333833e-16,14.599375790706844,True
2025-07-10,42.90966998722031,0.33866945329855236,28.377475511427107,-4.977550017242761e-16,14.532194475793203,True
2025-07-11,42.73555381305794,0.33746948347547573,28.313608541726882,-4.978387509740136e-16,14.42194527133106,True
2025-07-14,42.99156189068666,0.33902608801784934,28.41630084510991,-4.979224550526715e-16,14.575261045576754,True
2025-07-15,43.05551150687426,0.33940272881732686,28.442353410815322,-4.98005995378927e-16,14.61315809605894,True
2025-07-16,43.125977376164414,0.3398068158547958,28.47147632334402,-4.980896287642345e-16,14.65450105282039,True
2025-07-17,43.697470662575824,0.34316823189396845,28.70188691706112,-4.981731378370134e-16,14.995583745514704,True
2025-07-18,43.61820645229607,0.34260706537278357,28.674300742850704,-4.982568586030948e-16,14.94390570944537,True
2025-07-21,43.99426197488443,0.34484706165304835,28.822970003251097,-4.983404945761661e-16,15.171291971633332,True
2025-07-22,43.60908218691648,0.3424812184676188,28.673790583286795,-4.984240061608211e-16,14.935291603629686,True
2025-07-23,43.936248718524865,0.3444006502429056,28.804576090630874,-4.98507670190804e-16,15.131672627893991,True
2025-07-24,44.09747143616829,0.3454072294220141,28.865886002885002,-4.985915460799909e-16,15.231585433283293,True
2025-07-25,44.253083790922005,0.34613894945017937,28.935367857601506,-4.986755350107866e-16,15.317715933320503,True
2025-07-28,44.49337841399639,0.34763795585785884,29.025791292944504,-4.987595380897172e-16,15.467587121051885,True
2025-07-29,44.377791915384044,0.34695185577702353,28.98083465505496,-4.98843357403622e-16,15.396957260329087,True
2025-07-30,44.470027797314735,0.34743314349543475,29.019666248364313,-4.989270918247067e-16,15.450361548950422,True
2025-07-31,44.061296678943265,0.3448698023297189,28.865886002885002,-4.990108798957303e-16,15.195410676058264,True
2025-08-01,42.581394302918525,0.33545479216378404,28.29726152698885,-4.990947414490232e-16,14.284132775929672,True
2025-08-04,43.88560491314973,0.3433064740998515,28.819392626677175,-4.9917756741286075e-16,15.066212286472553,True
2025-08-05,43.376411395457595,0.34010862333571124,28.623719830505053,-4.992598326658977e-16,14.752691564952539,True
2025-08-06,44.28783813956327,0.3455561822474006,28.983901872064965,-4.99342052044992e-16,15.303936267498303,True
2025-08-07,44.54096323535592,0.3470731634956003,29.08199022011971,-4.994239481025187e-16,15.458973015236205,True
2025-08-08,45.229125493826594,0.3510094938844598,29.353273045401803,-4.995059566859696e-16,15.87585244842479,True
2025-08-11,45.00273970653736,0.34967468830003795,29.26642072700617,-4.995878796251575e-16,15.736318979531193,True
2025-08-12,45.95111381773791,0.355091485507687,29.634264551464554,-4.996700142540535e-16,16.31684926627336,True
2025-08-13,45.99004641867925,0.3553152606632589,29.649081087510854,-4.997519046197698e-16,16.340965331168395,True
2025-08-14,45.92227039689481,0.35486437510708435,29.626092609002175,-4.998334117782901e-16,16.296177787892635,True
2025-08-15,45.56115843106919,0.35261053170906953,29.495814131408725,-4.999149718966835e-16,16.065344299660463,True
2025-08-18,45.5287345038389,0.35240761677500354,29.484061682559158,-4.999965453236167e-16,16.04467282127974,True
2025-08-19,44.4741038855374,0.3460455731079998,29.084037118001895,-5.00078350316825e-16,15.390066767535512,True
2025-08-20,44.02063346664289,0.3432317153713923,28.91135593015173,-5.001599107170857e-16,15.10927753649116,True
2025-08-21,43.67661560262408,0.34112339798014424,28.777500075984367,-5.002415836503446e-16,14.899115526639712,True
2025-08-22,44.79068630881497,0.3475995458599228,29.221464089116626,-5.003235279816357e-16,15.569222219698347,True
2025-08-25,44.57029903567288,0.34626497176890814,29.13716569835382,-5.004046915726153e-16,15.433133337319065,True
2025-08-26,44.86644871812292,0.34797243632546915,29.254161248405964,-5.0048596761905e-16,15.612287469716954,True
2025-08-27,44.982038346548535,0.34864843628508224,29.299121016108785,-5.005671575613473e-16,15.682917330439754,True
2025-08-28,45.4514072846529,0.3513395301662642,29.48253120386743,-5.006478044911512e-16,15.968876080785469,True
2025-08-29,44.53476903811969,0.3456515663220043,29.14125636430492,-5.00728702819455e-16,15.393512673814772,True
2025-09-02,43.89780149872046,0.34171989104029205,28.897049553669337,-5.008090379883552e-16,15.000751945051125,True
2025-09-03,44.474846613799144,0.3451489682942135,29.12439919000298,-5.008891674357221e-16,15.350447423796169,True
2025-09-04,45.15361721672271,0.349154823373128,29.388013972760056,-5.009690314332544e-16,15.765603243962648,True
2025-09-05,45.247700602578654,0.3495709993859988,29.430416683016773,-5.010485105658277e-16,15.817283919561879,True
2025-09-08,45.61692729640916,0.35168851036401333,29.57397808815152,-5.011262526181816e-16,16.042949208257635,True
2025-09-09,45.831639340264196,0.35289747702503343,29.657769449163695,-5.012043646779794e-16,16.1738698911005,True
2025-09-10,45.85857046333304,0.35306585660248213,29.667475000131077,-5.012827872513572e-16,16.191095463201965,True
2025-09-11,46.3034262861285,0.35555194395825024,29.84015305816797,-5.013609634968874e-16,16.46327322796053,True
2025-09-12,46.64023037249365,0.35737963180968163,29.97196201445314,-5.014391121417775e-16,16.66826835804051,True
2025-09-15,47.322190691017084,0.36122079320304357,30.22843143350221,-5.015172729679324e-16,17.093759257514876,True
2025-09-16,47.25013712857772,0.36078727252849674,30.202889027360705,-5.015948887382658e-16,17.04724810121701,True
2025-09-17,47.081325073824644,0.35977582370964817,30.14260256404767,-5.01672317475163e-16,16.938722509776973,True
2025-09-18,47.80961815536352,0.3638435795479861,30.414395548893676,-5.017493201949767e-16,17.395222606469847,True
2025-09-19,48.36003394127557,0.36682666325710533,30.62028405559709,-5.018265736640155e-16,17.739749885678478,True
2025-09-22,48.841046202499896,0.36935100748697736,30.801556580888555,-5.019037991982694e-16,18.039489621611345,True
2025-09-23,48.2729756543954,0.3661678526731704,30.596963816881203,-5.019804391127219e-16,17.6760118375142,True
2025-09-24,47.97554779467286,0.3644772565064028,30.489551755078697,-5.02057030969974e-16,17.485996039594166,True
2025-09-25,47.60959501236178,0.36235326682703856,30.358102727320205,-5.021338935114656e-16,17.25149228504157,True
2025-09-26,47.941307255224174,0.36416208386669546,30.482900901868216,-5.022112659661e-16,17.45840635335596,True
2025-09-29,48.31525630478197,0.3661614679951627,30.624071129660468,-5.022881919753836e-16,17.691185175121504,True
2025-09-30,48.53708471232365,0.36733002060022574,30.707956385070904,-5.023651895644092e-16,17.829128327252747,True
2025-10-01,48.9361358577343,0.3694790055229395,30.855261046883175,-5.024418401266414e-16,18.080874810851128,True
2025-10-02,49.28369099176385,0.37135168601101143,30.98210924912665,-5.025185023841676e-16,18.3015817426372,True
2025-10-03,48.90496747515722,0.3691503079726756,30.851683670309253,-5.025952361628221e-16,18.053283804847972,True
2025-10-06,49.54015269067504,0.3725618097873424,31.08338374709587,-5.026721811009668e-16,18.456768943579174,True
2025-10-07,49.07817791329229,0.36999066639190814,30.919710161852645,-5.027491777107413e-16,18.158467751439645,True
2025-10-08,50.04820738253151,0.3751190593959088,31.27417090474491,-5.028258469590484e-16,18.7740364777866,True
2025-10-09,49.936211025998034,0.3744755899335577,31.236318942990792,-5.029025278994156e-16,18.699892083007242,True
2025-10-10,46.88962822517685,0.3569585777008824,30.151973224994574,-5.02979420097931e-16,16.73765500018228,True
2025-10-13,48.59165485842546,0.3663142652708198,30.79183851066807,-5.030563240530191e-16,17.799816347757382,True
2025-10-14,48.024447535784546,0.3631007949754678,30.586732457283535,-5.031332397664776e-16,17.437715078501014,True
2025-10-15,48.597218449412594,0.36616584481927916,30.802576900016373,-5.032101672401043e-16,17.79464154939622,True
2025-10-16,48.284867940068814,0.3644278544386358,30.688517114816666,-5.032872063212697e-16,17.59635082525215,True
2025-10-17,48.82090375031937,0.3672783523264471,30.890042661814007,-5.033641573358934e-16,17.93086108850536,True
2025-10-20,49.8826115603614,0.3729422381552642,31.279278760010556,-5.034407006477804e-16,18.603332800350838,True
2025-10-21,49.853740763652574,0.37274314667434544,31.271100557921628,-5.035165763553214e-16,18.582640205730947,True
2025-10-22,49.005876517027204,0.368038359426149,30.969834121460067,-5.035922037475722e-16,18.036042395567133,True
2025-10-23,49.717987235019095,0.3718534655972481,31.230181379157504,-5.036679024508098e-16,18.48780585586159,True
2025-10-24,50.6273843985279,0.3765495395729939,31.563666113477243,-5.037436125328845e-16,19.06371828505066,True
2025-10-27,52.20166502571065,0.3845830405720321,32.12578996720014,-5.038188342479529e-16,20.07587505851051,True
2025-10-28,52.90736980913496,0.38812238001505883,32.37283551847663,-5.038931675175188e-16,20.534534290658332,True
2025-10-29,53.315236113281344,0.39006910458947675,32.51860970159716,-5.039675517475816e-16,20.796626411684187,True
2025-10-30,51.866263652409756,0.38261515545047575,32.02144512240764,-5.040421469451067e-16,19.84481853000212,True
2025-10-31,52.30179223966838,0.38480284233159234,32.17591392680757,-5.041172932280706e-16,20.125878312860813,True
2025-11-03,52.73163405895361,0.3868980163655513,32.32986944183031,-5.041916705321789e-16,20.4017646171233,True
2025-11-04,50.82701883862788,0.3768346228784214,31.673638362539126,-5.04267359305424e-16,19.153380476088756,True
2025-11-05,51.40559524763735,0.3798385621003001,31.879767864864757,-5.043432595468998e-16,19.52582738277259,True
2025-11-06,49.71683693316233,0.3707175541940836,31.28593274303431,-5.044190711469408e-16,18.43090419012802,True
2025-11-07,49.426723220583554,0.36902118387804833,31.187215302511188,-5.044943937251352e-16,18.239507918072366,True
2025-11-10,51.31164661678788,0.37875297755157283,31.877207677605384,-5.045696074323506e-16,19.4344389391825,True
2025-11-11,51.06638300224134,0.3774318791743731,31.792302103067126,-5.046453529411232e-16,19.274080899174212,True
2025-11-12,51.00166184060815,0.37713326562501714,31.767238558356777,-5.047211098207393e-16,19.234423282251374,True
2025-11-13,49.165068004163444,0.3670571420999832,31.11867865140389,-5.047967779323118e-16,18.046389352759558,True
2025-11-14,49.20238767402719,0.36705906095213325,31.14220545779596,-5.04872757859694e-16,18.060182216231237,True
2025-11-17,48.47258475089457,0.3630165570018918,30.87623392564242,-5.049486490525789e-16,17.59635082525215,True
2025-11-18,47.46038145876062,0.35735254676065653,30.50029327424027,-5.050242310502689e-16,16.96008818452035,True
2025-11-19,47.93387496583822,0.3599018918736793,30.68238268079665,-5.050998243612644e-16,17.25149228504157,True
2025-11-20,45.97470102253237,0.348422623399225,29.956075082266615,-5.05175428987259e-16,16.01862594026576,True
2025-11-21,46.55495623379489,0.35170968083206733,30.181127435656027,-5.052511050702988e-16,16.373828798138863,True
2025-11-24,48.568272205785235,0.3626918637888416,30.9529550384652,-5.053260907503695e-16,17.61531716732004,True
2025-11-25,49.07977231363759,0.36544654552834616,31.143739066300963,-5.054008870332321e-16,17.936033247336624,True
2025-11-26,49.823957945787946,0.36940139233223657,31.418918509111077,-5.0547573450018775e-16,18.40503943667687,True
2025-11-28,50.482161618182246,0.3725776126208673,31.673638362539126,-5.055510142796396e-16,18.80852325564312,True
2025-12-01,50.2067898110939,0.37125542703211817,31.567246619864438,-5.056251818238178e-16,18.639543191229464,True
2025-12-02,50.88491067762317,0.37477938199575833,31.814295300954193,-5.056992799919137e-16,19.070615376668975,True
2025-12-03,51.09715165575746,0.3758547793937971,31.89204299253134,-5.057729675999061e-16,19.205108663226113,True
2025-12-04,51.005409011389034,0.3753137929865805,31.862375492492703,-5.058459233432554e-16,19.14303351889633,True
2025-12-05,51.35603532172344,0.3770490515607704,31.99229091174619,-5.059184279253716e-16,19.363744409977247,True
2025-12-08,51.17395926030507,0.37603195580409887,31.93091527341328,-5.059907622133946e-16,19.24304398689179,True
2025-12-09,51.28576116274321,0.37662429124510893,31.97029771385912,-5.060634080305823e-16,19.315463448884095,True
2025-12-10,51.63740960225377,0.3783337152401887,32.1012365820537,-5.061363454227459e-16,19.536173020200064,True
2025-12-11,51.34735838319228,0.3768441227752528,31.997408156451662,-5.062085100202174e-16,19.349950226740617,True
2025-12-12,49.60104172990678,0.3672376115928503,31.38567363249852,-5.0628018271876255e-16,18.215368097408266,True
2025-12-15,49.16761759418604,0.3648637861809281,31.228134481275312,-5.063510016748088e-16,17.939483112910732,True
2025-12-16,49.33641276174497,0.36578235713871304,31.29002340898541,-5.064220917501267e-16,18.046389352759558,True
2025-12-17,47.745956345461636,0.35680416722747493,30.71000015313982,-5.064933324784557e-16,17.035956192321812,True
2025-12-18,48.91859851195353,0.3631257880941371,31.154993874839725,-5.065645430287841e-16,17.763604637113808,True
2025-12-19,50.01787799961032,0.3690034380051662,31.561109056031142,-5.066353414556979e-16,18.456768943579174,True
2025-12-22,50.4209133973207,0.3710467376850754,31.712397970143144,-5.067061497775349e-16,18.70851542717756,True
2025-12-23,50.83152190817983,0.3732055267387294,31.860916999506312,-5.067770886408432e-16,18.97060490867352,True
2025-12-24,51.075329745839156,0.3743725344997712,31.954129098477797,-5.068484195257088e-16,19.12120064736136,True
2025-12-26,51.056009274034,0.37417593883444233,31.95207907078233,-5.06919921357663e-16,19.103930203251664,True
2025-12-29,50.618117774259325,0.37181755295697927,31.797413088146044,-5.069911918843562e-16,18.82070468611328,True
2025-12-30,50.40966108552125,0.3706828912358337,31.723662168121738,-5.070623718403498e-16,18.685998917399512,True
2025-12-31,49.67079770090909,0.36660074192198855,31.461446411898816,-5.071336020299122e-16,18.209351289010275,True
2026-01-02,49.482055857832336,0.3654163687536508,31.40050268779793,-5.07204983095451e-16,18.081553170034407,True
2026-01-05,50.16321413327306,0.36906127478547185,31.6499143779107,-5.072760924288402e-16,18.513299755362354,True
2026-01-06,50.92831785500371,0.37307947677004627,31.92800767688032,-5.073468493938442e-16,19.00031017812339,True
2026-01-07,51.014313328989104,0.3735338725950872,31.958739313432634,-5.074177168898835e-16,19.055574015556473,True
2026-01-08,50.49400999142951,0.37067930758840323,31.776925330444506,-5.074884936092525e-16,18.717084660985005,True
2026-01-09,51.352788429158736,0.3750401524540872,32.09343082774456,-5.075591190906651e-16,19.259357601414177,True
2026-01-12,51.42432237314636,0.3753916254678943,32.120062408905945,-5.07629875249045e-16,19.304259964240416,True
2026-01-13,51.27652799422515,0.3745201914979274,32.07243291047911,-5.077010441516395e-16,19.20409508374604,True
2026-01-14,50.32255212780284,0.3694713845034825,31.729809121394855,-5.077727669964064e-16,18.592743006407982,True
2026-01-15,50.626730430421674,0.37100383795480757,31.844019137631786,-5.078444999734482e-16,18.782711292789887,True
2026-01-16,50.51720177334572,0.3701672610604068,31.817387556470404,-5.079163438492999e-16,18.69981421687531,True
2026-01-20,48.66336706389383,0.3600657094378521,31.141357278398292,-5.079880366427662e-16,17.522009785495538,True
2026-01-21,49.77514418652765,0.36590160433545826,31.562339072648424,-5.080600419316731e-16,18.212805113879224,True
2026-01-22,50.40869920474074,0.3693195832107443,31.791779424250116,-5.08132380005502e-16,18.61691978049063,True
2026-01-23,50.67487008841242,0.3706513950607017,31.892158795622535,-5.08204728378895e-16,18.782711292789887,True
2026-01-26,51.056976695379596,0.37261292820453173,32.03248710364367,-5.082769660513465e-16,19.02448959173593,True
2026-01-27,51.85164031818796,0.3766277984457826,32.32287117934625,-5.083490728044365e-16,19.52876913884171,True
2026-01-28,52.138283614172465,0.37800200897406505,32.429907663555696,-5.084210889217372e-16,19.70837595061677,True
2026-01-29,51.59187601045244,0.3751767036516183,32.23580603364788,-5.084933573482945e-16,19.35606997680455,True
2026-01-30,50.50008557171842,0.3693352028573681,31.84862622277335,-5.08565595688791e-16,18.65145934894507,True
2026-02-02,51.09870845766925,0.3724437759023735,32.06731253596036,-5.086376828444014e-16,19.03139592170888,True
2026-02-03,49.71490068171782,0.3648859915958225,31.574629849381385,-5.087099013231373e-16,18.14027083233644,True
2026-02-04,48.21002772219,0.35650206124818795,31.02305346639698,-5.087823722954424e-16,17.186974255793018,True
2026-02-05,47.03119837895683,0.34986843364338627,30.576466669739837,-5.088549545431788e-16,16.454731709216993,True
2026-02-06,48.69644367776603,0.35882815248669736,31.22278876020073,-5.089272038710477e-16,17.473654917565298,True
2026-02-09,49.33282163571481,0.36225095873091273,31.461959701276,-5.089997058003419e-16,17.870861934438803,True
2026-02-10,48.93817239534886,0.36009057558644647,31.315997729358937,-5.090722786539107e-16,17.622174665989917,True
2026-02-11,49.153416008255476,0.3611839837714023,31.399989398420743,-5.091448012506041e-16,17.753426609834733,True
2026-02-12,47.43022595918446,0.35143998900175394,30.76134786973797,-5.092175362202845e-16,16.66887808944649,True
2026-02-13,47.56831417978297,0.35194462237437346,30.8269018087937,-5.092902411695135e-16,16.741412370989273,True
2026-02-17,47.49511055633228,0.35161437961545,30.795146723300295,-5.0936285544743e-16,16.699963833031983,True
2026-02-18,48.08427782086127,0.3547766178403746,31.02510036427917,-5.09435480078644e-16,17.0591774565821,True
2026-02-19,47.77203860823192,0.3530465903631124,30.906283262900672,-5.095083172213752e-16,16.865755345331245,True
2026-02-20,48.47036375765002,0.356725077768626,31.17976947672873,-5.095810030314938e-16,17.290594280921294,True
2026-02-23,47.46275082690482,0.35105361887839753,30.800780387196227,-5.096536992108778e-16,16.661970439708593,True
2026-02-24,48.32550859445563,0.35579308745244265,31.131626688924708,-5.097262641911517e-16,17.19388190553092,True
2026-02-25,49.49858667803679,0.3619449398430919,31.58282370053669,-5.097988395032967e-16,17.915762977500094,True
2026-02-26,48.48892997922267,0.3565172327724054,31.201790842935274,-5.09871425148784e-16,17.287139136287394,True
2026-02-27,48.2060014505351,0.35481224961085167,31.101921631126764,-5.099440211290848e-16,17.104079819408337,True
2026-03-02,48.309145323295894,0.3553416478743068,31.142894016716575,-5.100164250871252e-16,17.166251306579323,True
2026-03-03,47.423104909555406,0.3503274254964669,30.809490657541996,-5.100890821872159e-16,16.613614252013406,True
2026-03-04,48.63879749722528,0.35690997704159017,31.279125399160055,-5.101618508485276e-16,17.35967209806523,True
2026-03-05,48.38567627670302,0.35549342034412656,31.1848867214342,-5.102346298909243e-16,17.20078955526882,True
2026-03-06,47.13595740995588,0.34835809099942755,30.715765269193323,-5.10307277584663e-16,16.420192140762552,True
2026-03-09,48.18517048161087,0.3540337677770067,31.125993025028773,-5.103795711143023e-16,17.0591774565821,True
2026-03-10,48.189137595857005,0.35407629463196666,31.12650631440596,-5.104523407081879e-16,17.062631281451047,True
2026-03-11,48.16777022616966,0.35387481623719774,31.122409388828306,-5.105251611914994e-16,17.045360837341352,True
2026-03-12,46.763205493808115,0.34589077386609485,30.58824415709561,-5.105980933554518e-16,16.174961336712506,True
2026-03-13,46.2710460445773,0.3428516088832147,30.406943463484666,-5.106711372497488e-16,15.864102581092633,True
2026-03-16,47.14059073629665,0.3477376919976587,30.748030514250644,-5.107441510620314e-16,16.392560222046008,True
2026-03-17,47.53242793273741,0.34995768666669225,30.898089411745364,-5.10817215850695e-16,16.63433852099205,True
2026-03-18,46.390199081464644,0.34323670169356385,30.46738015783492,-5.108902910916825e-16,15.92281892362972,True
2026-03-19,46.15230140716989,0.3419375923578829,30.37109458222688,-5.10963478151097e-16,15.781206824943002,True
2026-03-20,44.68950474091933,0.33295782415192676,29.809784479955614,-5.110367162494e-16,14.879720260963715,True
2026-03-23,45.54633137785764,0.3379934413369749,30.151970095181298,-5.111100865214232e-16,15.394361282676345,True
2026-03-24,45.01206147631429,0.3347154719994262,29.945828073602563,-5.111833456335925e-16,15.066233402711724,True
2026-03-25,45.50028011645858,0.33752627019699566,30.142740275831795,-5.112567775245724e-16,15.357539840626789,True
2026-03-26,43.68757590963168,0.32650654688011443,29.42329635781497,-5.113302199641013e-16,14.264279551816715,True
2026-03-27,42.26511888704087,0.31744040731361645,28.84846233238019,-5.114036729536947e-16,13.416656554660676,True
2026-03-30,41.736708691476366,0.31408190164374006,28.627963857306657,-5.114768726801191e-16,13.10874483416971,True
2026-03-31,44.017098070672844,0.32759918885967165,29.597132446763805,-5.115499002123915e-16,14.419965623909041,True
2026-04-01,44.91896745086372,0.3329599348702938,29.96275097398329,-5.116229787676288e-16,14.956216476880432,True
2026-04-02,44.98792104930124,0.3332186454796276,29.997106934308658,-5.116961692774787e-16,14.990814114992586,True
2026-04-06,45.434818195283306,0.3358043297140968,30.177609525534344,-5.117694108703424e-16,15.25720866974896,True
2026-04-07,45.45673414880325,0.3360229993357244,30.182226000115733,-5.118429878754119e-16,15.274508148687515,True
2026-04-08,47.6860922640015,0.3482459017524805,31.07960606247232,-5.119164129708901e-16,16.606486201529187,True
2026-04-09,48.228463748258164,0.351216155198971,31.289848139441983,-5.119895438850915e-16,16.938615608816185,True
2026-04-10,48.346242456452686,0.3518633052925879,31.3349737872484,-5.120624414451602e-16,17.011268669204288,True
2026-04-13,49.185818821561824,0.3563377143858799,31.659056562488487,-5.121354509816247e-16,17.526762259073333,True
2026-04-14,50.712066118959214,0.36437433820365867,32.23389058792327,-5.12208674155902e-16,18.478175531035944,True
2026-04-15,51.93829253379137,0.3706926918184241,32.685147065987486,-5.122820907322984e-16,19.253145467803883,True
2026-04-16,52.36557086037345,0.37282130463753943,32.8425704141195,-5.123555178317374e-16,19.52300044625395,True
2026-04-17,53.54257978975377,0.37858265985926975,33.272287517221606,-5.124289147906908e-16,20.270292272532163,True
2026-04-20,53.26050212669708,0.37727486852335473,33.166653189359586,-5.125021189194359e-16,20.093848937337494,True
2026-04-21,52.89909947233773,0.375405072587657,33.0405091951031,-5.125752928340902e-16,19.858590277234633,True
2026-04-22,54.42405449831144,0.3827491539232139,33.593293686011855,-5.126484771963535e-16,20.830760812299587,True
2026-04-23,53.892327338275265,0.3801701241228509,33.40407456481385,-5.127216109777101e-16,20.48825277346142,True
2026-04-24,55.68679778705294,0.3886699963225495,34.04301029594452,-5.127947551922392e-16,21.643787491108423,True
2026-04-27,55.73242092709954,0.38884842828163574,34.06095664526634,-5.12867869141531e-16,21.6714642818332,True
2026-04-28,54.732539226208885,0.3839420807434226,33.718414231327245,-5.129409324592372e-16,21.014124994881637,True
2026-04-29,55.32616555628911,0.386826180491562,33.92455625290598,-5.130140061855666e-16,21.401609303383132,True
2026-04-30,56.22378237313269,0.3909882170524808,34.240945947114845,-5.13087090322002e-16,21.98283642601785,True
2026-05-01,57.16138685607861,0.39522731867972266,34.569645196936314,-5.131600830695566e-16,22.59174165914229,True
2026-05-04,56.96133421221659,0.3942466320443194,34.50452004229933,-5.132328825664393e-16,22.45681416991726,True
2026-05-05,58.26699797358278,0.4001375613933302,34.95218349472326,-5.133059978840727e-16,23.314814478859525,True
2026-05-06,60.43925667284083,0.40968344286323016,35.67829391501694,-5.133793273103992e-16,24.760962757823886,True
2026-05-07,60.31712043433157,0.40919375249220524,35.635731584283164,-5.134526672123578e-16,24.681388850048407,True
2026-05-08,62.86153699805796,0.41981910019827634,36.4710630984526,-5.135259768441869e-16,26.39047389960535,True
2026-05-11,63.20242998602283,0.4212770389618955,36.57669742631462,-5.1359923580853e-16,26.62573255970821,True
2026-05-12,62.20025657964992,0.4169403320938915,36.26646094500542,-5.136726071259876e-16,25.933795634644493,True
2026-05-13,63.37211896887517,0.4216776043107694,36.649515661982825,-5.137460500769901e-16,26.72260330689235,True
2026-05-14,64.22421908198244,0.42529452987527266,36.9100100209042,-5.13819442367914e-16,27.314209061078238,True
2026-05-15,62.418385044967096,0.4175895079854766,36.35312234479125,-5.138926004706757e-16,26.06526270017584,True
2026-05-18,61.90909847538683,0.415324672188676,36.19672244560033,-5.139657689897579e-16,25.712376029786498,True
2026-05-19,61.20514073148375,0.41224445816935446,35.97366065345415,-5.140385400176924e-16,25.231480078029605,True
2026-05-20,63.03956857185469,0.41989576399478934,36.56952076447385,-5.141114641369414e-16,26.470047807380833,True
2026-05-21,63.26153139989348,0.42082876507885725,36.639259263878955,-5.141840313765339e-16,26.622272136014523,True
2026-05-22,63.72481644082099,0.42260119935401624,36.7946325843155,-5.142571189642013e-16,26.930183856505483,True
2026-05-26,65.80004234742806,0.43088292100137254,37.44792789875425,-5.143302781622609e-16,28.352114448673813,True
2026-05-27,65.66060926951016,0.4303225939545179,37.40536556802048,-5.144033865378643e-16,28.255243701489675,True
2026-05-28,66.67136973372205,0.4342289826333655,37.72072868347497,-5.144765665442278e-16,28.950641050247082,True
2026-05-29,67.11478786976559,0.4358963691252822,37.859695522721246,-5.145498590374712e-16,29.255092347044354,True
2026-06-01,67.8539873330563,0.43869384840827275,38.086860500071644,-5.146231211376558e-16,29.76712683298466,True
2026-06-02,68.4376030516922,0.440917980449453,38.26223332733875,-5.146970471551011e-16,30.175369724353445,True
2026-06-03,68.10927132492057,0.4396909361905142,38.162242052812495,-5.147709429460659e-16,29.947029272108068,True
2026-06-04,67.1067551635951,0.43569130634088005,37.86892534207075,-5.148449514809145e-16,29.237829821524347,True
2026-06-05,61.11364684701114,0.41009608501237815,36.051179534222804,-5.149189093693348e-16,25.062467312788336,True
2026-06-08,62.7813491396363,0.4167990217730899,36.61414423264107,-5.149928778818648e-16,26.16720490699523,True
2026-06-09,61.48514973223294,0.411356791456862,36.19281581613686,-5.150668570200307e-16,25.29233391609608,True
2026-06-10,59.235407585136144,0.40120594884160254,35.469809679922534,-5.151408467853588e-16,23.765597905213607,True
2026-06-11,62.745835493564,0.41561329708855815,36.667831925507585,-5.152148471793759e-16,26.078003568056413,True
2026-06-12,63.47967191883872,0.4189697351696783,36.8836105863448,-5.152888582036087e-16,26.59606133249392,True
2026-06-15,67.06394559116299,0.4327464124516977,38.04226373173135,-5.153628798595842e-16,29.021681859431634,True
2026-06-16,64.74215712074533,0.42357103731295026,37.319254471233215,-5.154369121488296e-16,27.42290264951211,True
2026-06-17,63.546358961054565,0.41863806240667023,36.94343437259993,-5.155109550728725e-16,26.60292458845463,True
2026-06-18,66.3010133734339,0.4288256574402784,37.869437724614414,-5.155850086332406e-16,28.431575648819482,True
2026-06-22,66.10646343942402,0.42858263134088564,37.77438138991562,-5.156590728314618e-16,28.3320820495084,True
2026-06-23,62.069865814546915,0.4114614769043062,36.53050715524134,-5.157331476690642e-16,25.53935865930558,True
2026-06-24,61.58154702069947,0.40931322823198135,36.375405210137416,-5.158072331475761e-16,25.206141810562052,True
2026-06-25,62.44378590731003,0.412747808475237,36.67025012117092,-5.158813292685262e-16,25.773535786139103,True
2026-06-26,60.86617763990458,0.4058188640671159,36.165534569971214,-5.159554360334433e-16,24.700643069933367,True
2026-06-29,63.608221223576244,0.41730173113004576,37.06440039287496,-5.160295534438564e-16,26.543820830701286,True
2026-06-30,65.54902931122896,0.42493366265170174,37.69504020274468,-5.161036815012947e-16,27.853989108484278,True
2026-07-01,63.75686015971718,0.4177851017124302,37.120193853024546,-5.161778202072875e-16,26.636666306692632,True
2026-07-02,61.70009103355686,0.4088054593491586,36.47675697669875,-5.162519695633647e-16,25.22333405685811,True
2026-07-06,63.278937204818696,0.4152888099512303,36.99990267805091,-5.1632612957105615e-16,26.279034526767788,True
2026-07-07,61.15268520698093,0.4061668604424649,36.314491048835116,-5.164003002318919e-16,24.83819415814581,True
2026-07-08,61.424072826859856,0.40711551209442726,36.417379963027415,-5.164744815474023e-16,25.006692863832445,True
2026-07-09,63.27497418948381,0.4148800393943819,37.02345040507227,-5.165486735191179e-16,26.25152378441154,True
2026-07-10,63.62639858407848,0.41631775387986836,37.13759923808969,-5.166228761485695e-16,26.488799345988788,True
2026-07-13,61.411917939394144,0.40674811925150284,36.432735817917944,-5.166970894372881e-16,24.979182121476196,True
2026-07-14,62.637290185886705,0.411857009670276,36.83968315607808,-5.167713133868049e-16,25.797607029808624,True
2026-07-15,62.338026119511696,0.4106347650079929,36.73986541286389,-5.168455479986512e-16,25.598160706647807,True
2026-07-16,60.46166092113731,0.40233457119004484,36.13584450099364,-5.169197932743588e-16,24.32581642014367,True
2026-07-17,58.81471121332065,0.39483273799762414,35.59273775042569,-5.169940492154597e-16,23.221973462894958,True
2026-07-20,58.89334376113596,0.3950062620112405,35.63010418470663,-5.170683158234857e-16,23.263239576429328,True
2026-07-21,60.833403558551886,0.40343723679895893,36.29094332181376,-5.171425930999693e-16,24.54246023673813,True
2026-07-22,60.27327563642085,0.4009676482946093,36.10564204947241,-5.17216881046443e-16,24.167633586948437,True
2026-07-23,58.219240493875446,0.3916060524996616,35.42023354454043,-5.172911796644395e-16,22.799006949335013,True
2026-07-24,57.03263628499547,0.38588589960692526,35.024546125205426,-5.173654889554918e-16,22.008090159790044,True
2026-07-27,56.718304473399996,0.38438675206661826,34.91653963414422,-5.174398089211331e-16,21.80176483925577,True
2026-07-28,55.74619337647669,0.37973951067344375,34.57716118178626,-5.175141395628969e-16,21.16903219469043,True
2026-07-29,53.731672749281216,0.3695932322410101,33.872810144158166,-5.175884808823166e-16,19.858862605123047,True
2026-07-30,56.7571148906694,0.38351802154215764,34.98973847935894,-5.176628328809263e-16,21.76737641131046,True
2026-07-31,57.43830898228806,0.38687236569847544,35.21701450459029,-5.1773719556026e-16,22.221294477697775,True
2026-08-03,59.20521005414636,0.39472607904314194,35.83536963054757,-5.178115689218519e-16,23.3698404235988,True
2026-08-04,62.78145776470919,0.4098157913744642,37.052624967222386,-5.178859529672367e-16,25.7288327974868,True
2026-08-05,61.76529880472785,0.40553444795900057,36.71734245092983,-5.179603476979488e-16,25.047956353798025,True
2026-08-06,61.351112723320846,0.40373216071824913,36.58169542106565,-5.180347531155236e-16,24.769417302255192,True
2026-08-07,62.61912991775539,0.4089561227179879,37.01065333861619,-5.18109169221496e-16,25.6084765791392,True
2026-08-10,62.27816494977213,0.40749562925309457,36.90008493483672,-5.181835960174014e-16,25.378080014935414,True
2026-08-11,61.89981978983464,0.4058753267585309,36.776210206341325,-5.182580335047755e-16,25.12360958349331,True
2026-08-12,62.69812816971053,0.4091538346783463,37.04494860191902,-5.183324816851541e-16,25.65317956779151,True
2026-08-13,64.00345959644906,0.41450986597910505,37.47339413692589,-5.184069405600733e-16,26.530065459523165,True
2026-08-14,63.828475613590406,0.41370672710952844,37.42220587110157,-5.184814101310693e-16,26.40626974248884,True
2026-08-17,63.63293748021874,0.41287042832385695,37.36077932725562,-5.185558903996786e-16,26.272158152963122,True
2026-08-18,61.66944861812367,0.4044361684028206,36.72809311149511,-5.18630381367438e-16,24.941355506628554,True
2026-08-19,61.434627441026976,0.40335124028437264,36.65489426628039,-5.187048830358844e-16,24.779733174746585,True
2026-08-20,60.627683890410665,0.3997581449202032,36.391273447571606,-5.18779395406555e-16,24.236410442839055,True
2026-08-21,60.99343987552356,0.4012510760303701,36.51975649467605,-5.188539184809871e-16,24.47368338084751,True
2026-08-24,59.88620799415996,0.3962667281342072,36.15529629194959,-5.189284522607184e-16,23.73091170221037,True
2026-08-25,60.54471687526804,0.39911317345894737,36.38052278700633,-5.190029967472867e-16,24.16419408826171,True
2026-08-26,60.646767353657985,0.3995756410698564,36.41379640950566,-5.1907755194223e-16,24.232970944152328,True
2026-08-27,62.1185114293112,0.405775045643935,36.912369618749146,-5.1915211784708655e-16,25.206141810562052,True
2026-08-28,61.3803283533434,0.4025315619282152,36.67280890960537,-5.192266944633949e-16,24.707519443738033,True
2026-08-31,61.421292599534425,0.4026550018843957,36.68970191212687,-5.193012817926937e-16,24.731590687407554,True
