date,equity,tqqq_weight,core_value,tactical_cash,tqqq_value,in_campaign
1999-03-10,1.0,0.0,1.0,0.0,0.0,False
1999-03-11,1.0048962599010953,0.0,1.0048962599010953,0.0,0.0,False
1999-03-12,0.9804162002465532,0.0,0.9804162002465532,0.0,0.0,False
1999-03-15,1.0085679013220354,0.0,1.0085679013220354,0.0,0.0,False
1999-03-16,1.0171357140832897,0.0,1.0171357140832897,0.0,0.0,False
1999-03-17,1.0097921655590665,0.0,1.0097921655590665,0.0,0.0,False
1999-03-18,1.0293757881909513,0.0,1.0293757881909513,0.0,0.0,False
1999-03-19,1.0030594207416434,0.0,1.0030594207416434,0.0,0.0,False
1999-03-22,0.9908202322417922,0.0,0.9908202322417922,0.0,0.0,False
1999-03-23,0.9559361405920112,0.0,0.9559361405920112,0.0,0.0,False
1999-03-24,0.988371969450073,0.0,0.988371969450073,0.0,0.0,False
1999-03-25,1.024480059654542,0.0,1.024480059654542,0.0,0.0,False
1999-03-26,1.0134639841015687,0.0,1.0134639841015687,0.0,0.0,False
1999-03-29,1.050183586499086,0.0,1.050183586499086,0.0,0.0,False
1999-03-30,1.0428396837317389,0.0,1.0428396837317389,0.0,0.0,False
1999-03-31,1.027540188882434,0.0,1.027540188882434,0.0,0.0,False
1999-04-01,1.048959410822836,0.0,1.048959410822836,0.0,0.0,False
1999-04-05,1.0869035431397276,0.0,1.0869035431397276,0.0,0.0,False
1999-04-06,1.089045119946722,0.0,1.089045119946722,0.0,0.0,False
1999-04-07,1.0777232440168338,0.0,1.0777232440168338,0.0,0.0,False
1999-04-08,1.08629123389965,0.0,1.08629123389965,0.0,0.0,False
1999-04-09,1.093023270230825,0.0,1.093023270230825,0.0,0.0,False
1999-04-12,1.0856790132203533,0.0,1.0856790132203533,0.0,0.0,False
1999-04-13,1.0709910305640968,0.0,1.0709910305640968,0.0,0.0,False
1999-04-14,1.0342717824097034,0.0,1.0342717824097034,0.0,0.0,False
1999-04-15,1.0483474558258825,0.0,1.0483474558258825,0.0,0.0,False
1999-04-16,1.017747580519462,0.0,1.017747580519462,0.0,0.0,False
1999-04-19,0.9700120796905334,0.0,0.9700120796905334,0.0,0.0,False
1999-04-20,0.9920442307964801,0.0,0.9920442307964801,0.0,0.0,False
1999-04-21,1.0410039073016593,0.0,1.0410039073016593,0.0,0.0,False
1999-04-22,1.0691550770124552,0.0,1.0691550770124552,0.0,0.0,False
1999-04-23,1.0832316360364447,0.0,1.0832316360364447,0.0,0.0,False
1999-04-26,1.10817052909753,0.0,1.10817052909753,0.0,0.0,False
1999-04-27,1.0911873166791832,0.0,1.0911873166791832,0.0,0.0,False
1999-04-28,1.0538555821631501,0.0,1.0538555821631501,0.0,0.0,False
1999-04-29,1.0452871494764289,0.0,1.0452871494764289,0.0,0.0,False
1999-04-30,1.0520196286115087,0.0,1.0520196286115087,0.0,0.0,False
1999-05-03,1.0465115022742408,0.0,1.0465115022742408,0.0,0.0,False
1999-05-04,1.0299877431879048,0.0,1.0299877431879048,0.0,0.0,False
1999-05-05,1.0611997506128406,0.0,1.0611997506128406,0.0,0.0,False
1999-05-06,1.0226438404205573,0.0,1.0226438404205573,0.0,0.0,False
1999-05-07,1.037331557394471,0.0,1.037331557394471,0.0,0.0,False
1999-05-10,1.04773558938971,0.0,1.04773558938971,0.0,0.0,False
1999-05-11,1.0642595255976082,0.0,1.0642595255976082,0.0,0.0,False
1999-05-12,1.08629123389965,0.0,1.08629123389965,0.0,0.0,False
1999-05-13,1.0660952134669066,0.0,1.0660952134669066,0.0,0.0,False
1999-05-14,1.0458995472772874,0.0,1.0458995472772874,0.0,0.0,False
1999-05-17,1.0647184475649327,0.0,1.0647184475649327,0.0,0.0,False
1999-05-18,1.0599753978150284,0.0,1.0599753978150284,0.0,0.0,False
1999-05-19,1.074663380471285,0.0,1.074663380471285,0.0,0.0,False
1999-05-20,1.045134470689924,0.0,1.045134470689924,0.0,0.0,False
1999-05-21,1.0354959580859535,0.0,1.0354959580859535,0.0,0.0,False
1999-05-24,1.009180122001332,0.0,1.009180122001332,0.0,0.0,False
1999-05-25,0.9761319839031926,0.0,0.9761319839031926,0.0,0.0,False
1999-05-26,1.0033655753616821,0.0,1.0033655753616821,0.0,0.0,False
1999-05-27,1.002447731427033,0.0,1.002447731427033,0.0,0.0,False
1999-05-28,1.0189716676349312,0.0,1.0189716676349312,0.0,0.0,False
1999-06-01,0.9963281814574979,0.0,0.9963281814574979,0.0,0.0,False
1999-06-02,1.0131578294815298,0.0,1.0131578294815298,0.0,0.0,False
1999-06-03,0.9987761785668741,0.0,0.9987761785668741,0.0,0.0,False
1999-06-04,1.0293757881909513,0.0,1.0293757881909513,0.0,0.0,False
1999-06-07,1.0507953643744774,0.0,1.0507953643744774,0.0,0.0,False
1999-06-08,1.024480059654542,0.0,1.024480059654542,0.0,0.0,False
1999-06-09,1.0416156851770506,0.0,1.0416156851770506,0.0,0.0,False
1999-06-10,1.029681765689428,0.0,1.029681765689428,0.0,0.0,False
1999-06-11,1.0140762047808651,0.0,1.0140762047808651,0.0,0.0,False
1999-06-14,0.9949509727516189,0.0,0.9949509727516189,0.0,0.0,False
1999-06-15,1.0097921655590665,0.0,1.0097921655590665,0.0,0.0,False
1999-06-16,1.061658141215479,0.0,1.061658141215479,0.0,0.0,False
1999-06-17,1.073439293355816,0.0,1.073439293355816,0.0,0.0,False
1999-06-18,1.0783354646961303,0.0,1.0783354646961303,0.0,0.0,False
1999-06-21,1.1106181719637822,0.0,1.1106181719637822,0.0,0.0,False
1999-06-22,1.077111200459099,0.0,1.077111200459099,0.0,0.0,False
1999-06-23,1.0940944128774461,0.0,1.0940944128774461,0.0,0.0,False
1999-06-24,1.072368327830757,0.0,1.072368327830757,0.0,0.0,False
1999-06-25,1.0709910305640968,0.0,1.0709910305640968,0.0,0.0,False
1999-06-28,1.0963893769571933,0.0,1.0963893769571933,0.0,0.0,False
1999-06-29,1.1113828057472404,0.0,1.1113828057472404,0.0,0.0,False
1999-06-30,1.1285189626344352,0.0,1.1285189626344352,0.0,0.0,False
1999-07-01,1.1361688429002592,0.0,1.1361688429002592,0.0,0.0,False
1999-07-02,1.1505510251796012,0.0,1.1505510251796012,0.0,0.0,False
1999-07-06,1.1432067681691298,0.0,1.1432067681691298,0.0,0.0,False
1999-07-07,1.1450428102815524,0.0,1.1450428102815524,0.0,0.0,False
1999-07-08,1.1603421280092954,0.0,1.1603421280092954,0.0,0.0,False
1999-07-09,1.1719709556062516,0.0,1.1719709556062516,0.0,0.0,False
1999-07-12,1.1658503429073441,0.0,1.1658503429073441,0.0,0.0,False
1999-07-13,1.1603421280092954,0.0,1.1603421280092954,0.0,0.0,False
1999-07-14,1.180079315035495,0.0,1.180079315035495,0.0,0.0,False
1999-07-15,1.190942534680402,0.0,1.190942534680402,0.0,0.0,False
1999-07-16,1.2019582559902513,0.0,1.2019582559902513,0.0,0.0,False
1999-07-19,1.1897182704433706,0.0,1.1897182704433706,0.0,0.0,False
1999-07-20,1.1438189888484263,0.0,1.1438189888484263,0.0,0.0,False
1999-07-21,1.149326583821008,0.0,1.149326583821008,0.0,0.0,False
1999-07-22,1.120103917220467,0.0,1.120103917220467,0.0,0.0,False
1999-07-23,1.1217869263032605,0.0,1.1217869263032605,0.0,0.0,False
1999-07-26,1.0942471802247318,0.0,1.0942471802247318,0.0,0.0,False
1999-07-27,1.1162791542091168,0.0,1.1162791542091168,0.0,0.0,False
1999-07-28,1.1381575637991868,0.0,1.1381575637991868,0.0,0.0,False
1999-07-29,1.1138312456605217,0.0,1.1138312456605217,0.0,0.0,False
1999-07-30,1.1083232078840348,0.0,1.1083232078840348,0.0,0.0,False
1999-08-02,1.1052632557777053,0.0,1.1052632557777053,0.0,0.0,False
1999-08-03,1.0980721203576438,0.0,1.0980721203576438,0.0,0.0,False
1999-08-04,1.0781824316665014,0.0,1.0781824316665014,0.0,0.0,False
1999-08-05,1.095317880067448,0.0,1.095317880067448,0.0,0.0,False
1999-08-06,1.0835373478525783,0.0,1.0835373478525783,0.0,0.0,False
1999-08-09,1.069613910418999,0.0,1.069613910418999,0.0,0.0,False
1999-08-10,1.0599753978150284,0.0,1.0599753978150284,0.0,0.0,False
1999-08-11,1.0948592237824664,0.0,1.0948592237824664,0.0,0.0,False
1999-08-12,1.0820072832386323,0.0,1.0820072832386323,0.0,0.0,False
1999-08-13,1.129131271874513,0.0,1.129131271874513,0.0,0.0,False
1999-08-16,1.1381575637991868,0.0,1.1381575637991868,0.0,0.0,False
1999-08-17,1.1438189888484263,0.0,1.1438189888484263,0.0,0.0,False
1999-08-18,1.1309665169399061,0.0,1.1309665169399061,0.0,0.0,False
1999-08-19,1.117503064203024,0.0,1.117503064203024,0.0,0.0,False
1999-08-20,1.135250821844048,0.0,1.135250821844048,0.0,0.0,False
1999-08-23,1.171358734926955,0.0,1.171358734926955,0.0,0.0,False
1999-08-24,1.1793144155696937,0.0,1.1793144155696937,0.0,0.0,False
1999-08-25,1.2044064302211894,0.0,1.2044064302211894,0.0,0.0,False
1999-08-26,1.184363442818075,0.0,1.184363442818075,0.0,0.0,False
1999-08-27,1.1725827334816432,0.0,1.1725827334816432,0.0,0.0,False
1999-08-30,1.1560586201521827,0.0,1.1560586201521827,0.0,0.0,False
1999-08-31,1.1689110034999222,0.0,1.1689110034999222,0.0,0.0,False
1999-09-01,1.1773256946707664,0.0,1.1773256946707664,0.0,0.0,False
1999-09-02,1.1731945999178157,0.0,1.1731945999178157,0.0,0.0,False
1999-09-03,1.2270500049594038,0.0,1.2270500049594038,0.0,0.0,False
1999-09-07,1.22154223286526,0.0,1.22154223286526,0.0,0.0,False
1999-09-08,1.205018562339705,0.0,1.205018562339705,0.0,0.0,False
1999-09-09,1.2221536564975273,0.0,1.2221536564975273,0.0,0.0,False
1999-09-10,1.2362301269607356,0.0,1.2362301269607356,0.0,0.0,False
1999-09-13,1.2213891998356312,0.0,1.2213891998356312,0.0,0.0,False
1999-09-14,1.2281210590452438,0.0,1.2281210590452438,0.0,0.0,False
1999-09-15,1.2044064302211894,0.0,1.2044064302211894,0.0,0.0,False
1999-09-16,1.203794475224236,0.0,1.203794475224236,0.0,0.0,False
1999-09-17,1.2399020340640188,0.0,1.2399020340640188,0.0,0.0,False
1999-09-20,1.2428094845054058,0.0,1.2428094845054058,0.0,0.0,False
1999-09-21,1.2129740658608816,0.0,1.2129740658608816,0.0,0.0,False
1999-09-22,1.2258260949654967,0.0,1.2258260949654967,0.0,0.0,False
1999-09-23,1.175030376347895,0.0,1.175030376347895,0.0,0.0,False
1999-09-24,1.1765608837657462,0.0,1.1765608837657462,0.0,0.0,False
1999-09-27,1.1848226304677427,0.0,1.1848226304677427,0.0,0.0,False
1999-09-28,1.1903305796834482,0.0,1.1903305796834482,0.0,0.0,False
1999-09-29,1.1664622093435166,0.0,1.1664622093435166,0.0,0.0,False
1999-09-30,1.1787029033766454,0.0,1.1787029033766454,0.0,0.0,False
1999-10-01,1.179161559661627,0.0,1.179161559661627,0.0,0.0,False
1999-10-04,1.2056308715797825,0.0,1.2056308715797825,0.0,0.0,False
1999-10-05,1.2141977987332266,0.0,1.2141977987332266,0.0,0.0,False
1999-10-06,1.2385250910404828,0.0,1.2385250910404828,0.0,0.0,False
1999-10-07,1.235617817720658,0.0,1.235617817720658,0.0,0.0,False
1999-10-08,1.248622968415683,0.0,1.248622968415683,0.0,0.0,False
1999-10-11,1.2662178701486404,0.0,1.2662178701486404,0.0,0.0,False
1999-10-12,1.2374543026369857,0.0,1.2374543026369857,0.0,0.0,False
1999-10-13,1.2007342574355633,0.0,1.2007342574355633,0.0,0.0,False
1999-10-14,1.2082312817933205,0.0,1.2082312817933205,0.0,0.0,False
1999-10-15,1.1725827334816432,0.0,1.1725827334816432,0.0,0.0,False
1999-10-18,1.1577418949173197,0.0,1.1577418949173197,0.0,0.0,False
1999-10-19,1.164014655038046,0.0,1.164014655038046,0.0,0.0,False
1999-10-20,1.1995103474416562,0.0,1.1995103474416562,0.0,0.0,False
1999-10-21,1.2190938815127599,0.0,1.2190938815127599,0.0,0.0,False
1999-10-22,1.2135861979793972,0.0,1.2135861979793972,0.0,0.0,False
1999-10-25,1.2141977987332266,0.0,1.2141977987332266,0.0,0.0,False
1999-10-26,1.2044064302211894,0.0,1.2044064302211894,0.0,0.0,False
1999-10-27,1.2025704766695477,0.0,1.2025704766695477,0.0,0.0,False
1999-10-28,1.2441861618465988,0.0,1.2441861618465988,0.0,0.0,False
1999-10-29,1.2876374463321667,0.0,1.2876374463321667,0.0,0.0,False
1999-11-01,1.280905498561773,0.0,1.280905498561773,0.0,0.0,False
1999-11-02,1.2816705751491362,0.0,1.2816705751491362,0.0,0.0,False
1999-11-03,1.3072215117679566,0.0,1.3072215117679566,0.0,0.0,False
1999-11-04,1.3219094058634322,0.0,1.3219094058634322,0.0,0.0,False
1999-11-05,1.3353725929179714,0.0,1.3353725929179714,0.0,0.0,False
1999-11-08,1.362301181046576,0.0,1.362301181046576,0.0,0.0,False
1999-11-09,1.3531207933629008,0.0,1.3531207933629008,0.0,0.0,False
1999-11-10,1.3708691709293925,0.0,1.3708691709293925,0.0,0.0,False
1999-11-11,1.3953487877800295,0.0,1.3953487877800295,0.0,0.0,False
1999-11-12,1.4137086775395689,0.0,1.4137086775395689,0.0,0.0,False
1999-11-15,1.4109550571748402,0.0,1.4109550571748402,0.0,0.0,False
1999-11-16,1.4467565499553656,0.0,1.4467565499553656,0.0,0.0,False
1999-11-17,1.4271716874725462,0.0,1.4271716874725462,0.0,0.0,False
1999-11-18,1.4709302778683067,0.0,1.4709302778683067,0.0,0.0,False
1999-11-19,1.4840885501537415,0.0,1.4840885501537415,0.0,0.0,False
1999-11-22,1.4614438241253738,0.0,1.4614438241253738,0.0,0.0,False
1999-11-23,1.468176746064359,0.0,1.468176746064359,0.0,0.0,False
1999-11-24,1.5165243790118035,0.0,1.5165243790118035,0.0,0.0,False
1999-11-26,1.5214191333796212,0.0,1.5214191333796212,0.0,0.0,False
1999-11-29,1.4963280928967169,0.0,1.4963280928967169,0.0,0.0,False
1999-11-30,1.439412647188018,0.0,1.439412647188018,0.0,0.0,False
1999-12-01,1.4706241232482677,0.0,1.4706241232482677,0.0,0.0,False
1999-12-02,1.51728972128151,0.0,1.51728972128151,0.0,0.0,False
1999-12-03,1.5495713658197894,0.0,1.5495713658197894,0.0,0.0,False
1999-12-06,1.5636472163575306,0.0,1.5636472163575306,0.0,0.0,False
1999-12-07,1.5636472163575306,0.0,1.5636472163575306,0.0,0.0,False
1999-12-08,1.5446760800872854,0.0,1.5446760800872854,0.0,0.0,False
1999-12-09,1.5520195400507275,0.0,1.5520195400507275,0.0,0.0,False
1999-12-10,1.5648714805945616,0.0,1.5648714805945616,0.0,0.0,False
1999-12-13,1.5861384665523641,0.0,1.5861384665523641,0.0,0.0,False
1999-12-14,1.5575274892664333,0.0,1.5575274892664333,0.0,0.0,False
1999-12-15,1.587515055332776,0.0,1.587515055332776,0.0,0.0,False
1999-12-16,1.62668354044748,0.0,1.62668354044748,0.0,0.0,False
1999-12-17,1.6407588596205347,0.0,1.6407588596205347,0.0,0.0,False
1999-12-20,1.6621788786079663,0.0,1.6621788786079663,0.0,0.0,False
1999-12-21,1.7515294446884786,0.0,1.7515294446884786,0.0,0.0,False
1999-12-22,1.7460225582021454,0.0,1.7460225582021454,0.0,0.0,False
1999-12-23,1.766829736584813,0.0,1.766829736584813,0.0,0.0,False
1999-12-27,1.756426324515041,0.0,1.756426324515041,0.0,0.0,False
1999-12-28,1.7454100718405057,0.0,1.7454100718405057,0.0,0.0,False
1999-12-29,1.811504576821164,0.0,1.811504576821164,0.0,0.0,False
1999-12-30,1.7919216626755274,0.0,1.7919216626755274,0.0,0.0,False
1999-12-31,1.7894734884445893,0.0,1.7894734884445893,0.0,0.0,False
2000-01-03,1.8555699417624303,0.0,1.8555699417624303,0.0,0.0,False
2000-01-04,1.7282737378317488,0.0,1.7282737378317488,0.0,0.0,False
2000-01-05,1.6842110297139132,0.0,1.6842110297139132,0.0,0.0,False
2000-01-06,1.5685432105762827,0.0,1.5685432105762827,0.0,0.0,False
2000-01-07,1.7625455202414522,0.0,1.7625455202414522,0.0,0.0,False
2000-01-10,1.811504576821164,0.0,1.811504576821164,0.0,0.0,False
2000-01-11,1.7233784520992448,0.0,1.7233784520992448,0.0,0.0,False
2000-01-12,1.68543405410001,0.0,1.68543405410001,0.0,0.0,False
2000-01-13,1.7870261998214614,0.0,1.7870261998214614,0.0,0.0,False
2000-01-14,1.8286419735592931,0.0,1.8286419735592931,0.0,0.0,False
2000-01-18,1.8384327221458632,0.0,1.8384327221458632,0.0,0.0,False
2000-01-19,1.880048850126819,0.0,1.880048850126819,0.0,0.0,False
2000-01-20,1.861688429002593,0.0,1.861688429002593,0.0,0.0,False
2000-01-21,1.884944667224009,0.0,1.884944667224009,0.0,0.0,False
2000-01-24,1.7943696597849035,0.0,1.7943696597849035,0.0,0.0,False
2000-01-25,1.8212967423802304,0.0,1.8212967423802304,0.0,0.0,False
2000-01-26,1.7478580689498817,0.0,1.7478580689498817,0.0,0.0,False
2000-01-27,1.7735603559434912,0.0,1.7735603559434912,0.0,0.0,False
2000-01-28,1.6842110297139132,0.0,1.6842110297139132,0.0,0.0,False
2000-01-31,1.756426324515041,0.0,1.756426324515041,0.0,0.0,False
2000-02-01,1.8035495161038924,0.0,1.8035495161038924,0.0,0.0,False
2000-02-02,1.818850516486475,0.0,1.818850516486475,0.0,0.0,False
2000-02-03,1.8898410156858856,0.0,1.8898410156858856,0.0,0.0,False
2000-02-04,1.9026927791081576,0.0,1.9026927791081576,0.0,0.0,False
2000-02-07,1.9290086151927792,0.0,1.9290086151927792,0.0,0.0,False
2000-02-08,2.0097925198021906,0.0,2.0097925198021906,0.0,0.0,False
2000-02-09,1.9388004265087215,0.0,1.9388004265087215,0.0,0.0,False
2000-02-10,2.0024481742309383,0.0,2.0024481742309383,0.0,0.0,False
2000-02-11,1.955935697788106,0.0,1.955935697788106,0.0,0.0,False
2000-02-14,1.953487877800292,0.0,1.953487877800292,0.0,0.0,False
2000-02-15,1.9675644368242813,0.0,1.9675644368242813,0.0,0.0,False
2000-02-16,1.9583847576268545,0.0,1.9583847576268545,0.0,0.0,False
2000-02-17,2.0,0.0,2.0,0.0,0.0,False
2000-02-18,1.9277848823204342,0.0,1.9277848823204342,0.0,0.0,False
2000-02-22,1.9339035466821588,0.0,1.9339035466821588,0.0,0.0,False
2000-02-23,2.0416152423731457,0.0,2.0416152423731457,0.0,0.0,False
2000-02-24,2.0856793674634777,0.0,2.0856793674634777,0.0,0.0,False
2000-02-25,2.0379433352698624,0.0,2.0379433352698624,0.0,0.0,False
2000-02-28,2.0367197795190797,0.0,2.0367197795190797,0.0,0.0,False
2000-02-29,2.0905742989528573,0.0,2.0905742989528573,0.0,0.0,False
2000-03-01,2.1077111643263007,0.0,2.1077111643263007,0.0,0.0,False
2000-03-02,2.0589042551684074,0.0,2.0589042551684074,0.0,0.0,False
2000-03-03,2.1750309962733625,0.0,2.1750309962733625,0.0,0.0,False
2000-03-06,2.192166267552747,0.0,2.192166267552747,0.0,0.0,False
2000-03-07,2.1591187493800748,0.0,2.1591187493800748,0.0,0.0,False
2000-03-08,2.1787029033766454,0.0,2.1787029033766454,0.0,0.0,False
2000-03-09,2.2521421081716806,0.0,2.2521421081716806,0.0,0.0,False
2000-03-10,2.2423492341263658,0.0,2.2423492341263658,0.0,0.0,False
2000-03-13,2.183598189109149,0.0,2.183598189109149,0.0,0.0,False
2000-03-14,2.1028153472291105,0.0,2.1028153472291105,0.0,0.0,False
2000-03-15,2.0146878055346944,0.0,2.0146878055346944,0.0,0.0,False
2000-03-16,2.1297431383106855,0.0,2.1297431383106855,0.0,0.0,False
2000-03-17,2.1701351791761723,0.0,2.1701351791761723,0.0,0.0,False
2000-03-20,2.108934542955521,0.0,2.108934542955521,0.0,0.0,False
2000-03-21,2.188494360449464,0.0,2.188494360449464,0.0,0.0,False
2000-03-22,2.2325583084182337,0.0,2.2325583084182337,0.0,0.0,False
2000-03-23,2.271725907925127,0.0,2.271725907925127,0.0,0.0,False
2000-03-24,2.3023256061099855,0.0,2.3023256061099855,0.0,0.0,False
2000-03-27,2.305998044577955,0.0,2.305998044577955,0.0,0.0,False
2000-03-28,2.2472450512235556,0.0,2.2472450512235556,0.0,0.0,False
2000-03-29,2.154222400918198,0.0,2.154222400918198,0.0,0.0,False
2000-03-30,2.1003671729981717,0.0,2.1003671729981717,0.0,0.0,False
2000-03-31,2.1444309438453804,0.0,2.1444309438453804,0.0,0.0,False
2000-04-03,2.0159113612854775,0.0,2.0159113612854775,0.0,0.0,False
2000-04-04,1.9963275615320306,0.0,1.9963275615320306,0.0,0.0,False
2000-04-05,1.9608324004931064,0.0,1.9608324004931064,0.0,0.0,False
2000-04-06,2.0073443455712523,0.0,2.0073443455712523,0.0,0.0,False
2000-04-07,2.0881275416944156,0.0,2.0881275416944156,0.0,0.0,False
2000-04-10,1.9608324004931064,0.0,1.9608324004931064,0.0,0.0,False
2000-04-11,1.9143202782933983,0.0,1.9143202782933983,0.0,0.0,False
2000-04-12,1.8017136511130318,0.0,1.8017136511130318,0.0,0.0,False
2000-04-13,1.7233784520992448,0.0,1.7233784520992448,0.0,0.0,False
2000-04-14,1.5740516911566746,0.0,1.5740516911566746,0.0,0.0,False
2000-04-17,1.75520206027801,0.0,1.75520206027801,0.0,0.0,False
2000-04-18,1.8017136511130318,0.0,1.8017136511130318,0.0,0.0,False
2000-04-19,1.7466338047128505,0.0,1.7466338047128505,0.0,0.0,False
2000-04-20,1.708690115199864,0.0,1.708690115199864,0.0,0.0,False
2000-04-24,1.6597305272554659,0.0,1.6597305272554659,0.0,0.0,False
2000-04-25,1.7717262621682512,0.0,1.7717262621682512,0.0,0.0,False
2000-04-26,1.7111389979170504,0.0,1.7111389979170504,0.0,0.0,False
2000-04-27,1.7870261998214614,0.0,1.7870261998214614,0.0,0.0,False
2000-04-28,1.8555699417624303,0.0,1.8555699417624303,0.0,0.0,False
2000-05-01,1.8727045045555666,0.0,1.8727045045555666,0.0,0.0,False
2000-05-02,1.7649945800802007,0.0,1.7649945800802007,0.0,0.0,False
2000-05-03,1.7454100718405057,0.0,1.7454100718405057,0.0,0.0,False
2000-05-04,1.7490821560653507,0.0,1.7490821560653507,0.0,0.0,False
2000-05-05,1.7906981069247445,0.0,1.7906981069247445,0.0,0.0,False
2000-05-08,1.7209308092329927,0.0,1.7209308092329927,0.0,0.0,False
2000-05-09,1.6842110297139132,0.0,1.6842110297139132,0.0,0.0,False
2000-05-10,1.561811174245108,0.0,1.561811174245108,0.0,0.0,False
2000-05-11,1.6572835928754623,0.0,1.6572835928754623,0.0,0.0,False
2000-05-12,1.6572835928754623,0.0,1.6572835928754623,0.0,0.0,False
2000-05-15,1.7294978249472177,0.0,1.7294978249472177,0.0,0.0,False
2000-05-16,1.7784574128916157,0.0,1.7784574128916157,0.0,0.0,False
2000-05-17,1.74173710200785,0.0,1.74173710200785,0.0,0.0,False
2000-05-18,1.679314504130475,0.0,1.679314504130475,0.0,0.0,False
2000-05-19,1.5997561036090289,0.0,1.5997561036090289,0.0,0.0,False
2000-05-22,1.5985307766426253,0.0,1.5985307766426253,0.0,0.0,False
2000-05-23,1.4651158197894378,0.0,1.4651158197894378,0.0,0.0,False
2000-05-24,1.5569155342694798,0.0,1.5569155342694798,0.0,0.0,False
2000-05-25,1.5226439289813385,0.0,1.5226439289813385,0.0,0.0,False
2000-05-26,1.5226439289813385,0.0,1.5226439289813385,0.0,0.0,False
2000-05-30,1.6756425970271918,0.0,1.6756425970271918,0.0,0.0,False
2000-05-31,1.6279072733198248,0.0,1.6279072733198248,0.0,0.0,False
2000-06-01,1.7111389979170504,0.0,1.7111389979170504,0.0,0.0,False
2000-06-02,1.8335376135349213,0.0,1.8335376135349213,0.0,0.0,False
2000-06-05,1.8381273645728538,0.0,1.8381273645728538,0.0,0.0,False
2000-06-06,1.7870261998214614,0.0,1.7870261998214614,0.0,0.0,False
2000-06-07,1.8347613464072663,0.0,1.8347613464072663,0.0,0.0,False
2000-06-08,1.826193799328355,0.0,1.826193799328355,0.0,0.0,False
2000-06-09,1.835985079279611,0.0,1.835985079279611,0.0,0.0,False
2000-06-12,1.7772338571408328,0.0,1.7772338571408328,0.0,0.0,False
2000-06-13,1.8457768905955536,0.0,1.8457768905955536,0.0,0.0,False
2000-06-14,1.8041607626145977,0.0,1.8041607626145977,0.0,0.0,False
2000-06-15,1.835985079279611,0.0,1.835985079279611,0.0,0.0,False
2000-06-16,1.8457768905955536,0.0,1.8457768905955536,0.0,0.0,False
2000-06-19,1.9192164496337125,0.0,1.9192164496337125,0.0,0.0,False
2000-06-20,1.9118722811840223,0.0,1.9118722811840223,0.0,0.0,False
2000-06-21,1.9363534921287178,0.0,1.9363534921287178,0.0,0.0,False
2000-06-22,1.8653610445921245,0.0,1.8653610445921245,0.0,0.0,False
2000-06-23,1.7919216626755274,0.0,1.7919216626755274,0.0,0.0,False
2000-06-26,1.8408812506199255,0.0,1.8408812506199255,0.0,0.0,False
2000-06-27,1.818850516486475,0.0,1.818850516486475,0.0,0.0,False
2000-06-28,1.8408812506199255,0.0,1.8408812506199255,0.0,0.0,False
2000-06-29,1.7946764343304096,0.0,1.7946764343304096,0.0,0.0,False
2000-06-30,1.829865175066952,0.0,1.829865175066952,0.0,0.0,False
2000-07-03,1.8653610445921245,0.0,1.8653610445921245,0.0,0.0,False
2000-07-05,1.7931457497909966,0.0,1.7931457497909966,0.0,0.0,False
2000-07-06,1.8408812506199255,0.0,1.8408812506199255,0.0,0.0,False
2000-07-07,1.8788245858897878,0.0,1.8788245858897878,0.0,0.0,False
2000-07-10,1.8503662873903617,0.0,1.8503662873903617,0.0,0.0,False
2000-07-11,1.860464341887124,0.0,1.860464341887124,0.0,0.0,False
2000-07-12,1.9045288212205802,0.0,1.9045288212205802,0.0,0.0,False
2000-07-13,1.9290086151927792,0.0,1.9290086151927792,0.0,0.0,False
2000-07-14,1.9706242118090487,0.0,1.9706242118090487,0.0,0.0,False
2000-07-17,1.9926563629149958,0.0,1.9926563629149958,0.0,0.0,False
2000-07-18,1.9485918835815397,0.0,1.9485918835815397,0.0,0.0,False
2000-07-19,1.9045288212205802,0.0,1.9045288212205802,0.0,0.0,False
2000-07-20,1.9657276862256103,0.0,1.9657276862256103,0.0,0.0,False
2000-07-21,1.899633181244952,0.0,1.899633181244952,0.0,0.0,False
2000-07-24,1.860464341887124,0.0,1.860464341887124,0.0,0.0,False
2000-07-25,1.8751523245433805,0.0,1.8751523245433805,0.0,0.0,False
2000-07-26,1.8727045045555666,0.0,1.8727045045555666,0.0,0.0,False
2000-07-27,1.79926600824678,0.0,1.79926600824678,0.0,0.0,False
2000-07-28,1.701346832357984,0.0,1.701346832357984,0.0,0.0,False
2000-07-31,1.7515294446884786,0.0,1.7515294446884786,0.0,0.0,False
2000-08-01,1.7282737378317488,0.0,1.7282737378317488,0.0,0.0,False
2000-08-02,1.6976745710115766,0.0,1.6976745710115766,0.0,0.0,False
2000-08-03,1.7711139529281736,0.0,1.7711139529281736,0.0,0.0,False
2000-08-04,1.7649945800802007,0.0,1.7649945800802007,0.0,0.0,False
2000-08-07,1.8066099995749083,0.0,1.8066099995749083,0.0,0.0,False
2000-08-08,1.8433290706077394,0.0,1.8433290706077394,0.0,0.0,False
2000-08-09,1.7943696597849035,0.0,1.7943696597849035,0.0,0.0,False
2000-08-10,1.7588743216244174,0.0,1.7588743216244174,0.0,0.0,False
2000-08-11,1.7833539384750543,0.0,1.7833539384750543,0.0,0.0,False
2000-08-14,1.8212967423802304,0.0,1.8212967423802304,0.0,0.0,False
2000-08-15,1.8212967423802304,0.0,1.8212967423802304,0.0,0.0,False
2000-08-16,1.8396576948691425,0.0,1.8396576948691425,0.0,0.0,False
2000-08-17,1.8751523245433805,0.0,1.8751523245433805,0.0,0.0,False
2000-08-18,1.8653610445921245,0.0,1.8653610445921245,0.0,0.0,False
2000-08-21,1.8702572159324387,0.0,1.8702572159324387,0.0,0.0,False
2000-08-22,1.8702572159324387,0.0,1.8702572159324387,0.0,0.0,False
2000-08-23,1.900856559874173,0.0,1.900856559874173,0.0,0.0,False
2000-08-24,1.930232170943562,0.0,1.930232170943562,0.0,0.0,False
2000-08-25,1.9198287588737903,0.0,1.9198287588737903,0.0,0.0,False
2000-08-28,1.9288133283887288,0.052479062816322454,1.6396573229138622,0.18793368965339458,0.10122231582147209,True
2000-08-29,1.9386673288037577,0.05297843496681547,1.6479803625324132,0.18797940527002482,0.10270756100131975,True
2000-08-30,1.9361871898501035,0.052816000780461406,1.64590046830941,0.188025057410451,0.10226166413024244,True
2000-08-31,1.9904847344561765,0.05563336037028814,1.6916766592747934,0.18807072063782534,0.11073735454355776,True
2000-09-01,2.0103853314450686,0.05667837280022822,1.708323641831862,0.1881163203254526,0.11394536928775398,True
2000-09-05,1.9479381352903022,0.053119411367211954,1.6563031010443088,0.1881617071196283,0.10347332712636534,True
2000-09-06,1.878746032484039,0.04923366583200269,1.5980415226077962,0.18820695552972266,0.09249755434652006,True
2000-09-07,1.9202557584318618,0.05134182672144835,1.6334144786249698,0.1882518413966199,0.09858943841027204,True
2000-09-08,1.8612660065054234,0.04808200607651032,1.5834759398070084,0.18829666326361907,0.08949340343479587,True
2000-09-11,1.8162411665757368,0.045653770536523634,1.5449817121987162,0.18834119691918394,0.08291825745783668,True
2000-09-12,1.7884588578346625,0.04418373991679082,1.521052465177901,0.188385591630314,0.0790208010264475,True
2000-09-13,1.8291690665927225,0.0,1.8291690665927225,0.0,0.0,False
2000-09-14,1.8193861118858317,0.0,1.8193861118858317,0.0,0.0,False
2000-09-15,1.7863737930038754,0.0,1.7863737930038754,0.0,0.0,False
2000-09-18,1.7582512705857132,0.0,1.7582512705857132,0.0,0.0,False
2000-09-19,1.8230546977839466,0.0,1.8230546977839466,0.0,0.0,False
2000-09-20,1.8511773971378616,0.0,1.8511773971378616,0.0,0.0,False
2000-09-21,1.7166796846630843,0.0,1.7166796846630843,0.0,0.0,False
2000-09-22,1.8181645474486472,0.0,1.8181645474486472,0.0,0.0,False
2000-09-25,1.7698676335628973,0.0,1.7698676335628973,0.0,0.0,False
2000-09-26,1.7496920035450405,0.0,1.7496920035450405,0.0,0.0,False
2000-09-27,1.7521384941987126,0.0,1.7521384941987126,0.0,0.0,False
2000-09-28,1.7912646510821861,0.0,1.7912646510821861,0.0,0.0,False
2000-09-29,1.73624205536181,0.0,1.73624205536181,0.0,0.0,False
2000-10-02,1.6971151907353252,0.0,1.6971151907353252,0.0,0.0,False
2000-10-03,1.6433169904241784,0.0,1.6433169904241784,0.0,0.0,False
2000-10-04,1.6751068601901862,0.0,1.6751068601901862,0.0,0.0,False
2000-10-05,1.6799978952042494,0.0,1.6799978952042494,0.0,0.0,False
2000-10-06,1.6237537350466889,0.0,1.6237537350466889,0.0,0.0,False
2000-10-09,1.6164174479292228,0.0,1.6164174479292228,0.0,0.0,False
2000-10-10,1.5320505884177473,0.0,1.5320505884177473,0.0,0.0,False
2000-10-11,1.507596828833453,0.0,1.507596828833453,0.0,0.0,False
2000-10-12,1.4696930325980513,0.0,1.4696930325980513,0.0,0.0,False
2000-10-13,1.5895177284985147,0.0,1.5895177284985147,0.0,0.0,False
2000-10-16,1.6041903027334465,0.0,1.6041903027334465,0.0,0.0,False
2000-10-17,1.5308279623660461,0.0,1.5308279623660461,0.0,0.0,False
2000-10-18,1.5259363965447243,0.0,1.5259363965447243,0.0,0.0,False
2000-10-19,1.6641028718533692,0.0,1.6641028718533692,0.0,0.0,False
2000-10-20,1.6885569853091695,0.0,1.6885569853091695,0.0,0.0,False
2000-10-23,1.6861113793342613,0.0,1.6861113793342613,0.0,0.0,False
2000-10-24,1.613971665018562,0.0,1.613971665018562,0.0,0.0,False
2000-10-25,1.523491852184333,0.0,1.523491852184333,0.0,0.0,False
2000-10-26,1.5626181860035593,0.0,1.5626181860035593,0.0,0.0,False
2000-10-27,1.5595612670028005,0.0,1.5595612670028005,0.0,0.0,False
2000-10-30,1.5017897974272536,0.0,1.5017897974272536,0.0,0.0,False
2000-10-31,1.5983825635842364,0.0,1.5983825635842364,0.0,0.0,False
2000-11-01,1.5846275781632153,0.0,1.5846275781632153,0.0,0.0,False
2000-11-02,1.6041903027334465,0.0,1.6041903027334465,0.0,0.0,False
2000-11-03,1.6249770688414014,0.0,1.6249770688414014,0.0,0.0,False
2000-11-06,1.6127495697741192,0.0,1.6127495697741192,0.0,0.0,False
2000-11-07,1.6066353779010962,0.0,1.6066353779010962,0.0,0.0,False
2000-11-08,1.48100276591567,0.0,1.48100276591567,0.0,0.0,False
2000-11-09,1.4806975517421266,0.0,1.4806975517421266,0.0,0.0,False
2000-11-10,1.4036662716051058,0.0,1.4036662716051058,0.0,0.0,False
2000-11-13,1.4058062210670883,0.0,1.4058062210670883,0.0,0.0,False
2000-11-14,1.4837542938071324,0.0,1.4837542938071324,0.0,0.0,False
2000-11-15,1.5137096052204535,0.0,1.5137096052204535,0.0,0.0,False
2000-11-16,1.4256745136823685,0.0,1.4256745136823685,0.0,0.0,False
2000-11-17,1.424758074950851,0.0,1.424758074950851,0.0,0.0,False
2000-11-20,1.3666795333763564,0.0,1.3666795333763564,0.0,0.0,False
2000-11-21,1.3645407339967668,0.0,1.3645407339967668,0.0,0.0,False
2000-11-22,1.3034047426142552,0.0,1.3034047426142552,0.0,0.0,False
2000-11-24,1.3779894436297278,0.0,1.3779894436297278,0.0,0.0,False
2000-11-27,1.3608720596307755,0.0,1.3608720596307755,0.0,0.0,False
2000-11-28,1.2804789117230821,0.0,1.2804789117230821,0.0,0.0,False
2000-11-29,1.2312652937021855,0.0,1.2312652937021855,0.0,0.0,False
2000-11-30,1.2321818209015793,0.0,1.2321818209015793,0.0,0.0,False
2000-12-01,1.2520510866634997,0.0,1.2520510866634997,0.0,0.0,False
2000-12-04,1.271613811233731,0.0,1.271613811233731,0.0,0.0,False
2000-12-05,1.382880655579544,0.0,1.382880655579544,0.0,0.0,False
2000-12-06,1.3303043735770874,0.0,1.3303043735770874,0.0,0.0,False
2000-12-07,1.300959048171471,0.0,1.300959048171471,0.0,0.0,False
2000-12-08,1.3303043735770874,0.0,1.3303043735770874,0.0,0.0,False
2000-12-11,1.455020104491614,0.0,1.455020104491614,0.0,0.0,False
2000-12-12,1.401832863334812,0.0,1.401832863334812,0.0,0.0,False
2000-12-13,1.3446712912990937,0.0,1.3446712912990937,0.0,0.0,False
2000-12-14,1.2789507176263315,0.0,1.2789507176263315,0.0,0.0,False
2000-12-15,1.2496058345600973,0.0,1.2496058345600973,0.0,0.0,False
2000-12-18,1.2520510866634997,0.0,1.2520510866634997,0.0,0.0,False
2000-12-19,1.1566802388152073,0.0,1.1566802388152073,0.0,0.0,False
2000-12-20,1.090348440584471,0.0,1.090348440584471,0.0,0.0,False
2000-12-21,1.0967669619522733,0.0,1.0967669619522733,0.0,0.0,False
2000-12-22,1.1835796928422864,0.0,1.1835796928422864,0.0,0.0,False
2000-12-26,1.190915714556123,0.0,1.190915714556123,0.0,0.0,False
2000-12-27,1.2043661050787353,0.0,1.2043661050787353,0.0,0.0,False
2000-12-28,1.2019198798286927,0.0,1.2019198798286927,0.0,0.0,False
2000-12-29,1.1420074876445228,0.0,1.1420074876445228,0.0,0.0,False
2001-01-02,1.0454136598730235,0.0,1.0454136598730235,0.0,0.0,False
2001-01-03,1.2214835775455644,0.0,1.2214835775455644,0.0,0.0,False
2001-01-04,1.1994746277252903,0.0,1.1994746277252903,0.0,0.0,False
2001-01-05,1.1077715695642252,0.0,1.1077715695642252,0.0,0.0,False
2001-01-08,1.1199984493563724,0.0,1.1199984493563724,0.0,0.0,False
2001-01-09,1.1199984493563724,0.0,1.1199984493563724,0.0,0.0,False
2001-01-10,1.1774663856480272,0.0,1.1774663856480272,0.0,0.0,False
2001-01-11,1.211701595985314,0.0,1.211701595985314,0.0,0.0,False
2001-01-12,1.227291228226898,0.0,1.227291228226898,0.0,0.0,False
2001-01-16,1.2126189193955954,0.0,1.2126189193955954,0.0,0.0,False
2001-01-17,1.2496058345600973,0.0,1.2496058345600973,0.0,0.0,False
2001-01-18,1.3021822050304304,0.0,1.3021822050304304,0.0,0.0,False
2001-01-19,1.2972919662272546,0.0,1.2972919662272546,0.0,0.0,False
2001-01-22,1.2985143268753268,0.0,1.2985143268753268,0.0,0.0,False
2001-01-23,1.3257193489474546,0.0,1.3257193489474546,0.0,0.0,False
2001-01-24,1.3131859279636182,0.0,1.3131859279636182,0.0,0.0,False
2001-01-25,1.261832625884368,0.0,1.261832625884368,0.0,0.0,False
2001-01-26,1.2823130277363866,0.0,1.2823130277363866,0.0,0.0,False
2001-01-29,1.3107410297317212,0.0,1.3107410297317212,0.0,0.0,False
2001-01-30,1.3058501716534108,0.0,1.3058501716534108,0.0,0.0,False
2001-01-31,1.2579201340510477,0.0,1.2579201340510477,0.0,0.0,False
2001-02-01,1.2745490869044542,0.0,1.2745490869044542,0.0,0.0,False
2001-02-02,1.2041211375290133,0.0,1.2041211375290133,0.0,0.0,False
2001-02-05,1.203142948219776,0.0,1.203142948219776,0.0,0.0,False
2001-02-06,1.2050990614346215,0.0,1.2050990614346215,0.0,0.0,False
2001-02-07,1.185535806057132,0.0,1.185535806057132,0.0,0.0,False
2001-02-08,1.1501263615965291,0.0,1.1501263615965291,0.0,0.0,False
2001-02-09,1.103370027310224,0.0,1.103370027310224,0.0,0.0,False
2001-02-12,1.116673295754401,0.0,1.116673295754401,0.0,0.0,False
2001-02-13,1.0808722040050223,0.0,1.0808722040050223,0.0,0.0,False
2001-02-14,1.1239113835290748,0.0,1.1239113835290748,0.0,0.0,False
2001-02-15,1.1424968919367091,0.0,1.1424968919367091,0.0,0.0,False
2001-02-16,1.0785243550335244,0.0,1.0785243550335244,0.0,0.0,False
2001-02-20,1.036659055761283,0.0,1.036659055761283,0.0,0.0,False
2001-02-21,1.007509863637622,0.0,1.007509863637622,0.0,0.0,False
2001-02-22,0.99772841288463,0.0,0.99772841288463,0.0,0.0,False
2001-02-23,1.0012496113006801,0.0,1.0012496113006801,0.0,0.0,False
2001-02-26,1.0202259707862025,0.0,1.0202259707862025,0.0,0.0,False
2001-02-27,0.9586015482581453,0.0,0.9586015482581453,0.0,0.0,False
2001-02-28,0.9282782989469208,0.0,0.9282782989469208,0.0,0.0,False
2001-03-01,0.9546885256175666,0.0,0.9546885256175666,0.0,0.0,False
2001-03-02,0.9136062555192473,0.0,0.9136062555192473,0.0,0.0,False
2001-03-05,0.9302353853084067,0.0,0.9302353853084067,0.0,0.0,False
2001-03-06,0.9664268857962917,0.0,0.9664268857962917,0.0,0.0,False
2001-03-07,0.966818179213562,0.0,0.966818179213562,0.0,0.0,False
2001-03-08,0.9488201859730298,0.0,0.9488201859730298,0.0,0.0,False
2001-03-09,0.8823043745594036,0.0,0.8823043745594036,0.0,0.0,False
2001-03-12,0.8275276310675136,0.0,0.8275276310675136,0.0,0.0,False
2001-03-13,0.8695883558786993,0.0,0.8695883558786993,0.0,0.0,False
2001-03-14,0.8558944132923869,0.0,0.8558944132923869,0.0,0.0,False
2001-03-15,0.8245930631398014,0.0,0.8245930631398014,0.0,0.0,False
2001-03-16,0.8060079086036729,0.0,0.8060079086036729,0.0,0.0,False
2001-03-19,0.846308388078339,0.0,0.846308388078339,0.0,0.0,False
2001-03-20,0.7893787788145135,0.0,0.7893787788145135,0.0,0.0,False
2001-03-21,0.7893787788145135,0.0,0.7893787788145135,0.0,0.0,False
2001-03-22,0.8373095241598875,0.0,0.8373095241598875,0.0,0.0,False
2001-03-23,0.8373095241598875,0.0,0.8373095241598875,0.0,0.0,False
2001-03-26,0.8179411635140837,0.0,0.8179411635140837,0.0,0.0,False
2001-03-27,0.8461127856036421,0.0,0.8461127856036421,0.0,0.0,False
2001-03-28,0.7766627601338094,0.0,0.7766627601338094,0.0,0.0,False
2001-03-29,0.7619906282382596,0.0,0.7619906282382596,0.0,0.0,False
2001-03-30,0.7659029431358272,0.0,0.7659029431358272,0.0,0.0,False
2001-04-02,0.7316672019912824,0.0,0.7316672019912824,0.0,0.0,False
2001-04-03,0.6780632329027482,0.0,0.6780632329027482,0.0,0.0,False
2001-04-04,0.6661302433959664,0.0,0.6661302433959664,0.0,0.0,False
2001-04-05,0.7299068239529481,0.0,0.7299068239529481,0.0,0.0,False
2001-04-06,0.7033007294039763,0.0,0.7033007294039763,0.0,0.0,False
2001-04-09,0.7248204076338788,0.0,0.7248204076338788,0.0,0.0,False
2001-04-10,0.7786194926237896,0.0,0.7786194926237896,0.0,0.0,False
2001-04-11,0.8020951513667234,0.0,0.8020951513667234,0.0,0.0,False
2001-04-12,0.8373095241598875,0.0,0.8373095241598875,0.0,0.0,False
2001-04-16,0.7874227540675443,0.0,0.7874227540675443,0.0,0.0,False
2001-04-17,0.806985832509281,0.0,0.806985832509281,0.0,0.0,False
2001-04-18,0.8911083437461692,0.0,0.8911083437461692,0.0,0.0,False
2001-04-19,0.9449074287360801,0.0,0.9449074287360801,0.0,0.0,False
2001-04-20,0.9468638073545548,0.0,0.9468638073545548,0.0,0.0,False
2001-04-23,0.8832827408043937,0.0,0.8832827408043937,0.0,0.0,False
2001-04-24,0.8666537879509871,0.0,0.8666537879509871,0.0,0.0,False
2001-04-25,0.8823043745594036,0.0,0.8823043745594036,0.0,0.0,False
2001-04-26,0.859806816657831,0.0,0.859806816657831,0.0,0.0,False
2001-04-27,0.8832827408043937,0.0,0.8832827408043937,0.0,0.0,False
2001-04-30,0.9028462615855125,0.0,0.9028462615855125,0.0,0.0,False
2001-05-01,0.9400164821898931,0.0,0.9400164821898931,0.0,0.0,False
2001-05-02,0.9582106087123806,0.0,0.9582106087123806,0.0,0.0,False
2001-05-03,0.9155627226055988,0.0,0.9155627226055988,0.0,0.0,False
2001-05-04,0.9429510501176053,0.0,0.9429510501176053,0.0,0.0,False
2001-05-07,0.9233880601437449,0.0,0.9233880601437449,0.0,0.0,False
2001-05-08,0.9429510501176053,0.0,0.9429510501176053,0.0,0.0,False
2001-05-09,0.9106712452521534,0.0,0.9106712452521534,0.0,0.0,False
2001-05-10,0.895412394400389,0.0,0.895412394400389,0.0,0.0,False
2001-05-11,0.8911083437461692,0.0,0.8911083437461692,0.0,0.0,False
2001-05-14,0.8768270629285078,0.0,0.8768270629285078,0.0,0.0,False
2001-05-15,0.8832827408043937,0.0,0.8832827408043937,0.0,0.0,False
2001-05-16,0.9224093400272492,0.0,0.9224093400272492,0.0,0.0,False
2001-05-17,0.9370820911979337,0.0,0.9370820911979337,0.0,0.0,False
2001-05-18,0.9398208797151962,0.0,0.9398208797151962,0.0,0.0,False
2001-05-21,0.998706513725991,0.0,0.998706513725991,0.0,0.0,False
2001-05-22,0.9957715919267732,0.0,0.9957715919267732,0.0,0.0,False
2001-05-23,0.9517545769649891,0.0,0.9517545769649891,0.0,0.0,False
2001-05-24,0.9762085134850365,0.0,0.9762085134850365,0.0,0.0,False
2001-05-25,0.9584060342513248,0.0,0.9584060342513248,0.0,0.0,False
2001-05-29,0.9022593656935453,0.0,0.9022593656935453,0.0,0.0,False
2001-05-30,0.8691975048008108,0.0,0.8691975048008108,0.0,0.0,False
2001-05-31,0.8750666406562354,0.0,0.8750666406562354,0.0,0.0,False
2001-06-01,0.9008897944991613,0.0,0.9008897944991613,0.0,0.0,False
2001-06-04,0.8965858323128179,0.0,0.8965858323128179,0.0,0.0,False
2001-06-05,0.9361037249529435,0.0,0.9361037249529435,0.0,0.0,False
2001-06-06,0.9288655487103935,0.0,0.9288655487103935,0.0,0.0,False
2001-06-07,0.9527329432099794,0.0,0.9527329432099794,0.0,0.0,False
2001-06-08,0.9263222741999513,0.0,0.9263222741999513,0.0,0.0,False
2001-06-11,0.9008897944991613,0.0,0.9008897944991613,0.0,0.0,False
2001-06-12,0.8959990248887271,0.0,0.8959990248887271,0.0,0.0,False
2001-06-13,0.8715447344971742,0.0,0.8715447344971742,0.0,0.0,False
2001-06-14,0.8265494417582763,0.0,0.8265494417582763,0.0,0.0,False
2001-06-15,0.8333965899871854,0.0,0.8333965899871854,0.0,0.0,False
2001-06-18,0.82224530263618,0.0,0.82224530263618,0.0,0.0,False
2001-06-19,0.8181370313924099,0.0,0.8181370313924099,0.0,0.0,False
2001-06-20,0.8367221859285386,0.0,0.8367221859285386,0.0,0.0,False
2001-06-21,0.8480687218827352,0.0,0.8480687218827352,0.0,0.0,False
2001-06-22,0.8461127856036421,0.0,0.8461127856036421,0.0,0.0,False
2001-06-25,0.8482645012931846,0.0,0.8482645012931846,0.0,0.0,False
2001-06-26,0.8511992461566497,0.0,0.8511992461566497,0.0,0.0,False
2001-06-27,0.8566770001269274,0.0,0.8566770001269274,0.0,0.0,False
2001-06-28,0.8676318887923481,0.0,0.8676318887923481,0.0,0.0,False
2001-06-29,0.8940429116738816,0.0,0.8940429116738816,0.0,0.0,False
2001-07-02,0.8891516112561889,0.0,0.8891516112561889,0.0,0.0,False
2001-07-03,0.8928688544863179,0.0,0.8928688544863179,0.0,0.0,False
2001-07-05,0.8500250120333334,0.0,0.8500250120333334,0.0,0.0,False
2001-07-06,0.8148113469831803,0.0,0.8148113469831803,0.0,0.0,False
2001-07-09,0.8218541861546625,0.0,0.8218541861546625,0.0,0.0,False
2001-07-10,0.7923137890816077,0.0,0.7923137890816077,0.0,0.0,False
2001-07-11,0.8020951513667234,0.0,0.8020951513667234,0.0,0.0,False
2001-07-12,0.8529599338325511,0.0,0.8529599338325511,0.0,0.0,False
2001-07-13,0.844156318517291,0.0,0.844156318517291,0.0,0.0,False
2001-07-16,0.828505820376751,0.0,0.828505820376751,0.0,0.0,False
2001-07-17,0.8470909749128795,0.0,0.8470909749128795,0.0,0.0,False
2001-07-18,0.8148113469831803,0.0,0.8148113469831803,0.0,0.0,False
2001-07-19,0.8341789114180964,0.0,0.8341789114180964,0.0,0.0,False
2001-07-20,0.8148113469831803,0.0,0.8148113469831803,0.0,0.0,False
2001-07-23,0.7944655932390265,0.0,0.7944655932390265,0.0,0.0,False
2001-07-24,0.7854669062563279,0.0,0.7854669062563279,0.0,0.0,False
2001-07-25,0.7923137890816077,0.0,0.7923137890816077,0.0,0.0,False
2001-07-26,0.8040516184530745,0.0,0.8040516184530745,0.0,0.0,False
2001-07-27,0.820680571306481,0.0,0.820680571306481,0.0,0.0,False
2001-07-30,0.8157895362924177,0.0,0.8157895362924177,0.0,0.0,False
2001-07-31,0.8169630626727228,0.0,0.8169630626727228,0.0,0.0,False
2001-08-01,0.8431779522723007,0.0,0.8431779522723007,0.0,0.0,False
2001-08-02,0.8590240528875377,0.0,0.8590240528875377,0.0,0.0,False
2001-08-03,0.8447433028771345,0.0,0.8447433028771345,0.0,0.0,False
2001-08-06,0.8314402998365868,0.0,0.8314402998365868,0.0,0.0,False
2001-08-07,0.8271361607144906,0.0,0.8271361607144906,0.0,0.0,False
2001-08-08,0.7923137890816077,0.0,0.7923137890816077,0.0,0.0,False
2001-08-09,0.7956394734908373,0.0,0.7956394734908373,0.0,0.0,False
2001-08-10,0.7880098268952643,0.0,0.7880098268952643,0.0,0.0,False
2001-08-13,0.8040516184530745,0.0,0.8040516184530745,0.0,0.0,False
2001-08-14,0.7942699907643296,0.0,0.7942699907643296,0.0,0.0,False
2001-08-15,0.7649251076980953,0.0,0.7649251076980953,0.0,0.0,False
2001-08-16,0.7739241485522996,0.0,0.7739241485522996,0.0,0.0,False
2001-08-17,0.7387103065663937,0.0,0.7387103065663937,0.0,0.0,False
2001-08-20,0.7488829622687795,0.0,0.7488829622687795,0.0,0.0,False
2001-08-21,0.7177773030587674,0.0,0.7177773030587674,0.0,0.0,False
2001-08-22,0.7373408680738244,0.0,0.7373408680738244,0.0,0.0,False
2001-08-23,0.7301023379597686,0.0,0.7301023379597686,0.0,0.0,False
2001-08-24,0.7688372456599102,0.0,0.7688372456599102,0.0,0.0,False
2001-08-27,0.7698157888406532,0.0,0.7698157888406532,0.0,0.0,False
2001-08-28,0.7457531457378761,0.0,0.7457531457378761,0.0,0.0,False
2001-08-29,0.7347972839258151,0.0,0.7347972839258151,0.0,0.0,False
2001-08-30,0.7076042050169995,0.0,0.7076042050169995,0.0,0.0,False
2001-08-31,0.716603511274833,0.0,0.716603511274833,0.0,0.0,False
2001-09-04,0.6939102624306872,0.0,0.6939102624306872,0.0,0.0,False
2001-09-05,0.6911716950831157,0.0,0.6911716950831157,0.0,0.0,False
2001-09-06,0.6631957197021924,0.0,0.6631957197021924,0.0,0.0,False
2001-09-07,0.659283227868872,0.0,0.659283227868872,0.0,0.0,False
2001-09-10,0.6671085654070184,0.0,0.6671085654070184,0.0,0.0,False
2001-09-17,0.6103746913197043,0.0,0.6103746913197043,0.0,0.0,False
2001-09-18,0.5966807044994537,0.0,0.5966807044994537,0.0,0.0,False
2001-09-19,0.5863121366848036,0.0,0.5863121366848036,0.0,0.0,False
2001-09-20,0.5667489697751905,0.0,0.5667489697751905,0.0,0.0,False
2001-09-21,0.5514893227125387,0.0,0.5514893227125387,0.0,0.0,False
2001-09-24,0.579269209045445,0.0,0.579269209045445,0.0,0.0,False
2001-09-25,0.5810299409552846,0.0,0.5810299409552846,0.0,0.0,False
2001-09-26,0.5608797454518897,0.0,0.5608797454518897,0.0,0.0,False
2001-09-27,0.5571628560932661,0.0,0.5571628560932661,0.0,0.0,False
2001-09-28,0.5669441741444435,0.0,0.5669441741444435,0.0,0.0,False
2001-10-01,0.5620536699376386,0.0,0.5620536699376386,0.0,0.0,False
2001-10-02,0.5638141806777872,0.0,0.5638141806777872,0.0,0.0,False
2001-10-03,0.6064620225506312,0.0,0.6064620225506312,0.0,0.0,False
2001-10-04,0.6123312468739319,0.0,0.6123312468739319,0.0,0.0,False
2001-10-05,0.6213304646638891,0.0,0.6213304646638891,0.0,0.0,False
2001-10-08,0.6232868432823638,0.0,0.6232868432823638,0.0,0.0,False
2001-10-09,0.6082229756301618,0.0,0.6082229756301618,0.0,0.0,False
2001-10-10,0.6358069056168655,0.0,0.6358069056168655,0.0,0.0,False
2001-10-11,0.6788469698196816,0.0,0.6788469698196816,0.0,0.0,False
2001-10-12,0.6759122249562167,0.0,0.6759122249562167,0.0,0.0,False
2001-10-15,0.6729776570285045,0.0,0.6729776570285045,0.0,0.0,False
2001-10-16,0.6839328553314927,0.0,0.6839328553314927,0.0,0.0,False
2001-10-17,0.6348290259451955,0.0,0.6348290259451955,0.0,0.0,False
2001-10-18,0.6520446977548163,0.0,0.6520446977548163,0.0,0.0,False
2001-10-19,0.6563488811108509,0.0,0.6563488811108509,0.0,0.0,False
2001-10-22,0.6739557136359272,0.0,0.6739557136359272,0.0,0.0,False
2001-10-23,0.6774772216895449,0.0,0.6774772216895449,0.0,0.0,False
2001-10-24,0.6921492651172182,0.0,0.6921492651172182,0.0,0.0,False
2001-10-25,0.7199292399180008,0.0,0.7199292399180008,0.0,0.0,False
2001-10-26,0.7044743442521578,0.0,0.7044743442521578,0.0,0.0,False
2001-10-29,0.6659344639855166,0.0,0.6659344639855166,0.0,0.0,False
2001-10-30,0.6530230197658683,0.0,0.6530230197658683,0.0,0.0,False
2001-10-31,0.6631957197021924,0.0,0.6631957197021924,0.0,0.0,False
2001-11-01,0.6913672090899363,0.0,0.6913672090899363,0.0,0.0,False
2001-11-02,0.6964533157714382,0.0,0.6964533157714382,0.0,0.0,False
2001-11-05,0.7191466973173987,0.0,0.7191466973173987,0.0,0.0,False
2001-11-06,0.7471221861250017,0.0,0.7471221861250017,0.0,0.0,False
2001-11-07,0.7461440852836406,0.0,0.7461440852836406,0.0,0.0,False
2001-11-08,0.7385146156238204,0.0,0.7385146156238204,0.0,0.0,False
2001-11-09,0.738123056802921,0.0,0.738123056802921,0.0,0.0,False
2001-11-12,0.7434052967663782,0.0,0.7434052967663782,0.0,0.0,False
2001-11-13,0.7700114797832265,0.0,0.7700114797832265,0.0,0.0,False
2001-11-14,0.7754894991571334,0.0,0.7754894991571334,0.0,0.0,False
2001-11-15,0.7723591518189715,0.0,0.7723591518189715,0.0,0.0,False
2001-11-16,0.7702071707257998,0.0,0.7702071707257998,0.0,0.0,False
2001-11-19,0.7921178327354053,0.0,0.7921178327354053,0.0,0.0,False
2001-11-20,0.7555341541514862,0.0,0.7555341541514862,0.0,0.0,False
2001-11-21,0.7516215738502893,0.0,0.7516215738502893,0.0,0.0,False
2001-11-23,0.7684461291783927,0.0,0.7684461291783927,0.0,0.0,False
2001-11-26,0.7874227540675443,0.0,0.7874227540675443,0.0,0.0,False
2001-11-27,0.7864447416940596,0.0,0.7864447416940596,0.0,0.0,False
2001-11-28,0.7580776940655571,0.0,0.7580776940655571,0.0,0.0,False
2001-11-29,0.7815539720836255,0.0,0.7815539720836255,0.0,0.0,False
2001-11-30,0.7756848362282011,0.0,0.7756848362282011,0.0,0.0,False
2001-12-03,0.7623816562519006,0.0,0.7623816562519006,0.0,0.0,False
2001-12-04,0.7987696438932463,0.0,0.7987696438932463,0.0,0.0,False
2001-12-05,0.8382870941939902,0.0,0.8382870941939902,0.0,0.0,False
2001-12-06,0.8394610629136774,0.0,0.8394610629136774,0.0,0.0,False
2001-12-07,0.8163764321843847,0.0,0.8163764321843847,0.0,0.0,False
2001-12-10,0.8020951513667234,0.0,0.8020951513667234,0.0,0.0,False
2001-12-11,0.8065946275598872,0.0,0.8065946275598872,0.0,0.0,False
2001-12-12,0.8130503054357732,0.0,0.8130503054357732,0.0,0.0,False
2001-12-13,0.7778363749819909,0.0,0.7778363749819909,0.0,0.0,False
2001-12-14,0.7846837001466526,0.0,0.7846837001466526,0.0,0.0,False
2001-12-17,0.7981821287261445,0.0,0.7981821287261445,0.0,0.0,False
2001-12-18,0.8071817888554838,0.0,0.8071817888554838,0.0,0.0,False
2001-12-19,0.7925094800241811,0.0,0.7925094800241811,0.0,0.0,False
2001-12-20,0.7588602809000977,0.0,0.7588602809000977,0.0,0.0,False
2001-12-21,0.7723591518189715,0.0,0.7723591518189715,0.0,0.0,False
2001-12-24,0.7691511070783243,0.05247906281632245,0.653844634204078,0.07494214361063897,0.040364329263607335,True
2001-12-26,0.7764397413644901,0.05344328175250185,0.6599970840102456,0.07494716949266239,0.04149548786158211,True
2001-12-27,0.7827613322084412,0.05428308933025135,0.665318373694341,0.07495225519356284,0.042490703320537365,True
2001-12-28,0.7890985868072974,0.05512823449378426,0.6706396633784365,0.07495731149663439,0.043501611932226465,True
2001-12-31,0.7608868743912913,0.051121667431002805,0.6470267599954663,0.07496230865057814,0.0388978057452468,True
2002-01-02,0.7844371351110515,0.054164587184715327,0.6669811451246547,0.07496727639074598,0.042488713595650866,True
2002-01-03,0.8119650373840642,0.05775786409863173,0.6900953373948427,0.07497233370715228,0.04689736628206921,True
2002-01-04,0.8153638943802702,0.05821230686752352,0.6929223195380778,0.07497736161382906,0.047464213228363326,True
2002-01-07,0.8061377465972471,0.05691670320691314,0.6852726836258346,0.07498236010444725,0.04588270286696527,True
2002-01-08,0.8117254559199374,0.057665871232174044,0.6899293008844352,0.07498729941854529,0.04680885561695688,True
2002-01-09,0.804115559869236,0.05660043188885959,0.6836100625909107,0.07499220930117437,0.04551328797715089,True
2002-01-10,0.8094975758148724,0.05732057405052134,0.6880995905713746,0.07499711950528384,0.046400865738213906,True
2002-01-11,0.7988972372978907,0.05583804731896041,0.6792863455277696,0.07500203003089477,0.04460886173922637,True
2002-01-14,0.7811785297586366,0.05336130307203947,0.6644870631768791,0.07500676230193654,0.04168470427982081,True
2002-01-15,0.7886830269789582,0.054351151451189864,0.6708058502842339,0.07501134604840812,0.042865830646316216,True
2002-01-16,0.7577657141630592,0.049995033547369644,0.6448652022546754,0.07501598960775509,0.03788452230062866,True
2002-01-17,0.7747795549682817,0.05217843022823301,0.6593321107939709,0.07502066322313679,0.040426780951173906,True
2002-01-18,0.7539074941927055,0.049311882064819616,0.6417054703113708,0.07502542643992036,0.037176597441414376,True
2002-01-22,0.7306771646607326,0.046162538237534856,0.6219171216925901,0.07503013041519793,0.03372991255294462,True
2002-01-23,0.7505897179404803,0.04864159243072377,0.6390448254693231,0.07503501332840458,0.036509879142752756,True
2002-01-24,0.7605215131144802,0.049907932208379906,0.6475254711082484,0.07503998588669974,0.03795605611953199,True
2002-01-25,0.7583680457097525,0.04961538763578159,0.6456963623767474,0.07504495877452555,0.0376267245584795,True
2002-01-28,0.7626629497029341,0.050164438303782505,0.6493544294443596,0.07504996177162099,0.03825855848695362,True
2002-01-29,0.7417229948207662,0.0473301646865023,0.6315621284398266,0.07505499488430703,0.03510587149663256,True
2002-01-30,0.747347424219309,0.0480404207193565,0.636384481418055,0.07506005811823092,0.035902884683023,True
2002-01-31,0.7520114483436153,0.0486308859163273,0.6403753734834317,0.07506509190801325,0.036570982952170414,True
2002-02-01,0.7448019921531318,0.047676167139249506,0.6342224724910945,0.07507021539849854,0.03550930426353871,True
2002-02-04,0.721104881897458,0.044507288310772976,0.6139351495675992,0.07507530944894278,0.03209442288091606,True
2002-02-05,0.7093011897059286,0.0,0.7093011897059286,0.0,0.0,False
2002-02-06,0.7044177270277507,0.0,0.7044177270277507,0.0,0.0,False
2002-02-07,0.6874224482963135,0.0,0.6874224482963135,0.0,0.0,False
2002-02-08,0.7065661979591829,0.0,0.7065661979591829,0.0,0.0,False
2002-02-11,0.7155523028491544,0.0,0.7155523028491544,0.0,0.0,False
2002-02-12,0.7096920857986709,0.0,0.7096920857986709,0.0,0.0,False
2002-02-13,0.7218035926685802,0.0,0.7218035926685802,0.0,0.0,False
2002-02-14,0.7204365605702326,0.0,0.7204365605702326,0.0,0.0,False
2002-02-15,0.6989479202104594,0.0,0.6989479202104594,0.0,0.0,False
2002-02-19,0.6774600307245366,0.0,0.6774600307245366,0.0,0.0,False
2002-02-20,0.6866413186465792,0.0,0.6866413186465792,0.0,0.0,False
2002-02-21,0.6540184999868524,0.0,0.6540184999868524,0.0,0.0,False
2002-02-22,0.6573390408298112,0.0,0.6573390408298112,0.0,0.0,False
2002-02-25,0.6839065035760336,0.0,0.6839065035760336,0.0,0.0,False
2002-02-26,0.6813667390304088,0.0,0.6813667390304088,0.0,0.0,False
2002-02-27,0.6719904447524954,0.0,0.6719904447524954,0.0,0.0,False
2002-02-28,0.659879070389736,0.0,0.659879070389736,0.0,0.0,False
2002-03-01,0.6981670555750252,0.0,0.6981670555750252,0.0,0.0,False
2002-03-04,0.7257108310030529,0.0,0.7257108310030529,0.0,0.0,False
2002-03-05,0.7309847039144226,0.0,0.7309847039144226,0.0,0.0,False
2002-03-06,0.7345013995085532,0.0,0.7345013995085532,0.0,0.0,False
2002-03-07,0.7360634379627716,0.0,0.7360634379627716,0.0,0.0,False
2002-03-08,0.7554033865458627,0.0,0.7554033865458627,0.0,0.0,False
2002-03-11,0.7526679972776668,0.0,0.7526679972776668,0.0,0.0,False
2002-03-12,0.7423147719512476,0.0,0.7423147719512476,0.0,0.0,False
2002-03-13,0.7243428271856047,0.0,0.7243428271856047,0.0,0.0,False
2002-03-14,0.7200457528155902,0.0,0.7200457528155902,0.0,0.0,False
2002-03-15,0.7272732228096717,0.0,0.7272732228096717,0.0,0.0,False
2002-03-18,0.731375334992865,0.0,0.731375334992865,0.0,0.0,False
2002-03-19,0.7302035300956383,0.0,0.7302035300956383,0.0,0.0,False
2002-03-20,0.7044177270277507,0.0,0.7044177270277507,0.0,0.0,False
2002-03-21,0.7231706689359779,0.0,0.7231706689359779,0.0,0.0,False
2002-03-22,0.7165292780667102,0.0,0.7165292780667102,0.0,0.0,False
2002-03-25,0.6946503158118448,0.0,0.6946503158118448,0.0,0.0,False
2002-03-26,0.7010966561561917,0.0,0.7010966561561917,0.0,0.0,False
2002-03-27,0.6956271143532005,0.0,0.6956271143532005,0.0,0.0,False
2002-03-28,0.7044177270277507,0.0,0.7044177270277507,0.0,0.0,False
2002-04-01,0.7178966635174578,0.0,0.7178966635174578,0.0,0.0,False
2002-04-02,0.6854688512136022,0.0,0.6854688512136022,0.0,0.0,False
2002-04-03,0.6842968696401754,0.0,0.6842968696401754,0.0,0.0,False
2002-04-04,0.6790228200526055,0.0,0.6790228200526055,0.0,0.0,False
2002-04-05,0.6714039681062317,0.0,0.6714039681062317,0.0,0.0,False
2002-04-08,0.67980430305474,0.0,0.67980430305474,0.0,0.0,False
2002-04-09,0.6561670150873345,0.0,0.6561670150873345,0.0,0.0,False
2002-04-10,0.6610506986107626,0.0,0.6610506986107626,0.0,0.0,False
2002-04-11,0.6446418965255887,0.0,0.6446418965255887,0.0,0.0,False
2002-04-12,0.6547996738056368,0.0,0.6547996738056368,0.0,0.0,False
2002-04-15,0.660074076745607,0.0,0.660074076745607,0.0,0.0,False
2002-04-16,0.6876178521736346,0.0,0.6876178521736346,0.0,0.0,False
2002-04-17,0.6841018191152547,0.0,0.6841018191152547,0.0,0.0,False
2002-04-18,0.6710132045206394,0.0,0.6710132045206394,0.0,0.0,False
2002-04-19,0.6731620729735218,0.0,0.6731620729735218,0.0,0.0,False
2002-04-22,0.6561670150873345,0.0,0.6561670150873345,0.0,0.0,False
2002-04-23,0.6448372120648099,0.0,0.6448372120648099,0.0,0.0,False
2002-04-24,0.6348742202953827,0.0,0.6348742202953827,0.0,0.0,False
2002-04-25,0.6333116076435138,0.0,0.6333116076435138,0.0,0.0,False
2002-04-26,0.6063541321855497,0.0,0.6063541321855497,0.0,0.0,False
2002-04-29,0.6079167448374185,0.0,0.6079167448374185,0.0,0.0,False
2002-04-30,0.6198329361681068,0.0,0.6198329361681068,0.0,0.0,False
2002-05-01,0.6165119536346477,0.0,0.6165119536346477,0.0,0.0,False
2002-05-02,0.5960003768305302,0.0,0.5960003768305302,0.0,0.0,False
2002-05-03,0.5809590927032544,0.0,0.5809590927032544,0.0,0.0,False
2002-05-06,0.5659175877307284,0.0,0.5659175877307284,0.0,0.0,False
2002-05-07,0.5606428756074079,0.0,0.5606428756074079,0.0,0.0,False
2002-05-08,0.6206141099868913,0.0,0.6206141099868913,0.0,0.0,False
2002-05-09,0.6045957623039595,0.0,0.6045957623039595,0.0,0.0,False
2002-05-10,0.5774428387996243,0.0,0.5774428387996243,0.0,0.0,False
2002-05-13,0.6008844578754085,0.0,0.6008844578754085,0.0,0.0,False
2002-05-14,0.6362419590985307,0.0,0.6362419590985307,0.0,0.0,False
2002-05-15,0.6409303712517875,0.0,0.6409303712517875,0.0,0.0,False
2002-05-16,0.641906772271693,0.0,0.641906772271693,0.0,0.0,False
2002-05-17,0.6432743343986409,0.0,0.6432743343986409,0.0,0.0,False
2002-05-20,0.6292094071222204,0.0,0.6292094071222204,0.0,0.0,False
2002-05-21,0.6120191662039622,0.0,0.6120191662039622,0.0,0.0,False
2002-05-22,0.6133864191475599,0.0,0.6133864191475599,0.0,0.0,False
2002-05-23,0.6256931532185903,0.0,0.6256931532185903,0.0,0.0,False
2002-05-24,0.610261061336672,0.0,0.610261061336672,0.0,0.0,False
2002-05-28,0.6075259812518263,0.0,0.6075259812518263,0.0,0.0,False
2002-05-29,0.5915077660760448,0.0,0.5915077660760448,0.0,0.0,False
2002-05-30,0.5965868093077438,0.0,0.5965868093077438,0.0,0.0,False
2002-05-31,0.5868193539227878,0.0,0.5868193539227878,0.0,0.0,False
2002-06-03,0.5661125057484991,0.0,0.5661125057484991,0.0,0.0,False
2002-06-04,0.5735358213104019,0.0,0.5735358213104019,0.0,0.0,False
2002-06-05,0.5793963033751854,0.0,0.5793963033751854,0.0,0.0,False
2002-06-06,0.5641593503562883,0.0,0.5641593503562883,0.0,0.0,False
2002-06-07,0.5528291056432634,0.0,0.5528291056432634,0.0,0.0,False
2002-06-10,0.5518523512709577,0.0,0.5518523512709577,0.0,0.0,False
2002-06-11,0.5364202152199895,0.0,0.5364202152199895,0.0,0.0,False
2002-06-12,0.5442339410150842,0.0,0.5442339410150842,0.0,0.0,False
2002-06-13,0.5407175987733539,0.0,0.5407175987733539,0.0,0.0,False
2002-06-14,0.5395456171999273,0.0,0.5395456171999273,0.0,0.0,False
2002-06-17,0.5579081488749623,0.0,0.5579081488749623,0.0,0.0,False
2002-06-18,0.5668940770887337,0.0,0.5668940770887337,0.0,0.0,False
2002-06-19,0.5340758545516858,0.0,0.5340758545516858,0.0,0.0,False
2002-06-20,0.5168856136334277,0.0,0.5168856136334277,0.0,0.0,False
2002-06-21,0.504383166501726,0.0,0.504383166501726,0.0,0.0,False
2002-06-24,0.5143460257640032,0.0,0.5143460257640032,0.0,0.0,False
2002-06-25,0.4973506145254158,0.0,0.4973506145254158,0.0,0.0,False
2002-06-26,0.5010626256587672,0.0,0.5010626256587672,0.0,0.0,False
2002-06-27,0.5120018417718997,0.0,0.5120018417718997,0.0,0.0,False
2002-06-28,0.5098531058261675,0.0,0.5098531058261675,0.0,0.0,False
2002-07-01,0.48543486488522775,0.0,0.48543486488522775,0.0,0.0,False
2002-07-02,0.467853727874227,0.0,0.467853727874227,0.0,0.0,False
2002-07-03,0.48348135614061655,0.0,0.48348135614061655,0.0,0.0,False
2002-07-05,0.5145415621484744,0.0,0.5145415621484744,0.0,0.0,False
2002-07-08,0.4957882227187971,0.0,0.4957882227187971,0.0,0.0,False
2002-07-09,0.4817231187661764,0.0,0.4817231187661764,0.0,0.0,False
2002-07-10,0.4668769293328715,0.0,0.4668769293328715,0.0,0.0,False
2002-07-11,0.48445793383672203,0.0,0.48445793383672203,0.0,0.0,False
2002-07-12,0.48445793383672203,0.0,0.48445793383672203,0.0,0.0,False
2002-07-15,0.4994998363306983,0.0,0.4994998363306983,0.0,0.0,False
2002-07-16,0.4920765649378457,0.0,0.4920765649378457,0.0,0.0,False
2002-07-17,0.5010626256587672,0.0,0.5010626256587672,0.0,0.0,False
2002-07-18,0.48309076923122435,0.0,0.48309076923122435,0.0,0.0,False
2002-07-19,0.4686349900311115,0.0,0.4686349900311115,0.0,0.0,False
2002-07-22,0.4571098273003157,0.0,0.4571098273003157,0.0,0.0,False
2002-07-23,0.43757487236135373,0.0,0.43757487236135373,0.0,0.0,False
2002-07-24,0.4614075642060804,0.0,0.4614075642060804,0.0,0.0,False
2002-07-25,0.43464496259683716,0.0,0.43464496259683716,0.0,0.0,False
2002-07-26,0.44284914279417387,0.0,0.44284914279417387,0.0,0.0,False
2002-07-29,0.4655097205583238,0.0,0.4655097205583238,0.0,0.0,False
2002-07-30,0.47488614734338735,0.0,0.47488614734338735,0.0,0.0,False
2002-07-31,0.465900307467716,0.0,0.465900307467716,0.0,0.0,False
2002-08-01,0.4440213452128507,0.0,0.4440213452128507,0.0,0.0,False
2002-08-02,0.43464496259683716,0.0,0.43464496259683716,0.0,0.0,False
2002-08-05,0.41882184211502654,0.0,0.41882184211502654,0.0,0.0,False
2002-08-06,0.439528425275015,0.0,0.439528425275015,0.0,0.0,False
2002-08-07,0.44538899567789864,0.0,0.44538899567789864,0.0,0.0,False
2002-08-08,0.4604305889885247,0.0,0.4604305889885247,0.0,0.0,False
2002-08-09,0.45574208849716763,0.0,0.45574208849716763,0.0,0.0,False
2002-08-12,0.4571098273003157,0.0,0.4571098273003157,0.0,0.0,False
2002-08-13,0.4414820223577262,0.0,0.4414820223577262,0.0,0.0,False
2002-08-14,0.46961170023436716,0.0,0.46961170023436716,0.0,0.0,False
2002-08-15,0.479183751742002,0.0,0.479183751742002,0.0,0.0,False
2002-08-16,0.48250460176831095,0.0,0.48250460176831095,0.0,0.0,False
2002-08-19,0.494225300883578,0.0,0.494225300883578,0.0,0.0,False
2002-08-20,0.4920765649378457,0.0,0.4920765649378457,0.0,0.0,False
2002-08-21,0.5030159577271783,0.0,0.5030159577271783,0.0,0.0,False
2002-08-22,0.5110254407519943,0.0,0.5110254407519943,0.0,0.0,False
2002-08-23,0.4912951261047612,0.0,0.4912951261047612,0.0,0.0,False
2002-08-26,0.49324863484937237,0.0,0.49324863484937237,0.0,0.0,False
2002-08-27,0.47605808474776395,0.0,0.47605808474776395,0.0,0.0,False
2002-08-28,0.4586721749378845,0.0,0.4586721749378845,0.0,0.0,False
2002-08-29,0.46472810504903933,0.0,0.46472810504903933,0.0,0.0,False
2002-08-30,0.45886775549140574,0.0,0.45886775549140574,0.0,0.0,False
2002-09-03,0.4422634611908108,0.0,0.4422634611908108,0.0,0.0,False
2002-09-04,0.4440213452128507,0.0,0.4440213452128507,0.0,0.0,False
2002-09-05,0.43308195242351805,0.0,0.43308195242351805,0.0,0.0,False
2002-09-06,0.4463657058811542,0.0,0.4463657058811542,0.0,0.0,False
2002-09-09,0.4508586258189898,0.0,0.4508586258189898,0.0,0.0,False
2002-09-10,0.4619932458094436,0.0,0.4619932458094436,0.0,0.0,False
2002-09-11,0.4580864933345213,0.0,0.4580864933345213,0.0,0.0,False
2002-09-12,0.44558417870996975,0.0,0.44558417870996975,0.0,0.0,False
2002-09-13,0.4491004767826499,0.0,0.4491004767826499,0.0,0.0,False
2002-09-16,0.44265395976210287,0.0,0.44265395976210287,0.0,0.0,False
2002-09-17,0.4332774888079893,0.0,0.4332774888079893,0.0,0.0,False
2002-09-18,0.4283937611155113,0.0,0.4283937611155113,0.0,0.0,False
2002-09-19,0.4215565246784221,0.0,0.4215565246784221,0.0,0.0,False
2002-09-20,0.4233148945600123,0.0,0.4233148945600123,0.0,0.0,False
2002-09-23,0.4106171318890895,0.0,0.4106171318890895,0.0,0.0,False
2002-09-24,0.4108126241045107,0.0,0.4108126241045107,0.0,0.0,False
2002-09-25,0.4272218237111347,0.0,0.4272218237111347,0.0,0.0,False
2002-09-26,0.4219476416164146,0.0,0.4219476416164146,0.0,0.0,False
2002-09-27,0.41628225424560195,0.0,0.41628225424560195,0.0,0.0,False
2002-09-30,0.4047570473457562,0.0,0.4047570473457562,0.0,0.0,False
2002-10-01,0.4293706038259169,0.0,0.4293706038259169,0.0,0.0,False
2002-10-02,0.41511031684122535,0.0,0.41511031684122535,0.0,0.0,False
2002-10-03,0.4051476342551483,0.0,0.4051476342551483,0.0,0.0,False
2002-10-04,0.3975290031540246,0.0,0.3975290031540246,0.0,0.0,False
2002-10-07,0.39381734537307334,0.0,0.39381734537307334,0.0,0.0,False
2002-10-08,0.39459896088235796,0.0,0.39459896088235796,0.0,0.0,False
2002-10-09,0.39186418998086237,0.0,0.39186418998086237,0.0,0.0,False
2002-10-10,0.4117893784768163,0.0,0.4117893784768163,0.0,0.0,False
2002-10-11,0.4340588834720238,0.0,0.4340588834720238,0.0,0.0,False
2002-10-14,0.43913788253467284,0.0,0.43913788253467284,0.0,0.0,False
2002-10-15,0.4602350526040534,0.0,0.4602350526040534,0.0,0.0,False
2002-10-16,0.4449981437542064,0.0,0.4449981437542064,0.0,0.0,False
2002-10-17,0.46003986957198245,0.0,0.46003986957198245,0.0,0.0,False
2002-10-18,0.46511855945128133,0.0,0.46511855945128133,0.0,0.0,False
2002-10-21,0.47449547209589515,0.0,0.47449547209589515,0.0,0.0,False
2002-10-22,0.4715652973170783,0.0,0.4715652973170783,0.0,0.0,False
2002-10-23,0.4805510930236997,0.0,0.4805510930236997,0.0,0.0,False
2002-10-24,0.46843985116809067,0.0,0.46843985116809067,0.0,0.0,False
2002-10-25,0.48250460176831095,0.0,0.48250460176831095,0.0,0.0,False
2002-10-28,0.47840248958511766,0.0,0.47840248958511766,0.0,0.0,False
2002-10-29,0.46726751624226365,0.0,0.46726751624226365,0.0,0.0,False
2002-10-30,0.47976974252871535,0.0,0.47976974252871535,0.0,0.0,False
2002-10-31,0.4795743828204441,0.0,0.4795743828204441,0.0,0.0,False
2002-11-01,0.49324863484937237,0.0,0.49324863484937237,0.0,0.0,False
2002-11-04,0.5059461325059951,0.0,0.5059461325059951,0.0,0.0,False
2002-11-05,0.5098531058261675,0.0,0.5098531058261675,0.0,0.0,False
2002-11-06,0.5170810175107488,0.0,0.5170810175107488,0.0,0.0,False
2002-11-07,0.4989136688677848,0.0,0.4989136688677848,0.0,0.0,False
2002-11-08,0.48973251345289237,0.0,0.48973251345289237,0.0,0.0,False
2002-11-11,0.47488614734338735,0.0,0.47488614734338735,0.0,0.0,False
2002-11-12,0.4869976542132967,0.0,0.4869976542132967,0.0,0.0,False
2002-11-13,0.4928580479399801,0.0,0.4928580479399801,0.0,0.0,False
2002-11-14,0.5098531058261675,0.0,0.5098531058261675,0.0,0.0,False
2002-11-15,0.5164423409003706,0.05247906281632244,0.4390204348221975,0.050319496029053876,0.027102410049119154,True
2002-11-18,0.5087652362752767,0.050904817512104364,0.4325447485610125,0.05032188620516857,0.02589860150909562,True
2002-11-19,0.5009289025445149,0.04931115799024855,0.42590323180995215,0.05032428647930835,0.024701384255254397,True
2002-11-20,0.5221749690654619,0.05332769310368932,0.4440019196646486,0.050326662904061924,0.02784638649675142,True
2002-11-21,0.5417040303616963,0.057106283031391605,0.46044027526119563,0.05032905142342007,0.030934703677080583,True
2002-11-22,0.5415019264298736,0.05705633384579194,0.4602743696839353,0.05033144205341601,0.030896114692522333,True
2002-11-25,0.5468851446727944,0.05813624337807773,0.46475746200813994,0.05033383479410156,0.031793847870552824,True
2002-11-26,0.5280708753211019,0.054131615535869065,0.4491493100843601,0.05033623563817008,0.028585329598571733,True
2002-11-27,0.545074704014249,0.05743625817715283,0.46342901599189634,0.05033863659675505,0.03130705142559757,True
2002-11-29,0.5412779608201471,0.056648424096326866,0.4602743696839353,0.05034104765767713,0.03066254347853469,True
2002-12-02,0.5468534582324825,0.05776070595473142,0.46492336758540026,0.05034344884578779,0.031586641801294425,True
2002-12-03,0.5302601696581533,0.054261141553774074,0.45114179139026295,0.050345856141740954,0.02877252212614931,True
2002-12-04,0.5183891741343427,0.05181753339268837,0.441179272229671,0.05034825356355726,0.026861648341114448,True
2002-12-05,0.5111213603484093,0.050350112060793074,0.435035697472547,0.05035064510565487,0.025735017770207404,True
2002-12-06,0.5163983331434437,0.05136819733107823,0.43951886488413644,0.05035301678095507,0.026526451478352295,True
2002-12-09,0.4918826535124746,0.046279382534367065,0.41876324745326016,0.05035538057529108,0.022764025483923346,True
2002-12-10,0.4992198454201413,0.0476528934244768,0.42507280287502974,0.05035777245592176,0.02378927008918978,True
2002-12-11,0.5015457718030023,0.04809138900177716,0.4270655845304728,0.05036015445855479,0.02412003281397474,True
2002-12-12,0.5042372149689738,0.14843653567221382,0.429389989621974,-6.938893903907228e-18,0.07484722534699982,True
2002-12-13,0.4834894367992461,0.14005454386195904,0.4157745442662522,-6.939220197116716e-18,0.06771489253299388,True
2002-12-16,0.5034991901831669,0.1475180501134679,0.429223971413636,-6.939547056427249e-18,0.07427521876953093,True
2002-12-17,0.5055049286706331,0.14827278552741288,0.4305523047988022,-6.939878061812727e-18,0.07495262387183094,True
2002-12-18,0.4915908870527966,0.14274247059889608,0.4214199893109775,-6.940206329069397e-18,0.07017089774181906,True
2002-12-19,0.4836116238927899,0.13958554767822734,0.41610643050815793,-6.940531857806126e-18,0.06750519338463197,True
2002-12-20,0.4900192898029364,0.14202624041277517,0.4204236923424872,-6.940856024723361e-18,0.0695955974604492,True
2002-12-23,0.49870557480211847,0.1453167413669949,0.4262353057703205,-6.94118020678125e-18,0.07247026903179798,True
2002-12-24,0.49067010288346546,0.14214888033999395,0.4209218971422712,-6.94150027229672e-18,0.06974820574119425,True
2002-12-26,0.4889188340114857,0.1414536726059027,0.4197594693343653,-6.941821178945627e-18,0.06915936467712039,True
2002-12-27,0.47749464958683224,0.13690848497667693,0.4121215805274298,-6.942139345741781e-18,0.06537306905940243,True
2002-12-30,0.47282745178429963,0.1350617286724054,0.4089665587825437,-6.942452017491432e-18,0.06386089300175593,True
2002-12-31,0.46647768376335513,0.13254291444115768,0.40464937203559936,-6.942772968139667e-18,0.06182831172775579,True
2003-01-02,0.49140943408432836,0.14175032278361568,0.42175198818396087,-6.943098617263994e-18,0.06965744590036746,True
2003-01-03,0.49835107516302524,0.1443758575054893,0.4264012113475809,-6.943426485825576e-18,0.07194986381544433,True
2003-01-06,0.5143456069637939,0.15032208349000592,0.4370281036910647,-6.94375492092834e-18,0.07731750327272921,True
2003-01-07,0.5227205279525438,0.15345300342990634,0.4425074929837596,-6.94408061611093e-18,0.08021303496878415,True
2003-01-08,0.5034822175628766,0.14584031445680767,0.4300542126300958,-6.944403570985259e-18,0.07342800493278077,True
2003-01-09,0.5235577976312906,0.15322088355215407,0.44333780928760436,-6.944725163023016e-18,0.08021998834368622,True
2003-01-10,0.5337918351554741,0.15701311986897556,0.44997951375712725,-6.945049525794236e-18,0.0838123213983469,True
2003-01-13,0.5296372650443998,0.15541659073159092,0.44732284698679514,-6.945372525730557e-18,0.08231441805760463,True
2003-01-14,0.5332316135169684,0.156750503488893,0.4496472896219888,-6.945695540688938e-18,0.08358432389497959,True
2003-01-15,0.5244242878146945,0.15335362991132714,0.4440019196646486,-6.946018570670079e-18,0.08042236815004597,True
2003-01-16,0.5167229354842404,0.1503755597556841,0.4390204348221975,-6.946340237497706e-18,0.07770250066204289,True
2003-01-17,0.4879850470922394,0.13878977607606016,0.4202577116778418,-6.946661367898964e-18,0.06772733541439757,True
2003-01-21,0.48107684972459713,0.13608758457200662,0.4156082632520665,-6.946978929547827e-18,0.06546858647253063,True
2003-01-22,0.4786217120123981,0.13512488946473164,0.4139480060813022,-6.947296505713793e-18,0.06467370593109592,True
2003-01-23,0.4927558234339365,0.14038859365058373,0.4235785263689108,-6.947611339536463e-18,0.06917729706502569,True
2003-01-24,0.47567432923089475,0.13360558852570775,0.4121215805274298,-6.9479261876266e-18,0.06355274870346496,True
2003-01-27,0.4686210488670059,0.13084102823495933,0.4073061889807017,-6.948236914318446e-18,0.061314859886304175,True
2003-01-28,0.4746370355729927,0.13311188022271106,0.41145720734453783,-6.948551790758043e-18,0.06317982822845485,True
2003-01-29,0.4836004619238345,0.13647547910155253,0.41760085718904705,-6.948868887360969e-18,0.06599960473478743,True
2003-01-30,0.4676800614197837,0.1301574403458168,0.4068080217246103,-6.949186549925002e-18,0.06087203969517343,True
2003-01-31,0.46622685926172114,0.12958272477653188,0.40581191247458265,-6.949504227010752e-18,0.06041494678713847,True
2003-02-03,0.4674182724622951,0.13002520418122443,0.40664211614735,-6.949820815537176e-18,0.060776156314945116,True
2003-02-04,0.4601935219272591,0.12719166003500318,0.4016607439359764,-6.950138521617924e-18,0.058532777991282724,True
2003-02-05,0.45755892838527057,0.12615800731493795,0.3998342057510264,-6.950454863227955e-18,0.057724722634244136,True
2003-02-06,0.46064332466278474,0.1273232808495659,0.4019927052652672,-6.950771219236548e-18,0.05865061939751751,True
2003-02-07,0.4510846371432454,0.12355522006385154,0.3953507755335891,-6.951086210524404e-18,0.05573386160965631,True
2003-02-10,0.4560378721389179,0.12542801663469078,0.3988379463262287,-6.951399836904407e-18,0.05719992581268918,True
2003-02-11,0.4591157936397077,0.1265894921788943,0.4009965584715471,-6.951717063477689e-18,0.05811923516816062,True
2003-02-12,0.4512448093478068,0.12349757607073363,0.3955171691788523,-6.952034856244054e-18,0.05572764016895446,True
2003-02-13,0.45407023177355565,0.12456350875035363,0.39750965048475523,-6.952352111796393e-18,0.0565605812888004,True
2003-02-14,0.46709219577609884,0.12941787547597058,0.40664211614735,-6.952668554159909e-18,0.060450079628748835,True
2003-02-18,0.4853293802044742,0.13613031330325087,0.41926133962196654,-6.952986114543439e-18,0.06606804058250763,True
2003-02-19,0.48116199139506216,0.13451418160016104,0.41643887990545164,-6.953304793065795e-18,0.06472311148961052,True
2003-02-20,0.4787162467265631,0.1335616087757293,0.4147781346666844,-6.953624038036732e-18,0.06393811205987873,True
2003-02-21,0.4833201697644696,0.13528708276559356,0.41793319395526307,-6.953943297665066e-18,0.06538697580920654,True
2003-02-24,0.4728182614514149,0.13118190874695604,0.410793059423801,-6.954265331483043e-18,0.06202520202761392,True
2003-02-25,0.47353209596054757,0.13143936214782612,0.41129133931097,-6.954588760027487e-18,0.06224075664957757,True
2003-02-26,0.46024334194202554,0.12620382089300697,0.4021588736483752,-6.954913031514051e-18,0.058084468293650354,True
2003-02-27,0.473323494713486,0.13105657355983463,0.41129133931097,-6.95523925006518e-18,0.06203215540251598,True
2003-02-28,0.482718716324563,0.13455422118645743,0.41776687539738494,-6.955565483917514e-18,0.06495184092717805,True
2003-03-03,0.47029045631089833,0.12968945067553855,0.4092987453739896,-6.955889800945765e-18,0.06099171093690876,True
2003-03-04,0.4666762136641873,0.1282863582643559,0.4068080217246103,-6.956213305040936e-18,0.05986819193957703,True
2003-03-05,0.46786323525955986,0.1287235356904479,0.4076382253973775,-6.95653489187566e-18,0.06022500986218238,True
2003-03-06,0.46641625454219926,0.12815620770661018,0.40664211614735,-6.956852904885599e-18,0.059774138394849255,True
2003-03-07,0.467602722452009,0.12859332818902872,0.4074721321016545,-6.957169552106633e-18,0.06013059035035451,True
2003-03-10,0.45489776214116984,0.12360078697145321,0.39867204074896834,-6.957472409845465e-18,0.05622572139220153,True
2003-03-11,0.4499267073886697,0.12166809371903911,0.3951849825874063,-6.95776506541516e-18,0.05474172480126335,True
2003-03-12,0.46002524487002006,0.12542834003564318,0.40232504203148317,-6.95805828552435e-18,0.05770020283853689,True
2003-03-13,0.49302656038894205,0.13715604057744998,0.4254049894664757,-6.95835289855648e-18,0.06762157092246633,True
2003-03-14,0.49546812924456973,0.13805639692383223,0.4270655845304728,-6.958657188432706e-18,0.06840254471409693,True
2003-03-17,0.5170903748821443,0.14584106405182087,0.44167736439837735,-6.958961767765671e-18,0.07541301048376688,True
2003-03-18,0.5253641387764941,0.1488634824644243,0.44715660351630215,-6.959270226503044e-18,0.078207535260192,True
2003-03-19,0.5195292317933011,0.14665473633254594,0.44333780928760436,-6.959580908209584e-18,0.07619142250569672,True
2003-03-20,0.5220335592716846,0.14756779764508204,0.4449982166331387,-6.959894365521664e-18,0.07703534263854589,True
2003-03-21,0.5313551923261473,0.15096003971416744,0.45114179139026295,-6.96020838931722e-18,0.08021340093588426,True
2003-03-24,0.5025713327844776,0.1396667203674881,0.43237884298375223,-6.960527951250873e-18,0.07019248980072544,True
2003-03-25,0.5116958972904445,0.14300152144775077,0.4385226054593389,-6.960846975440736e-18,0.07317329183110557,True
2003-03-26,0.5154212062171256,0.14436360772382562,0.4410131413902555,-6.961165185574488e-18,0.07440806482687015,True
2003-03-27,0.5106574681875495,0.14255989188443258,0.4378581947327544,-6.96148258157198e-18,0.07279927345479513,True
2003-03-28,0.5034289271264014,0.13981335319456126,0.4330428407297188,-6.961795295781103e-18,0.0703860863966826,True
2003-03-31,0.48291619314636164,0.13181345837600164,0.41926133962196654,-6.962102222533826e-18,0.06365485352439511,True
2003-04-01,0.48773963120678177,0.1335907731676917,0.422582116769343,-6.962403361091562e-18,0.06515751443743878,True
2003-04-02,0.5047288834765628,0.13972588519317028,0.4342051934502395,-6.962705894102657e-18,0.07052369002632322,True
2003-04-03,0.5128673897186427,0.14269343000313633,0.4396845827429343,-6.96301037433607e-18,0.07318280697570838,True
2003-04-04,0.5021509590673648,0.13861610587308365,0.4325447485610125,-6.963310723239374e-18,0.06960621050635234,True
2003-04-07,0.503124790242178,0.13896317579459744,0.4332089715691343,-6.96360970349025e-18,0.06991581867304375,True
2003-04-08,0.5023745467414973,0.13866878366533875,0.43271087940042796,-6.963922513251037e-18,0.0696636673410693,True
2003-04-09,0.48758860927534864,0.13298216097605503,0.4227480223466034,-6.964233955334097e-18,0.06484058692874521,True
2003-04-10,0.49509488291741155,0.13573003318669194,0.4278956380284699,-6.964540713262273e-18,0.06719924488894163,True
2003-04-11,0.48873274710244863,0.13331257444854647,0.4235785263689108,-6.964849419288615e-18,0.06515422073353781,True
2003-04-14,0.5013411573364104,0.13788665953715964,0.43221289986279915,-6.96516643047797e-18,0.0691282574736112,True
2003-04-15,0.5074727521023389,0.1401235260904332,0.4363638806829429,-6.965486220048661e-18,0.07110887141939602,True
2003-04-16,0.5059780830308865,0.1395523375362062,0.4353676588018377,-6.965806853532105e-18,0.07061042422904884,True
2003-04-17,0.5207766040833839,0.1448727014583717,0.44533029059350715,-6.966123908299913e-18,0.07544631348987671,True
2003-04-21,0.5232687795600791,0.14577242076729796,0.4469906228516568,-6.966440977498744e-18,0.07627815670842233,True
2003-04-22,0.5360603417428984,0.15035868126326768,0.45545901568089964,-6.966759443358292e-18,0.08060132606199881,True
2003-04-23,0.5411313612814543,0.15218371476326756,0.45877998054673874,-6.967077923776278e-18,0.08235138073471554,True
2003-04-24,0.5372862309382676,0.1507519304110399,0.45628929444105193,-6.967395036397956e-18,0.08099693649721562,True
2003-04-25,0.5237863430724761,0.14566541104751712,0.44748879010774806,-6.967707186740705e-18,0.07629755296472805,True
2003-04-28,0.5370765317899057,0.15042034527112083,0.45628929444105193,-6.968016033122239e-18,0.08078723734885371,True
2003-04-29,0.5434192895725964,0.1526979551584643,0.46044027526119563,-6.968323510651964e-18,0.08297901431140085,True
2003-04-30,0.5362434670935229,0.15002957124738947,0.4557910896412681,-6.9686323843523e-18,0.08045237745225484,True
2003-05-01,0.542326153123148,0.152214862577961,0.45977605225307383,-6.968936847206119e-18,0.08255010087007421,True
2003-05-02,0.557386837474434,0.15754618827369843,0.4695726658364055,-6.96923468629887e-18,0.08781417163802852,True
2003-05-05,0.556595530571156,0.15724350481404584,0.469074498580314,-6.969537792684205e-18,0.08752103199084196,True
2003-05-06,0.5659052175664261,0.16054483969598932,0.4750520551291002,-6.969839805990665e-18,0.09085316243732583,True
2003-05-07,0.55752950887575,0.1574638621741302,0.4697387591321285,-6.97013851342279e-18,0.0877907497436216,True
2003-05-08,0.5440406193426207,0.15244486020345743,0.46110442318193245,-6.970439169797811e-18,0.08293619616068822,True
2003-05-09,0.5603885627310163,0.15820694020700876,0.47173120289433884,-6.970734307052317e-18,0.08865735983667748,True
2003-05-12,0.5715401282643225,0.1621392560299895,0.47887103707626055,-6.971033606045964e-18,0.09266909118806202,True
2003-05-13,0.5668021398824905,0.16040830133138698,0.47588237143294504,-6.971328768469656e-18,0.0909197684495455,True
2003-05-14,0.5652210650317201,0.1598223396336144,0.4748861120081473,-6.971622560192067e-18,0.09033495302357282,True
2003-05-15,0.5735528952140757,0.16276345293387523,0.48019944554881167,-6.971909447977094e-18,0.09335344966526408,True
2003-05-16,0.5677553267249276,0.16064821969133328,0.4765464442662967,-6.972194410934711e-18,0.09120888245863086,True
2003-05-19,0.5413420675909575,0.15067370563101257,0.45977605225307383,-6.972477172140086e-18,0.08156601533788364,True
2003-05-20,0.5433654100429213,0.1513916516225995,0.46110442318193245,-6.972758561386308e-18,0.08226098686098886,True
2003-05-21,0.541313522157149,0.15062891756176014,0.45977605225307383,-6.973035258154617e-18,0.08153746990407522,True
2003-05-22,0.5514764589026593,0.15423766146512602,0.46641801952844447,-6.973324971181114e-18,0.08505843937421484,True
2003-05-23,0.5517202779285502,0.15431078713688923,0.4665838875620123,-6.973615526375052e-18,0.08513639036653786,True
2003-05-27,0.5774007484471926,0.16316635318292125,0.48318837399797493,-6.97390747732801e-18,0.09421237444921769,True
2003-05-28,0.5797546441277728,0.1639866659635045,0.48468261296040127,-6.974201654446885e-18,0.0950720311673715,True
2003-05-29,0.5829047544587026,0.16508629303319733,0.48667516935368926,-6.974502486085174e-18,0.09622958510501331,True
2003-05-30,0.5955879794344309,0.1694837923291529,0.49464547001422604,-6.974800009517916e-18,0.10094250942020487,True
2003-06-02,0.5899505361363264,0.16745825402070819,0.4911584493963565,-6.975100313417773e-18,0.09879208673996993,True
2003-06-03,0.5973900051022478,0.17004338714004294,0.4958077851910541,-6.975405335661108e-18,0.10158221991119375,True
2003-06-04,0.6123883139262859,0.17518648716129887,0.5051061564309092,-6.975699299181713e-18,0.10728215749537674,True
2003-06-05,0.6183527634130834,0.1772347633650769,0.5087591577134242,-6.975982202529771e-18,0.10959360569965923,True
2003-06-06,0.6043952300493196,0.1722456763211771,0.5002907648841811,-6.976263733229e-18,0.10410446516513848,True
2003-06-09,0.5935921512281604,0.16836990358282955,0.4936490979583507,-6.976548043645986e-18,0.09994305326980975,True
2003-06-10,0.6055878162385788,0.17250474628619258,0.5011210436443334,-6.976826828712139e-18,0.10446677259424546,True
2003-06-11,0.6147492573888125,0.17565310934029718,0.5067666388638289,-6.977091782021457e-18,0.10798261852498357,True
2003-06-12,0.6182725233067412,0.17685940377304532,0.5089252134654547,-6.977343732565292e-18,0.10934730984128652,True
2003-06-13,0.5994155349826127,0.17007809962759604,0.49746807990551106,-6.97759070838854e-18,0.10194745507710158,True
2003-06-16,0.6240695574299855,0.17838614412762824,0.512744195412615,-6.977821356527032e-18,0.11132536201737056,True
2003-06-17,0.6207640612562801,0.17722074928040124,0.5107517891940972,-6.978053119882663e-18,0.11001227206218286,True
2003-06-18,0.6251219589002445,0.17870697312748254,0.5134083057896592,-6.978293198134323e-18,0.11171365311058523,True
2003-06-19,0.6113855640719899,0.17383368840643157,0.5051061564309092,-6.978531900065153e-18,0.10627940764108068,True
2003-06-20,0.6102880735610327,0.17343629538250752,0.5044419709664799,-6.978751225352253e-18,0.10584610259455274,True
2003-06-23,0.5975569637585417,0.16888613746718364,0.49663787623274375,-6.978974711547058e-18,0.10091908752579795,True
2003-06-24,0.5913964116738125,0.16668621600240205,0.49281878165450593,-6.979201805166643e-18,0.0985776300193066,True
2003-06-25,0.5871317605529905,0.1651581077646028,0.49016218997155875,-6.979423367132013e-18,0.09696957058143178,True
2003-06-26,0.6056394103211198,0.1714785099826965,0.5017852666524553,-6.979671801372628e-18,0.10385414366866456,True
2003-06-27,0.5951288616938584,0.1677272987666351,0.4953095053038852,-6.979914151087952e-18,0.09981935638997325,True
2003-06-30,0.5983127911727681,0.16882570587005427,0.4973022118719432,-6.980147368856541e-18,0.10101057930082495,True
2003-07-01,0.6089873404544044,0.17248886761034485,0.5039438037103886,-6.98037948645542e-18,0.10504353674401576,True
2003-07-02,0.6257056884660015,0.17814604108584686,0.5142386971808891,-6.980619921740786e-18,0.1114669912851124,True
2003-07-03,0.6150032229035134,0.17437378090421676,0.507762785657549,-6.980854548133394e-18,0.10724043724596442,True
2003-07-07,0.6505223410107673,0.18601629176472287,0.5295145874258379,-6.981087797323186e-18,0.12100775358492945,True
2003-07-08,0.6614208898515284,0.18963789610257273,0.535990423861793,-6.981326594847052e-18,0.12543046598973534,True
2003-07-09,0.6591423556997117,0.18885209594172234,0.5346619403018569,-6.981571772385538e-18,0.12448041539785482,True
2003-07-10,0.642204062556575,0.1829709952860093,0.5246993460538799,-6.981812802840905e-18,0.11750471650269512,True
2003-07-11,0.6488504130077517,0.18519835519199293,0.5286843837530708,-6.982051902217059e-18,0.12016602925468091,True
2003-07-14,0.6594459968573492,0.1887218522170629,0.5349941268933028,-6.982291840983885e-18,0.12445186996404638,True
2003-07-15,0.6605561460420402,0.18908004203344303,0.535658162182962,-6.982532065067732e-18,0.12489798385907809,True
2003-07-16,0.6577166302436499,0.18810355732787012,0.53399779238112,-6.982778116200815e-18,0.12371883786252995,True
2003-07-17,0.6301172826836889,0.17836646166631925,0.5177254925366035,-6.983022513442941e-18,0.11239179014708546,True
2003-07-18,0.6328434613121231,0.17928207096800836,0.519385974969523,-6.983263871083917e-18,0.11345748634260011,True
2003-07-21,0.6218331324812252,0.1754312071364321,0.512744195412615,-6.983506899744041e-18,0.10908893706861024,True
2003-07-22,0.6343308110415734,0.17963594422260698,0.5203821968506283,-6.983752708108721e-18,0.11394861419094512,True
2003-07-23,0.6414681027182577,0.18203361347129116,0.5246993460538799,-6.984002682117159e-18,0.11676875666437782,True
2003-07-24,0.6298219472339017,0.17798118212553832,0.5177254925366035,-6.984249893646087e-18,0.11209645469729825,True
2003-07-25,0.6467875763740943,0.18362644450266047,0.5280202733760264,-6.984499608301407e-18,0.11876730299806791,True
2003-07-28,0.6492732952980985,0.1844503828195741,0.5295145874258379,-6.98474960904413e-18,0.11975870787226064,True
2003-07-29,0.6425674423843746,0.18214079139874464,0.5255296999014173,-6.985009319767163e-18,0.11703774248295723,True
2003-07-30,0.6361796622741707,0.17993190633932388,0.5217106428668719,-6.985274583816327e-18,0.11446901940729877,True
2003-07-31,0.6466261848829467,0.18342268574909398,0.5280202733760264,-6.985537086007493e-18,0.11860591150692026,True
2003-08-01,0.637159602258608,0.18015085797624625,0.522374753243916,-6.985794053975037e-18,0.11478484901469203,True
2003-08-04,0.6368672127696554,0.1800353167287714,0.5222086224045006,-6.98604853646796e-18,0.11465859036515476,True
2003-08-05,0.6026993239502704,0.16771233852949496,0.5016192109004248,-6.986308295488414e-18,0.1010801130498455,True
2003-08-06,0.602152249053501,0.16750734478452503,0.501287324658519,-6.986567509705594e-18,0.10086492439498197,True
2003-08-07,0.6053328753586846,0.1685902479830822,0.5032796557896518,-6.98682312935562e-18,0.10205321956903284,True
2003-08-08,0.5989089953606812,0.16632646292768052,0.4992945805467685,-6.987078203855445e-18,0.09961441481391273,True
2003-08-11,0.6076542094371805,0.16930671696237573,0.5047742701890036,-6.98733522851411e-18,0.10287993924817691,True
2003-08-12,0.6199473404624356,0.17345893709042762,0.512411933733784,-6.987591985355972e-18,0.10753540672865153,True
2003-08-13,0.6202023262197922,0.17353101106531002,0.5125779894858145,-6.987849028914456e-18,0.10762433673397778,True
2003-08-14,0.6209991977169568,0.1737892195101608,0.5130762318292909,-6.98810608192847e-18,0.10792296588766595,True
2003-08-15,0.6282960703689472,0.17624894723322104,0.5175595494156505,-6.988365362849234e-18,0.11073652095329671,True
2003-08-18,0.6500896782539061,0.18343118478591686,0.5308429583546965,-6.988622434856961e-18,0.11924671989920949,True
2003-08-19,0.6611904009585308,0.18709537051292544,0.5374847379116047,-6.988882289581492e-18,0.12370566304692604,True
2003-08-20,0.6589275002307661,0.18631940999617388,0.536156517157516,-6.98914215396808e-18,0.12277098307325006,True
2003-08-21,0.6687129251365176,0.18953577095500057,0.5419679053231942,-6.989402028017087e-18,0.12674501981332345,True
2003-08-22,0.6630439904437704,0.1876149647563689,0.5386470155447401,-6.989664407944806e-18,0.12439697489903018,True
2003-08-25,0.6649930973421383,0.18824827605669953,0.5398092931778757,-6.989928184559038e-18,0.1251838041642625,True
2003-08-26,0.6658202784910519,0.18850799033127727,0.5403078358708924,-6.990197796075522e-18,0.12551244262015954,True
2003-08-27,0.6731270785526463,0.19090361674997153,0.5446246847246039,-6.990468804933991e-18,0.12850239382804238,True
2003-08-28,0.6813319822931901,0.1935796124898296,0.549440001183947,-6.990739824299431e-18,0.1318919811092432,True
2003-08-29,0.6898813835558472,0.19635282755000014,0.5544212232205504,-6.99100669302156e-18,0.13546016033529676,True
2003-09-02,0.7036742207791031,0.2007785602001857,0.5623915238810872,-6.991273017080104e-18,0.14128269689801592,True
2003-09-03,0.7030712560772696,0.20056556149187582,0.5620593748333337,-6.991537131844612e-18,0.141011881243936,True
2003-09-04,0.7120720547989638,0.20344221323075665,0.56720653999089,-6.99180125658679e-18,0.14486551480807383,True
2003-09-05,0.7055991643790388,0.20131222579713276,0.5635534260772975,-6.992062616768814e-18,0.14204573830174125,True
2003-09-08,0.7219087803362818,0.20647562974518374,0.5728522102977704,-6.992319824782664e-18,0.1490565700385113,True
2003-09-09,0.709765510674868,0.20249101079789183,0.5660443749888321,-6.992578429621817e-18,0.14372113568603592,True
2003-09-10,0.68575780073863,0.19442598212919876,0.5524286668272625,-6.992837044025245e-18,0.13332913391136753,True
2003-09-11,0.6963314542560799,0.19783509541192415,0.5585726545650044,-6.9930956679933e-18,0.13775879969107546,True
2003-09-12,0.7015107519471246,0.19949779006376644,0.5615609072277022,-6.993354301526336e-18,0.1399498447194224,True
2003-09-15,0.6919152650619544,0.19631514671849937,0.5560818182845475,-6.993612944624708e-18,0.13583344677740697,True
2003-09-16,0.7180786291415917,0.20455524665531763,0.571191878039621,-6.993869932147726e-18,0.14688675110197064,True
2003-09-17,0.7139395339055996,0.20319968194787907,0.5688672476859647,-6.994127206644963e-18,0.14507228621963486,True
2003-09-18,0.7291585657132698,0.20798923496637076,0.5775014334613906,-6.994384490606225e-18,0.15165713225187916,True
2003-09-19,0.7231997850772369,0.20605542820838255,0.5741805436829366,-6.99464317180524e-18,0.14901924139430028,True
2003-09-22,0.7036867037754588,0.19961315972398408,0.5632215773790843,-6.99490047474665e-18,0.14046512639637454,True
2003-09-23,0.7210832628153159,0.2051067105945981,0.5731842467144463,-6.995156399277378e-18,0.1478990161008695,True
2003-09-24,0.6827672557302324,0.19211353359226654,0.5515984256108027,-6.995413165934232e-18,0.13116883011942965,True
2003-09-25,0.6705151895832087,0.18799967197816478,0.5444585538851885,-6.995667721245467e-18,0.1260566356980202,True
2003-09-26,0.6645884915710738,0.18600492576898572,0.540971758529474,-6.995922285819687e-18,0.12361673304159979,True
2003-09-29,0.6802431951979357,0.19106874794323717,0.550269979594559,-6.99617685965723e-18,0.12997321560337666,True
2003-09-30,0.6597983773120566,0.18412217276129098,0.5383148664969867,-6.996432553264945e-18,0.12148351081506993,True
2003-10-01,0.6801091673977027,0.19066462096129944,0.5504364107835148,-6.996689644397391e-18,0.12967275661418792,True
2003-10-02,0.6832079854712658,0.19166231514542345,0.5522627612500022,-6.996942302641831e-18,0.13094522422126365,True
2003-10-03,0.7096148500032201,0.19998218818850436,0.5677045195285189,-6.997195525315774e-18,0.14191033047470125,True
2003-10-06,0.7168592851030173,0.20227607763213476,0.5718558006982027,-6.997448757153965e-18,0.14500348440481456,True
2003-10-07,0.7229782660174789,0.20420464449372872,0.5753427462286872,-6.997700054412894e-18,0.14763551978879172,True
2003-10-08,0.7164932330656902,0.2021000251202365,0.5716899326646347,-6.997950527647781e-18,0.14480330040105546,True
2003-10-09,0.7240703421093195,0.20448750172184732,0.5760070067805015,-6.99819406742685e-18,0.14806333532881805,True
2003-10-10,0.7334607368636503,0.20742788424447664,0.5813205280396285,-6.998438448805659e-18,0.1521402088240218,True
2003-10-13,0.7402570113449597,0.2095452644231912,0.5851396601615588,-6.99868478273718e-18,0.15511735118340084,True
2003-10-14,0.7429185446517861,0.21036548540984076,0.5866341243861406,-6.998931125339263e-18,0.15628442026564543,True
2003-10-15,0.7384148142333496,0.2089226790164303,0.5841432130182985,-6.999177476612215e-18,0.15427160121505112,True
2003-10-16,0.7467254256024733,0.21150090332629104,0.5887923235508411,-6.999428280471e-18,0.15793310205163225,True
2003-10-17,0.7212324695235927,0.20319900619238312,0.5746787484827204,-6.999678815565407e-18,0.14655372104087228,True
2003-10-20,0.7338137558859436,0.20713060314448997,0.5818184700335646,-6.999930748451219e-18,0.151995285852379,True
2003-10-21,0.7400118607814137,0.209059311517815,0.5853054906514342,-7.000184079278439e-18,0.1547063701299795,True
2003-10-22,0.7197455900181204,0.20247574840460006,0.5740145630182911,-7.000444086112755e-18,0.14573102699982937,True
2003-10-23,0.7080242621990976,0.19865336706608244,0.5673728585487681,-7.000702991420615e-18,0.14065140365032955,True
2003-10-24,0.7088724722515298,0.19890973296971423,0.5678708380863969,-7.000961350699667e-18,0.14100163416513295,True
2003-10-27,0.7091416556384057,0.19897976062389622,0.5680368187510423,-7.001218886059796e-18,0.14110483688736342,True
2003-10-28,0.742447114884921,0.2091933153266182,0.5871321414674617,-7.0014803204592e-18,0.1553149734174592,True
2003-10-29,0.7412330215739742,0.2087943822368571,0.5864677307408773,-7.00174287596923e-18,0.1547652908330969,True
2003-10-30,0.7432934951018526,0.2094238347604962,0.5876301210050905,-7.00200321854507e-18,0.15566337409676206,True
2003-10-31,0.7370131602399358,0.20741820562860808,0.5841432130182985,-7.002262181516081e-18,0.15286994722163727,True
2003-11-03,0.7541829687568704,0.21269273120204238,0.5937737333059071,-7.00252115406461e-18,0.16040923545096336,True
2003-11-04,0.7469446617863564,0.21039865727436333,0.5897885078882537,-7.002777079541182e-18,0.15715615389810283,True
2003-11-05,0.756483047954076,0.2133309457565629,0.5951018038852256,-7.003034959578595e-18,0.16138124406885035,True
2003-11-06,0.759471221482495,0.21423981331436487,0.5967622487744526,-7.003294238618845e-18,0.16270897270804238,True
2003-11-07,0.7500906239982736,0.21127509160060787,0.5916151587042813,-7.003551859795923e-18,0.15847546529399237,True
2003-11-10,0.7368906461986185,0.20706134069399748,0.5843090810518664,-7.003810880042078e-18,0.1525815651467521,True
2003-11-11,0.7330193080247944,0.20581836994823505,0.582150468906548,-7.004067130580488e-18,0.1508688391182464,True
2003-11-12,0.7551337257803434,0.2125843849193864,0.5946040871534445,-7.004323390494414e-18,0.1605296386268989,True
2003-11-13,0.7539086629262186,0.21218566509307854,0.5939400518637853,-7.00458132747534e-18,0.15996861106243326,True
2003-11-14,0.7319700136355992,0.20513346285355538,0.5818184700335646,-7.004838995998898e-18,0.15015154360203462,True
2003-11-17,0.721343323678118,0.20171018818105638,0.5758410261158562,-7.005096674000978e-18,0.14550229756226185,True
2003-11-18,0.6979699484530704,0.19400866605403336,0.5625577298078878,-7.005354639458374e-18,0.1354122186451826,True
2003-11-19,0.7073861114591874,0.19699184144384327,0.5680368187510423,-7.005614838342065e-18,0.13934929270814508,True
2003-11-20,0.6978550347836364,0.19387594590858884,0.5625577298078878,-7.00587254488406e-18,0.13529730497574868,True
2003-11-21,0.7078403903571244,0.19703758312253716,0.5683692306046434,-7.006128870853224e-18,0.13947115975248106,True
2003-11-24,0.7352067466338024,0.20547082070065228,0.5841432130182985,-7.006382425993444e-18,0.1510635336155039,True
2003-11-25,0.735185154574896,0.2054474857343033,0.5841432130182985,-7.006637380463863e-18,0.1510419415565975,True
2003-11-26,0.7398815437125932,0.20689997947153035,0.5868000675070935,-7.006893178341123e-18,0.15308147620549972,True
2003-11-28,0.7410430314525515,0.20724733239932,0.5874638399909048,-7.007146761141996e-18,0.15357919146164667,True
2003-12-01,0.7564278558263957,0.21195604232208007,0.596098401203256,-7.00739924087238e-18,0.1603294546231398,True
2003-12-02,0.7504045898933589,0.2100562225750012,0.592777436337417,-7.007648670920897e-18,0.1576271535559419,True
2003-12-03,0.7369494480877095,0.20577253681344376,0.5853054906514342,-7.007903671468561e-18,0.15164395743627526,True
2003-12-04,0.7481422151572983,0.20922099205444109,0.5916151587042813,-7.008157290839661e-18,0.15652705645301707,True
2003-12-05,0.7305474995174792,0.20358570740731974,0.5818184700335646,-7.008407860279321e-18,0.1487290294839146,True
2003-12-08,0.7363949605375193,0.20539969511137637,0.5851396601615588,-7.008656769997625e-18,0.1512553003759605,True
2003-12-09,0.7124939445957094,0.1976213454150422,0.5716899326646347,-7.008904854203016e-18,0.1408040119310746,True
2003-12-10,0.7162276791398928,0.19879032670298455,0.5738485448099532,-7.0091529471898e-18,0.14237913432993968,True
2003-12-11,0.7376409502295358,0.20539160123660377,0.5861356943242014,-7.009399658254667e-18,0.1515052559053343,True
2003-12-12,0.7358514993938589,0.20481284519559387,0.5851396601615588,-7.009642205729069e-18,0.15071183923230005,True
2003-12-15,0.7222900951784417,0.2004577699231513,0.5775014334613906,-7.009886152397082e-18,0.14478866171705113,True
2003-12-16,0.724306427392152,0.2010790232154737,0.5786635984634486,-7.010130942070919e-18,0.14564282892870334,True
2003-12-17,0.7260345459297808,0.20160853770596784,0.5796597828008613,-7.010375183940531e-18,0.14637476312891945,True
2003-12-18,0.7449838403290958,0.2074287568717783,0.5904527684400681,-7.010617765171218e-18,0.15453107188902773,True
2003-12-19,0.7419982285703776,0.2064774538811518,0.5887923235508411,-7.010857851002997e-18,0.15320590501953646,True
2003-12-22,0.7452297519963348,0.20746736466529547,0.5906188992794835,-7.011096554014866e-18,0.1546108527168513,True
2003-12-23,0.75321166804621,0.20991425235234712,0.5951018038852256,-7.011336099814193e-18,0.15810986416098444,True
2003-12-24,0.7553986970714824,0.21057436381428501,0.5963310970095153,-7.011581496585779e-18,0.1590676000619672,True
2003-12-26,0.7538814510509096,0.21008746874111514,0.5955004052687451,-7.011824119558712e-18,0.1583810457821645,True
2003-12-29,0.7714806249203141,0.21540325621985867,0.605301186201947,-7.012059794759082e-18,0.1661794387183671,True
2003-12-30,0.7750920229118001,0.21648704193545668,0.6072946436438553,-7.012298260441516e-18,0.16779737926794483,True
2003-12-31,0.772030045794454,0.21553153803049388,0.6056332226186227,-7.012552038854884e-18,0.1663968231758313,True
2004-01-02,0.7689766455650057,0.21457650152519678,0.6039723272050855,-7.012804435074569e-18,0.16500431835992013,True
2004-01-05,0.7910186582292744,0.22113237045737022,0.6160988272590266,-7.013055448950388e-18,0.17491983097024782,True
2004-01-06,0.7986826231965233,0.2234074538253476,0.6202509719336385,-7.013306471810911e-18,0.17843165126288477,True
2004-01-07,0.8091791596770765,0.2265020213971642,0.62589844433776,-7.01355722535423e-18,0.18328071533931653,True
2004-01-08,0.8185155596549942,0.2292363606466927,0.6308820316269924,-7.01380381311393e-18,0.18763352802800176,True
2004-01-09,0.8106322207501855,0.22686349580246207,0.6267293613406852,-7.014039554854e-18,0.1839028594095002,True
2004-01-12,0.8293465342973201,0.2322924483354964,0.6366955973268369,-7.014273912844424e-18,0.19265093697048322,True
2004-01-13,0.817278242017937,0.2286793295651957,0.6303836015650534,-7.014509670385068e-18,0.1868946404528836,True
2004-01-14,0.8213330988233356,0.22985800077314425,0.6325431147589924,-7.01474961114918e-18,0.18878998406434325,True
2004-01-15,0.824455713848222,0.23075986678175772,0.6342044231531474,-7.014988446666213e-18,0.19025129069507468,True
2004-01-16,0.8367377502337272,0.2343089730096724,0.6406825872980388,-7.015225620084593e-18,0.1960551629356884,True
2004-01-20,0.8357552958731154,0.23400508429675218,0.64018430741087,-7.01546558533873e-18,0.1955709884622454,True
2004-01-21,0.8306337277168699,0.23248232941636682,0.6375260638054518,-7.01570416684507e-18,0.1931076639114181,True
2004-01-22,0.8233150771431532,0.2302999054255349,0.6337056927416681,-7.015945540472013e-18,0.18960938440148517,True
2004-01-23,0.8188760106503674,0.2289674162629922,0.6313800862520063,-7.016182746249278e-18,0.1874959243983611,True
2004-01-26,0.8370675908478026,0.23421402199375616,0.6410146237147148,-7.01642413634163e-18,0.1960529671330877,True
2004-01-27,0.8099649974891372,0.2260220118859019,0.626895079199483,-7.0166697111945e-18,0.18306991828965427,True
2004-01-28,0.7899951612613585,0.2199137569204939,0.6162643573993617,-7.016919471227622e-18,0.17373080386199677,True
2004-01-29,0.7942624765531162,0.22117704220088763,0.6185898512579461,-7.017174809129408e-18,0.1756726252951701,True
2004-01-30,0.7890082777518528,0.21956960740257037,0.6157660399685002,-7.017430156322655e-18,0.17324223778335252,True
2004-02-02,0.7859206548636316,0.21861710461973258,0.6141049568365003,-7.017679943424003e-18,0.1718156980271313,True
2004-02-03,0.7846742438167978,0.21822279969971636,0.6134404334788384,-7.017931131812068e-18,0.17123381033795948,True
2004-02-04,0.7663374205985121,0.21252180364243614,0.603474009774224,-7.018185114081733e-18,0.16286341082428799,True
2004-02-05,0.7705229845220006,0.21378110573719533,0.6057997288949635,-7.018439105543137e-18,0.16472325562703713,True
2004-02-06,0.7904058343066567,0.21968837301193542,0.6167628625486858,-7.01869282769071e-18,0.1736429717579708,True
2004-02-09,0.7900752059906552,0.21957186511808352,0.616596919427733,-7.018945444930057e-18,0.1734782865629222,True
2004-02-10,0.7918874594176162,0.22009995375396627,0.617593066221453,-7.019199463908196e-18,0.17429439319616316,True
2004-02-11,0.8041330029699798,0.22371318305776938,0.6242378492737629,-7.019455998937284e-18,0.1798951536962169,True
2004-02-12,0.7938864599425016,0.2205990867164987,0.6187558319225915,-7.019709479300107e-18,0.17513062801991008,True
2004-02-13,0.784340060086673,0.21767794608533061,0.6136065267745613,-7.019959626090814e-18,0.17073353331211177,True
2004-02-17,0.7995549065228453,0.22217689460201703,0.6219122803277936,-7.020209503229242e-18,0.17764262619505178,True
2004-02-18,0.8029228795294081,0.223163833357851,0.6237395318429014,-7.020459389262106e-18,0.1791833476865067,True
2004-02-19,0.7852689243216906,0.21775694448382302,0.6142711627633008,-7.020713463030612e-18,0.1709977615583898,True
2004-02-20,0.7815867539749386,0.21662192012637402,0.6122779305835475,-7.020967545994168e-18,0.16930882339139108,True
2004-02-23,0.7691022991437557,0.21276086374139183,0.6054674296724399,-7.021222752594659e-18,0.16363486947131578,True
2004-02-24,0.7663716917464365,0.2119067892125154,0.6039723272050855,-7.021481033284919e-18,0.16239936454135095,True
2004-02-25,0.7729500466443605,0.21388632084174097,0.6076266049731461,-7.02174238841878e-18,0.16532344167121435,True
2004-02-26,0.7756418990727608,0.2146868990543623,0.6091217449841931,-7.022003753280861e-18,0.16652015408856768,True
2004-02-27,0.7725943823907816,0.21373941420898523,0.6074605116774232,-7.022263455954173e-18,0.1651338707133584,True
2004-03-01,0.7870462144014704,0.21804639060119047,0.6154336281148991,-7.022521774927449e-18,0.1716125862865713,True
2004-03-02,0.7739041626092856,0.21399668027242721,0.6082912409618858,-7.022782611447593e-18,0.16561292164739982,True
2004-03-03,0.7678444498053998,0.2121204207178553,0.6049689620668083,-7.023045129742133e-18,0.16287548773859153,True
2004-03-04,0.7780299517945539,0.21517613736307487,0.6106164720146224,-7.023307657849858e-18,0.16741347977993146,True
2004-03-05,0.7740704716973386,0.213951175855284,0.6084571840828387,-7.023569917072035e-18,0.16561328761449992,True
2004-03-08,0.7480968394489803,0.20575548813255798,0.5941718090777315,-7.023829398959043e-18,0.1539250303712488,True
2004-03-09,0.7448273115923465,0.2047222915386039,0.5923445575626235,-7.02408777553665e-18,0.15248275402972294,True
2004-03-10,0.7309688347318442,0.20032521370511586,0.584537346702408,-7.024347555285705e-18,0.1464314880294362,True
2004-03-11,0.7216377168422978,0.19735073114405013,0.5792219858023473,-7.02460873836091e-18,0.1424157310399505,True
2004-03-12,0.7400904131176238,0.2029984137621608,0.5898532332141639,-7.024869931147563e-18,0.15023717990345992,True
2004-03-15,0.7219004072284156,0.19718259730235943,0.5795542099374857,-7.02512973982396e-18,0.14234619729092995,True
2004-03-16,0.7236113067082972,0.19770310079042383,0.5805511076050565,-7.025389558109153e-18,0.14306019910324078,True
2004-03-17,0.7394804298033371,0.20256604737729994,0.5896868020252082,-7.025651058726997e-18,0.1497936277781289,True
2004-03-18,0.7347764490479651,0.20107767463935136,0.5870293092936405,-7.025906993153637e-18,0.14774713975432466,True
2004-03-19,0.7175547374335425,0.195561469498806,0.577228678535209,-7.026162658101357e-18,0.14032605889833347,True
2004-03-22,0.7048955551753786,0.1914831479695905,0.5699199352806249,-7.026418332352441e-18,0.13497561989475368,True
2004-03-23,0.6969208167113359,0.1889051145190608,0.5652689100197636,-7.026675688859054e-18,0.13165190669157228,True
2004-03-24,0.707906560084566,0.19234109576175948,0.5717470366209627,-7.02693305479186e-18,0.13615952346360324,True
2004-03-25,0.7340876989655618,0.2003280941488985,0.5870293092936405,-7.027189035919784e-18,0.1470583896719213,True
2004-03-26,0.7305745959492346,0.19921154537706606,0.585035701676962,-7.027444747519616e-18,0.14553889427227265,True
2004-03-29,0.7470884885527305,0.20423884883990334,0.5945039956691774,-7.027701862757455e-18,0.15258449288355297,True
2004-03-30,0.7505945160932529,0.20530046192910745,0.5964971152178532,-7.027959266275914e-18,0.1540974008753997,True
2004-03-31,0.7485090441714897,0.20463938684731997,0.5953346123225625,-7.028219468108976e-18,0.15317443184892718,True
2004-04-01,0.7579060456088804,0.207487059722551,0.6006503486595482,-7.028476890585758e-18,0.15725569694933222,True
2004-04-02,0.7857612878802083,0.2157104620642586,0.6162643573993617,-7.028732370144967e-18,0.16949693048084663,True
2004-04-05,0.7963474305325621,0.21883602652778328,0.6220779230992063,-7.028990927081869e-18,0.1742695074333558,True
2004-04-06,0.7819550922302122,0.2144418920384039,0.6142711627633008,-7.029245309610791e-18,0.16768392946691132,True
2004-04-07,0.7807221093350047,0.21405258101731928,0.6136065267745613,-7.029501374970854e-18,0.1671155825604435,True
2004-04-08,0.7806986874405979,0.21402900165468816,0.6136065267745613,-7.029757449659012e-18,0.1670921606660366,True
2004-04-12,0.7876163882473661,0.21608151223587774,0.6174270480131151,-7.030012138883789e-18,0.17018934023425109,True
2004-04-13,0.7712049493034925,0.21103049891943532,0.6084571840828387,-7.030266558370853e-18,0.16274776522065384,True
2004-04-14,0.7765709000210254,0.21263174248492275,0.61144727638647,-7.030523776851135e-18,0.16512362363455535,True
2004-04-15,0.7567022103221961,0.20644604718943504,0.6004840301016702,-7.030784352617598e-18,0.1562181802205259,True
2004-04-16,0.7549051303251518,0.20587727375180004,0.5994873201525622,-7.031042985038139e-18,0.15541781017258957,True
2004-04-19,0.7678766702381703,0.2097738157126191,0.6067962511256088,-7.031298836878896e-18,0.16108041911256152,True
2004-04-20,0.7424895523961742,0.20177072873800947,0.5926768943288396,-7.031556093127463e-18,0.14981265806733454,True
2004-04-21,0.7515218060200434,0.20451245428716397,0.5978262370205624,-7.031820334548413e-18,0.15369556899948103,True
2004-04-22,0.7788621132618602,0.21260250442933068,0.6132740773772677,-7.032090166703855e-18,0.16558803588459248,True
2004-04-23,0.7875577230715223,0.21517938848153156,0.6180915338270847,-7.03235163766901e-18,0.16946618924443754,True
2004-04-26,0.7793592478542024,0.21267819883578143,0.6136065267745613,-7.032617304292554e-18,0.16575272107964112,True
2004-04-27,0.7772301132164487,0.2120172638271992,0.612443911248193,-7.032880469302424e-18,0.16478620196825572,True
2004-04-28,0.7570935913680663,0.20575926342066095,0.6013145716676701,-7.033148946726974e-18,0.1557790197003962,True
2004-04-29,0.7405395367906025,0.20056594991315493,0.5920125211459476,-7.033413527095972e-18,0.14852701564465493,True
2004-04-30,0.7151894556174769,0.192436443689752,0.5775609402140399,-7.03367839651835e-18,0.13762851540343699,True
2004-05-03,0.724569153819919,0.1953254512804756,0.583042356866131,-7.033944113263896e-18,0.14152679695378803,True
2004-05-04,0.7288551622232664,0.19663820071101454,0.5855343945447486,-7.034211793912476e-18,0.14332076767851773,True
2004-05-05,0.736899828477297,0.19909727332694033,0.5901850819123772,-7.034487021406082e-18,0.14671474656491984,True
2004-05-06,0.7290488437564424,0.19662411154720277,0.5857002625783164,-7.034756955890342e-18,0.14334858117812593,True
2004-05-07,0.7206728358562524,0.1939713974796715,0.5808829187595772,-7.035028017363154e-18,0.13978991709667518,True
2004-05-10,0.7120712792113094,0.19123258918914696,0.5759000448005027,-7.035317514332918e-18,0.1361712344108067,True
2004-05-11,0.7268151081456178,0.19575509623928225,0.584537346702408,-7.03560423142571e-18,0.14227776144320975,True
2004-05-12,0.7288058416019706,0.19635624586803152,0.5857002625783164,-7.03589207698484e-18,0.14310557902365417,True
2004-05-13,0.721588159308566,0.19407275847546845,0.5815475547483168,-7.036173233457333e-18,0.1400406045602492,True
2004-05-14,0.7141285534423308,0.1917020041380787,0.577228678535209,-7.036446862421739e-18,0.13689987490712185,True
2004-05-17,0.704726671951727,0.18869675382440085,0.5717470366209627,-7.036717430551983e-18,0.13297963533076432,True
2004-05-18,0.7134491016165748,0.1913977771080102,0.5768965294874555,-7.036990242969293e-18,0.1365525721291193,True
2004-05-19,0.712292314965575,0.19101756894014746,0.576231968586101,-7.037277028232411e-18,0.13606034637947395,True
2004-05-20,0.7168124019880551,0.19241122582338105,0.5788896490361313,-7.037560753378795e-18,0.13792275295192385,True
2004-05-21,0.7216343280265309,0.1938940013206655,0.5817137606751172,-7.037841138721413e-18,0.13992056735141375,True
2004-05-24,0.7284764712118733,0.19599288964822484,0.5857002625783164,-7.03812153523494e-18,0.14277620863355692,True
2004-05-25,0.7485856691042845,0.20205818570725237,0.5973278069586232,-7.038404177248641e-18,0.15125786214566128,True
2004-05-26,0.7552854036941585,0.20407772289563114,0.6011484783719472,-7.038699399213085e-18,0.15413692532221138,True
2004-05-27,0.7620211813084804,0.2060995456477928,0.6049689620668083,-7.038993236994441e-18,0.15705221924167215,True
2004-05-28,0.7658382626600613,0.2072370341668467,0.6071282124548997,-7.039283455812493e-18,0.15871005020516163,True
2004-06-01,0.7643314138930616,0.2067607586599504,0.6062976708888996,-7.039577317975896e-18,0.15803374300416195,True
2004-06-02,0.7619384727438561,0.20601336760404906,0.6049689620668083,-7.039882645689832e-18,0.15696951067704773,True
2004-06-03,0.748915669362955,0.20196573067381773,0.5976603689869945,-7.040201675281079e-18,0.1512553003759605,True
2004-06-04,0.7550273968885823,0.20380574155422698,0.6011484783719472,-7.040522116194015e-18,0.15387891851663518,True
2004-06-07,0.780257524694466,0.21124294398071808,0.6154336281148991,-7.040850953291358e-18,0.16482389657956684,True
2004-06-08,0.7817279644699174,0.21166392222229774,0.6162643573993617,-7.041181761530888e-18,0.16546360707055574,True
2004-06-09,0.7661049980039394,0.20686249723432598,0.6076266049731461,-7.04152879119889e-18,0.15847839303079322,True
2004-06-10,0.7737762830288071,0.20914398026562184,0.6119456313610241,-7.041875837970496e-18,0.16183065166778304,True
2004-06-14,0.7582579175359,0.20434964761738236,0.6033081792843487,-7.042229887827824e-18,0.15494973825155134,True
2004-06-15,0.772053035074566,0.2084546664531613,0.6111149771639465,-7.042604076150276e-18,0.1609380579106195,True
2004-06-16,0.7702412413061323,0.20788688087793258,0.6101181921274534,-7.042970738721828e-18,0.16012304917867884,True
2004-06-17,0.7601199618081348,0.20476960896633595,0.6044704944611768,-7.043327638455324e-18,0.15564946734695798,True
2004-06-18,0.7615662102112867,0.20518901956795849,0.605301186201947,-7.043674773884402e-18,0.1562650240093397,True
2004-06-21,0.7529920358613006,0.20253601432209836,0.6004840301016702,-7.044023323975484e-18,0.1525080057596304,True
2004-06-22,0.7684772302988343,0.20714923075131308,0.6092877631925311,-7.044369375607374e-18,0.1591894671063032,True
2004-06-23,0.7814885199208198,0.21099683013871223,0.616596919427733,-7.044730818840775e-18,0.16489160049308685,True
2004-06-24,0.7793638330360021,0.21033848117190004,0.6154336281148991,-7.045082216714755e-18,0.16393020492110297,True
2004-06-25,0.78770391929703,0.21279461633221328,0.6200847660068378,-7.045432793410664e-18,0.1676191532901922,True
2004-06-28,0.7783499805921659,0.2099499728293505,0.6149354233151152,-7.0457884200058e-18,0.1634145572770507,True
2004-06-29,0.7887698710198181,0.2130160207333644,0.6207492518208074,-7.04614686049673e-18,0.16802061919901073,True
2004-06-30,0.7998771143746586,0.21626076314286413,0.626895079199483,-7.046524891867442e-18,0.17298203517517569,True
2004-07-01,0.7785963526335491,0.20977308005114284,0.6152677976250238,-7.046889241936725e-18,0.16332855500852533,True
2004-07-02,0.7720038281799733,0.2077587769311771,0.6116132570511155,-7.047223969183184e-18,0.16039057112885785,True
2004-07-06,0.7485303180476259,0.2004455317998958,0.5984907603782244,-7.047577169340079e-18,0.15003955766940152,True
2004-07-07,0.7505419772462449,0.20103952332588487,0.5996533759045927,-7.047927870189579e-18,0.15088860134165222,True
2004-07-08,0.7388565980890269,0.1973960913591113,0.5930091935513632,-7.048282504022374e-18,0.14584740453766373,True
2004-07-09,0.7402750235227453,0.19781231166046237,0.593839509855208,-7.048632400916895e-18,0.1464355136675374,True
2004-07-12,0.7359150992350014,0.19644555706462108,0.5913478476135157,-7.048981196331818e-18,0.14456725162148576,True
2004-07-13,0.7344509279137694,0.19597415039415345,0.5905175313096708,-7.049334204824716e-18,0.1439333966040986,True
2004-07-14,0.724072916664508,0.19270927934286,0.584537346702408,-7.049702057002601e-18,0.13953556996210006,True
2004-07-15,0.7206281182607812,0.1916158625744903,0.5825443397848098,-7.050070487868908e-18,0.1380837784759714,True
2004-07-16,0.709235034185472,0.1879983122070375,0.5759000448005027,-7.050438937990116e-18,0.13333498938496927,True
2004-07-19,0.707241147730163,0.18735369752309564,0.574736903662439,-7.050806008471947e-18,0.13250424406772396,True
2004-07-20,0.7305410884870576,0.19439950625494312,0.5885242615862248,-7.051170300128525e-18,0.1420168269008327,True
2004-07-21,0.7010211883499475,0.1848819304692247,0.5714150377479793,-7.051543004849192e-18,0.12960615060196826,True
2004-07-22,0.7141178248692774,0.18889857439369115,0.5792219858023473,-7.051912931041283e-18,0.13489583906693012,True
2004-07-23,0.6954710617740163,0.18291538899644016,0.5682587019738549,-7.052286234683723e-18,0.12721235980016146,True
2004-07-26,0.6912831795670157,0.18156973292736192,0.5657670772758551,-7.052660677517016e-18,0.12551610229116061,True
2004-07-27,0.7042634480183363,0.18556840855353515,0.5735744007671483,-7.053050253047994e-18,0.130689047251188,True
2004-07-28,0.7000447494875414,0.18421972109666285,0.5710827009817633,-7.053452444852328e-18,0.12896204850577808,True
2004-07-29,0.7111676466817185,0.18763562787540772,0.5777272587719181,-7.053849901287606e-18,0.13344038790980037,True
2004-07-30,0.7142363242179528,0.18856799873338292,0.5795542099374857,-7.05424514079727e-18,0.134682114280467,True
2004-08-02,0.7161854125122785,0.1891524307040764,0.5807172009007794,-7.054640402452894e-18,0.13546821161149913,True
2004-08-03,0.6955481412228196,0.18252786146633557,0.5685912264585335,-7.055041285204704e-18,0.12695691476428603,True
2004-08-04,0.6958019539914908,0.18258751091386793,0.5687572071231789,-7.055449189779055e-18,0.12704474686831196,True
2004-08-05,0.678023228409619,0.17683323876282778,0.5581261849735175,-7.055855718048036e-18,0.11989704343610148,True
2004-08-06,0.6539637907176631,0.1689009297167656,0.5435086984643495,-7.056260029782053e-18,0.11045509225331361,True
2004-08-09,0.6560825568913279,0.16955922404407583,0.544837707635981,-7.056653724295138e-18,0.11124484925534679,True
2004-08-10,0.6670435563023208,0.1729956717436188,0.5516479081975484,-7.05705808175618e-18,0.11539564810477239,True
2004-08-11,0.6591828395489081,0.1704411780653427,0.5468309398157344,-7.057470303562391e-18,0.11235189973317367,True
2004-08-12,0.6470796076137093,0.16647701228365042,0.5393557278285022,-7.05786658611042e-18,0.10772387978520717,True
2004-08-13,0.6483887309853981,0.16687859244655062,0.5401865322003496,-7.058260930400079e-18,0.1082021987850484,True
2004-08-16,0.6582082112023433,0.16997019276251593,0.5463324346664102,-7.058653336103454e-18,0.11187577653593309,True
2004-08-17,0.6681096399758454,0.17307184035590678,0.5524786750257035,-7.059053046366697e-18,0.11563096495014187,True
2004-08-18,0.6840422652889174,0.17800524303585782,0.5622791556093649,-7.059460342521557e-18,0.12176310967955248,True
2004-08-19,0.6790870703626507,0.17641071012454537,0.5592888380435784,-7.059865701224101e-18,0.11979823231907231,True
2004-08-20,0.6883420776608252,0.17927889063109723,0.5649368736030879,-7.060269682436934e-18,0.12340520405773732,True
2004-08-23,0.690518732253867,0.17994175107042054,0.5662655824251792,-7.060677048789765e-18,0.1242531498286877,True
2004-08-24,0.6902198679881897,0.17982719641659503,0.5660995642168413,-7.061090882916257e-18,0.12412030377134847,True
2004-08-25,0.703138503791922,0.18379275997777095,0.5739067375333643,-7.061515949368105e-18,0.1292317662585577,True
2004-08-26,0.6989392015174328,0.1824538722289321,0.5714150377479793,-7.061939640315179e-18,0.12752416376945352,True
2004-08-27,0.7033522103543515,0.18380455777119167,0.5740728683727797,-7.062364477645484e-18,0.12927934198157176,True
2004-08-30,0.6871835836552361,0.17862092211711583,0.5644382182789937,-7.062791022027168e-18,0.12274536537624249,True
2004-08-31,0.6882578399902491,0.1789376616910144,0.5651025914618856,-7.063223197588541e-18,0.12315524852836353,True
2004-09-01,0.6951020575929062,0.18104761625703825,0.569255487010348,-7.063662687020453e-18,0.1258465705825582,True
2004-09-02,0.7091680024467281,0.18534500036848975,0.5777272587719181,-7.064096317438463e-18,0.13144074367480996,True
2004-09-03,0.691254929395424,0.17961351888723578,0.5670961990785641,-7.064534459592755e-18,0.12415873031685982,True
2004-09-07,0.6992118674222977,0.18205978473732545,0.5719135053536109,-7.064986365524025e-18,0.12729836206868686,True
2004-09-08,0.6955850419492556,0.18089980717775886,0.569753841984902,-7.065434095017912e-18,0.12583119996435366,True
2004-09-09,0.7035693148775599,0.18334835889074835,0.5745710356288711,-7.06588605849729e-18,0.12899827924868879,True
2004-09-10,0.7182772702818492,0.18781385971158027,0.5833748438071171,-7.066336929333206e-18,0.13490242647473205,True
2004-09-13,0.7311921144638438,0.1917093682789173,0.5910157361094546,-7.066792035087899e-18,0.14017637835438929,True
2004-09-14,0.7325859920279878,0.19211342184123928,0.5918463903065322,-7.06724520716434e-18,0.14073960172145558,True
2004-09-15,0.7217429575997664,0.1887217071130059,0.5855343945447486,-7.067700371416451e-18,0.13620856305501775,True
2004-09-16,0.7236897655342812,0.18929773098201974,0.5866969349837319,-7.068158089146232e-18,0.1369928305505493,True
2004-09-17,0.726769431553344,0.19021874609068787,0.5885242615862248,-7.068615836518684e-18,0.13824516996711908,True
2004-09-20,0.7267416180537357,0.19018775453876782,0.5885242615862248,-7.069083711562096e-18,0.13821735646751085,True
2004-09-21,0.7306778832946657,0.19136746967705465,0.5908499056195793,-7.069550214979743e-18,0.1398279776750864,True
2004-09-22,0.7130388831532756,0.18580722409178824,0.5805511076050565,-7.0700223599317e-18,0.13248777554821908,True
2004-09-23,0.7121723277323202,0.18551635257466698,0.5800527150868098,-7.070492011423994e-18,0.1321196126455104,True
2004-09-24,0.7087901753202718,0.18444212695460782,0.5780594078196715,-7.070965061005625e-18,0.1307307675006003,True
2004-09-27,0.7003993687114735,0.18178663990764457,0.5730761208799793,-7.071439545204444e-18,0.1273232478314942,True
2004-09-28,0.7023107153809705,0.1823580556489762,0.5742386988626551,-7.071911535744326e-18,0.1280720165183153,True
2004-09-29,0.7164246675424664,0.18664139207609756,0.5827101702746851,-7.072384960943417e-18,0.1337144972677813,True
2004-09-30,0.7180799680969988,0.18712851495367794,0.583706730049023,-7.072856453259425e-18,0.13437323804797582,True
2004-10-01,0.7450129462978123,0.19511012676431194,0.5996533759045927,-7.073326293016495e-18,0.1453595703932197,True
2004-10-04,0.751008849971168,0.196891390785657,0.6031416730080079,-7.073791392273758e-18,0.1478671769631601,True
2004-10-05,0.7524202939561171,0.19729394321691357,0.6039723272050855,-7.07425483789878e-18,0.14844796675103158,True
2004-10-06,0.7607601462007815,0.19976125306840575,0.6087897461112098,-7.074723928369458e-18,0.15197040008957166,True
2004-10-07,0.7488181202295185,0.1960945807961341,0.601978944850562,-7.0751936114241e-18,0.14683917537895658,True
2004-10-08,0.7298029033518336,0.19017075241131323,0.5910157361094546,-7.075660237271872e-18,0.1387871672423791,True
2004-10-11,0.7345878947870661,0.19160182999293326,0.593839509855208,-7.076125489995226e-18,0.14074838493185818,True
2004-10-12,0.7328548685023659,0.19104968688474863,0.5928431753430252,-7.076590773310793e-18,0.14001169315934064,True
2004-10-13,0.7305554552861928,0.19032301158094167,0.5915139409092386,-7.077054963966668e-18,0.1390415143769542,True
2004-10-14,0.7259952245137782,0.18889773209643165,0.5888563730902858,-7.077528733489712e-18,0.1371388514234924,True
2004-10-15,0.7310463684378332,0.19041196857150966,0.5918463903065322,-7.078005343269462e-18,0.13919997813130097,True
2004-10-18,0.7454670104990448,0.1947085133202463,0.6003182371554874,-7.078486198239122e-18,0.14514877334355747,True
2004-10-19,0.7379840858996553,0.19239573112207897,0.595999098136532,-7.078974108177429e-18,0.1419849877631233,True
2004-10-20,0.7427961589002956,0.19382610598197195,0.5988228718822852,-7.079474692759809e-18,0.14397328701801038,True
2004-10-21,0.7584915697236868,0.19846300389084753,0.6079590543704397,-7.079976717397005e-18,0.1505325153532471,True
2004-10-22,0.7352998349387636,0.19125455894605878,0.5946703893144406,-7.080481587179506e-18,0.14062944562432306,True
2004-10-25,0.7304421567555548,0.18974228851279756,0.5918463903065322,-7.080989302676269e-18,0.13859576644902258,True
2004-10-26,0.73578543683254,0.1913367386629991,0.5950026509932717,-7.081504079363732e-18,0.14078278583926834,True
2004-10-27,0.7615996601712807,0.19889907515158256,0.6101181921274534,-7.082030695963487e-18,0.15148146804382728,True
2004-10-28,0.7682328168228025,0.2008431399915668,0.6139385256475447,-7.082558194829914e-18,0.15429429117525784,True
2004-10-29,0.7664513702498105,0.20028575550134717,0.6129420785042844,-7.083082922450347e-18,0.15350929174552605,True
2004-11-01,0.7704909133003559,0.20146002113177727,0.6152677976250238,-7.083607688946434e-18,0.15522311567533206,True
2004-11-02,0.7739582609593446,0.20246212109724931,0.6172610298047773,-7.08413671075018e-18,0.15669723115456732,True
2004-11-03,0.7812385611705602,0.20457872145048636,0.6214137751784694,-7.084682920168373e-18,0.1598247859920908,True
2004-11-04,0.7873825313446896,0.20635536447588065,0.6249019221071146,-7.08522214325247e-18,0.16248060923757496,True
2004-11-05,0.7973993695142114,0.20924210735244544,0.6305498450355465,-7.085766749425019e-18,0.16684952447866494,True
2004-11-08,0.7985531157973328,0.20955252591360357,0.6312142933058233,-7.086324050601609e-18,0.16733882249150944,True
2004-11-09,0.7961284386716704,0.208814443648264,0.6298853216778845,-7.086887019705242e-18,0.1662431169937859,True
2004-11-10,0.7922212167823854,0.20763803674909012,0.6277259586587156,-7.087459876389374e-18,0.16449525812366983,True
2004-11-11,0.8070184572136418,0.21187468640524693,0.6360316746682553,-7.088030529421125e-18,0.17098678254538655,True
2004-11-12,0.8180814185493692,0.21502006097920315,0.6421775020469308,-7.088601228399504e-18,0.1759039165024384,True
2004-11-15,0.8231841725887479,0.21645600770185044,0.6450010129868364,-7.089173942375522e-18,0.1781831596019114,True
2004-11-16,0.8158521120874384,0.21430046669289673,0.6410146237147148,-7.089752610242392e-18,0.17483748837272353,True
2004-11-17,0.8315162826609585,0.2187137648258793,0.6496522259661602,-7.090340890927947e-18,0.18186405669479824,True
2004-11-18,0.8369746353363561,0.22023666787817184,0.652642130551329,-7.090926125392716e-18,0.18433250478502705,True
2004-11-19,0.8182123137659306,0.21474010792600118,0.6425093132014515,-7.091513377855665e-18,0.17570300056447907,True
2004-11-22,0.8293596822666631,0.21788368165376304,0.6486557412792074,-7.092103211654431e-18,0.18070394098745568,True
2004-11-23,0.8274861807632561,0.21731776791345056,0.6476587309805593,-7.092700411768174e-18,0.17982744978269688,True
2004-11-24,0.8377959427876345,0.22020772515323322,0.6533068040837612,-7.093301039669966e-18,0.18448913870387332,True
2004-11-26,0.8340698188451771,0.21911389233325745,0.6513135343603154,-7.093901155447748e-18,0.18275628448486167,True
2004-11-29,0.8337200100651998,0.21898547089727355,0.6511474410645923,-7.094506952072142e-18,0.18257256900060742,True
2004-11-30,0.8312288771020877,0.21824344953355643,0.6498186196114234,-7.09511420810213e-18,0.18141025749066425,True
2004-12-01,0.8556028263253049,0.22498262160584478,0.6631070594052675,-7.095728554873846e-18,0.19249576692003742,True
2004-12-02,0.8602177921381318,0.22624399287432184,0.6655986841032674,-7.096340139077575e-18,0.19461910803486435,True
2004-12-03,0.8620418786131989,0.22672513307895356,0.6665953189649902,-7.096951775994036e-18,0.19544655964820865,True
2004-12-06,0.8663650742401956,0.22789973871102526,0.668920700192497,-7.097562057537336e-18,0.19744437404769857,True
2004-12-07,0.844705762192638,0.2216709168848848,0.6574590613894505,-7.09817717958662e-18,0.18724670080318753,True
2004-12-08,0.8517457805680528,0.2236180698056539,0.6612800331523148,-7.098797425041341e-18,0.19046574741573802,True
2004-12-09,0.8591307655939329,0.22565146735645022,0.6652666476865915,-7.09941631623707e-18,0.19386411790734143,True
2004-12-10,0.8553473255217033,0.22455693387894893,0.6632731527009904,-7.100035261389307e-18,0.19207417282071293,True
2004-12-13,0.8661654256979656,0.22752975482573964,0.6690870187503751,-7.100655387477969e-18,0.19707840694759052,True
2004-12-14,0.8723755134363032,0.22922038761366934,0.6724092601017599,-7.101269368723408e-18,0.1999662533345432,True
2004-12-15,0.8676125467402627,0.2278609988456709,0.6699174852289901,-7.101882839506772e-18,0.19769506151127259,True
2004-12-16,0.8556645074620448,0.22445615833624813,0.6636053392924364,-7.102493545082408e-18,0.1920591681696085,True
2004-12-17,0.8524537526002167,0.22352207842179675,0.6619115180605561,-7.10310092101044e-18,0.19054223453966057,True
2004-12-20,0.8439703950716115,0.22108180244730102,0.657383898917019,-7.10370750326559e-18,0.1865864961545926,True
2004-12-21,0.858829171875368,0.22518527124189072,0.6654334918561648,-7.104315828691696e-18,0.19339568001920313,True
2004-12-22,0.8603518810066149,0.22558216327641528,0.6662718425102097,-7.104928153036621e-18,0.1940800384964052,True
2004-12-23,0.8612477898897877,0.2258038736875105,0.6667747027278664,-7.105533481658569e-18,0.19447308716192122,True
2004-12-27,0.8558562722976553,0.2242570602462321,0.6639244606788843,-7.106138861853556e-18,0.1919318116187709,True
2004-12-28,0.867708188619549,0.22750901696888892,0.6702967516108602,-7.106754163220257e-18,0.19741143700868885,True
2004-12-29,0.8692393900814834,0.22790524105289672,0.67113517735229,-7.107377696284182e-18,0.1981042127291934,True
2004-12-30,0.868243206212881,0.22759854343138547,0.6706323171346332,-7.107993104918209e-18,0.19761088907824775,True
2004-12-31,0.8659830902121172,0.22693868611694198,0.6694580255198901,-7.108605182123762e-18,0.1965250646922271,True
2005-01-03,0.8526894006870599,0.2231461379361192,0.6624150540646784,-7.109220697042473e-18,0.1902743466223815,True
2005-01-04,0.8301619961592072,0.2166102461219018,0.650340401850112,-7.109842471740455e-18,0.17982159430909517,True
2005-01-05,0.8227541717423679,0.2144482939478123,0.6463159432737717,-7.110489128857062e-18,0.17643822846859616,True
2005-01-06,0.8169142111150338,0.21273298794558632,0.6431296100893211,-7.111133023168697e-18,0.17378460102571264,True
2005-01-07,0.8229433588446982,0.21442523185949078,0.6464835383171956,-7.111772742941661e-18,0.17645982052750253,True
2005-01-10,0.8222883696600907,0.21420793934981666,0.6461476724438824,-7.112415342393367e-18,0.17614069721620831,True
2005-01-11,0.8140136133785472,0.2117821584858832,0.6416200533003452,-7.113056870968242e-18,0.17239356007820192,True
2005-01-12,0.8236625807059038,0.2145005870392335,0.6469864736222374,-7.113706643081044e-18,0.1766761070836664,True
2005-01-13,0.8080587390817789,0.2099166938762823,0.6384337201158945,-7.114353651653244e-18,0.16962501896588447,True
2005-01-14,0.8188650575579555,0.2129702991204381,0.6444711213105629,-7.115003542225934e-18,0.17439393624739255,True
2005-01-18,0.8276323792492184,0.21543148593713468,0.6493343059778731,-7.115658574279227e-18,0.1782980732713453,True
2005-01-19,0.8080126093387399,0.2096641713525534,0.6386013151593185,-7.116308584055565e-18,0.16941129417942136,True
2005-01-20,0.7859848804220377,0.20309003883626914,0.6263591805324057,-7.116965712999329e-18,0.159625699889632,True
2005-01-21,0.7770668637915156,0.2004187420365521,0.6213281004721313,-7.117617254243113e-18,0.15573876331938433,True
2005-01-24,0.7617500708933787,0.19578889722323617,0.6126078645534421,-7.118267442943314e-18,0.14914220633993658,True
2005-01-25,0.7669344426882496,0.1972898297214451,0.6156260770827734,-7.118917408587282e-18,0.15130836560547617,True
2005-01-26,0.7797157333620874,0.20098402438853627,0.6230053273919163,-7.119584383366495e-18,0.15671040597017122,True
2005-01-27,0.7782038155253812,0.20050920259319036,0.6221667890194088,-7.120252550713105e-18,0.1560370265059724,True
2005-01-28,0.7728730379508167,0.19890098992478034,0.6191478256162269,-7.120926996881204e-18,0.15372521233458977,True
2005-01-31,0.7868782012284837,0.20292923950028474,0.6271976062738355,-7.12160715845832e-18,0.15968059495464823,True
2005-02-01,0.790385744013828,0.20392013871617834,0.6292101734552383,-7.12229162401581e-18,0.16117557055858964,True
2005-02-02,0.7921229389908302,0.2043955538817942,0.6302165321333247,-7.122987460572064e-18,0.1619064068575054,True
2005-02-03,0.779311339716468,0.20056940578000523,0.6230053273919163,-7.123682234492067e-18,0.1563060123245518,True
2005-02-04,0.7969060880274632,0.20559350167799156,0.6330673748813873,-7.12436972634275e-18,0.16383871314607595,True
2005-02-07,0.794479184004861,0.20485573942143687,0.6317255633106054,-7.125054457413702e-18,0.16275362069425559,True
2005-02-08,0.796517514473134,0.2054167447817364,0.6328994794884232,-7.125743495428422e-18,0.1636180349847108,True
2005-02-09,0.7777154568204665,0.1997913840245918,0.6223346093249879,-7.126440517535748e-18,0.15538084749547865,True
2005-02-10,0.7788472934335311,0.20009309572687725,0.6230053273919163,-7.12713817344095e-18,0.1558419660416148,True
2005-02-11,0.7949496889429383,0.2046939798238304,0.6322282733534922,-7.127835897644453e-18,0.16272141558944606,True
2005-02-14,0.7999595312591333,0.20611028821215874,0.6350796417132499,-7.128541327105946e-18,0.16487988954588337,True
2005-02-15,0.8073729869386439,0.20820707246019016,0.6392722209447095,-7.129243431882775e-18,0.1681007659939344,True
2005-02-16,0.8031276151689479,0.20694497790978236,0.6369243885890739,-7.129959751122134e-18,0.16620322657987413,True
2005-02-17,0.7878346673312775,0.20240648341897755,0.6283718228011935,-7.13067472762759e-18,0.1594628445300839,True
2005-02-18,0.7842465366965244,0.2013236256409705,0.6263591805324057,-7.1313897758293e-18,0.15788735616411873,True
2005-02-22,0.7706557345002314,0.19724845954615797,0.6186450780296479,-7.132111970552887e-18,0.15201065647058354,True
2005-02-23,0.772069826490131,0.19763280144325643,0.6194835037710775,-7.13284018181375e-18,0.1525863227190535,True
2005-02-24,0.7857336635130754,0.2015546034079591,0.6273654265794146,-7.133583185999354e-18,0.1583682369336607,True
2005-02-25,0.7918779698295956,0.20330248258791525,0.6308872126565606,-7.13432966454936e-18,0.16099075717303504,True
2005-02-28,0.7799887792443843,0.19975897741470885,0.6241790183075789,-7.135086979291919e-18,0.1558097609368053,True
2005-03-01,0.7919693686288121,0.20318290377166295,0.6310547326125995,-7.135848621529323e-18,0.1609146360162126,True
2005-03-02,0.7913321805969901,0.20296497109147688,0.6307194674383666,-7.13661091136516e-18,0.16061271315862344,True
2005-03-03,0.7821159842858655,0.20022029398072144,0.6255204919851282,-7.137369034688035e-18,0.1565954923007373,True
2005-03-04,0.7885324866188808,0.20204914301856436,0.6292101734552383,-7.138131486942606e-18,0.15932231316364243,True
2005-03-07,0.8044224327761459,0.2065536414960946,0.6382660499850856,-7.138894020646439e-18,0.1661563827910603,True
2005-03-08,0.7930256198821912,0.20318686105590644,0.6318932334414143,-7.139652386504378e-18,0.16113238644077688,True
2005-03-09,0.7897246993848627,0.20219177329355725,0.6300488620025159,-7.140415082678904e-18,0.1596758373823468,True
2005-03-10,0.7882031162287835,0.20171569929114053,0.6292101734552383,-7.14117786032875e-18,0.15899294277354517,True
2005-03-11,0.7778391309269598,0.19862526154090565,0.6233406301098416,-7.14193930259738e-18,0.15449850081711813,True
2005-03-14,0.7827658892416053,0.2000269408272637,0.6261916230326743,-7.142702243072617e-18,0.15657426620893103,True
2005-03-15,0.773916421089881,0.1973801838592372,0.6211606556034774,-7.143470933855168e-18,0.15275576548640354,True
2005-03-16,0.7616327162039118,0.1936832274159583,0.6141172336239555,-7.14424679416724e-18,0.14751548257995628,True
2005-03-17,0.7641867617006383,0.19440363542448005,0.6156260770827734,-7.145021321272225e-18,0.1485606846178649,True
2005-03-18,0.758362377298397,0.19263882953353917,0.6122723365733616,-7.145794514650378e-18,0.1460900407250354,True
2005-03-21,0.7603344301778578,0.19318895625443513,0.6134462152074868,-7.146572045177964e-18,0.14688821497037105,True
2005-03-22,0.747324550055781,0.18924133045315022,0.6058998579229231,-7.147353914182348e-18,0.14142469213285785,True
2005-03-23,0.7509899099340986,0.19029570264763906,0.6080797573419021,-7.14814863188055e-18,0.14291015259219647,True
2005-03-24,0.7512350243851856,0.1903364020698327,0.6082476527348664,-7.148931807983184e-18,0.14298737165031927,True
2005-03-28,0.7531955915795983,0.19088512539874225,0.6094217566311467,-7.14971762310111e-18,0.14377383494845147,True
2005-03-29,0.7448484657368192,0.18834729555862748,0.6045582716142963,-7.150504092060757e-18,0.1402901941225229,True
2005-03-30,0.764149810260194,0.1939254948705629,0.6159616801502391,-7.15129064753199e-18,0.14818813010995488,True
2005-03-31,0.7594880037074262,0.19251040870422242,0.6132786577077556,-7.152074451713286e-18,0.14620934599967061,True
2005-04-01,0.7488036827950889,0.18927512237293917,0.6070737741007409,-7.152846989246041e-18,0.14172990869434798,True
2005-04-04,0.7561770049101069,0.19141455090114065,0.6114337231134691,-7.153621029473265e-18,0.14474328179663773,True
2005-04-05,0.7590046916876865,0.19221688349234775,0.6131111752954091,-7.154384082372788e-18,0.14589351639227735,True
2005-04-06,0.757238031624213,0.1916615339750617,0.6121046288988601,-7.155158572818998e-18,0.14513340272535294,True
2005-04-07,0.769824618330968,0.19529268222915538,0.6194835037710775,-7.155925764793908e-18,0.15034111455989058,True
2005-04-08,0.7610886094501026,0.1926657367494212,0.6144529117788061,-7.156692471139391e-18,0.1466356976712965,True
2005-04-11,0.7564420514146366,0.19125410846179403,0.6117694012683197,-7.157462667536903e-18,0.1446726501463169,True
2005-04-12,0.7615608119373358,0.1927264809759067,0.6147878766034988,-7.15822868646569e-18,0.146772935333837,True
2005-04-13,0.7442510488360722,0.18747028591279624,0.6047260919198753,-7.158997627940974e-18,0.13952495691619693,True
2005-04-14,0.7297384835607771,0.1830315732277166,0.5961733008698399,-7.159769492885804e-18,0.13356518269093723,True
2005-04-15,0.7069870334315081,0.17595420422683283,0.5825896925653778,-7.160540020429453e-18,0.12439734086613027,True
2005-04-18,0.7072255510049679,0.17599525117083464,0.5827572125214167,-7.161314040701349e-18,0.12446833848355125,True
2005-04-19,0.7137924675829691,0.1779373581665577,0.5867821216220673,-7.162113152421268e-18,0.1270103459609018,True
2005-04-20,0.7057343901317155,0.17544200043000602,0.5819189369547569,-7.16292230064792e-18,0.12381545317695847,True
2005-04-21,0.7309740980037432,0.18280679369595285,0.5973470668728877,-7.16372017058196e-18,0.1336270311308555,True
2005-04-22,0.716081544480617,0.1782235695125321,0.5884589355612344,-7.16452097213323e-18,0.1276226089193826,True
2005-04-25,0.7240718524007906,0.18057521693348874,0.5933224205780848,-7.165333519800902e-18,0.13074943182270582,True
2005-04-26,0.7148402837046202,0.17773489981828364,0.5877882174943061,-7.166138766810865e-18,0.12705206621031412,True
2005-04-27,0.7161847668581144,0.17810794729600066,0.5886265681483508,-7.16694979172155e-18,0.12755819870976357,True
2005-04-28,0.7064625096012426,0.17510525385083842,0.5827572125214167,-7.16775180751259e-18,0.12370529707982594,True
2005-04-29,0.7127393728622287,0.176958193061856,0.5866143013164882,-7.168551353191567e-18,0.12612507154574043,True
2005-05-02,0.7165646894883855,0.17807531211171257,0.5889622087595089,-7.169358384121064e-18,0.12760248072887664,True
2005-05-03,0.7215075700107029,0.17952235170494943,0.591980834269458,-7.170161238468342e-18,0.12952673574124482,True
2005-05-04,0.7334144610699053,0.18301038052471386,0.599192001467174,-7.170972149533653e-18,0.1342224596027313,True
2005-05-05,0.7342171234299357,0.18321853626798026,0.599694936772216,-7.17176750142671e-18,0.1345221866577198,True
2005-05-06,0.7369833182648721,0.18400864902467526,0.6013720135172307,-7.172549280997185e-18,0.13561130474764138,True
2005-05-09,0.741723320727385,0.1853796733579265,0.6042228938089859,-7.173346800180267e-18,0.13750042691839917,True
2005-05-10,0.7343460010481332,0.18313355550811197,0.5998626069030248,-7.174142984724217e-18,0.13448339414510835,True
2005-05-11,0.7393559661808479,0.1845858116784498,0.6028813450440516,-7.174946374870821e-18,0.1364746211367963,True
2005-05-12,0.7364994806334371,0.18370070678649397,0.601204005493189,-7.175744160587918e-18,0.13529547514024812,True
2005-05-13,0.7474166429454947,0.1868731142244928,0.6077445672550543,-7.176546306249457e-18,0.13967207569044038,True
2005-05-16,0.7541763490978676,0.18882446791110932,0.6117694012683197,-7.1773314545807e-18,0.14240694782954788,True
2005-05-17,0.7604002306353235,0.19061229879401248,0.6154585946704272,-7.178113840666222e-18,0.1449416359648963,True
2005-05-18,0.7746673625059493,0.19469447984737415,0.6238439033081162,-7.17891482703051e-18,0.15082345919783302,True
2005-05-19,0.7835923802405077,0.19723277826004046,0.6290422780622743,-7.179708780808228e-18,0.15455010217823337,True
2005-05-20,0.7879172710834041,0.19844605936746404,0.6315581935293366,-7.180507096059516e-18,0.15635907755406747,True
2005-05-23,0.7934236104203847,0.19999317752175097,0.6347443014516321,-7.181312053713833e-18,0.15867930896875257,True
2005-05-24,0.7968982161667192,0.2009558363726856,0.6367568686330349,-7.182122801055035e-18,0.16014134753368425,True
2005-05-25,0.7921422715120134,0.19954606833953703,0.6340733956662411,-7.18294418509049e-18,0.15806887584577234,True
2005-05-26,0.803234008549423,0.20266574854773395,0.6404459869477572,-7.18376224259006e-18,0.16278802160166572,True
2005-05-27,0.8037765612770871,0.2027866534467622,0.6407814022967602,-7.184579538109482e-18,0.16299515898032688,True
2005-05-31,0.7998841140782398,0.20163270663873392,0.6386013151593185,-7.185402628654302e-18,0.1612827989189213,True
2005-06-01,0.8089733103358018,0.20417656930066974,0.6437999151756317,-7.186224387787497e-18,0.16517339516017004,True
2005-06-02,0.8169372293142337,0.20639173763389507,0.6483281350182493,-7.187053370119296e-18,0.1686090942959845,True
2005-06-03,0.8001676371864125,0.20149631664388912,0.6389368055957065,-7.187882733259988e-18,0.16123083159070595,True
2005-06-06,0.8004142155058998,0.20153254576478744,0.6391047009886706,-7.188718467263493e-18,0.16130951451722916,True
2005-06-07,0.7909349818256082,0.19874803853456927,0.6337382055793933,-7.189554868929518e-18,0.1571967762462148,True
2005-06-08,0.7885473113701024,0.19802342868025716,0.6323964690959963,-7.190395647437086e-18,0.156150842274106,True
2005-06-09,0.7955063945046491,0.1999797457088105,0.6364212280218767,-7.19123652426903e-18,0.1590851664827724,True
2005-06-10,0.7837201627754709,0.1965071824733626,0.6297135217408979,-7.192071792111717e-18,0.1540066410345729,True
2005-06-13,0.7889069556350976,0.197963771249788,0.6327319595323845,-7.19291001096545e-18,0.15617499610271313,True
2005-06-14,0.7844811799734738,0.1966454413162153,0.6302165321333247,-7.193748327511595e-18,0.15426464784014907,True
2005-06-15,0.7879234865879636,0.19760194471254625,0.6322282733534922,-7.194593878375789e-18,0.15569521323447147,True
2005-06-16,0.7937095009280365,0.19922490339689952,0.6355828022804471,-7.195437530136174e-18,0.1581266986475894,True
2005-06-17,0.7938083031008527,0.1992190087719479,0.6356665998021589,-7.196266147570922e-18,0.15814170329869384,True
2005-06-20,0.7937607273778386,0.1991710122746162,0.6356665998021589,-7.197098001700149e-18,0.15809412757567978,True
2005-06-21,0.7931264576129924,0.19895376948701948,0.6353309591910008,-7.19793195117293e-18,0.15779549842199161,True
2005-06-22,0.7919068074999442,0.1985679100328239,0.6346595277939145,-7.19877456623639e-18,0.15724727970602972,True
2005-06-23,0.779567999548414,0.1949267918005798,0.6276093104060458,-7.199620707883068e-18,0.1519586891423682,True
2005-06-24,0.7673509649497924,0.1912960827493674,0.62055973126095,-7.200477805586387e-18,0.14679123368884242,True
2005-06-27,0.7624273684327119,0.18981605828372558,0.6177064106291807,-7.201335005325147e-18,0.14472095780353114,True
2005-06-28,0.7723855912543751,0.19265561190088287,0.6235811725478383,-7.202202308990197e-18,0.14880441870653685,True
2005-06-29,0.7700352585772976,0.19193525183899518,0.6222383472973582,-7.20308114916653e-18,0.14779691127993938,True
2005-06-30,0.7616523044955765,0.18943262750180442,0.617370507212175,-7.20395666651966e-18,0.14428179728340146,True
2005-07-01,0.7601790100570613,0.18896594139745015,0.616531067791047,-7.204831432669951e-18,0.14364794226601432,True
2005-07-05,0.7709706273409468,0.19204463608396363,0.6229098537818295,-7.20571488221394e-18,0.14806077355911726,True
2005-07-06,0.7657477813158309,0.19047979636497034,0.6198882998638636,-7.206611879364346e-18,0.1458594814519673,True
2005-07-07,0.7694246556242803,0.19151204736122138,0.6220705645354717,-7.207504126516682e-18,0.14735409108880862,True
2005-07-08,0.7897646294149088,0.19724415620651595,0.6339881714842133,-7.208385043665881e-18,0.15577645793069544,True
2005-07-11,0.7999209906125004,0.2000921452408732,0.6398630835776408,-7.209270359218118e-18,0.16005790703485961,True
2005-07-12,0.8051589444499733,0.2015435224048445,0.6428843746897591,-7.210155783502564e-18,0.16227456976021412,True
2005-07-13,0.8077615982890622,0.20224607846296114,0.6443949827021257,-7.211052761213379e-18,0.16336661558693658,True
2005-07-14,0.818939123145099,0.2053455958054871,0.6507735809744455,-7.211952712038635e-18,0.16816554217065352,True
2005-07-15,0.8224614270509583,0.2062994336785913,0.6527881004278595,-7.212854778490648e-18,0.16967332662309872,True
2005-07-18,0.8176273338800338,0.20489130785706383,0.6501026001016695,-7.213764399613403e-18,0.16752473377836433,True
2005-07-19,0.8309650001009449,0.2085637899810688,0.6576557903382726,-7.214674707997226e-18,0.17330920976267228,True
2005-07-20,0.8393240996523743,0.2108464595142072,0.6623555848557215,-7.215597155658724e-18,0.17696851479665274,True
2005-07-21,0.8395680411147758,0.21087586387685256,0.6625234051613006,-7.216521439273079e-18,0.17704463595347522,True
2005-07-22,0.8379969208294542,0.2103982286066678,0.661683853109095,-7.21745729606877e-18,0.1763130677203592,True
2005-07-25,0.8334083831641019,0.20907164293131264,0.6591663232632542,-7.218400434431947e-18,0.1742420599008477,True
2005-07-26,0.8378637088050149,0.2102726897518841,0.661683853109095,-7.219349997838819e-18,0.17617985569591987,True
2005-07-27,0.8468639753484579,0.21271894491694107,0.6667199640241676,-7.220312291347097e-18,0.18014401132429037,True
2005-07-28,0.8525778187024156,0.21425471592252943,0.6699090003544798,-7.221264971454756e-18,0.18266881834793583,True
2005-07-29,0.8424463169606055,0.2113804281538656,0.6643696537848255,-7.222214911684659e-18,0.17807666317577994,True
2005-08-01,0.8445067840391303,0.21191296621087782,0.665544846448189,-7.223169848994567e-18,0.1789619375909413,True
2005-08-02,0.8574864951256018,0.2154246447787902,0.6727627715105592,-7.224131505144613e-18,0.18472372361504258,True
2005-08-03,0.8568120440671287,0.21519870006156974,0.6724272059867862,-7.22510676288359e-18,0.1843848380803425,True
2005-08-04,0.8448175388874812,0.2118055598890284,0.6658804870593472,-7.226077278213886e-18,0.178937051828134,True
2005-08-05,0.8389964671731917,0.2101379723780919,0.6626914507290348,-7.227046490199096e-18,0.17630501644415683,True
2005-08-08,0.8301831357817435,0.20761626887974446,0.6578236106438516,-7.228032179050236e-18,0.17235952513789188,True
2005-08-09,0.8379182782646896,0.20972309427122413,0.6621874642006023,-7.229015420880266e-18,0.1757308140640873,True
2005-08-10,0.8276079866741219,0.20677339594018557,0.6564806727622939,-7.230000804513484e-18,0.17112731391182803,True
2005-08-11,0.8371218945443206,0.2093717732868014,0.6618521990263695,-7.230986035579875e-18,0.17526969551795116,True
2005-08-12,0.830435120101747,0.2074523517874093,0.6581594014297799,-7.231967957552781e-18,0.17227571867196712,True
2005-08-15,0.8375676817827861,0.20939229318027425,0.6621874642006023,-7.23295316972075e-18,0.17538021758218378,True
2005-08-16,0.8182293196189925,0.2038357442538342,0.6514449372841468,-7.23393679396058e-18,0.16678438233484572,True
2005-08-17,0.824998653502645,0.2056884846526121,0.6553059306232406,-7.234927728449036e-18,0.16969272287940446,True
2005-08-18,0.8189758672474116,0.20394620305919064,0.6519488487251942,-7.235913917986071e-18,0.16702701852221735,True
2005-08-19,0.8183238619473397,0.20372319888754792,0.6516123070654155,-7.236893063505174e-18,0.1667115548819242,True
2005-08-22,0.8188616855121779,0.20383520164651955,0.6519488487251942,-7.23787751069678e-18,0.16691283678698365,True
2005-08-23,0.8155402235081176,0.20285648535495118,0.6501026001016695,-7.238860368488232e-18,0.16543762340644808,True
2005-08-24,0.8086747058946965,0.20086370736914416,0.6462413064130355,-7.23984853039624e-18,0.16243339948166102,True
2005-08-25,0.8112697589818935,0.20155736390000284,0.6477523649497123,-7.240833954243166e-18,0.1635173940321811,True
2005-08-26,0.8073779118109106,0.2004116775310941,0.6455699501033342,-7.241820948855012e-18,0.16180796170757633,True
2005-08-29,0.8161441657327893,0.20283013378824583,0.6506055354067113,-7.242817273985368e-18,0.1655386303260779,True
2005-08-30,0.8119438356546659,0.2016000707350044,0.6482559009538345,-7.243818909598067e-18,0.16368793470083143,True
2005-08-31,0.8225080164881224,0.20450798636695783,0.654298558265456,-7.244818384135165e-18,0.16820945822266647,True
2005-09-01,0.8206676373929321,0.2039512020571873,0.6532914862572117,-7.245804484434419e-18,0.16737615113572044,True
2005-09-02,0.8161577731842777,0.2026375262770311,0.6507735809744455,-7.246772029361372e-18,0.16538419220983228,True
2005-09-06,0.8329635801802321,0.20723870001425318,0.6603412906644627,-7.247743154354246e-18,0.17262228951576944,True
2005-09-07,0.8350016481782655,0.2077663443135943,0.6615164082404412,-7.248723900575613e-18,0.17348523993782425,True
2005-09-08,0.8346432341009152,0.2076271201854794,0.6613486630222473,-7.249703341237284e-18,0.17329457107866794,True
2005-09-09,0.8411803279995447,0.20939489609747877,0.6650414606188368,-7.250680900442337e-18,0.17613886738070778,True
2005-09-12,0.8444332790684996,0.21025420162191502,0.6668876341549765,-7.251658303758136e-18,0.17754564491352315,True
2005-09-13,0.8413537785165702,0.20935868757240075,0.6652090556622607,-7.252641018553006e-18,0.1761447228543095,True
2005-09-14,0.827741195916093,0.20548138284887507,0.6576557903382726,-7.253620700709567e-18,0.1700854055778204,True
2005-09-15,0.8270883369165262,0.20525995171802375,0.6573202248144995,-7.254583532513194e-18,0.16976811210202672,True
2005-09-16,0.8341802857192785,0.20718737382771618,0.6613486630222473,-7.255549370921526e-18,0.17283162269703126,True
2005-09-19,0.824837416771175,0.20451610385857114,0.6561448819763658,-7.256530885493917e-18,0.16869253479480914,True
2005-09-20,0.820022063009741,0.20311966444029889,0.6534594567375608,-7.257521459567778e-18,0.16656260627218022,True
2005-09-21,0.8072284039150694,0.19943190393356355,0.6462413064130355,-7.258536648608933e-18,0.16098709750203397,True
2005-09-22,0.8112806018748592,0.20053383515970166,0.6485913913902226,-7.259499268828578e-18,0.16268921048463655,True
2005-09-23,0.8144615419823029,0.20138891534696246,0.6504380154506724,-7.260472963604747e-18,0.16402352653163052,True
2005-09-26,0.8147000595557627,0.20141710096170665,0.6506055354067113,-7.261449670116981e-18,0.16409452414905148,True
2005-09-27,0.8119911345526974,0.20061300544362756,0.6490951526564999,-7.262436593322295e-18,0.1628959818961976,True
2005-09-28,0.8122297272135426,0.20064148608879107,0.649262747699924,-7.263417886829934e-18,0.16296697951361858,True
2005-09-29,0.8274753367894435,0.204820310805673,0.6579915811242008,-7.264394124805817e-18,0.16948375566524276,True
2005-09-30,0.8351531726124428,0.206905264116034,0.6623555848557215,-7.265390961094777e-18,0.17279758775672122,True
2005-10-03,0.8380855543901287,0.20767735481176247,0.6640341633484372,-7.266391393906002e-18,0.1740513910416914,True
2005-10-04,0.8302283852182516,0.20543576210469297,0.6596697841799914,-7.267396289669711e-18,0.17055860103826012,True
2005-10-05,0.814074255814578,0.20080320589956113,0.6506055354067113,-7.26841574389621e-18,0.16346872040786672,True
2005-10-06,0.7990043865853385,0.1964435567982711,0.6420451229870937,-7.269422361793652e-18,0.1569592635982447,True
2005-10-07,0.8015678068573309,0.1971288637012087,0.6435556559120753,-7.27043546544225e-18,0.15801215094525556,True
2005-10-10,0.7953916982755775,0.1953260508524257,0.6400309789706049,-7.27145476895193e-18,0.1553607193049727,True
2005-10-11,0.7898257056300636,0.19369306658325575,0.6368419426402927,-7.272474215366345e-18,0.15298376298977087,True
2005-10-12,0.7767743288426894,0.1898696104756521,0.6292884895978419,-7.273501596627875e-18,0.1474858392448475,True
2005-10-13,0.7850115904748749,0.19216951719691924,0.6341562921393324,-7.274544997752525e-18,0.1508552983355424,True
2005-10-14,0.7930105783997979,0.19439146959941211,0.6388560866567814,-7.275602116139494e-18,0.15415449174301654,True
2005-10-17,0.796426892551571,0.19531800490207302,0.6408703808480404,-7.276670936707996e-18,0.15555651170353052,True
2005-10-18,0.7885373109011545,0.19301449331954032,0.6363381813740153,-7.277738470543206e-18,0.15219912952713918,True
2005-10-19,0.8103918583252252,0.1990354468788284,0.6490951526564999,-7.278827243316824e-18,0.1612967056687254,True
2005-10-20,0.7997843337293608,0.1959682846816232,0.643051969733183,-7.279912424020435e-18,0.1567323639961777,True
2005-10-21,0.8067015849902417,0.1978681823863794,0.6470810086400112,-7.280998633173011e-18,0.1596205763502305,True
2005-10-24,0.8244592292693499,0.20272561519260562,0.6573202248144995,-7.28208644907054e-18,0.16713900445485044,True
2005-10-25,0.8199582233584833,0.2014198090030731,0.6548023946191185,-7.283174427492948e-18,0.16515582873936488,True
2005-10-26,0.8139991059088434,0.19969821520037456,0.6514449372841468,-7.284283377473121e-18,0.16255416862469668,True
2005-10-27,0.791044844186149,0.19302675476291103,0.638352025040964,-7.285383246470643e-18,0.15269281914518495,True
2005-10-28,0.7993487493742466,0.1953201082385151,0.643219865126147,-7.286479523203723e-18,0.1561288842480995,True
2005-10-31,0.8152454453131734,0.19968650183090667,0.6524519342050061,-7.287585506716568e-18,0.16279351110816734,True
2005-11-01,0.8143046631816323,0.19937969386308713,0.6519488487251942,-7.288685874309408e-18,0.16235581445643812,True
2005-11-02,0.8292001162788906,0.20343786939674244,0.660509411319582,-7.289802894339691e-18,0.16869070495930857,True
2005-11-03,0.8466279659506173,0.20813788534231903,0.670412611445987,-7.290912853582825e-18,0.17621535450463036,True
2005-11-04,0.8507647773979171,0.2092258760779695,0.6727627715105592,-7.29202587504709e-18,0.1780020058873579,True
2005-11-07,0.8522032579484043,0.20957612908838247,0.6736017979510694,-7.293144275050129e-18,0.1786014599973349,True
2005-11-08,0.852437759353588,0.20959661165765384,0.6737696933440335,-7.29425184895613e-18,0.17866806600955457,True
2005-11-09,0.8529735934383303,0.2096992045500476,0.6741057093921168,-7.295369721994112e-18,0.17886788404621357,True
2005-11-10,0.8661704458316853,0.21321374157323364,0.6814910042357558,-7.296492108862921e-18,0.18467944159592953,True
2005-11-11,0.8694479166963476,0.21405622504867167,0.6833371777718955,-7.297613220660239e-18,0.18611073892445212,True
2005-11-14,0.8693776510131269,0.21399270273905666,0.6833371777718955,-7.298734504717273e-18,0.1860404732412314,True
2005-11-15,0.8635142116724351,0.21234812030644307,0.6801485919658935,-7.299858857380946e-18,0.1833656197065416,True
2005-11-16,0.8710338079520179,0.21433075410547897,0.684344475042295,-7.300992942585238e-18,0.18668933290972295,True
2005-11-17,0.8874456532815526,0.21864646433400464,0.6934087989029601,-7.302126334805862e-18,0.19403685437859244,True
2005-11-18,0.8916946664538152,0.2197342487650749,0.6957588087927621,-7.303259902972131e-18,0.19593585766105315,True
2005-11-21,0.8947171512255129,0.22049391652147474,0.697437462372863,-7.304393647111361e-18,0.19727968885264993,True
2005-11-22,0.8992978628768179,0.22166476050356654,0.6999552174808589,-7.305522639695337e-18,0.19934264539595906,True
2005-11-23,0.902335493004565,0.2224248616636706,0.7016336457988046,-7.306633542984255e-18,0.20070184720576037,True
2005-11-25,0.9050673332299921,0.22310282561873118,0.7031442538111712,-7.307750414110986e-18,0.20192307941882098,True
2005-11-28,0.8940557820068329,0.22010524305316814,0.6972694168051287,-7.308867455959445e-18,0.19678636520170426,True
2005-11-29,0.8877820924956954,0.21837521735637294,0.6939124850818523,-7.309978287776853e-18,0.19386960741384307,True
2005-11-30,0.8846239090172429,0.21748225485092126,0.6922339065891366,-7.311105822944237e-18,0.1923900024281062,True
2005-12-01,0.9082525063492668,0.22360941120702757,0.7051586981772002,-7.31222482834034e-18,0.20309380817206663,True
2005-12-02,0.9113052256853283,0.224367909787971,0.706837577019456,-7.313349808353946e-18,0.2044676486658723,True
2005-12-05,0.9015076754241206,0.22171084625683726,0.7016336457988046,-7.314479314590501e-18,0.19987402962531595,True
2005-12-06,0.9057897007227782,0.2227956111509709,0.7039837307759917,-7.315614219937638e-18,0.2018059699467864,True
2005-12-07,0.9032148424948717,0.22206690507188107,0.7026407178070491,-7.316755687974968e-18,0.20057412468782268,True
2005-12-08,0.893791527453529,0.21949922224433654,0.6976049823289018,-7.317896753464737e-18,0.1961865451246272,True
2005-12-09,0.8986699872007767,0.2207473898614282,0.7002909331794022,-7.319013313513405e-18,0.19837905402137454,True
2005-12-12,0.9032535515014977,0.2219143649845391,0.7028086132000131,-7.320129172608896e-18,0.20044493830148452,True
2005-12-13,0.9084740318939759,0.22324429804015863,0.7056623843560925,-7.321240263657875e-18,0.20281164753788333,True
2005-12-14,0.9040228641775085,0.2220190134589921,0.7033125997284456,-7.322352104363306e-18,0.20071026444906287,True
2005-12-15,0.9061287017066217,0.22253051290833448,0.704487416954884,-7.323456849721878e-18,0.20164128475173776,True
2005-12-16,0.8970147435539965,0.22005235960204764,0.6996245326371139,-7.324572805026416e-18,0.19739021091688258,True
2005-12-19,0.8764359044220389,0.2144097698967568,0.6885194838256535,-7.325686605150012e-18,0.1879164205963853,True
2005-12-20,0.8772835624669482,0.21459306187465366,0.6890245966648618,-7.326808714258241e-18,0.1882589658020864,True
2005-12-21,0.8827225276118476,0.21600214234187992,0.6920525705542492,-7.327938845452177e-18,0.19066995705759832,True
2005-12-22,0.890948642034632,0.21814128763039412,0.6965959580486463,-7.329070604884438e-18,0.1943526839859857,True
2005-12-23,0.8908750826475103,0.2180767297043527,0.6965959580486463,-7.330205447469231e-18,0.19427912459886398,True
2005-12-27,0.8796753448402059,0.21500805717898433,0.6905380579978602,-7.331338429615187e-18,0.18913728684234576,True
2005-12-28,0.8780724977126446,0.2145327906643626,0.6896971543727238,-7.33246635024125e-18,0.1883753433399208,True
2005-12-29,0.8697357299905077,0.21222695130061525,0.6851543675774072,-7.333590079803182e-18,0.18458136241310055,True
2005-12-30,0.8602324707406578,0.20958802409214078,0.679938046938223,-7.334728532341221e-18,0.18029442380243477,True
2006-01-03,0.8873527338749834,0.2166794058107445,0.6950816707544123,-7.335888409025029e-18,0.19227106312057107,True
2006-01-04,0.9005161550031796,0.22009528987797186,0.7023167908279582,-7.337058657884725e-18,0.19819936417522147,True
2006-01-05,0.9060300777860412,0.2214992831248447,0.7053450650668858,-7.338247144861636e-18,0.2006850127191554,True
2006-01-06,0.9296545712549045,0.2275267664933123,0.7181332727015495,-7.339438154065693e-18,0.211521298553355,True
2006-01-09,0.9349582871661345,0.2288496329919761,0.720993426285358,-7.340634307699615e-18,0.2139648608807765,True
2006-01-10,0.9358264298988248,0.22902566048957979,0.721498163687641,-7.341833569294887e-18,0.21432826621118378,True
2006-01-11,0.9462413058276681,0.23164334906252654,0.7270508007244486,-7.343050507356596e-18,0.21919050510321944,True
2006-01-12,0.9394235798183926,0.22982850439903613,0.7235172634715429,-7.34427201795511e-18,0.21590631634684973,True
2006-01-13,0.9386991225023245,0.22959223044666413,0.7231810972486894,-7.34549752046603e-18,0.2155180252536351,True
2006-01-17,0.929688533210279,0.227192910546302,0.7184698894487134,-7.346727599751555e-18,0.21121864376156563,True
2006-01-18,0.914085268735874,0.22302172695094483,0.710224393521981,-7.347961383492718e-18,0.20386087521389312,True
2006-01-19,0.9237111364340854,0.22547097097909335,0.7154410895980904,-7.349199748317853e-18,0.208270046835995,True
2006-01-20,0.883595427908036,0.21449113038267695,0.6940720457750763,-7.350436863638858e-18,0.18952338213295977,True
2006-01-23,0.8838243741891583,0.21450430448414232,0.6942402415175806,-7.351677103975314e-18,0.18958413267157773,True
2006-01-24,0.8892557385821654,0.21589635503167237,0.6972686659312782,-7.352916095017343e-18,0.1919870726508872,True
2006-01-25,0.8836468801456059,0.2143465256130539,0.6942402415175806,-7.354169300381989e-18,0.1894066386280253,True
2006-01-26,0.8924426572709377,0.21662174597341163,0.6991201706717562,-7.355426221348456e-18,0.19332248659918153,True
2006-01-27,0.9096022085964293,0.22104101678997973,0.7085428115338633,-7.356690654077167e-18,0.20105939706256595,True
2006-01-30,0.912009585798822,0.22162204952050252,0.7098881522117425,-7.357956763862125e-18,0.2021214335870795,True
2006-01-31,0.905998237588304,0.2199858370041507,0.7066914569681555,-7.359224551494063e-18,0.19930678062014845,True
2006-02-01,0.9105742680971247,0.22113421296029515,0.7092151439795702,-7.360500734448343e-18,0.20135912411755447,True
2006-02-02,0.888057345452857,0.2150276400976181,0.697100470188774,-7.36177480207213e-18,0.19095687526408303,True
2006-02-03,0.8723451241770309,0.21072581855122793,0.6885194838256535,-7.363049090230956e-18,0.1838256403513774,True
2006-02-06,0.8689348999396329,0.20975866030651966,0.6866682794347158,-7.364323598962992e-18,0.1822666205049171,True
2006-02-07,0.8634184810046306,0.20821742887550995,0.683639704846248,-7.365593944819486e-18,0.1797787761583825,True
2006-02-08,0.8774906682648539,0.2119028346970173,0.6915479082393513,-7.366874739757638e-18,0.18594276002550256,True
2006-02-09,0.8655576983496794,0.20861905244284118,0.6849858714853627,-7.3681586808417e-18,0.1805718268643167,True
2006-02-10,0.8730145383557621,0.21056046442672985,0.6891921917082857,-7.369444307528647e-18,0.18382234664747643,True
2006-02-13,0.8587014040387229,0.20661104037671357,0.6812842135773376,-7.370738346912235e-18,0.1774171904613852,True
2006-02-14,0.8709151479095145,0.20981622732693572,0.68818301725326,-7.372031735978264e-18,0.18273213065625454,True
2006-02-15,0.8786976996859182,0.21183623942454236,0.6925576833934574,-7.373332665554722e-18,0.18614001629246077,True
2006-02-16,0.8901687524519716,0.21480991929401255,0.6989516745797117,-7.374629435854525e-18,0.19121707787225986,True
2006-02-17,0.8799778389185692,0.21202713132171952,0.6933986621059788,-7.375925848836069e-18,0.18657917681259042,True
2006-02-21,0.8659117334453276,0.2081652166044974,0.6856590298923051,-7.377221611696006e-18,0.18025270355302245,True
2006-02-22,0.8811842875289787,0.21215090720197427,0.6942402415175806,-7.378522871669434e-18,0.18694404601139816,True
2006-02-23,0.8777583267062761,0.2111848830591194,0.6923890371266428,-7.379826410751422e-18,0.18536928957963322,True
2006-02-24,0.8810174065313294,0.21200167400677458,0.6942402415175806,-7.38113750140961e-18,0.18677716501374889,True
2006-02-27,0.8949250577200495,0.21559884471603097,0.7019802491681795,-7.382450289399774e-18,0.19294480855187,True
2006-02-28,0.8758079515385571,0.21038863939920935,0.6915479082393513,-7.383765654483492e-18,0.1842600432992057,True
2006-03-01,0.892684394503335,0.21476089019543204,0.7009706992762286,-7.385086235101724e-18,0.19171369522710646,True
2006-03-02,0.8935220212617713,0.21493187045341072,0.7014756619406666,-7.386401190730787e-18,0.19204635932110473,True
2006-03-03,0.8860847848857238,0.21290019429317994,0.6974371620233227,-7.387716380495004e-18,0.18864762286240117,True
2006-03-06,0.8750329918138986,0.2098811194529058,0.6913800879337723,-7.389033270286357e-18,0.1836529038801264,True
2006-03-07,0.8676974848218562,0.20785616576885818,0.6873412125795031,-7.390342478011726e-18,0.18035627224235304,True
2006-03-08,0.8682222837458604,0.20794718439253534,0.6876779044140519,-7.391656903172683e-18,0.18054437933180859,True
2006-03-09,0.8576186512481221,0.20502075709900378,0.6817890260670056,-7.392972442148779e-18,0.17582962518111647,True
2006-03-10,0.8587376326703811,0.20527267747762704,0.682462259561333,-7.394285281473127e-18,0.1762753731090481,True
2006-03-13,0.8622460683769527,0.20616488230686078,0.6844812091704648,-7.395602755251754e-18,0.17776485920648788,True
2006-03-14,0.8828257833017294,0.21151932392794054,0.6960910704715931,-7.396921050820735e-18,0.18673471283013635,True
2006-03-15,0.8933748210839917,0.21423770560667957,0.7019802491681795,-7.398235178491132e-18,0.19139457191581224,True
2006-03-16,0.882587172752459,0.21130615540134623,0.6960910704715931,-7.399556291915861e-18,0.1864961022808659,True
2006-03-17,0.8858179662578639,0.21211077443746745,0.697926431424286,-7.400875292218457e-18,0.18789153483357793,True
2006-03-20,0.8887812218495108,0.21284310600295997,0.6996102660339552,-7.402201869804293e-18,0.1891709558155557,True
2006-03-21,0.8752810524478236,0.2091664533606143,0.6922016190135666,-7.40353250377347e-18,0.1830794334342571,True
2006-03-22,0.8782213928171086,0.20989714662350126,0.6938852283610805,-7.404874247118515e-18,0.18433616445602816,True
2006-03-23,0.8745118625883321,0.20885578359262186,0.6918650022664028,-7.406216233627915e-18,0.18264686032192937,True
2006-03-24,0.8807698659281633,0.21046238158612482,0.6954009423156302,-7.407552585401954e-18,0.1853689236125331,True
2006-03-27,0.8809933977901689,0.2104717074041149,0.6955692131455196,-7.408885650871972e-18,0.18542418464464944,True
2006-03-28,0.8757620114584247,0.20902400105344165,0.6927067318527748,-7.410213664282872e-18,0.18305527960564993,True
2006-03-29,0.8992291337205138,0.21506097318184506,0.7058400411091127,-7.411544856222981e-18,0.1933890926114012,True
2006-03-30,0.903135273890483,0.21603210048992877,0.7080290636453749,-7.41286893455109e-18,0.19510621024510816,True
2006-03-31,0.8993607422228325,0.21498840327009056,0.7060086122885422,-7.414188248763835e-18,0.19335212993429027,True
2006-04-03,0.9008115161511692,0.21531818333938862,0.7068504169622991,-7.415516624119123e-18,0.19396109918887008,True
2006-04-04,0.9077881308032918,0.21708284724719384,0.7107228986713051,-7.416848768698078e-18,0.19706523213198662,True
2006-04-05,0.9200415962647821,0.220189266322165,0.7174583121973662,-7.418188510600246e-18,0.20258328406741594,True
2006-04-06,0.9236859843497393,0.22107886177514577,0.7194785382920438,-7.4195270226101e-18,0.20420744605769547,True
2006-04-07,0.9108163888850375,0.2176520831682747,0.7125753044604036,-7.420867248298456e-18,0.1982410844246338,True
2006-04-10,0.9088771885317767,0.21709452323619519,0.7115649286072171,-7.422210660793949e-18,0.19731225992455956,True
2006-04-11,0.898304700825641,0.21425320332803782,0.7058400411091127,-7.42355578918429e-18,0.19246465971652824,True
2006-04-12,0.8985278011029865,0.2142606924105383,0.7060086122885422,-7.424902634313908e-18,0.19251918881444433,True
2006-04-13,0.9036480741412428,0.21554542237829943,0.7088708683191318,-7.426252670116592e-18,0.19477720582211103,True
2006-04-17,0.8900485118630965,0.21188299050669113,0.7014623714735134,-7.427601478034024e-18,0.18858614038958305,True
2006-04-18,0.9143005605699817,0.218055496945861,0.714932297477015,-7.428950530931378e-18,0.19936826309296662,True
2006-04-19,0.9200905744435353,0.2194985839841634,0.7181319962160038,-7.43030572484001e-18,0.20195857822753147,True
2006-04-20,0.9153459264573841,0.21821227792275055,0.7156062067578078,-7.431662640264735e-18,0.1997397196995763,True
2006-04-21,0.8997897381101168,0.21405292942971768,0.7071871087968478,-7.433019803488075e-18,0.19260262931326896,True
2006-04-24,0.8984822836313021,0.21365853487163153,0.7065138753025204,-7.434383998590898e-18,0.1919684083287817,True
2006-04-25,0.8956467421389928,0.21286152452303103,0.7049980111732007,-7.435747559085265e-18,0.19064873096579205,True
2006-04-26,0.8952580089400681,0.21270786395642843,0.7048295901685412,-7.43712110696017e-18,0.190428418771527,True
2006-04-27,0.9073690381122314,0.21579324539481967,0.7115649286072171,-7.438495498764828e-18,0.19580410950501423,True
2006-04-28,0.8946807370670281,0.2123877934116852,0.7046614695134219,-7.439870144559276e-18,0.1900192675536062,True
2006-05-01,0.8821093297015293,0.2089890253961033,0.6977581605943968,-7.441242977768868e-18,0.1843511691071326,True
2006-05-02,0.8853480844833972,0.20979072717802344,0.6996102660339552,-7.442615178360024e-18,0.18573781844944204,True
2006-05-03,0.8834509703466489,0.20923750878144173,0.6985998901807687,-7.443997969052783e-18,0.18485108016588017,True
2006-05-04,0.8936394178598264,0.21184653578977797,0.7043250029410283,-7.445385447571014e-18,0.18931441491879805,True
2006-05-05,0.9035923878318145,0.2143789016686047,0.7098812441723182,-7.446765798376561e-18,0.1937111436594963,True
2006-05-08,0.9047314318270195,0.21462353023229483,0.7105547780161858,-7.448153201817103e-18,0.1941766538108337,True
2006-05-09,0.8997420258870564,0.21326258264948783,0.7078607177281004,-7.449542341445195e-18,0.191881308158956,True
2006-05-10,0.8883600158018076,0.21019543878851688,0.7016307924781728,-7.450947999170834e-18,0.18672922332363473,True
2006-05-11,0.8601167818527831,0.20246635843692382,0.6859720692005641,-7.452353035036388e-18,0.17414471265221898,True
2006-05-12,0.8437250758900207,0.1979486143605904,0.676710866216307,-7.453741479432371e-18,0.16701420967371358,True
2006-05-15,0.8427718691455102,0.19764098926565207,0.6762056032023288,-7.455133731793264e-18,0.1665662659431813,True
2006-05-16,0.8339146172947446,0.19517566757968272,0.6711547751597872,-7.456523285893951e-18,0.1627598421349574,True
2006-05-17,0.8181341430579471,0.19076642460040752,0.6620616177432642,-7.457916057856526e-18,0.15607252531468288,True
2006-05-18,0.8103032724320636,0.18855652666023623,0.6575153018408505,-7.459309089968996e-18,0.15278797059121305,True
2006-05-19,0.8188086986645055,0.19081620448935988,0.6625667305824725,-7.460702382279951e-18,0.15624196808203292,True
2006-05-22,0.8078148284464763,0.187724356951469,0.6561683092405003,-7.46209297431522e-18,0.15164651920597602,True
2006-05-23,0.7969133321124446,0.18464152638669173,0.6497700380732983,-7.463479383858923e-18,0.1471432940391464,True
2006-05-24,0.8042005247511133,0.18658576051581668,0.6541481582332079,-7.464874936004144e-18,0.15005236651790532,True
2006-05-25,0.8186307740875176,0.19043432298522928,0.6627353768492871,-7.46626778691695e-18,0.1558953972382306,True
2006-05-26,0.8222960422880558,0.19138039642642246,0.6649246997350894,-7.467659416281811e-18,0.15737134255296636,True
2006-05-30,0.7977512613228704,0.1844425393412122,0.6506119929218253,-7.469055750026727e-18,0.1471392684010452,True
2006-05-31,0.8027733155245776,0.18576912374732185,0.6536428201318445,-7.470447899036937e-18,0.14913049539273313,True
2006-06-01,0.8288009274505885,0.19264825711897293,0.6691338732786443,-7.471845643599789e-18,0.1596670541719442,True
2006-06-02,0.8258418476718129,0.19179417860041892,0.6674501888437453,-7.473241277559759e-18,0.15839165882806763,True
2006-06-05,0.8009813111353947,0.18478845620629408,0.6529692112005918,-7.474629758387492e-18,0.1480120999348029,True
2006-06-06,0.800067572689961,0.184488102949375,0.6524646239730789,-7.476024429426339e-18,0.1476029487168821,True
2006-06-07,0.7918045584339604,0.182145001580479,0.6475813158865762,-7.477429744015095e-18,0.1442232425473842,True
2006-06-08,0.7900558206173511,0.18161293319774174,0.646571465645085,-7.478833839118562e-18,0.14348435497226603,True
2006-06-09,0.7829789850250845,0.17959277502896773,0.6423616163150649,-7.480239088294227e-18,0.14061736871001948,True
2006-06-12,0.7619944740927249,0.17357244233395547,0.6297332321794727,-7.481648163555283e-18,0.13226124191325223,True
2006-06-13,0.7578180323080965,0.1723505627424344,0.6272076679834317,-7.483067895380811e-18,0.13061036432466477,True
2006-06-14,0.768155244917454,0.17515895271610943,0.6336059766943263,-7.484484927078006e-18,0.1345492682231278,True
2006-06-15,0.7962108317623553,0.18265334030779334,0.6507802637517146,-7.485898663187766e-18,0.14543056801064067,True
2006-06-16,0.7881537857780225,0.18036846712744478,0.6459956955765481,-7.487300783827435e-18,0.1421580902014744,True
2006-06-19,0.779418436457237,0.1778842575741976,0.6407721665483995,-7.48871059499261e-18,0.1386462699088375,True
2006-06-20,0.7807449412161322,0.17820217210189418,0.6416144968338517,-7.49012364339484e-18,0.13913044438228045,True
2006-06-21,0.7973688460333388,0.182656570404952,0.651724187269135,-7.491550333669322e-18,0.14564465876420388,True
2006-06-22,0.7835122180775912,0.17873909429882265,0.6434679538463409,-7.492972836336128e-18,0.14004426423125027,True
2006-06-23,0.7823345878922795,0.1783644691939852,0.6427938943907779,-7.494392635780894e-18,0.13954069350150158,True
2006-06-26,0.7850528146412743,0.17906334703919427,0.6444786300490676,-7.495830548030095e-18,0.14057418459220675,True
2006-06-27,0.7649196853643451,0.1733148597399445,0.6323477373831011,-7.49727319792863e-18,0.13257194798124394,True
2006-06-28,0.7725439364758785,0.17536667145213203,0.6370654777855763,-7.498733976113465e-18,0.13547845869030214,True
2006-06-29,0.8042205405965439,0.18375384047678853,0.6564419276716099,-7.500183136177176e-18,0.14777861292493397,True
2006-06-30,0.7987902345030959,0.18221242703188265,0.6532407271849202,-7.501631088131177e-18,0.14554950731817579,True
2006-07-03,0.8051884621636685,0.18389837588522534,0.6571156116902477,-7.503077831309347e-18,0.14807285047342084,True
2006-07-05,0.7811177472844202,0.1770845091851125,0.6427938943907779,-7.504532297060271e-18,0.1383238528936423,True
2006-07-06,0.7799461322173056,0.17671191121695923,0.6421203605469104,-7.505982577672488e-18,0.13782577167039525,True
2006-07-07,0.7682497687341588,0.1733891429413826,0.6350435997684276,-7.507433138557181e-18,0.1332061689657312,True
2006-07-10,0.7591296732576328,0.17078295257071427,0.6294832662746527,-7.508885469372676e-18,0.12964640698298013,True
2006-07-11,0.7667027265188435,0.1728201527332989,0.6342010442208202,-7.510338081145025e-18,0.13250168229802323,True
2006-07-12,0.7471806037057243,0.1672187838196342,0.622237971860433,-7.51180289508877e-18,0.12494263184529128,True
2006-07-13,0.730383293998177,0.16236954723859298,0.6117912892410609,-7.513270975671747e-18,0.11859200475711615,True
2006-07-14,0.7204694772941778,0.15949628566792065,0.6055572717286481,-7.514736361646304e-18,0.11491220556552964,True
2006-07-17,0.7227965592493174,0.1601042799822629,0.6070737365570484,-7.516202033429274e-18,0.115722822692269,True
2006-07-18,0.7259208803467615,0.160933675777433,0.6090957647489671,-7.51767544765448e-18,0.11682511559779445,True
2006-07-19,0.7383426523617885,0.16432425844873616,0.6170150435313646,-7.51916704992584e-18,0.12132760883042389,True
2006-07-20,0.7238202309677858,0.16012812497911635,0.6079162545609633,-7.520649996698084e-18,0.11590397640682247,True
2006-07-21,0.7137018281337763,0.15719213264842136,0.6015135156943509,-7.52212577509192e-18,0.11218831243942537,True
2006-07-24,0.7323068373940248,0.16226838706320684,0.6134765880547383,-7.523601843077995e-18,0.1188302493392865,True
2006-07-25,0.7378460350069419,0.1637617954732798,0.6170150435313646,-7.525078200713134e-18,0.12083099147557726,True
2006-07-26,0.7369873133918191,0.16347341539639362,0.6165094801678461,-7.526571271784704e-18,0.12047783322397297,True
2006-07-27,0.7305171203964207,0.16159986953652097,0.6124656490461641,-7.528055678833974e-18,0.11805147135025656,True
2006-07-28,0.7506722683875977,0.1670523341140367,0.6252707137987709,-7.529535897695651e-18,0.1254015545888268,True
2006-07-31,0.7503451302925689,0.16691349062070437,0.625102405425189,-7.531005949965141e-18,0.1252427248673799,True
2006-08-01,0.7335614459249358,0.16209313242312362,0.6146561733301271,-7.532480771946576e-18,0.11890527259480865,True
2006-08-02,0.7444232061803238,0.16503942935198554,0.6215640250359477,-7.533970828202681e-18,0.1228591811443761,True
2006-08-03,0.7505396861873307,0.1666805446370673,0.6254393225218928,-7.535455199881713e-18,0.12510036366543786,True
2006-08-04,0.7458992237555754,0.16533595348253843,0.6225752643940621,-7.536941359038951e-18,0.12332395936151333,True
2006-08-07,0.7393950333635593,0.16346277306958656,0.6185314708160724,-7.538420334289516e-18,0.12086356254748687,True
2006-08-08,0.7331918191538267,0.16167071525770838,0.6146561733301271,-7.539907078237127e-18,0.11853564582369952,True
2006-08-09,0.7344671260623992,0.1619794551472137,0.6154985411592718,-7.54139561145122e-18,0.11896858490312734,True
2006-08-10,0.7413331193139268,0.1638317030707622,0.6198792518339655,-7.542872468074672e-18,0.12145386747996118,True
2006-08-11,0.7343214711565562,0.1618132312134878,0.6154985411592718,-7.544343627514865e-18,0.11882292999728435,True
2006-08-14,0.7406525591102213,0.16351826896872507,0.6195423347372616,-7.545821061458123e-18,0.12111022437295971,True
2006-08-15,0.7654552450089585,0.17015142318573057,0.635211945685702,-7.547304773473353e-18,0.13024329932325637,True
2006-08-16,0.789615128830412,0.17655117839947468,0.6502076473533497,-7.548790274741778e-18,0.13940748147706225,True
2006-08-17,0.7934271136812334,0.17753410292590932,0.6525667428167422,-7.550267081676646e-18,0.14086037086449124,True
2006-08-18,0.795026996915134,0.17791795554681572,0.6535774190194689,-7.55175166789941e-18,0.1414495778956652,True
2006-08-21,0.7846802786753997,0.17502267274575317,0.6473434390507489,-7.553238044429602e-18,0.13733683962465087,True
2006-08-22,0.7848917336231017,0.1750305397004376,0.6475117098806381,-7.554723214823803e-18,0.1373800237424636,True
2006-08-23,0.77683160517429,0.17276119580667165,0.6426252481239634,-7.55621167521723e-18,0.13420635705032655,True
2006-08-24,0.7797839863010186,0.1735164592104349,0.6444786300490676,-7.557698929590138e-18,0.13530535625195103,True
2006-08-25,0.7816440921339709,0.17397392299070108,0.645658403042919,-7.559184977114722e-18,0.1359856890910519,True
2006-08-28,0.7895547558311685,0.1760613056658854,0.6505447146248237,-7.560674316581579e-18,0.1390100412063449,True
2006-08-29,0.7928089952491509,0.17689286230706264,0.6525667428167422,-7.562162449315652e-18,0.14024225243240873,True
2006-08-30,0.7977326516500548,0.17817147655254473,0.6555994472113877,-7.563643372778138e-18,0.14213320443866706,True
2006-08-31,0.796554505322873,0.17780235601631642,0.6549252375810547,-7.5651200841262e-18,0.14162926774181828,True
2006-09-01,0.8023241590476057,0.17930433922723382,0.6584639558635287,-7.56659258077699e-18,0.143860203184077,True
2006-09-05,0.8128582629636453,0.18206323601561977,0.6648666571864484,-7.568059358812266e-18,0.14799160577719686,True
2006-09-06,0.7905911999056728,0.17586289718370396,0.6515555410023204,-7.56951590989038e-18,0.13903565890335248,True
2006-09-07,0.7855545347582208,0.17443935080247044,0.64852291169506,-7.570966733750192e-18,0.13703162306316075,True
2006-09-08,0.7918241672617105,0.17608220557517437,0.6523980214625427,-7.572417835684574e-18,0.13942614579916776,True
2006-09-11,0.7983980040338247,0.1778011413417821,0.6564419276716099,-7.573860201043925e-18,0.14195607636221477,True
2006-09-12,0.8183358665238913,0.1830086235994734,0.6685733459492716,-7.575305846565101e-18,0.14976252057461972,True
2006-09-13,0.8258751371295898,0.18495831260087184,0.6731226653470873,-7.57674274988002e-18,0.15275247178250256,True
2006-09-14,0.8269385761098428,0.185191779859325,0.6737963493657251,-7.578179925750422e-18,0.15314222674411768,True
2006-09-15,0.8309240881259123,0.18619869779540912,0.6762071049500297,-7.579626395790471e-18,0.15471698317588264,True
2006-09-18,0.8311383301054703,0.1862057415204963,0.6763756010420742,-7.581074645851164e-18,0.15476272906339614,True
2006-09-19,0.8233919309197198,0.18407783287025034,0.671823728673167,-7.582520164199258e-18,0.1515682022465529,True
2006-09-20,0.8397198237406565,0.18829841926659194,0.6816019083034697,-7.58397047167914e-18,0.1581179154371868,True
2006-09-21,0.8325016862972314,0.1863228147553792,0.6773876288177316,-7.585418046978142e-18,0.15511405747949986,True
2006-09-22,0.8236146006636301,0.18388898693901834,0.672160946119411,-7.58685837333518e-18,0.15145365454421908,True
2006-09-25,0.8433254315564924,0.1889701122670094,0.683962130077638,-7.588300478546246e-18,0.15936330147885452,True
2006-09-26,0.8489827702095679,0.19040288176770304,0.6873340041905386,-7.589736835416798e-18,0.16164876601902936,True
2006-09-27,0.8474737134852787,0.18995555539732853,0.6864913735555461,-7.591168946508901e-18,0.16098233992973257,True
2006-09-28,0.8505604985647823,0.1907153193648359,0.6883455814418858,-7.592599821607945e-18,0.1622149171228965,True
2006-09-29,0.8453084567083962,0.18927665425147341,0.6853113002121545,-7.594027953410191e-18,0.1599971564962417,True
2006-10-02,0.8306164069754308,0.18528822332412076,0.6767129686630884,-7.595462380981475e-18,0.1539034383123424,True
2006-10-03,0.8353683865470745,0.1864921335965834,0.6795787538007751,-7.596897079500203e-18,0.15578963274629934,True
2006-10-04,0.8634676941361465,0.1936358386776021,0.6962694030110786,-7.59833657093985e-18,0.16719829112506793,True
2006-10-05,0.8691929524950721,0.1950681089384743,0.6996411269492092,-7.599782365560382e-18,0.16955182554586284,True
2006-10-06,0.866495924479633,0.1943140282896647,0.6981236108974184,-7.601229943211344e-18,0.16837231358221458,True
2006-10-09,0.8704882188153382,0.1952974861773062,0.7004840579337418,-7.60268081287769e-18,0.1700041608815964,True
2006-10-10,0.8724499227971757,0.19575434892568722,0.7016640561897485,-7.604131959475902e-18,0.1707858666074272,True
2006-10-11,0.8700385098156407,0.19507538601328966,0.7003154116669272,-7.605596961888928e-18,0.16972309814871342,True
2006-10-12,0.889176494495075,0.19988661985279613,0.711442010557896,-7.607071300892881e-18,0.17773448393717892,True
2006-10-13,0.8958788414870532,0.20154401427329863,0.7153198234712403,-7.608556491027039e-18,0.1805590180158129,True
2006-10-16,0.8969804256029272,0.20177304032814833,0.7159939580141882,-7.610041971126894e-18,0.1809864675887391,True
2006-10-17,0.8829647251551608,0.1980761046173239,0.7080705118819205,-7.611530761032106e-18,0.17489421327324026,True
2006-10-18,0.8770129987788284,0.19647885655573288,0.7046984875942499,-7.61302588308827e-18,0.17231451118457858,True
2006-10-19,0.8798569402972308,0.19715939850814668,0.7063848751750105,-7.614521298829114e-18,0.17347206512222035,True
2006-10-20,0.8827041565798839,0.19783938185427494,0.7080705118819205,-7.616020030016918e-18,0.17463364469796333,True
2006-10-23,0.8952362032592635,0.20097084895919778,0.7153198234712403,-7.617516033893743e-18,0.17991637978802313,True
2006-10-24,0.8865742835217131,0.1986789242897042,0.7104306585687039,-7.619018377270338e-18,0.1761436249530092,True
2006-10-25,0.8950180868675991,0.20077612512309115,0.7153198234712403,-7.620527063776637e-18,0.17969826339635875,True
2006-10-26,0.9064642765465839,0.20361492034640805,0.7218946250806868,-7.622034537127048e-18,0.18456965146589707,True
2006-10-27,0.8882072834300936,0.19882332598519145,0.7116109571742507,-7.623539283995909e-18,0.17659632625584284,True
2006-10-30,0.8960661001331371,0.20077042409347856,0.7161625291936178,-7.625041302793858e-18,0.17990357093951936,True
2006-10-31,0.8989396755168231,0.20144970692861694,0.717848541337453,-7.626537565910969e-18,0.18109113417937,True
2006-11-01,0.8816779848311809,0.19690575917294997,0.7080705118819205,-7.628032609403508e-18,0.17360747294926035,True
2006-11-02,0.8827684492291069,0.1971338890668922,0.7087448716870237,-7.629526432438862e-18,0.17402357754208322,True
2006-11-03,0.8794672730464999,0.19622891594083391,0.7068903634511439,-7.631020548014559e-18,0.17257690959535604,True
2006-11-06,0.8972033542745914,0.20065584551945181,0.717174256619735,-7.632521012547622e-18,0.18002909765485642,True
2006-11-07,0.9056914396395904,0.20274898279969583,0.7220634215222713,-7.634017228985666e-18,0.18362801811731908,True
2006-11-08,0.9115500507279003,0.20417434059823142,0.7254349201982468,-7.63551525345026e-18,0.18611513052965345,True
2006-11-09,0.9054974770765332,0.2025782072264767,0.7220634215222713,-7.637018116781545e-18,0.1834340555542618,True
2006-11-10,0.9113535263951422,0.20400272870210556,0.7254349201982468,-7.638521275914504e-18,0.1859186061968954,True
2006-11-13,0.9243891543253203,0.20720299485052887,0.7328529531417662,-7.64002321529305e-18,0.19153620118355408,True
2006-11-14,0.9381360836956126,0.2105538673403306,0.7406079031819893,-7.641522418313333e-18,0.1975281805136233,True
2006-11-15,0.9435075904712292,0.2118317674031556,0.743642710023416,-7.643024947797449e-18,0.19986488044781323,True
2006-11-16,0.9492011493461655,0.21318483095330867,0.746845862782117,-7.644526256211489e-18,0.20235528656404858,True
2006-11-17,0.9491074617685379,0.2131071634496823,0.746845862782117,-7.646029376331183e-18,0.2022615989864209,True
2006-11-20,0.9517636327038848,0.21370942067959844,0.7483627781348274,-7.647529757941439e-18,0.20340085456905732,True
2006-11-21,0.9535064122212479,0.21408566761447975,0.7493743553861747,-7.649024364509554e-18,0.20413205683507318,True
2006-11-22,0.9619911277437362,0.216110130815121,0.7540950992840516,-7.650520780731934e-18,0.2078960284596846,True
2006-11-24,0.9594311977371173,0.21542455969006172,0.7527461544116902,-7.652014453859907e-18,0.20668504332542703,True
2006-11-27,0.9282834571890808,0.2074415602729356,0.7357188884542231,-7.653503863879813e-18,0.19256456873485772,True
2006-11-28,0.9321079873669419,0.20834189879331055,0.7379108393985021,-7.654993563802755e-18,0.1941971479684398,True
2006-11-29,0.9410696352107054,0.21050651044334,0.7429683502183129,-7.656483553685157e-18,0.19810128499239255,True
2006-11-30,0.9400686930985855,0.21020392760300471,0.7424625615926392,-7.65797383358346e-18,0.19760613150594633,True
2006-12-01,0.928456055057836,0.20722601620054495,0.7360558055509269,-7.659459845132022e-18,0.19240024950690918,True
2006-12-04,0.9464166983292245,0.21158240404922296,0.7461715780643989,-7.660946145037579e-18,0.20024512026482552,True
2006-12-05,0.9511939941971108,0.21270663870477818,0.7488687169352711,-7.662426653245896e-18,0.20232527726183971,True
2006-12-06,0.946218710128066,0.21141743438638164,0.7461715780643989,-7.663901366283098e-18,0.20004713206366706,True
2006-12-07,0.9290937525353685,0.20704399992451297,0.7367304657055702,-7.665377883794189e-18,0.1923632868297983,True
2006-12-08,0.935019119810668,0.20846312243734763,0.7401021145563157,-7.66685012308495e-18,0.1949170052543523,True
2006-12-11,0.9397603445802389,0.20958595101108649,0.7427997790388833,-7.668319602668664e-18,0.19696056554135571,True
2006-12-12,0.9318008034186803,0.2075386716739152,0.7384161024124805,-7.669784799467301e-18,0.1933847010061999,True
2006-12-13,0.9341219727012586,0.20806391592433326,0.7397648971100717,-7.671247232588128e-18,0.194357075591187,True
2006-12-14,0.9488066164325625,0.21161375422022502,0.7480260863002789,-7.672712988773203e-18,0.20078053013228359,True
2006-12-15,0.9521903576443813,0.21239451261388012,0.7499503507168668,-7.67417902502241e-18,0.20224000692751457,True
2006-12-18,0.9386632244152853,0.2089568038900145,0.7425231571123718,-7.67563316016433e-18,0.19614006730291345,True
2006-12-19,0.9343384905765209,0.20782455780722364,0.7401600069301866,-7.677096708418972e-18,0.19417848364633425,True
2006-12-20,0.9294246788392528,0.2065418736939755,0.7374595642143722,-7.67856815193151e-18,0.1919651146248807,True
2006-12-21,0.9200189413949815,0.20411752773003602,0.732226949612633,-7.680041401031014e-18,0.18779199178234854,True
2006-12-22,0.906493186425851,0.20062172510788484,0.7246309595665533,-7.681514932795575e-18,0.18186222685929768,True
2006-12-26,0.9117370653817811,0.20188665306424977,0.7276695207772322,-7.682993319569046e-18,0.18406754460454886,True
2006-12-27,0.9181850181812659,0.203447069030349,0.7313829674047096,-7.684471990873299e-18,0.18680205077655626,True
2006-12-28,0.9118385894945058,0.2017907278164583,0.7278380168692767,-7.685949422031376e-18,0.18400057262522906,True
2006-12-29,0.9129416658882559,0.20201552306829362,0.7285132777230005,-7.687433237197209e-18,0.18442838816525536,True
2007-01-03,0.9152335300645662,0.2025380948768957,0.729863874517833,-7.688923440098925e-18,0.1853696555467333,True
2007-01-04,0.9395351913396863,0.20843334123226054,0.7437047322034643,-7.690423085274115e-18,0.19583045913622205,True
2007-01-05,0.9331004238768552,0.2067734747617388,0.7401600069301866,-7.691918445347579e-18,0.1929404169466687,True
2007-01-08,0.9339144508278552,0.20692241044076112,0.7406666215170957,-7.69341714845841e-18,0.19324782931075948,True
2007-01-09,0.9404448118424242,0.20848117994641335,0.7443797677950329,-7.69491614357845e-18,0.1960650440473913,True
2007-01-10,0.9560671252704773,0.21223414896773893,0.753157032582665,-7.696426118247137e-18,0.2029100926878124,True
2007-01-11,0.9700131616965266,0.21555547000005856,0.7609215187207891,-7.697937916176398e-18,0.2090916429757376,True
2007-01-12,0.9769994720911453,0.21719091566915208,0.7648040621393913,-7.699454593276733e-18,0.21219540995175404,True
2007-01-16,0.9759734094842379,0.21688678668147587,0.7642976728146373,-7.70096851378952e-18,0.21167573666960063,True
2007-01-17,0.9644405235706295,0.21399789718823947,0.75805227956339,-7.702482731979928e-18,0.2063882440072394,True
2007-01-18,0.938891626427466,0.20753119514149312,0.7440423250866337,-7.704004889287554e-18,0.1948493013408323,True
2007-01-19,0.9415127869577131,0.20812419858845604,0.7455611927113553,-7.705527347402459e-18,0.1959515942463578,True
2007-01-22,0.926932076920417,0.2044081949731816,0.7374595642143722,-7.70705622187615e-18,0.18947251270604476,True
2007-01-23,0.923555520313797,0.20351025268360173,0.7356025030074008,-7.708582341272307e-18,0.1879530173063961,True
2007-01-24,0.9449372406789871,0.20867125901508105,0.7477559969762662,-7.710113351411207e-18,0.1971812437027209,True
2007-01-25,0.9276120107892318,0.20426388839471224,0.7381343745437856,-7.71164007616751e-18,0.18947763624544625,True
2007-01-26,0.9227433537102223,0.20299213902897284,0.7354337065658162,-7.71317016348421e-18,0.18730964714440612,True
2007-01-29,0.9238469367760174,0.20321352720374822,0.7361087421573848,-7.714699023963728e-18,0.18773819461863267,True
2007-01-30,0.9243561026115775,0.20328687903999745,0.7364466353900943,-7.716228187485229e-18,0.18790946722148325,True
2007-01-31,0.9373809037171701,0.2064340112086621,0.743873603732434,-7.717757654108778e-18,0.1935072999847361,True
2007-02-01,0.9351870636271787,0.20583586158605927,0.7426920286413415,-7.719281298695808e-18,0.19249503498583717,True
2007-02-02,0.9398979888860417,0.2069429816498029,0.745392696619311,-7.720809838851113e-18,0.19450529226673077,True
2007-02-05,0.9386029955570651,0.20656839034609703,0.7447172855908173,-7.72234174556517e-18,0.1938857099662478,True
2007-02-06,0.9367091933926519,0.20604522999304392,0.7437047322034643,-7.72387242398324e-18,0.19300446118918763,True
2007-02-07,0.9486270331713385,0.20890277402164226,0.7504562144299254,-7.72540800345197e-18,0.19817081874141304,True
2007-02-08,0.9482315529200169,0.2087510002139137,0.7502872678135707,-7.726943888208538e-18,0.19794428510644618,True
2007-02-09,0.9309036394952662,0.2043573683752236,0.7406666215170957,-7.728481611326304e-18,0.19023701797817047,True
2007-02-12,0.9257339216767628,0.20301396584191822,0.7377970069227715,-7.730019640463166e-18,0.18793691475399132,True
2007-02-13,0.930112904254778,0.20404399276698001,0.7403289535465413,-7.731559509449186e-18,0.1897839507082367,True
2007-02-14,0.9521208809879126,0.20932351668083732,0.7528195898742658,-7.73310121926158e-18,0.19930129111364683,True
2007-02-15,0.9599022536618854,0.21116088159851856,0.7572084475302369,-7.734638633502788e-18,0.20269380613164853,True
2007-02-16,0.9552416922091171,0.20996292677886302,0.754676350731697,-7.736179422621545e-18,0.20056534147742008,True
2007-02-20,0.9654623292435336,0.21238215969130905,0.7604153546581902,-7.73772358865801e-18,0.20504697458534335,True
2007-02-21,0.9696405260674846,0.21333903218839081,0.7627783546656053,-7.739269598066272e-18,0.20686217140187932,True
2007-02-22,0.9765854165622311,0.21495735505395638,0.7666611984337477,-7.740815916369658e-18,0.20992421812848341,True
2007-02-23,0.9715664782401972,0.21368228848275805,0.763959929756698,-7.742365615452543e-18,0.20760654848349908,True
2007-02-26,0.9647278883701268,0.2119577529381271,0.7602463329544504,-7.743914088563913e-18,0.2044815554156764,True
2007-02-27,0.9082091610875779,0.19729989170405365,0.7290195919603694,-7.745464407895963e-18,0.17918956912720854,True
2007-02-28,0.9122314653967081,0.19824847623881467,0.7313829674047096,-7.746998132722256e-18,0.18084849799199837,True
2007-03-01,0.9062676424952059,0.1966972782667535,0.7280072638351717,-7.748533698388381e-18,0.1782603786600342,True
2007-03-02,0.8871532465197439,0.1917571482910016,0.7170352698700139,-7.750068030982882e-18,0.17011797664973002,True
2007-03-05,0.8775394685457413,0.18925007035393476,0.7114650623851052,-7.7515965165578e-18,0.16607440616063607,True
2007-03-06,0.8975517751279622,0.19416299103637874,0.7232804378591059,-7.753122227629935e-18,0.17427133726885635,True
2007-03-07,0.8925275715103571,0.19284168744743685,0.7204110485269369,-7.754652853913389e-18,0.17211652298342012,True
2007-03-08,0.9008519302190947,0.19486624696329224,0.7253062955076621,-7.756177627893527e-18,0.1755456347114326,True
2007-03-09,0.8996053196347172,0.19450125099217053,0.7246309595665533,-7.757699623913421e-18,0.17497436006816394,True
2007-03-12,0.9076743634914747,0.19645493001987357,0.7293572599309237,-7.759223457709402e-18,0.17831710356055094,True
2007-03-13,0.8830140990337089,0.19007107590922961,0.7151786591873528,-7.760747590829868e-18,0.16783543984635607,True
2007-03-14,0.9007700497181551,0.19441836067873772,0.7256438133034463,-7.762267403882117e-18,0.17512623641470879,True
2007-03-15,0.8977793831308688,0.19361522749524535,0.7239556236254446,-7.763781354040608e-18,0.1738237595054242,True
2007-03-16,0.896742245543077,0.19330331047134258,0.7233990008400947,-7.765289437754098e-18,0.17334324470298235,True
2007-03-19,0.9094360256785331,0.19639188085745538,0.7308301740759969,-7.766794733019208e-18,0.1786058516025362,True
2007-03-20,0.9184291876370789,0.1985595321958637,0.7360663177848334,-7.768303402069605e-18,0.1823628698522455,True
2007-03-21,0.9430776680739041,0.20446252301006002,0.7502536286650698,-7.769816988121939e-18,0.19282403940883436,True
2007-03-22,0.9382028923798372,0.20320941264526224,0.7475512336772443,-7.771330869083293e-18,0.1906516587025929,True
2007-03-23,0.9339416582322462,0.20210561287094292,0.7451868070095133,-7.772848128943166e-18,0.18875485122273283,True
2007-03-26,0.9392052716733227,0.20334010797835034,0.7482271703174334,-7.774367227297038e-18,0.1909781013558893,True
2007-03-27,0.9298715350495212,0.20097478700982815,0.7429908013464418,-7.775888164959579e-18,0.18688073370307948,True
2007-03-28,0.9158572856442502,0.19741607206836836,0.7350523377371647,-7.777406314577233e-18,0.1808049479070855,True
2007-03-29,0.9172420359910134,0.19770693909695794,0.7358969206441683,-7.778921674252544e-18,0.181345115346845,True
2007-03-30,0.9159842962188628,0.1973427518754995,0.7352214345282897,-7.780435785857476e-18,0.18076286169057307,True
2007-04-02,0.9176618307667619,0.1977058278926954,0.7362347387894926,-7.781947104628245e-18,0.1814270919772692,True
2007-04-03,0.9343237138212234,0.20170883262469244,0.7458623682127772,-7.783461805111615e-18,0.18846134560844618,True
2007-04-04,0.9395817531985879,0.2029407995132697,0.7489022809963868,-7.784976800420627e-18,0.1906794722022011,True
2007-04-05,0.9460486524012841,0.20446141580852467,0.7526182055075707,-7.786492090612668e-18,0.19343044689371336,True
2007-04-09,0.9426697308776433,0.2035808314827219,0.750760243251979,-7.788004585796599e-18,0.19190948762566432,True
2007-04-10,0.9494461831505207,0.20517328642811053,0.7546451894669026,-7.789514284375335e-18,0.19480099368361806,True
2007-04-11,0.9352709082212022,0.20161450624205554,0.7467067258576257,-7.791022730034033e-18,0.18856418236357653,True
2007-04-12,0.9455747250066442,0.20406268737536068,0.7526182055075707,-7.792533013677662e-18,0.19295651949907347,True
2007-04-13,0.9481764520725013,0.2046432938254997,0.7541384997926086,-7.79404359008859e-18,0.19403795227989273,True
2007-04-16,0.9603586537262421,0.2075215013679209,0.7610635840532971,-7.795549819905724e-18,0.19929506967294502,True
2007-04-17,0.9632826486837488,0.20817417907082547,0.762752074080839,-7.797054794036262e-18,0.2005305746029098,True
2007-04-18,0.9586603351922462,0.206998899517104,0.7602187007967532,-7.79855851178785e-18,0.19844163439549303,True
2007-04-19,0.9627863867749525,0.20794128043182414,0.7625833527266395,-7.800059424805248e-18,0.2002030340483131,True
2007-04-20,0.9702448164420261,0.20967754295910146,0.7668062672616577,-7.801559079022577e-18,0.20343854918036844,True
2007-04-23,0.9722750036207093,0.21011222149871553,0.7679881427022904,-7.803055925786255e-18,0.2042868609184189,True
2007-04-24,0.979167392376936,0.2117047403344369,0.7718730138298291,-7.804554608003376e-18,0.20729437854710692,True
2007-04-25,0.9976773857535826,0.21600324895743123,0.7821758290194523,-7.806052029504463e-18,0.21550155673413024,True
2007-04-26,1.004983759438641,0.21766982424589792,0.7862291211516502,-7.807545091890264e-18,0.21875463828699077,True
2007-04-27,1.0055055183303747,0.2177395844975456,0.7865671645591298,-7.809032243395434e-18,0.21893835377124501,True
2007-04-30,0.9865014598987576,0.21311421676735492,0.7762639739325817,-7.810518128720944e-18,0.21023748596617592,True
2007-05-01,0.9851837109920143,0.21274696830638634,0.7755888632536281,-7.81198260084052e-18,0.20959484773838616,True
2007-05-02,1.0003811635950839,0.2162652402331211,0.7840334909255039,-7.813456647592942e-18,0.21634767266958005,True
2007-05-03,1.0055329212874224,0.21742501815896342,0.786904907617069,-7.814930972483952e-18,0.21862801367035337,True
2007-05-04,1.0066741428167938,0.21764095699194294,0.787580618995103,-7.816404024949004e-18,0.21909352382169084,True
2007-05-07,1.006576795568165,0.21756529411096656,0.787580618995103,-7.817877355072755e-18,0.21899617657306208,True
2007-05-08,1.0095767053599896,0.218217268243222,0.7892696346343404,-7.81934475824889e-18,0.22030707072564915,True
2007-05-09,1.0125820295709305,0.21886963022506742,0.7909585751861927,-7.820820194170331e-18,0.22162345438473782,True
2007-05-10,0.9925872571663462,0.2140249238265443,0.7801488450601204,-7.822288149712696e-18,0.2124384121062258,True
2007-05-11,1.0105988479281054,0.21817255302470628,0.7901139171918038,-7.823753276634342e-18,0.22048493073630165,True
2007-05-14,1.0005720436528596,0.215739353933847,0.7847092773909228,-7.825217125757085e-18,0.21586276626193687,True
2007-05-15,0.9893788412057201,0.21301227712682239,0.7786290012993928,-7.82667659079671e-18,0.21074983990632723,True
2007-05-16,1.0030584065249726,0.2161681552767326,0.7862291211516502,-7.828133222291102e-18,0.21682928537332224,True
2007-05-17,0.9961728409597526,0.21448049528577606,0.7825131966404663,-7.829565273687925e-18,0.21365964431928636,True
2007-05-18,1.0077542993944717,0.21713894775650636,0.7889315912268609,-7.83101312182208e-18,0.21882270816761085,True
2007-05-21,1.0169411881328698,0.21922841007438712,0.7939987883193425,-7.832469006585083e-18,0.22294239981352726,True
2007-05-22,1.018085403016602,0.21944249765962168,0.7946741993478363,-7.83393293235174e-18,0.22341120366876568,True
2007-05-23,1.0111360935584035,0.21775260499045113,0.7909585751861927,-7.835417338323926e-18,0.22017751837221086,True
2007-05-24,0.9902712356189428,0.21269799345887652,0.7796425308227514,-7.836898916203726e-18,0.21062870479619147,True
2007-05-25,0.9990451433027742,0.2147096793287021,0.7845404809493383,-7.838380774231081e-18,0.21450466235343588,True
2007-05-29,1.0100181086430335,0.21722113161866208,0.7906208321282531,-7.839855136257898e-18,0.21939727651478053,True
2007-05-30,1.021682566522092,0.21987594019494505,0.7970391516272627,-7.841312664863642e-18,0.2246434148948295,True
2007-05-31,1.0284420046728946,0.22139073297180856,0.8007544754393662,-7.842776687700545e-18,0.2276875292335283,True
2007-06-01,1.0292811426488568,0.22153308548295855,0.8012613152884305,-7.844205193501863e-18,0.22801982736042645,True
2007-06-04,1.03356544219358,0.2224719552469587,0.8036261173930869,-7.845654192582084e-18,0.22993932480049323,True
2007-06-05,1.03346370333975,0.2223954118600567,0.8036261173930869,-7.847094119194809e-18,0.22983758594666318,True
2007-06-06,1.017357815846127,0.2185522831565688,0.7950119424057759,-7.848554550618144e-18,0.22234587344035112,True
2007-06-07,0.994585811812229,0.21305689834822789,0.7826824436063612,-7.850004353121312e-18,0.2119033682058678,True
2007-06-08,1.0119401702376547,0.21703891595287597,0.7923097726801053,-7.85145598086289e-18,0.21963039755754935,True
2007-06-11,1.0090604583504856,0.21631095339664377,0.7907896285698378,-7.852898530152172e-18,0.2182708297806479,True
2007-06-12,1.0003212624446547,0.21419175053226294,0.7860607001469908,-7.854328879574856e-18,0.2142605622976638,True
2007-06-13,1.0158863067120527,0.21775281928956808,0.7946741993478363,-7.855759489525479e-18,0.22121210736421634,True
2007-06-14,1.0254004556463823,0.21990458607933533,0.7999101928819028,-7.85716697972573e-18,0.22549026276447953,True
2007-06-15,1.0389383426991283,0.22296010670700436,0.8072965389489324,-7.858573163252592e-18,0.2316418037501959,True
2007-06-18,1.0391562632893376,0.2229601894917314,0.8074657859148274,-7.859954650465457e-18,0.23169047737451026,True
2007-06-19,1.0387421843334703,0.22281336877932778,0.8072965389489324,-7.861330142481695e-18,0.231445645384538,True
2007-06-20,1.0244938297108332,0.21942869346614632,0.7996904871932564,-7.862738630757238e-18,0.22480334251757675,True
2007-06-21,1.0377948151741359,0.22242927100866758,0.8069588709783779,-7.864173892541034e-18,0.23083594419575795,True
2007-06-22,1.0235613901152183,0.21904758048236156,0.7993527441353172,-7.865596933513257e-18,0.22420864597990114,True
2007-06-25,1.0172379893262982,0.21751635983873685,0.795972084798366,-7.867028035189456e-18,0.22126590452793224,True
2007-06-26,1.0087700315693908,0.2154724334275862,0.7914078980983111,-7.868476567293938e-18,0.2173621334710796,True
2007-06-27,1.0308730581765393,0.22048771643830042,0.803578211641427,-7.86993629465318e-18,0.22729484653511237,True
2007-06-28,1.0301485535113457,0.22026763470565724,0.8032401682339474,-7.871383800864569e-18,0.2269083852773983,True
2007-06-29,1.0325471021678578,0.22076928475031382,0.8045924169512506,-7.872833134983023e-18,0.2279546852166072,True
2007-07-02,1.0458915626286884,0.22376204698649693,0.8118607256489871,-7.874292108448937e-18,0.23403083697970128,True
2007-07-03,1.0546124236426457,0.2256927845400871,0.816594009140167,-7.875770100584776e-18,0.23801841450247868,True
2007-07-05,1.0655938247858492,0.2281208143741136,0.8225096936836748,-7.877274935246878e-18,0.24308413110217444,True
2007-07-06,1.0718621052475978,0.2294809904043656,0.8258901277584707,-7.878778494452744e-18,0.2459719774891271,True
2007-07-09,1.0727124569685436,0.2296187455098709,0.8263975683066153,-7.880276087654645e-18,0.24631488866192836,True
2007-07-10,1.0594739416863392,0.2265338526168495,0.8194672279289735,-7.881772401935479e-18,0.24000671375736576,True
2007-07-11,1.0698444381401524,0.22881777029747155,0.8250450192397716,-7.88327525570684e-18,0.2447994189003809,True
2007-07-12,1.0936967067534975,0.2340446457911598,0.8377228484184173,-7.884778396034239e-18,0.2559738583350803,True
2007-07-13,1.1045967870618674,0.23639999515042615,0.8434701119572656,-7.886284951924242e-18,0.26112667510460175,True
2007-07-16,1.1028484622702766,0.2359561110807096,0.8426246280016414,-7.887793360448926e-18,0.26022383426863516,True
2007-07-17,1.1151051780250365,0.23859395067608957,0.8490478281806788,-7.889292667190818e-18,0.26605734984435764,True
2007-07-18,1.1130169999813406,0.23807686888617424,0.8480333976087,-7.890798520257396e-18,0.2649836023726406,True
2007-07-19,1.1178093948185739,0.23907521507491125,0.850568873339567,-7.892306226421149e-18,0.26724052147900695,True
2007-07-20,1.1088235374672788,0.23702434712165096,0.8460053624259775,-7.893818918423987e-18,0.2628181750413012,True
2007-07-23,1.109356932218831,0.23708654431599752,0.846343330746072,-7.895330334089692e-18,0.26301360147275893,True
2007-07-24,1.085067071501842,0.23153593839249936,0.8338350488828618,-7.896851438412017e-18,0.2512320226189802,True
2007-07-25,1.0872057635264027,0.23195936884972004,0.8350182008090403,-7.898379103124805e-18,0.25218756271736237,True
2007-07-26,1.0735615960014584,0.22881091128253825,0.8279189889024285,-7.899894526270237e-18,0.24564260709902985,True
2007-07-27,1.0418227355335725,0.22137962063534494,0.8111844135718729,-7.901389863442445e-18,0.2306383219616996,True
2007-07-30,1.0592605631585055,0.2252610845738135,0.820650379855152,-7.902865103073583e-18,0.2386101833033534,True
2007-07-31,1.0268722107598982,0.21761536504295456,0.8034090397629171,-7.904345322185822e-18,0.22346317099698101,True
2007-08-01,1.0382461282607625,0.2201623281208929,0.8096634435003699,-7.905854048398021e-18,0.22858268476039265,True
2007-08-02,1.0518808206228536,0.22320016396401396,0.8171008489892312,-7.907341101825794e-18,0.2347799716336225,True
2007-08-03,1.0228208290891132,0.21633410444367823,0.8015498010217793,-7.908830003914016e-18,0.22127102806733379,True
2007-08-06,1.0397189103378968,0.22012888527938507,0.8108467456013185,-7.910305063418378e-18,0.22887216473657812,True
2007-08-07,1.0502299676188516,0.22246171379816845,0.816594009140167,-7.91178510665572e-18,0.23363595847868468,True
2007-08-08,1.0667728706240105,0.22612148031119494,0.8255526099626864,-7.913287403898898e-18,0.2412202606613241,True
2007-08-09,1.0308214773711075,0.2176610367841347,0.8064518058671588,-7.91479626678054e-18,0.2243696715039487,True
2007-08-10,1.0173924034227668,0.21447868158501984,0.7991834220820371,-7.91627872061858e-18,0.21820898134072966,True
2007-08-13,1.0271384743953609,0.21666607082858522,0.8045924169512506,-7.917665640072928e-18,0.2225460574441102,True
2007-08-14,1.0019913226460597,0.21067067602140557,0.7909011333366319,-7.919088934795576e-18,0.21109018930942772,True
2007-08-15,0.9748181672783308,0.20410056807418822,0.7758572255677845,-7.920503057819647e-18,0.19896094171054635,True
2007-08-16,0.9612862727408449,0.2008104201639193,0.7682499724139479,-7.921801140301203e-18,0.193036300326897,True
2007-08-17,0.9867124008446283,0.20667145284578525,0.7827871154211161,-7.922964261912189e-18,0.20392528542351215,True
2007-08-20,0.9932759911203541,0.20816968248616213,0.786506043427702,-7.924102401980498e-18,0.2067699476926521,True
2007-08-21,1.0080205363892922,0.21153520298609377,0.7947887076100323,-7.925030025094138e-18,0.21323182877926006,True
2007-08-22,1.0274700759760982,0.21593186409019066,0.8056065471736895,-7.926105564907253e-18,0.2218635288024087,True
2007-08-23,1.023376493019666,0.2149428433788754,0.8034090397629171,-7.927226857240285e-18,0.21996745325674885,True
2007-08-24,1.0439174064716188,0.21954154164963702,0.8147341696999488,-7.928393921206268e-18,0.22918323677166996,True
2007-08-27,1.0338476704077588,0.2171718834199627,0.809325024655965,-7.929677565912365e-18,0.22452264575179384,True
2007-08-28,0.9984499843260946,0.20871762527352594,0.7900558746431628,-7.931055819430071e-18,0.20839410968293165,True
2007-08-29,1.0389446403568319,0.2177585047973273,0.8127056089055312,-7.932399692771248e-18,0.22623903145130067,True
2007-08-30,1.0466173116234547,0.21945529378244524,0.8169316020233364,-7.933611587138735e-18,0.2296857096001183,True
2007-08-31,1.063355370171231,0.22315775337519936,0.8260593747243656,-7.934785887589978e-18,0.2372959954468654,True
2007-09-04,1.0887492683032154,0.22870110381610373,0.8397511088632947,-7.93604222869185e-18,0.24899815943992062,True
2007-09-05,1.072679620731121,0.2250250845191322,0.8312997984141498,-7.937390096247558e-18,0.2413798223169712,True
2007-09-06,1.0713173361336341,0.2246710585679769,0.8306233361622654,-7.938719294046797e-18,0.2406939999713687,True
2007-09-07,1.0424712300821763,0.21797250974540666,0.8152411597237832,-7.940029812739331e-18,0.22723007035839327,True
2007-09-10,1.0414544478878915,0.2176958182354878,0.8147341696999488,-7.94127123011697e-18,0.22672027818794274,True
2007-09-11,1.0640075589316629,0.2226807995826239,0.8270735049468044,-7.94249078244839e-18,0.2369340539848585,True
2007-09-12,1.0642322827220043,0.22268604780332593,0.8272426017379293,-7.94374834349195e-18,0.23698968098407494,True
2007-09-13,1.0716856540872275,0.22430631104959442,0.8312997984141498,-7.9449777331466e-18,0.2403858556730777,True
2007-09-14,1.0728569600061928,0.22452329071457355,0.8319755848795688,-7.946223076893616e-18,0.24088137512662403,True
2007-09-17,1.0598136458932907,0.22151878074341877,0.8250450192397716,-7.947446543022495e-18,0.23476862665351914,True
2007-09-18,1.098264700321646,0.22984325633192565,0.8458359652853125,-7.948704888728148e-18,0.25242873503633356,True
2007-09-19,1.1023355182304866,0.23069393702382257,0.8480333976087,-7.949922428412143e-18,0.2543021206217867,True
2007-09-20,1.097749117243929,0.22963516368687403,0.845667319018498,-7.95112438095172e-18,0.25208179822543114,True
2007-09-21,1.10906362875974,0.23206592626557987,0.8516877504641457,-7.95228234234397e-18,0.2573758782955943,True
2007-09-24,1.1163869589879054,0.23361915823994645,0.8555775773590975,-7.95342469397767e-18,0.26080938162880807,True
2007-09-25,1.1318331378951272,0.2369061567451801,0.8636948991195552,-7.954582990375832e-18,0.268138238775572,True
2007-09-26,1.1399037473059035,0.2385995554470426,0.867923219946297,-7.955747768617485e-18,0.27198052735960654,True
2007-09-27,1.148338438884777,0.24036282951222707,0.8723205624767784,-7.956892196619916e-18,0.27601787640799863,True
2007-09-28,1.1426334600311536,0.23908648603946425,0.8694452412411906,-7.958028895475035e-18,0.27318821878996313,True
2007-10-01,1.1619163859754678,0.24312673073548938,0.8794234536652572,-7.95919733624062e-18,0.2824929323102105,True
2007-10-02,1.1621426487215945,0.24312852083059183,0.8795926255437672,-7.960395953482614e-18,0.28255002317782735,True
2007-10-03,1.1500816145011563,0.24048473660447833,0.8735045403641924,-7.961612125056492e-18,0.27657707413696375,True
2007-10-04,1.1539344556720528,0.24126245021582376,0.8755334015081504,-7.962825323067478e-18,0.2784010541639023,True
2007-10-05,1.1885271744580934,0.24840484347409664,0.8932912677221204,-7.964037126060244e-18,0.29523590673597305,True
2007-10-08,1.1995313202780054,0.25064690028743314,0.898872513052631,-7.965260174582722e-18,0.30065880722537425,True
2007-10-09,1.2072099294729906,0.2521911534853761,0.9027622648601976,-7.966481830560926e-18,0.304447664612793,True
2007-10-10,1.2115160831668512,0.2530347218404993,0.9049604480574358,-7.967717899792722e-18,0.3065556351094154,True
2007-10-11,1.1824133647269646,0.24680710638546774,0.8905853436271979,-7.968962065248268e-18,0.2918280210997668,True
2007-10-12,1.211475866767589,0.2527307670971881,0.9052986416396853,-7.970228561041254e-18,0.30617722512790363,True
2007-10-15,1.1973845629137065,0.24972732223669072,0.8983649223297163,-7.971518978974625e-18,0.2990196405839903,True
2007-10-16,1.1888160975418385,0.24787624543949946,0.8941368267651298,-7.972834912218123e-18,0.2946792707767087,True
2007-10-17,1.2115756845325485,0.25251270103656015,0.9056374359210153,-7.974139989361493e-18,0.3059382486115331,True
2007-10-18,1.2192971024084214,0.25405644736208227,0.9095268122916568,-7.975370918147013e-18,0.30977029011676455,True
2007-10-19,1.1733664245355502,0.2441707295640398,0.8868646886107561,-7.976522916201724e-18,0.2865017359247941,True
2007-10-22,1.1942390413514632,0.24845938966383774,0.8975191380245519,-7.977706733494686e-18,0.2967199033269112,True
2007-10-23,1.2315184445646468,0.25596600763118194,0.9162915849852711,-7.978928715524622e-18,0.3152268595793757,True
2007-10-24,1.2173146481060861,0.2529802443827911,0.9093580909374571,-7.980150884731166e-18,0.307956557168629,True
2007-10-25,1.1926515862642146,0.24774250506189754,0.8971810946170724,-7.981325740290166e-18,0.29547049164714234,True
2007-10-26,1.222127660588661,0.25370818919334753,0.9120638648576098,-7.982535607901081e-18,0.31006379573105125,True
2007-10-29,1.2295259846116486,0.25517294389368594,0.9157842195245115,-7.98375199425224e-18,0.3137417650871372,True
2007-10-30,1.233180686355392,0.25587175121232175,0.9176445845764251,-7.98497490226257e-18,0.315536101778967,True
2007-10-31,1.259519395710703,0.2610933835583683,0.9306672150272042,-7.986194828953531e-18,0.3288521806834988,True
2007-11-01,1.2235138586378396,0.25358645454979684,0.9132473171333286,-7.987405434656446e-18,0.31026654150451105,True
2007-11-02,1.2377490170227645,0.25643204234964817,0.9203505086713476,-7.988579773407478e-18,0.3173985083514169,True
2007-11-05,1.2255944653903437,0.2538872389845302,0.9144316704576679,-7.989689298376007e-18,0.31116279493267573,True
2007-11-06,1.246329569829986,0.2580234410098444,0.9247473255901338,-7.990824341514046e-18,0.3215822442398522,True
2007-11-07,1.2002631476236747,0.2482859480243144,0.9022546741372829,-7.99197540077096e-18,0.2980084734863917,True
2007-11-08,1.145619903543638,0.2363459189325557,0.8748573146931911,-7.993040997457792e-18,0.27076258885044696,True
2007-11-09,1.0891101480583714,0.2235866438375609,0.845599665284571,-7.994081361515052e-18,0.2435104827738003,True
2007-11-12,1.0489982712210124,0.21437299571804477,0.824121369316314,-7.995086966218462e-18,0.22487690190469847,True
2007-11-13,1.1107426668561726,0.2274407877217205,0.8581144797502802,-7.996095870071093e-18,0.25262818710589247,True
2007-11-14,1.0899569600535655,0.22279345182782898,0.8471216865794646,-7.997162016153815e-18,0.24283527347410094,True
2007-11-15,1.081385602050532,0.22085565877485958,0.8425554725200135,-7.998214023794336e-18,0.23883012953051835,True
2007-11-16,1.0957008275492848,0.22393549020789769,0.8503345256108366,-7.999226496143288e-18,0.24536630193844824,True
2007-11-19,1.0773206311966925,0.21979957838242162,0.8405260106769752,-8.000270839590399e-18,0.23679462051971734,True
2007-11-20,1.083485606110566,0.22111732080037522,0.843908171761627,-8.001310557358757e-18,0.239577434348939,True
2007-11-21,1.0649354308578787,0.2169192744483273,0.8339304098618707,-8.002313896328917e-18,0.23100502099600786,True
2007-11-23,1.0812736560996488,0.2204622193952875,0.8428936661022632,-8.003279254818584e-18,0.23837998999738544,True
2007-11-26,1.0543146683841105,0.2143246801012879,0.8283490143565905,-8.004276488854286e-18,0.22596565402751992,True
2007-11-27,1.0843813977245502,0.22082497499853837,0.8449229026831463,-8.005246848584754e-18,0.2394584950414039,True
2007-11-28,1.1318708829900255,0.23080511452324184,0.8706292942159898,-8.006223679316545e-18,0.2612415887740357,True
2007-11-29,1.138862176510308,0.23226041585235438,0.8743495737955065,-8.007164092903696e-18,0.26451260271480154,True
2007-11-30,1.126198409590752,0.22948366296727893,0.8677542733299423,-8.00808078609146e-18,0.2584441362608097,True
2007-12-03,1.1123502837019212,0.2264287402352671,0.8604822102629534,-8.009056373689822e-18,0.251868073438968,True
2007-12-04,1.105602509529206,0.22491996952830304,0.8569304267754815,-8.009997120006158e-18,0.24867208275372435,True
2007-12-05,1.1343145796086362,0.23097121542971932,0.8723205624767784,-8.010944333957364e-18,0.2619940171318578,True
2007-12-06,1.1580263076769217,0.23591068592189662,0.8848355271172579,-8.011891659920379e-18,0.2731907805596639,True
2007-12-07,1.1582669838448976,0.2359235944066911,0.8850044737336126,-8.01283273927034e-18,0.27326251011128505,True
2007-12-10,1.1650250707139764,0.23730743723223052,0.8885559568715446,-8.013793007314774e-18,0.2764691138424319,True
2007-12-11,1.125050972548018,0.22854764706293926,0.867923219946297,-8.014737490071163e-18,0.257127752601721,True
2007-12-12,1.139670119854281,0.23161697509652304,0.8757031740857406,-8.015650279582245e-18,0.2639669457685404,True
2007-12-13,1.1305760657540331,0.2296247775536525,0.8709677881477796,-8.01654408818649e-18,0.25960827760625343,True
2007-12-14,1.1135213425478114,0.22587542903710886,0.862004231557847,-8.01742845296172e-18,0.2515171109899644,True
2007-12-17,1.0741175969344015,0.2170008635218894,0.8410331508755796,-8.018317687610042e-18,0.23308444605882186,True
2007-12-18,1.0790014568596271,0.21803740925742934,0.843738774620962,-8.019249976156074e-18,0.235262682238665,True
2007-12-19,1.0786228956521207,0.21791918016082293,0.8435702785289176,-8.020195102055224e-18,0.235052617123203,True
2007-12-20,1.1102240548320437,0.2246426294776783,0.8608204038452033,-8.021097374016347e-18,0.24940365098684036,True
2007-12-21,1.141888304923822,0.2312728081834536,0.877800590012246,-8.021990198566726e-18,0.26408771491157607,True
2007-12-24,1.15436466082247,0.23386153096194603,0.8844031739541596,-8.02291336413581e-18,0.2699614868683104,True
2007-12-26,1.1627098791871036,0.23557448618521445,0.8888050968151289,-8.023932146800404e-18,0.2739047823719747,True
2007-12-27,1.1420974717643289,0.23111701854165861,0.878139309206191,-8.024959019038824e-18,0.2639581625581378,True
2007-12-28,1.140404304507994,0.23071789506187676,0.877292623852406,-8.025938255124786e-18,0.2631116806555879,True
2007-12-31,1.121024121605998,0.22647946540350902,0.8671351778402333,-8.026919203109447e-18,0.2538889437657647,True
2008-01-02,1.0951843017331502,0.2207502952279271,0.8534220437965662,-8.027919382757852e-18,0.2417622579365841,True
2008-01-03,1.1016837445607037,0.22212042654267364,0.8569772813037503,-8.028929244069592e-18,0.24470646325695342,True
2008-01-04,1.0318267055962969,0.20588078154466663,0.8193934170294727,-8.029932860255486e-18,0.21243328856682425,True
2008-01-07,1.0248360854688234,0.20426337239086037,0.8154996105031135,-8.030925449181528e-18,0.2093364749657099,True
2008-01-08,0.9873109460561762,0.19545310298585356,0.7943379580375979,-8.031934095163286e-18,0.19297298801857832,True
2008-01-09,1.016517837425353,0.20191524903573155,0.8112673851323495,-8.032941274227974e-18,0.20525045229300343,True
2008-01-10,1.0185368304699187,0.20233386280108226,0.8124523391557691,-8.033932641153377e-18,0.20608449131414971,True
2008-01-11,0.9904494306399274,0.19578077961120113,0.7965384689437721,-8.034930506632989e-18,0.19391096169615527,True
2008-01-14,1.0144092224230101,0.20109103231986125,0.8104206246911794,-8.035890234440462e-18,0.20398859773183084,True
2008-01-15,0.9751234532686481,0.19182167127283406,0.7880736427653188,-8.036873993237278e-18,0.1870498105033294,True
2008-01-16,0.960573035269883,0.1883918629308481,0.7796088916742505,-8.037857872466472e-18,0.1809641435956325,True
2008-01-17,0.9421377461347762,0.18401103190253465,0.7687740072741878,-8.038827518800825e-18,0.1733637388605884,True
2008-01-18,0.9403838739665082,0.18356966124763494,0.7677579247797377,-8.039778142061117e-18,0.17262594918677054,True
2008-01-22,0.9071732434159498,0.17551528472429548,0.7479504733035368,-8.040668260343246e-18,0.15922277011241304,True
2008-01-23,0.9024191965919615,0.17436112103054605,0.7450723738347024,-8.041379795675545e-18,0.1573468227572591,True
2008-01-24,0.9272694434309621,0.18005598447440738,0.7603090309209644,-8.042053101648772e-18,0.16696041250999769,True
2008-01-25,0.9013926845119684,0.17379640116990092,0.7447338799029124,-8.042787098543625e-18,0.15665880460905598,True
2008-01-28,0.9107424551105434,0.17595819831707096,0.7504898535784263,-8.043495629797152e-18,0.1602526015321171,True
2008-01-29,0.9129255810514278,0.17644499660228882,0.7518444300046662,-8.044202627500709e-18,0.16108115104676174,True
2008-01-30,0.9117742903562829,0.1761480065306111,0.7511670667041611,-8.04490649520626e-18,0.16060722365212182,True
2008-01-31,0.9328596376502172,0.1809765799756372,0.7640338908309687,-8.0455896738072e-18,0.16882574681924847,True
2008-02-01,0.9457696827333231,0.18392274299155031,0.771821128446762,-8.046186707645628e-18,0.17394855428656106,True
2008-02-04,0.9275674490234251,0.1795889935579,0.7609865443962395,-8.046841258533207e-18,0.16658090462718564,True
2008-02-05,0.8916263426302753,0.17082269811495387,0.7393163250718033,-8.047534180999275e-18,0.15231001755847196,True
2008-02-06,0.8680332916832959,0.1650587449031614,0.7247568060238913,-8.048219179438354e-18,0.14327648565940462,True
2008-02-07,0.8760903675811393,0.16694022823683036,0.7298356416610553,-8.048870701931173e-18,0.146254725920084,True
2008-02-08,0.889338072887415,0.17002153777215837,0.7381314461357689,-8.049541441125872e-18,0.15120662675164614,True
2008-02-11,0.9021478724457912,0.17298684753652344,0.7460881559796121,-8.050231401848242e-18,0.15605971646617908,True
2008-02-12,0.8952208811421614,0.17131537471781674,0.741855780434078,-8.050931005309776e-18,0.15336510070808346,True
2008-02-13,0.9213519818503807,0.0,0.9213519818503807,0.0,0.0,False
2008-02-14,0.904686445857011,0.0,0.904686445857011,0.0,0.0,False
2008-02-15,0.9016000766348288,0.0,0.9016000766348288,0.0,0.0,False
2008-02-19,0.899954183394201,0.0,0.899954183394201,0.0,0.0,False
2008-02-20,0.9040690990077733,0.0,0.9040690990077733,0.0,0.0,False
2008-02-21,0.895427611958469,0.0,0.895427611958469,0.0,0.0,False
2008-02-22,0.8987198547197316,0.0,0.8987198547197316,0.0,0.0,False
2008-02-25,0.9032459698754566,0.0,0.9032459698754566,0.0,0.0,False
2008-02-26,0.9067438124077956,0.0,0.9067438124077956,0.0,0.0,False
2008-02-27,0.9112702013315249,0.0,0.9112702013315249,0.0,0.0,False
2008-02-28,0.9077729063351939,0.0,0.9077729063351939,0.0,0.0,False
2008-02-29,0.8836994819189784,0.0,0.8836994819189784,0.0,0.0,False
2008-03-03,0.8779390380887837,0.0,0.8779390380887837,0.0,0.0,False
2008-03-04,0.8828766265546659,0.0,0.8828766265546659,0.0,0.0,False
2008-03-05,0.887197963243327,0.0,0.887197963243327,0.0,0.0,False
2008-03-06,0.8676511102628436,0.0,0.8676511102628436,0.0,0.0,False
2008-03-07,0.8655932874320518,0.0,0.8655932874320518,0.0,0.0,False
2008-03-10,0.8489279339506846,0.0,0.8489279339506846,0.0,0.0,False
2008-03-11,0.8812308245700394,0.0,0.8812308245700394,0.0,0.0,False
2008-03-12,0.8787618934530964,0.0,0.8787618934530964,0.0,0.0,False
2008-03-13,0.8855518874906964,0.0,0.8855518874906964,0.0,0.0,False
2008-03-14,0.8692971860154739,0.0,0.8692971860154739,0.0,0.0,False
2008-03-17,0.853454596642418,0.0,0.853454596642418,0.0,0.0,False
2008-03-18,0.8915183873719744,0.0,0.8915183873719744,0.0,0.0,False
2008-03-19,0.8695028770425518,0.0,0.8695028770425518,0.0,0.0,False
2008-03-20,0.8872730669324508,0.0,0.8872730669324508,0.0,0.0,False
2008-03-24,0.917954338407541,0.0,0.917954338407541,0.0,0.0,False
2008-03-25,0.9231018156765636,0.0,0.9231018156765636,0.0,0.0,False
2008-03-26,0.9204250946445114,0.0,0.9204250946445114,0.0,0.0,False
2008-03-27,0.9000394164994763,0.0,0.9000394164994763,0.0,0.0,False
2008-03-28,0.8955094685916938,0.0,0.8955094685916938,0.0,0.0,False
2008-03-31,0.9002456550625623,0.0,0.9002456550625623,0.0,0.0,False
2008-04-01,0.9387514898627332,0.0,0.9387514898627332,0.0,0.0,False
2008-04-02,0.9366921156799183,0.0,0.9366921156799183,0.0,0.0,False
2008-04-03,0.9387514898627332,0.0,0.9387514898627332,0.0,0.0,False
2008-04-04,0.9443106229539155,0.0,0.9443106229539155,0.0,0.0,False
2008-04-07,0.9422515225391047,0.0,0.9422515225391047,0.0,0.0,False
2008-04-08,0.9350450361112727,0.0,0.9350450361112727,0.0,0.0,False
2008-04-09,0.924542839194126,0.0,0.924542839194126,0.0,0.0,False
2008-04-10,0.9377217571433248,0.0,0.9377217571433248,0.0,0.0,False
2008-04-11,0.911776580883102,0.0,0.911776580883102,0.0,0.0,False
2008-04-14,0.9076587450774859,0.0,0.9076587450774859,0.0,0.0,False
2008-04-15,0.9088936212879635,0.0,0.9088936212879635,0.0,0.0,False
2008-04-16,0.934220903162941,0.0,0.934220903162941,0.0,0.0,False
2008-04-17,0.9321618940041317,0.0,0.9321618940041317,0.0,0.0,False
2008-04-18,0.9618133415038124,0.0,0.9618133415038124,0.0,0.0,False
2008-04-21,0.968608445877489,0.0,0.968608445877489,0.0,0.0,False
2008-04-22,0.9541946517178123,0.0,0.9541946517178123,0.0,0.0,False
2008-04-23,0.9646959360749453,0.0,0.9646959360749453,0.0,0.0,False
2008-04-24,0.9733443585803532,0.0,0.9733443585803532,0.0,0.0,False
2008-04-25,0.9708734198313802,0.0,0.9708734198313802,0.0,0.0,False
2008-04-28,0.9727263729391062,0.0,0.9727263729391062,0.0,0.0,False
2008-04-29,0.9801391891860258,0.0,0.9801391891860258,0.0,0.0,False
2008-04-30,0.9721088435778661,0.0,0.9721088435778661,0.0,0.0,False
2008-05-01,1.0027895675169483,0.0,1.0027895675169483,0.0,0.0,False
2008-05-02,1.0042305910345104,0.0,1.0042305910345104,0.0,0.0,False
2008-05-05,1.0013482702313816,0.0,1.0013482702313816,0.0,0.0,False
2008-05-06,1.0075257539878166,0.0,1.0075257539878166,0.0,0.0,False
2008-05-07,0.9891993587695951,0.0,0.9891993587695951,0.0,0.0,False
2008-05-08,0.9966121750165144,0.0,0.9966121750165144,0.0,0.0,False
2008-05-09,0.9926996652139708,0.0,0.9926996652139708,0.0,0.0,False
2008-05-12,1.0108200956371105,0.0,1.0108200956371105,0.0,0.0,False
2008-05-13,1.0134973642051712,0.0,1.0134973642051712,0.0,0.0,False
2008-05-14,1.011231660203269,0.0,1.011231660203269,0.0,0.0,False
2008-05-15,1.028940708572253,0.0,1.028940708572253,0.0,0.0,False
2008-05-16,1.0297642027285752,0.0,1.0297642027285752,0.0,0.0,False
2008-05-19,1.0223511127136515,0.0,1.0223511127136515,0.0,0.0,False
2008-05-20,1.0145265493885713,0.0,1.0145265493885713,0.0,0.0,False
2008-05-21,0.992082227108732,0.0,0.992082227108732,0.0,0.0,False
2008-05-22,0.9955828073211118,0.0,0.9955828073211118,0.0,0.0,False
2008-05-23,0.9924940654428944,0.0,0.9924940654428944,0.0,0.0,False
2008-05-27,1.0099965102247872,0.0,1.0099965102247872,0.0,0.0,False
2008-05-28,1.014114619798407,0.0,1.014114619798407,0.0,0.0,False
2008-05-29,1.0231745156139722,0.0,1.0231745156139722,0.0,0.0,False
2008-05-30,1.0297642027285752,0.0,1.0297642027285752,0.0,0.0,False
2008-06-02,1.0172034529326262,0.0,1.0172034529326262,0.0,0.0,False
2008-06-03,1.0116436810494343,0.0,1.0116436810494343,0.0,0.0,False
2008-06-04,1.02461590415554,0.0,1.02461590415554,0.0,0.0,False
2008-06-05,1.0408831989589509,0.0,1.0408831989589509,0.0,0.0,False
2008-06-06,1.0095849456586288,0.0,1.0095849456586288,0.0,0.0,False
2008-06-09,1.0042305910345104,0.0,1.0042305910345104,0.0,0.0,False
2008-06-10,0.9994953171236556,0.0,0.9994953171236556,0.0,0.0,False
2008-06-11,0.9754030939711589,0.0,0.9754030939711589,0.0,0.0,False
2008-06-12,0.9764331004585708,0.0,0.9764331004585708,0.0,0.0,False
2008-06-13,0.995994828167277,0.0,0.995994828167277,0.0,0.0,False
2008-06-16,1.0048484854197561,0.0,1.0048484854197561,0.0,0.0,False
2008-06-17,0.9994953171236556,0.0,0.9994953171236556,0.0,0.0,False
2008-06-18,0.9887875204354326,0.0,0.9887875204354326,0.0,0.0,False
2008-06-19,1.0042305910345104,0.0,1.0042305910345104,0.0,0.0,False
2008-06-20,0.9771143265087642,0.0,0.9771143265087642,0.0,0.0,False
2008-06-23,0.9694899788506794,0.0,0.9694899788506794,0.0,0.0,False
2008-06-24,0.964544816136684,0.0,0.964544816136684,0.0,0.0,False
2008-06-25,0.9802049847630103,0.0,0.9802049847630103,0.0,0.0,False
2008-06-26,0.9406421316990233,0.0,0.9406421316990233,0.0,0.0,False
2008-06-27,0.9406421316990233,0.0,0.9406421316990233,0.0,0.0,False
2008-06-30,0.9307515325030281,0.0,0.9307515325030281,0.0,0.0,False
2008-07-01,0.9439390285163554,0.0,0.9439390285163554,0.0,0.0,False
2008-07-02,0.9212729541531982,0.0,0.9212729541531982,0.0,0.0,False
2008-07-03,0.9196245970005335,0.0,0.9196245970005335,0.0,0.0,False
2008-07-07,0.9251879278677787,0.0,0.9251879278677787,0.0,0.0,False
2008-07-08,0.9472362903576929,0.0,0.9472362903576929,0.0,0.0,False
2008-07-09,0.922097634637538,0.0,0.922097634637538,0.0,0.0,False
2008-07-10,0.9330181490649441,0.0,0.9330181490649441,0.0,0.0,False
2008-07-11,0.9181821133869494,0.0,0.9181821133869494,0.0,0.0,False
2008-07-14,0.9113825374692057,0.0,0.9113825374692057,0.0,0.0,False
2008-07-15,0.9115882284962836,0.0,0.9115882284962836,0.0,0.0,False
2008-07-16,0.9342544853714435,0.0,0.9342544853714435,0.0,0.0,False
2008-07-17,0.9404361669039413,0.0,0.9404361669039413,0.0,0.0,False
2008-07-18,0.9188005553082031,0.0,0.9188005553082031,0.0,0.0,False
2008-07-21,0.9227155290227835,0.0,0.9227155290227835,0.0,0.0,False
2008-07-22,0.9227155290227835,0.0,0.9227155290227835,0.0,0.0,False
2008-07-23,0.9348726535246933,0.0,0.9348726535246933,0.0,0.0,False
2008-07-24,0.9208605682830275,0.0,0.9208605682830275,0.0,0.0,False
2008-07-25,0.9328125492938675,0.0,0.9328125492938675,0.0,0.0,False
2008-07-28,0.9152975111837864,0.0,0.9152975111837864,0.0,0.0,False
2008-07-29,0.9342544853714435,0.0,0.9342544853714435,0.0,0.0,False
2008-07-30,0.9389936832903573,0.0,0.9389936832903573,0.0,0.0,False
2008-07-31,0.9367274317524467,0.0,0.9367274317524467,0.0,0.0,False
2008-08-01,0.924776545813623,0.0,0.924776545813623,0.0,0.0,False
2008-08-04,0.9155034759788683,0.0,0.9155034759788683,0.0,0.0,False
2008-08-05,0.9464117011293544,0.0,0.9464117011293544,0.0,0.0,False
2008-08-06,0.9608357159611839,0.0,0.9608357159611839,0.0,0.0,False
2008-08-07,0.9534181544021935,0.0,0.9534181544021935,0.0,0.0,False
2008-08-08,0.9750534922299273,0.0,0.9750534922299273,0.0,0.0,False
2008-08-11,0.9839139936825091,0.0,0.9839139936825091,0.0,0.0,False
2008-08-12,0.9849439089139198,0.0,0.9849439089139198,0.0,0.0,False
2008-08-13,0.982883804683094,0.0,0.982883804683094,0.0,0.0,False
2008-08-14,0.9942168874926733,0.0,0.9942168874926733,0.0,0.0,False
2008-08-15,0.9923622917769228,0.0,0.9923622917769228,0.0,0.0,False
2008-08-18,0.980822879148256,0.0,0.980822879148256,0.0,0.0,False
2008-08-19,0.9686659371583491,0.0,0.9686659371583491,0.0,0.0,False
2008-08-20,0.9703141117990112,0.0,0.9703141117990112,0.0,0.0,False
2008-08-21,0.9657808786751795,0.0,0.9657808786751795,0.0,0.0,False
2008-08-22,0.9785565363543443,0.0,0.9785565363543443,0.0,0.0,False
2008-08-25,0.957951113758021,0.0,0.957951113758021,0.0,0.0,False
2008-08-26,0.9567142299155134,0.0,0.9567142299155134,0.0,0.0,False
2008-08-27,0.9628965502400206,0.0,0.9628965502400206,0.0,0.0,False
2008-08-28,0.9707264064131805,0.0,0.9707264064131805,0.0,0.0,False
2008-08-29,0.9503269486119391,0.0,0.9503269486119391,0.0,0.0,False
2008-09-02,0.938581936212196,0.0,0.938581936212196,0.0,0.0,False
2008-09-03,0.9297213435036131,0.0,0.9297213435036131,0.0,0.0,False
2008-09-04,0.8996370687894559,0.0,0.8996370687894559,0.0,0.0,False
2008-09-05,0.8953104392527157,0.0,0.8953104392527157,0.0,0.0,False
2008-09-08,0.8936615345640427,0.0,0.8936615345640427,0.0,0.0,False
2008-09-09,0.8747046516323868,0.0,0.8747046516323868,0.0,0.0,False
2008-09-10,0.8819166134203011,0.0,0.8819166134203011,0.0,0.0,False
2008-09-11,0.8984010975069617,0.0,0.8984010975069617,0.0,0.0,False
2008-09-12,0.8948985096625518,0.0,0.8948985096625518,0.0,0.0,False
2008-09-15,0.8670809427663119,0.0,0.8670809427663119,0.0,0.0,False
2008-09-16,0.8738803361720526,0.0,0.8738803361720526,0.0,0.0,False
2008-09-17,0.8285481874457382,0.0,0.8285481874457382,0.0,0.0,False
2008-09-18,0.856571445369056,0.0,0.856571445369056,0.0,0.0,False
2008-09-19,0.8845730756200503,0.0,0.8845730756200503,0.0,0.0,False
2008-09-22,0.8429220114768168,0.0,0.8429220114768168,0.0,0.0,False
2008-09-23,0.8365294373251634,0.0,0.8365294373251634,0.0,0.0,False
2008-09-24,0.8423032957875588,0.0,0.8423032957875588,0.0,0.0,False
2008-09-25,0.8557060647081072,0.0,0.8557060647081072,0.0,0.0,False
2008-09-26,0.8470456876665201,0.0,0.8470456876665201,0.0,0.0,False
2008-09-29,0.7798265170607058,0.0,0.7798265170607058,0.0,0.0,False
2008-09-30,0.802301592613005,0.0,0.802301592613005,0.0,0.0,False
2008-10-01,0.7938477279025081,0.0,0.7938477279025081,0.0,0.0,False
2008-10-02,0.7577636448665745,0.0,0.7577636448665745,0.0,0.0,False
2008-10-03,0.746010647566712,0.0,0.746010647566712,0.0,0.0,False
2008-10-06,0.7187931345074506,0.0,0.7187931345074506,0.0,0.0,False
2008-10-07,0.6732239483175895,0.0,0.6732239483175895,0.0,0.0,False
2008-10-08,0.6678629776333722,0.0,0.6678629776333722,0.0,0.0,False
2008-10-09,0.649923827256945,0.0,0.649923827256945,0.0,0.0,False
2008-10-10,0.6458000598112402,0.0,0.6458000598112402,0.0,0.0,False
2008-10-13,0.7243601612427512,0.0,0.7243601612427512,0.0,0.0,False
2008-10-14,0.6930185157137797,0.0,0.6930185157137797,0.0,0.0,False
2008-10-15,0.6309542141130986,0.0,0.6309542141130986,0.0,0.0,False
2008-10-16,0.6651825151052638,0.0,0.6651825151052638,0.0,0.0,False
2008-10-17,0.6660074693576078,0.0,0.6660074693576078,0.0,0.0,False
2008-10-20,0.6845647422592841,0.0,0.6845647422592841,0.0,0.0,False
2008-10-21,0.6490992380286065,0.0,0.6490992380286065,0.0,0.0,False
2008-10-22,0.631160270164182,0.0,0.631160270164182,0.0,0.0,False
2008-10-23,0.6286859549431582,0.0,0.6286859549431582,0.0,0.0,False
2008-10-24,0.6084790016767974,0.0,0.6084790016767974,0.0,0.0,False
2008-10-27,0.5915709984877995,0.0,0.5915709984877995,0.0,0.0,False
2008-10-28,0.6569346151898487,0.0,0.6569346151898487,0.0,0.0,False
2008-10-29,0.6552852085931683,0.0,0.6552852085931683,0.0,0.0,False
2008-10-30,0.6771418422242138,0.0,0.6771418422242138,0.0,0.0,False
2008-10-31,0.6781725787596369,0.0,0.6781725787596369,0.0,0.0,False
2008-11-03,0.6767293194700411,0.0,0.6767293194700411,0.0,0.0,False
2008-11-04,0.6959054905729781,0.0,0.6959054905729781,0.0,0.0,False
2008-11-05,0.6596151689739583,0.0,0.6596151689739583,0.0,0.0,False
2008-11-06,0.6301293511167562,0.0,0.6301293511167562,0.0,0.0,False
2008-11-07,0.6431197341671339,0.0,0.6431197341671339,0.0,0.0,False
2008-11-10,0.6344594027535475,0.0,0.6344594027535475,0.0,0.0,False
2008-11-11,0.6206444761028319,0.0,0.6206444761028319,0.0,0.0,False
2008-11-12,0.5919835668699729,0.0,0.5919835668699729,0.0,0.0,False
2008-11-13,0.6280676042779058,0.0,0.6280676042779058,0.0,0.0,False
2008-11-14,0.5975505936052733,0.0,0.5975505936052733,0.0,0.0,False
2008-11-17,0.5849728701930703,0.0,0.5849728701930703,0.0,0.0,False
2008-11-18,0.5843544738998171,0.0,0.5843544738998171,0.0,0.0,False
2008-11-19,0.553837280715182,0.0,0.553837280715182,0.0,0.0,False
2008-11-20,0.527032336038094,0.0,0.527032336038094,0.0,0.0,False
2008-11-21,0.5499197062045625,0.0,0.5499197062045625,0.0,0.0,False
2008-11-24,0.5835294740194724,0.0,0.5835294740194724,0.0,0.0,False
2008-11-25,0.5808490114913641,0.0,0.5808490114913641,0.0,0.0,False
2008-11-26,0.605179823459431,0.0,0.605179823459431,0.0,0.0,False
2008-11-28,0.6004376597204731,0.0,0.6004376597204731,0.0,0.0,False
2008-12-01,0.5552809050287834,0.0,0.5552809050287834,0.0,0.0,False
2008-12-02,0.5738382235584603,0.0,0.5738382235584603,0.0,0.0,False
2008-12-03,0.5901278760822057,0.0,0.5901278760822057,0.0,0.0,False
2008-12-04,0.573426065828293,0.0,0.573426065828293,0.0,0.0,False
2008-12-05,0.5967259587489342,0.0,0.5967259587489342,0.0,0.0,False
2008-12-08,0.6202319989766599,0.0,0.6202319989766599,0.0,0.0,False
2008-12-09,0.6187887396870642,0.0,0.6187887396870642,0.0,0.0,False
2008-12-10,0.616726673452209,0.0,0.616726673452209,0.0,0.0,False
2008-12-11,0.5998187158912117,0.0,0.5998187158912117,0.0,0.0,False
2008-12-12,0.611984372829249,0.0,0.611984372829249,0.0,0.0,False
2008-12-15,0.6012622033208109,0.0,0.6012622033208109,0.0,0.0,False
2008-12-16,0.6301293511167562,0.0,0.6301293511167562,0.0,0.0,False
2008-12-17,0.6225003950306024,0.0,0.6225003950306024,0.0,0.0,False
2008-12-18,0.611571895703077,0.0,0.611571895703077,0.0,0.0,False
2008-12-19,0.6165897894501607,0.0,0.6165897894501607,0.0,0.0,False
2008-12-22,0.6031675830013215,0.0,0.6031675830013215,0.0,0.0,False
2008-12-23,0.6000701261749736,0.0,0.6000701261749736,0.0,0.0,False
2008-12-24,0.6017220879396924,0.0,0.6017220879396924,0.0,0.0,False
2008-12-26,0.6015156212366028,0.0,0.6015156212366028,0.0,0.0,False
2008-12-29,0.5965600553384517,0.0,0.5965600553384517,0.0,0.0,False
2008-12-30,0.6089495176198378,0.0,0.6089495176198378,0.0,0.0,False
2008-12-31,0.614111595849079,0.0,0.614111595849079,0.0,0.0,False
2009-01-02,0.6407494507876669,0.0,0.6407494507876669,0.0,0.0,False
2009-01-05,0.6405428928285761,0.0,0.6405428928285761,0.0,0.0,False
2009-01-06,0.6469442731843613,0.0,0.6469442731843613,0.0,0.0,False
2009-01-07,0.6285663183253681,0.0,0.6285663183253681,0.0,0.0,False
2009-01-08,0.6351740741282413,0.0,0.6351740741282413,0.0,0.0,False
2009-01-09,0.6209260921230457,0.0,0.6209260921230457,0.0,0.0,False
2009-01-12,0.6095686895891026,0.0,0.6095686895891026,0.0,0.0,False
2009-01-13,0.6097755213161975,0.0,0.6097755213161975,0.0,0.0,False
2009-01-14,0.5911910084981136,0.0,0.5911910084981136,0.0,0.0,False
2009-01-15,0.6008960842433327,0.0,0.6008960842433327,0.0,0.0,False
2009-01-16,0.6075039313022073,0.0,0.6075039313022073,0.0,0.0,False
2009-01-20,0.5773559598990969,0.0,0.5773559598990969,0.0,0.0,False
2009-01-21,0.6019285546427817,0.0,0.6019285546427817,0.0,0.0,False
2009-01-22,0.5938755775462833,0.0,0.5938755775462833,0.0,0.0,False
2009-01-23,0.5967661570175358,0.0,0.5967661570175358,0.0,0.0,False
2009-01-26,0.6011025509464221,0.0,0.6011025509464221,0.0,0.0,False
2009-01-27,0.6054392186433125,0.0,0.6054392186433125,0.0,0.0,False
2009-01-28,0.6267077986015587,0.0,0.6267077986015587,0.0,0.0,False
2009-01-29,0.6108079917156466,0.0,0.6108079917156466,0.0,0.0,False
2009-01-30,0.6000701261749736,0.0,0.6000701261749736,0.0,0.0,False
2009-02-02,0.6072976014831198,0.0,0.6072976014831198,0.0,0.0,False
2009-02-03,0.6167962561532502,0.0,0.6167962561532502,0.0,0.0,False
2009-02-04,0.6176222142216092,0.0,0.6176222142216092,0.0,0.0,False
2009-02-05,0.6312508873735379,0.0,0.6312508873735379,0.0,0.0,False
2009-02-06,0.6477701399967188,0.0,0.6477701399967188,0.0,0.0,False
2009-02-09,0.65045480030089,0.0,0.65045480030089,0.0,0.0,False
2009-02-10,0.6265015144104721,0.0,0.6265015144104721,0.0,0.0,False
2009-02-11,0.6236104330312122,0.0,0.6236104330312122,0.0,0.0,False
2009-02-12,0.6312508873735379,0.0,0.6312508873735379,0.0,0.0,False
2009-02-13,0.6283600341342813,0.0,0.6283600341342813,0.0,0.0,False
2009-02-17,0.6033740953324117,0.0,0.6033740953324117,0.0,0.0,False
2009-02-18,0.6037870743665912,0.0,0.6037870743665912,0.0,0.0,False
2009-02-19,0.5944948407715496,0.0,0.5944948407715496,0.0,0.0,False
2009-02-20,0.5961468937922695,0.0,0.5961468937922695,0.0,0.0,False
2009-02-23,0.5752907909601954,0.0,0.5752907909601954,0.0,0.0,False
2009-02-24,0.5942883740684601,0.0,0.5942883740684601,0.0,0.0,False
2009-02-25,0.5903649135457525,0.0,0.5903649135457525,0.0,0.0,False
2009-02-26,0.5738455240385695,0.0,0.5738455240385695,0.0,0.0,False
2009-02-27,0.5684766140822334,0.0,0.5684766140822334,0.0,0.0,False
2009-03-02,0.5500986592232402,0.0,0.5500986592232402,0.0,0.0,False
2009-03-03,0.5496856801890606,0.0,0.5496856801890606,0.0,0.0,False
2009-03-04,0.5643466868564365,0.0,0.5643466868564365,0.0,0.0,False
2009-03-05,0.5474144551990759,0.0,0.5474144551990759,0.0,0.0,False
2009-03-06,0.5430780156421889,0.0,0.5430780156421889,0.0,0.0,False
2009-03-09,0.5315144201731604,0.0,0.5315144201731604,0.0,0.0,False
2009-03-10,0.5643466868564365,0.0,0.5643466868564365,0.0,0.0,False
2009-03-11,0.5730195203422098,0.0,0.5730195203422098,0.0,0.0,False
2009-03-12,0.5920170578224738,0.0,0.5920170578224738,0.0,0.0,False
2009-03-13,0.5934623703721005,0.0,0.5934623703721005,0.0,0.0,False
2009-03-16,0.5835505541557878,0.0,0.5835505541557878,0.0,0.0,False
2009-03-17,0.6056454572063985,0.0,0.6056454572063985,0.0,0.0,False
2009-03-18,0.6132857290367214,0.0,0.6132857290367214,0.0,0.0,False
2009-03-19,0.6128728412585434,0.0,0.6128728412585434,0.0,0.0,False
2009-03-20,0.603544470286961,0.0,0.603544470286961,0.0,0.0,False
2009-03-23,0.6391201661392876,0.0,0.6391201661392876,0.0,0.0,False
2009-03-24,0.6273304382988754,0.0,0.6273304382988754,0.0,0.0,False
2009-03-25,0.6302262649902063,0.0,0.6302262649902063,0.0,0.0,False
2009-03-26,0.6496687667331285,0.0,0.6496687667331285,0.0,0.0,False
2009-03-27,0.6374654666945277,0.0,0.6374654666945277,0.0,0.0,False
2009-03-30,0.6217461185513159,0.0,0.6217461185513159,0.0,0.0,False
2009-03-31,0.6271236521997812,0.0,0.6271236521997812,0.0,0.0,False
2009-04-01,0.6363669689890362,0.05247906281632246,0.5409666894177966,0.06200433743143134,0.03339594213980836,True
2009-04-02,0.6569935107900825,0.05573383379173216,0.5583718895232342,0.062004854134227134,0.03661676713262105,True
2009-04-03,0.6694039195519074,0.05774399786275866,0.5687445394208424,0.06200532163113736,0.03865405849992761,True
2009-04-06,0.6677081800245758,0.05745654492669733,0.5673381612441984,0.062005813736871924,0.038364205043505344,True
2009-04-07,0.649729796482209,0.054375325010507555,0.5523942586911897,0.062006268938288166,0.03532926885273104,True
2009-04-08,0.6608332087522771,0.05616263460680033,0.5617123382672181,0.06200673644586556,0.037114134039193544,True
2009-04-09,0.6816857874923431,0.05950129350525905,0.579117422021254,0.062007179351143485,0.04056118611994555,True
2009-04-13,0.6806189048920641,0.059318390562810006,0.5782380769106963,0.06200760995654832,0.040373218024819496,True
2009-04-14,0.6721109790867006,0.05787276378883667,0.5712060308922742,0.06200802826185798,0.038896919932568365,True
2009-04-15,0.6702025182294202,0.05755047148987245,0.5696236130447961,0.062008434266821066,0.03857047091780297,True
2009-04-16,0.6879677906388646,0.06042019507506839,0.5843918637649765,0.06200877875812401,0.04156714811576401,True
2009-04-17,0.689457893721444,0.06066598739966716,0.5856221634869858,0.06200908634135198,0.041826643893106176,True
2009-04-20,0.6666125460139846,0.0566932015761989,0.5668107403401066,0.06200940622948407,0.03779239944439399,True
2009-04-21,0.6761036634552445,0.05823342277511591,0.5747221314690864,0.062009701512364276,0.03937183047379394,True
2009-04-22,0.6781895194501679,0.1499718797881677,0.5764801623655921,0.0,0.1017093570845758,True
2009-04-23,0.6867857975154525,0.1524195460196907,0.582106218045376,0.0,0.10467957947007651,True
2009-04-24,0.702474851584813,0.15683384130422287,0.5923030221911529,0.0,0.11017182939366008,True
2009-04-27,0.7035623597703269,0.15713766797721015,0.5930062112794748,0.0,0.1105561484908521,True
2009-04-28,0.6967004782312066,0.15514483384698893,0.5886109982949084,0.0,0.10808947993629829,True
2009-04-29,0.7092344155721702,0.15867292150094642,0.5966981188243176,0.0,0.11253629674785257,True
2009-04-30,0.7185848023675397,0.16130168071727627,0.6026758660077638,0.0,0.11590893635977596,True
2009-05-01,0.7210709845131121,0.16199899973002893,0.6042582062876408,0.0,0.11681277822547134,True
2009-05-04,0.7399489638516379,0.16722213422670962,0.6162131188975246,0.0,0.1237358449541133,True
2009-05-05,0.7390935698621188,0.16697202420433682,0.6156856204258314,0.0,0.12340794943628741,True
2009-05-06,0.7393653455906906,0.16704023768243703,0.6158615825290644,0.0,0.12350376306162615,True
2009-05-07,0.7162649944823739,0.16030359671758498,0.6014451396639482,0.0,0.1148198548184257,True
2009-05-08,0.7168095329677533,0.16045063768720033,0.601796986302813,0.0,0.11501254666494026,True
2009-05-11,0.7201188997411275,0.161379386397337,0.6039065535677789,0.0,0.11621234617334861,True
2009-05-12,0.7084627452057699,0.15800424769910199,0.5965226221266916,0.0,0.11194012307907825,True
2009-05-13,0.6834479774840032,0.15059531131191703,0.5805239165492997,0.0,0.10292406093470352,True
2009-05-14,0.6934041386536034,0.15341050724779848,0.5870286580150313,0.0,0.10637548063857208,True
2009-05-15,0.6928524970515697,0.15324378142970754,0.5866771604303719,0.0,0.10617533662119784,True
2009-05-18,0.7164433055194992,0.15977630958649855,0.6019726381356413,0.0,0.11447066738385787,True
2009-05-19,0.720852123735399,0.16101290781002192,0.6047856271917327,0.0,0.11606649654366631,True
2009-05-20,0.7175180773387685,0.16005479855914936,0.6026758660077638,0.0,0.11484221133100474,True
2009-05-21,0.7001004797350522,0.15497834535191138,0.5916000658056344,0.0,0.10850041392941774,True
2009-05-22,0.697093257780118,0.1541075030157721,0.589665956454494,0.0,0.10742730132562393,True
2009-05-26,0.7310716149541827,0.1633623195732208,0.6116420601611269,0.0,0.11942955479305584,True
2009-05-27,0.7243706360413739,0.16144771209376155,0.6074226541445912,0.0,0.11694798189678267,True
2009-05-28,0.7354559474658293,0.16452501154630061,0.6144550492172183,0.0,0.12100089824861103,True
2009-05-29,0.7474720064814342,0.16784213366499542,0.622014710058735,0.0,0.1254572964226992,True
2009-06-01,0.775964437647023,0.17551407543490805,0.6397717568030374,0.0,0.13619268084398561,True
2009-06-02,0.7773935970483512,0.17589941235811316,0.6406505201565864,0.0,0.1367430768917648,True
2009-06-03,0.774209923671063,0.1750084017737024,0.6387166822920501,0.0,0.13549324137901286,True
2009-06-04,0.7859948619992014,0.17820719403485782,0.6459249231165085,0.0,0.14006993888269298,True
2009-06-05,0.7871441167432671,0.1785136946964783,0.6466281122048305,0.0,0.14051600453843666,True
2009-06-08,0.7839384359076049,0.1776208515046161,0.6446946233944992,0.0,0.1392438125131057,True
2009-06-09,0.7920386168833939,0.17981652415794774,0.6496169857965536,0.0,0.14242163108684033,True
2009-06-10,0.7882382839904077,0.17876156750128872,0.6473315727797565,0.0,0.14090671121065126,True
2009-06-11,0.7882265734361997,0.17874936649525103,0.6473315727797565,0.0,0.14089500065644317,True
2009-06-12,0.783274740256072,0.17737312183387402,0.6443428543232357,0.0,0.13893188593283629,True
2009-06-15,0.7615476937661406,0.17121794813267172,0.6311570602343338,0.0,0.13039063353180683,True
2009-06-16,0.7515704604220166,0.168402847038301,0.6250038551370622,0.0,0.1265666052849543,True
2009-06-17,0.7611684714256233,0.17103611173369834,0.630981175698702,0.0,0.13018729572692128,True
2009-06-18,0.7591661070189153,0.17047054992116692,0.6297506432738893,0.0,0.12941546374502594,True
2009-06-19,0.7700814135806803,0.17345133064824791,0.6365097676876276,0.0,0.13357164589305273,True
2009-06-22,0.739091248933373,0.1645152058202235,0.6174994999951731,0.0,0.12159174893819989,True
2009-06-23,0.7368405647729521,0.16387487253536806,0.616090911141896,0.0,0.12074965363105614,True
2009-06-24,0.7533217727365675,0.16838160529130347,0.6264762433422938,0.0,0.12684552939427374,True
2009-06-25,0.773118340175003,0.17373802920795703,0.6387982834084711,0.0,0.13432005676653194,True
2009-06-26,0.7754043111332504,0.17435714735543523,0.6402070273969505,0.0,0.13519728373629988,True
2009-06-29,0.7776933381770279,0.1749774138587778,0.6416145690876117,0.0,0.13607876908941624,True
2009-06-30,0.775664897930243,0.17440837114616198,0.6403824465269753,0.0,0.13528245140326767,True
2009-07-01,0.7762285991406899,0.17455464295549858,0.64073429316584,0.0,0.13549430597484996,True
2009-07-02,0.7532020098998911,0.16801544617277456,0.6266524381483303,0.0,0.12654957175156076,True
2009-07-06,0.7478206843176762,0.16650114462774165,0.6233076844024821,0.0,0.12451299991519414,True
2009-07-07,0.7230378100066759,0.1593556260247446,0.6078176671535017,0.0,0.11522014285317418,True
2009-07-08,0.7279981225241225,0.160730988208189,0.610986264877114,0.0,0.11701185764700847,True
2009-07-09,0.7296514048947359,0.1611853209939162,0.612042308983116,0.0,0.11760909591161992,True
2009-07-10,0.7338045191551584,0.1623346320260903,0.6146826325590237,0.0,0.11912188659613478,True
2009-07-13,0.7524445457667995,0.16741207459499127,0.6264762433422938,0.0,0.12596830242450577,True
2009-07-14,0.756103196329987,0.1684140972884807,0.6287647590631373,0.0,0.12733843726684965,True
2009-07-15,0.7900495399034928,0.17740848775357118,0.6498880457788094,0.0,0.14016149412468334,True
2009-07-16,0.8027939293627913,0.18081954891077812,0.6576330931871003,0.0,0.14516083617569098,True
2009-07-17,0.8086343219733056,0.1823823037152682,0.6611537314685803,0.0,0.1474805905047254,True
2009-07-20,0.8191995491122718,0.18519195394342552,0.667490383942597,0.0,0.15170916516967478,True
2009-07-21,0.8268840582348438,0.18722905451660243,0.6720673378166828,0.0,0.15481672041816102,True
2009-07-22,0.8363961719587091,0.1897379650565606,0.6777000643101665,0.0,0.15869610764854258,True
2009-07-23,0.861856321231405,0.19631356530101782,0.6926622340332486,0.0,0.1691940871981564,True
2009-07-24,0.8526918733306572,0.19386890711027366,0.6873814317462308,0.0,0.16531044158442643,True
2009-07-27,0.8617690243727629,0.1962321521855563,0.6926622340332486,0.0,0.1691067903395144,True
2009-07-28,0.8535211566136564,0.19403352913170788,0.6879094344073314,0.0,0.1656117222063249,True
2009-07-29,0.8613884659498044,0.196081552766733,0.6924860780110127,0.0,0.16890238793879178,True
2009-07-30,0.8683861924963463,0.19789734094404504,0.6965348740887957,0.0,0.17185131840755058,True
2009-07-31,0.8646962956861637,0.19691721616762023,0.694422708309191,0.0,0.17027358737697276,True
2009-08-03,0.8827074442190893,0.20153822030523613,0.7048081568609905,0.0,0.17789928735809876,True
2009-08-04,0.88269253987737,0.2015247382073631,0.7048081568609905,0.0,0.1778843830163794,True
2009-08-05,0.8730889032150222,0.19899208613363714,0.6993511209841358,0.0,0.17373778223088648,True
2009-08-06,0.862321590305718,0.1961348039352763,0.6931903142619503,0.0,0.16913127604376765,True
2009-08-07,0.8775520475668436,0.2000569319971008,0.701991677262847,0.0,0.1755603703039966,True
2009-08-10,0.8689109238023344,0.19777415602975248,0.6970627991822951,0.0,0.17184812462003926,True
2009-08-11,0.8584847017024149,0.19500246242675653,0.6910780709147444,0.0,0.16740663078767046,True
2009-08-12,0.8770119549035229,0.19976498330285836,0.7018156763758134,0.0,0.17519627852770941,True
2009-08-13,0.88377071427344,0.2015029407129466,0.7056883164313605,0.0,0.17808239784207947,True
2009-08-14,0.8695285852165546,0.19773651331719552,0.6975910345461992,0.0,0.17193755067035543,True
2009-08-17,0.8343037886937918,0.18812750892648186,0.6773482952389028,0.0,0.15695549345488896,True
2009-08-18,0.8507011482928931,0.19239662356113624,0.6870291197017591,0.0,0.16367202859113408,True
2009-08-19,0.8588373110567059,0.19451334031574044,0.6917819968952774,0.0,0.16705531416142846,True
2009-08-20,0.872786365987985,0.19810964540242498,0.6998789685100342,0.0,0.1729073974779508,True
2009-08-21,0.8890169848392531,0.20225497460717873,0.7092088771452394,0.0,0.17980810769401373,True
2009-08-24,0.8877625076757387,0.20192079536626442,0.7085047960295041,0.0,0.17925771164623458,True
2009-08-25,0.8914630504442922,0.20286436834936936,0.7106169618091088,0.0,0.18084608863518334,True
2009-08-26,0.8892757139311755,0.2022895074622827,0.7093845677618683,0.0,0.1798911461693073,True
2009-08-27,0.8923606229960679,0.20307429386813555,0.7111451196054118,0.0,0.181215503390656,True
2009-08-28,0.8935883301284525,0.20338144357411528,0.7118490455859448,0.0,0.18173928454250776,True
2009-08-31,0.8808287667505318,0.2000354725749813,0.7046317681359512,0.0,0.1761969986145806,True
2009-09-01,0.8577093740525974,0.19386429579349326,0.6914301502564126,0.0,0.1662792237961847,True
2009-09-02,0.8567873157965685,0.19361318763482468,0.6909019924601097,0.0,0.1658853233364588,True
2009-09-03,0.8646474056646605,0.1956503145557061,0.6954788687665944,0.0,0.16916853689806605,True
2009-09-04,0.890513997844324,0.2022126462844558,0.7104408057868731,0.0,0.1800731920574509,True
2009-09-08,0.9022745417955402,0.20519799467791688,0.717129615170159,0.0,0.18514492662538115,True
2009-09-09,0.9131934927193193,0.20795440061215653,0.7232908872979514,0.0,0.18990260542136778,True
2009-09-10,0.9254507136073387,0.2110266710747021,0.7301559302710745,0.0,0.19529478333626418,True
2009-09-11,0.9267041261750161,0.21133402696344467,0.7308600113868098,0.0,0.19584411478820626,True
2009-09-14,0.931768799478305,0.21259838417756283,0.7336762582821499,0.0,0.1980925411961552,True
2009-09-15,0.935895001532981,0.21362442718841587,0.7359649679219964,0.0,0.19993003361098466,True
2009-09-16,0.9553670728642231,0.21841347517743193,0.7467020304098573,0.0,0.2086650424543658,True
2009-09-17,0.9550282663817147,0.2183204064537644,0.7465261070904248,0.0,0.20850215929128993,True
2009-09-18,0.9573121673180215,0.21887825560631993,0.7477773500647474,0.0,0.20953481725327402,True
2009-09-21,0.9615116364838118,0.21990751808519474,0.7500679988946227,0.0,0.21144363758918902,True
2009-09-22,0.9640977284672979,0.22053782486055643,0.7514777124781167,0.0,0.21262001598918123,True
2009-09-23,0.9575658837011631,0.21890142111077754,0.747953350951781,0.0,0.20961253274938213,True
2009-09-24,0.945225006915254,0.21578669579521995,0.7412580258899975,0.0,0.2039669810252566,True
2009-09-25,0.9333081042788209,0.21275876553607323,0.7347386241476463,0.0,0.19856948013117465,True
2009-09-28,0.9559454744895127,0.21831473227165554,0.747248494160034,0.0,0.2086969803294787,True
2009-09-29,0.9497766329903138,0.21676233570095757,0.7439008316291422,0.0,0.20587580136117156,True
2009-09-30,0.9507278231719501,0.2169900163647442,0.744429377263451,0.0,0.20629844590849908,True
2009-10-01,0.9103774808938063,0.20647752950145462,0.7224049877250955,0.0,0.18797249316871084,True
2009-10-02,0.9065981928997504,0.2055016949499838,0.7202907276202594,0.0,0.18630746527949107,True
2009-10-05,0.9169105776944886,0.2080959554103887,0.7261051950032625,0.0,0.19080538269122604,True
2009-10-06,0.9398980531903767,0.2137793061873246,0.7389672994925208,0.0,0.20093075369785585,True
2009-10-07,0.9437221317771919,0.21472474554626222,0.7410816371649582,0.0,0.20264049461223368,True
2009-10-08,0.9494796967093586,0.2161461678557234,0.7442532988088163,0.0,0.20522639790054237,True
2009-10-09,0.9571915744980124,0.2180438702555224,0.7484818190184885,0.0,0.20870975547952383,True
2009-10-12,0.9600893364454501,0.21875186982952213,0.7500679988946227,0.0,0.21002133755082739,True
2009-10-13,0.9603972696486827,0.21881918459795538,0.7502439222140552,0.0,0.2101533474346274,True
2009-10-14,0.9791887716467025,0.22337416384697906,0.7604632985317697,0.0,0.21872547311493268,True
2009-10-15,0.9758893920623677,0.22255411165724034,0.7587011953362032,0.0,0.21718819672616457,True
2009-10-16,0.9667041744227856,0.22027028183667688,0.7537679734699865,0.0,0.21293620095279903,True
2009-10-19,0.9806852759897298,0.22366075526871865,0.761344466480955,0.0,0.21934080950877474,True
2009-10-20,0.9809978554143164,0.22372839712603534,0.7615207776383932,0.0,0.21947707777592318,True
2009-10-21,0.9783519133611494,0.22307012336622464,0.7601108313520959,0.0,0.2182410820090535,True
2009-10-22,0.9839116425163328,0.2244161811277225,0.7631059491357125,0.0,0.22080569338062028,True
2009-10-23,0.9779715100733932,0.22294788484377018,0.7599348304650624,0.0,0.2180366796083309,True
2009-10-26,0.9733647124535146,0.22180467322630268,0.7574678704777488,0.0,0.2158968419757659,True
2009-10-27,0.952103057937137,0.2164551980110969,0.7460154020043831,0.0,0.20608765593275385,True
2009-10-28,0.9214765496145392,0.20857829026492522,0.729276546376716,0.0,0.19220000323782313,True
2009-10-29,0.94354827686182,0.21401963875275337,0.7416104155020703,0.0,0.20193786135974964,True
2009-10-30,0.9073592573480476,0.2046147927749453,0.7217001309333486,0.0,0.185659126414699,True
2009-11-02,0.9126520056509231,0.20594544587353392,0.7246954814197687,0.0,0.18795652423115436,True
2009-11-03,0.9167107154634132,0.20696258341505624,0.7269858975468406,0.0,0.18972481791657256,True
2009-11-04,0.9188957114326313,0.2075062101417988,0.728219144837694,0.0,0.19067656659493729,True
2009-11-05,0.9509730324348559,0.2153388054720299,0.7461916355942201,0.0,0.20478139684063582,True
2009-11-06,0.9589888177461973,0.21730441696893843,0.7505963118261283,0.0,0.20839250592006894,True
2009-11-09,0.9883622024209429,0.22434274723959868,0.7666303106620482,0.0,0.22173189175889466,True
2009-11-10,0.9919651792575603,0.22520641280505088,0.768568259609446,0.0,0.22339691964811442,True
2009-11-11,1.0011833218004917,0.22741281535031474,0.7735014039080619,0.0,0.22768191789242997,True
2009-11-12,0.9928729537126793,0.22538222531830387,0.7690970379465583,0.0,0.22377591576612096,True
2009-11-13,1.0047359737129402,0.2282150248230093,0.7754401285314713,0.0,0.22929584518146906,True
2009-11-16,1.0196814523630862,0.23175139235506056,0.7833688560193106,0.0,0.23631259634377558,True
2009-11-17,1.0243637587197976,0.23285480206648054,0.785835738439023,0.0,0.2385280202807745,True
2009-11-18,1.015930031299505,0.23082257872940742,0.7814304416663057,0.0,0.23449958963319933,True
2009-11-19,0.9928115497280402,0.22515704108768878,0.7692730388335919,0.0,0.22353851089444832,True
2009-11-20,0.9855402678707361,0.22337343480197608,0.7653967531007903,0.0,0.22014351476994592,True
2009-11-23,1.0084995577757512,0.22882434012065767,0.7777303119557398,0.0,0.23076924582001132,True
2009-11-24,1.003487871163863,0.22760665738547242,0.7750873510813927,0.0,0.22840052008247047,True
2009-11-25,1.009778541994098,0.22910277190021613,0.7784354790178913,0.0,0.23134306297620663,True
2009-11-27,0.9874317456593201,0.2236118455456788,0.7666303106620482,0.0,0.2208014349972719,True
2009-11-30,0.9890580531268722,0.22399762216467262,0.7675114010436324,0.0,0.22154665208323981,True
2009-12-01,1.0038363902305933,0.22752339317630904,0.7754401285314713,0.0,0.22839626169912208,True
2009-12-02,1.0058112406783897,0.22798904410337897,0.7764972973676899,0.0,0.2293139433106997,True
2009-12-03,0.9998129219518365,0.22652982011980594,0.7733254805886294,0.0,0.2264874413632071,True
2009-12-04,1.0074097910865758,0.2283395326710046,0.7773783101816728,0.0,0.23003148090490308,True
2009-12-07,1.0004079618471664,0.2266377096753885,0.7736777926331012,0.0,0.22673016921406522,True
2009-12-08,0.9914533497527143,0.2244507700578097,0.7689208819243226,0.0,0.22253246782839164,True
2009-12-09,1.005920172027686,0.22789768030087085,0.7766732982547235,0.0,0.2292468737729626,True
2009-12-10,1.0132129009369344,0.22962909532543413,0.7805497391227275,0.0,0.23266316181420696,True
2009-12-11,1.0075229808192208,0.22825153780961502,0.7775543110687063,0.0,0.2299686697505144,True
2009-12-14,1.0214728665329766,0.23154610473708523,0.7849548031926414,0.0,0.2365180633403353,True
2009-12-15,1.0130691804989262,0.2295198056086213,0.7805497391227275,0.0,0.23251944137619884,True
2009-12-16,1.0150536898768576,0.22998458769075675,0.7816069855265473,0.0,0.23344670435031037,True
2009-12-17,0.9969979179498605,0.2255826696326075,0.7720924660005796,0.0,0.2249054519492809,True
2009-12-18,1.02056049891613,0.23113243072584136,0.7846758700988676,0.0,0.23588462881726255,True
2009-12-21,1.0373268620069165,0.2350527328389773,0.7935003482449101,0.0,0.2438265137620064,True
2009-12-22,1.0464666518788532,0.23717997856024528,0.7982657138222152,0.0,0.24820093805663807,True
2009-12-23,1.0577053496394768,0.23977894464706961,0.8040898771553634,0.0,0.25361547248411354,True
2009-12-24,1.0721121818237183,0.243080781612359,0.8115023146898773,0.0,0.260609867133841,True
2009-12-28,1.080410646237464,0.24497385856935622,0.8157382813892609,0.0,0.2646723648482033,True
2009-12-29,1.07377281041144,0.2434296008953722,0.8123847237206809,0.0,0.26138808669075897,True
2009-12-30,1.0786094134316448,0.24453116703445452,0.8148557947908562,0.0,0.26375361864078856,True
2009-12-31,1.0639801582850512,0.2411104393850726,0.8074434348239434,0.0,0.2565367234611078,True
2010-01-04,1.087056509511064,0.24634270115712023,0.8192680726476779,0.0,0.26778843686338627,True
2010-01-05,1.0870362821901594,0.24632867727559413,0.8192680726476779,0.0,0.26776820954248143,True
2010-01-06,1.0772293249122815,0.24405481775048796,0.8143263183453334,0.0,0.26290300656694804,True
2010-01-07,1.0782527738262173,0.24428129046279912,0.8148557947908562,0.0,0.263396979035361,True
2010-01-08,1.0914437218663258,0.24727013117784252,0.8215622895872068,0.0,0.26988143227911904,True
2010-01-11,1.0847674268055427,0.24572803117869219,0.8182096627298407,0.0,0.2665577640757021,True
2010-01-12,1.0645061306726578,0.2409883064848991,0.8079726009990613,0.0,0.2565335296735965,True
2010-01-13,1.0841293699746302,0.2454474543794216,0.818032575896391,0.0,0.2660967940782391,True
2010-01-14,1.0855052537647318,0.24575323236306607,0.8187388289049587,0.0,0.26676642485977314,True
2010-01-15,1.0666393144174213,0.2413477362822252,0.8092083304531521,0.0,0.2574309839642693,True
2010-01-19,1.0921455613563429,0.24710733023591505,0.8222683874605723,0.0,0.26987717389577065,True
2010-01-20,1.0686567461357663,0.24162432215791319,0.8104432842312308,0.0,0.25821346190453565,True
2010-01-21,1.053795898415807,0.2381307500993038,0.8028546906744811,0.0,0.25094120774132583,True
2010-01-22,1.008293696323755,0.22702967549507733,0.7793811056436408,0.0,0.22891259068011413,True
2010-01-25,1.0132580269308975,0.22820362146255832,0.7820288757092602,0.0,0.23122915122163726,True
2010-01-26,1.014571698756841,0.2285072959640906,0.7827346633122212,0.0,0.23183703544461964,True
2010-01-27,1.0262208948455498,0.23124559170373774,0.7889118367982514,0.0,0.23730905804729838,True
2010-01-28,0.9875909187124,0.22172708252739534,0.7686152655757496,0.0,0.2189756531366505,True
2010-01-29,0.962697172477242,0.21553512107599057,0.7552021208478458,0.0,0.20749505162939613,True
2010-02-01,0.9778131172736437,0.2191788117500779,0.763497200115967,0.0,0.21431591715767678,True
2010-02-02,0.9904770664608753,0.22221279018559453,0.7703803939077617,0.0,0.22009667255311366,True
2010-02-03,0.9983258835933603,0.22408505529176767,0.7746159727691393,0.0,0.22370991082422095,True
2010-02-04,0.9564743260654549,0.21356822077054302,0.7522018060349515,0.0,0.20427252003050342,True
2010-02-05,0.9679893591651756,0.21635948646106196,0.7585556785164258,0.0,0.20943368064874984,True
2010-02-08,0.9579698647308252,0.21387491900931668,0.753084137498154,0.0,0.20488572723267132,True
2010-02-09,0.972058179797544,0.2172795479723036,0.7608498178883535,0.0,0.21120836190919057,True
2010-02-10,0.9691304113303069,0.21655403431003592,0.7592613109841844,0.0,0.2098691003461225,True
2010-02-11,0.9900986750019207,0.22155931196580592,0.770733093790239,0.0,0.21936558121168165,True
2010-02-12,0.9925850628754789,0.22190866830110628,0.7723218333972115,0.0,0.22026322947826737,True
2010-02-16,1.0110006198316408,0.22630592749096762,0.7822051868666983,0.0,0.22879543296494262,True
2010-02-17,1.0192953248936758,0.22827348187555963,0.7866172320207167,0.0,0.23267809287295915,True
2010-02-18,1.028648549012178,0.23048615841279427,0.791559296593466,0.0,0.23708925241871182,True
2010-02-19,1.0282954612916944,0.23056530087266155,0.7912062088729825,0.0,0.23708925241871182,True
2010-02-22,1.0250425634727551,0.22967317877878365,0.7896177795364144,0.0,0.23542478393634078,True
2010-02-23,1.005614453587055,0.22497026284420774,0.7793811056436408,0.0,0.2262333479434141,True
2010-02-24,1.020398264187931,0.22841542343913576,0.7873235625968856,0.0,0.23307470159104537,True
2010-02-25,1.0200886748588442,0.2283544725066533,0.7871468636014418,0.0,0.23294181125740235,True
2010-02-26,1.0258180348399328,0.22991183869471,0.7899703242836899,0.0,0.23584771055624304,True
2010-03-01,1.0474069825355459,0.23483159746516663,0.8014427276305537,0.0,0.24596425490499213,True
2010-03-02,1.0513565587706988,0.23535599628512147,0.8039134884303241,0.0,0.24744307034037466,True
2010-03-03,1.05361308797624,0.23615635194494342,0.8047956647583243,0.0,0.24881742321791556,True
2010-03-04,1.0590075491052406,0.23754704533867066,0.8074434348239434,0.0,0.2515641142812971,True
2010-03-05,1.082304804077884,0.2427077106999711,0.8196210828005601,0.0,0.262683721277324,True
2010-03-08,1.0852936415145469,0.2433299427418453,0.8212092018667234,0.0,0.26408443964782347,True
2010-03-09,1.0945577272488425,0.24554140139777886,0.8257984889893939,0.0,0.2687592382594486,True
2010-03-10,1.107840842030674,0.2485337674861656,0.8325049837857446,0.0,0.27533585824492945,True
2010-03-11,1.11355342023238,0.24953592052684112,0.8356818424588807,0.0,0.2778715777734993,True
2010-03-12,1.1143640191335076,0.24992331990702726,0.8358584638867232,0.0,0.2785055552467843,True
2010-03-15,1.1103705640392043,0.24913312047454989,0.8337404805370314,0.0,0.276630083502173,True
2010-03-16,1.1208953411334763,0.2514604030422716,0.8390345468838478,0.0,0.28186079424962845,True
2010-03-17,1.1251445458619262,0.25224794027075426,0.8413291516613822,0.0,0.2838153942005441,True
2010-03-18,1.1308473941796762,0.25352132398059124,0.8441534655872432,0.0,0.28669392859243303,True
2010-03-19,1.1206696164832737,0.2512983505024293,0.839047190402837,0.0,0.28162242608043675,True
2010-03-22,1.1358740703098074,0.25463167860888203,0.8466445490985178,0.0,0.28922952121128953,True
2010-03-23,1.1477535940421537,0.257266745118772,0.8524747627045565,0.0,0.2952788313375973,True
2010-03-24,1.1394899972679529,0.25544646430920026,0.848411306350154,0.0,0.2910786909177988,True
2010-03-25,1.1364302542461215,0.25453028670339417,0.8471743358144451,0.0,0.2892559184316765,True
2010-03-26,1.138820164019449,0.25531878278861936,0.8480579859268674,0.0,0.2907621780925816,True
2010-03-29,1.1468718356850178,0.25700370927680405,0.8521215198488709,0.0,0.2947503158361469,True
2010-03-30,1.1527889995942908,0.25836550874786884,0.8549480832351651,0.0,0.29784091635912574,True
2010-03-31,1.1447109448210797,0.25668167083546345,0.8508846268807629,0.0,0.2938263179403167,True
2010-04-01,1.144129793515997,0.2563041084124465,0.8508846268807629,0.0,0.29324516663523414,True
2010-04-05,1.1605589756981884,0.25998126631121055,0.8588353835673319,0.0,0.3017235921308565,True
2010-04-06,1.1653307087060552,0.2608889689160336,0.8613087816655418,0.0,0.3040219270405134,True
2010-04-07,1.1614932922913555,0.2602724832267971,0.8591885488554163,0.0,0.30230474343593916,True
2010-04-08,1.1645199405569806,0.26052624987853534,0.8611319275348954,0.0,0.30338801302208507,True
2010-04-09,1.1751109001735722,0.26283045662157034,0.8662559656999675,0.0,0.30885493447360457,True
2010-04-12,1.177058911883698,0.26345024649284415,0.8669624514113388,0.0,0.31009646047235917,True
2010-04-13,1.1861517052770645,0.2653727348301612,0.8713793833242304,0.0,0.314772321952834,True
2010-04-14,1.207668992269882,0.269830171855279,0.8818034605414081,0.0,0.3258655317284739,True
2010-04-15,1.2159143015964493,0.2715848708476489,0.8856903730355684,0.0,0.3302239285608809,True
2010-04-16,1.1935593769296713,0.2668232502080907,0.8750899846609528,0.0,0.31846939226871857,True
2010-04-19,1.1925278208294057,0.2666338809367509,0.874559499836615,0.0,0.31796832099279077,True
2010-04-20,1.2016463381632847,0.2685229304959843,0.878976742019911,0.0,0.32266959614337376,True
2010-04-21,1.2122721818952313,0.2708537681945052,0.8839236933515334,0.0,0.328348488543698,True
2010-04-22,1.2220797259079252,0.2726573369913456,0.8888707222507567,0.0,0.33320900365716843,True
2010-04-23,1.230200693499705,0.2744430805514882,0.8925806254790688,0.0,0.33762006802063615,True
2010-04-26,1.2257479149444421,0.2733928743640918,0.8906371692319887,0.0,0.33511074571245336,True
2010-04-27,1.1861611955593248,0.26508074365351453,0.8717327037475171,0.0,0.31442849181180765,True
2010-04-28,1.187430777830949,0.26542001892961575,0.8722628783014502,0.0,0.31516789952949886,True
2010-04-29,1.2187115657208865,0.27180708278397214,0.8874571302872051,0.0,0.33125443543368127,True
2010-04-30,1.1817007126839973,0.2638016612047827,0.8699661016310831,0.0,0.31173461105291417,True
2010-05-03,1.2066227347591199,0.26890416273450846,0.8821568585322959,0.0,0.324465876226824,True
2010-05-04,1.1514359663561204,0.25687998558219033,0.8556551119197447,0.0,0.29578085443637564,True
2010-05-05,1.142158582784615,0.25471104202403283,0.8512381800068533,0.0,0.2909204027777619,True
2010-05-06,1.0852129183362154,0.24181431525798805,0.8227928995796207,0.0,0.2624200187565948,True
2010-05-07,1.0456210913819974,0.23270669252840442,0.8022980655685522,0.0,0.24332302581344514,True
2010-05-10,1.1236095330357232,0.24885438435450755,0.8439943744372627,0.0,0.2796151585984606,True
2010-05-11,1.122541511335221,0.24892676934753713,0.8431108794600428,0.0,0.2794306318751783,True
2010-05-12,1.1534986341743068,0.25529863708068484,0.8590120049951747,0.0,0.294486629179132,True
2010-05-13,1.1265819146707223,0.24958165696712156,0.845407733698011,0.0,0.28117418097271124,True
2010-05-14,1.0930256947347243,0.24141471315253418,0.8291532101719914,0.0,0.2638724845627329,True
2010-05-17,1.09924198650232,0.24329372651388467,0.8318033072656452,0.0,0.26743867923667475,True
2010-05-18,1.077535724855609,0.23870827003371287,0.8203190360758037,0.0,0.25721668877980525,True
2010-05-19,1.0642104504676275,0.2353182245101921,0.8137823367583937,0.0,0.25042811370923385,True
2010-05-20,1.0086672885893284,0.22316308095508686,0.7835699888091201,0.0,0.22509729978020826,True
2010-05-21,1.0190682986748605,0.2225963781108383,0.7922273863422625,0.0,0.22684091233259793,True
2010-05-24,1.0177633260219985,0.22472443548234172,0.7890470371270744,0.0,0.22871628889492412,True
2010-05-25,1.0168583386671477,0.22333945102282102,0.789753755541249,0.0,0.22710458312589857,True
2010-05-26,1.0009989029898863,0.2198590056183487,0.780920279553472,0.0,0.2200786234364143,True
2010-05-27,1.0543294039624023,0.23133585392344763,0.8104252109801603,0.0,0.2439041929822419,True
2010-05-28,1.0461511816374625,0.22988668102161827,0.8056549586439822,0.0,0.24049622299348036,True
2010-06-01,1.0320751615834463,0.22657310582199164,0.798234686781751,0.0,0.23384047480169529,True
2010-06-02,1.0674352974882053,0.23448374189851032,0.8171390746986213,0.0,0.2502962227895839,True
2010-06-03,1.0817065225753573,0.237396902638837,0.8249127445517404,0.0,0.256793778023617,True
2010-06-04,1.0280810261518165,0.2251151654800456,0.7966443958227553,0.0,0.23143663032906125,True
2010-06-07,1.000175363811922,0.21798043081667676,0.7821567071159728,0.0,0.21801865669594916,True
2010-06-08,0.9975467982052051,0.2173366986968996,0.7807432702876236,0.0,0.21680352791758156,True
2010-06-09,0.9862286661404559,0.21498277226880785,0.7742064934026122,0.0,0.21202217273784377,True
2010-06-10,1.0259050601521207,0.2238160173599351,0.7962910753994684,0.0,0.2296139847526523,True
2010-06-11,1.039498668352134,0.22665771161177958,0.803888278959947,0.0,0.23561038939218687,True
2010-06-14,1.039454077115429,0.22679430447021467,0.8037118126673064,0.0,0.2357422644481226,True
2010-06-15,1.07823011505192,0.23461023193727856,0.8252662976778306,0.0,0.2529638173740895,True
2010-06-16,1.086684796813734,0.23747604348301862,0.8286231907532605,0.0,0.25806160606047357,True
2010-06-17,1.091923436102221,0.23870720647826005,0.8312734429821168,0.0,0.26064999312010406,True
2010-06-18,1.0933269410232827,0.23905305593788534,0.8319637946324467,0.0,0.26136314639083585,True
2010-06-21,1.0793784158195991,0.23577957084296403,0.8248830361604957,0.0,0.25449537965910346,True
2010-06-22,1.0669844508020367,0.23287461489257424,0.8185108577251475,0.0,0.24847359307688913,True
2010-06-23,1.0602933072237049,0.2312055555261188,0.8151476041064225,0.0,0.24514570311728243,True
2010-06-24,1.0360159211320843,0.2251502811371673,0.802756645226614,0.0,0.23325927590547013,True
2010-06-25,1.0360173922739795,0.22499722214598794,0.8029163569174038,0.0,0.2331010353565757,True
2010-06-28,1.0310922023469575,0.22404752513129894,0.8000785462289411,0.0,0.23101365611801633,True
2010-06-29,0.9744518947860813,0.2106153732044181,0.7692173452959584,0.0,0.20523454949012285,True
2010-06-30,0.9526034927069916,0.2047984502057601,0.7575117737400057,0.0,0.195091718966986,True
2010-07-01,0.9485730770857993,0.20366371144578696,0.7553831636289549,0.0,0.19318991345684447,True
2010-07-02,0.9453880141744236,0.20323197453089922,0.7532549413559098,0.0,0.19213307281851386,True
2010-07-06,0.9486980852015694,0.20358132604148735,0.7555608710032139,0.0,0.19313721419835544,True
2010-07-07,0.9910697995460658,0.21329302404326175,0.7796815249629362,0.0,0.21138827458312962,True
2010-07-08,0.9988930593069071,0.21519267478564724,0.7839385900498356,0.0,0.2149544692570715,True
2010-07-09,1.0123648030650307,0.2182783498982834,0.7913874843568951,0.0,0.22097731870813556,True
2010-07-12,1.017180226019434,0.21971195581987518,0.7936935691394015,0.0,0.22348665688003255,True
2010-07-13,1.0351002840947077,0.22328287282533477,0.8039801189997211,0.0,0.2311201650949865,True
2010-07-14,1.0428767896908337,0.22516297009590547,0.8080595542799626,0.0,0.2348172354108711,True
2010-07-15,1.0444059293079542,0.22561800924350536,0.8087691426953804,0.0,0.2356367866125738,True
2010-07-16,1.0030929649855447,0.21600357722425292,0.7864212962601848,0.0,0.21667166872535992,True
2010-07-19,1.014719831977342,0.21834446037953384,0.7931613778278381,0.0,0.221558454149504,True
2010-07-20,1.03129638761877,0.22162207789146132,0.8027383392727402,0.0,0.22855804834602972,True
2010-07-21,1.0122968399007837,0.2178751527615094,0.7917425112674072,0.0,0.22055432863337646,True
2010-07-22,1.0472092119916394,0.22481160520790028,0.8117844280552986,0.0,0.23542478393634078,True
2010-07-23,1.0584805815056084,0.22820740922744423,0.816927470282655,0.0,0.24155311122295353,True
2010-07-26,1.0705291447514815,0.23059802190521933,0.8236672415799036,0.0,0.24686190317157786,True
2010-07-27,1.0701222083712363,0.23063640631651255,0.8233130679130042,0.0,0.24680914045823216,True
2010-07-28,1.0585142176404527,0.22839945167006867,0.8167501507464017,0.0,0.24176406689405114,True
2010-07-29,1.046725702130619,0.22547069063887473,0.8107197351617674,0.0,0.23600596696885176,True
2010-07-30,1.0501116116409923,0.22627849278473924,0.8124939389031152,0.0,0.23761767273787718,True
2010-08-02,1.0781481447824743,0.23225166396372487,0.8277464441573417,0.0,0.2504017006251326,True
2010-08-03,1.0720128857284572,0.23116634230883637,0.8241995880266693,0.0,0.24781329770178803,True
2010-08-04,1.0875067237079827,0.23445473500193698,0.832535622988203,0.0,0.2549711007197798,True
2010-08-05,1.0840502821813027,0.2338137597181171,0.8305844099810067,0.0,0.25346587220029615,True
2010-08-06,1.0816202521656624,0.2332400452015488,0.8293430956596326,0.0,0.2522771565060297,True
2010-08-09,1.0917068462257098,0.23512565228640497,0.8350185619013558,0.0,0.25668828432435403,True
2010-08-10,1.0789930779268568,0.23285286894727125,0.8277464441573417,0.0,0.2512466337695152,True
2010-08-11,1.0357874172810528,0.22259911596955256,0.8052220538619045,0.0,0.2305653634191484,True
2010-08-12,1.0229034977054812,0.21904980213063702,0.7988366889343589,0.0,0.22406680877112217,True
2010-08-13,1.0127643119310044,0.21683518219995,0.7931613778278381,0.0,0.2196029341031663,True
2010-08-16,1.0154244859001307,0.2174897293827763,0.7945800892530664,0.0,0.22084439664706418,True
2010-08-17,1.0339345876281447,0.22172072374877508,0.8046898625503413,0.0,0.22924472507780355,True
2010-08-18,1.039187005880549,0.222582432062692,0.8078822347437093,0.0,0.2313047711368396,True
2010-08-19,1.0184432816115423,0.21876423448736743,0.7956443167409908,0.0,0.22279896487055142,True
2010-08-20,1.0187414714585847,0.2179484846283688,0.7967083115261115,0.0,0.22203315993247316,True
2010-08-23,1.0048101606645061,0.21487227774526438,0.7889043127409386,0.0,0.21590584792356748,True
2010-08-24,0.9777009310056455,0.2081591529258774,0.7741835333926687,0.0,0.20351739761297685,True
2010-08-25,0.9912520973767638,0.21146927200594579,0.7816327379701327,0.0,0.20961935940663112,True
2010-08-26,0.9750106046874484,0.20797514720014193,0.7722326306558769,0.0,0.20277797403157147,True
2010-08-27,0.991119222906835,0.2113635575771634,0.7816327379701327,0.0,0.20948648493670227,True
2010-08-30,0.9761728225299465,0.20764650774374252,0.773473944977251,0.0,0.20269887755269553,True
2010-08-31,0.9725082199743538,0.2073963843586126,0.7708135313926425,0.0,0.20169468858171125,True
2010-09-01,1.01247041813371,0.21590738436724494,0.79387057840525,0.0,0.21859983972846014,True
2010-09-02,1.0288398280239328,0.21976354588202526,0.8027383392727402,0.0,0.22610148875119254,True
2010-09-03,1.0536587004744682,0.2255167376598102,0.816041027736591,0.0,0.23761767273787718,True
2010-09-07,1.042375949079352,0.22240845386752564,0.8105427258959187,0.0,0.23183322318343333,True
2010-09-08,1.0603189894931924,0.2263672721029318,0.8202974722826811,0.0,0.24002151721051118,True
2010-09-09,1.0665483076262605,0.22789245107515685,0.8234899996112516,0.0,0.2430583080150089,True
2010-09-10,1.0721790981372128,0.22913534116014578,0.826504974700765,0.0,0.24567412343644768,True
2010-09-13,1.0945372928409716,0.2343489618491867,0.8380336145584706,0.0,0.2565036782825009,True
2010-09-14,1.1013332668355238,0.23585268522281658,0.8415808585271488,0.0,0.25975240830837504,True
2010-09-15,1.1110652852779217,0.23775704549663637,0.8469016856963655,0.0,0.2641635995815561,True
2010-09-16,1.1181599693163318,0.23957928981604348,0.8502719979667961,0.0,0.26788797134953574,True
2010-09-17,1.1238917895681788,0.24089523074095787,0.8531516175922844,0.0,0.2707401719758945,True
2010-09-20,1.1529297545085153,0.24706173227544775,0.8680849321677347,0.0,0.2848448223407805,True
2010-09-21,1.151854351276528,0.2465130475640184,0.8679072247934757,0.0,0.2839471264830523,True
2010-09-22,1.1481962225166125,0.24612535420811404,0.8655960205492926,0.0,0.2826002019673198,True
2010-09-23,1.1469948593460044,0.24564561144230515,0.8652406058007744,0.0,0.28175425354523004,True
2010-09-24,1.1805494872408007,0.25217835309495257,0.8828404618013248,0.0,0.2977090254394758,True
2010-09-27,1.17234138377473,0.2510369115528726,0.8780404235063008,0.0,0.29430096026842917,True
2010-09-28,1.1727254260860154,0.25158531428838793,0.8776849311901815,0.0,0.29504049489583384,True
2010-09-29,1.1689270689362015,0.2503697276354784,0.8762631170609066,0.0,0.2926639518752948,True
2010-09-30,1.161052779984159,0.24865464285863031,0.872351615637178,0.0,0.28870116434698095,True
2010-10-01,1.1590881276597214,0.24830168222428828,0.871284595715612,0.0,0.2878035319441094,True
2010-10-04,1.1396818665781006,0.24376885349945907,0.8618629246082335,0.0,0.27781894196986706,True
2010-10-05,1.1813416259444092,0.25267979861833045,0.8828404618013248,0.0,0.29850116414308436,True
2010-10-06,1.1660903036720904,0.2494609318968723,0.875196329842144,0.0,0.2908939738299465,True
2010-10-07,1.1721418716886662,0.25060627735980295,0.8783957606872177,0.0,0.2937461110014485,True
2010-10-08,1.1841040106460003,0.25307199303551897,0.8844404487104657,0.0,0.2996635619355347,True
2010-10-11,1.1850670832150176,0.2533790250707281,0.884795941026585,0.0,0.3002711421884326,True
2010-10-12,1.197345699768201,0.25598698491380006,0.8908407841850352,0.0,0.3065049155831659,True
2010-10-13,1.2120820077165972,0.25901938732276747,0.8981292686928943,0.0,0.3139527390237029,True
2010-10-14,1.2085617020457704,0.2583320360684847,0.8963514968418932,0.0,0.3122102052038772,True
2010-10-15,1.2474995674237228,0.26623312024827744,0.9153738650801286,0.0,0.3321257023435941,True
2010-10-18,1.2441217310959796,0.2669559529765756,0.9119960287523855,0.0,0.3321257023435941,True
2010-10-19,1.2223811910598763,0.26089953503379615,0.9034625066782968,0.0,0.31891868438157966,True
2010-10-20,1.235589416797119,0.26347682580859527,0.9100402392567206,0.0,0.32554917754039836,True
2010-10-21,1.2396378466294513,0.2644482573002014,0.9118177784049185,0.0,0.32782006822453275,True
2010-10-22,1.252252412856758,0.2668888141523278,0.9180402513700266,0.0,0.33421216148673133,True
2010-10-25,1.261768397892802,0.26889530686494173,0.9224847973489312,0.0,0.3392836005438709,True
2010-10-26,1.26629072389612,0.26954092265146296,0.9249735538321708,0.0,0.3413171700639491,True
2010-10-27,1.2726487008137357,0.27095510745338924,0.9278180353343336,0.0,0.344830665479402,True
2010-10-28,1.2765853464582453,0.27167129887401653,0.9297737472623974,0.0,0.34681159919584786,True
2010-10-29,1.2727875062646938,0.2711742349809341,0.9276403279600746,0.0,0.3451471783046192,True
2010-11-01,1.274291768286022,0.2714765245826012,0.9283514677275154,0.0,0.34594030055850655,True
2010-11-02,1.2947324554691513,0.27528927718084,0.9383064936604746,0.0,0.35642596180867675,True
2010-11-03,1.3041500481998716,0.2772507360626456,0.9425734874003225,0.0,0.36157656079954914,True
2010-11-04,1.328516688289952,0.28180905532638373,0.9541286553776248,0.0,0.37438803291232714,True
2010-11-05,1.3289649333976774,0.28205129315318594,0.9541286553776248,0.0,0.37483627802005254,True
2010-11-08,1.33116090183948,0.28230077321948605,0.9553731499706464,0.0,0.3757877518688336,True
2010-11-09,1.3199299600393022,0.2800997925420126,0.9502178520623066,0.0,0.36971210797699555,True
2010-11-10,1.3303830541021555,0.28214783492754486,0.9550183557629375,0.0,0.37536469833921793,True
2010-11-11,1.3180255737728994,0.2800035415164089,0.9489737453072908,0.0,0.3690518284656087,True
2010-11-12,1.2837791116465547,0.2728446547115451,0.9335068432034563,0.0,0.35027226844309833,True
2010-11-15,1.2764727372522988,0.2714680111886752,0.9299512219338528,0.0,0.34652151531844594,True
2010-11-16,1.2439890531981257,0.2647341044029164,0.914662725312688,0.0,0.3293263278854377,True
2010-11-17,1.249771203363623,0.26600248589622455,0.9173289564673832,0.0,0.33244224689623975,True
2010-11-18,1.279979601698515,0.271797148068208,0.9320847963713779,0.0,0.3478948053271371,True
2010-11-19,1.2815094184124094,0.27211146457120144,0.9327960137064201,0.0,0.3487134047059893,True
2010-11-22,1.2985239734467149,0.27562516751542926,0.9406180857426634,0.0,0.3579058877040516,True
2010-11-23,1.2666851957031413,0.2692071071766503,0.9256845384644096,0.0,0.3410006572387318,True
2010-11-24,1.3052676322198313,0.2765074448521378,0.9443514143865259,0.0,0.3609162178333055,True
2010-11-26,1.2967744836587083,0.27656715680818106,0.9381292516918224,0.0,0.358645231966886,True
2010-11-29,1.2910710647678607,0.2739221430131479,0.9374181119243816,0.0,0.35365295284347903,True
2010-11-30,1.2662489230409135,0.2686743307729451,0.9260403410509336,0.0,0.34020858198997994,True
2010-12-01,1.3074368297159857,0.2767561864426334,0.9455955987091429,0.0,0.36184123100684285,True
2010-12-02,1.3280249044273265,0.2807395198312981,0.9551958304343933,0.0,0.37282907399293314,True
2010-12-03,1.3336306551519925,0.2818965743227544,0.9576847420528353,0.0,0.37594591309915726,True
2010-12-06,1.332614463759052,0.2816160352948089,0.9573288618987101,0.0,0.375285601860342,True
2010-12-07,1.3334917121805159,0.28168866144807037,0.9578622167242908,0.0,0.37562949545622504,True
2010-12-08,1.3422507409945101,0.28372703683578915,0.9614179155614954,0.0,0.38083282543301467,True
2010-12-09,1.3435351163707627,0.28375013905833946,0.9623068402707966,0.0,0.3812282760999662,True
2010-12-10,1.3579385827446047,0.2866344858935736,0.968706555204557,0.0,0.3892320275400477,True
2010-12-13,1.349991813478791,0.28493706622763504,0.9653291067148195,0.0,0.3846627067639714,True
2010-12-14,1.3533801365496223,0.2854138336208993,0.9671067234306184,0.0,0.3862734131190038,True
2010-12-15,1.3451778735726445,0.2842285163103548,0.9628399623935738,0.0,0.38233791117907073,True
2010-12-16,1.3606221495102964,0.2868653117742297,0.9703068523841026,0.0,0.3903152971261937,True
2010-12-17,1.3626660497583285,0.2873074383914276,0.9711619576192976,0.0,0.391504092139031,True
2010-12-20,1.3644342559680114,0.2877089282848216,0.971874338468357,0.0,0.39255991749965446,True
2010-12-21,1.3767836102053865,0.28982843841839856,0.9777525664195141,0.0,0.39903104378587234,True
2010-12-22,1.3770285509080538,0.29008403774183994,0.9775745487748507,0.0,0.39945400213320303,True
2010-12-23,1.3714969006083606,0.28903909852263354,0.9750806728299342,0.0,0.3964162277784265,True
2010-12-27,1.3721905037756437,0.28900904550069306,0.9756150360343299,0.0,0.3965754677413139,True
2010-12-28,1.3686923997758493,0.2884931018312325,0.9738340839116812,0.0,0.3948583158641681,True
2010-12-29,1.373180467196144,0.2892622840142311,0.9759711488912586,0.0,0.3972093183048856,True
2010-12-30,1.3678797382769186,0.2882010450823003,0.9736553681586071,0.0,0.39422437011831135,True
2010-12-31,1.3606982384888402,0.2870624114149924,0.9700929209401014,0.0,0.3906053175487389,True
2011-01-03,1.3934838221009247,0.2929706495866995,0.9852339615514599,0.0,0.4082498605494647,True
2011-01-04,1.3921373403708062,0.29279863630052233,0.984521425567198,0.0,0.40761591480360815,True
2011-01-05,1.4106259568882002,0.29613266747652534,0.9928935294632716,0.0,0.4177324274249288,True
2011-01-06,1.4176094592095005,0.2973383608679495,0.9960997862572474,0.0,0.4215096729522532,True
2011-01-07,1.4157410062859181,0.2970401555974069,0.9952090774931196,0.0,0.42053192879279855,True
2011-01-10,1.4242105290210867,0.298593861366471,0.998950007761896,0.0,0.42526052125919067,True
2011-01-11,1.427589841328009,0.2992561182019746,1.0003748470276161,0.0,0.4272149943003929,True
2011-01-12,1.4433792955769527,0.30198513311255926,1.0075002068702346,0.0,0.4358790887067181,True
2011-01-13,1.4451092414157802,0.3025739274125955,1.007856862700371,0.0,0.43725237871540923,True
2011-01-14,1.4620728931527855,0.3055490240486866,1.0153379475619122,0.0,0.4467349455908733,True
2011-01-18,1.4684880296234368,0.3066419910655654,1.0181879363637572,0.0,0.4503000932596796,True
2011-01-19,1.4418283672543553,0.30185195679137894,1.0066096532413091,0.0,0.43521871401304607,True
2011-01-20,1.4249296058113954,0.2985726999949873,0.9994845261014941,0.0,0.4254450797099013,True
2011-01-21,1.4075499171572599,0.29535378220190944,0.9918247254868789,0.0,0.415725191670381,True
2011-01-24,1.4384348628753467,0.3009479433396802,1.0055408492649163,0.0,0.43289401361043056,True
2011-01-25,1.4413648055018067,0.3013804644602356,1.0069656109630352,0.0,0.4343991945387716,True
2011-01-26,1.4534447029468227,0.3035101017431448,1.0123095532773976,0.0,0.441135149669425,True
2011-01-27,1.4681840991737212,0.3062558521363139,1.0185441267882869,0.0,0.4496399723854344,True
2011-01-28,1.408440703488989,0.29516698192586077,0.992715511818608,0.0,0.415725191670381,True
2011-01-31,1.4194048819472118,0.29722306436446944,0.9975250133609734,0.0,0.42187986858623827,True
2011-02-01,1.4615366255975148,0.3046846766185,1.0162288114612423,0.0,0.4453078141362726,True
2011-02-02,1.4579257255291433,0.30406250393407647,1.0146251788748468,0.0,0.4433005466542964,True
2011-02-03,1.4614245135246038,0.3045095780643664,1.0164067515383048,0.0,0.44501776198629905,True
2011-02-04,1.4751545446064773,0.3071188826424561,1.0221067291419947,0.0,0.45304781546448253,True
2011-02-07,1.4865405286138051,0.3091907161527893,1.0269159979815567,0.0,0.4596245306322484,True
2011-02-08,1.5031097436681702,0.3123022125818611,1.0336852449672467,0.0,0.46942449870092356,True
2011-02-09,1.4984753605533359,0.31136406394220173,1.0319039825741931,0.0,0.46657137797914267,True
2011-02-10,1.5023500458579602,0.3120732649715052,1.033506761916976,0.0,0.46884328394098423,True
2011-02-11,1.5194458494429075,0.31488954673956127,1.0409882346165227,0.0,0.4784576148263848,True
2011-02-14,1.5249513845671292,0.31572752006593113,1.0434822656966414,0.0,0.48146911887048777,True
2011-02-15,1.522284959349737,0.3154650416168819,1.0420572712957188,0.0,0.4802276880540181,True
2011-02-16,1.5379288509601596,0.3180268337145762,1.0488262080110038,0.0,0.4891026429491559,True
2011-02-17,1.5371496105079538,0.31791293750202804,1.0484698624512718,0.0,0.4886797480566819,True
2011-02-18,1.5320609900580513,0.31715883296409497,1.0461543144214238,0.0,0.4859066756366275,True
2011-02-22,1.4589880028122337,0.3037145774294325,1.0158720780635044,0.0,0.4431159247487292,True
2011-02-23,1.4396811465285042,0.3001921228880334,1.0075002068702346,0.0,0.43218093965826954,True
2011-02-24,1.4511785953458143,0.3020542080087428,1.0128439940493945,0.0,0.4383346012964197,True
2011-02-25,1.484031174578194,0.3080226240709283,1.0269159979815567,0.0,0.4571151765966372,True
2011-02-28,1.489496919306134,0.30912652260864004,1.0290539162047467,0.0,0.4604430031013873,True
2011-03-01,1.4507961169959271,0.30211566647354865,1.012487881192466,0.0,0.438308235803461,True
2011-03-02,1.4623210100387598,0.30396153690997857,1.0178316683716262,0.0,0.44448934166713366,True
2011-03-03,1.5089689901654102,0.31213950891818276,1.037960150602413,0.0,0.4710088395629973,True
2011-03-04,1.4966520677139983,0.3100491000770254,1.0326164409908538,0.0,0.46403562672314447,True
2011-03-07,1.4642683267384151,0.30427905471253097,1.0187221444329506,0.0,0.4455461823054644,True
2011-03-08,1.473013709551471,0.3056282481562916,1.0228191099910544,0.0,0.45019459956041663,True
2011-03-09,1.4569807353302573,0.3027553121124596,1.0158720780635044,0.0,0.4411086572667529,True
2011-03-10,1.420947128908145,0.296230863326279,1.0000187341706877,0.0,0.42092839473745725,True
2011-03-11,1.4342073994292561,0.2983908758164188,1.006252997411172,0.0,0.42795440201808416,True
2011-03-14,1.4264724252644214,0.29708365536080816,1.0026907828954699,0.0,0.42378164236895155,True
2011-03-15,1.394893890491796,0.2913866924084491,0.9884403734806383,0.0,0.40645351701115784,True
2011-03-16,1.34117734045425,0.2808027044435585,0.9645711161162774,0.0,0.37660622433797253,True
2011-03-17,1.3599099894830902,0.284160510272914,0.9734772729463422,0.0,0.386432716536748,True
2011-03-18,1.3556023967860058,0.28350408208134537,0.9712835836179176,0.0,0.3843188131680883,True
2011-03-21,1.3957803023262443,0.29070974478247547,0.9900133668645753,0.0,0.4057669354616689,True
2011-03-22,1.3928870460986227,0.29051693013338886,0.9882297774434868,0.0,0.40465726865513596,True
2011-03-23,1.4045450425132355,0.2924687609986244,0.9937594941626293,0.0,0.41078554835060627,True
2011-03-24,1.444550630580619,0.2998381566281631,1.0114192323512756,0.0,0.43313139822934343,True
2011-03-25,1.4502174578646994,0.30085207858169505,1.013916521270643,0.0,0.43630093659405655,True
2011-03-28,1.4372923842607057,0.2984123600102585,1.0083865718486973,0.0,0.4289058124120085,True
2011-03-29,1.4594119384151203,0.30232324359711754,1.0181977874491044,0.0,0.4412141509660159,True
2011-03-30,1.4707255108700166,0.30441554381905195,1.0230138046699675,0.0,0.44771170620004913,True
2011-03-31,1.4740546060816873,0.3050181981913947,1.0244411260989248,0.0,0.44961347998276235,True
2011-04-01,1.4752760479686073,0.30523107446889264,1.0249759547089277,0.0,0.4503000932596796,True
2011-04-04,1.467819574981052,0.30401070175331235,1.0215867159438137,0.0,0.4462328590372383,True
2011-04-05,1.4600724873620483,0.3021503329945819,1.018911099109378,0.0,0.4411613882526703,True
2011-04-06,1.4658975745606766,0.3032199175309675,1.021408232893543,0.0,0.44448934166713366,True
2011-04-07,1.4650791570391462,0.3033172957466332,1.0206953090712754,0.0,0.4443838479678707,True
2011-04-08,1.4536069403336354,0.30113232413485896,1.0158789040124065,0.0,0.43772803632122886,True
2011-04-11,1.446254480362029,0.2999232060541396,1.0124891998416856,0.0,0.4337652805203434,True
2011-04-12,1.4307402763500088,0.29719421047066136,1.005532549531592,0.0,0.4252077268184167,True
2011-04-13,1.4494454999585802,0.300356635153035,1.0140949267533126,0.0,0.4353505732052677,True
2011-04-14,1.445284059583525,0.29957647925216346,1.0123109494942186,0.0,0.43297311008930645,True
2011-04-15,1.4407012049993098,0.29858638686901395,1.0105274376407314,0.0,0.4301737673585785,True
2011-04-18,1.4252718625962006,0.295999577103672,1.0033919940099625,0.0,0.42187986858623827,True
2011-04-19,1.4391220037211532,0.2984368648306724,1.009634944821777,0.0,0.4294870588993762,True
2011-04-20,1.4905345777055383,0.30731693875953675,1.0324680541698334,0.0,0.45806652353570493,True
2011-04-21,1.5103618692390102,0.3109772951626789,1.040673620426215,0.0,0.46968824881279514,True
2011-04-25,1.5165235231506315,0.3120125446353417,1.0433491596930495,0.0,0.4731743634575821,True
2011-04-26,1.5305457989879347,0.31446943908889485,1.0492359200803345,0.0,0.48130987890760024,True
2011-04-27,1.547665631617571,0.317442276013964,1.0563711310083002,0.0,0.49129450060927093,True
2011-04-28,1.5453210716888894,0.3174454381074852,1.0547659470698814,0.0,0.4905551246190081,True
2011-04-29,1.5420512708891763,0.3165768030667062,1.0538736093861294,0.0,0.4881776615030468,True
2011-05-02,1.537447953462556,0.3158067337852232,1.0519115369147702,0.0,0.48553641654778573,True
2011-05-03,1.5251626522957278,0.3135703395748783,1.0469168815084344,0.0,0.4782457707872934,True
2011-05-04,1.5207577342866359,0.31263774544763256,1.0453114648672122,0.0,0.4754462694194237,True
2011-05-05,1.5079183155822489,0.3105704669210931,1.0396034202330016,0.0,0.46831489534924725,True
2011-05-06,1.5153746510492854,0.31172636049235986,1.0429924262953119,0.0,0.47238222475397357,True
2011-05-09,1.5244231493957514,0.31323735019150706,1.0469168815084344,0.0,0.4775062678873171,True
2011-05-10,1.5455988370208344,0.31687583526173474,1.0558359145602918,0.0,0.48976292246054276,True
2011-05-11,1.5273626366381068,0.31374156860911245,1.0481654871843173,0.0,0.4791971494537895,True
2011-05-12,1.5420582221532217,0.31623270391370983,1.0544089809693402,0.0,0.48764924118388153,True
2011-05-13,1.5122973526220425,0.31103333812070627,1.0419224588049016,0.0,0.4703748938171407,True
2011-05-16,1.4698210713372832,0.30338073326399156,1.0239056769481127,0.0,0.4459153943891706,True
2011-05-17,1.476320571669837,0.30451429445362765,1.0267598544004204,0.0,0.44956071726941665,True
2011-05-18,1.4958178105742435,0.30785549605838736,1.0353220764869389,0.0,0.4604957340873046,True
2011-05-19,1.502813071742505,0.30905938910263314,1.0383545818543147,0.0,0.46445848988819016,True
2011-05-20,1.484715916412431,0.30592400873689335,1.0305056714280698,0.0,0.4542102449843612,True
2011-05-23,1.449848284122087,0.2996898064792986,1.0153435324291957,0.0,0.4345047516928914,True
2011-05-24,1.43541749222204,0.29699881794161603,1.0091001937793753,0.0,0.4263172984426647,True
2011-05-25,1.4440958936187454,0.2985060768237714,1.0130244938572954,0.0,0.43107139976145,True
2011-05-26,1.458422048460095,0.3011160016516955,1.0192678325071158,0.0,0.4391542159529791,True
2011-05-27,1.4701455013621412,0.3031702473328358,1.0244411260989248,0.0,0.44570437526321627,True
2011-05-31,1.5081830981962978,0.3097451726256767,1.0410306640943576,0.0,0.4671524341019402,True
2011-06-01,1.4556809782499514,0.3004127825328323,1.0183758050937681,0.0,0.4373051731561832,True
2011-06-02,1.4603571898452943,0.3011871563261121,1.020516360615398,0.0,0.43984082922989637,True
2011-06-03,1.4250474795280101,0.29463690989834285,1.0051758937014552,0.0,0.4198715858265549,True
2011-06-06,1.4066990668847776,0.2912696461419241,0.9969703274450736,0.0,0.409728739439704,True
2011-06-07,1.4025390437381797,0.2904391360549076,0.9951868155915865,0.0,0.4073522281465932,True
2011-06-08,1.3866342023663927,0.28744627077953533,0.9880513719608175,0.0,0.39858283040557513,True
2011-06-09,1.3901614008379313,0.2879710831271269,0.9898351165171081,0.0,0.40032628432082307,True
2011-06-10,1.356615018464919,0.2815407640237382,0.974672589680228,0.0,0.381942428784691,True
2011-06-13,1.3568786733945055,0.2816803677502808,0.974672589680228,0.0,0.3822060837142775,True
2011-06-14,1.383575417190694,0.2865158074167992,0.9871591894122674,0.0,0.3964162277784265,True
2011-06-15,1.3431863232765546,0.27900607929030247,0.9684291734628064,0.0,0.37475714981374825,True
2011-06-16,1.334210704986067,0.2769634360395664,0.9646831237323535,0.0,0.3695275812537134,True
2011-06-17,1.3284429409691385,0.2760983037266258,0.9616620983699493,0.0,0.36678084259918925,True
2011-06-20,1.3383080297410619,0.2776940551344643,0.9666678459432512,0.0,0.3716401837978108,True
2011-06-21,1.383822547567992,0.28646463990279014,0.9874063197895655,0.0,0.3964162277784265,True
2011-06-22,1.3677436859458765,0.2833048928860844,0.9802552075033618,0.0,0.38748847844251477,True
2011-06-23,1.387585243908466,0.2869823743154084,0.9893727360465893,0.0,0.3982125078618767,True
2011-06-24,1.349450157675153,0.2795509745086737,0.9722100510461806,0.0,0.37724010662897245,True
2011-06-27,1.3833351552247872,0.28595479907195254,0.9877638288633149,0.0,0.3955713263614723,True
2011-06-28,1.4157453909765398,0.2919461124124615,1.0024240279150787,0.0,0.41332136306146117,True
2011-06-29,1.425033995407838,0.29367598628456804,1.0065357313174026,0.0,0.4184982640904354,True
2011-06-30,1.4543438043660144,0.29869085510226884,1.0199446098272427,0.0,0.4343991945387716,True
2011-07-01,1.4898462428382506,0.30508297635885445,1.0353195167561005,0.0,0.4545267260821501,True
2011-07-05,1.5015814719029288,0.3070608937808275,1.0405045230556849,0.0,0.4610769488472439,True
2011-07-06,1.5098910295318804,0.30862500828039785,1.0439008980401054,0.0,0.465990131491775,True
2011-07-07,1.543053638104536,0.31421444325914294,1.0582038982885242,0.0,0.4848497398160118,True
2011-07-08,1.5361784417372069,0.3130074108029593,1.0553432051577192,0.0,0.4808352365794878,True
2011-07-11,1.4912686121461085,0.3051462677566541,1.0362135609270782,0.0,0.4550550512190304,True
2011-07-12,1.4723079922288274,0.3015407080458572,1.0283471977905723,0.0,0.443960794438255,True
2011-07-13,1.482516186701461,0.3034558313447122,1.0326380047839765,0.0,0.4498781819174844,True
2011-07-14,1.4550585898107098,0.29854412570100225,1.020659395271938,0.0,0.4343991945387716,True
2011-07-15,1.4859213457426965,0.3039693791362093,1.0342467568320486,0.0,0.45167458891064804,True
2011-07-18,1.4729303442597568,0.30159305330292857,1.028704784431923,0.0,0.44422555982783374,True
2011-07-19,1.5276767977992793,0.31129084079248903,1.0521250029531644,0.0,0.47555179484611493,True
2011-07-20,1.516551526861016,0.3091857008148341,1.047655480206686,0.0,0.4688960466543299,True
2011-07-21,1.5330328557625679,0.31206440046242995,1.0546278767398154,0.0,0.4784049790227526,True
2011-07-22,1.558782594185185,0.31643226091963156,1.0655334936249985,0.0,0.49324910056018656,True
2011-07-25,1.5537322344051505,0.3155911260866535,1.0633881289120968,0.0,0.49034410549305374,True
2011-07-26,1.5591074578882214,0.31623096099778375,1.0660694081814175,0.0,0.49303804970680387,True
2011-07-27,1.4941740483944814,0.30494193760319716,1.038537718960655,0.0,0.4556363294338264,True
2011-07-28,1.4983921757031131,0.3057053626970252,1.0403256521674082,0.0,0.45806652353570493,True
2011-07-29,1.4905577644342016,0.3043350892185075,1.0369287342097797,0.0,0.45362903022442186,True
2011-08-01,1.4796022202156998,0.3024466606056551,1.0321014696867483,0.0,0.44750075052895155,True
2011-08-02,1.4195319486309117,0.2913159421342842,1.0059996616257814,0.0,0.41353228700513034,True
2011-08-03,1.4399101509857588,0.2946408481539462,1.0156538028338382,0.0,0.4242563481519207,True
2011-08-04,1.3349718105194421,0.27454969913891003,0.9684557015824032,0.0,0.36651610893703884,True
2011-08-05,1.320810345808101,0.27137372933837484,0.9623771165174483,0.0,0.3584332292906529,True
2011-08-08,1.1999152712194088,0.24623687761557064,0.904451881431101,0.0,0.29546338978830783,True
2011-08-09,1.2840037399033113,0.2616264290547733,0.9480744265394341,0.0,0.3359293133638772,True
2011-08-10,1.205587405431966,0.24577915972145167,0.9092791459541323,0.0,0.2963082594778337,True
2011-08-11,1.2836702331659176,0.26045943268027627,0.9493262124869648,0.0,0.33434402067895286,True
2011-08-12,1.3005782853977028,0.26361334728341485,0.9577284901798899,0.0,0.34284979521781284,True
2011-08-15,1.3294937594691887,0.2690055631698106,0.971852541972431,0.0,0.3576412174967578,True
2011-08-16,1.3120780599260613,0.265570802156638,0.963628437059372,0.0,0.3484496228666894,True
2011-08-17,1.3007046580028652,0.2635471950705818,0.9579075937709698,0.0,0.34279706423189543,True
2011-08-18,1.2039740891047828,0.2434321145712526,0.9108881307050078,0.0,0.29308595839977497,True
2011-08-19,1.1710967753267114,0.2362371325804696,0.8944402311492946,0.0,0.27665654417741675,True
2011-08-22,1.1767979978013468,0.23720261673543286,0.8976584333538491,0.0,0.2791395644474976,True
2011-08-23,1.248355206824347,0.25128193811081134,0.9346660910028024,0.0,0.3136891158215447,True
2011-08-24,1.2630810191881778,0.2542079648126385,0.9419957639068778,0.0,0.32108525528129994,True
2011-08-25,1.2322799334341255,0.2480434766447037,0.926620934545621,0.0,0.3056589988885045,True
2011-08-26,1.2776032539242426,0.2565279719967672,0.9498622821785859,0.0,0.32774097174565675,True
2011-08-29,1.3319557326887752,0.26700123313194646,0.976321909583707,0.0,0.3556338231050682,True
2011-08-30,1.3456288532340612,0.26966637096070867,0.9827580037224117,0.0,0.3628708495116494,True
2011-08-31,1.3493517519644014,0.27048879601405795,0.9843672211760907,0.0,0.3649845307883107,True
2011-09-01,1.3301113709691814,0.26665693996015694,0.9754279429803304,0.0,0.35468342798885105,True
2011-09-02,1.2823980242106414,0.2572163699779249,0.9525442595563172,0.0,0.32985376465432426,True
2011-09-06,1.2825235576849356,0.2571500291260685,0.9527225874713854,0.0,0.3298009702135502,True
2011-09-07,1.3315947446781615,0.2663995362307942,0.9768585222485364,0.0,0.35473622242962505,True
2011-09-08,1.322211760744176,0.2645741642137812,0.9723886892316536,0.0,0.3498230715125224,True
2011-09-09,1.2775468571388306,0.25579539923000694,0.9507562487819627,0.0,0.32679060835686785,True
2011-09-12,1.3019596524515151,0.26041230269220583,0.962913341344272,0.0,0.3390463111072431,True
2011-09-13,1.3279860783629092,0.26521397845360417,0.9757856071892823,0.0,0.3522004711736269,True
2011-09-14,1.357145312008361,0.2707261730683074,0.9897305553907434,0.0,0.3674147566176176,True
2011-09-15,1.388498442691551,0.27663547119813037,1.0043905217397036,0.0,0.3841079209518474,True
2011-09-16,1.4077421212110115,0.2799839349255861,1.0135969427538611,0.0,0.3941451784571504,True
2011-09-19,1.4091037048127932,0.28042535009448966,1.0139553050712233,0.0,0.39514839974156996,True
2011-09-20,1.399026773804161,0.27844322296727814,1.0094772498886173,0.0,0.3895495239155438,True
2011-09-21,1.361662982619354,0.2715345205949108,0.9919244774219714,0.0,0.3697385051973826,True
2011-09-22,1.2934476813068414,0.2580419713088608,0.959683891837549,0.0,0.33376378946929247,True
2011-09-23,1.314063771310503,0.26191297694582116,0.9698934170699163,0.0,0.3441703542405866,True
2011-09-26,1.3370223743523575,0.26614723682239233,0.9811775638487633,0.0,0.3558448105035942,True
2011-09-27,1.3581149362641707,0.27002727832050755,0.991386856378327,0.0,0.3667280798858436,True
2011-09-28,1.3261523210898378,0.26350880428011375,0.9766995086661572,0.0,0.34945281242368065,True
2011-09-29,1.3041565670216326,0.26001398565610306,0.9650576201107571,0.0,0.3390989469108754,True
2011-09-30,1.2528987170240722,0.24961134759390133,0.9401609798690235,0.0,0.3127377371550487,True
2011-10-03,1.2042072583957943,0.23934951797296858,0.9159808315592111,0.0,0.2882264268365834,True
2011-10-04,1.240552022726559,0.24647451719784538,0.9347875618662198,0.0,0.30576446086033915,True
2011-10-05,1.2877977342525542,0.2554818091489787,0.9587888392877558,0.0,0.3290088949647983,True
2011-10-06,1.3208227639314827,0.26189274805386664,0.9749088605933632,0.0,0.34591390333811955,True
2011-10-07,1.3072418379012805,0.25915746607889056,0.9684603556384729,0.0,0.33878148226280763,True
2011-10-10,1.3754968284182938,0.2715688446332366,1.0019547439280565,0.0,0.37354208449023735,True
2011-10-11,1.390279995691253,0.27441916133423694,1.0087605252538927,0.0,0.38151947043736023,True
2011-10-12,1.4014235955023966,0.27661000079086795,1.0137758136421378,0.0,0.3876477818602589,True
2011-10-13,1.4211441992780864,0.2800942920227134,1.0230898209191048,0.0,0.39805437835898155,True
2011-10-14,1.4620540140509506,0.28725212782481907,1.0420758875199971,0.0,0.4199781265309535,True
2011-10-17,1.426493014525965,0.2807846231058334,1.025955711079188,0.0,0.4005373034467773,True
2011-10-18,1.4537375529054959,0.28551573360463695,1.0386726090190734,0.0,0.4150649438864224,True
2011-10-19,1.4097457539218905,0.2774499103558646,1.0186119208717013,0.0,0.39113383305018923,True
2011-10-20,1.3997648304461736,0.27588054742682877,1.0135969427538611,0.0,0.38616788769231253,True
2011-10-21,1.4262170115320367,0.2803944440011396,1.0263136855585444,0.0,0.3999033259734924,True
2011-10-24,1.4725184703088547,0.2885466650945698,1.0476281764110775,0.0,0.42489029389777727,True
2011-10-25,1.427831523704835,0.2807060579082848,1.027030565328471,0.0,0.4008009583763639,True
2011-10-26,1.4249932108896537,0.2801533915518849,1.0257765299205068,0.0,0.3992166809691468,True
2011-10-27,1.485465172050224,0.2904065400330204,1.0540763710955632,0.0,0.431388800954661,True
2011-10-28,1.4885029878440337,0.2907719505208714,1.0556880707124792,0.0,0.43281491713155457,True
2011-10-31,1.449322957765299,0.2838337452025387,1.0379561946547535,0.0,0.4113667631105456,True
2011-11-01,1.3904224825480163,0.27294737821879966,1.0109103113200606,0.0,0.3795121712279558,True
2011-11-02,1.4083693306860812,0.276107785259954,1.0195075939623035,0.0,0.3888617367237776,True
2011-11-03,1.453172128014008,0.28388187221952826,1.0406429036561553,0.0,0.4125292243578526,True
2011-11-04,1.441406570908833,0.28176447299460106,1.0352694080857507,0.0,0.4061371628230824,True
2011-11-07,1.4577833221065786,0.2847956020985336,1.042613043158035,0.0,0.41517027894854364,True
2011-11-08,1.483624878685045,0.28916424936475926,1.054613604301202,0.0,0.42901127438384307,True
2011-11-09,1.402173905026466,0.2743143140944283,1.0175375320280249,0.0,0.3846363729984411,True
2011-11-10,1.4000512381134451,0.2735978558719161,1.017000221254785,0.0,0.38305101685866005,True
2011-11-11,1.4407168561322257,0.2807989461870668,1.0361650811763528,0.0,0.4045517749558729,True
2011-11-14,1.4274009740345786,0.27860712916472874,1.029716886491867,0.0,0.39768408754271145,True
2011-11-15,1.4516492358420399,0.2827605242682128,1.0411801368617941,0.0,0.4104690989802457,True
2011-11-16,1.4142214936816497,0.27593713864356717,1.0239852613069036,0.0,0.39023623237474603,True
2011-11-17,1.3633835005317303,0.26654217704279787,0.9999842941557723,0.0,0.36339920637595796,True
2011-11-18,1.3469662677281848,0.26332020072563944,0.9922828397393337,0.0,0.35468342798885105,True
2011-11-21,1.307376934410493,0.25553475057313324,0.9732966955708402,0.0,0.33408023883965293,True
2011-11-22,1.3135065908047134,0.2565546211101866,0.9765204050750772,0.0,0.3369861857296362,True
2011-11-23,1.269076417330587,0.24788632148036482,0.9544897325610275,0.0,0.31458668476955953,True
2011-11-25,1.2546016091635015,0.24506207924996115,0.9471463301915467,0.0,0.3074552789719548,True
2011-11-28,1.3193071184821898,0.25710799565225656,0.9801027095994799,0.0,0.33920440888271,True
2011-11-29,1.3070894259850303,0.25482277975254813,0.9740132650703623,0.0,0.33307616091466796,True
2011-11-30,1.3796474311375189,0.26791841140058564,1.010014483094256,0.0,0.3696329480432629,True
2011-12-01,1.3945578559866818,0.27073644389229456,1.017000221254785,0.0,0.37755763473189685,True
2011-12-02,1.3880988767992348,0.2694080496430136,1.0141338656890952,0.0,0.3739650111101397,True
2011-12-05,1.4114599012803533,0.27363206123159495,1.0252392191472668,0.0,0.3862206821330866,True
2011-12-06,1.405636471929851,0.27266152768593765,1.0223734841223864,0.0,0.3832629878074648,True
2011-12-07,1.4062176549623622,0.2729621331985407,1.0223734841223864,0.0,0.3838441708399758,True
2011-12-08,1.3694767270542645,0.2660124692791001,1.0051788412702993,0.0,0.3642978857839651,True
2011-12-09,1.4028710639991842,0.27199377848419254,1.0212988625759065,0.0,0.3815722014232776,True
2011-12-12,1.3788875182391895,0.26764462190279315,1.0098356897735807,0.0,0.3690518284656087,True
2011-12-13,1.3553154922468003,0.26310127460275434,0.9987302587478077,0.0,0.35658523349899257,True
2011-12-14,1.323144779797425,0.2569610039902278,0.9831481687562497,0.0,0.3399966110411752,True
2011-12-15,1.3178163921625834,0.25599575162343385,0.980460994349241,0.0,0.3373553978133424,True
2011-12-16,1.3270908106962456,0.2573914831189762,0.9855089386975744,0.0,0.3415818719986711,True
2011-12-19,1.3079339592724153,0.25393155364537734,0.9758082569288211,0.0,0.3321257023435941,True
2011-12-20,1.366333335147753,0.2646521024155949,1.0047303454003884,0.0,0.36160298974736443,True
2011-12-21,1.3369071991771564,0.2592161079128745,0.9903593183657518,0.0,0.3465478808114046,True
2011-12-22,1.3538021964084976,0.2622243325509376,0.9988023190492861,0.0,0.3549998773592116,True
2011-12-23,1.3716176686522155,0.2655203417163373,1.0074252765675134,0.0,0.36419239208470217,True
2011-12-27,1.3781748690034568,0.2662882905875965,1.0111830390057415,0.0,0.36699182999771524,True
2011-12-28,1.3547071494071796,0.26220488552507426,0.9994963163768704,0.0,0.3552108330303092,True
2011-12-29,1.3688193290174098,0.264557493008578,1.00668791895088,0.0,0.3621314100665298,True
2011-12-30,1.3629847757725133,0.26351995297226055,1.0038110917590335,0.0,0.35917368401347977,True
2012-01-03,1.4026670413986908,0.27063987532012507,1.0230494081989003,0.0,0.3796176331997904,True
2012-01-04,1.4115254384449532,0.27215985365357703,1.0273648816894736,0.0,0.3841605567554796,True
2012-01-05,1.4294322104084785,0.2753657875794444,1.0358154839979217,0.0,0.3936167264105567,True
2012-01-06,1.4370952952600367,0.27672770821419473,1.0394112077173252,0.0,0.39768408754271145,True
2012-01-09,1.43035101787491,0.2757058880336971,1.0359948202918052,0.0,0.39435619758310464,True
2012-01-10,1.445985551285209,0.2783146634414936,1.0435465692380035,0.0,0.40243898204720546,True
2012-01-11,1.4509428599095946,0.27929322810669005,1.0457043447670908,0.0,0.40523851514250364,True
2012-01-12,1.4598858328079396,0.2808755279850138,1.049839628720168,0.0,0.41004620408777165,True
2012-01-13,1.45140751982772,0.27927641023946664,1.046063637895667,0.0,0.4053438819320532,True
2012-01-17,1.4718202510574723,0.2827976296188107,1.0555929728334563,0.0,0.41622727822401606,True
2012-01-18,1.5023793319268286,0.28805112666246463,1.0696172726909048,0.0,0.43276205923592387,True
2012-01-19,1.517694731938759,0.29085236796810965,1.0762696253016455,0.0,0.4414251066371135,True
2012-01-20,1.5141220753295717,0.29024784228687917,1.0746514100062319,0.0,0.4394706653233397,True
2012-01-23,1.5144290253102362,0.29015419474504994,1.0750110909728137,0.0,0.43941793433742243,True
2012-01-24,1.5100216330547722,0.28939170848269113,1.0730338928192285,0.0,0.4369877402355438,True
2012-01-25,1.5401999141349914,0.29456034927777097,1.0865180894697954,0.0,0.4536818246651959,True
2012-01-26,1.5316167138835737,0.2930720644376517,1.0827426416185026,0.0,0.4488740722650711,True
2012-01-27,1.5392904967632262,0.29449379637872597,1.0859789946417286,0.0,0.45331150212149746,True
2012-01-30,1.5409288671381967,0.2946605461482966,1.0868779255715797,0.0,0.454050941566617,True
2012-01-31,1.543952513466127,0.29511032590693903,1.0883161840323006,0.0,0.4556363294338264,True
2012-02-01,1.5639614826013761,0.29849516303300894,1.0971265448749319,0.0,0.46683493772644413,True
2012-02-02,1.572185252203699,0.29999186460231847,1.100542466894845,0.0,0.471642785308854,True
2012-02-03,1.606042089045058,0.3053449864601086,1.1156451891112302,0.0,0.4903968999338278,True
2012-02-06,1.6046674370545306,0.30531010199373954,1.1147462581813792,0.0,0.4899211788731514,True
2012-02-07,1.6091176978967465,0.30577871382405447,1.1170837578423558,0.0,0.4920339400543906,True
2012-02-08,1.6232396648460972,0.3081628850322491,1.123017446628343,0.0,0.5002222182177544,True
2012-02-09,1.642424733673709,0.3113180365516108,1.1311082904026077,0.0,0.5113164432711014,True
2012-02-10,1.623577490255393,0.30819623801981383,1.12319701562503,0.0,0.5003804746303631,True
2012-02-13,1.6474778814724593,0.311902390610623,1.1336255917630746,0.0,0.5138522897093847,True
2012-02-14,1.6548443723736141,0.3132272904193518,1.1365019535493142,0.0,0.5183424188243,True
2012-02-15,1.6353636345023035,0.309883720782864,1.128591066609742,0.0,0.5067725678925615,True
2012-02-16,1.6720104557071525,0.31576172657577706,1.1440535473603102,0.0,0.5279569083468423,True
2012-02-17,1.6639242891004895,0.314597619629538,1.1404576685057044,0.0,0.5234666205947852,True
2012-02-21,1.6715980437546534,0.31580808516332975,1.1436938663937284,0.0,0.527904177360925,True
2012-02-22,1.6594103912650082,0.3139252212102782,1.1384796171085063,0.0,0.520930774156502,True
2012-02-23,1.67684059843568,0.3165530926081841,1.1460315211899073,0.0,0.5308090772457726,True
2012-02-24,1.6859738418607455,0.31790943622286905,1.1499868483082913,0.0,0.5359869935524542,True
2012-02-27,1.690180274967843,0.318649703847235,1.1516048309009017,0.0,0.5385754440669414,True
2012-02-28,1.717979116418951,0.32287198655976423,1.1632917862325758,0.0,0.5546873301863752,True
2012-02-29,1.705475793736897,0.3209647643543044,1.1580781574881636,0.0,0.5473976362487334,True
2012-03-01,1.727957571531376,0.3244930067426887,1.167247423621365,0.0,0.5607101479100108,True
2012-03-02,1.7253678224899094,0.3240000900165533,1.1663484926915142,0.0,0.5590193297983952,True
2012-03-05,1.6958879937039095,0.31935249365153984,1.1543019339608591,0.0,0.5415860597430504,True
2012-03-06,1.669029794159896,0.3151861856539945,1.1429746595957668,0.0,0.5260551345641291,True
2012-03-07,1.6897791122248815,0.31838145033105897,1.1517847877355945,0.0,0.5379943244892871,True
2012-03-08,1.7192488211853632,0.32284897296148035,1.1641911050004328,0.0,0.5550577161849303,True
2012-03-09,1.7308111952968446,0.324567989473532,1.169045285481067,0.0,0.5617659098157776,True
2012-03-12,1.7322494384404648,0.3248173937163984,1.1695846905795382,0.0,0.5626647478609265,True
2012-03-13,1.7857013775980348,0.33284464818257886,1.1913402308122705,0.0,0.5943611467857643,True
2012-03-14,1.7964926107182722,0.3345501449125488,1.1954757474681512,0.0,0.601016863250121,True
2012-03-15,1.8045044834374524,0.3356115691621534,1.198891902190868,0.0,0.6056125812465845,True
2012-03-16,1.8023375702056699,0.3352824108358956,1.1980454845270028,0.0,0.6042920856786672,True
2012-03-19,1.8239565591789428,0.3385202758065816,1.2065102817064635,0.0,0.6174462774724794,True
2012-03-20,1.8294984461956063,0.3393426759716558,1.2086715477776029,0.0,0.6208268984180034,True
2012-03-21,1.8294679303794923,0.3392330784396174,1.2088518924503013,0.0,0.6206160379291908,True
2012-03-22,1.823195031473733,0.33834290012371376,1.2063299370337648,0.0,0.6168650944399684,True
2012-03-23,1.8216297597448001,0.33816981180045885,1.2056095667217859,0.0,0.6160201930230141,True
2012-03-26,1.874873922487108,0.34572574631522834,1.226681736388293,0.0,0.648192186098815,True
2012-03-27,1.8791573468380318,0.3462586112216978,1.2284829336548446,0.0,0.6506744131831872,True
2012-03-28,1.866687193290645,0.3444964587527644,1.2236200656028806,0.0,0.6430671276877643,True
2012-03-29,1.8554012824821897,0.34303318191777254,1.2189370768180083,0.0,0.6364642056641815,True
2012-03-30,1.8486226403307362,0.3418905188798732,1.2165960866149794,0.0,0.6320265537157567,True
2012-04-02,1.8805115394880936,0.3463463940422132,1.2292031488316215,0.0,0.6513083906564722,True
2012-04-03,1.880205386195077,0.3464313410905521,1.228843312729837,0.0,0.65136207346524,True
2012-04-04,1.836883096721694,0.340135774200306,1.2120934425028052,0.0,0.624789654218889,True
2012-04-05,1.8558580684283044,0.34280651321525846,1.219657834967993,0.0,0.6362002334603115,True
2012-04-09,1.8320401122977295,0.33927602649835487,1.2104728226117558,0.0,0.6215672896859735,True
2012-04-10,1.7825822625890022,0.33185607725655514,1.1910215055391016,0.0,0.5915607570499007,True
2012-04-11,1.7969038681301304,0.33397399718265436,1.1967847007377375,0.0,0.6001191673923929,True
2012-04-12,1.8307185379972482,0.3387990575897171,1.2104728226117558,0.0,0.6202457153854924,True
2012-04-13,1.784296566381885,0.33189244171412635,1.1921020222232694,0.0,0.5921945441586156,True
2012-04-16,1.7523214858670269,0.32730702299835013,1.178774356991845,0.0,0.573547128875182,True
2012-04-17,1.81008404657004,0.33554032750571106,1.202727852771066,0.0,0.607356193798974,True
2012-04-18,1.802584991768374,0.3344745101997345,1.1996662595532548,0.0,0.6029187322151194,True
2012-04-19,1.7695838755850808,0.3296962020349795,1.1861587926223398,0.0,0.5834250829627409,True
2012-04-20,1.760055401586492,0.32790930690842823,1.18291685473183,0.0,0.5771385468546619,True
2012-04-23,1.7347227104990885,0.32432385303717276,1.1721107570789362,0.0,0.5626119534201524,True
2012-04-24,1.7184871335398118,0.32160849616951476,1.1658070708354127,0.0,0.552680062704399,True
2012-04-25,1.7933641658588606,0.33265940988366693,1.1967847007377375,0.0,0.5965794651211231,True
2012-04-26,1.811059192962719,0.3353013919875688,1.2038085245904364,0.0,0.6072506683722827,True
2012-04-27,1.8286699720995836,0.33776307963704727,1.211012770683435,0.0,0.6176572014161487,True
2012-04-30,1.807188349917228,0.3346748062221899,1.2023679391016806,0.0,0.6048204108155475,True
2012-05-01,1.81260379366002,0.33556962649653543,1.2043490156353238,0.0,0.6082547780246961,True
2012-05-02,1.820040117556085,0.33640436493262876,1.207770677657723,0.0,0.6122694398983618,True
2012-05-03,1.7882350292905898,0.3317525037450763,1.1949835810387868,0.0,0.593251448251803,True
2012-05-04,1.714988243162,0.3205394295225747,1.16526689006093,0.0,0.5497213531010701,True
2012-05-07,1.7168608668223484,0.32065117838941026,1.166347406745098,0.0,0.5505134600772503,True
2012-05-08,1.7064634768650744,0.31904520517511703,1.1620244867648133,0.0,0.5444389901002612,True
2012-05-09,1.6998500436934751,0.318514852568837,1.1584225576373168,0.0,0.5414274860561583,True
2012-05-10,1.691962069624456,0.3167213907323064,1.156081489866687,0.0,0.535880579757769,True
2012-05-11,1.6912544433180732,0.31654204670621466,1.1559013003291907,0.0,0.5353531429888826,True
2012-05-14,1.665656049130985,0.3125259678663412,1.145095280243898,0.0,0.520560768887087,True
2012-05-15,1.6573308341604167,0.31135470330552373,1.1413130840113042,0.0,0.5160177501491127,True
2012-05-16,1.6383864382228381,0.3081189665862926,1.1335685020086204,0.0,0.5048179362142177,True
2012-05-17,1.5833704892646356,0.2992069678242283,1.1096150062293992,0.0,0.4737554830352364,True
2012-05-18,1.5499444284994532,0.2933896682950708,1.0952067467462054,0.0,0.4547376817532477,True
2012-05-21,1.6188093162944244,0.3045357558537944,1.1258239975735378,0.0,0.49298531872088663,True
2012-05-22,1.6157525944195419,0.304000174322062,1.1245635240546772,0.0,0.4911890703648647,True
2012-05-23,1.6206601936925158,0.30477438500647047,1.126724479855412,0.0,0.4939357138371038,True
2012-05-24,1.6044012368450618,0.3023313096968027,1.119340509630524,0.0,0.4850607272145377,True
2012-05-25,1.6002135883186328,0.3014060470025408,1.1178995363037625,0.0,0.4823140520148703,True
2012-05-29,1.6324026964755896,0.30646544124108493,1.1321276838170613,0.0,0.5002750126585284,True
2012-05-30,1.6107068950178727,0.3030500687894728,1.122582059683028,0.0,0.4881248353348445,True
2012-05-31,1.5988714205541203,0.3009320698115273,1.117719734604272,0.0,0.48115168594984836,True
2012-06-01,1.531329631390521,0.28950460208854545,1.0880026557884093,0.0,0.4433269756021117,True
2012-06-04,1.5491231255607352,0.29231759065894136,1.0962871858627723,0.0,0.4528359396979628,True
2012-06-05,1.5598594020451846,0.2943019409543819,1.1007897524073451,0.0,0.45906964963783936,True
2012-06-06,1.616453818030779,0.30341085247781974,1.126004187111034,0.0,0.49044963091974514,True
2012-06-07,1.6064569175365926,0.301878806506546,1.1215016205664612,0.0,0.4849552969701314,True
2012-06-08,1.6315270747652066,0.3059827394619798,1.1323079509221585,0.0,0.49921912384304823,True
2012-06-11,1.5885576652368836,0.2992279209308445,1.1132168577892945,0.0,0.4753408074475891,True
2012-06-12,1.6170685853484656,0.30323024634566653,1.126724479855412,0.0,0.49034410549305374,True
2012-06-13,1.5997085478876447,0.30051019495851417,1.118979820285127,0.0,0.48072872760251767,True
2012-06-14,1.609240492306045,0.3020789208523565,1.12312286099832,0.0,0.486117631307725,True
2012-06-15,1.6411550111548934,0.30714867792814954,1.1370764192035103,0.0,0.504078591951383,True
2012-06-18,1.6648016163309485,0.3105923357129187,1.1477269938160768,0.0,0.5170746225148717,True
2012-06-19,1.6937263044683744,0.31533153470133085,1.1596409895163484,0.0,0.534085314952026,True
2012-06-20,1.6965303269731045,0.31593127752024636,1.1605433334206503,0.0,0.5359869935524542,True
2012-06-21,1.6274983696130931,0.3046623559676394,1.1316608819932763,0.0,0.49583748761981694,True
2012-06-22,1.6548389637039933,0.30895077222238543,1.1435751879639524,0.0,0.5112637757400408,True
2012-06-25,1.60249259703608,0.3001203475048798,1.1215519619396144,0.0,0.4809406350964657,True
2012-06-26,1.6188302320925327,0.30283452951374495,1.1285925403941641,0.0,0.4902376916983687,True
2012-06-27,1.6346711223430521,0.3053942270219429,1.1354519985000038,0.0,0.49921912384304823,True
2012-06-28,1.6040728870595795,0.30002197535826775,1.122815770865325,0.0,0.4812571161942546,True
2012-06-29,1.686470317042916,0.3132419946270133,1.1581969910531416,0.0,0.5282733259897745,True
2012-07-02,1.69412691162111,0.31432117343717525,1.161626952808865,0.0,0.532499958812245,True
2012-07-03,1.7165533027921058,0.3176006411560924,1.171374873246725,0.0,0.5451784295453808,True
2012-07-05,1.7191768113761907,0.3182221677145187,1.172096639775525,0.0,0.5470801716006657,True
2012-07-06,1.683001610884217,0.312255565095138,1.1574749918215381,0.0,0.5255266190626787,True
2012-07-09,1.6790390862904085,0.3119226983519431,1.1553086838563233,0.0,0.5237304024340852,True
2012-07-10,1.651607293857865,0.3073800810481292,1.1439361100121532,0.0,0.5076711838457119,True
2012-07-11,1.6383160130408458,0.3056174360092441,1.137618073762415,0.0,0.5006979392784306,True
2012-07-12,1.613190793404783,0.3014045601673155,1.1269677318526516,0.0,0.48622306155213135,True
2012-07-13,1.6514707027429596,0.30721331102624294,1.1441169200904586,0.0,0.5073537826525009,True
2012-07-16,1.6444175204798246,0.30621793652372337,1.1408673805750351,0.0,0.5035501399047895,True
2012-07-17,1.6580883480842146,0.3083453160567495,1.146824572344174,0.0,0.5112637757400408,True
2012-07-18,1.6944257480280678,0.3140160459520987,1.162348874472867,0.0,0.532076873555201,True
2012-07-19,1.7245707383489597,0.3185748728734024,1.17516583461825,0.0,0.5494049037307096,True
2012-07-20,1.687914315506123,0.31297401837093325,1.1596409895163484,0.0,0.5282733259897745,True
2012-07-23,1.6542887561750774,0.307520673677827,1.1455607634184632,0.0,0.5087279927566143,True
2012-07-24,1.633640253051165,0.30429307181339965,1.1365348422122064,0.0,0.49710541083895854,True
2012-07-25,1.6149653215078503,0.3009427898316192,1.12895315217196,0.0,0.48601216933589036,True
2012-07-26,1.6489661123574608,0.30627069808201596,1.1439361100121532,0.0,0.5050300023453075,True
2012-07-27,1.7142902790761037,0.3169104831377653,1.171013718495721,0.0,0.5432765605803825,True
2012-07-30,1.7101126704050218,0.31576956177309234,1.1701111418886154,0.0,0.5400015285164065,True
2012-07-31,1.7100686349073,0.3159628179636019,1.1697505301108195,0.0,0.5403181047964805,True
2012-08-01,1.701355901196139,0.314475935105693,1.166320413219894,0.0,0.5350354879762448,True
2012-08-02,1.691603862242448,0.31297845610451913,1.162168297097365,0.0,0.529435565145083,True
2012-08-03,1.7437392273990908,0.32088959923187227,1.184191445554102,0.0,0.5595477818449889,True
2012-08-06,1.765338361843963,0.32408569930945214,1.1932174443279597,0.0,0.5721209175160035,True
2012-08-07,1.7894243503031584,0.3276351584770319,1.2031460197089232,0.0,0.5862783305942352,True
2012-08-08,1.7879306330820914,0.32737673243165893,1.202603744609209,0.0,0.5853268884728824,True
2012-08-09,1.7965070082761638,0.32857806809768336,1.2062142061728331,0.0,0.5902928021033308,True
2012-08-10,1.7996597304701094,0.32935284911066726,1.2069366708100435,0.0,0.592723059660066,True
2012-08-13,1.8061405061534828,0.3301601847974663,1.2098248228716595,0.0,0.5963156832818232,True
2012-08-14,1.8075271749263107,0.3303744382640845,1.2103663998629632,0.0,0.5971607750633475,True
2012-08-15,1.8148224843418477,0.3313751772020051,1.2134353620028848,0.0,0.6013871223389629,True
2012-08-16,1.8508172026406045,0.33657606443816845,1.2278764325813696,0.0,0.6229407700592348,True
2012-08-17,1.8647899022128196,0.33864306342213873,1.2332917370887997,0.0,0.6314981651240198,True
2012-08-20,1.8690252495289088,0.3391759203818574,1.2350968903030106,0.0,0.6339283592258983,True
2012-08-21,1.8568622793680032,0.3374718392989244,1.23022355062489,0.0,0.6266387287431132,True
2012-08-22,1.868677466538163,0.33895621639718226,1.235277622813715,0.0,0.6333998437244479,True
2012-08-23,1.8445166164947273,0.33577802493016906,1.2251684700572496,0.0,0.6193481464374776,True
2012-08-24,1.863086424562101,0.3383288025444937,1.232750625503103,0.0,0.6303357990589978,True
2012-08-27,1.8681363549524663,0.33905439613403615,1.2347365112280184,0.0,0.6333998437244479,True
2012-08-28,1.8680310833452018,0.33901714899898916,1.2347365112280184,0.0,0.6332945721171834,True
2012-08-29,1.8682421341985844,0.33909181865353843,1.2347365112280184,0.0,0.633505622970566,True
2012-08-30,1.8364514999492803,0.334433652057029,1.2222803179956336,0.0,0.6141711819536466,True
2012-08-31,1.8576766931943323,0.33766513035318696,1.2304040504327907,0.0,0.6272726427615415,True
2012-09-04,1.8537709977609147,0.3369512451850269,1.229140551777485,0.0,0.6246304459834299,True
2012-09-05,1.8496547096658689,0.33615910787847564,1.2278764325813696,0.0,0.6217782770844994,True
2012-09-06,1.9180120491232704,0.34560682323484054,1.25513399789963,0.0,0.6628780512236404,True
2012-09-07,1.9133541982546525,0.3449571028032863,1.2533290773882229,0.0,0.6600251208664296,True
2012-09-10,1.8729880702803778,0.3394173456823905,1.2372634309710293,0.0,0.6357246393093485,True
2012-09-11,1.8682556186508243,0.33880695420802187,1.235277622813715,0.0,0.6329779958371095,True
2012-09-12,1.877359959474247,0.34009003253169645,1.2388885497829458,0.0,0.638471409691301,True
2012-09-13,1.919610043790518,0.34586920694734113,1.2556760402965408,0.0,0.6639340034939772,True
2012-09-14,1.9478130253520614,0.34959443842191573,1.266868424603215,0.0,0.6809446007488466,True
2012-09-17,1.9496221835646739,0.34992035789888676,1.267409691324114,0.0,0.6822124922405598,True
2012-09-18,1.951973243151739,0.35014840632438177,1.2684929228743225,0.0,0.6834803202774163,True
2012-09-19,1.958862805232597,0.35123608731049744,1.2708394979446347,0.0,0.6880233072879623,True
2012-09-20,1.956014669557557,0.3509375024913804,1.2695757665865253,0.0,0.6864389029710318,True
2012-09-21,1.9563765999845728,0.3508725789178039,1.269937697013541,0.0,0.6864389029710318,True
2012-09-24,1.9362757630639746,0.34796718788223296,1.2625153308260786,0.0,0.6737604322378961,True
2012-09-25,1.8914874821952647,0.3419068264437377,1.244774999899826,0.0,0.6467124822954388,True
2012-09-26,1.8643387853559532,0.33776154497327526,1.234636836860527,0.0,0.6297019484954262,True
2012-09-27,1.9080875951311391,0.3440269273787005,1.2516540826087594,0.0,0.6564335125223797,True
2012-09-28,1.8820255707506057,0.34042609534743346,1.2413349543559522,0.0,0.6406906163946535,True
2012-10-01,1.8774676252120277,0.3397890927826355,1.2395246041124637,0.0,0.637943021099564,True
2012-10-02,1.885209337912499,0.3405797013630426,1.2431453045994407,0.0,0.6420640333130582,True
2012-10-03,1.9053251614002351,0.3433608421561044,1.2511111094006349,0.0,0.6542140519996003,True
2012-10-04,1.917276479376203,0.3451882298454388,1.2554552053360364,0.0,0.6618212740401664,True
2012-10-05,1.8991679166579338,0.3424712661131506,1.2487574756786168,0.0,0.6504104409793171,True
2012-10-08,1.870541320790339,0.3385057110169822,1.2373524010095602,0.0,0.6331889197807786,True
2012-10-09,1.8182671823257919,0.3303407509013038,1.217619435977092,0.0,0.6006477463487,True
2012-10-10,1.8048216249808027,0.3287621847918179,1.211464524392595,0.0,0.5933571005882077,True
2012-10-11,1.7957380616851153,0.3274835846802463,1.2076633240977166,0.0,0.5880747375873988,True
2012-10-12,1.7950891399829256,0.3275430777781487,1.2071201181867883,0.0,0.5879690217961374,True
2012-10-15,1.8156867288997196,0.3302862537556858,1.2159903612175158,0.0,0.5996963676822039,True
2012-10-16,1.8589816451560006,0.33663198707173014,1.233188960017262,0.0,0.6257926851387384,True
2012-10-17,1.8563554075931306,0.33608381454670905,1.2324644010548202,0.0,0.6238910065383102,True
2012-10-18,1.8207127367200697,0.33094158112185607,1.2181631848612282,0.0,0.6025495518588415,True
2012-10-19,1.7480362558207017,0.3197984755390191,1.1890169260223065,0.0,0.5590193297983952,True
2012-10-22,1.7629605369207282,0.3220655497149438,1.1951716824716014,0.0,0.5677888544491267,True
2012-10-23,1.7347560992108764,0.31761766474754943,1.1837669180729498,0.0,0.5509891811379267,True
2012-10-24,1.7250990610036951,0.316211344916082,1.1796031668102465,0.0,0.5454958941934486,True
2012-10-25,1.7250990610036951,0.316211344916082,1.1796031668102465,0.0,0.5454958941934486,True
2012-10-26,1.7342442903751905,0.31783371799634125,1.1830429796513173,0.0,0.5512013107238732,True
2012-10-31,1.7163316509207085,0.3149332571115738,1.175801733812565,0.0,0.5405299171081435,True
2012-11-01,1.7559136712680852,0.3208909777609907,1.1924568164309786,0.0,0.5634568548371066,True
2012-11-02,1.722637674303889,0.3151293539627838,1.179783976888552,0.0,0.5428536974153368,True
2012-11-05,1.743734792850049,0.31895114518394624,1.1875685837734347,0.0,0.5561662090766144,True
2012-11-06,1.7492889565593326,0.3198715568098941,1.1897411747143438,0.0,0.5595477818449889,True
2012-11-07,1.6810794484744278,0.308967120134449,1.1616811725620761,0.0,0.5193982759123518,True
2012-11-08,1.6384950950862125,0.3021663484907016,1.1433970151840867,0.0,0.49509807990212573,True
2012-11-09,1.6487715967954095,0.3035514731300248,1.1482845497332197,0.0,0.5004870470621898,True
2012-11-12,1.6493300534123376,0.30389696124679555,1.148103662087313,0.0,0.5012263913250244,True
2012-11-13,1.6304824281847798,0.30073559642035214,1.140138322691726,0.0,0.49034410549305374,True
2012-11-14,1.5995470980522934,0.29558684986189887,1.1267420101332741,0.0,0.47280508791901926,True
2012-11-15,1.591518725463676,0.294422306339609,1.1229401117299855,0.0,0.4685786137336904,True
2012-11-16,1.6016902588321345,0.2958512043131991,1.127828266819928,0.0,0.4738619920122066,True
2012-11-19,1.6626084334725584,0.3055365812201106,1.1546207368016292,0.0,0.5079876966709292,True
2012-11-20,1.6630771338048365,0.3055144397155852,1.1549830550666507,0.0,0.5080940787381859,True
2012-11-21,1.6690221925102133,0.3065781966759667,1.157336378518264,0.0,0.5116858139919493,True
2012-11-23,1.7100373640620097,0.31294116029524804,1.1748962872042168,0.0,0.5351410768577928,True
2012-11-26,1.7219742035060497,0.31476011365026146,1.1799654075076669,0.0,0.5420087959983827,True
2012-11-27,1.7118631236486397,0.31303938519079794,1.1759825438908706,0.0,0.535880579757769,True
2012-11-28,1.7363707658972602,0.3168966385371916,1.1861207069301698,0.0,0.5502500589670906,True
2012-11-29,1.7529393055060667,0.31932577701374437,1.1931805997174085,0.0,0.5597587057886582,True
2012-11-30,1.7489407084543496,0.3189081820014695,1.191189206692811,0.0,0.5577515017615386,True
2012-12-03,1.743840741530497,0.3182657940438957,1.1888358832411976,0.0,0.5550048582892996,True
2012-12-04,1.7395236365138995,0.3169903662663663,1.1881114018463572,0.0,0.5514122346675424,True
2012-12-05,1.7092979880717467,0.31264396529851807,1.1748962872042168,0.0,0.5344017008675299,True
2012-12-06,1.726727402716863,0.3151788396886392,1.1824994634699846,0.0,0.5442279392468785,True
2012-12-07,1.7103694133264646,0.3127570855431448,1.1754392604123411,0.0,0.5349301529141235,True
2012-12-10,1.718563137121751,0.3140321424397602,1.178879073253412,0.0,0.5396840638683388,True
2012-12-11,1.7547650157505847,0.31941489415844837,1.1942669339716636,0.0,0.560498081778921,True
2012-12-12,1.7484269185917447,0.3183974435554864,1.1917322574685367,0.0,0.556694661123208,True
2012-12-13,1.7264403974339313,0.3151696344199297,1.1823188085268812,0.0,0.5441215889070502,True
2012-12-14,1.699790905840837,0.31103607068398487,1.1710946215037317,0.0,0.5286962843371052,True
2012-12-17,1.735962734059164,0.31642352164695375,1.1866632923002889,0.0,0.5492994417588749,True
2012-12-18,1.779528738616381,0.32298556721443955,1.204766639599973,0.0,0.574762099016408,True
2012-12-19,1.7660379683332907,0.32078643640200316,1.1995169419210205,0.0,0.5665210264122701,True
2012-12-20,1.766460070040056,0.3209487368181379,1.1995169419210205,0.0,0.5669431281190354,True
2012-12-21,1.7362007114595244,0.31638015013662235,1.1869012697006496,0.0,0.5492994417588749,True
2012-12-24,1.729184850052595,0.3149750981491603,1.184534682189238,0.0,0.5446501678633572,True
2012-12-26,1.705918920094245,0.311714964673052,1.1741584641819764,0.0,0.5317604559122686,True
2012-12-27,1.7011400585041923,0.3108514613920897,1.1723381852855392,0.0,0.5288018732186531,True
2012-12-28,1.6745337420992001,0.3066417938983065,1.1610517114786574,0.0,0.5134820306205429,True
2012-12-31,1.732601592984523,0.31569567911821167,1.1856267564459788,0.0,0.5469748365385444,True
2013-01-02,1.8213151402915118,0.3283371501349079,1.223309717630637,0.0,0.5980054226608749,True
2013-01-03,1.8062803516350918,0.3262741033726633,1.2169378494656933,0.0,0.5893425021693987,True
2013-01-04,1.7964645027497053,0.32482223989061515,1.212932879082566,0.0,0.5835316236671394,True
2013-01-07,1.7974628928132432,0.3249945261602234,1.2132972916728189,0.0,0.5841656011404244,True
2013-01-08,1.7917148242138026,0.32414977934451084,1.2109308592966095,0.0,0.5807839649171931,True
2013-01-09,1.80218255637798,0.32555036762670186,1.2154813626186993,0.0,0.5867011937592808,True
2013-01-10,1.8198182990398015,0.32808501982971017,1.2227631763128588,0.0,0.5970551227269427,True
2013-01-11,1.8236744572736678,0.3286076847060715,1.2244010162113663,0.0,0.5992734410623015,True
2013-01-14,1.8105007814367529,0.32673874715505946,1.2189400243868522,0.0,0.5915607570499007,True
2013-01-15,1.795724174936592,0.3245438826230675,1.212932879082566,0.0,0.582791295854026,True
2013-01-16,1.8071909177051166,0.3261097078319663,1.217848415535718,0.0,0.5893425021693987,True
2013-01-17,1.822101548690453,0.32842755098411974,1.2236731994096757,0.0,0.5984283492807773,True
2013-01-18,1.8159903648233824,0.32767126234331045,1.2209425095784159,0.0,0.5950478552449666,True
2013-01-22,1.820422917207111,0.32820830631696346,1.2229449947699793,0.0,0.5974779224371317,True
2013-01-23,1.8376062046951078,0.3304286897406276,1.2304083942184558,0.0,0.607197810476652,True
2013-01-24,1.7964821125025383,0.3245249318198144,1.213478877427136,0.0,0.5830032350754024,True
2013-01-25,1.8113342294582249,0.3266465934030561,1.2196680738913461,0.0,0.5916661555668786,True
2013-01-28,1.8182918306549314,0.32772118678401907,1.2223990739930106,0.0,0.5958927566619208,True
2013-01-29,1.8184739593824566,0.3276883639644103,1.2225812027205358,0.0,0.5958927566619208,True
2013-01-30,1.8126501617374315,0.3269343473978483,1.2200325640492,0.0,0.5926175976882314,True
2013-01-31,1.8061156140703405,0.32601127277551634,1.2173015639475355,0.0,0.588814050122805,True
2013-02-01,1.8398315678607977,0.330545707720393,1.23168314017593,0.0,0.6081484276848677,True
2013-02-04,1.7873946233920506,0.3229238518563792,1.2102022668189074,0.0,0.5771923565731432,True
2013-02-05,1.830591901539094,0.3291555869728475,1.2280423496802524,0.0,0.6025495518588415,True
2013-02-06,1.8209870400522332,0.32781653445374614,1.224037379297125,0.0,0.5969496607551081,True
2013-02-07,1.823558190672649,0.32816520599215826,1.2251298413918716,0.0,0.5984283492807773,True
2013-02-08,1.8542920352610026,0.33252660734402145,1.2376905957506208,0.0,0.6166014395103818,True
2013-02-11,1.8544434791344406,0.3323850273168086,1.238054232664862,0.0,0.6163892464695786,True
2013-02-12,1.8421626255961392,0.33070109902549877,1.2329574207277976,0.0,0.6092052048683416,True
2013-02-13,1.8536103766127412,0.3324776587857469,1.2373263382955704,0.0,0.6162840383171708,True
2013-02-14,1.8519785027070146,0.3320859046484212,1.2369625462461271,0.0,0.6150159564608875,True
2013-02-15,1.843054961372522,0.3308276780883465,1.2333213679124433,0.0,0.6097335934600786,True
2013-02-19,1.8652875003517273,0.3340215213251192,1.2422413317755145,0.0,0.6230461685762128,True
2013-02-20,1.8177518476452543,0.32712099975892617,1.2231270459299035,0.0,0.5946248017153508,True
2013-02-21,1.785310816064097,0.32223558654117324,1.210020138091382,0.0,0.5752906779727149,True
2013-02-22,1.8144111791536963,0.32638387095632615,1.2222166349950807,0.0,0.5921945441586156,True
2013-02-25,1.777220201104465,0.3207889325966266,1.2071076298030017,0.0,0.5701125713014634,True
2013-02-26,1.7886390299952097,0.32258065726009305,1.2116586760982997,0.0,0.57698035389691,True
2013-02-27,1.8185567190406413,0.32691822780053187,1.224037379297125,0.0,0.5945193397435162,True
2013-02-28,1.8137886550758937,0.3265540711856109,1.2214885854905868,0.0,0.5923000695853069,True
2013-03-01,1.825014367249238,0.3279033634035229,1.226586017968461,0.0,0.5984283492807773,True
2013-03-04,1.838188198221355,0.3297491703404933,1.232047164928177,0.0,0.606141033293178,True
2013-03-05,1.8830175477475608,0.33603835547230865,1.2502514276769712,0.0,0.6327661200705897,True
2013-03-06,1.8759076142044357,0.3351719012657409,1.247156092552655,0.0,0.6287515216517807,True
2013-03-07,1.8846792251432603,0.3365272007101129,1.2504334012692941,0.0,0.634245823873966,True
2013-03-08,1.8868745450073086,0.3365275140016102,1.2518893451430797,0.0,0.6349851998642289,True
2013-03-11,1.8970657027924778,0.33817260191725657,1.2555300580711566,0.0,0.6415356447213212,True
2013-03-12,1.8846964893963205,0.3362436596465685,1.2509792444786616,0.0,0.6337172449176589,True
2013-03-13,1.8810513537903484,0.33582820749284187,1.249341249444952,0.0,0.6317101043453962,True
2013-03-14,1.8916830761737415,0.337347713450881,1.253528115852801,0.0,0.6381549603209404,True
2013-03-15,1.8821747582919515,0.3358519923893551,1.2500426156946467,0.0,0.6321321425973048,True
2013-03-18,1.875105877553323,0.3348078031463453,1.247305798022895,0.0,0.6278000795304279,True
2013-03-19,1.8701988247769263,0.33433045469446016,1.2449344013202115,0.0,0.6252644234567148,True
2013-03-20,1.8908955978484978,0.3369850680172234,1.2536920161940535,0.0,0.6372035816544444,True
2013-03-21,1.8562727415927536,0.33228541778014925,1.2394603781387026,0.0,0.6168123634540511,True
2013-03-22,1.8853251800673516,0.336187573345528,1.251502282813288,0.0,0.6338228972540636,True
2013-03-25,1.8743195395081305,0.33472319869627437,1.246941307865041,0.0,0.6273782316430895,True
2013-03-26,1.8906845469951152,0.3369110578565,1.2536920161940535,0.0,0.6369925308010618,True
2013-03-27,1.895707478534525,0.33780173676971476,1.2553341998782257,0.0,0.6403732786562992,True
2013-03-28,1.9025071963408715,0.3385381679679262,1.2584358955458372,0.0,0.6440713007950343,True
2013-04-01,1.8814646146979506,0.3356979517586207,1.2498607972375262,0.0,0.6316038174604245,True
2013-04-02,1.9055811558378957,0.3389347351356176,1.2597135115045544,0.0,0.6458676443333412,True
2013-04-03,1.8769698249347297,0.33498222150355833,1.248218303282949,0.0,0.6287515216517807,True
2013-04-04,1.877650686895343,0.33502928708336704,1.248582715873202,0.0,0.6290679710221412,True
2013-04-05,1.8518252876097239,0.3313717590439698,1.2381826846123842,0.0,0.6136426029973395,True
2013-04-08,1.8677978206280896,0.3335725963994857,1.2447516520518769,0.0,0.6230461685762128,True
2013-04-09,1.8884462708672523,0.3364149984223977,1.2531446216326627,0.0,0.6353016492345894,True
2013-04-10,1.950087140147607,0.3448526241781142,1.2775944724917108,0.0,0.6724926676558962,True
2013-04-11,1.9483775346563965,0.3445586338631572,1.2770472330655223,0.0,0.6713303015908743,True
2013-04-12,1.9467252303387061,0.3444711789754565,1.276134495102665,0.0,0.6705907352360412,True
2013-04-15,1.8807634691320678,0.3348684914832013,1.2509550433870997,0.0,0.629808425744968,True
2013-04-16,1.9236751485110055,0.3410742114786443,1.2675591640915504,0.0,0.6561159844194552,True
2013-04-17,1.860508113902333,0.3320403034254758,1.2427444352366426,0.0,0.6177636786656904,True
2013-04-18,1.8166255634700015,0.32534617478609185,1.2255933853764078,0.0,0.5910321780935937,True
2013-04-19,1.8579240150903762,0.3313077017238793,1.2423794796731815,0.0,0.6155445354171946,True
2013-04-22,1.8896086638331335,0.33576092233331467,1.2551519160154982,0.0,0.6344567478176353,True
2013-04-23,1.9203517936146204,0.34012376117123205,1.267194518798494,0.0,0.6531572748161263,True
2013-04-24,1.9182195152179475,0.33967589672864995,1.2666465812638952,0.0,0.6515729339540525,True
2013-04-25,1.9355368180698977,0.3420956238350749,1.2733981428365202,0.0,0.6621386752333775,True
2013-04-26,1.9259226837002659,0.3408958106422056,1.2693837092060516,0.0,0.6565389744942143,True
2013-04-29,1.9550331639000142,0.3447365661521283,1.2810617442635923,0.0,0.6739714196364219,True
2013-04-30,1.9791303464616674,0.34801337198281707,1.2903665209960216,0.0,0.6887638254656459,True
2013-05-01,1.9643400246088456,0.3461693455797298,1.2843457237939313,0.0,0.6799943008149144,True
2013-05-02,2.005196649432754,0.3513929635778928,1.3005846562321177,0.0,0.7046119932006364,True
2013-05-03,2.045139626809188,0.3565666294074381,1.31591108341025,0.0,0.729228543398938,True
2013-05-06,2.059652161321885,0.3586197072637402,1.3210203061635006,0.0,0.7386318551583843,True
2013-05-07,2.05712622393094,0.3581869796430621,1.3202903950365787,0.0,0.7368358288943608,True
2013-05-08,2.075029703070377,0.3606468915542349,1.3266766907753382,0.0,0.7483530122950385,True
2013-05-09,2.070562587452503,0.36014885837358257,1.3248518353904326,0.0,0.7457107520620702,True
2013-05-10,2.0912696504055392,0.36264544508294716,1.3328802372457633,0.0,0.758389413159776,True
2013-05-13,2.0958701558550348,0.36326111168490016,1.3345220330919298,0.0,0.7613481227631049,True
2013-05-14,2.114003487340194,0.3654430307907025,1.3414556458244788,0.0,0.772547841515715,True
2013-05-15,2.122445890790317,0.36667751953925737,1.3441926961990338,0.0,0.778253194591283,True
2013-05-16,2.118133067720527,0.36607703988087714,1.3427331842155947,0.0,0.7753998835049319,True
2013-05-17,2.152959055429113,0.3703140539820276,1.3556880595558414,0.0,0.7972709958732717,True
2013-05-20,2.1473591374245204,0.36960672223810176,1.3536807651730058,0.0,0.7936783722515145,True
2013-05-21,2.1517771404212294,0.3702228281150147,1.3551401220212425,0.0,0.7966370183999867,True
2013-05-22,2.120477228887598,0.36651957720646033,1.3432808114797892,0.0,0.777196417407809,True
2013-05-23,2.1089228315598905,0.36451978805554847,1.340178727974172,0.0,0.7687441035857184,True
2013-05-24,2.107770085493412,0.36451846375412505,1.3394489719824525,0.0,0.7683211135109593,True
2013-05-28,2.132376474530309,0.3677443237941991,1.3482071298295026,0.0,0.7841693447008067,True
2013-05-29,2.1141566094753683,0.3653162551549488,1.3418208340907432,0.0,0.7723357753846252,True
2013-05-30,2.1338457334220053,0.3678376722866655,1.3489368858212223,0.0,0.7849088476007829,True
2013-05-31,2.099039689393179,0.3632662906621128,1.3365293274747654,0.0,0.7625103619184135,True
2013-06-03,2.1058489496304675,0.3641988473019372,1.338901189583056,0.0,0.7669477600474115,True
2013-06-04,2.0874000995861617,0.3619007166255331,1.3319685076617207,0.0,0.755431591924441,True
2013-06-05,2.0411165026667604,0.3559238416265062,1.314634475830348,0.0,0.7264820268364123,True
2013-06-06,2.056377256167622,0.3575982703555929,1.3210203061635006,0.0,0.7353569500041216,True
2013-06-07,2.1051871429816202,0.3639120880768727,1.3390840939865927,0.0,0.7661030489950273,True
2013-06-10,2.106051001026116,0.36391304604547287,1.3396315661155846,0.0,0.7664194349105312,True
2013-06-11,2.0705443699469757,0.35943781134511343,1.3263124333202878,0.0,0.7442319366266877,True
2013-06-12,2.029437545822206,0.35401533127474666,1.3109855407365485,0.0,0.7184520050856571,True
2013-06-13,2.071820977526878,0.3592163341810901,1.32758904090019,0.0,0.7442319366266877,True
2013-06-14,2.0499616973678263,0.3566556145160463,1.3188313484587468,0.0,0.7311303489090795,True
2013-06-17,2.0830193328527487,0.36073413085581446,1.331603164260254,0.0,0.7514161685924948,True
2013-06-18,2.1117169505101487,0.36423735913407734,1.342550745217665,0.0,0.7691662052924837,True
2013-06-19,2.0725605438817105,0.35944498952308496,1.32758904090019,0.0,0.7449715029815207,True
2013-06-20,1.9860545097682494,0.34743836244117393,1.2960229831754604,0.0,0.690031526592789,True
2013-06-21,1.9694513928125534,0.3454316022563675,1.2891406426272787,0.0,0.6803107501852749,True
2013-06-24,1.9356139686171634,0.340607975144239,1.2763284141055666,0.0,0.6592855545115966,True
2013-06-25,1.9590006023206699,0.34371470557782124,1.2856632870672462,0.0,0.6733373152534236,True
2013-06-26,1.9889162532626052,0.34778812592119723,1.2971947969261945,0.0,0.6917214563364108,True
2013-06-27,2.0021194753516833,0.3493466956819192,1.3026856522771553,0.0,0.6994338230745282,True
2013-06-28,2.00585160120818,0.349644918161845,1.30451578225894,0.0,0.7013358189492398,True
2013-07-01,2.028909395550394,0.3530661104399921,1.3125702468282607,0.0,0.7163391487221329,True
2013-07-02,2.0297755099542147,0.353071828091723,1.313118960038871,0.0,0.7166565499153439,True
2013-07-03,2.0448039694819684,0.35523035400742337,1.3184275315271043,0.0,0.7263764379548642,True
2013-07-05,2.0709298196686268,0.3585035634461493,1.3284940996705326,0.0,0.7424357199980941,True
2013-07-08,2.074641769037573,0.3590334477531525,1.3297759818473136,0.0,0.7448657871902593,True
2013-07-09,2.0963247854739286,0.36182174425698077,1.337828895064611,0.0,0.7584958904093179,True
2013-07-10,2.1167968803100505,0.3643618134542182,1.3455169302860488,0.0,0.7712799500240016,True
2013-07-11,2.1915936441035453,0.37386171972841886,1.3722406753731216,0.0,0.8193529687304238,True
2013-07-12,2.206191355180424,0.37526685469094995,1.3782808644755022,0.0,0.8279104907049222,True
2013-07-15,2.215748096404821,0.37655689341425697,1.381392876634068,0.0,0.834355219770753,True
2013-07-16,2.210642779223858,0.3759450398397537,1.3795625915170808,0.0,0.831080187706777,True
2013-07-17,2.2200364752579844,0.3770192686062087,1.3830399470771133,0.0,0.8369965281808709,True
2013-07-18,2.2104317283704753,0.3758854554019223,1.3795625915170808,0.0,0.8308691368533944,True
2013-07-19,2.170902563891087,0.37109796812127277,1.365285033441843,0.0,0.805617530449244,True
2013-07-22,2.1807401599302874,0.3720884757163041,1.3693118778884974,0.0,0.8114282820417899,True
2013-07-23,2.152606301815009,0.3685587662789134,1.3592443789338553,0.0,0.7933619228811539,True
2013-07-24,2.1645001934908574,0.36999883075586687,1.3636376527283927,0.0,0.8008625407624649,True
2013-07-25,2.1875780938618856,0.3727123711727208,1.3722406753731216,0.0,0.8153374184887643,True
2013-07-26,2.2084247147079257,0.37531826087196535,1.3795625915170808,0.0,0.828862123190845,True
2013-07-29,2.2020582066904377,0.37467603999247545,1.3769997579747326,0.0,0.8250584487157052,True
2013-07-30,2.2216350181813325,0.3768909442308356,1.3843208984426805,0.0,0.837314119738652,True
2013-07-31,2.2294798692247175,0.37793402129614045,1.3868835768498264,0.0,0.8425962923748909,True
2013-08-01,2.2692484071541728,0.3826249032813209,1.4009774548455158,0.0,0.8682709523086569,True
2013-08-02,2.2915940059153876,0.3852103663656961,1.4088482393352881,0.0,0.8827457665800996,True
2013-08-05,2.294410953984023,0.3855663130243238,1.4097633818937816,0.0,0.8846475720902413,True
2013-08-06,2.27024781970927,0.3827356902553299,1.401342953382185,0.0,0.8689048663270852,True
2013-08-07,2.2627196296224263,0.3818143785608751,1.398780740380646,0.0,0.8639388892417802,True
2013-08-08,2.2811914396766757,0.38377097254443193,1.4057363823119249,0.0,0.8754550573647507,True
2013-08-09,2.2661139944374704,0.38217480862670916,1.4000623122870226,0.0,0.8660516821504477,True
2013-08-12,2.274797596114721,0.3830848616550281,1.4033570737139227,0.0,0.8714405224007984,True
2013-08-13,2.2971426377899835,0.38565972593648434,1.4112272376628856,0.0,0.8859154001270978,True
2013-08-14,2.282007884373379,0.3839114290215913,1.405918976445057,0.0,0.8760889079283223,True
2013-08-15,2.2142613674581204,0.37580795138939094,1.382124339113013,0.0,0.8321370283451076,True
2013-08-16,2.210753634373776,0.3750659077743206,1.3815753156319976,0.0,0.8291783187417787,True
2013-08-19,2.2050988565316803,0.37454246430798227,1.379195696763591,0.0,0.8259031597680894,True
2013-08-20,2.2224446917641125,0.3767060406925052,1.3852363512715786,0.0,0.8372083404925339,True
2013-08-21,2.20933923672561,0.37516290364682725,1.380477113534765,0.0,0.828862123190845,True
2013-08-22,2.2465502428204296,0.3794832198212856,1.394022123184642,0.0,0.8525281196357876,True
2013-08-23,2.273846407812795,0.38282679564808125,1.4033570737139227,0.0,0.8704893340988724,True
2013-08-26,2.275317739913099,0.38290414033017506,1.404089156733677,0.0,0.871228583179422,True
2013-08-27,2.1917466716177456,0.3724857713090892,1.3753522221260803,0.0,0.8163944494916651,True
2013-08-28,2.20762045552484,0.37459343396033706,1.3806603282087067,0.0,0.8269601273161333,True
2013-08-29,2.234437274087898,0.3777578347494185,1.390361087545061,0.0,0.8440761865428372,True
2013-08-30,2.209726357413749,0.3748579447407949,1.381392876634068,0.0,0.8283334807796813,True
2013-09-03,2.2312262862958505,0.37735406761426327,1.3892639713942447,0.0,0.8419623149016059,True
2013-09-04,2.2735223481976425,0.38241682214085876,1.404089156733677,0.0,0.8694331914639655,True
2013-09-05,2.2797057966763914,0.38304805260933544,1.4064689307372862,0.0,0.8732368659391053,True
2013-09-06,2.284522564121292,0.3836278865024286,1.4081160011803315,0.0,0.8764065629409601,True
2013-09-09,2.3318465432155646,0.38907236319249777,1.4245894980444278,0.0,0.9072570451711366,True
2013-09-10,2.352537623428023,0.39148894975387616,1.4315451399757064,0.0,0.9209924834523164,True
2013-09-11,2.3451425691434,0.39074131781229043,1.4287984712186075,0.0,0.9163440979247925,True
2013-09-12,2.3401070631377108,0.3898210356146865,1.427884104336126,0.0,0.912222958801585,True
2013-09-13,2.3439802030783783,0.3904391899973605,1.4287984712186075,0.0,0.9151817318597706,True
2013-09-16,2.3324246931947648,0.3890667611200255,1.4249557722571085,0.0,0.9074689209376563,True
2013-09-17,2.360114651304969,0.39220165362222104,1.4344737823251286,0.0,0.9256408689798403,True
2013-09-18,2.411341616063128,0.39797855578047037,1.451679362208979,0.0,0.959662253854149,True
2013-09-19,2.420735121732684,0.39887817353289895,1.4551567177690115,0.0,0.9655784039636728,True
2013-09-20,2.405177087199439,0.39706579450428264,1.4501635361470975,0.0,0.9550135510523415,True
2013-09-23,2.3968511356183955,0.396196810116804,1.447226361361548,0.0,0.9496247742568475,True
2013-09-24,2.3970620595620646,0.39624994038495964,1.447226361361548,0.0,0.9498356982005167,True
2013-09-25,2.3831241738971407,0.3947991142745974,1.4422688608361678,0.0,0.9408553130609728,True
2013-09-26,2.4158767498280733,0.39836834968506635,1.4534679159565418,0.0,0.9624088338715314,True
2013-09-27,2.4094980479684587,0.39753750689634265,1.4516322011074734,0.0,0.9578658468609853,True
2013-09-30,2.399988157408049,0.39660369505854043,1.4481439860832785,0.0,0.9518441713247702,True
2013-10-01,2.443201382025078,0.4012648132694847,1.462830635687038,0.0,0.9803707463380399,True
2013-10-02,2.4408553662394574,0.4009145905343432,1.462280836530011,0.0,0.9785745297094464,True
2013-10-03,2.389759927907378,0.3952502762785719,1.4452066561625265,0.0,0.9445532717448512,True
2013-10-04,2.426544012285542,0.39927304903061017,1.4576903858933234,0.0,0.9688536263922188,True
2013-10-07,2.3904444142186487,0.39526995803894355,1.4455735509160166,0.0,0.9448708633026323,True
2013-10-08,2.3090770466544974,0.3860454772689152,1.4176682961280647,0.0,0.8914087505264326,True
2013-10-09,2.2948457652168712,0.38415804553497807,1.4132623012469367,0.0,0.8815834639699344,True
2013-10-10,2.3807674153211935,0.3938142583998667,1.44318726123391,0.0,0.9375801540872833,True
2013-10-11,2.413280279306165,0.39726456827201834,1.4545695310282254,0.0,0.9587107482779396,True
2013-10-14,2.4434250257307077,0.40049296352639385,1.4648504960212616,0.0,0.9785745297094464,True
2013-10-15,2.427273139116574,0.39884836919508176,1.4591592059889016,0.0,0.9681139331276724,True
2013-10-16,2.476866750858833,0.40421388796483815,1.4756828115233478,0.0,1.001183939335485,True
2013-10-17,2.5014766108943,0.40669963922216673,1.4841269757208995,0.0,1.0173496351734002,True
2013-10-18,2.5758182128521825,0.41448607534629595,1.5081774310015714,0.0,1.067640781850611,True
2013-10-21,2.5852516550369877,0.41534423804672216,1.5114822762166227,0.0,1.073769378820365,True
2013-10-22,2.5911514124180446,0.4158256217587023,1.5136842652783713,0.0,1.077467147139673,True
2013-10-23,2.564644592909075,0.4133669105955668,1.5045053807626259,0.0,1.0601392121464495,True
2013-10-24,2.584460994532727,0.415307637072568,1.511114605787121,0.0,1.0733463887456058,True
2013-10-25,2.6167409951482754,0.41838087382715433,1.5219466110188025,0.0,1.094794384129473,True
2013-10-28,2.6193267228798565,0.4188150786213648,1.5223131955018878,0.0,1.0970135273779689,True
2013-10-29,2.6271802402729616,0.4195738561445929,1.5248840960747567,0.0,1.1022961441982047,True
2013-10-30,2.6222241950726035,0.4190369843883627,1.5234152759791784,0.0,1.0988089190934254,True
2013-10-31,2.611656899784032,0.41802204155903183,1.519926750684579,0.0,1.0917301490994529,True
2013-11-01,2.6114955258516193,0.4178454679861266,1.5202939557084736,0.0,1.0912015701431457,True
2013-11-04,2.6189822611832163,0.4186683856484007,1.5224971858518408,0.0,1.0964850753313753,True
2013-11-05,2.625282900070319,0.41943423479590014,1.524149375756563,0.0,1.1011335243137559,True
2013-11-06,2.623014517080971,0.41907203674235904,1.5237824810030731,0.0,1.0992320360778978,True
2013-11-07,2.5334119664525163,0.4098304259903902,1.4951426610321294,0.0,1.0382693054203869,True
2013-11-08,2.5946006298567394,0.41596519391596243,1.5153370757239026,0.0,1.0792635541328368,True
2013-11-11,2.5870368045970915,0.4151800301590897,1.5129507860417961,0.0,1.0740860185552956,True
2013-11-12,2.594706091828574,0.41598893204278287,1.5153370757239026,0.0,1.0793690161046714,True
2013-11-13,2.651734745433803,0.42162537618893253,1.5336960858370123,0.0,1.1180386595967904,True
2013-11-14,2.665171056194872,0.4227502650660839,1.5384692857420348,0.0,1.1267017704528368,True
2013-11-15,2.675927575603055,0.42397291135556503,1.541406770797989,0.0,1.1345208048050661,True
2013-11-18,2.6294938418796594,0.41952607700011296,1.5263526058999304,0.0,1.1031412359797288,True
2013-11-19,2.6142050852551355,0.41781667413814744,1.5219466110188025,0.0,1.0922584742363328,True
2013-11-20,2.602926348839966,0.4167046960081289,1.5182747159150591,0.0,1.084651632924907,True
2013-11-21,2.6515230600318533,0.4215792014199613,1.5336960858370123,0.0,1.1178269741948408,True
2013-11-22,2.6774281400996207,0.4240902258899655,1.5419570353606227,0.0,1.1354711047389983,True
2013-11-25,2.688602923451759,0.4251179534459401,1.5456295510051754,0.0,1.1429733724465834,True
2013-11-26,2.715592024567121,0.4278570542285689,1.553706820449237,0.0,1.1618852041178838,True
2013-11-27,2.749668559085547,0.43100821351310975,1.5645388256809187,0.0,1.1851297334046282,True
2013-11-29,2.7784708715343926,0.4335368956839798,1.5739012351410102,0.0,1.2045696363933824,True
2013-12-02,2.7663793378207595,0.43271998389354094,1.5693117153155363,0.0,1.1970676225052235,True
2013-12-03,2.7616092430670345,0.43220526228436656,1.5680271958403158,0.0,1.1935820472267187,True
2013-12-04,2.766141917463493,0.43260466643913326,1.5694960159358942,0.0,1.1966459015275988,True
2013-12-05,2.7604246273058544,0.43216105033191277,1.5674766210072775,0.0,1.192948006298577,True
2013-12-06,2.796424335666465,0.43540081858667307,1.5788588908015926,0.0,1.2175654448648723,True
2013-12-09,2.817430227313425,0.4373297659307819,1.585284125476135,0.0,1.2321461018372897,True
2013-12-10,2.814109060038616,0.43705722789311147,1.5841823552692489,0.0,1.2299267047693672,True
2013-12-11,2.747771909882449,0.43088274175565405,1.5638044156331294,0.0,1.1839674942493197,True
2013-12-12,2.7341181298676984,0.4295179500598363,1.5597653155054916,0.0,1.174352814362207,True
2013-12-13,2.7264991258802644,0.4286643773600511,1.5577460757120773,0.0,1.168753050168187,True
2013-12-16,2.755201435930845,0.4314845095396848,1.5663746956651892,0.0,1.188826740265656,True
2013-12-17,2.7445798080492336,0.4304214870778331,1.5632536856648886,0.0,1.181326122384345,True
2013-12-18,2.8035376309345597,0.43591649759961126,1.5814293259688548,0.0,1.2221083049657049,True
2013-12-19,2.7881439904357905,0.43438250455248845,1.5770230208173224,0.0,1.2111209696184682,True
2013-12-20,2.840653649643599,0.439184602145673,1.5930823066912208,0.0,1.247571342952378,True
2013-12-23,2.897773014650454,0.44445554928070047,1.6098417177331954,0.0,1.287931296917259,True
2013-12-24,2.9003070048541892,0.4446867460861797,1.6105789202146261,0.0,1.2897280846395631,True
2013-12-26,2.9182202398988495,0.4462651573938231,1.6159202252305491,0.0,1.3023000146683004,True
2013-12-27,2.904659553272994,0.4450749840666002,1.6118682488811185,0.0,1.292791304391876,True
2013-12-30,2.895503573940179,0.4441471574568524,1.6094738921684915,0.0,1.2860296817716876,True
2013-12-31,2.9312533346206155,0.44734491989773845,1.6199720464447775,0.0,1.311281288175838,True
2014-01-02,2.8879045224623567,0.4434498549243606,1.6072636809410195,0.0,1.280640841521337,True
2014-01-03,2.8484094195917384,0.4398061534080594,1.5956614294298126,0.0,1.2527479901619256,True
2014-01-06,2.829203201688439,0.4380864789512241,1.589767532823221,0.0,1.2394356688652182,True
2014-01-07,2.8760557173976355,0.44211764977922946,1.6045007229876769,0.0,1.2715549944099585,True
2014-01-08,2.889064870153749,0.44341816095251646,1.6080010385576529,0.0,1.281063831596096,True
2014-01-09,2.870515831452717,0.44168253822524883,1.6026591130009205,0.0,1.2678567184517966,True
2014-01-10,2.8883520610358193,0.44334471917170104,1.6078164276668903,0.0,1.2805356333689293,True
2014-01-13,2.807645064241953,0.4358055985277227,1.5840576265665824,0.0,1.2235874376753708,True
2014-01-14,2.9078987901809663,0.44486990206159166,1.614262140188139,0.0,1.2936366499928273,True
2014-01-15,2.9513761039009605,0.4485546488887703,1.6275226318769584,0.0,1.323853472024002,True
2014-01-16,2.954308380545548,0.44903959816248407,1.6277069324973161,0.0,1.326601448048232,True
2014-01-17,2.9215387948687086,0.44601171654287114,1.6184982620227248,0.0,1.3030405328459838,True
2014-01-21,2.963038857798879,0.449606264192819,1.6308380262857674,0.0,1.3322008315131115,True
2014-01-22,2.979635463861948,0.4512505330685319,1.6350733724443418,0.0,1.3445620914176064,True
2014-01-23,2.957945142436092,0.4490946101180202,1.6295479219432634,0.0,1.3283972204928285,True
2014-01-24,2.8471864278270917,0.43891892597460247,1.5975024188757596,0.0,1.2496840089513321,True
2014-01-27,2.7953714623150234,0.4340528573882989,1.58203249163548,0.0,1.2133389706795434,True
2014-01-28,2.7940274063185937,0.4341103114348597,1.581111298804096,0.0,1.2129161075144979,True
2014-01-29,2.7388370694643904,0.42889346733471223,1.564167742276966,0.0,1.1746693271874245,True
2014-01-30,2.829665679747795,0.4370068810272984,1.5930823066912208,0.0,1.236583373056574,True
2014-01-31,2.8167662074554674,0.4359322558161704,1.5888469605326463,0.0,1.2279192469228208,True
2014-02-03,2.698946276624138,0.42481970160535254,1.5523807247397945,0.0,1.1465655518843436,True
2014-02-04,2.7327632702833093,0.42775895988629425,1.5637992961714529,0.0,1.1689639741118565,True
2014-02-05,2.7179346569363734,0.42612767714020194,1.5597474749572247,0.0,1.1581871819791485,True
2014-02-06,2.7822009057850092,0.43223417221814237,1.5796386003284597,0.0,1.2025623054565493,True
2014-02-07,2.8741942672284475,0.4406027296069694,1.6078164276668903,0.0,1.2663778395615573,True
2014-02-10,2.906646888892194,0.44368013376809573,1.6170254084118862,0.0,1.289621480480308,True
2014-02-11,2.9692273434286918,0.44920294936859256,1.6354416634146525,0.0,1.3337856800140393,True
2014-02-12,2.97869788767183,0.4499029007758058,1.6385730674735084,0.0,1.3401248201983218,True
2014-02-13,3.0252960834411873,0.4543581271661409,1.6507282208457885,0.0,1.374567862595399,True
2014-02-14,3.032626590911538,0.4545839207698085,1.6540433049841927,0.0,1.378583285927345,True
2014-02-18,3.062283507335005,0.4572198710011827,1.6621466371422446,0.0,1.4001368701927603,True
2014-02-19,3.020224771293761,0.4534419303704098,1.6507282208457885,0.0,1.3694965504479726,True
2014-02-20,3.047823213183869,0.4558531955332679,1.6584632620335296,0.0,1.3893599511503392,True
2014-02-21,3.0384281354420226,0.4548980667054315,1.6562530508060576,0.0,1.382175084635965,True
2014-02-24,3.0715699765517237,0.45790146467219806,1.6650935854455404,0.0,1.4064763911061833,True
2014-02-25,3.0646570826430297,0.4572795305504263,1.6632521305939862,0.0,1.4014049520490437,True
2014-02-26,3.058533862186379,0.45667480688959206,1.661778501307136,0.0,1.3967553608792427,True
2014-02-27,3.09678663531007,0.4599045414373533,1.6725603978684678,0.0,1.4242262374416021,True
2014-02-28,3.0877521764548854,0.4589231613221702,1.6707111862567976,0.0,1.4170409901980876,True
2014-03-03,3.0442989512587264,0.45527019223045556,1.6583203825121915,0.0,1.3859785687465347,True
2014-03-04,3.1211667805224943,0.4619311449656939,1.6794026359668497,0.0,1.4417641445556444,True
2014-03-05,3.137624873768896,0.463279718312916,1.6840269060776434,0.0,1.4535979676912527,True
2014-03-06,3.130650765077257,0.46255671655015096,1.682547226517903,0.0,1.448103538559354,True
2014-03-07,3.1016205240782035,0.4602096451010072,1.6742248434541733,0.0,1.42739568062403,True
2014-03-10,3.106057904967445,0.46050451600931347,1.6757042127435093,0.0,1.4303536922239353,True
2014-03-11,3.0810949064826247,0.4584743824210408,1.6684918220523888,0.0,1.412603084430236,True
2014-03-12,3.103231021241982,0.460311062779919,1.674779451802472,0.0,1.4284515694395101,True
2014-03-13,3.0189140484355903,0.45307893664403104,1.6511076815506665,0.0,1.367806366884924,True
2014-03-14,2.979528107986912,0.449635531083815,1.6398264047730622,0.0,1.3397017032138496,True
2014-03-17,3.029665339170625,0.45398210322511673,1.654251496425708,0.0,1.375413842744917,True
2014-03-18,3.09908486800449,0.45976799127407847,1.6742248434541733,0.0,1.424860024550317,True
2014-03-19,3.066568503470831,0.4569945039424011,1.6651635514217873,0.0,1.4014049520490437,True
2014-03-20,3.082178783170776,0.45824488697324306,1.6697861150453557,0.0,1.4123926681254202,True
2014-03-21,3.010315434822462,0.45198635486210925,1.6496939344519121,0.0,1.36062150037055,True
2014-03-24,2.961624123197387,0.4478587423090851,1.6352348681899582,0.0,1.3263892550074288,True
2014-03-25,2.979256991708997,0.4493221202276699,1.6406109234912012,0.0,1.338646068217796,True
2014-03-26,2.907199724233526,0.44294157046771626,1.6194801127182166,0.0,1.2877196115153096,True
2014-03-27,2.8752951740608297,0.43991938070027314,1.6103971017575054,0.0,1.2648980723033243,True
2014-03-28,2.8866881637998976,0.4410380557337834,1.6135488285278654,0.0,1.2731393352720322,True
2014-03-31,2.9235364351077164,0.4441525890168908,1.6250401583694125,0.0,1.2984962767383037,True
2014-04-01,3.0224480387474624,0.4528985660171647,1.6535856561373448,0.0,1.3688623826101176,True
2014-04-02,3.037489102645112,0.4542039522941976,1.6578495471731465,0.0,1.3796395554719654,True
2014-04-03,2.9917869638653682,0.4502653489639868,1.6446889625546217,0.0,1.3470980013107465,True
2014-04-04,2.8411187996988456,0.4365094384284991,1.6009436279336513,0.0,1.2401751717651945,True
2014-04-07,2.7887297636037083,0.4313738309865263,1.585744721891827,0.0,1.2029850417118815,True
2014-04-08,2.83697130669551,0.43588152271336866,1.6003879336389362,0.0,1.236583373056574,True
2014-04-09,2.927796535461952,0.44401174338824906,1.6278204914654153,0.0,1.2999760439965369,True
2014-04-10,2.7573552858823387,0.42792873639457085,1.5774037226038187,0.0,1.1799515632785198,True
2014-04-11,2.697798831647737,0.4221020871436144,1.5590523141156227,0.0,1.1387465175321143,True
2014-04-14,2.735602520525191,0.42561584521620216,1.571286741576289,0.0,1.1643157789489023,True
2014-04-15,2.7524138463100054,0.42723840493004406,1.5764769449051512,0.0,1.1759369014048542,True
2014-04-16,2.8190023489401863,0.4333376949075909,1.5974223691113618,0.0,1.2215799798288245,True
2014-04-17,2.8200071347763873,0.4334081756724333,1.5977929871097076,0.0,1.2222141476666797,True
2014-04-21,2.8595518421590116,0.43709500308247673,1.6096560208960164,0.0,1.2498958212629951,True
2014-04-22,2.902980534938709,0.441110650917942,1.6224449015697793,0.0,1.2805356333689293,True
2014-04-23,2.853842557484407,0.4364885058990105,1.6081730834970271,0.0,1.2456694739873797,True
2014-04-24,2.905994836206306,0.44130738937212255,1.6235578415112324,0.0,1.2824369946950738,True
2014-04-25,2.818130676278571,0.4330966927862181,1.5976076005429336,0.0,1.2205230757356373,True
2014-04-28,2.8364228410503025,0.4349227164068746,1.6027981141422003,0.0,1.2336247269081022,True
2014-04-29,2.8764707155160263,0.4383439065199945,1.6155873050863676,0.0,1.2608834104296587,True
2014-04-30,2.8919341067143787,0.43987276984421586,1.6198510409869669,0.0,1.2720830657274118,True
2014-05-01,2.9081638481139573,0.44134176052015683,1.6246696955062694,0.0,1.283494152607688,True
2014-05-02,2.898858579312269,0.4405715986693539,1.6217038207082903,0.0,1.2771547586039784,True
2014-05-05,2.925557787569471,0.44276239080607466,1.6302308271038817,0.0,1.2953269604655893,True
2014-05-06,2.8543456258832816,0.4362632957975615,1.6090993957900876,0.0,1.245246230093194,True
2014-05-07,2.8385137179107067,0.43475132154072194,1.6044661278375592,0.0,1.2340475900731478,True
2014-05-08,2.8328046165967935,0.43413552374299363,1.6029835007089743,0.0,1.2298211158878192,True
2014-05-09,2.8531055351316685,0.43608292079518973,1.6089149400345277,0.0,1.2441905950971408,True
2014-05-12,2.940256517814066,0.44378297939181416,1.6354207201623392,0.0,1.3048357976517269,True
2014-05-13,2.9441159388787033,0.44413452017604177,1.6365324190221737,0.0,1.3075835198565295,True
2014-05-14,2.916149100163067,0.44172727708539916,1.6280064985729987,0.0,1.2881426015900685,True
2014-05-15,2.8735650337592875,0.4379047860348748,1.615217152493629,0.0,1.2583478812656586,True
2014-05-16,2.9075854763126996,0.4408480754386369,1.6257820149069133,0.0,1.281803461405786,True
2014-05-19,2.9463622399088276,0.44436939153185695,1.6370890441281025,0.0,1.3092731957807249,True
2014-05-20,2.926062280200682,0.4425418400799477,1.6311572945321446,0.0,1.2949049856685373,True
2014-05-21,2.9781883447638724,0.4470705966551982,1.6467279045187309,0.0,1.3314604402451415,True
2014-05-22,3.001899733949344,0.44902993395434637,1.6539568946764998,0.0,1.3479428392728439,True
2014-05-23,3.0441652723862753,0.45272194491660445,1.6660048496239759,0.0,1.3781604227622994,True
2014-05-27,3.1166962804121336,0.4587970575975503,1.6867651975338174,0.0,1.4299310828783165,True
2014-05-28,3.097981689655474,0.45720305584118465,1.681574994204955,0.0,1.4164066954505192,True
2014-05-29,3.137471926549614,0.4606083947587272,1.692326018861025,0.0,1.445145907688589,True
2014-05-30,3.1363892312601047,0.46036308613781335,1.6925114054277988,0.0,1.4438778258323057,True
2014-06-02,3.1311281919922385,0.4599892362595979,1.6908429263268332,0.0,1.4402852656654055,True
2014-06-03,3.1282740079516773,0.45973353648084697,1.6901015351949396,0.0,1.4381724727567378,True
2014-06-04,3.1497905375821977,0.46142331453055513,1.6964037476540408,0.0,1.4533867899281567,True
2014-06-05,3.201887203628191,0.4657286819474564,1.7106764965380068,0.0,1.4912107070901843,True
2014-06-06,3.235800197293626,0.46829222509053564,1.7205001229545998,0.0,1.5153000743390264,True
2014-06-09,3.2317570254807313,0.46802818265303675,1.7192036580688006,0.0,1.5125533674119305,True
2014-06-10,3.243385841781823,0.4690213603727592,1.7221686020555658,0.0,1.5212172397262573,True
2014-06-11,3.2406905903376577,0.46869416227032706,1.7217978289220177,0.0,1.5188927614156402,True
2014-06-12,3.1853940533065743,0.4643589424344207,1.7062278394762407,0.0,1.4791662138303336,True
2014-06-13,3.2005413392283124,0.4653302926823859,1.7112325011031266,0.0,1.489308838125186,True
2014-06-16,3.207518268579083,0.4660310605213055,1.7127151282317115,0.0,1.4948031403473716,True
2014-06-17,3.2105584032762495,0.4662479229619126,1.7136422162007836,0.0,1.496916187075466,True
2014-06-18,3.247455763827743,0.4693443447279498,1.7232807663210072,0.0,1.5241749975067356,True
2014-06-19,3.240427322543064,0.4685365753847489,1.7221686020555658,0.0,1.5182587204874984,True
2014-06-20,3.247946943057043,0.4691434073629845,1.7241940472570727,0.0,1.5237528957999704,True
2014-06-23,3.250009507556641,0.46936565016095017,1.7245666820130487,0.0,1.5254428255435923,True
2014-06-24,3.244110943717473,0.46891652786173604,1.7228937039912156,0.0,1.5212172397262573,True
2014-06-25,3.2830153834927502,0.4718699829797737,1.7338589703616911,0.0,1.5491564131310593,True
2014-06-26,3.2881721892686686,0.47241554254497875,1.7347885404940002,0.0,1.5533836487746686,True
2014-06-27,3.3112196878594635,0.4737866495706931,1.742408005956012,0.0,1.5688116819034514,True
2014-06-30,3.325817741526059,0.47520225906509395,1.7453816375141071,0.0,1.580436104011952,True
2014-07-01,3.398008134551265,0.4807177921666819,1.7645251663453558,0.0,1.6334829682059095,True
2014-07-02,3.407322640796384,0.4812644854506807,1.7674992633090578,0.0,1.6398233774873263,True
2014-07-03,3.449964345738313,0.48444388165522617,1.7786502265167117,0.0,1.6713141192216012,True
2014-07-07,3.4285127196175433,0.4827901135362632,1.773260674452867,0.0,1.6552520451646764,True
2014-07-08,3.34944224392678,0.47696141180807494,1.7518875424938565,0.0,1.5975547014329234,True
2014-07-09,3.398592116213297,0.48069751375102676,1.7648973356957245,0.0,1.6336947805175726,True
2014-07-10,3.3775879880487434,0.4791189370597369,1.759321621389094,0.0,1.6182663666596493,True
2014-07-11,3.4170346984235915,0.48181427817481515,1.7706585917043316,0.0,1.64637610671926,True
2014-07-14,3.4591177194786877,0.4850557514592765,1.7812527746708542,0.0,1.6778649448078335,True
2014-07-15,3.4354435667664864,0.48329257643796575,1.7751191941766764,0.0,1.6603243725898098,True
2014-07-16,3.461314849610696,0.4851142855936381,1.782181569127152,0.0,1.6791332804835437,True
2014-07-17,3.370716138324668,0.47827752428039494,1.7585783686347725,0.0,1.6121377696898955,True
2014-07-18,3.47488921963038,0.4858953719141746,1.7864566298975206,0.0,1.6884325897328596,True
2014-07-21,3.4665298913532014,0.4852989986673806,1.7842264062289495,0.0,1.6823034851242522,True
2014-07-22,3.5112600929085214,0.48862688904436685,1.7955639970849961,0.0,1.7156960958235252,True
2014-07-23,3.554908106813185,0.49166422303731816,1.8070869745078169,0.0,1.7478211323053683,True
2014-07-24,3.5467343766889603,0.49106913258705415,1.8050426028116264,0.0,1.7416917738773339,True
2014-07-25,3.5183253507646457,0.4889671254535949,1.797979917590746,0.0,1.7203454331738997,True
2014-07-28,3.520997504551932,0.48919656253151317,1.7985376286430912,0.0,1.7224598759088412,True
2014-07-29,3.509172315520164,0.4883756984797477,1.7953778348422107,0.0,1.7137944806779537,True
2014-07-30,3.536734698520905,0.49036596788509873,1.8024403649278886,0.0,1.7342943335930165,True
2014-07-31,3.3946350275321624,0.4797636761516985,1.76601244753001,0.0,1.6286225800021525,True
2014-08-01,3.369319693012068,0.4777856293244394,1.7595071630910704,0.0,1.609812529920998,True
2014-08-04,3.4143705944270684,0.4811376597890612,1.7715883169718432,0.0,1.6427822774552254,True
2014-08-05,3.3623375032821503,0.47714349457021366,1.7580200370416181,0.0,1.6043174662405324,True
2014-08-06,3.358289762089653,0.4769005928743146,1.7567193835053563,0.0,1.6015703785842963,True
2014-08-07,3.337286014654239,0.4752791155719526,1.7511436691987257,0.0,1.5861423454555132,True
2014-08-08,3.383739225272013,0.4787476823219889,1.7637819135910342,0.0,1.6199573116809785,True
2014-08-11,3.4235237283557742,0.4817648757944284,1.7741902445851763,0.0,1.649333483770598,True
2014-08-12,3.418976117130647,0.4812931384912982,1.7734463712900457,0.0,1.6455297458406015,True
2014-08-13,3.491219093608474,0.4866497050864477,1.7922183513117347,0.0,1.6990007422967393,True
2014-08-14,3.5267176596764322,0.4891819749199696,1.8015109499307818,0.0,1.7252067097456505,True
2014-08-15,3.5589122167195786,0.49134851257970136,1.810245992632686,0.0,1.7486662240868927,True
2014-08-18,3.6151206368372995,0.49540124957966597,1.8241853559668635,0.0,1.790935280870436,True
2014-08-19,3.6561987731619974,0.49827463065773964,1.8344076798534221,0.0,1.821791093308575,True
2014-08-20,3.6561987731619974,0.49827463065773964,1.8344076798534221,0.0,1.821791093308575,True
2014-08-21,3.6702727451771535,0.49918567029602934,1.8381251847066482,0.0,1.832147560470505,True
2014-08-22,3.6802464630059264,0.4997853287632377,1.8409132745627665,0.0,1.8393331884431596,True
2014-08-25,3.7072502323685974,0.5016745020905277,1.8474173179200881,0.0,1.859832914448509,True
2014-08-26,3.7154494434187395,0.5022739453352635,1.8492759927791,0.0,1.8661734506396392,True
2014-08-27,3.7160333686297933,0.5022520875421843,1.8496478518590642,0.0,1.866385516770729,True
2014-08-28,3.706380534021392,0.501507301169251,1.847603635298076,0.0,1.8587768987233155,True
2014-08-29,3.735025936589804,0.5034892661977672,1.8544804685465754,0.0,1.8805454680432288,True
2014-09-02,3.756054826455242,0.504834166021569,1.8598700206104206,0.0,1.8961848058448214,True
2014-09-03,3.7125416039868995,0.5019841819458667,1.8489044439695403,0.0,1.8636371600173594,True
2014-09-04,3.7049514888033244,0.5014154364327308,1.8472316210829094,0.0,1.8577198677204148,True
2014-09-05,3.742986824906928,0.5039993055244274,1.8565240645667545,0.0,1.8864627603401731,True
2014-09-08,3.7560291763863645,0.5047812209374938,1.8600561828532063,0.0,1.8959729935331582,True
2014-09-09,3.6945302730183354,0.5007133364311123,1.8446296934695763,0.0,1.8499005795487589,True
2014-09-10,3.7526729364125844,0.5043879250536586,1.8598700206104206,0.0,1.8928029158021635,True
2014-09-11,3.749706522518263,0.5043924829141839,1.858382739425766,0.0,1.8913237830924972,True
2014-09-12,3.7104289379879454,0.5017006187505249,1.8489044439695403,0.0,1.861524494018405,True
2014-09-15,3.6365804396585464,0.49648787515271053,1.8310623443505651,0.0,1.8055180953079815,True
2014-09-16,3.70138460693079,0.5009852230657793,1.847045613975326,0.0,1.854338992955464,True
2014-09-17,3.7132596860857086,0.5018302353689066,1.8498337038314454,0.0,1.8634259822542631,True
2014-09-18,3.767354706971683,0.5052833175352943,1.8637732223008248,0.0,1.9035814846708585,True
2014-09-19,3.7619732229795835,0.5048826838514557,1.8626180855843404,0.0,1.899355137395243,True
2014-09-22,3.6930791037320527,0.5003376493278118,1.8452925861890954,0.0,1.8477865175429573,True
2014-09-23,3.6719867425143695,0.4988374683350529,1.8402621721186239,0.0,1.8317245703957459,True
2014-09-24,3.7511218809005284,0.5041459379866458,1.8600090217517005,0.0,1.891112859148828,True
2014-09-25,3.5919553813518927,0.49306520035886675,1.8208871815655123,0.0,1.7710681997863806,True
2014-09-26,3.667971446092137,0.49828885007290824,1.8402621721186239,0.0,1.8277092739735132,True
2014-09-29,3.6594204271558675,0.49777825527449066,1.8378405116103884,0.0,1.821579915545479,True
2014-09-30,3.6687919313079806,0.49835026789309794,1.840448489496612,0.0,1.8283434418113684,True
2014-10-01,3.551859874754953,0.49012249628695903,1.8110134464785697,0.0,1.7408464282763831,True
2014-10-02,3.551014275334575,0.49000107967520434,1.8110134464785697,0.0,1.7400008288560052,True
2014-10-03,3.6213124384975934,0.49496268850899,1.8288978980077784,0.0,1.7924145404898153,True
2014-10-06,3.605143059243678,0.49378250899854326,1.8249864741516508,0.0,1.7801565850920271,True
2014-10-07,3.5040079727825275,0.48656222272522326,1.7990900650985573,0.0,1.7049179076839702,True
2014-10-08,3.637518324262523,0.49577871489555136,1.83411416405063,0.0,1.803404160211893,True
2014-10-09,3.5180757258403172,0.4870796013853329,1.8044928036546,0.0,1.7135829221857175,True
2014-10-10,3.344704397002782,0.47397203971944213,1.7594080316967868,0.0,1.5852963653059953,True
2014-10-13,3.242950035224715,0.465969047243427,1.7318356970530164,0.0,1.5111143381716987,True
2014-10-14,3.2458850478519663,0.46639438726186133,1.7320224798366113,0.0,1.5138625680153552,True
2014-10-15,3.202371539648225,0.4626342830825972,1.7208446782389555,0.0,1.4815268614092696,True
2014-10-16,3.1685284383154833,0.4603050693682936,1.7100387357212639,0.0,1.4584897025942194,True
2014-10-17,3.2481336194591472,0.4665917955713086,1.7325811217001703,0.0,1.5155524977589772,True
2014-10-20,3.339334960795969,0.4734051013983638,1.758476755077252,0.0,1.5808582057187168,True
2014-10-21,3.5091738835065964,0.4857254083704647,1.8046789658973854,0.0,1.704494917609211,True
2014-10-22,3.4734417579731613,0.48311656900720557,1.7953644932148112,0.0,1.6780772647583502,True
2014-10-23,3.5771730492849154,0.49055365913770577,1.8223777205894154,0.0,1.7547953286955,True
2014-10-24,3.632442722216869,0.4942023220810676,1.837281094070818,0.0,1.7951616281460512,True
2014-10-27,3.6405104983541623,0.49496493096692323,1.8385854708519354,0.0,1.8019250275022272,True
2014-10-28,3.748791615017123,0.5021477666209592,1.8663442780088961,0.0,1.882447337008227,True
2014-10-29,3.71928391487746,0.5000513424127196,1.8594510004289506,0.0,1.859832914448509,True
2014-10-30,3.73482088902175,0.5010836931154811,1.8633630448258873,0.0,1.8714578441958627,True
2014-10-31,3.8376708642958546,0.5077553421944114,1.8890729813657903,0.0,1.9485978829300643,True
2014-11-03,3.8633374316265137,0.5095791008963628,1.8946614167590112,0.0,1.9686760148675022,True
2014-11-04,3.836080164506485,0.5077456243172211,1.8883272464482317,0.0,1.9477529180582533,True
2014-11-05,3.836054866941259,0.5076938888880774,1.888513253555815,0.0,1.9475416133854444,True
2014-11-06,3.858712799526045,0.509039660977486,1.8944749442458213,0.0,1.9642378552802238,True
2014-11-07,3.852175160183499,0.508641577893728,1.8927987083847395,0.0,1.9593764517987593,True
2014-11-10,3.8789596600075744,0.5103055020743936,1.8995052031810902,0.0,1.9794544568264842,True
2014-11-11,3.9037318097333635,0.5118857693411968,1.9054670490062984,0.0,1.9982647607270652,True
2014-11-12,3.9180740563128076,0.5128168461266905,1.9088196758636644,0.0,2.009254380449143,True
2014-11-13,3.9520553930553257,0.5149316420708665,1.917017019954323,0.0,2.0350383731010027,True
2014-11-14,3.976826654413121,0.516453938557874,1.922978865779531,0.0,2.0538477886335897,True
2014-11-17,3.9518194395835877,0.5148554148162352,1.917203802737918,0.0,2.03461563684567,True
2014-11-18,4.011814709073002,0.5185349974284145,1.931548379220558,0.0,2.0802663298524444,True
2014-11-19,3.97664080244074,0.5164780755086055,1.92279301380715,0.0,2.0538477886335897,True
2014-11-20,4.012473977107636,0.5186603842411485,1.9313626823833803,0.0,2.0811112947242556,True
2014-11-21,4.031206199638434,0.5199727764245117,1.9350887196727335,0.0,2.0961174799657005,True
2014-11-24,4.093636865751872,0.5236074133217639,1.9501782553969214,0.0,2.1434586103549504,True
2014-11-25,4.103591576099978,0.5240366915289872,1.9531590231743232,0.0,2.150432552925655,True
2014-11-26,4.160219777608939,0.5274701603705803,1.9658279843366917,0.0,2.1943917932722465,True
2014-11-28,4.2021070385489985,0.5300080943539127,1.9749562947764803,0.0,2.227150743772518,True
2014-12-01,4.097538110367623,0.5234697154100685,1.9526010018515731,0.0,2.144937108516049,True
2014-12-02,4.1283988503376925,0.5251367026988952,1.960425090645447,0.0,2.1679737596922455,True
2014-12-03,4.151593430066821,0.5269371414844927,1.9639646554216106,0.0,2.1876287746452108,True
2014-12-04,4.144110199681391,0.5263077805189185,1.9630327582612654,0.0,2.181077441420125,True
2014-12-05,4.145776242084365,0.5264530870923666,1.963219541044861,0.0,2.182556701039504,True
2014-12-08,4.084674234829591,0.5227901010669685,1.9492469787773865,0.0,2.1354272560522043,True
2014-12-09,4.111534161943737,0.5244123215746399,1.9553949868453804,0.0,2.1561391750983567,True
2014-12-10,3.976389674403149,0.5159791356879256,1.9246555670462202,0.0,2.051734107356929,True
2014-12-11,4.017643148234494,0.5186770436951854,1.9337838774860088,0.0,2.083859270748485,True
2014-12-12,3.927692525513997,0.5130138069347228,1.9127320305310056,0.0,2.0149604949829913,True
2014-12-15,3.8475005252678987,0.5079962424799108,1.892984715492323,0.0,1.9545158097755757,True
2014-12-16,3.7201270293610857,0.4993133108402924,1.8626180855843404,0.0,1.8575089437767454,True
2014-12-17,3.853788432789673,0.5078803795577221,1.896524900809295,0.0,1.9572635319803782,True
2014-12-18,4.042933778173141,0.5196142316971966,1.9421678492250602,0.0,2.1007659289480807,True
2014-12-19,4.074939013818478,0.5212901812530969,1.9507133167097275,0.0,2.12422569710875,True
2014-12-22,4.099395754357064,0.5229601968530165,1.9555749436800733,0.0,2.1438208106769907,True
2014-12-23,4.071972020623872,0.5214466728524367,1.9486557585213402,0.0,2.123316262102532,True
2014-12-24,4.078095117651319,0.5217521894054807,1.9503400614129422,0.0,2.127755056238377,True
2014-12-26,4.13505398180955,0.5249936169747317,1.9641770355135881,0.0,2.1708769462959623,True
2014-12-29,4.135103067821226,0.5250897082051419,1.9638030045407915,0.0,2.1713000632804347,True
2014-12-30,4.077200798730675,0.5215557405666582,1.9507133167097275,0.0,2.1264874820209476,True
2014-12-31,3.990607179456256,0.5161876821490088,1.9307049091255375,0.0,2.0599022703307184,True
2015-01-02,3.9679004396341737,0.5148799329922026,1.9249081271555992,0.0,2.0429923124785745,True
2015-01-05,3.8477142176676926,0.5070651490493547,1.8966724343867025,0.0,1.95104178328099,True
2015-01-06,3.744917882520589,0.5003251514434021,1.871241275805371,0.0,1.8736766067152184,True
2015-01-07,3.841120313860917,0.5065597003444067,1.8953635586847175,0.0,1.9457567551761994,True
2015-01-08,3.988371058086456,0.5156820351661339,1.9316397538547259,0.0,2.05673130423173,True
2015-01-09,3.9340151258335334,0.5122222153285961,1.918925182942875,0.0,2.0150899428906586,True
2015-01-12,3.852071647601016,0.5070402412853144,1.8989163099530784,0.0,1.9531553376479378,True
2015-01-13,3.849819635003869,0.5068975494497993,1.8983554961966869,0.0,1.951464138807182,True
2015-01-14,3.809331337441792,0.5044056076342728,1.8878832494991882,0.0,1.9214480879426041,True
2015-01-15,3.70852782284575,0.4975399039914513,1.8633872459174494,0.0,1.8451405769283005,True
2015-01-16,3.7961445733314383,0.5033735894900492,1.8852656532304206,0.0,1.9108789201010175,True
2015-01-20,3.8533802130325965,0.5068680560101833,1.9002248753846587,0.0,1.9531553376479378,True
2015-01-21,3.893119630739821,0.5094040432805282,1.909948749866159,0.0,1.983170880873662,True
2015-01-22,4.0388021238565965,0.51834973820172,1.945290100306979,0.0,2.093512023549618,True
2015-01-23,4.0570536424511445,0.5194564231893533,1.9495910686561353,0.0,2.107462573795009,True
2015-01-26,4.050159597617378,0.5191924030584506,1.9473475033601642,0.0,2.1028120942572137,True
2015-01-27,3.836909054121122,0.5056281877365485,1.8968596825759048,0.0,1.9400493715452176,True
2015-01-28,3.7937871540559187,0.5025721617852836,1.887135342688797,0.0,1.9066518113671218,True
2015-01-29,3.8670961614747945,0.5073114745218039,1.9052739056794081,0.0,1.9618222557953862,True
2015-01-30,3.807299709262142,0.5034534681602079,1.8905014663087656,0.0,1.9167982429533763,True
2015-02-02,3.874063363021575,0.5077630929603428,1.9069569674893923,0.0,1.9671063955321826,True
2015-02-03,3.946080076965357,0.5121024951387714,1.925282623534003,0.0,2.020797453431354,True
2015-02-04,3.93911186014087,0.5116666827391828,1.923599561724019,0.0,2.015512298416851,True
2015-02-05,4.009232839610526,0.5160568137355899,1.9402409148770268,0.0,2.068991924733499,True
2015-02-06,3.9598266395543957,0.5129935704013108,1.928461033559162,0.0,2.0313656059952336,True
2015-02-09,3.931250255206951,0.5110230686850945,1.922290686022034,0.0,2.008959569184917,True
2015-02-10,4.057347409175593,0.5188458754638461,1.9522094406009143,0.0,2.1051379685746783,True
2015-02-11,4.088127791837194,0.5207305047924824,1.9593149431376355,0.0,2.1288128486995586,True
2015-02-12,4.185346150064317,0.5264123996018505,1.982128040044593,0.0,2.203218110019724,True
2015-02-13,4.257955575226196,0.5304918921926951,1.999144665252016,0.0,2.2588109099741804,True
2015-02-17,4.265956019119455,0.5309341339333764,2.0010143547103927,0.0,2.2649416644090623,True
2015-02-18,4.278484333314409,0.5316520528775038,2.0038193543035647,0.0,2.274664979010844,True
2015-02-19,4.322637712997858,0.534143309016364,2.0137297012982547,0.0,2.308908011699604,True
2015-02-20,4.380492827947924,0.5372224873184025,2.027193575237318,0.0,2.3532992527106065,True
2015-02-23,4.391849906761834,0.5379509214351356,2.0292502026144907,0.0,2.362599704147343,True
2015-02-24,4.398206573991981,0.5382785125079521,2.0307464816408807,0.0,2.3674600923511,True
2015-02-25,4.374134708469926,0.5368916329360294,2.0256983821573447,0.0,2.3484363263125814,True
2015-02-26,4.420142690075933,0.539385391496434,2.0359822947192248,0.0,2.3841603953567083,True
2015-02-27,4.379670311966693,0.5371784364443907,2.027005861642509,0.0,2.352664450324185,True
2015-03-02,4.461411200864736,0.5415502703780587,2.045332758768738,0.0,2.4160784420959978,True
2015-03-03,4.417206633945486,0.5391215477320701,2.0357953568004277,0.0,2.381411277145058,True
2015-03-04,4.382931172140791,0.5373093022911458,2.0279414820477086,0.0,2.354989690093082,True
2015-03-05,4.396841490525254,0.5379649907554458,2.031494698721676,0.0,2.365346791803579,True
2015-03-06,4.292460037892525,0.5320878154030222,2.008494353625517,0.0,2.2839656842670073,True
2015-03-09,4.320239908831267,0.5337549041958727,2.0142906701898484,0.0,2.3059492386414187,True
2015-03-10,4.155167403230298,0.5242327949134898,1.9768923821014506,0.0,2.178275021128847,True
2015-03-11,4.105501461046007,0.5212555811112041,1.9654859112155731,0.0,2.1400155498304336,True
2015-03-12,4.15941157360445,0.5243586356596571,1.978388195722233,0.0,2.181023377882217,True
2015-03-13,4.122695990870899,0.5222091518460439,1.969786414159122,0.0,2.1529095767117776,True
2015-03-16,4.23056592254027,0.5283804556477842,1.9952175727404537,0.0,2.235348349799817,True
2015-03-17,4.246216469326189,0.5293700962710609,1.99839644817122,0.0,2.247820021154969,True
2015-03-18,4.33053251061105,0.5339994181540825,2.0180306696474113,0.0,2.312501840963639,True
2015-03-19,4.344727840253439,0.5348332526826597,2.021022917429785,0.0,2.3237049228236537,True
2015-03-20,4.406004031040352,0.5383335174537209,2.0341043830951255,0.0,2.371899647945226,True
2015-03-23,4.38219897017503,0.5367236672193473,2.0301690684178406,0.0,2.3520299017571893,True
2015-03-24,4.351003223598588,0.5350821066166405,2.022859252819662,0.0,2.328143970778926,True
2015-03-25,4.142374911436851,0.522842325985853,1.9765659776357662,0.0,2.1658089338010846,True
2015-03-26,4.117870000028865,0.5216414002549388,1.9698185271460027,0.0,2.148051472882862,True
2015-03-27,4.146459528673798,0.5230411537744014,1.9776905527173938,0.0,2.168768975956404,True
2015-03-30,4.247144645166655,0.529008544738405,2.000368837133533,0.0,2.2467758080331213,True
2015-03-31,4.156414086698755,0.523822799438782,1.9791896241774245,0.0,2.17722446252133,True
2015-04-01,4.109322109210078,0.5208743405034131,1.9688816656591843,0.0,2.1404404435508937,True
2015-04-02,4.114228889924604,0.5211267622237402,1.9701941094708229,0.0,2.1440347804537816,True
2015-04-06,4.181928099503117,0.5250248607688871,1.9863118813159963,0.0,2.1956162181871206,True
2015-04-07,4.168406673574847,0.5242934983667185,1.9829381560711146,0.0,2.185468517503732,True
2015-04-08,4.236155631939091,0.5281849332896673,1.9986820520786939,0.0,2.2374735798603975,True
2015-04-09,4.290359939808473,0.5312190144936949,2.0112391607601885,0.0,2.2791207790482853,True
2015-04-10,4.325876412018827,0.5331615295425618,2.0194855275747803,0.0,2.3063908844440473,True
2015-04-13,4.303693920179093,0.5319309445680921,2.014425948086273,0.0,2.28926797209282,True
2015-04-14,4.278222168105961,0.5305023979850562,2.008615048812923,0.0,2.2696071192930383,True
2015-04-15,4.330946060160786,0.5333184135846313,2.021172778035227,0.0,2.309773282125559,True
2015-04-16,4.320100652392103,0.5327976301556859,2.0183612627635577,0.0,2.3017393896285454,True
2015-04-17,4.181011303676377,0.524786242615,1.9868740912892087,0.0,2.1941372123871683,True
2015-04-20,4.30890188563378,0.5319748078814063,2.0166746328439205,0.0,2.2922272527898593,True
2015-04-21,4.346907113596788,0.5340836293852369,2.0252951857665114,0.0,2.3216119278302765,True
2015-04-22,4.395594289795701,0.53672854138278,2.0363533781231777,0.0,2.3592409116725235,True
2015-04-23,4.431607599583401,0.5387592178293223,2.044038155505367,0.0,2.387569444078034,True
2015-04-24,4.552785137254899,0.5449430233380176,2.071776639950823,0.0,2.4810084973040762,True
2015-04-27,4.531682294451605,0.5439819591960213,2.0665288814619,0.0,2.4651534129897055,True
2015-04-28,4.511493511740898,0.5428551880164484,2.062405853189806,0.0,2.4490876585510923,True
2015-04-29,4.451839926340204,0.5396345440920789,2.049473317318694,0.0,2.4023666090215103,True
2015-04-30,4.306714864493387,0.5316067383732825,2.0172362222763236,0.0,2.2894786422170625,True
2015-05-01,4.425923482752257,0.538209198567076,2.0438507521809623,0.0,2.382072730571294,True
2015-05-04,4.43775335733612,0.5386799428190961,2.0472246325610466,0.0,2.390528724775073,True
2015-05-05,4.291080702107426,0.5306863358890449,2.0138628073018463,0.0,2.27721789480558,True
2015-05-06,4.228588541390118,0.5270304628830983,1.9999935650791183,0.0,2.2285949763109993,True
2015-05-07,4.278847127642845,0.5297825421421452,2.0119886189226026,0.0,2.266858508720242,True
2015-05-08,4.387043465874312,0.5356545283987009,2.0371037670968057,0.0,2.3499396987775065,True
2015-05-11,4.353380439391337,0.5338722138711295,2.029231586390213,0.0,2.3241488530011236,True
2015-05-12,4.314176351663997,0.5317651452127469,2.0200477375479933,0.0,2.294128614116004,True
2015-05-13,4.330139816594526,0.5325389878315698,2.024171541496098,0.0,2.3059682750984285,True
2015-05-14,4.46185881329637,0.5397021409406083,2.0537840591855967,0.0,2.408074754110773,True
2015-05-15,4.461648396991555,0.5396804327812018,2.0537840591855967,0.0,2.4078643378059574,True
2015-05-18,4.5002393697647705,0.5416287835060584,2.0627801944330075,0.0,2.4374591753317634,True
2015-05-19,4.491014359377353,0.5411879143721464,2.0605316648105623,0.0,2.430482694566791,True
2015-05-20,4.496344454444801,0.5414399810242323,2.0618437983517954,0.0,2.4345006560930047,True
2015-05-21,4.545290343066462,0.5440277183733393,2.0725264083836423,0.0,2.47276393468282,True
2015-05-22,4.536463406127691,0.5435948454276318,2.070465282085601,0.0,2.4659981240420903,True
2015-05-26,4.4272552307656925,0.5377130613048794,2.0466622674526316,0.0,2.380592963313061,True
2015-05-27,4.574820018804467,0.5454142717532143,2.0796478898462025,0.0,2.4951721289582647,True
2015-05-28,4.551742926209145,0.5441388407969249,2.074962806736098,0.0,2.4767801194730468,True
2015-05-29,4.497515816945532,0.5413927041649814,2.062593566784615,0.0,2.4349222501609167,True
2015-06-01,4.525802200543652,0.5427268905666771,2.069527644922771,0.0,2.456274555620881,True
2015-06-02,4.496834114238051,0.5412399700578757,2.062967752892614,0.0,2.4338663613454368,True
2015-06-03,4.524370137298005,0.5426649609519166,2.069152993409165,0.0,2.4552171438888397,True
2015-06-04,4.455142835907864,0.5390923864468316,2.053409252536788,0.0,2.4017335833710756,True
2015-06-05,4.432088488255795,0.5377944290023755,2.0485359904262683,0.0,2.383552497829527,True
2015-06-08,4.338350508108125,0.5326028841744189,2.027732514930182,0.0,2.310617993177943,True
2015-06-09,4.323560534917965,0.5317844383279571,2.024358324279693,0.0,2.2992022106382715,True
2015-06-10,4.4424135520456005,0.5380670326863588,2.0520972741307566,0.0,2.3903162779148435,True
2015-06-11,4.458520819803459,0.5390632632097431,2.055096037591628,0.0,2.4034247822118315,True
2015-06-12,4.380556701353567,0.5347102729481329,2.0382280319080284,0.0,2.3423286694455383,True
2015-06-15,4.338091471197242,0.532488647421521,2.028107011308586,0.0,2.309984459888655,True
2015-06-16,4.384453816581885,0.5349100608407857,2.0391653588004544,0.0,2.3452884577814315,True
2015-06-17,4.409736825564769,0.5363016321181252,2.0447877688029834,0.0,2.364949056761786,True
2015-06-18,4.539531109674136,0.5429949546535829,2.0745886206280995,0.0,2.4649424890460363,True
2015-06-19,4.4916431197888205,0.5404061862737494,2.0643313913210184,0.0,2.427311728467802,True
2015-06-22,4.565417770659493,0.5445000946901953,2.0795473622350986,0.0,2.485870408424394,True
2015-06-23,4.573239498799676,0.5449093937707271,2.0812383359404003,0.0,2.4920011628592755,True
2015-06-24,4.524267561681757,0.5423501349904866,2.070530438870576,0.0,2.4537371228111806,True
2015-06-25,4.5040691605885055,0.5412153502665262,2.0663977922159384,0.0,2.4376713683725666,True
2015-06-26,4.445114589206007,0.5382157300397988,2.052683995465936,0.0,2.3924305937400714,True
2015-06-29,4.227529071708424,0.5259125772885596,2.0042183620439347,0.0,2.223310709664489,True
2015-06-30,4.260034881429544,0.5278544662295838,2.011356442973143,0.0,2.2486784384564,True
2015-07-01,4.322087460444895,0.530938681251539,2.0273240439424693,0.0,2.294763416502426,True
2015-07-02,4.33131890137586,0.5318082432989316,2.027887805267705,0.0,2.3034310961081546,True
2015-07-06,4.307172973494503,0.5302739024243146,2.023191552423034,0.0,2.283981421071469,True
2015-07-07,4.323872727793491,0.5309151760447028,2.0282630773221206,0.0,2.2956096504713708,True
2015-07-08,4.173553620302694,0.5224819913120613,1.9929470139192793,0.0,2.180606606383414,True
2015-07-09,4.166084377040424,0.5218963956535614,1.9918199566744146,0.0,2.17426442036601,True
2015-07-10,4.297567219335853,0.5294425646969874,2.0222522087729784,0.0,2.2753150105628746,True
2015-07-13,4.449342333863923,0.5375144691576863,2.057756451176236,0.0,2.3915858826876875,True
2015-07-14,4.510856730495725,0.5408228751629183,2.0712822240610254,0.0,2.439574506434699,True
2015-07-15,4.524736888694738,0.5417333130250344,2.073536183415552,0.0,2.4512007052791867,True
2015-07-16,4.649806884182231,0.5477572659151239,2.1028413782692508,0.0,2.54696550591298,True
2015-07-17,4.797285652501243,0.5551990779806719,2.1338370814226466,0.0,2.6634485710785962,True
2015-07-20,4.834420226312342,0.5571001243593701,2.1411641170282825,0.0,2.6932561092840595,True
2015-07-21,4.825704475724134,0.5565727788735552,2.1398487256478003,0.0,2.6858557500763336,True
2015-07-22,4.713317556324279,0.5511408246765621,2.115615831369198,0.0,2.5977017249550816,True
2015-07-23,4.674352070142875,0.5490870320375513,2.1077259652495406,0.0,2.566626104893335,True
2015-07-24,4.580754261549394,0.5443847176984324,2.087061646029936,0.0,2.4936926155194583,True
2015-07-27,4.499417511554769,0.5399895055514139,2.0697792742209367,0.0,2.429638237333833,True
2015-07-28,4.581318178009832,0.5443177091451749,2.087625562490374,0.0,2.4936926155194583,True
2015-07-29,4.617113050595899,0.5461416581072505,2.0955152734748292,0.0,2.5215977771210696,True
2015-07-30,4.662161531417079,0.5483915172315695,2.1054716956246096,0.0,2.5566898357924694,True
2015-07-31,4.651897284651297,0.5479200692858577,2.103029402134465,0.0,2.548867882516832,True
2015-08-03,4.6218571474536585,0.5464042807381241,2.096454617124885,0.0,2.525402530328774,True
2015-08-04,4.6016334490051545,0.5452681320701371,2.0925093737946514,0.0,2.509124075210503,True
2015-08-05,4.676560313558472,0.5490990219763718,2.1086656191700004,0.0,2.567894694388472,True
2015-08-06,4.519498549573337,0.5409112467906201,2.0748509542552247,0.0,2.4446475953181124,True
2015-08-07,4.507143817871997,0.5402362002529888,2.0722215677110807,0.0,2.4349222501609167,True
2015-08-10,4.6130494440479755,0.5456603052358999,2.0958914763404586,0.0,2.517157967707517,True
2015-08-11,4.490209534792092,0.5392135304000479,2.0690277993008914,0.0,2.4211817354912006,True
2015-08-12,4.518699117489739,0.5405389268783458,2.0761663456357073,0.0,2.4425327718540317,True
2015-08-13,4.504325125064743,0.5398234005729952,2.0727850187659116,0.0,2.4315401062988315,True
2015-08-14,4.520625451682999,0.5407764083635785,2.075977856364887,0.0,2.4446475953181124,True
2015-08-17,4.5979460311051294,0.5447399796150333,2.0932610038498978,0.0,2.5046850272552312,True
2015-08-18,4.547284122010341,0.5420225531751048,2.082553572185681,0.0,2.46473054982466,True
2015-08-19,4.487272900354082,0.5389538765800427,2.0688397754356784,0.0,2.418433124918404,True
2015-08-20,4.230837158525654,0.524551742079119,2.0115441565679517,0.0,2.219293001957702,True
2015-08-21,3.8668310858402055,0.5025310857822297,1.9236282617364484,0.0,1.9432028241037569,True
2015-08-24,3.5626007327371267,0.480824776296526,1.849614032384958,0.0,1.7129867003521686,True
2015-08-25,3.533029385771159,0.4784466817439871,1.8426631996449512,0.0,1.6903661861262078,True
2015-08-26,3.869787337921272,0.4998527820327176,1.93546337118634,0.0,1.9343239667349321,True
2015-08-27,4.069969261377636,0.5124057666868325,1.984493541609588,0.0,2.085475719768049,True
2015-08-28,4.067903213444853,0.512250488755031,1.984117804149566,0.0,2.083785409295287,True
2015-08-31,3.965921353377535,0.5059133332354808,1.9595088621405374,0.0,2.006412491236998,True
2015-09-01,3.722663971569646,0.490077985896593,1.8982683102129823,0.0,1.8243956613566639,True
2015-09-02,3.9246064582516444,0.5026744615928713,1.9518070198860933,0.0,1.972799438365551,True
2015-09-03,3.8824693709641998,0.4997445827334398,1.9422263351963351,0.0,1.9402430357678646,True
2015-09-04,3.7944633025050316,0.4942313720900579,1.9191204981625973,0.0,1.8753428043424343,True
2015-09-08,4.0077508971769245,0.5076484931049787,1.9732221934849328,0.0,2.034528703691992,True
2015-09-09,3.9147639046964824,0.5016160776668563,1.951055389830846,0.0,1.9637085148656364,True
2015-09-10,3.998777844390547,0.5067785116214983,1.972283160105282,0.0,2.026494684285265,True
2015-09-11,4.042440823829782,0.5094106774121043,1.9831783053643082,0.0,2.0592625184654745,True
2015-09-14,4.018037508615304,0.5079271603847888,1.9771671265447615,0.0,2.0408703820705427,True
2015-09-15,4.112573660047376,0.5135744298326641,2.000460987443712,0.0,2.1121126726036636,True
2015-09-16,4.159149104749032,0.5163115988950446,2.011732180433165,0.0,2.1474169243158663,True
2015-09-17,4.165818266702919,0.516905705921444,2.012483034812401,0.0,2.1533352318905186,True
2015-09-18,4.046082403154388,0.5096837454677985,1.9838599694433081,0.0,2.0622224337110797,True
2015-09-21,4.069842669281716,0.5110192205206966,1.9900748407835023,0.0,2.0797678284982135,True
2015-09-22,3.948341970307565,0.5035076418892878,1.9603216154654985,0.0,1.9880203548420665,True
2015-09-23,3.953019609491499,0.5037140003454712,1.9618282885504434,0.0,1.9911913209410554,True
2015-09-24,3.922820282397527,0.5017176237441294,1.954672211937765,0.0,1.9681480704597618,True
2015-09-25,3.8584718721992375,0.49770260778116643,1.9381003593553974,0.0,1.9203715128438401,True
2015-09-28,3.6377697827737645,0.48239561427032,1.8829255938386058,0.0,1.7548441889351587,True
2015-09-29,3.6019749624897077,0.47997048168314854,1.873133304732882,0.0,1.728841657756826,True
2015-09-30,3.759466503101882,0.4902848965719279,1.9162568574629484,0.0,1.8432096456389337,True
2015-10-01,3.793920013899421,0.49263054183988525,1.9249191417549643,0.0,1.8690008721444569,True
2015-10-02,3.9246609974280364,0.5009437478731309,1.9586266082449355,0.0,1.966034389183101,True
2015-10-05,4.042353289949878,0.5085325702686883,1.9866849814775787,0.0,2.0556683084722995,True
2015-10-06,4.0035531774356645,0.5061212919419827,1.977269670913496,0.0,2.0262835065221685,True
2015-10-07,4.047972783172593,0.5086099284610215,1.9891336355110187,0.0,2.058839147661575,True
2015-10-08,4.081038324184198,0.5106534270897432,1.9970421178549551,0.0,2.083996206329243,True
2015-10-09,4.115444511908264,0.5125482936113721,2.0060804498773974,0.0,2.109364062030867,True
2015-10-12,4.138100394855298,0.5140336359868826,2.0109776028090747,0.0,2.1271227920462232,True
2015-10-13,4.083459818571499,0.510712927866547,1.9979840988034503,0.0,2.085475719768049,True
2015-10-14,4.071379718077285,0.51004748589002,1.9947827287683475,0.0,2.0765969893089378,True
2015-10-15,4.20561892501783,0.5178952191971982,2.027548989985836,0.0,2.178069935031994,True
2015-10-16,4.241151280950309,0.5199364442359592,2.0360221644662215,0.0,2.205129116484087,True
2015-10-19,4.292359033316593,0.5229434958645749,2.0476977949281263,0.0,2.2446612383884665,True
2015-10-20,4.2446075972615995,0.5200610579728031,2.0371524795503344,0.0,2.207455117711265,True
2015-10-21,4.196663976457936,0.5175395743904958,2.0247242882219694,0.0,2.171939688235966,True
2015-10-22,4.366646872229257,0.5268763562737255,2.065963879055046,0.0,2.3006829931742114,True
2015-10-23,4.6157766404649685,0.5398877278880299,2.1237754776056925,0.0,2.4920011628592755,True
2015-10-26,4.624494478479516,0.5404699948114265,2.1250939716902217,0.0,2.4994005067892946,True
2015-10-27,4.645104308446597,0.5415764200026869,2.1294253465390325,0.0,2.5156789619075646,True
2015-10-28,4.72115166549627,0.5452113986200882,2.1471259628534907,0.0,2.57402570264278,True
2015-10-29,4.708248668291686,0.5446848647436882,2.1437368792235794,0.0,2.564511789068107,True
2015-10-30,4.663552203462304,0.5423803269663285,2.1341332345238775,0.0,2.5294189689384265,True
2015-11-02,4.773907716003222,0.5479098635120988,2.1582365909085413,0.0,2.6156711250946807,True
2015-11-03,4.806386341791708,0.5493975761038995,2.1657693357924552,0.0,2.640617005999253,True
2015-11-04,4.807630099337199,0.5494750719650676,2.165957204522466,0.0,2.6416728948147328,True
2015-11-05,4.778539357661796,0.5479539959149161,2.1601196219943177,0.0,2.6184197356674774,True
2015-11-06,4.7887136116682445,0.5485997648831167,2.161626450214465,0.0,2.627087161453779,True
2015-11-09,4.681178371970577,0.5431380738153727,2.1386521678322956,0.0,2.5425262041382815,True
2015-11-10,4.65774831139349,0.5420123392332505,2.1331912535753825,0.0,2.5245570578181082,True
2015-11-11,4.643908410717352,0.5412150697674013,2.130555196217539,0.0,2.5133532144998134,True
2015-11-12,4.550259266589634,0.536325255483018,2.109840302921978,0.0,2.440418963667656,True
2015-11-13,4.365290110280938,0.5261684044591102,2.0684123779532833,0.0,2.2968777323276544,True
2015-11-16,4.490808178465981,0.5327867380471384,2.0981651378656796,0.0,2.3926430406003014,True
2015-11-17,4.50037098135234,0.5334865412985743,2.099483631950209,0.0,2.4008873494021308,True
2015-11-18,4.678292248445036,0.5426146189076524,2.139782482916409,0.0,2.5385097655286275,True
2015-11-19,4.6836044219782345,0.5428118629581197,2.1412883803253417,0.0,2.5423160416528927,True
2015-11-20,4.748628018747023,0.5460186175795801,2.1557887125511126,0.0,2.59283930619591,True
2015-11-23,4.721485651200831,0.544724916938925,2.1495747720221328,0.0,2.571910879178699,True
2015-11-24,4.711569376174366,0.5441665082432896,2.1476911203955473,0.0,2.563878255778819,True
2015-11-25,4.71916066525136,0.5445006168469498,2.1495747720221328,0.0,2.569585893229228,True
2015-11-27,4.731474039685626,0.5450493505140668,2.1525871873808082,0.0,2.578886852304818,True
2015-11-30,4.709735882956599,0.5441090506532601,2.1471259628534907,0.0,2.5626099201031085,True
2015-12-01,4.807308004177667,0.5488964134320998,2.1685938824211193,0.0,2.6387141217565473,True
2015-12-02,4.745948799199166,0.5458814146135055,2.155223555009057,0.0,2.5907252441901085,True
2015-12-03,4.577291844919053,0.537129898273312,2.1186915418904206,0.0,2.4586003030286316,True
2015-12-04,4.795726322175225,0.5478855728299296,2.168217059014681,0.0,2.627509263160545,True
2015-12-07,4.753801974320175,0.5459581095354245,2.158425235314564,0.0,2.595376739005611,True
2015-12-08,4.754201429767911,0.5459567098558641,2.1586132591797775,0.0,2.5955881705881336,True
2015-12-09,4.600513718203589,0.5379109196684251,2.125847153097491,0.0,2.4746665651060984,True
2015-12-10,4.645210140799726,0.5402896320132552,2.1354512632028,0.0,2.5097588775969255,True
2015-12-11,4.423980237536135,0.5284106886130898,2.086301793808966,0.0,2.3376784437271696,True
2015-12-14,4.492225804737506,0.5320538680199125,2.1021196893080525,0.0,2.3901061154294543,True
2015-12-15,4.545620621145889,0.5347333937459734,2.114925479718868,0.0,2.430695141427021,True
2015-12-16,4.684460346583859,0.5418099892452575,2.146372936581423,0.0,2.538087410002436,True
2015-12-17,4.547499025942599,0.534884299865186,2.1151131933136766,0.0,2.4323858326289227,True
2015-12-18,4.373321300420941,0.5256372579689256,2.0745406838505818,0.0,2.2987806165703595,True
2015-12-21,4.464648163878541,0.5301789803459928,2.0975855527498073,0.0,2.367062611128734,True
2015-12-22,4.523252799858816,0.5332179888802999,2.111373038720912,0.0,2.4118797611379037,True
2015-12-23,4.594106791861062,0.5370044496928551,2.127051002267505,0.0,2.4670557895935574,True
2015-12-24,4.5886551873017165,0.5365367060190007,2.1266732480498525,0.0,2.4619819392518636,True
2015-12-28,4.586888038855819,0.5366051836176265,2.1255401405320975,0.0,2.4613478983237216,True
2015-12-29,4.732574841913989,0.543805837238316,2.1589730177139606,0.0,2.573601824200028,True
2015-12-30,4.647372941255232,0.5396286829645812,2.139517201720439,0.0,2.5078557395347927,True
2015-12-31,4.527724112704172,0.5333452297451031,2.112884055591522,0.0,2.41484005711265,True
2016-01-04,4.335588666855621,0.5229466630534987,2.068307041150907,0.0,2.267281625704714,True
2016-01-05,4.311705340762803,0.5211364308070426,2.0647186087860123,0.0,2.2469867319767904,True
2016-01-06,4.231623175069146,0.5167608906439464,2.04488581425085,0.0,2.186737360818296,True
2016-01-07,3.959571618124909,0.49973048227000777,1.9808529838167135,0.0,1.9787186343081957,True
2016-01-08,3.8966067140639136,0.49581552211681035,1.9646086216464456,0.0,1.931998092417468,True
2016-01-11,3.9195636443141466,0.4972263525996341,1.9706533096696939,0.0,1.9489103346444527,True
2016-01-12,4.008165346939532,0.5026382096229045,1.9935082930812777,0.0,2.0146570538582544,True
2016-01-13,3.7286423562249844,0.4837925005397483,1.9247531470884804,0.0,1.8038892091365042,True
2016-01-14,3.88632454668085,0.49419002310471993,1.9657417291642008,0.0,1.9205828175166495,True
2016-01-15,3.648794070794457,0.47798335401072156,1.9047312427416885,0.0,1.7440628280527688,True
2016-01-19,3.660349232975237,0.4784958501732147,1.9088873148118766,0.0,1.7514619181633604,True
2016-01-20,3.6386386691334724,0.47699352573575116,1.903031581465056,0.0,1.7356070876684164,True
2016-01-21,3.646869400645201,0.47765595681833206,1.9049205076885203,0.0,1.7419488929566807,True
2016-01-22,3.8521189039765975,0.49116954466903906,1.9600754158994145,0.0,1.8920434880771833,True
2016-01-25,3.737835688576328,0.4833943742297472,1.9309869449233577,0.0,1.8068487436529703,True
2016-01-26,3.8067950049523187,0.4881876835469404,1.9483645697465828,0.0,1.8584304352057361,True
2016-01-27,3.619994134018388,0.47518691676218233,1.899820282777004,0.0,1.720173851241384,True
2016-01-28,3.71467597254014,0.4813431258367104,1.926642228447147,0.0,1.7880337440929932,True
2016-01-29,3.871391392121139,0.4919462700968853,1.9668748366819562,0.0,1.9045165554391827,True
2016-02-01,3.8874619325914717,0.49268596054001507,1.9721640162698992,0.0,1.9152979163215724,True
2016-02-02,3.7232175634155773,0.48177190959458727,1.929475928052748,0.0,1.793741635362829,True
2016-02-03,3.6885943979944416,0.4794166381652797,1.9202208721526628,0.0,1.7683735258417788,True
2016-02-04,3.6852340682643954,0.47899326697441114,1.9200317623410326,0.0,1.7652023059233628,True
2016-02-05,3.4369628786894486,0.4607582050612008,1.8533540318425206,0.0,1.583608846846928,True
2016-02-08,3.3363304959284505,0.4529854801063121,1.8250212244369708,0.0,1.5113092714914795,True
2016-02-09,3.3131178995085375,0.4508632151478628,1.8193549111721845,0.0,1.493762988336353,True
2016-02-10,3.337864737155678,0.4528406478423509,1.8263439071719625,0.0,1.5115208299837155,True
2016-02-11,3.3316271642324193,0.45260988313385786,1.8236997827835977,0.0,1.5079273814488217,True
2016-02-12,3.4236587340161435,0.4592143786137271,1.8514654158894608,0.0,1.572193318126683,True
2016-02-16,3.5700471030705967,0.46969603697582984,1.8932101269412955,0.0,1.6768369761293012,True
2016-02-17,3.728772197157189,0.4807709878588624,1.9360867044292664,0.0,1.7926854927279225,True
2016-02-18,3.6457889011396447,0.47501429012538593,1.9139870743177856,0.0,1.7318018268218591,True
2016-02-19,3.6694238813112383,0.47685151543958404,1.9196535427177737,0.0,1.7497703385934644,True
2016-02-22,3.7832476857191706,0.48435327630892994,1.950819274052913,0.0,1.8324284116662573,True
2016-02-23,3.659811795044755,0.4757355029910814,1.918709389876446,0.0,1.741102405168309,True
2016-02-24,3.7299274573028764,0.4806785950358207,1.9370311675409988,0.0,1.7928962897618779,True
2016-02-25,3.7984730639492432,0.4850276068885666,1.9561087639112607,0.0,1.8423643000379826,True
2016-02-26,3.79178905100067,0.4847674534325323,1.9536531287937167,0.0,1.838135922206953,True
2016-02-29,3.7256011041484864,0.48032903944724015,1.9360867044292664,0.0,1.7895143997192198,True
2016-03-01,3.9589802235376768,0.49526633228433903,1.998230608639939,0.0,1.960749614897738,True
2016-03-02,3.9618495119338664,0.49544121857261264,1.998985961940041,0.0,1.9628635499938254,True
2016-03-03,3.9470790786082057,0.4945101085731837,1.9952085748987196,0.0,1.951870503709486,True
2016-03-04,3.951216857815308,0.49484825683862227,1.9959640833340242,0.0,1.9552527744812838,True
2016-03-07,3.902578034061051,0.4916985924604138,1.9836859077463032,0.0,1.9188921263147476,True
2016-03-08,3.8354086815329453,0.4870812827216795,1.9672529011700128,0.0,1.8681557803629325,True
2016-03-09,3.88378990703636,0.4902124091271972,1.9799079001641724,0.0,1.9038820068721873,True
2016-03-10,3.873581342946734,0.4896489031878977,1.976886486963762,0.0,1.8966948559829722,True
2016-03-11,4.0064492085861945,0.49794630554959957,2.011452626798582,0.0,1.9949965817876125,True
2016-03-14,4.021475703028408,0.49897685239272954,2.014852414757454,0.0,2.006623288270954,True
2016-03-15,4.019452169187797,0.49891250553193217,2.0140972165925537,0.0,2.0053549525952437,True
2016-03-16,4.0885554722102935,0.5029929412525451,2.0320409297690496,0.0,2.056514542441244,True
2016-03-17,4.08150268933653,0.5024117017753007,2.030907977386497,0.0,2.050594711950032,True
2016-03-18,4.096523835032644,0.5034593198745267,2.0340907311973213,0.0,2.062433103835323,True
2016-03-21,4.129003892434433,0.5054381579534898,2.042047770859584,0.0,2.086956121574849,True
2016-03-22,4.15385815397606,0.5068923822033504,2.0482990989723238,0.0,2.1055590550037366,True
2016-03-23,4.0868955718034155,0.502938438425225,2.0314386949136383,0.0,2.0554568768897767,True
2016-03-24,4.086829142355078,0.5027915019924799,2.0320061794837296,0.0,2.054822962871348,True
2016-03-28,4.076588313833854,0.502239517025336,2.02916456798281,0.0,2.047423745851044,True
2016-03-29,4.20705352308949,0.5099300744227442,2.0617504069599986,0.0,2.145303116129492,True
2016-03-30,4.249226087268255,0.5124311099398942,2.0717904469838295,0.0,2.1774356402844255,True
2016-03-31,4.23351052851529,0.51133716419711,2.0687592602656735,0.0,2.1647512682496166,True
2016-04-01,4.327574941688363,0.5168806015083296,2.090735402756107,0.0,2.2368395389322555,True
2016-04-04,4.291924073322786,0.514721490257732,2.0827785182290466,0.0,2.2091455550937398,True
2016-04-05,4.2124391638160805,0.5103317989519505,2.0626975073701703,0.0,2.14974165644591,True
2016-04-06,4.349302358816202,0.5179438993659128,2.096607735569576,0.0,2.2526946232466263,True
2016-04-07,4.221935555410828,0.5105359315048642,2.0664857538756545,0.0,2.1554498015351733,True
2016-04-08,4.215347359690567,0.5101304312508751,2.06497039321938,0.0,2.1503769664711863,True
2016-04-11,4.184725303388001,0.5083566543326751,2.057392348856388,0.0,2.127332954531613,True
2016-04-12,4.25164559706241,0.5120402180468251,2.0746320584847493,0.0,2.1770135385776603,True
2016-04-13,4.363151656219943,0.5184318070574759,2.1011550586200185,0.0,2.2619965975999237,True
2016-04-14,4.364820180786154,0.5185725329953055,2.1013443235668507,0.0,2.2634758572193032,True
2016-04-15,4.342181552698857,0.5172841669204051,2.0960397855938777,0.0,2.2461417671049797,True
2016-04-18,4.386548881228859,0.5196183858628266,2.1072174320563315,0.0,2.2793314491725276,True
2016-04-19,4.334344438158128,0.5168047384173401,2.094334694585164,0.0,2.2400097435729642,True
2016-04-20,4.341547257951289,0.5172136427272318,2.0960397855938777,0.0,2.245507472357411,True
2016-04-21,4.342370662510486,0.5172616392462456,2.096228895405507,0.0,2.2461417671049797,True
2016-04-22,4.209047772441802,0.5094872974743231,2.064591397920109,0.0,2.144456374521693,True
2016-04-25,4.207357588878754,0.5092902482599975,2.064591397920109,0.0,2.142766190958645,True
2016-04-26,4.167930702131645,0.5070574035289294,2.054550582220266,0.0,2.1133801199113798,True
2016-04-27,4.1007132434730895,0.5029965308354245,2.0380687080552446,0.0,2.0626445354178453,True
2016-04-28,4.002940397562,0.49700961560471457,2.0134405292811275,0.0,1.9894998682808729,True
2016-04-29,3.9606220555730385,0.49431372120119743,2.0028322290111937,0.0,1.9577898265618445,True
2016-05-02,4.031359457488817,0.49848772472607894,2.021776253972257,0.0,2.00958320351656,True
2016-05-03,3.95911943067957,0.4940740690553482,2.0030211836876215,0.0,1.9560982469919486,True
2016-05-04,3.9075506361300083,0.4906940185954773,1.990138911622061,0.0,1.9174117245079474,True
2016-05-05,3.905925387114251,0.4906277030959182,1.989570185970351,0.0,1.9163552011439002,True
2016-05-06,3.9442278970266127,0.49288434148803745,2.0001797273219037,0.0,1.9440481697047087,True
2016-05-09,3.9670342015226385,0.4943672317853372,2.0058624849181363,0.0,1.9611717166045024,True
2016-05-10,4.07674001961468,0.5012356501320974,2.0333325854635764,0.0,2.0434074341511033,True
2016-05-11,4.002553748335806,0.49658227292612955,2.014956510478212,0.0,1.987597237857594,True
2016-05-12,3.9657449402928564,0.4941548129924749,2.0060529909465865,0.0,1.95969194934627,True
2016-05-13,3.9346790103847322,0.4920389730103578,1.9986635909896175,0.0,1.9360154193951147,True
2016-05-16,4.03430992785378,0.49838498008774057,2.0236704547926,0.0,2.0106394730611803,True
2016-05-17,3.931763682229935,0.49175860438219204,1.9982850610959535,0.0,1.9334786211339812,True
2016-05-18,3.960947780359139,0.49368583828120166,2.0054839550244723,0.0,1.9554638253346666,True
2016-05-19,3.9196645001058346,0.49101138391382826,1.995064609430965,0.0,1.9245998906748696,True
2016-05-20,4.005905704913894,0.496483372310446,2.0170401313805892,0.0,1.9888655735333043,True
2016-05-23,3.993529592570148,0.4955870368797017,2.014388095096906,0.0,1.979141497473242,True
2016-05-24,4.15501491756924,0.5054795125731194,2.0547400023023004,0.0,2.1002749152669393,True
2016-05-25,4.215030980666972,0.5090150107825927,2.0695169405938105,0.0,2.145514040073161,True
2016-05-26,4.239061583829974,0.5103682459315337,2.075579158894921,0.0,2.163482424935053,True
2016-05-27,4.2824171874629435,0.5128038083817469,2.0863773446524965,0.0,2.1960398428104466,True
2016-05-31,4.299502117685778,0.5138142730542066,2.090356562592038,0.0,2.2091455550937398,True
2016-06-01,4.300536996060747,0.5138874031515176,2.0905452069980615,0.0,2.2099917890626855,True
2016-06-02,4.317366824203734,0.5147729634132168,2.0949031099664692,0.0,2.2224637142372647,True
2016-06-03,4.277073849452321,0.5125050939637967,2.085051714348661,0.0,2.1920221351036595,True
2016-06-06,4.308117598507023,0.5142589412365041,2.0926296035764507,0.0,2.215487994930572,True
2016-06-07,4.287169661621628,0.5131228221992167,2.0873250656034776,0.0,2.1998445960181505,True
2016-06-08,4.300493339781152,0.5137942318475154,2.090924667702939,0.0,2.209568672078213,True
2016-06-09,4.287359236838864,0.5131001333212585,2.087514640820714,0.0,2.1998445960181505,True
2016-06-10,4.189687539413917,0.5074015190448606,2.0638337175919714,0.0,2.1258538218219463,True
2016-06-13,4.117905785807066,0.5030013302521212,2.0465936976932055,0.0,2.071312088113861,True
2016-06-14,4.118963451358534,0.5031289493432652,2.0465936976932055,0.0,2.0723697536653285,True
2016-06-15,4.094486577523151,0.5015929687798345,2.0407208994741297,0.0,2.053765678049021,True
2016-06-16,4.11534766704499,0.502646290510048,2.046783428045645,0.0,2.0685642389993446,True
2016-06-17,4.020536665314388,0.4968850174000127,2.0227922344122593,0.0,1.9977444309021288,True
2016-06-20,4.06920253199809,0.4997743008514234,2.0355196815459027,0.0,2.033682850452187,True
2016-06-21,4.09595570419865,0.5014648332438348,2.04197796001854,0.0,2.05397774418011,True
2016-06-22,4.077698505618822,0.500443959313,2.0370389205822352,0.0,2.040659585036587,True
2016-06-23,4.192800383365244,0.5072265504218472,2.0661007083034932,0.0,2.126699675061751,True
2016-06-24,3.8472563046322144,0.48508677409732953,1.9810031546925606,0.0,1.8662531499396537,True
2016-06-27,3.6992753718123965,0.4751179591418971,1.941683206853008,0.0,1.7575921649593884,True
2016-06-28,3.851964618811446,0.48487797140371386,1.984231828523272,0.0,1.8677327902881737,True
2016-06-29,3.984138699105859,0.49314693791380987,2.019372899417895,0.0,1.9647657996879644,True
2016-06-30,4.078957150682426,0.49920103925893244,2.042737501969105,0.0,2.036219648713321,True
2016-07-01,4.117119668500831,0.5013516981342095,2.052994731276186,0.0,2.0641249372246455,True
2016-07-05,4.06801006954899,0.498413704598421,2.0404581004413975,0.0,2.0275519691075923,True
2016-07-06,4.1325020080349155,0.5021965859372103,2.057173608221115,0.0,2.0753283998138006,True
2016-07-07,4.158241213196849,0.5038161917987818,2.0632519605832664,0.0,2.0949892526135825,True
2016-07-08,4.2869753149877425,0.511272119920483,2.0951643576471786,0.0,2.1918109573405635,True
2016-07-11,4.336360546626633,0.5140784537882049,2.1071310217486383,0.0,2.2292295248779945,True
2016-07-12,4.3820900145350254,0.5167218906636458,2.117768177166204,0.0,2.2643218373688216,True
2016-07-13,4.361105652793058,0.515572523214514,2.1126394073774613,0.0,2.248466245415597,True
2016-07-14,4.421204282880678,0.5188922445857314,2.127075668764674,0.0,2.294128614116004,True
2016-07-15,4.404890780087499,0.5178865809996464,2.123656954311119,0.0,2.2812338257763796,True
2016-07-18,4.464398658805189,0.5211643722192223,2.1377131344526443,0.0,2.3266855243525444,True
2016-07-19,4.432510857991649,0.5194767040637629,2.129924726755305,0.0,2.302586131236344,True
2016-07-20,4.536247314436977,0.5249798502485973,2.154808878613252,0.0,2.3814384358237257,True
2016-07-21,4.517145010067868,0.5240643249384069,2.149870459717757,0.0,2.3672745503501105,True
2016-07-22,4.553554620172992,0.5259092719252968,2.158798025205742,0.0,2.39475659496725,True
2016-07-25,4.555857439486772,0.5261073642383793,2.158987290152574,0.0,2.3968701493341973,True
2016-07-26,4.566361042171494,0.5266564583883026,2.161457507979137,0.0,2.4049035341923575,True
2016-07-27,4.6282986796754555,0.5297487097393009,2.176463425829273,0.0,2.4518352538461823,True
2016-07-28,4.662533153450818,0.5315719469186612,2.1840613274981626,0.0,2.478471825952656,True
2016-07-29,4.683560043292719,0.5326610535983642,2.1888100160412183,0.0,2.4947500272515,True
2016-08-01,4.734255278564746,0.5352179752547536,2.2003967540321927,0.0,2.5338585245325524,True
2016-08-02,4.660461520860724,0.5314452460098027,2.1836814013876773,0.0,2.4767801194730468,True
2016-08-03,4.691145257561816,0.5329712870114822,2.190899532081284,0.0,2.500245725480532,True
2016-08-04,4.719823015235166,0.5344808326267277,2.1971680802014815,0.0,2.522654935033684,True
2016-08-05,4.813840365866701,0.5391928218045126,2.218252195278567,0.0,2.5955881705881336,True
2016-08-08,4.803126826500501,0.5386790108667574,2.2157832185336233,0.0,2.5873436079668775,True
2016-08-09,4.825378861144122,0.5397435316279862,2.2209118331871633,0.0,2.604467027956958,True
2016-08-10,4.799597127882257,0.5384584366046311,2.215213562070699,0.0,2.584383565811558,True
2016-08-11,4.84249657744517,0.5405860193586071,2.224710628886406,0.0,2.617785948558763,True
2016-08-12,4.848877022594516,0.5408771623162467,2.2262301781931435,0.0,2.6226468444013733,True
2016-08-15,4.891354130848967,0.5429224789543468,2.2357280206848613,0.0,2.655626110164105,True
2016-08-16,4.8371492623702625,0.5403529734684619,2.2233812753377147,0.0,2.6137679870325483,True
2016-08-17,4.853400115200967,0.5410701654941606,2.227370111659801,0.0,2.6260300035411657,True
2016-08-18,4.8565068519699395,0.5412464161655182,2.227939923257927,0.0,2.6285669287120124,True
2016-08-19,4.852342703468926,0.5409701565251233,2.227370111659801,0.0,2.6249725918091245,True
2016-08-22,4.856588809614724,0.5410195028162136,2.2290795464541793,0.0,2.627509263160545,True
2016-08-23,4.876222722900994,0.5420495197186244,2.233068537911467,0.0,2.6431541849895264,True
2016-08-24,4.810838261017057,0.5388261626029345,2.2186327419298615,0.0,2.5922055190871953,True
2016-08-25,4.794968250890323,0.5380524185030462,2.215023986853463,0.0,2.5799442640368593,True
2016-08-26,4.810669653587139,0.5388891038019004,2.218252195278567,0.0,2.5924174583085717,True
2016-08-29,4.820896368495436,0.5392367747596083,2.221291759297649,0.0,2.599604609197787,True
2016-08-30,4.790211715200861,0.5377921467556679,2.2140734734688405,0.0,2.5761382417320213,True
2016-08-31,4.781168745174018,0.5373945879698839,2.21179453734674,0.0,2.5693742078272783,True
2016-09-01,4.798282234740323,0.5378570101321254,2.2174924981927995,0.0,2.580789736547523,True
2016-09-02,4.8357307668044385,0.5399432399838616,2.224710628886406,0.0,2.611020137918032,True
2016-09-06,4.898008195866728,0.5429617531949915,2.238577078675492,0.0,2.659431117191236,True
2016-09-07,4.904200588715401,0.5432676514253851,2.2399070527649934,0.0,2.6642935359504074,True
2016-09-08,4.845430860988596,0.5404329317491179,2.2268004551968765,0.0,2.61863040579172,True
2016-09-09,4.590888801480181,0.5271581783462708,2.1707642239015947,0.0,2.4201245775785867,True
2016-09-12,4.753922565203182,0.5351829209545775,2.209704400765865,0.0,2.5442181644373174,True
2016-09-13,4.674128595001681,0.5314742427969759,2.1899496392374704,0.0,2.4841789557642113,True
2016-09-14,4.716497817646523,0.5334680860447922,2.2003967540321927,0.0,2.51610106361433,True
2016-09-15,4.867382787438169,0.5409055872654039,2.2345882423534076,0.0,2.632794545084762,True
2016-09-16,4.86335695222517,0.5407448579698583,2.233521687837448,0.0,2.6298352643877223,True
2016-09-19,4.8191868080425415,0.5385507643476891,2.223810069036931,0.0,2.595376739005611,True
2016-09-20,4.837750676877131,0.5394556223651797,2.227998874634809,0.0,2.609751802242322,True
2016-09-21,4.935544221745667,0.5441438108441216,2.2498983803352957,0.0,2.6856458414103717,True
2016-09-22,5.016231470386643,0.5479077072391243,2.2677995864663556,0.0,2.748431883920287,True
2016-09-23,4.952290304770661,0.5449930397122502,2.2533265580361923,0.0,2.6989637467344685,True
2016-09-26,4.8664230789676175,0.5408385756200786,2.2344737525740936,0.0,2.631949326393524,True
2016-09-27,4.9631374121898055,0.5453353481167076,2.2565631437622224,0.0,2.706574268427583,True
2016-09-28,4.981743710440101,0.5462689061035765,2.260372023249615,0.0,2.7213716871904863,True
2016-09-29,4.907654473270382,0.5427560155041625,2.2439954858869693,0.0,2.6636589873834122,True
2016-09-30,4.979165187980537,0.5459574145553827,2.2607530353065166,0.0,2.7184121526740204,True
2016-10-03,4.96979773491767,0.5457529763880671,2.257515829039677,0.0,2.712281905877992,True
2016-10-04,4.950937195149978,0.5447148321558727,2.25408827187959,0.0,2.6968489232703874,True
2016-10-05,4.987051360517426,0.5464082535156903,2.2620853364240516,0.0,2.724966024093374,True
2016-10-06,4.981681088913087,0.5461484474584329,2.2609436964701692,0.0,2.720737392442918,True
2016-10-07,4.958972022607172,0.5450685987342206,2.255992091082477,0.0,2.702979931524695,True
2016-10-10,5.021664861508032,0.5479040276560369,2.270274458348987,0.0,2.7513904031590455,True
2016-10-11,4.8755578646234845,0.5409958784743496,2.237901154598979,0.0,2.637656710024506,True
2016-10-12,4.868158149823117,0.5406891935612772,2.235997645666496,0.0,2.6321605041566203,True
2016-10-13,4.829294682673352,0.5386492187713308,2.227998874634809,0.0,2.6012958080385427,True
2016-10-14,4.837880624518412,0.5389167970944793,2.23066549362751,0.0,2.6072151308909017,True
2016-10-17,4.813817358496429,0.5378778499315646,2.224571627745126,0.0,2.589245730751303,True
2016-10-18,4.900002142702369,0.5419642752848916,2.2443760325382636,0.0,2.655626110164105,True
2016-10-19,4.9008691048569375,0.5420841102333974,2.244185836780218,0.0,2.6566832680767196,True
2016-10-20,4.886998036222861,0.5413300033459439,2.2415193729227187,0.0,2.645478663300143,True
2016-10-21,4.924128185386569,0.5430869596343241,2.2498983803352957,0.0,2.674229805051273,True
2016-10-24,5.048624575113861,0.5489980492370108,2.276939532046318,0.0,2.771685043067542,True
2016-10-25,5.01369501477037,0.547299360336622,2.2697029402636355,0.0,2.743992074506734,True
2016-10-26,4.9456323554530455,0.5441879903815992,2.254278622772838,0.0,2.6913537326802075,True
2016-10-27,4.89771871180837,0.5418284270844893,2.2439954858869693,0.0,2.6537232259214,True
2016-10-28,4.837753868196638,0.539062135926615,2.2299039349193146,0.0,2.6078499332773237,True
2016-10-31,4.820860234564455,0.5378814400852586,2.2278089891471677,0.0,2.5930512454172865,True
2016-11-01,4.7508296396161835,0.5345968068071899,2.211051284592419,0.0,2.5397783550237647,True
2016-11-02,4.666950880261261,0.5300267697302518,2.1933419807066303,0.0,2.4736088995546313,True
2016-11-03,4.574190096084555,0.5252004307993023,2.1718234870630444,0.0,2.4023666090215103,True
2016-11-04,4.539302753570591,0.5232293104790341,2.16420650376427,0.0,2.375096249806321,True
2016-11-07,4.760896495265838,0.5346208029523863,2.215622188193614,0.0,2.545274307072224,True
2016-11-08,4.825260100874504,0.5378292072984019,2.2300942858125627,0.0,2.5951658150619417,True
2016-11-09,4.8719033782880565,0.540143297446576,2.240377422698432,0.0,2.631525955589624,True
2016-11-10,4.710572847556106,0.5320747749086615,2.204195860001839,0.0,2.5063769875542676,True
2016-11-11,4.709412133601816,0.5317571200276388,2.2051487004144974,0.0,2.5042634331873193,True
2016-11-14,4.602569586800245,0.5257284368612324,2.182867872386704,0.0,2.419701714413541,True
2016-11-15,4.7448916094847995,0.533572825757326,2.2131463854997677,0.0,2.5317452239850313,True
2016-11-16,4.799254007506314,0.5361183814998053,2.2262857165955747,0.0,2.5729682909107394,True
2016-11-17,4.875054664063558,0.5400108895741117,2.2424720582001743,0.0,2.6325826058633846,True
2016-11-18,4.8370793948928394,0.5381318532808808,2.234092895652395,0.0,2.602986499240445,True
2016-11-21,4.93853145369227,0.5429157049939723,2.257325167876024,0.0,2.6812062858162458,True
2016-11-22,4.969486426534251,0.5443833520678598,2.264180747601806,0.0,2.705305678932446,True
2016-11-23,4.927788950176939,0.5423829623628539,2.255040181481034,0.0,2.672748768695906,True
2016-11-25,4.960817149194285,0.5439709416358663,2.2622767732637157,0.0,2.6985403759305693,True
2016-11-28,4.940665425974436,0.5431516876287157,2.257134661847574,0.0,2.6835307641268624,True
2016-11-29,4.974264734122505,0.5446678579362028,2.2649426165804054,0.0,2.7093221175421,True
2016-11-30,4.8591115635335775,0.5395206348543796,2.2375206079476846,0.0,2.621590955585893,True
2016-12-01,4.676490822863125,0.5298047636033583,2.198863707962853,0.0,2.477627114900272,True
2016-12-02,4.690805303846119,0.5303058200701922,2.203243950400396,0.0,2.4875613534457233,True
2016-12-05,4.765445429599792,0.5340662107513195,2.220382046471237,0.0,2.545063383128555,True
2016-12-06,4.789169548890749,0.5352608335966427,2.22571466391583,0.0,2.5634548849749197,True
2016-12-07,4.912483255396508,0.5411897621757868,2.2538976107159368,0.0,2.6585856446805716,True
2016-12-08,4.932760687075993,0.5422650754145955,2.2578968410965783,0.0,2.6748638459794147,True
2016-12-09,5.013044404520724,0.5460629765815267,2.275606455252771,0.0,2.7374379492679535,True
2016-12-12,4.96470870140253,0.5437148503151168,2.265322852961295,0.0,2.6993858484412345,True
2016-12-13,5.098763327907113,0.550109028411035,2.293887587494315,0.0,2.8048757404127973,True
2016-12-14,5.073496678913437,0.5488067877672612,2.289127263811086,0.0,2.784369415102351,True
2016-12-15,5.094025954833521,0.549915023666474,2.2927445513236115,0.0,2.801281403509909,True
2016-12-16,5.051490604234203,0.5478076070289102,2.2842456243996403,0.0,2.7672449798345626,True
2016-12-19,5.094674733730139,0.5498036439580163,2.293604000344472,0.0,2.801070733385667,True
2016-12-20,5.137285201683351,0.5518274444041554,2.302390237663142,0.0,2.8348949640202097,True
2016-12-21,5.125629273082486,0.55114363192369,2.300671339621422,0.0,2.8249579334610644,True
2016-12-22,5.094614171194001,0.54968577642468,2.2941772249170493,0.0,2.800436946276952,True
2016-12-23,5.104808508310258,0.5502857457263147,2.2957051515247118,0.0,2.809103356785547,True
2016-12-27,5.15766202260126,0.552598296177365,2.307546776653101,0.0,2.8501152459481585,True
2016-12-28,5.073751372162911,0.5487376170252473,2.2895931348236567,0.0,2.784158237339254,True
2016-12-29,5.056975422193089,0.5478825612744729,2.2863467755798808,0.0,2.7706286466132086,True
2016-12-30,4.9525170448143445,0.5430898567421285,2.262855272433172,0.0,2.689661772381172,True
2017-01-03,5.037873767048762,0.5468127911692474,2.2830999509304974,0.0,2.754773816118264,True
2017-01-04,5.097218855720238,0.5496535659539579,2.2955143352258567,0.0,2.8017045204943813,True
2017-01-05,5.159885271898235,0.5526059548908276,2.308501944093793,0.0,2.851383327804442,True
2017-01-06,5.252429187255115,0.556634449668326,2.3287461571855115,0.0,2.9236830300696033,True
2017-01-09,5.289665899960829,0.5583111864122207,2.3363862556294315,0.0,2.9532796443313973,True
2017-01-10,5.311734328674121,0.5591754397213853,2.3415429497545923,0.0,2.970191378919529,True
2017-01-11,5.3408679088441176,0.5604000112797726,2.347845472484098,0.0,2.993022436360019,True
2017-01-12,5.322018041489413,0.5595249064506841,2.3442163946961956,0.0,2.9778016467932167,True
2017-01-13,5.364287077916812,0.561500240949649,2.3522385911434336,0.0,3.0120484867733786,True
2017-01-17,5.328893561277901,0.559913833735776,2.3451723378128997,0.0,2.983721223465002,True
2017-01-18,5.353963051127669,0.5610827135910492,2.349946933934743,0.0,3.0040161171929256,True
2017-01-19,5.344783217124354,0.5605433580048341,2.3488004847895882,0.0,2.9959827323347654,True
2017-01-20,5.369389544052954,0.5615967839532968,2.353957644320356,0.0,3.0154318997325977,True
2017-01-23,5.37806292557689,0.5619488334887016,2.3558667381201226,0.0,3.022196187456767,True
2017-01-24,5.456913764678767,0.5653734048975297,2.3717198493101352,0.0,3.085193915368632,True
2017-01-25,5.570844373876975,0.5699766257053472,2.395593295324959,0.0,3.1752510785520163,True
2017-01-26,5.586433842982679,0.5707321321775204,2.3980765445085157,0.0,3.1883572984741635,True
2017-01-27,5.606237636696459,0.571431019454379,2.4026595486554925,0.0,3.2035780880409663,True
2017-01-30,5.514799532022744,0.5677191033594957,2.383942486495425,0.0,3.130857045527319,True
2017-01-31,5.49268947800522,0.5668482525662771,2.3791680455087847,0.0,3.1135214324964355,True
2017-02-01,5.568307956344982,0.5697807459454132,2.395593295324959,0.0,3.1727146610200228,True
2017-02-02,5.558173885712188,0.5693742839346886,2.393492609550326,0.0,3.1646812761618626,True
2017-02-03,5.592531226443535,0.5707902969279827,2.400368667122814,0.0,3.1921625593207206,True
2017-02-06,5.607233823118306,0.5714049576130611,2.4032326180928676,0.0,3.2040012050254383,True
2017-02-07,5.648998762109876,0.573018397292009,2.412018545141133,0.0,3.236980216968744,True
2017-02-08,5.671189895262983,0.5739819782071486,2.416029100391544,0.0,3.255160794871439,True
2017-02-09,5.7137996439911625,0.5756212987176353,2.4248148723046077,0.0,3.2889847716865552,True
2017-02-10,5.754376043127738,0.5772198202364466,2.432836137940631,0.0,3.321539905187108,True
2017-02-13,5.826476012969863,0.5800912777287255,2.446588097950405,0.0,3.379887915019458,True
2017-02-14,5.866397502075204,0.5815489524845677,2.454800179885284,0.0,3.411597322189919,True
2017-02-15,5.93968247209813,0.5842682170049724,2.4693147845496686,0.0,3.4703676875484613,True
2017-02-16,5.9359591647473895,0.5841360341535807,2.4685515193542478,0.0,3.4674076453931417,True
2017-02-17,5.990203408883509,0.5861164427804333,2.479246695337482,0.0,3.510956713546028,True
2017-02-21,6.058237864173067,0.5887466571198308,2.4914705736043903,0.0,3.5667672905686767,True
2017-02-22,6.0596151755537715,0.5886825807528776,2.4924252756394756,0.0,3.5671898999142955,True
2017-02-23,6.011781271527345,0.5869665782445549,2.48306658942424,0.0,3.5287146821031046,True
2017-02-24,6.035582750189537,0.5878041318521606,2.4878422714924997,0.0,3.547740478697037,True
2017-02-27,6.0492083915772845,0.588227551806604,2.490897349031813,0.0,3.558311042545471,True
2017-02-28,6.013663187982731,0.587064076714396,2.4832575608582976,0.0,3.530405627124433,True
2017-03-01,6.154941707216016,0.5921360620864101,2.5103787623337177,0.0,3.6445629448822983,True
2017-03-02,6.084834575623194,0.5895084121742972,2.497773406604301,0.0,3.587061169018893,True
2017-03-03,6.108021331108316,0.5903163094278809,2.502356721021682,0.0,3.6056646100866336,True
2017-03-06,6.077537109263142,0.5891727892837958,2.4968176186227993,0.0,3.580719490640343,True
2017-03-07,6.055577458886395,0.588376838752961,2.4926159368031287,0.0,3.562961522083266,True
2017-03-08,6.078151775989234,0.5891827371163534,2.497009676003273,0.0,3.581142099985961,True
2017-03-09,6.091054564839638,0.5897394254348072,2.4989195454790507,0.0,3.592135019360587,True
2017-03-10,6.140879868665301,0.5913575971469305,2.5094239051634304,0.0,3.63145596350187,True
2017-03-13,6.166220436040245,0.592355617569899,2.5136251215774936,0.0,3.652595314462751,True
2017-03-14,6.133050464750983,0.5911474094834704,2.507513570282045,0.0,3.6255368944689383,True
2017-03-15,6.211941504924758,0.5938493188968147,2.5229842731983365,0.0,3.688957231726422,True
2017-03-16,6.208107318013349,0.5938754308522751,2.5212649097510096,0.0,3.68684240826234,True
2017-03-17,6.198347659416722,0.5933780257527848,2.520384362342633,0.0,3.677963297074089,True
2017-03-20,6.2116385258746245,0.5938782845073879,2.5226812941482026,0.0,3.688957231726422,True
2017-03-21,6.008889792418941,0.5865453819003531,2.48440323432744,0.0,3.524486558091501,True
2017-03-22,6.09507226985863,0.5896281968292603,2.5012457978378593,0.0,3.59382647202077,True
2017-03-23,6.0600044458413365,0.588295743755982,2.494929623210549,0.0,3.565074822630787,True
2017-03-24,6.084621110377514,0.5891121532176468,2.5000968665294674,0.0,3.584524243848046,True
2017-03-27,6.107667179288626,0.5900043647566794,2.50411688502722,0.0,3.6035502942614057,True
2017-03-28,6.190626596448858,0.5930254726194054,2.519427333279513,0.0,3.6711992631693455,True
2017-03-29,6.250924073676659,0.5950834430816765,2.5311026534710135,0.0,3.7198214202056454,True
2017-03-30,6.273738448225232,0.5958847576998321,2.535313333132419,0.0,3.738425115092813,True
2017-03-31,6.263136504164224,0.5954758059710648,2.533590246440236,0.0,3.7295462577239884,True
2017-04-03,6.253571638806479,0.5951018596019177,2.5320595273989315,0.0,3.721512111407548,True
2017-04-04,6.274503419907878,0.5958121089282473,2.5360783048150655,0.0,3.738425115092813,True
2017-04-05,6.221464773537988,0.594027516052221,2.525743507906823,0.0,3.695721265631165,True
2017-04-06,6.225764718435757,0.5940926898239401,2.527083410649273,0.0,3.6986813077864844,True
2017-04-07,6.220196437862278,0.5939447358072736,2.525743507906823,0.0,3.6944529299554545,True
2017-04-10,6.225381224215619,0.594129286958247,2.5266999164291346,0.0,3.6986813077864844,True
2017-04-11,6.167963767938458,0.5921197167079402,2.515790809001899,0.0,3.6521729589365592,True
2017-04-12,6.109621424269032,0.5898849396378912,2.5056477592037267,0.0,3.6039736650653054,True
2017-04-13,6.0569651439396175,0.5879626551141839,2.4956958359748143,0.0,3.561269307964803,True
2017-04-17,6.1621961462594745,0.5916447545980249,2.516365119520893,0.0,3.6458310267385814,True
2017-04-18,6.147798805924403,0.5913109442043565,2.512538089214828,0.0,3.635260716709574,True
2017-04-19,6.164501137466086,0.5917663894867922,2.516556556360557,0.0,3.6479445811055293,True
2017-04-20,6.273919625755505,0.5955304681128752,2.537609334126774,0.0,3.7363102916287314,True
2017-04-21,6.271654003493801,0.5954760256778123,2.5370344030669716,0.0,3.734619600426829,True
2017-04-24,6.437997012729641,0.6011713547672283,2.5676576265995936,0.0,3.8703393861300466,True
2017-04-25,6.542390094301023,0.6046977667332026,2.5862214151797676,0.0,3.9561686791212556,True
2017-04-26,6.521419395442592,0.603984092248664,2.582585821713367,0.0,3.9388335737292253,True
2017-04-27,6.605838077479348,0.6066982453501643,2.5980877068053245,0.0,4.007750370674023,True
2017-04-28,6.6332636613050315,0.6076317996020056,2.6026817255516663,0.0,4.030581935753365,True
2017-05-01,6.757893596445344,0.6114411709605833,2.6258392226077762,0.0,4.132054373837568,True
2017-05-02,6.786817292235874,0.6124486198697834,2.6302404082976323,0.0,4.156576883938241,True
2017-05-03,6.737384100201428,0.6108549965012621,2.6218193592452264,0.0,4.115564740956202,True
2017-05-04,6.742569718681757,0.6110122752684368,2.6227768537139533,0.0,4.119792864967804,True
2017-05-05,6.796956849051726,0.6127168536545877,2.6323468340747516,0.0,4.164610014976974,True
2017-05-08,6.827643719704378,0.6136166171019126,2.6380880776422586,0.0,4.189555642062119,True
2017-05-09,6.882916255619748,0.6153847038467334,2.6472748740533225,0.0,4.235641381566426,True
2017-05-10,6.891210853430593,0.6156255418246573,2.6488054379594246,0.0,4.242405415471168,True
2017-05-11,6.878960421779479,0.6152469236927985,2.6467011840751384,0.0,4.232259237704341,True
2017-05-12,6.912377205794667,0.6162484573887806,2.6526354158343333,0.0,4.259741789960334,True
2017-05-15,6.960536900878425,0.6176940599325773,2.6610546032643114,0.0,4.299482297614113,True
2017-05-16,7.025758740980677,0.6196632099813016,2.672154526990402,0.0,4.353604213990275,True
2017-05-17,6.628452561050313,0.6071159835349069,2.60421306513378,0.0,4.024239495916533,True
2017-05-18,6.753122753713502,0.61099648858863,2.626988464186573,0.0,4.126134289526929,True
2017-05-19,6.814114128978331,0.6128494434187297,2.6380880776422586,0.0,4.1760260513360725,True
2017-05-22,6.944551520148142,0.6169244007123308,2.660288235364844,0.0,4.284263284783298,True
2017-05-23,6.957801889481475,0.617268774945215,2.662968040849743,0.0,4.294833848631733,True
2017-05-24,7.029242957761838,0.61941607197825,2.675216895884225,0.0,4.354026061877613,True
2017-05-25,7.166599750383698,0.6235324870037338,2.697991984666613,0.0,4.468607765717085,True
2017-05-26,7.190409832150728,0.6241135973873985,2.7027772851174166,0.0,4.487632547033311,True
2017-05-30,7.202007723031887,0.6243999838722459,2.705074216922986,0.0,4.496933506108901,True
2017-05-31,7.1955526971471615,0.6241961492053332,2.704116412183854,0.0,4.491436284963307,True
2017-06-01,7.259775445911915,0.6260707144240371,2.7146426459317605,0.0,4.545132799980155,True
2017-06-02,7.445949128443559,0.6312560224470883,2.7456488982789136,0.0,4.700300230164645,True
2017-06-05,7.441569951814905,0.6311162852739667,2.7450739672191107,0.0,4.696495984595795,True
2017-06-06,7.37738832071553,0.6293857173472606,2.7341654803326847,0.0,4.643222840382846,True
2017-06-07,7.438842971803483,0.6310067087953622,2.744883150920255,0.0,4.693959820883228,True
2017-06-08,7.454398078524002,0.6313915135333256,2.7477543932448185,0.0,4.706643685279183,True
2017-06-09,7.045332075245229,0.6197418399127118,2.6790450121367058,0.0,4.366287063108523,True
2017-06-12,6.951914101976893,0.6166967480338431,2.664691282677128,0.0,4.287222819299765,True
2017-06-13,7.073745349121574,0.6202409687300472,2.686318681232743,0.0,4.387426667888831,True
2017-06-14,7.003300523714037,0.6180881861560317,2.6746432059060408,0.0,4.328657317807996,True
2017-06-15,6.933088365713499,0.6159319780215639,2.6627775348212923,0.0,4.270310830892207,True
2017-06-16,6.870376562357933,0.6141078611964594,2.651224306034019,0.0,4.219152256323913,True
2017-06-19,7.118921096715432,0.6213534207940244,2.69555512090855,0.0,4.423365975806882,True
2017-06-20,6.997606872966841,0.617805729595957,2.6744452533878786,0.0,4.323161619578963,True
2017-06-21,7.149663216554607,0.622229897757544,2.7009290043169605,0.0,4.448734212237646,True
2017-06-22,7.143821334059466,0.6220285561102774,2.700160464524661,0.0,4.443660869534805,True
2017-06-23,7.204074209730216,0.6237512222015215,2.710524116580534,0.0,4.493550093149682,True
2017-06-26,7.13179460040908,0.6217139276223873,2.697858568392617,0.0,4.433936032016463,True
2017-06-27,6.838900999595634,0.6126685443688415,2.648921479090761,0.0,4.189979520504872,True
2017-06-28,7.052975001519274,0.6190103040210735,2.687110801575796,0.0,4.365864199943477,True
2017-06-29,6.783946244406562,0.6107756821238516,2.6404768494876025,0.0,4.143469394918959,True
2017-06-30,6.770531608989691,0.6098627599135718,2.641436515849162,0.0,4.129095093140529,True
2017-07-03,6.630239452922037,0.6058045499808702,2.6136102248791913,0.0,4.016629228042846,True
2017-07-05,6.770535155252135,0.6101747224162978,2.6393257462863784,0.0,4.131209408965757,True
2017-07-06,6.637654483874189,0.6059557538048126,2.6155295576023105,0.0,4.022124926271879,True
2017-07-07,6.786363519020142,0.6104335797245739,2.64373934279242,0.0,4.142624176227722,True
2017-07-10,6.890310473858639,0.6138037906935884,2.661011785948471,0.0,4.229298687910168,True
2017-07-11,6.9324658452527474,0.6150725443895244,2.6684964389196653,0.0,4.263969406333082,True
2017-07-12,7.115915410999575,0.620546295371804,2.700160464524661,0.0,4.415754946474914,True
2017-07-13,7.151038343285919,0.6215780464840552,2.706109899533683,0.0,4.444928443752236,True
2017-07-14,7.276773171598946,0.6251892575281772,2.727412755246042,0.0,4.549360416352904,True
2017-07-17,7.28065421617822,0.6252046142373012,2.7287556055573354,0.0,4.551898610620885,True
2017-07-18,7.389363588046082,0.6282512774933444,2.746986473993328,0.0,4.6423771140527545,True
2017-07-19,7.490469256120307,0.6311168607106321,2.763107813948155,0.0,4.727361442172152,True
2017-07-20,7.511872027571698,0.6316826404248154,2.7667528706618967,0.0,4.7451191569098015,True
2017-07-21,7.503534591390517,0.631426757077351,2.765602077731077,0.0,4.73793251365944,True
2017-07-24,7.577927698627623,0.6333737367074986,2.7782673156485895,0.0,4.799660382979034,True
2017-07-25,7.538694241525545,0.6324075086220272,2.771167397979152,0.0,4.767526843546393,True
2017-07-26,7.590416777289919,0.6337241524840297,2.7801863381013043,0.0,4.810230439188614,True
2017-07-27,7.487124394196737,0.6310033246410335,2.762724009457612,0.0,4.724400384739125,True
2017-07-28,7.4696007212356985,0.6304459936665407,2.7604208722439494,0.0,4.70917984899175,True
2017-07-31,7.396587971632366,0.6283809319463085,2.7487131287951643,0.0,4.647874842837202,True
2017-08-01,7.433362198160189,0.6293672734273815,2.7550472991059434,0.0,4.678314899054246,True
2017-08-02,7.475095214028107,0.6304352154748686,2.762531952077138,0.0,4.712563261950969,True
2017-08-03,7.415301214363783,0.628904556135847,2.7517844955307216,0.0,4.663516718833062,True
2017-08-04,7.438472265921245,0.6293897650815053,2.7567739539077802,0.0,4.681698312013465,True
2017-08-07,7.538806468481534,0.6320056555672947,2.7742381441739004,0.0,4.764568324307634,True
2017-08-08,7.516250929574939,0.6315397345944224,2.7694398123661017,0.0,4.746811117208837,True
2017-08-09,7.494001106245346,0.6309322074856648,2.7657944453819554,0.0,4.72820666086339,True
2017-08-10,7.127745476907836,0.620287462096757,2.7064943245650355,0.0,4.4212511523428,True
2017-08-11,7.249330890663613,0.6238234008607298,2.7270286404850945,0.0,4.522302250178519,True
2017-08-14,7.460335584842572,0.6297555094976492,2.762148147586595,0.0,4.698187437255977,True
2017-08-15,7.470710545048089,0.630012855791736,2.764066859768905,0.0,4.706643685279183,True
2017-08-16,7.50003034324339,0.6308196749205037,2.7688636402246805,0.0,4.731166703018709,True
2017-08-17,7.152528453761869,0.6207981513114454,2.712252012463989,0.0,4.44027644129788,True
2017-08-18,7.134966934772484,0.6201338570664463,2.7103323694704646,0.0,4.42463456530202,True
2017-08-21,7.12347891476254,0.6200060697889184,2.7068787495963877,0.0,4.416600165166152,True
2017-08-22,7.361341814510794,0.6266797185917671,2.7481381977353614,0.0,4.613203616775433,True
2017-08-23,7.299973658321283,0.624882109718376,2.7383507178209094,0.0,4.561622940500374,True
2017-08-24,7.2538611555543095,0.6236086182282503,2.7302908235195074,0.0,4.523570332034802,True
2017-08-25,7.217662198792155,0.6225185703001039,2.7245334458909585,0.0,4.493128752901197,True
2017-08-28,7.26542771608562,0.6238380076133833,2.7329777652237124,0.0,4.532449950861907,True
2017-08-29,7.331981913927821,0.6257869014643731,2.743723670418106,0.0,4.588258243509715,True
2017-08-30,7.523195930884947,0.6310126023291278,2.775964488705332,0.0,4.747231442179616,True
2017-08-31,7.687817052401233,0.6350445095030853,2.805711043209636,0.0,4.882106009191596,True
2017-09-01,7.680597625091998,0.6352011737796711,2.8018729983042063,0.0,4.8787246267877915,True
2017-09-05,7.524810986481135,0.6309898291924393,2.776731787416013,0.0,4.748079199065121,True
2017-09-06,7.574267871968288,0.6322843231003644,2.785177037559981,0.0,4.789090834408307,True
2017-09-07,7.610388090840626,0.6331722679177533,2.7917014036288066,0.0,4.8186866872118195,True
2017-09-08,7.467400892475703,0.6293863796128062,2.7675204796429824,0.0,4.69988041283272,True
2017-09-11,7.648929440859394,0.6340170444302664,2.7993778037100703,0.0,4.8495516371493235,True
2017-09-12,7.696656907546532,0.6354137657845679,2.8060951579705833,0.0,4.890561749575949,True
2017-09-13,7.720790156450288,0.6360562253076034,2.8099335131464174,0.0,4.910856643303871,True
2017-09-14,7.621418355814276,0.6334765330339879,2.793428678971452,0.0,4.827989676842824,True
2017-09-15,7.6699107031293146,0.6345427175700221,2.80302472204624,0.0,4.866885981083074,True
2017-09-18,7.6543994711113355,0.6342820712427704,2.7993511204552712,0.0,4.855048350656064,True
2017-09-19,7.679924867924242,0.6348715894230972,2.8041587603752083,0.0,4.875766107549033,True
2017-09-20,7.630680200432844,0.6336493845175246,2.7955043879785113,0.0,4.835175812454333,True
2017-09-21,7.520547125590478,0.6305603881688528,2.7783880108359957,0.0,4.742159114754482,True
2017-09-22,7.5060152198715056,0.6302040214580854,2.775694243182888,0.0,4.730320976688618,True
2017-09-25,7.3283765666987914,0.6252293764669015,2.746460255387054,0.0,4.581916311311738,True
2017-09-26,7.366779923892966,0.6262171076691525,2.753576307117533,0.0,4.613203616775433,True
2017-09-27,7.516741357105067,0.6303733388125995,2.7783880108359957,0.0,4.738353346269071,True
2017-09-28,7.507746838999816,0.6300586684831254,2.777425862311199,0.0,4.730320976688618,True
2017-09-29,7.627953087133429,0.6332662613073097,2.797427754216891,0.0,4.830525332916538,True
2017-10-02,7.643982442043187,0.6337081416777943,2.799928533678311,0.0,4.844053908364876,True
2017-10-03,7.6803868822797075,0.6346680938720278,2.805890379503519,0.0,4.874496502776188,True
2017-10-04,7.695762765608299,0.6350481438141098,2.808582906075008,0.0,4.8871798595332905,True
2017-10-05,7.864059277959589,0.6393611524914161,2.836085274742532,0.0,5.027974003217056,True
2017-10-06,7.886086898609447,0.6398806716179528,2.8399323174896955,0.0,5.046154581119752,True
2017-10-09,7.870133094418963,0.6395661491790067,2.836662377695167,0.0,5.033470716723796,True
2017-10-10,7.882818179510499,0.6398777242847545,2.8387784218548298,0.0,5.0440397576556695,True
2017-10-11,7.935252764130575,0.6411910381821597,2.8472398060598394,0.0,5.088012958070736,True
2017-10-12,7.902577244547541,0.6403643680154779,2.8420483616493586,0.0,5.060528882898183,True
2017-10-13,7.970195852484182,0.6420401759781422,2.8530099047749786,0.0,5.117185947709204,True
2017-10-16,8.0328542041952,0.643611298013871,2.8628184830769463,0.0,5.170035721118253,True
2017-10-17,8.054688949555326,0.644123668073926,2.866473158173232,0.0,5.188215791382094,True
2017-10-18,8.031355937095153,0.6435208222095375,2.8630111609982296,0.0,5.168344776096924,True
2017-10-19,7.963699088393268,0.6418205031389432,2.8524337326335574,0.0,5.111265355759711,True
2017-10-20,8.008601268669233,0.6428680350154654,2.8601275078574804,0.0,5.148473760811753,True
2017-10-23,7.893968166751351,0.6400453386518683,2.841470638155914,0.0,5.0524975285954365,True
2017-10-24,7.924565496252494,0.640828396211419,2.846278898616661,0.0,5.078286597635833,True
2017-10-25,7.8520670130080905,0.6388837757455109,2.8355087923307054,0.0,5.016558220677385,True
2017-10-26,7.7965190488208576,0.6374703034863071,2.8264696846322517,0.0,4.970049364188606,True
2017-10-27,8.307135625962648,0.6498448544025912,2.908786284606372,0.0,5.398349341356275,True
2017-10-30,8.352151795091583,0.650949055286672,2.915326474465834,0.0,5.436825320625748,True
2017-10-31,8.420612773254788,0.652485182953026,2.9262877073210496,0.0,5.494325065933738,True
2017-11-01,8.412465927568551,0.6522629018893428,2.9253264896074667,0.0,5.487139437961084,True
2017-11-02,8.378982781083252,0.6515389952662326,2.9197487585432054,0.0,5.459234022540046,True
2017-11-03,8.559271586821502,0.6555981275891188,2.9478291609745786,0.0,5.611442425846923,True
2017-11-06,8.626350740465405,0.6571168381407304,2.957830417197829,0.0,5.668520323267575,True
2017-11-07,8.637383403135798,0.6573544362473873,2.959561105514926,0.0,5.677822297620873,True
2017-11-08,8.720337756368364,0.6592465578221778,2.9714851074357473,0.0,5.748852648932617,True
2017-11-09,8.61258853115386,0.6567922233208277,2.9559073612298543,0.0,5.6566811699240045,True
2017-11-10,8.610705613218549,0.6567395860682123,2.9557143730381665,0.0,5.654991240180382,True
2017-11-13,8.631270640903876,0.6571340940731139,2.9593684275936427,0.0,5.671902213310234,True
2017-11-14,8.563422834565719,0.6556752985341968,2.948598011037283,0.0,5.614824823528435,True
2017-11-15,8.46712738646618,0.6533948790285405,2.9347497120668677,0.0,5.532377674399312,True
2017-11-16,8.711806775535141,0.6588245521714199,2.9722545780392613,0.0,5.739552197495881,True
2017-11-17,8.636192177160865,0.6571513234315658,2.9609070585302657,0.0,5.675285118630598,True
2017-11-20,8.619933257548153,0.656772333481793,2.9585995775309386,0.0,5.661333680017214,True
2017-11-21,8.830473885093276,0.6613185342117414,2.9907178390083304,0.0,5.839756046084947,True
2017-11-22,8.857382988433953,0.6619348493776667,2.9943725141046165,0.0,5.863010474329336,True
2017-11-24,8.934302781250095,0.6636183738233074,3.005335298311855,0.0,5.92896748293824,True
2017-11-27,8.923230862536748,0.6633518989890044,3.0039887247557058,0.0,5.919242137781043,True
2017-11-28,8.974473536560625,0.6644169090365816,3.0116815691684153,0.0,5.962791967392209,True
2017-11-29,8.61543619988869,0.6565262278593158,2.9591763702131693,0.0,5.65625982967552,True
2017-11-30,8.780616927766546,0.6601620526897276,2.983986832850013,0.0,5.796630094916533,True
2017-12-01,8.690551482002894,0.6581006767235335,2.971293670596083,0.0,5.719257811406811,True
2017-12-04,8.458866052337545,0.6527834326758041,2.937058434147814,0.0,5.52180761818973,True
2017-12-05,8.468821872622872,0.6529646137586371,2.93898086957498,0.0,5.529841003047891,True
2017-12-06,8.55523855368688,0.6549187544757721,2.9522523758631642,0.0,5.602986177823717,True
2017-12-07,8.620627269948308,0.6563760919796529,2.962253632086415,0.0,5.658373637861894,True
2017-12-08,8.708541992308454,0.6583433573611329,2.9753312193716974,0.0,5.733210772936757,True
2017-12-11,8.863113343853323,0.6616976667028529,2.998411924502659,0.0,5.864701419350665,True
2017-12-12,8.837088602344883,0.6611584822958465,2.9943725141046165,0.0,5.842716088240266,True
2017-12-13,8.872032395705794,0.6618427245597672,3.000142302549351,0.0,5.871890093156442,True
2017-12-14,8.861458693508318,0.6616779491251507,2.9980268789304976,0.0,5.863431814577821,True
2017-12-15,9.086186960159765,0.666298991972913,3.032069747727888,0.0,6.054117212431877,True
2017-12-18,9.267197905130121,0.6700739616214201,3.0574898917098547,0.0,6.209708013420266,True
2017-12-19,9.148032148922734,0.6677566111154642,3.039373202782771,0.0,6.108658946139963,True
2017-12-20,9.11938694938009,0.6670722753445472,3.036096747309745,0.0,6.083290202070345,True
2017-12-21,9.116814011787808,0.6669359120074366,3.0364833442339294,0.0,6.080330667553879,True
2017-12-22,9.093050182034025,0.6664470293409553,3.0330139005692156,0.0,6.060036281464809,True
2017-12-26,8.978577356627348,0.6640189750130715,3.0166316232040837,0.0,5.961945733423264,True
2017-12-27,8.978962091929105,0.6639905227779347,3.017016358505841,0.0,5.961945733423264,True
2017-12-28,8.998690983231423,0.6643202343851222,3.020678480091838,0.0,5.978012503139585,True
2017-12-29,8.867107222007357,0.661447259859467,3.0019834471305002,0.0,5.8651237748768565,True
2018-01-02,9.220760247525527,0.6687257936263181,3.0546000331610133,0.0,6.166160214364514,True
2018-01-03,9.430975450237682,0.6729628249450926,3.0842795692579146,0.0,6.346695880979768,True
2018-01-04,9.473580191069225,0.6738639088537071,3.089676412676268,0.0,6.383903778392956,True
2018-01-05,9.697408722368708,0.6781917381314724,3.120706245574174,0.0,6.576702476794535,True
2018-01-08,9.782694693611708,0.6797561249289661,3.1328480573190545,0.0,6.649846636292653,True
2018-01-09,9.787960714235831,0.6799087341366653,3.1330407352403378,0.0,6.654919978995494,True
2018-01-10,9.73328239588382,0.6788630633597768,3.1257164920683436,0.0,6.607565903815478,True
2018-01-11,9.88701425385375,0.681692585250175,3.1471099467388584,0.0,6.739904307114892,True
2018-01-12,10.053049366949054,0.6846491042146501,3.17023812324173,0.0,6.882811243707325,True
2018-01-16,9.99071737063371,0.6835883088765953,3.1611797787781883,0.0,6.829537591855523,True
2018-01-17,10.240037253219572,0.6879608257594576,3.1952927686870276,0.0,7.044744484532545,True
2018-01-18,10.247380279714895,0.6881280478575751,3.1958704921804726,0.0,7.051509787534422,True
2018-01-19,10.325049770046636,0.689503430209,3.2058925365208344,0.0,7.119157233525802,True
2018-01-22,10.58175123016347,0.6937936476718211,3.2401994454325758,0.0,7.341551784730893,True
2018-01-23,10.794574613381632,0.6973489414579548,3.2669894332510396,0.0,7.527585180130593,True
2018-01-24,10.620741639349266,0.6943916125720326,3.2457877256905947,0.0,7.37495391365867,True
2018-01-25,10.61028340009982,0.6941993115468739,3.2446319684333007,0.0,7.36565143166652,True
2018-01-26,10.98895082587506,0.7002119150205763,3.2943565240221395,0.0,7.69459430185292,True
2018-01-29,10.871057898095945,0.6984323012993814,3.2783599127699787,0.0,7.592697985325967,True
2018-01-30,10.650010087916854,0.6947065926951613,3.251377867571041,0.0,7.398632220345813,True
2018-01-31,10.75482580568389,0.6964275001227223,3.2648693555761166,0.0,7.4899564501077736,True
2018-02-01,10.539770443364173,0.6928665576213453,3.2371159781512375,0.0,7.302654465212935,True
2018-02-02,10.029147736612046,0.6836670441651661,3.172549948026722,0.0,6.856597788585323,True
2018-02-05,9.1125775844391,0.6655755806003509,3.0474684679103023,0.0,6.065109116528797,True
2018-02-06,9.660953345422671,0.6761993941717166,3.128222546126642,0.0,6.532730799296029,True
2018-02-07,9.362144627547403,0.6701878869114287,3.087748702652224,0.0,6.274395924895179,True
2018-02-08,8.45432561223315,0.6501834087121298,2.957463367309137,0.0,5.496862244924013,True
2018-02-09,8.764154620281452,0.6567225478445128,3.0085366683469577,0.0,5.755617951934494,True
2018-02-12,9.139715198266883,0.6649870746999205,3.061922724980984,0.0,6.077792473285898,True
2018-02-13,9.229511047981385,0.6665341595766331,3.0777266583118617,0.0,6.151784389669523,True
2018-02-14,9.647365517961898,0.6750041775654708,3.135353490836544,0.0,6.512012027125353,True
2018-02-15,10.045927824330347,0.6821041596913564,3.19355866739548,0.0,6.852369156934867,True
2018-02-16,9.955138982994015,0.6806375677981434,3.1792973985164856,0.0,6.775841584477529,True
2018-02-20,9.995322262022686,0.6812852435149619,3.1856567007300414,0.0,6.809665561292645,True
2018-02-21,9.924958093495338,0.6799383920746238,3.1765980459960947,0.0,6.748360047499244,True
2018-02-22,9.92584152451636,0.6800057333135906,3.176212379883124,0.0,6.749629144633235,True
2018-02-23,10.3928784172514,0.6881360836021987,3.241163765850205,0.0,7.151714651401195,True
2018-02-26,10.722939536382503,0.6937274139093725,3.284142422301304,0.0,7.4387971140812,True
2018-02-27,10.415908224733272,0.68860355124722,3.2434768317168157,0.0,7.172431393016457,True
2018-02-28,10.250916572731734,0.68562209064767,3.2226617210805553,0.0,7.028254851651179,True
2018-03-01,9.860058385363093,0.6784963434409823,3.1700448247796373,0.0,6.690013560583455,True
2018-03-02,10.073080828893044,0.6824061830657743,3.1991481887351174,0.0,6.8739326401579275,True
2018-03-05,10.32417200982253,0.6866954937650117,3.234609613822534,0.0,7.089562395999995,True
2018-03-06,10.427490278398778,0.6884874496840002,3.2482940900192974,0.0,7.17919618837948,True
2018-03-07,10.488702388960792,0.6895887994430212,3.2558107008421704,0.0,7.232891688118621,True
2018-03-08,10.614442095796885,0.6915772875698561,3.273735022118376,0.0,7.340707073678509,True
2018-03-09,11.10549723843209,0.6994878887542696,3.3373364215548564,0.0,7.768160816877233,True
2018-03-12,11.23949887955159,0.7014931465963344,3.355067444368969,0.0,7.88443143518262,True
2018-03-13,10.907583118952479,0.6965973672346125,3.3093894353974798,0.0,7.5981936835549995,True
2018-03-14,10.88121398559282,0.6959152346406721,3.3088114016336307,0.0,7.57240258395919,True
2018-03-15,10.844499332319604,0.6951522489413756,3.3059212328143848,0.0,7.538578099505219,True
2018-03-16,10.784779332271045,0.6943755281971051,3.2960924869361152,0.0,7.48868684533493,True
2018-03-19,10.244297005889548,0.6851159260001463,3.2257659764790048,0.0,7.018531029410544,True
2018-03-20,10.306496658328038,0.6859860787796641,3.236383429725876,0.0,7.070113228602163,True
2018-03-21,10.190084686586765,0.6837817607229395,3.2222906376766023,0.0,6.967794048910162,True
2018-03-22,9.601496553783385,0.6726804883355657,3.142757163232127,0.0,6.4587393905512585,True
2018-03-23,8.99694099332718,0.6598908839441286,3.059941648447341,0.0,5.936999344879839,True
2018-03-26,9.778673391305999,0.6754525359212116,3.1736436512030877,0.0,6.6050297401029106,True
2018-03-27,9.042614013200678,0.6603919560147407,3.070944457536778,0.0,5.9716695556639,True
2018-03-28,8.801381086063532,0.6550977148881695,3.035616448723358,0.0,5.765764637340175,True
2018-03-29,9.176196782809912,0.6631268720617941,3.0912141128016772,0.0,6.084982670008235,True
2018-04-02,8.546666688797036,0.6487487327120155,3.00202750552796,0.0,5.544639183269075,True
2018-04-03,8.76648325666544,0.6537025636034336,3.0358106779966643,0.0,5.730672578668775,True
2018-04-04,9.08537468834319,0.6605879771376424,3.0836854014330237,0.0,6.001689286910167,True
2018-04-05,9.197227062676683,0.6628057609322398,3.101251980932676,0.0,6.095975081744007,True
2018-04-06,8.664687992603627,0.651037786789722,3.023648698675482,0.0,5.641039293928144,True
2018-04-09,8.798810301811985,0.6539437502963588,3.04488329489882,0.0,5.753927006913165,True
2018-04-10,9.246089407573514,0.6634184901897514,3.1120627326416397,0.0,6.1340266749318735,True
2018-04-11,9.124972030134886,0.6609184953412224,3.094109245947398,0.0,6.030862784187488,True
2018-04-12,9.373631242425244,0.6659387653063776,3.1313668264072905,0.0,6.242264416017953,True
2018-04-13,9.264822253371454,0.6637656849686616,3.1151511642494523,0.0,6.149671089122002,True
2018-04-16,9.424287033141974,0.6669354246874765,3.138896158316754,0.0,6.28539087482522,True
2018-04-17,9.893938348773027,0.6759166229998006,3.2064609519021396,0.0,6.687477396870888,True
2018-04-18,9.947010157762763,0.676985912240728,3.21302441204195,0.0,6.733985745720813,True
2018-04-19,9.734399710972674,0.6729650583564639,3.183488841412803,0.0,6.550910869559871,True
2018-04-20,9.369872663725312,0.6656192593370392,3.1331049612140984,0.0,6.236767702511213,True
2018-04-23,9.31291366077924,0.6644240377366313,3.1251899631916653,0.0,6.1877236975875745,True
2018-04-24,8.852223981551564,0.6544398579325678,3.0589757766776886,0.0,5.7932482048738745,True
2018-04-25,8.87872243517493,0.6550581240463991,3.0626431728605645,0.0,5.816079262314366,True
2018-04-26,9.303850115682637,0.6638897009059243,3.1271198451085422,0.0,6.176730270574095,True
2018-04-27,9.320154919918755,0.664270564765086,3.129050347566229,0.0,6.1911045723525255,True
2018-04-30,9.166040660511868,0.6610476392452138,3.106851120654857,0.0,6.059189539857011,True
2018-05-01,9.398587549118941,0.6656549539570626,3.142371186848751,0.0,6.256216362270191,True
2018-05-02,9.270973660988881,0.6630517085034794,3.1238387355794464,0.0,6.147134925409435,True
2018-05-03,9.27100840431318,0.6630946707801357,3.1234521386552614,0.0,6.1475562656579195,True
2018-05-04,9.676127307890631,0.6710753075436456,3.1827171989164573,0.0,6.493410108974174,True
2018-05-07,9.856896545503261,0.6744245308264892,3.2091637173969816,0.0,6.647732828106279,True
2018-05-08,9.831628976684103,0.6739215856365321,3.2058819873270763,0.0,6.625746989357026,True
2018-05-09,10.088542076613384,0.6787619683195868,3.240823399216312,0.0,6.847718677397072,True
2018-05-10,10.335222891653274,0.6831792901799407,3.274412652682115,0.0,7.0608102389711584,True
2018-05-11,10.31099629371522,0.6827343295740044,3.271325151885516,0.0,7.039671141829705,True
2018-05-14,10.34788067991022,0.6833242630428065,3.276922740255674,0.0,7.070957939654547,True
2018-05-15,10.082851754374147,0.6785998773533526,3.240629790483815,0.0,6.842221963890332,True
2018-05-16,10.230274484342496,0.6811368971945928,3.262057064628436,0.0,6.968217419714061,True
2018-05-17,10.139086078805441,0.6795066128763017,3.2495100397350924,0.0,6.889576039070349,True
2018-05-18,10.011938887522376,0.6771139487246531,3.2327154130021905,0.0,6.779223474520187,True
2018-05-21,10.1484694501942,0.6796699204525384,3.250860026265692,0.0,6.897609423928508,True
2018-05-22,10.108284599427467,0.6788165248174705,3.246613975778158,0.0,6.86167062364931,True
2018-05-23,10.308201725162514,0.6823861829510391,3.2740272968395487,0.0,7.034174428322965,True
2018-05-24,10.301316897261884,0.6822676092528818,3.273062045610706,0.0,7.028254851651179,True
2018-05-25,10.32235591889708,0.6825973769349093,3.276342844869397,0.0,7.046013074027682,True
2018-05-29,10.217820297551452,0.6807671018163423,3.2618643867071526,0.0,6.955955910844298,True
2018-05-30,10.389583783243808,0.6837964077098209,3.285223714661483,0.0,7.104360068582325,True
2018-05-31,10.37224108239517,0.6834724040636765,3.2831005342825135,0.0,7.089140548112657,True
2018-06-01,10.753568245058926,0.6899036135811051,3.3346426539017493,0.0,7.418925591157175,True
2018-06-04,10.97394390493754,0.6933866403187233,3.3647578096467683,0.0,7.609186095290772,True
2018-06-05,11.06300983510293,0.6949129220529762,3.375181343890738,0.0,7.6878284912121915,True
2018-06-06,11.209540382398474,0.6971444315735826,3.394871724310169,0.0,7.814668658088305,True
2018-06-07,11.00055352654477,0.6939001961533874,3.367267276679518,0.0,7.633286249865253,True
2018-06-08,10.995673989942876,0.6937467791222587,3.3674605751416102,0.0,7.628213414801266,True
2018-06-11,11.064361062715149,0.6948280562823237,3.3765325715029566,0.0,7.6878284912121915,True
2018-06-12,11.203887793285627,0.6970431993391715,3.3942940008167244,0.0,7.809593792468903,True
2018-06-13,11.194816991018339,0.6968150730586732,3.3940997715434182,0.0,7.80071721947492,True
2018-06-14,11.46637228266074,0.7009984714535333,3.4284628393984,0.0,8.037909443262341,True
2018-06-15,11.374493011121992,0.6996355323566642,3.416493537998501,0.0,7.9579994731234915,True
2018-06-18,11.35476166634041,0.6992873995694308,3.4145199079545687,0.0,7.940241758385842,True
2018-06-19,11.274057817254674,0.6979927748278536,3.40484691781943,0.0,7.869210899435244,True
2018-06-20,11.463131939754543,0.7008645812821472,3.429028772616468,0.0,8.034103167138076,True
2018-06-21,11.225321556629511,0.6971813599090049,3.3992366083626817,0.0,7.82608494826683,True
2018-06-22,11.139133694737588,0.6955157164515856,3.3916911423921774,0.0,7.747442552345411,True
2018-06-25,10.568039717097815,0.6862921984773154,3.315276506055169,0.0,7.252763211042645,True
2018-06-26,10.661490931408437,0.6877717873342465,3.328818257865797,0.0,7.332672673542641,True
2018-06-27,10.321951934990643,0.6818868276371025,3.2835488750172224,0.0,7.0384030599734215,True
2018-06-28,10.522701318852896,0.6852714087863419,3.3117949618446745,0.0,7.210906357008222,True
2018-06-29,10.564577814272667,0.6856766768007343,3.3206932067794206,0.0,7.243884607493247,True
2018-07-02,10.749181039718577,0.6890050671282175,3.3429408358739163,0.0,7.406240203844661,True
2018-07-03,10.45554128411032,0.6839714553185532,3.30424949587417,0.0,7.15129178823615,True
2018-07-05,10.759114724864236,0.6890764663899185,3.345261968771048,0.0,7.413852756093188,True
2018-07-06,11.144744314464742,0.695165571657846,3.3973017621193304,0.0,7.747442552345411,True
2018-07-09,11.390940866859033,0.699070683352787,3.4278680510327,0.0,7.963072815826332,True
2018-07-10,11.412481828254954,0.6994182531813002,3.4303837234735424,0.0,7.982098104781412,True
2018-07-11,11.278377917764898,0.697388019442021,3.4129722791762114,0.0,7.865405638588687,True
2018-07-12,11.725323120578677,0.7039072289835479,3.4717834138354147,0.0,8.253539706743263,True
2018-07-13,11.752323203692367,0.7043405535478845,3.474685372930037,0.0,8.277637830762329,True
2018-07-16,11.688192979588653,0.7034301642620946,3.466365472029545,0.0,8.221827507559107,True
2018-07-17,11.861490236495177,0.7059852311287694,3.4874533103514866,0.0,8.37403692614369,True
2018-07-18,11.801638344426097,0.7050514957173657,3.480875577773063,0.0,8.320762766653035,True
2018-07-19,11.661193009376918,0.7029922984131456,3.4634641334757315,0.0,8.197728875901186,True
2018-07-20,11.649003835620427,0.7027478659325772,3.4626912498977664,0.0,8.18631258572266,True
2018-07-23,11.731060999744722,0.7038870933818551,3.473718570349171,0.0,8.257342429395552,True
2018-07-24,11.85065406750684,0.7056673473928178,3.4880344468193822,0.0,8.362619620687457,True
2018-07-25,12.248218372398629,0.7112408297807132,3.5367853738784523,0.0,8.711432998520177,True
2018-07-26,11.814107685645471,0.705166331359719,3.483196710670194,0.0,8.330910974975277,True
2018-07-27,11.419554730676234,0.6990962342961251,3.4361870211219787,0.0,7.983367709554256,True
2018-07-30,11.027257884858635,0.6927949143687926,3.387629702795405,0.0,7.63962818206323,True
2018-07-31,11.205390395751113,0.6953651167390243,3.4135527951032976,0.0,7.791837600647815,True
2018-08-01,11.324897412421699,0.6974353138750313,3.42651403098684,0.0,7.898383381434858,True
2018-08-02,11.686086422357477,0.7027972943597818,3.4731365030700614,0.0,8.212949919287416,True
2018-08-03,11.770294873555164,0.7040195718329852,3.483776916326876,0.0,8.286517957228288,True
2018-08-06,11.943010599256896,0.7065828411020777,3.504284238721731,0.0,8.438726360535165,True
2018-08-07,12.038224473161312,0.7078429219977832,3.517052486413585,0.0,8.521171986747728,True
2018-08-08,12.065312412118038,0.7081461528110483,3.521307845013259,0.0,8.544004567104778,True
2018-08-09,12.05557507126759,0.7080869232886629,3.51918001057822,0.0,8.53639506068937,True
2018-08-10,11.829544743147725,0.7047824002320996,3.4922898054190563,0.0,8.33725493772867,True
2018-08-13,11.80157357053843,0.7044106210234138,3.4884198026619484,0.0,8.313153767876482,True
2018-08-14,11.976912921058865,0.7069126937601277,3.510281145102664,0.0,8.466631775956202,True
2018-08-15,11.625741814173315,0.7017537296410883,3.4673341362328394,0.0,8.158407677940476,True
2018-08-16,11.71199337426262,0.7029755787556149,3.478748053608428,0.0,8.233245320654193,True
2018-08-17,11.711497978615853,0.702896994576604,3.4795212474567974,0.0,8.231976731159056,True
2018-08-20,11.691912072900063,0.7026640323478083,3.4764259899000827,0.0,8.21548608299998,True
2018-08-21,11.78966476161327,0.7040463042262712,3.4891948581327457,0.0,8.300469903480526,True
2018-08-22,11.8996040858887,0.7056425924206051,3.5027366099433737,0.0,8.396867475945328,True
2018-08-23,11.85271876387273,0.7049025462963668,3.4977071266841167,0.0,8.355011637188612,True
2018-08-24,12.117337144295513,0.7086647339046808,3.530207641300029,0.0,8.587129502995484,True
2018-08-27,12.412075220402805,0.7126838222399117,3.56619001039684,0.0,8.845885210005966,True
2018-08-28,12.45661993352763,0.7132918839735035,3.571414033199808,0.0,8.885205900327822,True
2018-08-29,12.808587997170308,0.7179533134052806,3.6126198045587787,0.0,9.195968192611529,True
2018-08-30,12.750196893314257,0.7171623049096095,3.6062363012536616,0.0,9.143960592060596,True
2018-08-31,12.781478015589837,0.717491313395551,3.610878567047924,0.0,9.170599448541912,True
2018-09-04,12.656918880930899,0.7159337960819164,3.595402899805159,0.0,9.06151598112574,True
2018-09-05,12.250260434035424,0.7102940688686947,3.5489731056432205,0.0,8.701287328392203,True
2018-09-06,11.981341002382415,0.7064396710921503,3.5172464054164867,0.0,8.464094596965928,True
2018-09-07,11.884083511947527,0.7051767054578968,3.5037046536058587,0.0,8.380378858341668,True
2018-09-10,11.969451443647364,0.7062935954988452,3.515504547364823,0.0,8.45394689628254,True
2018-09-11,12.184259287689649,0.7092487965546393,3.5425880509860788,0.0,8.641671236703571,True
2018-09-12,12.098978309457097,0.7080627729936423,3.5321421772729757,0.0,8.566836132184122,True
2018-09-13,12.390381319005776,0.7118841816761876,3.5698648530694275,0.0,8.820516465936349,True
2018-09-14,12.312713118825664,0.7109150366708596,3.5594202204379424,0.0,8.753292898387722,True
2018-09-17,11.892338755403962,0.705007257773926,3.50815362093803,0.0,8.384185134465932,True
2018-09-18,12.120495592410755,0.7081661122440714,3.537171350261828,0.0,8.583324242148928,True
2018-09-19,12.09876172728964,0.707865826397271,3.5344617588180838,0.0,8.564299968471556,True
2018-09-20,12.406741267155937,0.7119678036420586,3.5735409368236337,0.0,8.833200330332303,True
2018-09-21,12.24640928318987,0.7097922740683748,3.554002588902477,0.0,8.692406694287392,True
2018-09-24,12.331130392275027,0.710984601610781,3.563886562912773,0.0,8.767243829362254,True
2018-09-25,12.371491624930034,0.7115358055207297,3.5687323660924823,0.0,8.802759258837552,True
2018-09-26,12.365132811803232,0.7111837619868987,3.5712511412373713,0.0,8.793881670565861,True
2018-09-27,12.63890013918937,0.7150476085249017,3.601484820276964,0.0,9.037415318912407,True
2018-09-28,12.624173447736739,0.7147765681465581,3.6007100750765706,0.0,9.023463372660169,True
2018-10-01,12.683542975516048,0.7155310594346325,3.6080740328603595,0.0,9.075468942655688,True
2018-10-02,12.62339746145473,0.7148205069366721,3.59993408879456,0.0,9.023463372660169,True
2018-10-03,12.653910411079336,0.7152017747323706,3.603811227770974,0.0,9.050099183308362,True
2018-10-04,12.068479345309079,0.7071194822683631,3.5346224788876883,0.0,8.53385686642139,True
2018-10-05,11.704354212971623,0.7017003902859692,3.491404293684206,0.0,8.212949919287416,True
2018-10-08,11.535899344684925,0.6991925042030456,3.470084993640401,0.0,8.065814351044525,True
2018-10-09,11.609293514755587,0.7001259037644116,3.481326400671008,0.0,8.127967114084578,True
2018-10-10,10.4021371075243,0.6800446781933884,3.3282191257144325,0.0,7.073917981809867,True
2018-10-11,10.074197271753256,0.6737269679367408,3.2869388894583476,0.0,6.787258382294908,True
2018-10-12,10.73899194283194,0.6854067514444746,3.378414361507114,0.0,7.360577581324826,True
2018-10-15,10.420319563893804,0.6797102101531245,3.3375219632568327,0.0,7.0827976006369715,True
2018-10-16,11.127520551043498,0.6913401139982408,3.434619224767319,0.0,7.6929013262761785,True
2018-10-17,11.15424466914255,0.6919580654402359,3.4359751064356074,0.0,7.718269562706943,True
2018-10-18,10.539322583398212,0.6815430403638774,3.356320626533321,0.0,7.183001956864891,True
2018-10-19,10.507049484778511,0.6808598807830182,3.3532210251909413,0.0,7.15382845958757,True
2018-10-22,10.632112491862078,0.6829916303750163,3.3704686467146208,0.0,7.261643845147457,True
2018-10-23,10.539796811201416,0.6813918686573388,3.3580649667482216,0.0,7.181731844453194,True
2018-10-24,9.40943657136946,0.6594504874779533,3.2043790374869876,0.0,6.205057533882472,True
2018-10-25,10.157033212636975,0.673602069605733,3.315234619550542,0.0,6.841798593086433,True
2018-10-26,9.540295641990644,0.6614402715863208,3.2299599015385594,0.0,6.310335740452085,True
2018-10-29,9.136423430412169,0.6537502008626186,3.1634847776142783,0.0,5.9729386527978905,True
2018-10-30,9.419408232289804,0.6586178034410274,3.2156182726247624,0.0,6.203789959665041,True
2018-10-31,9.913566793862103,0.6680103374513547,3.291201694547733,0.0,6.622365099314369,True
2018-11-01,10.246176607384932,0.6745503364482408,3.334614729565331,0.0,6.911561877819601,True
2018-11-02,9.884744541234936,0.6679049388081376,3.282674843287344,0.0,6.6020696979475915,True
2018-11-05,9.81191617805537,0.6662695808036828,3.2745348992215444,0.0,6.537381278833824,True
2018-11-06,9.974979797674356,0.6692381702673743,3.2993425694247467,0.0,6.6756372282496095,True
2018-11-07,10.692382241626852,0.6817515098995213,3.4028345039749177,0.0,7.289547737651935,True
2018-11-08,10.546371720954507,0.6794036777834995,3.381127986466119,0.0,7.165243734488388,True
2018-11-09,10.125358819454624,0.671700622385906,3.3241489985463306,0.0,6.801209820908293,True
2018-11-12,9.427354567623107,0.6580626532252287,3.2235646079580653,0.0,6.203789959665041,True
2018-11-13,9.427529377773322,0.6577812189074003,3.2262776123762604,0.0,6.2012517653970605,True
2018-11-14,9.245633993465258,0.6537106612721549,3.201664481716769,0.0,6.043969511748489,True
2018-11-15,9.625088725140943,0.661543528856775,3.2576735643516446,0.0,6.367415160789298,True
2018-11-16,9.543891665726289,0.6598620454454708,3.2462397896701587,0.0,6.29765187605613,True
2018-11-19,8.834699283780187,0.6444915536390384,3.1408102164429943,0.0,5.693889067337193,True
2018-11-20,8.462662254538916,0.6355040303848134,3.084606283994003,0.0,5.378055970544913,True
2018-11-21,8.606609090581426,0.6388756747372946,3.1080559006360846,0.0,5.4985531899453415,True
2018-11-23,8.462362131878624,0.6353765993015107,3.0855752584677023,0.0,5.376786873410922,True
2018-11-26,8.902788256274674,0.6454038281776843,3.1568946342196686,0.0,5.7458936220550045,True
2018-11-27,8.973065239066829,0.6469929237188288,3.16755552532319,0.0,5.805509713743638,True
2018-11-28,9.625494668190516,0.6603295819814348,3.269495797579743,0.0,6.355998870610772,True
2018-11-29,9.556488333884374,0.6589922632696144,3.258836457828245,0.0,6.29765187605613,True
2018-11-30,9.712048453376894,0.662019649038723,3.2824815448252513,0.0,6.429566908551644,True
2018-12-03,10.099198770994983,0.6692958624608024,3.33984681939882,0.0,6.759351951596162,True
2018-12-04,9.227808614514789,0.6519495440966452,3.211742995270776,0.0,6.016065619244012,True
2018-12-06,9.338003159879182,0.65362856479437,3.23441755644206,0.0,6.103585603437122,True
2018-12-07,8.63379620792196,0.6377455054896903,3.127631481005798,0.0,5.506164726916163,True
2018-12-10,8.839053087320906,0.6424521354821965,3.1603845557310892,0.0,5.6786685315898175,True
2018-12-11,8.910401243164353,0.6441407116092555,3.1708490456684717,0.0,5.739552197495881,True
2018-12-12,9.082906198955248,0.6478267464820464,3.198756627484458,0.0,5.88414957147079,True
2018-12-13,9.085144073194488,0.6478068056543781,3.199725912228562,0.0,5.885418160965927,True
2018-12-14,8.563290867697416,0.6354420127678081,3.121816082811581,0.0,5.441474784885836,True
2018-12-17,8.141203058432597,0.6252302920985118,3.051076292175487,0.0,5.09012676625711,True
2018-12-18,8.245373916269749,0.6276379487470465,3.070264344809802,0.0,5.175109571459947,True
2018-12-19,7.795802263011881,0.6158351392842215,2.9948732905377096,0.0,4.800928972474171,True
2018-12-20,7.559589937487358,0.6095739040426938,2.951461186331325,0.0,4.608128751156032,True
2018-12-21,7.018743692021839,0.0,7.018743692021839,0.0,0.0,False
2018-12-24,6.844692140161972,0.0,6.844692140161972,0.0,0.0,False
2018-12-26,7.272069557325821,0.0,7.272069557325821,0.0,0.0,False
2018-12-27,7.300209345894182,0.0,7.300209345894182,0.0,0.0,False
2018-12-28,7.296395291317418,0.0,7.296395291317418,0.0,0.0,False
2018-12-31,7.357927283800622,0.0,7.357927283800622,0.0,0.0,False
2019-01-02,7.387498580175795,0.0,7.387498580175795,0.0,0.0,False
2019-01-03,7.146144841066757,0.0,7.146144841066757,0.0,0.0,False
2019-01-04,7.451891303951655,0.0,7.451891303951655,0.0,0.0,False
2019-01-07,7.540610523159433,0.0,7.540610523159433,0.0,0.0,False
2019-01-08,7.608817301512057,0.0,7.608817301512057,0.0,0.0,False
2019-01-09,7.670825955637317,0.0,7.670825955637317,0.0,0.0,False
2019-01-10,7.692765335657346,0.0,7.692765335657346,0.0,0.0,False
2019-01-11,7.664625547088984,0.0,7.664625547088984,0.0,0.0,False
2019-01-14,7.596894668938093,0.0,7.596894668938093,0.0,0.0,False
2019-01-15,7.745233903978595,0.0,7.745233903978595,0.0,0.0,False
2019-01-16,7.743802396171784,0.0,7.743802396171784,0.0,0.0,False
2019-01-17,7.804857727012934,0.0,7.804857727012934,0.0,0.0,False
2019-01-18,7.882126406646868,0.0,7.882126406646868,0.0,0.0,False
2019-01-22,7.724247847242677,0.0,7.724247847242677,0.0,0.0,False
2019-01-23,7.734263833248419,0.0,7.734263833248419,0.0,0.0,False
2019-01-24,7.784347570478747,0.0,7.784347570478747,0.0,0.0,False
2019-01-25,7.877356744465023,0.0,7.877356744465023,0.0,0.0,False
2019-01-28,7.780054569938959,0.0,7.780054569938959,0.0,0.0,False
2019-01-29,7.706602229202759,0.0,7.706602229202759,0.0,0.0,False
2019-01-30,7.902638847502021,0.0,7.902638847502021,0.0,0.0,False
2019-01-31,8.020930885965619,0.0,8.020930885965619,0.0,0.0,False
2019-02-01,7.987064304729689,0.0,7.987064304729689,0.0,0.0,False
2019-02-04,8.086277694465911,0.0,8.086277694465911,0.0,0.0,False
2019-02-05,8.157824911514536,0.0,8.157824911514536,0.0,0.0,False
2019-02-06,8.133499177522939,0.0,8.133499177522939,0.0,0.0,False
2019-02-07,8.02426904034065,0.0,8.02426904034065,0.0,0.0,False
2019-02-08,8.040009534692993,0.0,8.040009534692993,0.0,0.0,False
2019-02-11,8.032376856897526,0.0,8.032376856897526,0.0,0.0,False
2019-02-12,8.151146318443502,0.0,8.151146318443502,0.0,0.0,False
2019-02-13,8.156869303909456,0.0,8.156869303909456,0.0,0.0,False
2019-02-14,8.166886051355522,0.0,8.166886051355522,0.0,0.0,False
2019-02-15,8.201231578554475,0.0,8.201231578554475,0.0,0.0,False
2019-02-19,8.217447973108552,0.0,8.217447973108552,0.0,0.0,False
2019-02-20,8.21601646530174,0.0,8.21601646530174,0.0,0.0,False
2019-02-21,8.185966222963543,0.0,8.185966222963543,0.0,0.0,False
2019-02-22,8.24654336928199,0.0,8.24654336928199,0.0,0.0,False
2019-02-25,8.276592850179865,0.0,8.276592850179865,0.0,0.0,False
2019-02-26,8.285179612699764,0.0,8.285179612699764,0.0,0.0,False
2019-02-27,8.279930243114574,0.0,8.279930243114574,0.0,0.0,False
2019-02-28,8.260853878708168,0.0,8.260853878708168,0.0,0.0,False
2019-03-01,8.318089824890293,0.0,8.318089824890293,0.0,0.0,False
2019-03-04,8.31952285557775,0.0,8.31952285557775,0.0,0.0,False
2019-03-05,8.325721741245436,0.0,8.325721741245436,0.0,0.0,False
2019-03-06,8.278499496748086,0.0,8.278499496748086,0.0,0.0,False
2019-03-07,8.176902798801589,0.0,8.176902798801589,0.0,0.0,False
2019-03-08,8.164501981704923,0.0,8.164501981704923,0.0,0.0,False
2019-03-11,8.334307742325013,0.0,8.334307742325013,0.0,0.0,False
2019-03-12,8.380096194694586,0.0,8.380096194694586,0.0,0.0,False
2019-03-13,8.443058172103955,0.0,8.443058172103955,0.0,0.0,False
2019-03-14,8.428751469879392,0.0,8.428751469879392,0.0,0.0,False
2019-03-15,8.506974995678082,0.0,8.506974995678082,0.0,0.0,False
2019-03-18,8.527233876905752,0.0,8.527233876905752,0.0,0.0,False
2019-03-19,8.555907435140378,0.0,8.555907435140378,0.0,0.0,False
2019-03-20,8.589833408721484,0.0,8.589833408721484,0.0,0.0,False
2019-03-21,8.724108841000389,0.0,8.724108841000389,0.0,0.0,False
2019-03-22,8.532490099453849,0.0,8.532490099453849,0.0,0.0,False
2019-03-25,8.516243247286862,0.0,8.516243247286862,0.0,0.0,False
2019-03-26,8.555907435140378,0.0,8.555907435140378,0.0,0.0,False
2019-03-27,8.500951241284632,0.0,8.500951241284632,0.0,0.0,False
2019-03-28,8.520545385110523,0.0,8.520545385110523,0.0,0.0,False
2019-03-29,8.58505537069609,0.0,8.58505537069609,0.0,0.0,False
2019-04-01,8.69878257442467,0.0,8.69878257442467,0.0,0.0,False
2019-04-02,8.731754463281343,0.0,8.731754463281343,0.0,0.0,False
2019-04-03,8.78192881191008,0.0,8.78192881191008,0.0,0.0,False
2019-04-04,8.778583804572142,0.0,8.778583804572142,0.0,0.0,False
2019-04-05,8.823980876615808,0.0,8.823980876615808,0.0,0.0,False
2019-04-08,8.846440320376292,0.0,8.846440320376292,0.0,0.0,False
2019-04-09,8.815379646729777,0.0,8.815379646729777,0.0,0.0,False
2019-04-10,8.862686411102953,0.0,8.862686411102953,0.0,0.0,False
2019-04-11,8.841662282350898,0.0,8.841662282350898,0.0,0.0,False
2019-04-12,8.87988887087502,0.0,8.87988887087502,0.0,0.0,False
2019-04-15,8.881322663002798,0.0,8.881322663002798,0.0,0.0,False
2019-04-16,8.911903629245966,0.0,8.911903629245966,0.0,0.0,False
2019-04-17,8.94296354145216,0.0,8.94296354145216,0.0,0.0,False
2019-04-18,8.954433878474395,0.0,8.954433878474395,0.0,0.0,False
2019-04-22,8.979759383609794,0.0,8.979759383609794,0.0,0.0,False
2019-04-23,9.093965533301398,0.0,9.093965533301398,0.0,0.0,False
2019-04-24,9.065295020828064,0.0,9.065295020828064,0.0,0.0,False
2019-04-25,9.102089340105051,0.0,9.102089340105051,0.0,0.0,False
2019-04-26,9.110211624028059,0.0,9.110211624028059,0.0,0.0,False
2019-04-29,9.12789074544218,0.0,9.12789074544218,0.0,0.0,False
2019-04-30,9.057169691143761,0.0,9.057169691143761,0.0,0.0,False
2019-05-01,9.028020994147727,0.0,9.028020994147727,0.0,0.0,False
2019-05-02,8.988838036578203,0.0,8.988838036578203,0.0,0.0,False
2019-05-03,9.132193644706165,0.0,9.132193644706165,0.0,0.0,False
2019-05-06,9.076286411887276,0.0,9.076286411887276,0.0,0.0,False
2019-05-07,8.899482253260587,0.0,8.899482253260587,0.0,0.0,False
2019-05-08,8.877020525179136,0.0,8.877020525179136,0.0,0.0,False
2019-05-09,8.829237860604227,0.0,8.829237860604227,0.0,0.0,False
2019-05-10,8.840227728782793,0.0,8.840227728782793,0.0,0.0,False
2019-05-13,8.53344951426054,0.0,8.53344951426054,0.0,0.0,False
2019-05-14,8.627104389640527,0.0,8.627104389640527,0.0,0.0,False
2019-05-15,8.748959207374375,0.0,8.748959207374375,0.0,0.0,False
2019-05-16,8.836881960004533,0.0,8.836881960004533,0.0,0.0,False
2019-05-17,8.746567523320548,0.0,8.746567523320548,0.0,0.0,False
2019-05-20,8.598912823130217,0.0,8.598912823130217,0.0,0.0,False
2019-05-21,8.688749836731825,0.0,8.688749836731825,0.0,0.0,False
2019-05-22,8.650043540804356,0.0,8.650043540804356,0.0,0.0,False
2019-05-23,8.517678562295288,0.0,8.517678562295288,0.0,0.0,False
2019-05-24,8.51337718591195,0.0,8.51337718591195,0.0,0.0,False
2019-05-28,8.481360904660354,0.0,8.481360904660354,0.0,0.0,False
2019-05-29,8.411595457967016,0.0,8.411595457967016,0.0,0.0,False
2019-05-30,8.446956746556548,0.0,8.446956746556548,0.0,0.0,False
2019-05-31,8.312203891195265,0.0,8.312203891195265,0.0,0.0,False
2019-06-03,8.129188663855727,0.0,8.129188663855727,0.0,0.0,False
2019-06-04,8.35807838632131,0.0,8.35807838632131,0.0,0.0,False
2019-06-05,8.420198972174017,0.0,8.420198972174017,0.0,0.0,False
2019-06-06,8.487096834611796,0.0,8.487096834611796,0.0,0.0,False
2019-06-07,8.650998386969112,0.0,8.650998386969112,0.0,0.0,False
2019-06-10,8.75182603018961,0.0,8.75182603018961,0.0,0.0,False
2019-06-11,8.763769221652291,0.0,8.763769221652291,0.0,0.0,False
2019-06-12,8.713119734262143,0.0,8.713119734262143,0.0,0.0,False
2019-06-13,8.764726352138014,0.0,8.764726352138014,0.0,0.0,False
2019-06-14,8.727454609778649,0.0,8.727454609778649,0.0,0.0,False
2019-06-17,8.780019119580567,0.0,8.780019119580567,0.0,0.0,False
2019-06-18,8.90760225286263,0.0,8.90760225286263,0.0,0.0,False
2019-06-19,8.941053849122646,0.0,8.941053849122646,0.0,0.0,False
2019-06-20,9.024198563727412,0.0,9.024198563727412,0.0,0.0,False
2019-06-21,9.010819295815985,0.0,9.010819295815985,0.0,0.0,False
2019-06-24,9.011107881698317,0.0,9.011107881698317,0.0,0.0,False
2019-06-25,8.856419757246542,0.0,8.856419757246542,0.0,0.0,False
2019-06-26,8.897606825745601,0.0,8.897606825745601,0.0,0.0,False
2019-06-27,8.931608181918662,0.0,8.931608181918662,0.0,0.0,False
2019-06-28,8.943102123590904,0.0,8.943102123590904,0.0,0.0,False
2019-07-01,9.063785084668005,0.0,9.063785084668005,0.0,0.0,False
2019-07-02,9.09970450901413,0.0,9.09970450901413,0.0,0.0,False
2019-07-03,9.168188451644241,0.0,9.168188451644241,0.0,0.0,False
2019-07-05,9.149510320526645,0.0,9.149510320526645,0.0,0.0,False
2019-07-08,9.085336891563742,0.0,9.085336891563742,0.0,0.0,False
2019-07-09,9.130834473730017,0.0,9.130834473730017,0.0,0.0,False
2019-07-10,9.221825069420623,0.0,9.221825069420623,0.0,0.0,False
2019-07-11,9.215123633139905,0.0,9.215123633139905,0.0,0.0,False
2019-07-12,9.268280543512944,0.0,9.268280543512944,0.0,0.0,False
2019-07-15,9.297972908899437,0.0,9.297972908899437,0.0,0.0,False
2019-07-16,9.250082119798693,0.0,9.250082119798693,0.0,0.0,False
2019-07-17,9.204585299072741,0.0,9.204585299072741,0.0,0.0,False
2019-07-18,9.215123633139905,0.0,9.215123633139905,0.0,0.0,False
2019-07-19,9.147596059555196,0.0,9.147596059555196,0.0,0.0,False
2019-07-22,9.2203897544122,0.0,9.2203897544122,0.0,0.0,False
2019-07-23,9.280730854230587,0.0,9.280730854230587,0.0,0.0,False
2019-07-24,9.345862936559858,0.0,9.345862936559858,0.0,0.0,False
2019-07-25,9.257266309244045,0.0,9.257266309244045,0.0,0.0,False
2019-07-26,9.35256894148251,0.0,9.35256894148251,0.0,0.0,False
2019-07-29,9.320482607721221,0.0,9.320482607721221,0.0,0.0,False
2019-07-30,9.280251908267562,0.0,9.280251908267562,0.0,0.0,False
2019-07-31,9.15190733466273,0.0,9.15190733466273,0.0,0.0,False
2019-08-01,9.106408991056135,0.0,9.106408991056135,0.0,0.0,False
2019-08-02,8.97231478157405,0.0,8.97231478157405,0.0,0.0,False
2019-08-05,8.655280727344381,0.0,8.655280727344381,0.0,0.0,False
2019-08-06,8.776443395824831,0.0,8.776443395824831,0.0,0.0,False
2019-08-07,8.823855238962551,0.0,8.823855238962551,0.0,0.0,False
2019-08-08,9.015896579888231,0.0,9.015896579888231,0.0,0.0,False
2019-08-09,8.931129235955638,0.0,8.931129235955638,0.0,0.0,False
2019-08-12,8.828643937152464,0.0,8.828643937152464,0.0,0.0,False
2019-08-13,9.022122115967212,0.0,9.022122115967212,0.0,0.0,False
2019-08-14,8.752497620554296,0.0,8.752497620554296,0.0,0.0,False
2019-08-15,8.7424397553308,0.0,8.7424397553308,0.0,0.0,False
2019-08-16,8.882760262332193,0.0,8.882760262332193,0.0,0.0,False
2019-08-19,9.024039422699953,0.0,9.024039422699953,0.0,0.0,False
2019-08-20,8.95411864218077,0.0,8.95411864218077,0.0,0.0,False
2019-08-21,9.033613773318491,0.0,9.033613773318491,0.0,0.0,False
2019-08-22,9.00440339965631,0.0,9.00440339965631,0.0,0.0,False
2019-08-23,8.719453394866962,0.0,8.719453394866962,0.0,0.0,False
2019-08-26,8.851149828772636,0.0,8.851149828772636,0.0,0.0,False
2019-08-27,8.832473981976007,0.0,8.832473981976007,0.0,0.0,False
2019-08-28,8.864084415535563,0.0,8.864084415535563,0.0,0.0,False
2019-08-29,8.999613940026073,0.0,8.999613940026073,0.0,0.0,False
2019-08-30,8.97806365601098,0.0,8.97806365601098,0.0,0.0,False
2019-09-03,8.890902343703594,0.0,8.890902343703594,0.0,0.0,False
2019-09-04,9.019249201629394,0.0,9.019249201629394,0.0,0.0,False
2019-09-05,9.184471852946722,0.0,9.184471852946722,0.0,0.0,False
2019-09-06,9.175373402529917,0.0,9.175373402529917,0.0,0.0,False
2019-09-09,9.156215564008974,0.0,9.156215564008974,0.0,0.0,False
2019-09-10,9.129874297483,0.0,9.129874297483,0.0,0.0,False
2019-09-11,9.215600294781963,0.0,9.215600294781963,0.0,0.0,False
2019-09-12,9.253910641741589,0.0,9.253910641741589,0.0,0.0,False
2019-09-13,9.22086870037522,0.0,9.22086870037522,0.0,0.0,False
2019-09-16,9.17968087043584,0.0,9.17968087043584,0.0,0.0,False
2019-09-17,9.223741614713042,0.0,9.223741614713042,0.0,0.0,False
2019-09-18,9.219910808449173,0.0,9.219910808449173,0.0,0.0,False
2019-09-19,9.235234033504637,0.0,9.235234033504637,0.0,0.0,False
2019-09-20,9.137537432891378,0.0,9.137537432891378,0.0,0.0,False
2019-09-23,9.141569259400454,0.0,9.141569259400454,0.0,0.0,False
2019-09-24,9.020161407136074,0.0,9.020161407136074,0.0,0.0,False
2019-09-25,9.12141393405668,0.0,9.12141393405668,0.0,0.0,False
2019-09-26,9.087821471336946,0.0,9.087821471336946,0.0,0.0,False
2019-09-27,8.975053682415064,0.0,8.975053682415064,0.0,0.0,False
2019-09-30,9.060472057823624,0.0,9.060472057823624,0.0,0.0,False
2019-10-01,8.98656818297602,0.0,8.98656818297602,0.0,0.0,False
2019-10-02,8.832049859716223,0.0,8.832049859716223,0.0,0.0,False
2019-10-03,8.928985020006712,0.0,8.928985020006712,0.0,0.0,False
2019-10-04,9.060472057823624,0.0,9.060472057823624,0.0,0.0,False
2019-10-07,9.033119598549007,0.0,9.033119598549007,0.0,0.0,False
2019-10-08,8.897795662945647,0.0,8.897795662945647,0.0,0.0,False
2019-10-09,8.984650114802957,0.0,8.984650114802957,0.0,0.0,False
2019-10-10,9.054231292938185,0.0,9.054231292938185,0.0,0.0,False
2019-10-11,9.170842071169103,0.0,9.170842071169103,0.0,0.0,False
2019-10-14,9.169881133481763,0.0,9.169881133481763,0.0,0.0,False
2019-10-15,9.28649191171268,0.0,9.28649191171268,0.0,0.0,False
2019-10-16,9.26345834194883,0.0,9.26345834194883,0.0,0.0,False
2019-10-17,9.287930272482395,0.0,9.287930272482395,0.0,0.0,False
2019-10-18,9.198673476406741,0.0,9.198673476406741,0.0,0.0,False
2019-10-21,9.280253431148209,0.0,9.280253431148209,0.0,0.0,False
2019-10-22,9.20635107918125,0.0,9.20635107918125,0.0,0.0,False
2019-10-23,9.224108628948617,0.0,9.224108628948617,0.0,0.0,False
2019-10-24,9.313842848106649,0.0,9.313842848106649,0.0,0.0,False
2019-10-25,9.38822338459631,0.0,9.38822338459631,0.0,0.0,False
2019-10-28,9.480839655376036,0.0,9.480839655376036,0.0,0.0,False
2019-10-29,9.407418533693068,0.0,9.407418533693068,0.0,0.0,False
2019-10-30,9.453006727257751,0.0,9.453006727257751,0.0,0.0,False
2019-10-31,9.457326378208837,0.0,9.457326378208837,0.0,0.0,False
2019-11-01,9.543222176699773,0.0,9.543222176699773,0.0,0.0,False
2019-11-04,9.602247507640413,0.0,9.602247507640413,0.0,0.0,False
2019-11-05,9.607524289077222,0.0,9.607524289077222,0.0,0.0,False
2019-11-06,9.585929080083087,0.0,9.585929080083087,0.0,0.0,False
2019-11-07,9.618083943473426,0.0,9.618083943473426,0.0,0.0,False
2019-11-08,9.656471195905652,0.0,9.656471195905652,0.0,0.0,False
2019-11-11,9.643516050254012,0.0,9.643516050254012,0.0,0.0,False
2019-11-12,9.671348216931973,0.0,9.671348216931973,0.0,0.0,False
2019-11-13,9.673749038269671,0.0,9.673749038269671,0.0,0.0,False
2019-11-14,9.666069151174193,0.0,9.666069151174193,0.0,0.0,False
2019-11-15,9.73709173584043,0.0,9.73709173584043,0.0,0.0,False
2019-11-18,9.744767054293971,0.0,9.744767054293971,0.0,0.0,False
2019-11-19,9.759166652237914,0.0,9.759166652237914,0.0,0.0,False
2019-11-20,9.700622551581265,0.0,9.700622551581265,0.0,0.0,False
2019-11-21,9.67902505826616,0.0,9.67902505826616,0.0,0.0,False
2019-11-22,9.685265061711275,0.0,9.685265061711275,0.0,0.0,False
2019-11-25,9.79995472600784,0.0,9.79995472600784,0.0,0.0,False
2019-11-26,9.818669406260929,0.0,9.818669406260929,0.0,0.0,False
2019-11-27,9.887291169589464,0.0,9.887291169589464,0.0,0.0,False
2019-11-29,9.842184206308774,0.0,9.842184206308774,0.0,0.0,False
2019-12-02,9.741409102470545,0.0,9.741409102470545,0.0,0.0,False
2019-12-03,9.665109736367505,0.0,9.665109736367505,0.0,0.0,False
2019-12-04,9.714055120315283,0.0,9.714055120315283,0.0,0.0,False
2019-12-05,9.733252553733012,0.0,9.733252553733012,0.0,0.0,False
2019-12-06,9.837384086514021,0.0,9.837384086514021,0.0,0.0,False
2019-12-09,9.792759114957645,0.0,9.792759114957645,0.0,0.0,False
2019-12-10,9.784598759018497,0.0,9.784598759018497,0.0,0.0,False
2019-12-11,9.836421625946032,0.0,9.836421625946032,0.0,0.0,False
2019-12-12,9.90984503194997,0.0,9.90984503194997,0.0,0.0,False
2019-12-13,9.942475034101719,0.0,9.942475034101719,0.0,0.0,False
2019-12-16,10.04229072313325,0.0,10.04229072313325,0.0,0.0,False
2019-12-17,10.048047973413734,0.0,10.048047973413734,0.0,0.0,False
2019-12-18,10.055725576188243,0.0,10.055725576188243,0.0,0.0,False
2019-12-19,10.118590089236298,0.0,10.118590089236298,0.0,0.0,False
2019-12-20,10.159376640125581,0.0,10.159376640125581,0.0,0.0,False
2019-12-23,10.186212842861355,0.0,10.186212842861355,0.0,0.0,False
2019-12-24,10.191501045903006,0.0,10.191501045903006,0.0,0.0,False
2019-12-26,10.281434000985284,0.0,10.281434000985284,0.0,0.0,False
2019-12-27,10.272778708836334,0.0,10.272778708836334,0.0,0.0,False
2019-12-30,10.205449109735547,0.0,10.205449109735547,0.0,0.0,False
2019-12-31,10.224685376609733,0.0,10.224685376609733,0.0,0.0,False
2020-01-02,10.395410957139733,0.0,10.395410957139733,0.0,0.0,False
2020-01-03,10.300189037575482,0.0,10.300189037575482,0.0,0.0,False
2020-01-06,10.36655465322764,0.0,10.36655465322764,0.0,0.0,False
2020-01-07,10.36511172381599,0.0,10.36511172381599,0.0,0.0,False
2020-01-08,10.44302229764202,0.0,10.44302229764202,0.0,0.0,False
2020-01-09,10.531509277551352,0.0,10.531509277551352,0.0,0.0,False
2020-01-10,10.504577133334907,0.0,10.504577133334907,0.0,0.0,False
2020-01-13,10.625767975107298,0.0,10.625767975107298,0.0,0.0,False
2020-01-14,10.583928352251622,0.0,10.583928352251622,0.0,0.0,False
2020-01-15,10.588254856165614,0.0,10.588254856165614,0.0,0.0,False
2020-01-16,10.689728200779824,0.0,10.689728200779824,0.0,0.0,False
2020-01-17,10.74263002864473,0.0,10.74263002864473,0.0,0.0,False
2020-01-21,10.737820010125777,0.0,10.737820010125777,0.0,0.0,False
2020-01-22,10.766192799432911,0.0,10.766192799432911,0.0,0.0,False
2020-01-23,10.80082082099161,0.0,10.80082082099161,0.0,0.0,False
2020-01-24,10.70992845110264,0.0,10.70992845110264,0.0,0.0,False
2020-01-27,10.488707194127695,0.0,10.488707194127695,0.0,0.0,False
2020-01-28,10.649814260500436,0.0,10.649814260500436,0.0,0.0,False
2020-01-29,10.667126367678982,0.0,10.667126367678982,0.0,0.0,False
2020-01-30,10.70511843258369,0.0,10.70511843258369,0.0,0.0,False
2020-01-31,10.535355312621673,0.0,10.535355312621673,0.0,0.0,False
2020-02-03,10.694538980739095,0.0,10.694538980739095,0.0,0.0,False
2020-02-04,10.93932529282319,0.0,10.93932529282319,0.0,0.0,False
2020-02-05,10.975393198032254,0.0,10.975393198032254,0.0,0.0,False
2020-02-06,11.070130841551224,0.0,11.070130841551224,0.0,0.0,False
2020-02-07,11.022521023929581,0.0,11.022521023929581,0.0,0.0,False
2020-02-10,11.155733485517896,0.0,11.155733485517896,0.0,0.0,False
2020-02-11,11.157656883773216,0.0,11.157656883773216,0.0,0.0,False
2020-02-12,11.266344114005367,0.0,11.266344114005367,0.0,0.0,False
2020-02-13,11.25191786565013,0.0,11.25191786565013,0.0,0.0,False
2020-02-14,11.28413897434855,0.0,11.28413897434855,0.0,0.0,False
2020-02-18,11.288465478262538,0.0,11.288465478262538,0.0,0.0,False
2020-02-19,11.396670716770375,0.0,11.396670716770375,0.0,0.0,False
2020-02-20,11.290870106801853,0.0,11.290870106801853,0.0,0.0,False
2020-02-21,11.073977638061866,0.0,11.073977638061866,0.0,0.0,False
2020-02-24,10.646926117356163,0.0,10.646926117356163,0.0,0.0,False
2020-02-25,10.357416607914056,0.0,10.357416607914056,0.0,0.0,False
2020-02-26,10.410799666062953,0.0,10.410799666062953,0.0,0.0,False
2020-02-27,9.889488686360982,0.0,9.889488686360982,0.0,0.0,False
2020-02-28,9.897185325143564,0.0,9.897185325143564,0.0,0.0,False
2020-03-02,10.407914568679972,0.0,10.407914568679972,0.0,0.0,False
2020-03-03,10.074160807842873,0.0,10.074160807842873,0.0,0.0,False
2020-03-04,10.494478150333983,0.0,10.494478150333983,0.0,0.0,False
2020-03-05,10.175633391016763,0.0,10.175633391016763,0.0,0.0,False
2020-03-06,10.00395144144136,0.0,10.00395144144136,0.0,0.0,False
2020-03-09,9.309029783826409,0.0,9.309029783826409,0.0,0.0,False
2020-03-10,9.815911469411851,0.0,9.815911469411851,0.0,0.0,False
2020-03-11,9.388377956981827,0.0,9.388377956981827,0.0,0.0,False
2020-03-12,8.527547590318736,0.0,8.527547590318736,0.0,0.0,False
2020-03-13,9.249876530911543,0.0,9.249876530911543,0.0,0.0,False
2020-03-16,8.141852939304071,0.0,8.141852939304071,0.0,0.0,False
2020-03-17,8.759347537697954,0.0,8.759347537697954,0.0,0.0,False
2020-03-18,8.492921853081002,0.0,8.492921853081002,0.0,0.0,False
2020-03-19,8.54389571404865,0.0,8.54389571404865,0.0,0.0,False
2020-03-20,8.209181015524216,0.0,8.209181015524216,0.0,0.0,False
2020-03-23,8.215109589877319,0.0,8.215109589877319,0.0,0.0,False
2020-03-24,8.851267090582343,0.0,8.851267090582343,0.0,0.0,False
2020-03-25,8.785723830478776,0.0,8.785723830478776,0.0,0.0,False
2020-03-26,9.248381062117618,0.0,9.248381062117618,0.0,0.0,False
2020-03-27,8.930304596086074,0.0,8.930304596086074,0.0,0.0,False
2020-03-30,9.25512742337738,0.0,9.25512742337738,0.0,0.0,False
2020-03-31,9.176092963634936,0.0,9.176092963634936,0.0,0.0,False
2020-04-01,8.78620582220309,0.0,8.78620582220309,0.0,0.0,False
2020-04-02,8.96452143987048,0.0,8.96452143987048,0.0,0.0,False
2020-04-03,8.837291614898184,0.0,8.837291614898184,0.0,0.0,False
2020-04-06,9.4691119515247,0.0,9.4691119515247,0.0,0.0,False
2020-04-07,9.465253733409215,0.0,9.465253733409215,0.0,0.0,False
2020-04-08,9.666223723559717,0.0,9.666223723559717,0.0,0.0,False
2020-04-09,9.68019843780355,0.0,9.68019843780355,0.0,0.0,False
2020-04-13,9.784780743255638,0.0,9.784780743255638,0.0,0.0,False
2020-04-14,10.210329180764191,0.0,10.210329180764191,0.0,0.0,False
2020-04-15,10.093220420562181,0.0,10.093220420562181,0.0,0.0,False
2020-04-16,10.277319177481026,0.0,10.277319177481026,0.0,0.0,False
2020-04-17,10.375636351957343,0.0,10.375636351957343,0.0,0.0,False
2020-04-20,10.252740645302266,0.0,10.252740645302266,0.0,0.0,False
2020-04-21,9.874422066694295,0.0,9.874422066694295,0.0,0.0,False
2020-04-22,10.16743877026309,0.0,10.16743877026309,0.0,0.0,False
2020-04-23,10.145750665549576,0.0,10.145750665549576,0.0,0.0,False
2020-04-24,10.305754404894621,0.0,10.305754404894621,0.0,0.0,False
2020-04-27,10.388649367073517,0.0,10.388649367073517,0.0,0.0,False
2020-04-28,10.192983570211444,0.0,10.192983570211444,0.0,0.0,False
2020-04-29,10.554435484229693,0.0,10.554435484229693,0.0,0.0,False
2020-04-30,10.550096035830217,0.0,10.550096035830217,0.0,0.0,False
2020-05-01,10.252740645302266,0.0,10.252740645302266,0.0,0.0,False
2020-05-04,10.37226164844682,0.0,10.37226164844682,0.0,0.0,False
2020-05-05,10.489853161813468,0.0,10.489853161813468,0.0,0.0,False
2020-05-06,10.554435484229693,0.0,10.554435484229693,0.0,0.0,False
2020-05-07,10.69034039879933,0.0,10.69034039879933,0.0,0.0,False
2020-05-08,10.836851415624858,0.0,10.836851415624858,0.0,0.0,False
2020-05-11,10.932612673565632,0.05247906281632243,9.293661633791901,1.0652177725311585,0.5737332672425736,True
2020-05-12,10.703370504958414,0.14988652625731613,9.099079480725182,-2.220446049250313e-16,1.6042910242332324,True
2020-05-13,10.528734645142377,0.1466023756542937,8.985197133530837,-2.220456887142043e-16,1.5435375116115395,True
2020-05-14,10.681919715971254,0.14929170232297545,9.08719773749655,-2.2204670201796086e-16,1.594721978474703,True
2020-05-15,10.768283303309214,0.15063629583630853,9.146188993982745,-2.220476272125237e-16,1.6220943093264686,True
2020-05-18,11.032608298072528,0.1555395062290161,9.316601850972182,-2.2204853478814396e-16,1.7160064471003469,True
2020-05-19,10.996129197450095,0.15486140000703102,9.293253235274783,-2.220494599903434e-16,1.7028759621753122,True
2020-05-20,11.281394887376127,0.15978290421736197,9.47882084864827,-2.2205049974575756e-16,1.8025740387278568,True
2020-05-21,11.122751109044707,0.1570800126518369,9.375589224112732,-2.2205153950604044e-16,1.7471618849319757,True
2020-05-22,11.170915364954046,0.15781717796889433,9.407953026727638,-2.2205250877862823e-16,1.762962338226409,True
2020-05-26,11.138171682667474,0.157621769118055,9.382553357304804,-2.2205347805544697e-16,1.755618325362671,True
2020-05-27,11.214079307557176,0.158757585507947,9.433759152994769,-2.2205451782967587e-16,1.7803201545624074,True
2020-05-28,11.190442256008057,0.15807870818619302,9.421471600146116,-2.220557074074972e-16,1.768970655861941,True
2020-05-29,11.401485195399989,0.16155473274641646,9.559521301744919,-2.220569234268168e-16,1.841963893655069,True
2020-06-01,11.452861583709973,0.16281197979979875,9.588198514893094,-2.2205805133505287e-16,1.8646630688168793,True
2020-06-02,11.554337781944563,0.16459854434736118,9.65251060213877,-2.22059179249018e-16,1.901827179805793,True
2020-06-03,11.623574493038692,0.16583896937106735,9.695932878705328,-2.2206045697044913e-16,1.9276416143333635,True
2020-06-04,11.51640710962662,0.16398125138594125,9.627932260320096,-2.2206176113505447e-16,1.8884748493065238,True
2020-06-05,11.819241591638258,0.16925049359214858,9.818829118368631,-2.2206299481151047e-16,2.000412473269627,True
2020-06-08,11.939944015428615,0.1712671698224872,9.895023596067213,-2.2206427255489626e-16,2.0449204193614023,True
2020-06-09,12.057253424670494,0.1733845389718095,9.96671209836773,-2.2206562080224016e-16,2.090541326302765,True
2020-06-10,12.25231165346557,0.17678150987905847,10.086329499857143,-2.2206707480338654e-16,2.165982153608427,True
2020-06-11,11.433641791669288,0.16154806399558094,9.586559095806148,-2.2206852881405314e-16,1.847082695863139,True
2020-06-12,11.54989243588053,0.16339022376845203,9.662752926280458,-2.220698770872386e-16,1.8871395096000712,True
2020-06-15,11.734001115644485,0.16649722342994433,9.78032251016581,-2.220711989317976e-16,1.953678605478676,True
2020-06-16,12.005216383427406,0.171336956094589,9.948279151034065,-2.220725648459285e-16,2.056937232393342,True
2020-06-17,12.056785120811714,0.17226533133437558,9.979819037147715,-2.220739748304357e-16,2.0769660836639994,True
2020-06-18,12.099846749770274,0.17297651074603812,10.006857478433222,-2.2207542888628103e-16,2.092989271337052,True
2020-06-19,12.095315211340353,0.1728020990793105,10.005219353794825,-2.22076662638669e-16,2.090095857545527,True
2020-06-22,12.289632874823706,0.1761179227119129,10.12520826201772,-2.2207792283566266e-16,2.1644246128059854,True
2020-06-23,12.432331840493179,0.17864303963129047,10.211382290802602,-2.220791566019059e-16,2.220949549690577,True
2020-06-24,12.090965864216678,0.1728642592343416,10.000870006671152,-2.2208039037500335e-16,2.090095857545527,True
2020-06-25,12.241580711483065,0.17526401166570507,10.096072166859027,-2.2208158009142766e-16,2.1455085446240383,True
2020-06-26,11.848939757242164,0.1680562333864291,9.857651572017335,-2.2208272575033053e-16,1.9912881852248279,True
2020-06-29,12.020100280170833,0.17095817444921796,9.965165879576293,-2.220838978536169e-16,2.054934400594539,True
2020-06-30,12.333603361582483,0.17619370354503158,10.160500107249815,-2.2208499946025307e-16,2.173103254332669,True
2020-07-01,12.529862131065277,0.17963244942626286,10.279092305488648,-2.220861892013689e-16,2.2507698255766297,True
2020-07-02,12.647469139312912,0.18174511754828906,10.348853373900129,-2.220873348840489e-16,2.2986157654127837,True
2020-07-06,13.070800853406391,0.18878136427377182,10.603277236149552,-2.2208850701166123e-16,2.4675236172568393,True
2020-07-07,12.949240864888896,0.1868070903002864,10.530230857321436,-2.2208963508032186e-16,2.4190100075674588,True
2020-07-08,13.180962760425459,0.19058029271212415,10.668931019315966,-2.220908689116331e-16,2.512031741109492,True
2020-07-09,13.33358990092508,0.19310537723906393,10.75880199315597,-2.220920586841924e-16,2.5747879077691107,True
2020-07-10,13.46156990553583,0.19531975576312782,10.8322593593983,-2.220931427049849e-16,2.62931054613753,True
2020-07-13,13.076288172460647,0.1886511254685847,10.609431691774402,-2.2209420029135513e-16,2.4668564806862436,True
2020-07-14,13.20367631890409,0.19079178849513792,10.68452329930948,-2.2209530194909466e-16,2.5191530195946106,True
2020-07-15,13.237890044642436,0.19124010477555273,10.70627456549777,-2.220964741187554e-16,2.5316154791446657,True
2020-07-16,13.110547822931045,0.18895592971201286,10.633232070015303,-2.2209757578777385e-16,2.4773157529157417,True
2020-07-17,13.134430083947507,0.18949339958616035,10.645542275713556,-2.2209848356754897e-16,2.4888878082339505,True
2020-07-20,13.648312604290364,0.19788129039457988,10.947566894444778,-2.220994089778683e-16,2.7007457098455863,True
2020-07-21,13.447889404833644,0.1944097129750604,10.83348908551958,-2.2210033439204353e-16,2.614400319314065,True
2020-07-22,13.516318373292592,0.1956646503430474,10.87165266485699,-2.221013038776249e-16,2.644665708435602,True
2020-07-23,13.025162504787708,0.18713630512149776,10.587681720034665,-2.221021852320185e-16,2.4374807847530446,True
2020-07-24,12.852522263584152,0.18403996701354539,10.487144490153268,-2.221030930306338e-16,2.365377773430885,True
2020-07-27,13.166715272590707,0.18929919002239728,10.67426673623376,-2.221039567648619e-16,2.4924485363569486,True
2020-07-28,12.93719855799391,0.18541564036818595,10.538439602793096,-2.2210477643424554e-16,2.3987589552008126,True
2020-07-29,13.140335194643024,0.18876466814124415,10.659904182361522,-2.221056842434519e-16,2.4804310122815014,True
2020-07-30,13.236424777994664,0.19043745844952958,10.71571368431498,-2.2210647747807003e-16,2.5207110936796826,True
2020-07-31,13.563623148210983,0.19586820515711198,10.90694062674344,-2.2210722664675195e-16,2.656682521467542,True
2020-08-03,13.809976749731312,0.1995451324176909,11.054263110520944,-2.2210795819036743e-16,2.7557136392103674,True
2020-08-04,13.886838067798529,0.20102072329950432,11.095295835066578,-2.221086456673951e-16,2.7915422327319512,True
2020-08-05,13.936586394660381,0.20189997699129703,11.122789922241227,-2.2210943891258973e-16,2.813796472419154,True
2020-08-06,14.191614043318241,0.20586139897319655,11.270108522673086,-2.221102762299085e-16,2.9215055206451557,True
2020-08-07,13.966062641184719,0.20235021957692634,11.140026799115883,-2.221110518530911e-16,2.8260358420688356,True
2020-08-10,13.880406430555364,0.2008573521473089,11.092424748185534,-2.221118274789822e-16,2.78798168236983,True
2020-08-11,13.512076813646738,0.1946225839387841,10.882321509795478,-2.221126031075819e-16,2.6297553038512604,True
2020-08-12,13.982510844067058,0.20214400754373466,11.156030066523615,-2.221134845068137e-16,2.826480777543443,True
2020-08-13,14.027761936081134,0.20290384933853783,11.181475041645653,-2.2211436590954314e-16,2.846286894435482,True
2020-08-14,14.006392166156726,0.20262556943399873,11.16833897777332,-2.221151591751672e-16,2.8380531883834057,True
2020-08-17,14.229756480743141,0.20602898160796937,11.298014244486229,-2.2211593481540136e-16,2.9317422362569117,True
2020-08-18,14.424628476008936,0.20921622484184932,11.406762161512107,-2.2211668401598305e-16,3.017866314496828,True
2020-08-19,14.288915734211479,0.20707605958710432,11.33002336819879,-2.2211756543140894e-16,2.9588923660126887,True
2020-08-20,14.567813019989865,0.21146767796407415,11.487191427637802,-2.2211840277936335e-16,3.0806215923520632,True
2020-08-21,14.711736557523874,0.2137705859429544,11.566800013383613,-2.221191784309244e-16,3.1449365441402612,True
2020-08-24,14.84226093197578,0.2158189415914005,11.639019886813374,-2.2211995408519406e-16,3.2032410451624065,True
2020-08-25,15.00854860728092,0.21840986608318683,11.730533515861694,-2.221207032993328e-16,3.278015091419226,True
2020-08-26,15.46872137078578,0.2254788808891711,11.980851387314598,-2.221215406591165e-16,3.487869983471182,True
2020-08-27,15.399778567985411,0.22443630712907164,11.943509135581342,-2.2212236039339307e-16,3.456269432404069,True
2020-08-28,15.513923415888074,0.2262276704812675,12.004244661486927,-2.2212319775942373e-16,3.509678754401147,True
2020-08-31,15.691582359984075,0.2288427694915636,12.100677195020355,-2.221240351286111e-16,3.590905164963721,True
2020-09-01,16.0848918126959,0.2348411257465534,12.307497711890877,-2.2212487250095527e-16,3.777394100805025,True
2020-09-02,16.308032052823798,0.23816431327617926,12.424040798077097,-2.2212575394887514e-16,3.8839912547466997,True
2020-09-03,15.081722082573146,0.21798460615927656,11.794138834199774,-2.221266354002928e-16,3.2875832483733713,True
2020-09-04,14.789028064103512,0.21313485076098695,11.636970774760762,-2.2212751685520834e-16,3.15205728934275,True
2020-09-08,13.784182094357412,0.1963505823834704,11.07764991245053,-2.2212842475736163e-16,2.7065321819068826,True
2020-09-09,14.342155704445032,0.20492641867857417,11.403069099802629,-2.221293767363496e-16,2.9390866046424033,True
2020-09-10,13.944795715413473,0.19857339561929188,11.175730278986467,-2.2213030227539046e-16,2.769065436427006,True
2020-09-11,13.806707519091667,0.19617523737328318,11.098173394190365,-2.221312101889286e-16,2.7085341249013015,True
2020-09-14,14.13951614882458,0.2014260825759713,11.29144880144716,-2.2213211810617767e-16,2.8480673473774196,True
2020-09-15,14.420618501601087,0.20589472352074678,11.451489242215766,-2.2213299958284993e-16,2.9691292593853214,True
2020-09-16,14.095360868543803,0.2005256058290225,11.26888009100036,-2.2213388106302016e-16,2.826480777543443,True
2020-09-17,13.7891289047003,0.195537740593192,11.092833793926927,-2.221347625466883e-16,2.6962951107733732,True
2020-09-18,13.543410274648515,0.19139540061049276,10.9512638394999,-2.221355118107762e-16,2.5921464351486163,True
2020-09-21,13.60037978250384,0.19285172926706984,10.97752302275908,-2.221362434475531e-16,2.6228567597447605,True
2020-09-22,13.947647597563765,0.19832538329985328,11.181475041645653,-2.2213694864196097e-16,2.7661725559181116,True
2020-09-23,13.350082321181665,0.18801600070203867,10.8400532341101,-2.2213772435828533e-16,2.510029087071566,True
2020-09-24,13.437276220658433,0.18952858192709882,10.890528313594315,-2.2213850007731855e-16,2.5467479070641184,True
2020-09-25,13.86894113766817,0.19649843006303638,11.143715977479713,-2.221393198741835e-16,2.725225160188457,True
2020-09-28,14.261952732680015,0.2024119283522588,11.375163377989487,-2.221401132289289e-16,2.8867893546905288,True
2020-09-29,14.180389819782434,0.20144186299764893,11.323865676452565,-2.221408889563042e-16,2.8565241433298687,True
2020-09-30,14.314473874838473,0.20350372288660717,11.401425150145766,-2.221416382410566e-16,2.9130487246927066,True
2020-10-01,14.63186132849718,0.20841270502335243,11.5823955294985,-2.221423875283364e-16,3.0494657989986806,True
2020-10-02,14.054563137768852,0.1990809542734761,11.256567296405008,-2.221431191877595e-16,2.7979958413638437,True
2020-10-05,14.471098220247294,0.2055455790167769,11.496627957557914,-2.221438684800345e-16,2.9744702626893798,True
2020-10-06,14.106135144815529,0.19953632334246132,11.29144880144716,-2.2214461777483687e-16,2.814686343368369,True
2020-10-07,14.449453438260683,0.20503716298812105,11.48677849855076,-2.2214539351794233e-16,2.9626749397099217,True
2020-10-08,14.554217023977017,0.20655818546460306,11.547924364646288,-2.2214616926375673e-16,3.006292659330728,True
2020-10-09,14.864418000518992,0.21124537720863282,11.724378413012566,-2.221469450122801e-16,3.140039587506426,True
2020-10-12,15.519214753581695,0.22120333461550423,12.086312699475293,-2.2214776484031087e-16,3.4329020541064015,True
2020-10-13,15.51924988214899,0.2212315381823219,12.08590235928535,-2.221485582252168e-16,3.4333475228636394,True
2020-10-14,15.333515934558001,0.21838173744278702,11.984956083662563,-2.2214937805920115e-16,3.3485598508954366,True
2020-10-15,15.183877248662547,0.21597582603050458,11.904526817536869,-2.2215025960436532e-16,3.2793504311256787,True
2020-10-16,15.06833244582686,0.21429419627835217,11.839276255093376,-2.2215109707557155e-16,3.2290561907334836,True
2020-10-19,14.71460286049873,0.20854144897086546,11.645998258939482,-2.2215189047237837e-16,3.0686046015592465,True
2020-10-20,14.759439017933714,0.209249823360844,11.671029010525935,-2.2215268387201877e-16,3.0884100074077785,True
2020-10-21,14.742403150978632,0.2089482294160323,11.662004115244311,-2.221535213523641e-16,3.0803990357343207,True
2020-10-22,14.74354847373754,0.20903768811627088,11.66159118615727,-2.2215431475782905e-16,3.0819572875802694,True
2020-10-23,14.784555066177976,0.20967707358191434,11.684572825691111,-2.221550640878669e-16,3.099982240486864,True
2020-10-26,14.468019251767853,0.2044972018897246,11.509349797894659,-2.2215579578904216e-16,2.958669453873193,True
2020-10-27,14.627765081855497,0.20704098555524292,11.599218182837566,-2.22156501045521e-16,3.0285468990179307,True
2020-10-28,13.820152110272423,0.1934241244992625,11.147001287896344,-2.2215729446162766e-16,2.6731508223760785,True
2020-10-29,14.15104731160222,0.1985098856353489,11.341924528155651,-2.22158087880568e-16,2.8091227834465684,True
2020-10-30,13.66799593774266,0.19123014369679328,11.054263110520944,-2.2215881959170257e-16,2.6137328272217157,True
2020-11-02,13.693506220088384,0.19093887687692992,11.078883521917454,-2.2215955130524716e-16,2.61462269817093,True
2020-11-03,14.016662745271361,0.19591995129759152,11.27051886286303,-2.2216028302120177e-16,2.7461438824083304,True
2020-11-04,14.89096277032993,0.20934448589439172,11.773621824702683,-2.2216107645081554e-16,3.1173409456272463,True
2020-11-05,15.438477043510307,0.21750244589110068,12.080570525713206,-2.221618081717934e-16,3.3579065177971006,True
2020-11-06,15.45884938187793,0.2179500211529264,12.08959283209773,-2.2216255752710667e-16,3.369256549780198,True
2020-11-09,15.006188726918033,0.21082158257690525,11.842560271061458,-2.221632892529627e-16,3.163628455856575,True
2020-11-10,14.623346371596659,0.20466868279125494,11.630405331721693,-2.221640650612702e-16,2.9929410398749656,True
2020-11-11,15.084692897000838,0.211745619730651,11.890575251078847,-2.221648585043912e-16,3.1941176459219918,True
2020-11-12,14.982146113374178,0.21007561777551853,11.834762513004014,-2.22165651950346e-16,3.1473836003701643,True
2020-11-13,15.168529820536193,0.2129373182435767,11.938583758853493,-2.2216640131862437e-16,3.229946061682699,True
2020-11-16,15.336010798946761,0.2154585493255658,12.031736159764481,-2.221671330571405e-16,3.3042746391822804,True
2020-11-17,15.267361037782015,0.214430411881956,11.993574522099891,-2.221677942688723e-16,3.2737865156821244,True
2020-11-18,15.102835194093103,0.21174165576974424,11.904935863278263,-2.221684995634415e-16,3.1978993308148405,True
2020-11-19,15.275212190210713,0.2145387690633975,11.998086969740703,-2.221691607792403e-16,3.2771252204700105,True
2020-11-20,15.126602111924893,0.21224765121167702,11.916016342855242,-2.221696897534208e-16,3.2105857690696515,True
2020-11-23,15.127677760954251,0.21227662454881985,11.916425388596634,-2.2217020109634285e-16,3.211252372357617,True
2020-11-24,15.426400541625245,0.21667732331459338,12.083849363887094,-2.2217081823579297e-16,3.3425511777381516,True
2020-11-25,15.56365972266104,0.21881291315410267,12.158129999406404,-2.221715235399621e-16,3.4055297232546358,True
2020-11-27,15.768708744685469,0.221866739168381,12.27015675460617,-2.2217222884637027e-16,3.4985519900793,True
2020-11-30,15.81176645467057,0.2224025800096898,12.295188800641169,-2.221728724405158e-16,3.5165776540294007,True
2020-12-01,16.107541264859766,0.22689840112416484,12.452765905821575,-2.221735336693291e-16,3.654775359038189,True
2020-12-02,16.13823149142971,0.22737697870730697,12.468769173229306,-2.221742389821186e-16,3.669462318200404,True
2020-12-03,16.17078576301563,0.227841325094662,12.486412506948255,-2.22174900214999e-16,3.684373256067376,True
2020-12-04,16.26684950147353,0.2292729356346419,12.537301162743782,-2.221755614498473e-16,3.7295483387297472,True
2020-12-07,16.401038873062653,0.2312506043831625,12.608288721155173,-2.221762226866636e-16,3.792750151907481,True
2020-12-08,16.478435063282795,0.2322711938288258,12.650969278703316,-2.2217683984284034e-16,3.8274657845794775,True
2020-12-09,15.935637346305077,0.2240951950342422,12.364537587189886,-2.2217743936767884e-16,3.57109975911519,True
2020-12-10,16.029130257736014,0.22552316657168375,12.414190044621398,-2.2217805652723525e-16,3.614940213114615,True
2020-12-11,15.976269438166371,0.22468141925844431,12.386698546343842,-2.22178673688506e-16,3.589570891822529,True
2020-12-14,16.14268960577247,0.22710738163628572,12.4765656368382,-2.2217924676839726e-16,3.6661239689342713,True
2020-12-15,16.38999874547852,0.23063240204705518,12.609933965260586,-2.2217977576659204e-16,3.7800647802179315,True
2020-12-16,16.522775429646604,0.23261762594650598,12.67928663515495,-2.2218039293263846e-16,3.843488794491653,True
2020-12-17,16.68444314682577,0.23508532821778866,12.7621753535232,-2.2218105418383415e-16,3.922267793302571,True
2020-12-18,16.60314479250907,0.23366296992978156,12.723604670117215,-2.2218175952049837e-16,3.879540122391856,True
2020-12-21,16.564872181213175,0.23332960052582827,12.699797172409298,-2.221824648594017e-16,3.865075008803876,True
2020-12-22,16.62989525306618,0.23425063288402437,12.734331765240395,-2.221831525670452e-16,3.895563487825785,True
2020-12-23,16.507011829940843,0.23243537701276076,12.67019831189444,-2.2218384027681735e-16,3.836813518046402,True
2020-12-24,16.612771006696825,0.23395624830265155,12.726109428058972,-2.22184501538273e-16,3.886661578637853,True
2020-12-28,16.857649048563548,0.23747514865685174,12.854376334750885,-2.221851628016967e-16,4.003272713812664,True
2020-12-29,16.88094689146927,0.23784606505071015,12.86588009900329,-2.2218586815140413e-16,4.0150667924659835,True
2020-12-30,16.880697684019033,0.23781004513426865,12.866298205884524,-2.221866616723934e-16,4.014399478134511,True
2020-12-31,16.94372788990328,0.23877731361092647,12.89795006179764,-2.221872788575673e-16,4.045777828105637,True
2021-01-04,16.584688683439143,0.23327893246309722,12.71583021213365,-2.2218785195965445e-16,3.8688584713054928,True
2021-01-05,16.786548112983922,0.23625379464505586,12.82066242229967,-2.2218845151420815e-16,3.9658856906842535,True
2021-01-06,16.444939282534527,0.23118807806772868,12.643065375864879,-2.221891392403818e-16,3.80187390666965,True
2021-01-07,17.02541618724481,0.23943544803068165,12.94892803454303,-2.2218982696868413e-16,4.076488152701781,True
2021-01-08,17.349915509304918,0.2440641060649464,13.115423890224063,-2.2219053233319844e-16,4.234491619080854,True
2021-01-11,16.973244935952863,0.23845387816082744,12.925908856001278,-2.22191237699952e-16,4.047336079951585,True
2021-01-12,16.935106892314394,0.2379527451075036,12.905351718599178,-2.2219194306894484e-16,4.029755173715214,True
2021-01-13,17.100594704226083,0.24023077152254907,12.992505644935434,-2.2219264844017693e-16,4.1080890592906485,True
2021-01-14,16.968585273916837,0.2384144114657865,12.923030002428943,-2.221933538136483e-16,4.045555271487895,True
2021-01-15,16.767854779180595,0.23540234626685,12.82066242229967,-2.2219401510341807e-16,3.947192356880926,True
2021-01-19,17.126038423627236,0.2404715845703025,13.007712826485708,-2.2219467639515594e-16,4.118325597141527,True
2021-01-20,17.715688594125293,0.24867237191020566,13.31028629140158,-2.221953200543281e-16,4.405402302723713,True
2021-01-21,17.931657377295846,0.2517833261130011,13.416765040121565,-2.221959813499498e-16,4.514892337174282,True
2021-01-22,17.85206439790526,0.2506121992104438,13.378119278699756,-2.2219662501290217e-16,4.473945119205505,True
2021-01-25,18.086828008888133,0.2542248646094936,13.488706607113352,-2.2219724222575206e-16,4.598121401774783,True
2021-01-26,18.111456244749995,0.25414954469731854,13.508437886341376,-2.2219785944031643e-16,4.603018358408618,True
2021-01-27,17.363688920849814,0.2437167395708182,13.131867270138358,-2.2219845902187447e-16,4.231821650711455,True
2021-01-28,17.503700720619833,0.24532714255322371,13.209567838723368,-2.221989880658127e-16,4.294132881896466,True
2021-01-29,16.958299827491786,0.23744359856527766,12.931660090903208,-2.2219947302391895e-16,4.026639736588577,True
2021-02-01,17.577409983506676,0.24591893799444647,13.254791987669732,-2.221998962610141e-16,4.322617995836943,True
2021-02-02,18.00283541917285,0.25172726414894825,13.471030912180685,-2.222003194989154e-16,4.531804506992166,True
2021-02-03,17.897316600724743,0.25030181787374145,13.417585720501448,-2.2220076037257176e-16,4.479730880223294,True
2021-02-04,18.214450688999158,0.2546428599222535,13.576270873639551,-2.222011130721835e-16,4.638179815359606,True
2021-02-05,18.309008594732155,0.2559774259494752,13.6223157029658,-2.222013775973122e-16,4.686692891766356,True
2021-02-08,18.491960261255578,0.25840307873549195,13.713580797892766,-2.222015804001572e-16,4.778379463362813,True
2021-02-09,18.48685454705727,0.25835405828654917,13.71070064987188,-2.222017567506139e-16,4.776153897185391,True
2021-02-10,18.42178597516277,0.2574304218850696,13.67945783970016,-2.222020477291033e-16,4.74232813546261,True
2021-02-11,18.573570751955373,0.2594482731084587,13.754689894902773,-2.222023563430598e-16,4.818880857052598,True
2021-02-12,18.73234261483942,0.2616211338775568,13.831565899762253,-2.2220266495744495e-16,4.900776715077167,True
2021-02-16,18.653985833812857,0.2605249913023573,13.794156336704466,-2.222029735722587e-16,4.85982949710839,True
2021-02-17,18.520144789565762,0.25875479109396426,13.727968593511703,-2.222032821875011e-16,4.79217619605406,True
2021-02-18,18.395586418491593,0.25699860837177874,13.66794630875646,-2.222035908031721e-16,4.727640109735133,True
2021-02-19,18.273664537189827,0.25530341049303124,13.608335658639705,-2.2220379360803713e-16,4.665328878550122,True
2021-02-22,17.559536619039726,0.24510464281405822,13.255612668049617,-2.2220399641308724e-16,4.303923950990107,True
2021-02-23,17.481792699755367,0.24400516818939755,13.216144931799375,-2.2220421685356317e-16,4.265647767955991,True
2021-02-24,17.693547408938343,0.24689567851294472,13.325087016107558,-2.2220441965899957e-16,4.368460392830787,True
2021-02-25,16.77279395528753,0.23324995626708717,12.86054049873985,-2.222046665528068e-16,3.9122534565476803,True
2021-02-26,16.88539922905281,0.2351738587299649,12.914394736160483,-2.222049575351067e-16,3.9710044928923236,True
2021-03-01,17.620163149464766,0.24501906647208124,13.302887223497141,-2.222052661531046e-16,4.317275925967624,True
2021-03-02,17.19984142250484,0.23897396313016264,13.089527152558524,-2.2220551304785235e-16,4.110314269946316,True
2021-03-03,16.46346869170246,0.2280081617518903,12.709663459247583,-2.222058216666218e-16,3.753805232454876,True
2021-03-04,16.06985468945114,0.22204348402894064,12.5016481663666,-2.2220613028581986e-16,3.5682065230845414,True
2021-03-05,16.417920033528013,0.2270683761884819,12.689929591122462,-2.2220637718152776e-16,3.7279904424055523,True
2021-03-08,15.739940459837275,0.2166026961777499,12.330626918559268,-2.2220662407751e-16,3.4093135412780065,True
2021-03-09,16.627736698712976,0.22918182876380508,12.8169615938989,-2.2220693269782253e-16,3.8107751048140748,True
2021-03-10,16.55866127736439,0.22817573350344716,12.780376594566643,-2.222072413185637e-16,3.778284682797747,True
2021-03-11,17.11516266924908,0.2360735690292073,13.074725133403998,-2.2220750585098796e-16,4.040437535845085,True
2021-03-12,16.908506946744737,0.23300978882302728,12.968659313771054,-2.222077527482243e-16,3.939847632973681,True
2021-03-15,17.173007699136306,0.23675562355324326,13.107201553042643,-2.2220797319242674e-16,4.065806146093664,True
2021-03-16,17.31171327963825,0.23871518655614118,13.17914441448298,-2.222081054590745e-16,4.132568865155272,True
2021-03-17,17.418054072914792,0.2402474165257814,13.23341158099065,-2.2220817600133354e-16,4.184642491924143,True
2021-03-18,16.62860170713761,0.22855433002846046,12.828062784652658,-2.2220824654361495e-16,3.8005389224849497,True
2021-03-19,16.722335760188585,0.23017434676193824,12.873283050253377,-2.2220827299697787e-16,3.8490527099352074,True
2021-03-22,17.168935856470213,0.23613777245305917,13.114701587933883,-2.2220831708591993e-16,4.054234268536332,True
2021-03-23,17.05875278298813,0.23455816232024054,13.057483078735146,-2.222083611748708e-16,4.001269704252985,True
2021-03-24,16.63647471888494,0.22836588228298552,12.837271491628199,-2.2220844935278987e-16,3.799203227256743,True
2021-03-25,16.59377172273439,0.22771976493181242,12.815041926701161,-2.2220858161972104e-16,3.7787297960332316,True
2021-03-26,16.952902707785185,0.23274097891143478,13.00726753618495,-2.2220871388673094e-16,3.9456351716002374,True
2021-03-29,16.946970424369297,0.23269108257301202,13.003561529989987,-2.222088461538196e-16,3.9434088943793086,True
2021-03-30,16.82544604875526,0.23103870395035742,12.938116800264185,-2.2220891669631375e-16,3.8873292484910777,True
2021-03-31,17.197907427153204,0.23617994545108262,13.136106589135391,-2.222090313279001e-16,4.061800838017812,True
2021-04-01,17.628344863181546,0.24212812518558827,13.360026771334404,-2.2220914595954563e-16,4.268318091847143,True
2021-04-05,18.15144366214496,0.2492740633488955,13.62675954483353,-2.22209216502135e-16,4.5246841173114305,True
2021-04-06,18.13129535330011,0.24896192041136833,13.617293242596794,-2.222093487695228e-16,4.514002110703315,True
2021-04-07,18.19760618946161,0.2498891020549476,13.65022271922749,-2.2220948103698937e-16,4.547383470234118,True
2021-04-08,18.482008347500585,0.25372588511654803,13.792644420799569,-2.222095692153529e-16,4.689363926701016,True
2021-04-09,18.650577107759503,0.2559906546943844,13.876203663516051,-2.2220961330455217e-16,4.774373444243453,True
2021-04-12,18.613769616487247,0.25549260380602906,13.85808915052537,-2.222096397580778e-16,4.755680465961878,True
2021-04-13,18.938440446934884,0.25971410854621524,14.019860269003603,-2.2220972793650427e-16,4.91858017793128,True
2021-04-14,18.59739650440669,0.2551910063958915,13.851508174103714,-2.222098602041965e-16,4.745888330302977,True
2021-04-15,19.016953444331243,0.26058436122503004,14.06143277859405,-2.2220999247196745e-16,4.9555206657371915,True
2021-04-16,19.05433679092482,0.2611709856839451,14.077896869685123,-2.222100806505339e-16,4.976439921239694,True
2021-04-19,18.789749805731056,0.2576240101436245,13.94905911118323,-2.2221015119341998e-16,4.840690694547824,True
2021-04-20,18.58214786038399,0.2548016109888781,13.847386649924614,-2.2221028346136414e-16,4.734761210459375,True
2021-04-21,18.820424625165675,0.25793724586389866,13.965936131361342,-2.2221041572938704e-16,4.854488493804332,True
2021-04-22,18.475377024531934,0.25319059456327603,13.797585330910005,-2.2221053036174673e-16,4.67779169362193,True
2021-04-23,18.825328173333467,0.2578464149934298,13.97128479276462,-2.222106626299166e-16,4.854043380568847,True
2021-04-26,19.012434771377368,0.26036539125473973,14.062254753422481,-2.2221079489816523e-16,4.950180017954886,True
2021-04-27,18.886538117569103,0.2586603636934418,14.001339299168627,-2.2221086544127805e-16,4.885198818400476,True
2021-04-28,18.7889049548237,0.25732765933699414,13.954000021293666,-2.222109536201909e-16,4.8349049335300345,True
2021-04-29,18.887634284824156,0.2585511053072445,14.004215563843864,-2.222110241633541e-16,4.883418720980292,True
2021-04-30,18.70415742771171,0.25618542419912765,13.912424922806121,-2.222110947065397e-16,4.791732504905589,True
2021-05-03,18.55172953509127,0.25406782391093685,13.838331982326373,-2.222111211602417e-16,4.713397552764895,True
2021-05-04,18.05434753057235,0.2473112277768517,13.589304676076534,-2.222111652497489e-16,4.4650428544958185,True
2021-05-05,17.95658210340928,0.2457577308861766,13.543613231204086,-2.222112534287807e-16,4.412968872205193,True
2021-05-06,18.155244777625768,0.24838835218722705,13.645693443755544,-2.222113239720391e-16,4.509551333870224,True
2021-05-07,18.376353689735996,0.2514062695042127,13.756423161509495,-2.222113945153199e-16,4.619930528226501,True
2021-05-10,17.681780517516763,0.2416481315311596,13.409011293314776,-2.2221146505862306e-16,4.272769224201986,True
2021-05-11,17.6418909400764,0.24098349289103096,13.390486440134154,-2.222115091481985e-16,4.251404499942245,True
2021-05-12,16.97173566668353,0.23143368659311175,13.043904313459157,-2.222115973273668e-16,3.9278313532243723,True
2021-05-13,17.15536728769834,0.23378201724836023,13.144750916543693,-2.222116855065701e-16,4.010616371154648,True
2021-05-14,17.706376154543157,0.24123700615927834,13.434942981091131,-2.222117560499657e-16,4.271433173452027,True
2021-05-17,17.552771718175215,0.23924026780681418,13.353441911567105,-2.2221180013959883e-16,4.199329806608112,True
2021-05-18,17.374500427647014,0.23662293051712002,13.263295220186224,-2.2221184422924077e-16,4.111205207460792,True
2021-05-19,17.404863565073907,0.23707951248151385,13.278526996258922,-2.2221193240854204e-16,4.126336568814985,True
2021-05-20,17.900279441976146,0.24384536633292614,13.535379243985727,-2.222119764982102e-16,4.36490019799042,True
2021-05-21,17.7532624542726,0.24180326529861995,13.460465623126094,-2.2221200295201715e-16,4.292796831146506,True
2021-05-24,18.19462743301113,0.24775283484112084,13.686856907604598,-2.2221202940582725e-16,4.507770525406533,True
2021-05-25,18.235374341730513,0.24839521070278175,13.705794689872262,-2.222120558596405e-16,4.529579651858251,True
2021-05-26,18.32896260108208,0.2496280651840597,13.753539130142968,-2.2221214403902574e-16,4.57542347093911,True
2021-05-27,18.224099888200477,0.2481337251859631,13.7020860947802,-2.222121881287359e-16,4.522013793420278,True
2021-05-28,18.311380652513506,0.24935731994685414,13.745303848476059,-2.222122322184548e-16,4.566076804037445,True
2021-06-01,18.22118260612024,0.24814896548486384,13.699614992500708,-2.2221230276202394e-16,4.521567613619533,True
2021-06-02,18.271530086986083,0.24875626326293468,13.726372538451141,-2.222123909415072e-16,4.545157548534942,True
2021-06-03,17.985827362286194,0.2447642122279049,13.58354049668912,-2.222125232107846e-16,4.402286865597077,True
2021-06-04,18.441990694017747,0.2509459332915964,13.814048127552528,-2.2221265548014066e-16,4.62794256646522,True
2021-06-07,18.524099725865277,0.2520440668106021,13.855210296953034,-2.222127877495755e-16,4.668889428912244,True
2021-06-08,18.536025233414883,0.25217003202327953,13.861795156720333,-2.2221294647298847e-16,4.674230076694548,True
2021-06-09,18.54466426373777,0.2523406236970437,13.865092117173903,-2.2221312283246587e-16,4.679572146563866,True
2021-06-10,18.832455695808257,0.2560944608136764,14.009568108592791,-2.2221329919208324e-16,4.822887587215464,True
2021-06-11,18.90736548381444,0.25710427428160026,14.046201002521352,-2.222134755518406e-16,4.861164481293089,True
2021-06-14,19.17816211715286,0.2605754996863116,14.180802940410661,-2.2221363427574483e-16,4.997359176742198,True
2021-06-15,18.992971764292463,0.2582419852493917,14.088189030095934,-2.2221376654576227e-16,4.904782734196527,True
2021-06-16,18.889000216808626,0.25688299390822494,14.036737289181715,-2.2221394290589053e-16,4.85226292762691,True
2021-06-17,19.24837582010717,0.2614978967909028,14.214966026508277,-2.2221418981027915e-16,5.033409793598894,True
2021-06-18,19.01665668085525,0.25836499790891465,14.103418217271534,-2.222144367149421e-16,4.913238463583714,True
2021-06-21,19.194213794088732,0.2606590004628926,14.191069211850499,-2.222146836198794e-16,5.003144582238234,True
2021-06-22,19.466255564857377,0.2641956572714346,14.323355381286161,-2.2221494816116347e-16,5.142900183571217,True
2021-06-23,19.48216137962064,0.2644368680071838,14.330359642383243,-2.2221528324718563e-16,5.151801737237396,True
2021-06-24,19.66556709705455,0.26679137805013065,14.418963351094057,-2.2221563596984955e-16,5.24660374596049,True
2021-06-25,19.63137573989967,0.2664171909106006,14.401239761565087,-2.222160151473365e-16,5.230135978334584,True
2021-06-28,19.9916717524992,0.27087725758956116,14.57638253355152,-2.222163943254705e-16,5.41528921894768,True
2021-06-29,20.10539995016168,0.27237780737907913,14.629135195257195,-2.2221674704989804e-16,5.476264754904485,True
2021-06-30,20.058287245401054,0.2718193585830183,14.606056472082201,-2.2221709977488545e-16,5.452230773318852,True
2021-07-01,20.066725276503515,0.27183811342030434,14.611824534815264,-2.2221745250043274e-16,5.454900741688251,True
2021-07-02,20.419605748889225,0.27620779789687694,14.779551411066123,-2.2221780522653994e-16,5.640054337823101,True
2021-07-06,20.559144457614757,0.2780133774655623,14.843427269150883,-2.2221814031687037e-16,5.715717188463875,True
2021-07-07,20.626959853503255,0.27886875899396657,14.874745157338431,-2.2221849304406934e-16,5.752214696164823,True
2021-07-08,20.43742463653385,0.2765767653165429,14.784907839160695,-2.2221887222643146e-16,5.652516797373155,True
2021-07-09,20.625429175530783,0.27869524477030866,14.877220142963568,-2.222192514094406e-16,5.7482090325672175,True
2021-07-12,20.75563645438075,0.2804208106170928,14.93532405496962,-2.2221963059309675e-16,5.820312399411131,True
2021-07-13,20.752520661732362,0.2803127726787256,14.93532405496962,-2.222200097773999e-16,5.8171966067627405,True
2021-07-14,20.810907236617982,0.2810447949880129,14.962110078788129,-2.2222040659886167e-16,5.848797157829854,True
2021-07-15,20.58475681363141,0.27825129525110515,14.85702156780946,-2.222208034210321e-16,5.727735245821952,True
2021-07-16,20.32377940426091,0.2749040747986279,14.736689630721157,-2.222211385158836e-16,5.587089773539754,True
2021-07-19,20.069065764335637,0.2717177303529724,14.615944764545816,-2.2222147361124047e-16,5.453120999789821,True
2021-07-20,20.418666223390122,0.27587171779137454,14.785733697334772,-2.222218263437304e-16,5.6329325260553516,True
2021-07-21,20.661442350207103,0.2788556674235995,14.899882053705877,-2.2222222316843605e-16,5.7615602965012265,True
2021-07-22,20.880998624403244,0.2817213573396568,14.998375349328855,-2.222226199938503e-16,5.882623275074389,True
2021-07-23,21.251530235926854,0.28600356499434143,15.173516826866734,-2.2222299918325443e-16,6.0780134090601186,True
2021-07-26,21.288849322815615,0.28669390951321233,15.185465881419903,-2.222233960100544e-16,6.103383441395712,True
2021-07-27,20.922143105892353,0.28218845738742077,15.018155817601729,-2.2222374874559575e-16,5.903987288290623,True
2021-07-28,21.0443708861738,0.28361618020971063,15.075846800520743,-2.222241455737343e-16,5.968524085653057,True
2021-07-29,21.10053471166238,0.2842533654212287,15.102636707684894,-2.222245424025814e-16,5.997898003977487,True
2021-07-30,20.931919776641866,0.2822480389019439,15.023926469231885,-2.222248951399424e-16,5.907993307409982,True
2021-08-02,20.931374811020447,0.2821702920495645,15.02516266759591,-2.2222524787786327e-16,5.906212143424538,True
2021-08-03,21.125259430105164,0.2844474338763035,15.116233595240567,-2.222255829794168e-16,6.0090258348645955,True
2021-08-04,21.176924414055122,0.2851616637752671,15.138077414500088,-2.222259798108307e-16,6.038846999555032,True
2021-08-05,21.386436772130832,0.28767495995867415,15.234094430049378,-2.222263766429533e-16,6.152342342081454,True
2021-08-06,21.239562772045456,0.28589227575771053,15.167335835046634,-2.222267558387676e-16,6.072226936998822,True
2021-08-09,21.30007541624431,0.2866054340051511,15.19535805722916,-2.2222713503522894e-16,6.10471735901515,True
2021-08-10,21.13094475533197,0.28458151425806705,15.117468499156038,-2.222275318694144e-16,6.013476256175932,True
2021-08-11,21.072496756568313,0.2838290072245628,15.091510922408709,-2.2222797279706355e-16,5.980985834159603,True
2021-08-12,21.189201654697015,0.2852064371421583,15.145904944874152,-2.2222836963274503e-16,6.043296709822862,True
2021-08-13,21.3028963737625,0.2865256923496046,15.199069241218318,-2.222287488319601e-16,6.103827132544182,True
2021-08-16,21.320171845511183,0.28679465234095614,15.205660573228363,-2.2222914566902733e-16,6.1145112722828205,True
2021-08-17,21.025569814002022,0.2831712445198093,15.071733043032934,-2.2222965714879235e-16,5.953836770969088,True
2021-08-18,20.707372482018837,0.27916146899701805,14.92667196087003,-2.222302127229442e-16,5.780700521148806,True
2021-08-19,20.86182598772393,0.28104150649164994,14.998786983967344,-2.222306977491995e-16,5.863039003756586,True
2021-08-20,21.19833881287183,0.2851254992029726,15.154151876578,-2.222310769523871e-16,6.04418693629383,True
2021-08-23,21.694265174207,0.2910197918134572,15.380804639663344,-2.222314561562218e-16,6.3134605345436565,True
2021-08-24,21.803553593195087,0.29241894418716713,15.427781471944664,-2.22231808904557e-16,6.375772121250422,True
2021-08-25,21.82839297801564,0.2924123551521245,15.445501178127989,-2.2223223220324434e-16,6.382891799887649,True
2021-08-26,21.6221593388226,0.2901994397925026,15.34742081159205,-2.2223262904653186e-16,6.274738527230547,True
2021-08-27,21.954719682746674,0.2941559935535017,15.496607301279706,-2.2223300825301493e-16,6.458112381466967,True
2021-08-30,22.342710663084937,0.2986296333666534,15.670515169350663,-2.2223338746014507e-16,6.672195493734272,True
2021-08-31,22.311241249744278,0.29821306253385693,15.657737667726321,-2.222337225739725e-16,6.653503582017958,True
2021-09-01,22.37369772888593,0.29901175398599394,15.683699127819297,-2.222340753259052e-16,6.689998601066631,True
2021-09-02,22.356932577351593,0.29881791301427085,15.676280643186628,-2.222344280783978e-16,6.680651934164967,True
2021-09-03,22.465232922974828,0.3000519949116872,15.724494968280517,-2.2223478083145036e-16,6.7407379546943105,True
2021-09-07,22.515078669953194,0.3006133014384169,15.746746538832884,-2.222351335850628e-16,6.768332131120311,True
2021-09-08,22.390840325418253,0.2991803499257088,15.691940881728948,-2.222354422449719e-16,6.698899443689304,True
2021-09-09,22.265200522664845,0.2976502868889592,15.63795719945345,-2.222357949996342e-16,6.627243323211396,True
2021-09-10,21.997410266998756,0.29449562363690923,15.519269212022008,-2.222361301170921e-16,6.478141054976748,True
2021-09-13,21.972007251951617,0.29416752060941764,15.508556355832866,-2.2223646523505534e-16,6.463450896118751,True
2021-09-14,21.872278396052245,0.2929652464183988,15.464460966020978,-2.222368003535239e-16,6.407817430031265,True
2021-09-15,22.129232356020815,0.29597941176087017,15.57943518056616,-2.2223710901574793e-16,6.549797175454656,True
2021-09-16,22.152856084936104,0.29624647197280934,15.590150625652404,-2.2223741767840066e-16,6.562705459283702,True
2021-09-17,21.736347135584282,0.29125494220123277,15.40552860694375,-2.2223768224674914e-16,6.330818528640531,True
2021-09-20,21.02857494804382,0.28253808256305396,15.087201703190047,-2.222379291775148e-16,5.941373244853772,True
2021-09-21,21.05470720965444,0.28254681797004183,15.105766684275679,-2.222381496516542e-16,5.9489405253787595,True
2021-09-22,21.369828577755335,0.2865239175593405,15.246861576085326,-2.2223832603113413e-16,6.122967001670008,True
2021-09-23,21.680532875503427,0.2902597820789156,15.387546127705036,-2.222385465056672e-16,6.292986747798391,True
2021-09-24,21.712770962007518,0.29064872259416863,15.401981817920277,-2.2223876698041905e-16,6.310789144087243,True
2021-09-27,21.4376134888925,0.28727886243147716,15.279040272557772,-2.222389874553896e-16,6.1585732163347275,True
2021-09-28,20.49163174069402,0.2754758771445934,14.846681512802345,-2.2223920793057885e-16,5.644950227891676,True
2021-09-29,20.429903323650585,0.274478240399464,14.82233940784381,-2.222394725010586e-16,5.607563915806773,True
2021-09-30,20.312241471131422,0.27295668528305506,14.767879368502381,-2.2223973707185327e-16,5.544362102629039,True
2021-10-01,20.504861766723383,0.2753198265772812,14.859466781117979,-2.2223998400490205e-16,5.645394985605406,True
2021-10-04,19.84581049605616,0.26696986384668053,14.547577169997021,-2.222402309382252e-16,5.298233326059137,True
2021-10-05,20.246033976452093,0.27176087459277026,14.74395407597653,-2.2224047787182274e-16,5.502079900475563,True
2021-10-06,20.44910969516451,0.2743727761770667,14.838430697752854,-2.2224078653915445e-16,5.610678997411656,True
2021-10-07,20.737024263430833,0.2778822631836153,14.97457302941513,-2.222411393022998e-16,5.762451234015703,True
2021-10-08,20.573782281023497,0.27578209650943813,14.899901470434108,-2.222414920660051e-16,5.67388081058939,True
2021-10-11,20.333543733302196,0.2728458317821303,14.785621080311037,-2.222418448302703e-16,5.5479226529911605,True
2021-10-12,20.225452027343422,0.2715092788256822,14.73405413347598,-2.222421975950955e-16,5.491397893867445,True
2021-10-13,20.472068427482682,0.2745216160594196,14.852043118691114,-2.222425503604806e-16,5.620025308791567,True
2021-10-14,21.05581340533046,0.28164415792896347,15.125566569276783,-2.2224294722219346e-16,5.930246836053678,True
2021-10-15,21.261054688429276,0.284096115588856,15.220871638124283,-2.2224329998876843e-16,6.040183050304992,True
2021-10-18,21.595255856352466,0.2880878076953605,15.373925940075488,-2.2224363511754336e-16,6.221329916276977,True
2021-10-19,21.848236689611213,0.29100601541440435,15.490268386736659,-2.2224401434280664e-16,6.357968302874555,True
2021-10-20,21.807995785418328,0.29062454801825754,15.470056867097062,-2.2224445530315917e-16,6.337938918321266,True
2021-10-21,22.0159647050574,0.29303446296387897,15.56452831107919,-2.222448962643866e-16,6.451436393978209,True
2021-10-22,21.721840548772374,0.28948233304642434,15.433751468651325,-2.2224533722648897e-16,6.288089080121049,True
2021-10-25,22.0685640460202,0.2934855979647806,15.591758330749903,-2.2224577818946624e-16,6.476805715270296,True
2021-10-26,22.178188307805026,0.2947641771373844,15.640852880856917,-2.2224621915331845e-16,6.5373354269481085,True
2021-10-27,22.266123286349412,0.29591882351097115,15.677158279302654,-2.222466601180456e-16,6.588965007046757,True
2021-10-28,22.656530116801758,0.30036698693083586,15.851256431310276,-2.2224710108364767e-16,6.805273685491483,True
2021-10-29,22.83509158377143,0.30242319939457835,15.929230128539063,-2.2224752441146294e-16,6.905861455232365,True
2021-11-01,22.95764650957878,0.30377505037958225,15.983686284534844,-2.2224794774008453e-16,6.973960225043934,True
2021-11-02,23.117500443929956,0.3056983516866631,16.050518663104867,-2.2224830051459687e-16,7.06698178082509,True
2021-11-03,23.51220599550134,0.3101070297603329,16.220905631123326,-2.2224869738657783e-16,7.291300364378012,True
2021-11-04,23.992082137932893,0.3152392239073872,16.42883678484864,-2.222490942592675e-16,7.563245353084252,True
2021-11-05,24.035801210503397,0.31583245336192234,16.444515145670646,-2.2224940293856635e-16,7.591286064832751,True
2021-11-08,23.98236724658317,0.3152370023652679,16.42223768614731,-2.2224975571538853e-16,7.560129560435862,True
2021-11-09,23.713544799100717,0.3122414370116969,16.309193494388257,-2.2225006439560613e-16,7.404351304712458,True
2021-11-10,23.14938709369825,0.30583478961526844,16.069499162174637,-2.2225041717347823e-16,7.079887931523616,True
2021-11-11,23.251359359353422,0.30696286928327077,16.114055375669864,-2.222508140492389e-16,7.137303983683559,True
2021-11-12,23.64746532997166,0.31140119000932415,16.28361648551425,-2.222511668283009e-16,7.36384884445741,True
2021-11-15,23.64152540750294,0.3113853214812945,16.279901418179445,-2.2225154606641593e-16,7.361623989323495,True
2021-11-16,23.909674991452164,0.3142595105929411,16.395832230202124,-2.222518812076254e-16,7.51384276125004,True
2021-11-17,23.92723841140129,0.31440088892060153,16.40449338544156,-2.2225223398838135e-16,7.522745025959727,True
2021-11-18,24.327317378308464,0.31868900869439004,16.57446871882153,-2.2225263086738637e-16,7.752848659486933,True
2021-11-19,24.551026637698286,0.3211331504698283,16.66687810626556,-2.222530277471001e-16,7.884148531432727,True
2021-11-22,24.084260617958865,0.3160100712574236,16.473391703895324,-2.2225342462752255e-16,7.610868914063541,True
2021-11-23,23.905470562009477,0.3140354263747952,16.398305921378714,-2.2225377741072833e-16,7.50716464063076,True
2021-11-24,24.02771357792581,0.31532746611670426,16.451115538820535,-2.222541742924895e-16,7.576598039105275,True
2021-11-26,23.297888035761666,0.3072667906579306,16.13922074990538,-2.222546152730006e-16,7.158667285856286,True
2021-11-29,24.092783816054595,0.31558426245790433,16.489480404907273,-2.222549945169999e-16,7.603303411147323,True
2021-11-30,23.523926853298114,0.3093282221612102,16.24731238151706,-2.222553296634094e-16,7.276614471781057,True
2021-12-01,22.874091919677138,0.3017908742409176,15.970899721770664,-2.2225575300689817e-16,6.903192197906473,True
2021-12-02,23.119153511435325,0.3042133573177765,16.085998203376523,-2.2225619399054167e-16,7.033155308058801,True
2021-12-03,22.48605041850902,0.29706253456955145,15.806287288728008,-2.2225657323723475e-16,6.679763129781013,True
2021-12-06,22.768926261542646,0.30023302706689514,15.932942606976772,-2.22256952484575e-16,6.835983654565873,True
2021-12-07,23.865164762823326,0.31227185489592557,16.412745494939603,-2.2225733173256236e-16,7.452419267883722,True
2021-12-08,24.04230452451157,0.31428455436540653,16.486179561108056,-2.2225784327720004e-16,7.556124963403517,True
2021-12-09,23.473482918205683,0.30800203154436206,16.243602491976453,-2.2225837246252934e-16,7.22988042622923,True
2021-12-10,23.8739231815516,0.31221325719911497,16.420167862917918,-2.2225883991068812e-16,7.453755318633682,True
2021-12-13,23.31625366417989,0.30593674174022195,16.18295498857218,-2.2225928090045644e-16,7.133298675607707,True
2021-12-14,22.93644794056412,0.3017465743662619,16.015453346368794,-2.222596601524169e-16,6.920994594195325,True
2021-12-15,23.75954619299043,0.31056914654360385,16.38056420957006,-2.222600835041542e-16,7.3789819834203705,True
2021-12-16,22.775303171616514,0.29926962340670055,15.959346768473406,-2.222604803971762e-16,6.815956403143107,True
2021-12-17,22.591528954776347,0.2970939381246399,15.87972264934501,-2.2226078909228916e-16,6.7118063054313355,True
2021-12-20,22.23675915123329,0.2928068714916103,15.725683272048236,-2.222610536884607e-16,6.5110758791850545,True
2021-12-21,23.02399350899651,0.3017010890301526,16.077629593509098,-2.222613888440071e-16,6.946363915487412,True
2021-12-22,23.467705975897488,0.3065606079671098,16.27343176433298,-2.2226196213725097e-16,7.19427421156451,True
2021-12-23,23.761302487495254,0.3099655074901682,16.39611830333139,-2.2226253543197355e-16,7.365184184163863,True
2021-12-27,24.384345201730206,0.3164835098921639,16.667102045864485,-2.22263046988588e-16,7.71724315586572,True
2021-12-28,24.216299695041453,0.31493029700074593,16.589853239822975,-2.2226342624697473e-16,7.6264464552184785,True
2021-12-29,24.201802896351058,0.3146224210054803,16.587373076403644,-2.2226386724584295e-16,7.614429819947415,True
2021-12-30,24.08102415423783,0.3132432430343297,16.537806052576347,-2.2226426414562164e-16,7.543218101661485,True
2021-12-31,23.837550912366076,0.3105610971622752,16.434534947360074,-2.2226448464588696e-16,7.403015965006003,True
2022-01-03,24.20940501839479,0.3146155839592529,16.592748921226445,-2.2226477570652006e-16,7.616656097168344,True
2022-01-04,23.698205854599802,0.30891271566263045,16.37752872772333,-2.22265243168146e-16,7.320677126876473,True
2022-01-05,22.521663979304122,0.2951500644331854,15.874393404669961,-2.222659487720768e-16,6.647270574634163,True
2022-01-06,22.492262790040574,0.2947245644400708,15.863240435974255,-2.2226669847865794e-16,6.629022354066319,True
2022-01-07,22.103664608914514,0.2900998589114958,15.691394624441392,-2.2226749228832694e-16,6.412269984473124,True
2022-01-10,22.137581754596376,0.2907208882198705,15.701724323860116,-2.22268268460518e-16,6.435857430736258,True
2022-01-11,22.656522388854885,0.2965560518479104,15.937593560612292,-2.222690622757941e-16,6.718928828242592,True
2022-01-12,22.796278210806058,0.2980961121159281,16.000796305451725,-2.2227010305950467e-16,6.7954819053543325,True
2022-01-13,21.902853284271153,0.2877403251506682,15.60051915852759,-2.222711173873743e-16,6.302334125743562,True
2022-01-14,22.095174402838275,0.28954656985752664,15.697592444092628,-2.2227208761843694e-16,6.397581958745647,True
2022-01-18,21.243295909793297,0.27945183699540477,15.30681784396459,-2.2227312841631385e-16,5.936478065828705,True
2022-01-19,20.868653445081854,0.27457263510557345,15.138692277560725,-2.222742750633628e-16,5.729961167521128,True
2022-01-20,20.45037408436481,0.2693501403703872,14.94206295411422,-2.2227573043069785e-16,5.50831113025059,True
2022-01-21,19.572276303908744,0.25773887919788385,14.527739745988004,-2.2227721226888076e-16,5.044536557920741,True
2022-01-24,19.71178031362677,0.2596178744554911,14.594249806869396,-2.222786059117837e-16,5.117530506757377,True
2022-01-25,18.996034009014565,0.24953116882375412,14.255931439729377,-2.222799731016322e-16,4.740102569285188,True
2022-01-26,18.964827456883768,0.24947238095646077,14.233626796786515,-2.222816049189161e-16,4.7312006600972545,True
2022-01-27,18.679952648059235,0.24570005092291747,14.090287331193394,-2.222831750032956e-16,4.589665316865841,True
2022-01-28,19.550114929432898,0.2566651388802357,14.532281965945435,-2.2228480684408553e-16,5.017832963487463,True
2022-01-31,20.500862876241214,0.2684696578675479,14.99700323386722,-2.222863328468641e-16,5.5038596423739925,True
2022-02-01,20.707934096292092,0.2708574654713641,15.099035551822375,-2.2228785886011877e-16,5.608898544469718,True
2022-02-02,20.96325313040719,0.2738855605243283,15.221720796372237,-2.222896495122636e-16,5.741532334034952,True
2022-02-03,19.655341888306406,0.2569667260413259,14.604573034045377,-2.2229128140058465e-16,5.05076885426103,True
2022-02-04,20.014049395352522,0.26107860458660437,14.788809307086513,-2.222929838695581e-16,5.225240088266009,True
2022-02-07,19.776689863396058,0.25822562723601095,14.669841718768552,-2.2229495098608546e-16,5.106848144627507,True
2022-02-08,20.115088893408686,0.26251090644978803,14.834658674681908,-2.222967416953613e-16,5.280430218726778,True
2022-02-09,20.757029356051405,0.27017395299320957,15.149020682530903,-2.2229916755271414e-16,5.608008673520503,True
2022-02-10,20.042080895859034,0.26124643055182656,14.806158800984907,-2.22301549329604e-16,5.235922094874127,True
2022-02-11,19.079254338268196,0.2485827362333171,14.336481089570102,-2.223048132809656e-16,4.742773248698094,True
2022-02-14,19.110369091752897,0.24887669915542734,14.354243512555534,-2.223077949883776e-16,4.756125579197363,True
2022-02-15,19.811768370156088,0.25745389404692975,14.71115145530361,-2.223109708141465e-16,5.10061691485248,True
2022-02-16,19.80716119849673,0.2574688693810431,14.70743379907171,-2.2231449955976753e-16,5.099727399425019,True
2022-02-17,18.91750492211952,0.24567331399530073,14.269978795380005,-2.223177901672054e-16,4.647526126739516,True
2022-02-18,18.597190019630375,0.2414325719818296,14.107222601556202,-2.223208338036079e-16,4.4899674180741735,True
2022-02-22,18.316634662148058,0.23754922664508962,13.965532263414143,-2.223236392806975e-16,4.3511023987339135,True
2022-02-23,17.62598493095201,0.2279692511286713,13.607802345837635,-2.223265506618038e-16,4.018182585114375,True
2022-02-24,18.4767214782726,0.23876709849010685,14.065088301295614,-2.2232955030577283e-16,4.411633176976987,True
2022-02-25,18.904015869759828,0.24443593290086338,14.283195115062357,-2.2233204710184586e-16,4.62082075469747,True
2022-02-28,18.995521999793198,0.24583581622205755,14.325742344409987,-2.223346762665992e-16,4.669779655383212,True
2022-03-01,18.560756068937987,0.23998817170532602,14.106394154485026,-2.2233721723421855e-16,4.454361914452962,True
2022-03-02,19.01020281977074,0.24550551781383348,14.343093132756927,-2.223399788035663e-16,4.667109687013813,True
2022-03-03,18.610370249354954,0.24030499994702303,14.138205227569633,-2.223428462833465e-16,4.4721650217853215,True
2022-03-04,18.21409421831718,0.23502565834577321,13.933314733485242,-2.2234580203157506e-16,4.280779484831936,True
2022-03-07,17.222198326169625,0.2208059657147374,13.419434193029009,-2.2234849312170244e-16,3.802764133140618,True
2022-03-08,17.103557501305215,0.0,17.103557501305215,0.0,0.0,False
2022-03-09,17.719255450791117,0.0,17.719255450791117,0.0,0.0,False
2022-03-10,17.522485575819868,0.0,17.522485575819868,0.0,0.0,False
2022-03-11,17.159097879954025,0.0,17.159097879954025,0.0,0.0,False
2022-03-14,16.82956183602637,0.0,16.82956183602637,0.0,0.0,False
2022-03-15,17.357457322286034,0.0,17.357457322286034,0.0,0.0,False
2022-03-16,18.001185692666354,0.0,18.001185692666354,0.0,0.0,False
2022-03-17,18.21911057100082,0.0,18.21911057100082,0.0,0.0,False
2022-03-18,18.59202241082381,0.0,18.59202241082381,0.0,0.0,False
2022-03-21,18.54032583479188,0.0,18.54032583479188,0.0,0.0,False
2022-03-22,18.904696443530433,0.0,18.904696443530433,0.0,0.0,False
2022-03-23,18.633013026915044,0.0,18.633013026915044,0.0,0.0,False
2022-03-24,19.047159139140046,0.0,19.047159139140046,0.0,0.0,False
2022-03-25,19.031273410688026,0.0,19.031273410688026,0.0,0.0,False
2022-03-28,19.325731233494018,0.0,19.325731233494018,0.0,0.0,False
2022-03-29,19.65832209769891,0.0,19.65832209769891,0.0,0.0,False
2022-03-30,19.441186201704088,0.0,19.441186201704088,0.0,0.0,False
2022-03-31,19.200213425401618,0.0,19.200213425401618,0.0,0.0,False
2022-04-01,19.163674923941233,0.0,19.163674923941233,0.0,0.0,False
2022-04-04,19.55822742222307,0.0,19.55822742222307,0.0,0.0,False
2022-04-05,19.123950657655648,0.0,19.123950657655648,0.0,0.0,False
2022-04-06,18.70874704389138,0.0,18.70874704389138,0.0,0.0,False
2022-04-07,18.75322840957777,0.0,18.75322840957777,0.0,0.0,False
2022-04-08,18.49107908207507,0.0,18.49107908207507,0.0,0.0,False
2022-04-11,18.05362815536391,0.0,18.05362815536391,0.0,0.0,False
2022-04-12,17.977367045143865,0.0,17.977367045143865,0.0,0.0,False
2022-04-13,18.342788525317992,0.0,18.342788525317992,0.0,0.0,False
2022-04-14,17.923343302715168,0.0,17.923343302715168,0.0,0.0,False
2022-04-18,17.937110713036795,0.0,17.937110713036795,0.0,0.0,False
2022-04-19,18.338023138287575,0.0,18.338023138287575,0.0,0.0,False
2022-04-20,18.070573042881126,0.0,18.070573042881126,0.0,0.0,False
2022-04-21,17.696673317607658,0.0,17.696673317607658,0.0,0.0,False
2022-04-22,17.233270507510305,0.0,17.233270507510305,0.0,0.0,False
2022-04-25,17.454643039765912,0.0,17.454643039765912,0.0,0.0,False
2022-04-26,16.795817923273223,0.0,16.795817923273223,0.0,0.0,False
2022-04-27,16.77569721608634,0.0,16.77569721608634,0.0,0.0,False
2022-04-28,17.371499881910978,0.0,17.371499881910978,0.0,0.0,False
2022-04-29,16.58980071117407,0.0,16.58980071117407,0.0,0.0,False
2022-05-02,16.866784895693208,0.0,16.866784895693208,0.0,0.0,False
2022-05-03,16.88479391485339,0.0,16.88479391485339,0.0,0.0,False
2022-05-04,17.45570717140888,0.0,17.45570717140888,0.0,0.0,False
2022-05-05,16.576567024199854,0.0,16.576567024199854,0.0,0.0,False
2022-05-06,16.377965583083,0.0,16.377965583083,0.0,0.0,False
2022-05-09,15.737144513172716,0.0,15.737144513172716,0.0,0.0,False
2022-05-10,15.928330183307276,0.0,15.928330183307276,0.0,0.0,False
2022-05-11,15.455925349918719,0.0,15.455925349918719,0.0,0.0,False
2022-05-12,15.419385190932415,0.0,15.419385190932415,0.0,0.0,False
2022-05-13,15.990823883205692,0.0,15.990823883205692,0.0,0.0,False
2022-05-16,15.805462759166753,0.0,15.805462759166753,0.0,0.0,False
2022-05-17,16.214845141887253,0.0,16.214845141887253,0.0,0.0,False
2022-05-18,15.41885312511093,0.0,15.41885312511093,0.0,0.0,False
2022-05-19,15.336233745447862,0.0,15.336233745447862,0.0,0.0,False
2022-05-20,15.288571587514035,0.0,15.288571587514035,0.0,0.0,False
2022-05-23,15.542778050790723,0.0,15.542778050790723,0.0,0.0,False
2022-05-24,15.212307162242144,0.0,15.212307162242144,0.0,0.0,False
2022-05-25,15.425211394553955,0.0,15.425211394553955,0.0,0.0,False
2022-05-26,15.852596166330942,0.0,15.852596166330942,0.0,0.0,False
2022-05-27,16.37001774627922,0.0,16.37001774627922,0.0,0.0,False
2022-05-31,16.3265938821321,0.0,16.3265938821321,0.0,0.0,False
2022-06-01,16.205843118596047,0.0,16.205843118596047,0.0,0.0,False
2022-06-02,16.64965065722431,0.0,16.64965065722431,0.0,0.0,False
2022-06-03,16.216434709248006,0.0,16.216434709248006,0.0,0.0,False
2022-06-06,16.270451821573012,0.0,16.270451821573012,0.0,0.0,False
2022-06-07,16.410796199052232,0.0,16.410796199052232,0.0,0.0,False
2022-06-08,16.292700792045824,0.0,16.292700792045824,0.0,0.0,False
2022-06-09,15.856302394296167,0.0,15.856302394296167,0.0,0.0,False
2022-06-10,15.29704320250968,0.0,15.29704320250968,0.0,0.0,False
2022-06-13,14.585785568474972,0.0,14.585785568474972,0.0,0.0,False
2022-06-14,14.612267860156718,0.0,14.612267860156718,0.0,0.0,False
2022-06-15,14.977162247087135,0.0,14.977162247087135,0.0,0.0,False
2022-06-16,14.372887966266855,0.0,14.372887966266855,0.0,0.0,False
2022-06-17,14.547652527076064,0.0,14.547652527076064,0.0,0.0,False
2022-06-21,14.914683464922032,0.0,14.914683464922032,0.0,0.0,False
2022-06-22,14.892930094700382,0.0,14.892930094700382,0.0,0.0,False
2022-06-23,15.114728611118363,0.0,15.114728611118363,0.0,0.0,False
2022-06-24,15.632615955851179,0.0,15.632615955851179,0.0,0.0,False
2022-06-27,15.518003010810308,0.0,15.518003010810308,0.0,0.0,False
2022-06-28,15.045216946459318,0.0,15.045216946459318,0.0,0.0,False
2022-06-29,15.05901419224757,0.0,15.05901419224757,0.0,0.0,False
2022-06-30,14.872235883543931,0.0,14.872235883543931,0.0,0.0,False
2022-07-01,14.970404513896522,0.0,14.970404513896522,0.0,0.0,False
2022-07-05,15.226691172207358,0.0,15.226691172207358,0.0,0.0,False
2022-07-06,15.32432939426439,0.0,15.32432939426439,0.0,0.0,False
2022-07-07,15.65225266546836,0.0,15.65225266546836,0.0,0.0,False
2022-07-08,15.671881087455922,0.0,15.671881087455922,0.0,0.0,False
2022-07-11,15.337062508409673,0.0,15.337062508409673,0.0,0.0,False
2022-07-12,15.188488514719658,0.0,15.188488514719658,0.0,0.0,False
2022-07-13,15.157179507548314,0.0,15.157179507548314,0.0,0.0,False
2022-07-14,15.211306016584274,0.0,15.211306016584274,0.0,0.0,False
2022-07-15,15.48722938451229,0.0,15.48722938451229,0.0,0.0,False
2022-07-18,15.356163837153524,0.0,15.356163837153524,0.0,0.0,False
2022-07-19,15.828419493208953,0.0,15.828419493208953,0.0,0.0,False
2022-07-20,16.079398753512343,0.0,16.079398753512343,0.0,0.0,False
2022-07-21,16.310222498584462,0.0,16.310222498584462,0.0,0.0,False
2022-07-22,16.024211427885263,0.0,16.024211427885263,0.0,0.0,False
2022-07-25,15.932949708056416,0.0,15.932949708056416,0.0,0.0,False
2022-07-26,15.619879526654048,0.0,15.619879526654048,0.0,0.0,False
2022-07-27,16.27997762305608,0.0,16.27997762305608,0.0,0.0,False
2022-07-28,16.43915812513137,0.0,16.43915812513137,0.0,0.0,False
2022-07-29,16.738963126566972,0.0,16.738963126566972,0.0,0.0,False
2022-08-01,16.72887376626987,0.0,16.72887376626987,0.0,0.0,False
2022-08-02,16.678997153702085,0.0,16.678997153702085,0.0,0.0,False
2022-08-03,17.133212297604782,0.0,17.133212297604782,0.0,0.0,False
2022-08-04,17.21333378570095,0.0,17.21333378570095,0.0,0.0,False
2022-08-05,17.07271923149618,0.0,17.07271923149618,0.0,0.0,False
2022-08-08,17.017536878446865,0.0,17.017536878446865,0.0,0.0,False
2022-08-09,16.82492407849207,0.0,16.82492407849207,0.0,0.0,False
2022-08-10,17.29451940544008,0.0,17.29451940544008,0.0,0.0,False
2022-08-11,17.196354090139337,0.0,17.196354090139337,0.0,0.0,False
2022-08-12,17.531177641763357,0.0,17.531177641763357,0.0,0.0,False
2022-08-15,17.672853012559248,0.0,17.672853012559248,0.0,0.0,False
2022-08-16,17.631464590246342,0.0,17.631464590246342,0.0,0.0,False
2022-08-17,17.43035862745889,0.0,17.43035862745889,0.0,0.0,False
2022-08-18,17.472280773119206,0.0,17.472280773119206,0.0,0.0,False
2022-08-19,17.13161941519218,0.0,17.13161941519218,0.0,0.0,False
2022-08-22,16.680591693640608,0.0,16.680591693640608,0.0,0.0,False
2022-08-23,16.666797762904206,0.0,16.666797762904206,0.0,0.0,False
2022-08-24,16.71508149305939,0.0,16.71508149305939,0.0,0.0,False
2022-08-25,17.010636598026817,0.0,17.010636598026817,0.0,0.0,False
2022-08-26,16.313403290831896,0.0,16.313403290831896,0.0,0.0,False
2022-08-29,16.152624933766234,0.0,16.152624933766234,0.0,0.0,False
2022-08-30,15.972750220534492,0.0,15.972750220534492,0.0,0.0,False
2022-08-31,15.879884015611573,0.0,15.879884015611573,0.0,0.0,False
2022-09-01,15.886784296031623,0.0,15.886784296031623,0.0,0.0,False
2022-09-02,15.662335395661767,0.0,15.662335395661767,0.0,0.0,False
2022-09-06,15.549839111225365,0.0,15.549839111225365,0.0,0.0,False
2022-09-07,15.863966794167006,0.0,15.863966794167006,0.0,0.0,False
2022-09-08,15.946211572971336,0.0,15.946211572971336,0.0,0.0,False
2022-09-09,16.294832370383606,0.0,16.294832370383606,0.0,0.0,False
2022-09-12,16.488507644455446,0.0,16.488507644455446,0.0,0.0,False
2022-09-13,15.58433056817007,0.0,15.58433056817007,0.0,0.0,False
2022-09-14,15.707967084339153,0.0,15.707967084339153,0.0,0.0,False
2022-09-15,15.446371370494946,0.0,15.446371370494946,0.0,0.0,False
2022-09-16,15.351922228314965,0.0,15.351922228314965,0.0,0.0,False
2022-09-19,15.471471285556394,0.0,15.471471285556394,0.0,0.0,False
2022-09-20,15.348146384260952,0.0,15.348146384260952,0.0,0.0,False
2022-09-21,15.073321956020298,0.0,15.073321956020298,0.0,0.0,False
2022-09-22,14.887798394440841,0.0,14.887798394440841,0.0,0.0,False
2022-09-23,14.645400145844054,0.0,14.645400145844054,0.0,0.0,False
2022-09-26,14.584799340550417,0.0,14.584799340550417,0.0,0.0,False
2022-09-27,14.590653722112654,0.0,14.590653722112654,0.0,0.0,False
2022-09-28,14.880889826391174,0.0,14.880889826391174,0.0,0.0,False
2022-09-29,14.451908857149734,0.0,14.451908857149734,0.0,0.0,False
2022-09-30,14.206855252023303,0.0,14.206855252023303,0.0,0.0,False
2022-10-03,14.540152222271663,0.0,14.540152222271663,0.0,0.0,False
2022-10-04,14.997309474688794,0.0,14.997309474688794,0.0,0.0,False
2022-10-05,14.98933180241839,0.0,14.98933180241839,0.0,0.0,False
2022-10-06,14.87132092923409,0.0,14.87132092923409,0.0,0.0,False
2022-10-07,14.304664199250468,0.0,14.304664199250468,0.0,0.0,False
2022-10-10,14.161672752871219,0.0,14.161672752871219,0.0,0.0,False
2022-10-11,13.967114017482086,0.0,13.967114017482086,0.0,0.0,False
2022-10-12,13.962330397666506,0.0,13.962330397666506,0.0,0.0,False
2022-10-13,14.289779616456315,0.0,14.289779616456315,0.0,0.0,False
2022-10-14,13.860266581393397,0.0,13.860266581393397,0.0,0.0,False
2022-10-17,14.317949269528318,0.0,14.317949269528318,0.0,0.0,False
2022-10-18,14.431176522897038,0.0,14.431176522897038,0.0,0.0,False
2022-10-19,14.378551732347882,0.0,14.378551732347882,0.0,0.0,False
2022-10-20,14.305194607546028,0.0,14.305194607546028,0.0,0.0,False
2022-10-21,14.640621498606244,0.0,14.640621498606244,0.0,0.0,False
2022-10-24,14.801684950130772,0.0,14.801684950130772,0.0,0.0,False
2022-10-25,15.107873083898252,0.0,15.107873083898252,0.0,0.0,False
2022-10-26,14.774042390302482,0.0,14.774042390302482,0.0,0.0,False
2022-10-27,14.505069028572224,0.0,14.505069028572224,0.0,0.0,False
2022-10-28,14.948932923081887,0.0,14.948932923081887,0.0,0.0,False
2022-10-31,14.775109836997299,0.0,14.775109836997299,0.0,0.0,False
2022-11-01,14.624135745769873,0.0,14.624135745769873,0.0,0.0,False
2022-11-02,14.122865098421395,0.0,14.122865098421395,0.0,0.0,False
2022-11-03,13.846980682352584,0.0,13.846980682352584,0.0,0.0,False
2022-11-04,14.069704926998908,0.0,14.069704926998908,0.0,0.0,False
2022-11-07,14.22439684887302,0.0,14.22439684887302,0.0,0.0,False
2022-11-08,14.328053547558735,0.0,14.328053547558735,0.0,0.0,False
2022-11-09,13.99741690641779,0.0,13.99741690641779,0.0,0.0,False
2022-11-10,15.030266062628224,0.0,15.030266062628224,0.0,0.0,False
2022-11-11,15.30721378157704,0.0,15.30721378157704,0.0,0.0,False
2022-11-14,15.173257509007472,0.0,15.173257509007472,0.0,0.0,False
2022-11-15,15.383226262908543,0.0,15.383226262908543,0.0,0.0,False
2022-11-16,15.173257509007472,0.0,15.173257509007472,0.0,0.0,False
2022-11-17,15.139765540194713,0.0,15.139765540194713,0.0,0.0,False
2022-11-18,15.140297606016196,0.0,15.140297606016196,0.0,0.0,False
2022-11-21,14.98454818260281,0.0,14.98454818260281,0.0,0.0,False
2022-11-22,15.200366345488352,0.0,15.200366345488352,0.0,0.0,False
2022-11-23,15.352930004076528,0.0,15.352930004076528,0.0,0.0,False
2022-11-25,15.251930319446389,0.0,15.251930319446389,0.0,0.0,False
2022-11-28,15.02813779934229,0.0,15.02813779934229,0.0,0.0,False
2022-11-29,14.914380137678009,0.0,14.914380137678009,0.0,0.0,False
2022-11-30,15.594264121030351,0.0,15.594264121030351,0.0,0.0,False
2022-12-01,15.613400257818597,0.0,15.613400257818597,0.0,0.0,False
2022-12-02,15.551203255060509,0.0,15.551203255060509,0.0,0.0,False
2022-12-05,15.290202593022881,0.0,15.290202593022881,0.0,0.0,False
2022-12-06,14.973383087981274,0.0,14.973383087981274,0.0,0.0,False
2022-12-07,14.912256846969845,0.0,14.912256846969845,0.0,0.0,False
2022-12-08,15.088736947110005,0.0,15.088736947110005,0.0,0.0,False
2022-12-09,14.992520882295445,0.0,14.992520882295445,0.0,0.0,False
2022-12-12,15.180699800404547,0.0,15.180699800404547,0.0,0.0,False
2022-12-13,15.34389317274093,0.0,15.34389317274093,0.0,0.0,False
2022-12-14,15.23013053849888,0.0,15.23013053849888,0.0,0.0,False
2022-12-15,14.718760585697757,0.0,14.718760585697757,0.0,0.0,False
2022-12-16,14.578426153374078,0.0,14.578426153374078,0.0,0.0,False
2022-12-19,14.373547661584459,0.0,14.373547661584459,0.0,0.0,False
2022-12-20,14.362356046548145,0.0,14.362356046548145,0.0,0.0,False
2022-12-21,14.570697109992217,0.0,14.570697109992217,0.0,0.0,False
2022-12-22,14.21422295475381,0.0,14.21422295475381,0.0,0.0,False
2022-12-23,14.246191657242761,0.0,14.246191657242761,0.0,0.0,False
2022-12-27,14.044780709685364,0.0,14.044780709685364,0.0,0.0,False
2022-12-28,13.859349140794668,0.0,13.859349140794668,0.0,0.0,False
2022-12-29,14.197170328051559,0.0,14.197170328051559,0.0,0.0,False
2022-12-30,14.188650644804133,0.0,14.188650644804133,0.0,0.0,False
2023-01-03,14.092734592181747,0.0,14.092734592181747,0.0,0.0,False
2023-01-04,14.159871022192238,0.0,14.159871022192238,0.0,0.0,False
2023-01-05,13.938208422899995,0.0,13.938208422899995,0.0,0.0,False
2023-01-06,14.322923504825116,0.0,14.322923504825116,0.0,0.0,False
2023-01-09,14.415640532414907,0.0,14.415640532414907,0.0,0.0,False
2023-01-10,14.537660960808454,0.0,14.537660960808454,0.0,0.0,False
2023-01-11,14.789162341777788,0.0,14.789162341777788,0.0,0.0,False
2023-01-12,14.869096529444583,0.0,14.869096529444583,0.0,0.0,False
2023-01-13,14.971399029450696,0.0,14.971399029450696,0.0,0.0,False
2023-01-17,15.001771534475193,0.0,15.001771534475193,0.0,0.0,False
2023-01-18,14.806748691827444,0.0,14.806748691827444,0.0,0.0,False
2023-01-19,14.661282559244224,0.0,14.661282559244224,0.0,0.0,False
2023-01-20,15.06251322947234,0.0,15.06251322947234,0.0,0.0,False
2023-01-23,15.397142850563295,0.0,15.397142850563295,0.0,0.0,False
2023-01-24,15.36570621389583,0.0,15.36570621389583,0.0,0.0,False
2023-01-25,15.331605933069103,0.0,15.331605933069103,0.0,0.0,False
2023-01-26,15.630530788239257,0.0,15.630530788239257,0.0,0.0,False
2023-01-27,15.786121089163977,0.0,15.786121089163977,0.0,0.0,False
2023-01-30,15.466946239784898,0.0,15.466946239784898,0.0,0.0,False
2023-01-31,15.698736322470488,0.0,15.698736322470488,0.0,0.0,False
2023-02-01,16.034433390256257,0.0,16.034433390256257,0.0,0.0,False
2023-02-02,16.609908158153562,0.0,16.609908158153562,0.0,0.0,False
2023-02-03,16.31305445634513,0.05247906281632244,13.867500190276687,1.5894604565278188,0.8560938095406249,True
2023-02-06,16.17422994934113,0.05158136055830887,13.750195423135848,1.589745739435317,0.8342887867699625,True
2023-02-07,16.511064245299554,0.05365793934984293,14.035082857011423,1.5900317044124888,0.8859496838756435,True
2023-02-08,16.214159259794577,0.05170260546748059,13.785524925187534,1.5903200554109855,0.8383142791960562,True
2023-02-09,16.07013716919827,0.050767371187580713,13.66368914518188,1.5906094053123636,0.8158386187040261,True
2023-02-10,15.963974675530261,0.050054293768817815,13.574008622207874,1.590900575195428,0.7990654781269597,True
2023-02-13,16.219574270375816,0.05160262470134703,13.791408479206032,1.591193187279958,0.8369726038898277,True
2023-02-14,16.33989065727114,0.05233127755042221,13.893316819547508,1.591486484594425,0.8550873531292069,True
2023-02-15,16.465739679289907,0.053092565282555126,13.999750537165662,1.5917807832759872,0.8742083588482576,True
2023-02-16,16.153359494325056,0.05102499922447498,13.737060276077788,1.592074062576667,0.8242251556706015,True
2023-02-17,16.038952500121876,0.050280446429641856,13.640138022343468,1.59236878580846,0.8064456919699483,True
2023-02-21,15.659620814779386,0.04787810561843094,13.317203324035535,1.592664511429263,0.7497529793145871,True
2023-02-22,15.670551791725105,0.04788752561041253,13.327167043867627,1.5929607976019449,0.750423950255532,True
2023-02-23,15.806037302078398,0.04866555665351964,13.443570116906013,1.5932575813804444,0.769209603791941,True
2023-02-24,15.542318278977117,0.046987607751222536,13.218467819817064,1.5935541043228192,0.7302963548372329,True
2023-02-27,15.65303897735772,0.047662495876630594,13.313124567118976,1.5938515045236943,0.7460629057150503,True
2023-02-28,15.631636128262944,0.14942278774653597,13.295913480938427,-2.220446049250313e-16,2.335722647324517,True
2023-03-01,15.467754636700622,0.14732122352257024,13.189026098474978,-2.2208610611938316e-16,2.2787285382256446,True
2023-03-02,15.631789992976596,0.1492863207317455,13.298177578473803,-2.2212774726344007e-16,2.333612414502794,True
2023-03-03,16.049199503970563,0.1542817266892779,13.573101292517283,-2.221693785873028e-16,2.4760982114532806,True
2023-03-06,16.075154886152117,0.15468920565651803,13.588501946007751,-2.222109736314999e-16,2.4866529401443653,True
2023-03-07,15.815601148782825,0.15135517824476796,13.421828017860644,-2.222526646441896e-16,2.3937731309221815,True
2023-03-08,15.915352744720701,0.15246235899671604,13.488860520995724,-2.222953953629821e-16,2.4264922237249773,True
2023-03-09,15.55393493096949,0.14779425658878612,13.2551526808165,-2.22338469505548e-16,2.298782250152988,True
2023-03-10,15.272793110077586,0.14429521398852732,13.069002160056435,-2.2238124319249997e-16,2.203790950021151,True
2023-03-13,15.417213517149914,0.14602420100498606,13.165927231584828,-2.224236279982585e-16,2.251286285565087,True
2023-03-14,15.872808684996546,0.15147463233056607,13.468480825383278,-2.2246474106403305e-16,2.4043278596132676,True
2023-03-15,15.978290179920588,0.15265446849778205,13.539132785001481,-2.2250605594300093e-16,2.439157394919108,True
2023-03-16,16.52834316350026,0.1592601108132219,13.89603739972225,-2.2254630128516403e-16,2.63230576377801,True
2023-03-17,16.423613141697352,0.15789791641374856,13.830358846637882,-2.225863066340336e-16,2.593254295059471,True
2023-03-20,16.500136301643735,0.15882873093197836,13.879440592648995,-2.2262422580322516e-16,2.620695708994741,True
2023-03-21,16.809196619032925,0.16250143536705525,14.077678041073023,-2.226636709302958e-16,2.7315185779599025,True
2023-03-22,16.506298273646372,0.15873031294405868,13.886248383122508,-2.2270436006556884e-16,2.6200498905238643,True
2023-03-23,16.764383121800588,0.16185929937806093,14.050911815200555,-2.2274468546398175e-16,2.713471306600033,True
2023-03-24,16.84369808825697,0.16273580142681268,14.102625380873201,-2.2278448781597427e-16,2.741072707383771,True
2023-03-27,16.690813700241918,0.1608554087570687,14.006006040001422,-2.228242972802677e-16,2.6848076602404958,True
2023-03-28,16.571832025442802,0.15931974036010133,13.931612049858044,-2.228648212403961e-16,2.6402199755847593,True
2023-03-29,16.97023517047213,0.16408723610584616,14.185636185283133,-2.2290575053977076e-16,2.7845989851889947,True
2023-03-30,17.17988565601385,0.1664721865540564,14.319912526108554,-2.2294670504971155e-16,2.8599731299052955,True
2023-03-31,17.558163855649155,0.17086669701716095,14.558058391948284,-2.2298797673108265e-16,3.0001054637008706,True
2023-04-03,17.501551302667508,0.17020623381026515,14.522678169603331,-2.2302854815496435e-16,2.9788731330641762,True
2023-04-04,17.422836501116265,0.1692691370333309,14.473688001899497,-2.2306899420668477e-16,2.949148499216769,True
2023-04-05,17.185462921529034,0.16610930237737564,14.33079766460159,-2.231108462003832e-16,2.8546652569274436,True
2023-04-06,17.33940955511989,0.1679406983490208,14.42741700547337,-2.2315250241127014e-16,2.9119925496465187,True
2023-04-10,17.324872060453874,0.16771393294876352,14.419249629361007,-2.2319421067693955e-16,2.9056224310928673,True
2023-04-11,17.17606762857109,0.165891124551034,14.32671045430282,-2.232370604210363e-16,2.84935717426827,True
2023-04-12,16.974133462409185,0.16342411976516466,14.200150642538537,-2.232802904559729e-16,2.7739828198706475,True
2023-04-13,17.411448901591708,0.16846525914170765,14.478224650352459,-2.233233516560295e-16,2.933224251239248,True
2023-04-14,17.36724314636459,0.1679160222582786,14.451004759634696,-2.2336637684954334e-16,2.916238386729893,True
2023-04-17,17.382674338670338,0.1679501893164982,14.463250892663618,-2.2340983579075077e-16,2.9194234460067183,True
2023-04-18,17.38570469174328,0.16804302852196443,14.464158222354211,-2.234534804967057e-16,2.9215464693890665,True
2023-04-19,17.372532627985574,0.16780377524349274,14.45735606746884,-2.234980825226494e-16,2.9151765605167355,True
2023-04-20,17.19435811433003,0.16559118589678526,14.347123963444107,-2.2354238303442018e-16,2.847234150885922,True
2023-04-21,17.214639744996724,0.16570442751744707,14.36209772113295,-2.235862487932487e-16,2.8525420238637733,True
2023-04-24,17.167714818491895,0.16516794397703705,14.332158659137479,-2.2363016751899796e-16,2.835556159354418,True
2023-04-25,16.737050484510217,0.15984020202917573,14.061796953693591,-2.2367341156021765e-16,2.6752535308166268,True
2023-04-26,16.8669187066994,0.1612529984147054,14.147077491227039,-2.2371737403731354e-16,2.7198412154723632,True
2023-04-27,17.47134541693951,0.16825229427266344,14.531751466509252,-2.237616292412598e-16,2.939593950430256,True
2023-04-28,17.63104538220947,0.17010017172295452,14.632001535040434,-2.238060263899188e-16,2.9990438471690357,True
2023-05-01,17.605770087835552,0.16986200088704323,14.61521875355855,-2.23849748494535e-16,2.9905513342770016,True
2023-05-02,17.398678888699003,0.16730753599229534,14.487748794309605,-2.238929639300584e-16,2.910930094389397,True
2023-05-03,17.24654493542055,0.16545943846033442,14.39294129502494,-2.239377425225055e-16,2.8536036403956087,True
2023-05-04,17.163893650321487,0.1644006791799062,14.342137876836956,-2.2398301882215503e-16,2.821755773484532,True
2023-05-05,17.641769646295582,0.1697560523351025,14.646972474935206,-2.240279487476192e-16,2.9947971713603754,True
2023-05-08,17.702474588244645,0.1705532492772965,14.68326002697075,-2.240731099366091e-16,3.0192145612738956,True
2023-05-09,17.551091849555863,0.1686975429657132,14.590265778170233,-2.241183069071979e-16,2.9608260713856294,True
2023-05-10,17.805406933838647,0.1716541021075777,14.749035793950537,-2.2416386873730794e-16,3.0563711398881113,True
2023-05-11,17.878969558150313,0.1723728824117052,14.797120040860813,-2.242089238963548e-16,3.081849517289501,True
2023-05-12,17.794046711668063,0.17140571115932884,14.74404548065228,-2.2425354325045817e-16,3.050001231015781,True
2023-05-15,17.920596796890113,0.17280183099656926,14.823884857836246,-2.242982871706204e-16,3.0967119390538658,True
2023-05-16,17.949055951325143,0.1731784517989962,14.840666230421094,-2.2434279079902725e-16,3.1083897209040474,True
2023-05-17,18.240157811518284,0.1765258092223376,15.020299193496877,-2.243878196028187e-16,3.2198586180214073,True
2023-05-18,18.692178148467214,0.18151444996462957,15.29927771320732,-2.244331245705135e-16,3.392900435259894,True
2023-05-19,18.63434426620567,0.18082445151298898,15.264799184964817,-2.2447876821191923e-16,3.3695450812408514,True
2023-05-22,18.72064173927467,0.1818622712943017,15.316063312483273,-2.2452406482084466e-16,3.4045784267913977,True
2023-05-23,18.394850690711483,0.17792691445455314,15.121911665460983,-2.2456945966462063e-16,3.2729390252504995,True
2023-05-24,18.26419782162787,0.17629345944821925,15.044339203606462,-2.246153805534396e-16,3.2198586180214073,True
2023-05-25,18.862763252230213,0.1830246335509984,15.410412920231538,-2.246615960588093e-16,3.4523503319986735,True
2023-05-26,19.517664475858115,0.19026383494443225,15.804158783522638,-2.247076249415255e-16,3.7135056923354774,True
2023-05-30,19.641356316033583,0.1917141296584228,15.875830784594239,-2.247532352371661e-16,3.765525531439344,True
2023-05-31,19.474646257115708,0.18943035434080413,15.785557115968464,-2.2479910451959144e-16,3.6890891411472437,True
2023-06-01,19.790766871343223,0.19316340848663996,15.967914885910092,-2.248459198264607e-16,3.8228519854331324,True
2023-06-02,19.996512020462717,0.19547620562365106,16.087669724994935,-2.2489234337155183e-16,3.90884229546778,True
2023-06-05,20.016347144021545,0.19570675712262492,16.099012755024372,-2.249388835939724e-16,3.9173343889971712,True
2023-06-06,20.009378118650684,0.19556273755193523,16.096289357055564,-2.2498479076487084e-16,3.913088761595119,True
2023-06-07,19.536714172669445,0.19007831406626316,15.823208480333967,-2.2503084122316643e-16,3.7135056923354774,True
2023-06-08,19.860526718841346,0.1933936461268093,16.019627042685702,-2.250768564571884e-16,3.840899676155644,True
2023-06-09,19.968476964768904,0.19468739706164986,16.08086616121253,-2.251224077249053e-16,3.8876108035563726,True
2023-06-12,20.43871359475645,0.19992111295109,16.352583225604167,-2.251679235431642e-16,4.086130369152283,True
2023-06-13,20.65566524937703,0.20224127774960576,16.478237116574892,-2.2521344856392653e-16,4.17742813280214,True
2023-06-14,20.864601361915028,0.20449013645437716,16.59799618235084,-2.2525902747528357e-16,4.266605179564188,True
2023-06-15,21.212065973125064,0.20819714818815468,16.79577433034143,-2.253044368341085e-16,4.416291642783633,True
2023-06-16,21.021441614369163,0.20604499058898051,16.690078874769664,-2.253496318297244e-16,4.331362739599498,True
2023-06-20,20.976315798914523,0.2054760449967025,16.66618538995172,-2.253949253177447e-16,4.310130408962802,True
2023-06-21,20.576456563370982,0.20107409685517114,16.439064143411503,-2.254403173496097e-16,4.137392419959479,True
2023-06-22,20.9078001040013,0.20445829233617507,16.63302699823109,-2.2548625528933946e-16,4.274773105770209,True
2023-06-23,20.616179287382344,0.201203263506282,16.4681367337304,-2.255322025898363e-16,4.148042553651943,True
2023-06-26,20.23141163120748,0.19692337165205512,16.2473738395095,-2.2557818610013343e-16,3.984037791697981,True
2023-06-27,20.707789639175125,0.2019074440396073,16.526732761419414,-2.256243311634935e-16,4.1810568777557116,True
2023-06-28,20.765601994665513,0.20257613309272882,16.558986641243518,-2.256707094966957e-16,4.206615353421996,True
2023-06-29,20.703685357244588,0.20179312341369657,16.525824022831788,-2.2571700781357324e-16,4.1778613344128,True
2023-06-30,21.1470166754364,0.2064763969923564,16.780656865155013,-2.257633604151005e-16,4.366359810281387,True
2023-07-03,21.216354028496884,0.20720709149649985,16.820175018091998,-2.258095254376664e-16,4.396179010404887,True
2023-07-05,21.21270367996518,0.2070921845130757,16.81971853545263,-2.258556282156057e-16,4.392985144512549,True
2023-07-06,20.98130573175207,0.20445260941697097,16.69162302592011,-2.2590217060612703e-16,4.28968270583196,True
2023-07-07,20.882223147806215,0.2033317552785121,16.636204061045202,-2.25948901874971e-16,4.246019086761014,True
2023-07-10,20.890869713777853,0.20340056150469896,16.64165508367393,-2.2599564281088226e-16,4.249214630103925,True
2023-07-11,21.03379146069009,0.20490444534427937,16.723874087950147,-2.26042501033586e-16,4.3099173727399425,True
2023-07-12,21.404760998205525,0.20881626519150073,16.935098749243547,-2.260895304319914e-16,4.469662248961977,True
2023-07-13,21.91487274116228,0.21411215592404212,17.222632091751002,-2.261364529815339e-16,4.6922406494112785,True
2023-07-14,21.90697988014863,0.21399480670551732,17.218999955194565,-2.2618332245395996e-16,4.687979924954063,True
2023-07-17,22.197709868537014,0.21704522167709828,17.379803009396486,-2.2623012983733733e-16,4.817906859140528,True
2023-07-18,22.454906767937775,0.2196812548558649,17.52198467148575,-2.262771084970422e-16,4.932922096452024,True
2023-07-19,22.45081251315383,0.21972131714884913,17.517890416701807,-2.2632423160411337e-16,4.932922096452024,True
2023-07-20,21.700880046199888,0.21136511960920323,17.114070939609878,-2.2637133757906824e-16,4.586809106590011,True
2023-07-21,21.609081775601858,0.21039023406849142,17.06274200282781,-2.264184353937442e-16,4.546339772774047,True
2023-07-24,21.65443780545905,0.21078565775686028,17.089992889280342,-2.2646558793270324e-16,4.564444916178708,True
2023-07-25,21.861859378140835,0.21297507777324287,17.205828176813593,-2.2651276826352255e-16,4.656031201327243,True
2023-07-26,21.75669985065044,0.21180179657390671,17.14859173476343,-2.265600932514061e-16,4.608108115887011,True
2023-07-27,21.676416399666802,0.21076847468862558,17.107711178393522,-2.266074551006033e-16,4.568705221273281,True
2023-07-28,22.23509906814243,0.2165844407597794,17.41932257123051,-2.2665482685068254e-16,4.81577649691192,True
2023-07-31,22.253767179905758,0.21683346511538887,17.428405730415676,-2.2670209157850153e-16,4.825361449490081,True
2023-08-01,22.176066497908092,0.21591239634263798,17.387978838891065,-2.267493031899883e-16,4.788087659017028,True
2023-08-02,21.481401615173482,0.2083191495589972,17.006414299365275,-2.267966326100946e-16,4.4749873158082085,True
2023-08-03,21.422199187300055,0.20740347680155083,16.979160595118667,-2.268439719092787e-16,4.443038592181388,True
2023-08-04,21.280940873467827,0.20587765715428522,16.899670624399402,-2.268913030831253e-16,4.381270249068424,True
2023-08-07,21.532651735186363,0.2085157838343864,17.04275398059112,-2.269385991135126e-16,4.489897754595245,True
2023-08-08,21.27272793210654,0.20565676552782886,16.89784751163601,-2.2698596804538875e-16,4.3748804204705305,True
2023-08-09,20.941044676198043,0.20194694336346433,16.7120647130021,-2.270334819740827e-16,4.228979963195942,True
2023-08-10,20.991102820588836,0.20237857368898607,16.742953371599214,-2.2708105089600556e-16,4.248149448989621,True
2023-08-11,20.799156214758895,0.2001500498736434,16.636204061045202,-2.2712852165016057e-16,4.162952153713693,True
2023-08-14,21.12429841576832,0.2036231971946886,16.82290123385488,-2.2717597528651626e-16,4.3013971819134404,True
2023-08-15,20.813725110008075,0.20031697255718256,16.644382708333847,-2.272234839129221e-16,4.169342401674229,True
2023-08-16,20.49903284911695,0.19663835582175732,16.4681367337304,-2.272710926447766e-16,4.03089611538655,True
2023-08-17,20.18283740500096,0.19296494903944827,16.28825721367348,-2.273187564419968e-16,3.894580191327481,True
2023-08-18,20.14428943417081,0.19243551568504155,16.267812708797415,-2.2736636709155045e-16,3.876476725373393,True
2023-08-21,20.59382209198352,0.197336407039998,16.529911233130555,-2.274139877128899e-16,4.063910858852963,True
2023-08-22,20.55209903740805,0.19685612388348195,16.50629248323446,-2.274616363598279e-16,4.045806554173589,True
2023-08-23,21.003007513766093,0.20170613134781187,16.766572121495308,-2.275094303829183e-16,4.236435392270783,True
2023-08-24,20.36558863019739,0.19431869248365935,16.408174075917355,-2.275572344484435e-16,3.9574145542800356,True
2023-08-25,20.58649402758821,0.19678583237645617,16.53536366465632,-2.276051207979754e-16,4.0511303629318896,True
2023-08-28,20.801476944892386,0.19910378171829743,16.659824219838335,-2.2765312560869226e-16,4.14165272505405,True
2023-08-29,21.429440488184778,0.20559399974884227,17.023676105839087,-2.277012128141365e-16,4.405764382345692,True
2023-08-30,21.597860844553757,0.20739311421354462,17.11861322365098,-2.2774928307172614e-16,4.479247620902781,True
2023-08-31,21.689656867529468,0.20838117189210612,17.16994075153601,-2.277973182880975e-16,4.519716115993458,True
2023-09-01,21.655511121929337,0.20797204416450246,17.151770206474573,-2.2784520996111884e-16,4.503740915454762,True
2023-09-05,21.68903193614805,0.20819076865924294,17.17357570588652,-2.278928404609108e-16,4.515456230261531,True
2023-09-06,21.418489895016975,0.20525158552039938,17.02231088461209,-2.279405713491701e-16,4.396179010404887,True
2023-09-07,21.200909804080027,0.2028372036213034,16.90057654519296,-2.279885112329648e-16,4.3003332588870675,True
2023-09-08,21.23730779180927,0.2030913022969737,16.924195295089056,-2.280363073957864e-16,4.313112496720211,True
2023-09-11,21.58368631811209,0.2066411867155909,17.123607763640344,-2.280842040714015e-16,4.460078554471745,True
2023-09-12,21.251106900003084,0.20315986284407936,16.933734936913588,-2.281321108072195e-16,4.317371963089495,True
2023-09-13,21.358209709642125,0.20413561337976388,16.9982384698707,-2.2818013623613505e-16,4.359971239771424,True
2023-09-14,21.599442274376067,0.20658902215757885,17.137234615763642,-2.2822817177516536e-16,4.462207658612423,True
2023-09-15,21.077037273435323,0.20084609770978437,16.843796585782165,-2.282761268619495e-16,4.233240687653158,True
2023-09-18,21.104179062139373,0.20104192582016162,16.86135426063334,-2.2832411919877077e-16,4.242824801506032,True
2023-09-19,21.042681182814317,0.2004148155414759,16.8254161150625,-2.28372139749378e-16,4.217265067751817,True
2023-09-20,20.617364484026602,0.19568011617832756,16.582956206501354,-2.2842026102116375e-16,4.03440827752525,True
2023-09-21,20.083714262036096,0.18943872359028407,16.279081067283993,-2.2846843775530653e-16,3.8046331947521024,True
2023-09-22,20.089195087984997,0.1895466714424905,16.281355027098613,-2.285165339863809e-16,3.8078400608863863,True
2023-09-25,20.216755369700316,0.1908352122577703,16.358686567560138,-2.2856464034247495e-16,3.8580688021401777,True
2023-09-26,19.79904796852073,0.18617091243874867,16.113041142802672,-2.286128293893143e-16,3.6860068257180574,True
2023-09-27,19.859250429183557,0.18673662685143655,16.150800992239876,-2.2866113745569895e-16,3.708449436943681,True
2023-09-28,20.08412366729932,0.18911558121680322,16.285902946727855,-2.2870950110034945e-16,3.7982207205714644,True
2023-09-29,20.104503151742687,0.18934917599186307,16.297732046234394,-2.287576753087585e-16,3.806771105508292,True
2023-10-02,20.331362386397277,0.19170444796211994,16.43374978379518,-2.28805787043789e-16,3.8976126026020994,True
2023-10-03,19.836688623592824,0.1860870024832491,16.145338698434866,-2.2885404509026637e-16,3.691349925157957,True
2023-10-04,20.20602632013548,0.1900903259366826,16.36505619105574,-2.289025403535879e-16,3.8409701290797402,True
2023-10-05,20.117194331823352,0.18891098768571898,16.316835281133056,-2.289510004750767e-16,3.800359050690297,True
2023-10-06,20.58189061980748,0.19394034021225945,16.590231750790508,-2.289993800002299e-16,3.9916588690169745,True
2023-10-09,20.7252842945966,0.19543463708366343,16.674845880026364,-2.2904797875799167e-16,4.050438414570237,True
2023-10-10,20.88389058714769,0.19712316217029177,16.767192036190746,-2.2909658782948993e-16,4.116698550956944,True
2023-10-11,21.091161559032003,0.1993410570696591,16.886827119027604,-2.2914497993768556e-16,4.2043344400043985,True
2023-10-12,20.983317135763187,0.19802271343260824,16.828143739722417,-2.29193491385174e-16,4.155173396040771,True
2023-10-13,20.61468750876408,0.19394285465146544,16.61661616556647,-2.29242013102844e-16,3.9980713431976125,True
2023-10-16,20.93722028366205,0.19738671377448652,16.804491176297475,-2.292904814148104e-16,4.132729107364574,True
2023-10-17,20.842636210009445,0.19638532198306105,16.749448386930933,-2.293389599743629e-16,4.093187823078512,True
2023-10-18,20.449784279878113,0.19169174309199338,16.529729485413032,-2.293875579934604e-16,3.9200547944650803,True
2023-10-19,20.190385647312784,0.1889672004470914,16.37506499559295,-2.294360752818177e-16,3.815320651719832,True
2023-10-20,19.774041370546975,0.18424440963854005,16.13078479206248,-2.2948442074001683e-16,3.6432565784844946,True
2023-10-23,19.854776907321106,0.18511006024109358,16.179457957933423,-2.295326853223062e-16,3.675318949387684,True
2023-10-24,20.11583744632497,0.18786115995423677,16.33685289020749,-2.2958089629667903e-16,3.778984556117481,True
2023-10-25,19.439182200759067,0.1801612296758094,15.936995231578207,-2.2962925405134914e-16,3.50218696918086,True
2023-10-26,18.931184693285182,0.17421317453524576,15.633122910154919,-2.29677685777477e-16,3.2980617831302643,True
2023-10-27,19.05326561682084,0.17556492379268956,15.70818049080182,-2.297259910067797e-16,3.3450851260190233,True
2023-10-30,19.33816148519379,0.17856021872729097,15.885135140613913,-2.297743519727661e-16,3.453026344579877,True
2023-10-31,19.464360982054536,0.17998306231295597,15.961105686539547,-2.298227960671505e-16,3.5032552955149905,True
2023-11-01,19.922007853769056,0.18491456088988328,16.238138519444544,-2.2987131421455243e-16,3.6838693343245112,True
2023-11-02,20.412361116116415,0.19005362851679175,16.53291781940342,-2.2991966016729773e-16,3.879443296712994,True
2023-11-03,20.74339803730035,0.19361532778474924,16.72715822693892,-2.2996774257224603e-16,4.016239810361431,True
2023-11-06,20.85758551790131,0.19475861211581671,16.795391110347893,-2.3001567989374317e-16,4.0621944075534175,True
2023-11-07,21.130702961791,0.19765303022824512,16.954155490540053,-2.30063691105207e-16,4.176547471250945,True
2023-11-08,21.149100525577534,0.19783483915779534,16.96507162476786,-2.301118310174604e-16,4.184028900809676,True
2023-11-09,20.919152210256737,0.19525826845597366,16.834514772115053,-2.301599353489988e-16,4.084637438141685,True
2023-11-10,21.570152670209513,0.20199950916389195,17.21299241823698,-2.3020800406893436e-16,4.357160251972535,True
2023-11-13,21.476931570161582,0.20103514856655583,17.159313441200396,-2.302559640697821e-16,4.317618128961187,True
2023-11-14,22.117765256409,0.20748356684947936,17.52869243026977,-2.303040254358023e-16,4.589072826139229,True
2023-11-15,22.14378269724413,0.20781893581852132,17.54188534210627,-2.303520328562601e-16,4.601897355137861,True
2023-11-16,22.166277903780436,0.2079455092090667,17.55689995780913,-2.304000685689197e-16,4.609377945971307,True
2023-11-17,22.173575368179304,0.20802166077373785,17.560991394799,-2.304480045834648e-16,4.612583973380304,True
2023-11-20,22.551961944257904,0.2118292949190884,17.774795746563637,-2.3049585912165027e-16,4.777166197694266,True
2023-11-21,22.362135387181326,0.20975637795313748,17.671534865068487,-2.305437693316001e-16,4.690600522112836,True
2023-11-22,22.488965679243375,0.21099703528200023,17.743860594364367,-2.3059184502740254e-16,4.745105084879007,True
2023-11-24,22.440437317522115,0.21040557419199196,17.71884421860947,-2.306400222509455e-16,4.721593098912645,True
2023-11-27,22.41107738085691,0.2100612993251178,17.703377346958348,-2.3068809971073654e-16,4.70770003389856,True
2023-11-28,22.49488022899664,0.2109415581045153,17.74977514411763,-2.3073623296488413e-16,4.745105084879007,True
2023-11-29,22.46049537885015,0.2105031929486309,17.732489386394224,-2.307843945775114e-16,4.728005992455926,True
2023-11-30,22.37637026886981,0.2095273967592177,17.68790765751316,-2.3083238307650996e-16,4.688462611356647,True
2023-12-01,22.466409928603422,0.21044777547819954,17.738403936147495,-2.3088036323536637e-16,4.728005992455926,True
2023-12-04,22.167077192628593,0.20721480377962753,17.573730641790203,-2.3092814264526723e-16,4.59334655083839,True
2023-12-05,22.244331098166615,0.20798452417447877,17.61785447913487,-2.3097600525242946e-16,4.626476619031744,True
2023-12-06,22.06014291684444,0.20599075554514948,17.515957409969676,-2.3102406109380195e-16,4.544185506874764,True
2023-12-07,22.49510806753143,0.21046428294423103,17.76069127834544,-2.3107212693345926e-16,4.734416789185989,True
2023-12-08,22.630907441901027,0.21170428599619512,17.83984734046739,-2.3112011107609446e-16,4.791060101433636,True
2023-12-11,22.905130636903067,0.21448880834636921,17.992236461575814,-2.311681051830554e-16,4.912894175327252,True
2023-12-12,23.167052116046733,0.21718434173326873,18.13553115232279,-2.312161092564113e-16,5.03152096372394,True
2023-12-13,23.575094324467678,0.22095046852020578,18.3661661880685,-2.312642609300182e-16,5.2089281363991775,True
2023-12-14,23.55062508048501,0.22081704460669144,18.350245651572084,-2.31312193201697e-16,5.200379428912925,True
2023-12-15,23.70131439141332,0.22202838608895994,18.43894980890078,-2.3136006197641297e-16,5.262364582512539,True
2023-12-18,23.927531242891295,0.2245297172600622,18.555089418193607,-2.3140803246457813e-16,5.372441824697687,True
2023-12-19,24.102497008993147,0.22622535178779557,18.64990114416938,-2.3145601289900505e-16,5.452595864823765,True
2023-12-20,23.58309301132111,0.22093486834144543,18.37276546178082,-2.315041226837725e-16,5.210327549540292,True
2023-12-21,23.96968910067294,0.2245813883343203,18.586543044501788,-2.3155216897607614e-16,5.383146056171154,True
2023-12-22,24.018959297671138,0.22501451544988987,18.61434480969504,-2.3160004146850466e-16,5.404614487976098,True
2023-12-26,24.231668728646927,0.22711469695676798,18.72830062858349,-2.316479054787576e-16,5.503368100063438,True
2023-12-27,24.298774645169047,0.22768023295418371,18.766423973455748,-2.316957334179684e-16,5.532350671713301,True
2023-12-28,24.275699723975656,0.22732179108220726,18.757304182947667,-2.3174386544953104e-16,5.51839554102799,True
2023-12-29,24.118309863330495,0.22564531016430905,18.676126353580372,-2.3179185114297897e-16,5.442183509750124,True
2024-01-02,23.526403344753614,0.21959659028971834,18.360085388465095,-2.3183949724413497e-16,5.166317956288519,True
2024-01-03,23.16681927212429,0.21586961389352943,18.165806940709643,-2.3188745673848286e-16,5.001012331414647,True
2024-01-04,22.989606576964,0.2138917420163404,18.072319577946853,-2.3193562859828393e-16,4.917286999017146,True
2024-01-05,23.02928377838011,0.21431554342415637,18.093750310747467,-2.31983746038933e-16,4.935533467632642,True
2024-01-08,23.70058115285908,0.2207907340852637,18.46771244187196,-2.3203179981296677e-16,5.2328687109871215,True
2024-01-09,23.77141453570558,0.22157784078009485,18.50419583059538,-2.320798635409962e-16,5.267218705110204,True
2024-01-10,24.000948690652972,0.22379692364721682,18.62961020907014,-2.32128029322375e-16,5.371338481582832,True
2024-01-11,24.06547536958718,0.2242673657846969,18.66837460209336,-2.32176159041862e-16,5.397100767493821,True
2024-01-12,24.081493203746763,0.2243856256707622,18.677952284137838,-2.322242342475296e-16,5.4035409196089255,True
2024-01-16,24.076446987450424,0.22429890243709583,18.676126353580372,-2.3227213510304504e-16,5.400320633870052,True
2024-01-17,23.877711092209875,0.2222547037710845,18.57077748667923,-2.3232009192585814e-16,5.306933605530644,True
2024-01-18,24.368871627817416,0.227113369666325,18.8343750774577,-2.3236816927962174e-16,5.534496550359716,True
2024-01-19,25.062250443947136,0.23359325009108625,19.207877908148756,-2.324161182651746e-16,5.8543725357983805,True
2024-01-22,25.110947348314035,0.23408064875913137,19.232960502064298,-2.3246405870057554e-16,5.877986846249739,True
2024-01-23,25.260529856548317,0.23545664314701395,19.312770292410526,-2.3251202747283364e-16,5.9477595641377885,True
2024-01-24,25.465382299295662,0.23739836127996425,19.419942272075062,-2.325600984121988e-16,6.045440027220598,True
2024-01-25,25.506272421423436,0.2376911092843458,19.443658235866582,-2.3260817929004005e-16,6.062614185556853,True
2024-01-26,25.278799980415926,0.23541385882585508,19.327820130539262,-2.3265613165239487e-16,5.950979849876663,True
2024-01-29,25.651689038975437,0.23881250961081418,19.5257448038215,-2.3270414005875264e-16,6.125944235153939,True
2024-01-30,25.399348536690844,0.23636731802707775,19.39577264343825,-2.3275215837160664e-16,6.003575893252597,True
2024-01-31,24.666309012167517,0.22907457771635154,19.01588469138421,-2.328002143039872e-16,5.65042432078331,True
2024-02-01,25.089884444278347,0.23316486504391654,19.239804923860724,-2.328481415880696e-16,5.850079520417622,True
2024-02-02,25.709162136586095,0.23898848226423852,19.564968497278155,-2.328961896155238e-16,6.144193639307939,True
2024-02-05,25.65249517990665,0.2383029139042458,19.539430829620276,-2.329443399788881e-16,6.113064350286375,True
2024-02-06,25.577850171582067,0.23761346578196355,19.500208545060662,-2.32992666687127e-16,6.077641626521406,True
2024-02-07,25.95991755711203,0.24110431964805157,19.700869296385026,-2.330409571914786e-16,6.259048260727004,True
2024-02-08,26.022163382555547,0.2415175554836154,19.737354094005482,-2.330892577046122e-16,6.284809288550064,True
2024-02-09,26.401065932461393,0.24504450786360293,19.931629723966857,-2.331375219796752e-16,6.469436208494535,True
2024-02-12,26.246870041394764,0.24358044091100056,19.853645864178095,-2.3318581475014425e-16,6.393224177216668,True
2024-02-13,25.634511381005666,0.2375907493984761,19.543988611528764,-2.332341915548174e-16,6.090522769476901,True
2024-02-14,26.040702919004627,0.24130443013828634,19.756965940733807,-2.332826246690294e-16,6.283736978270821,True
2024-02-15,26.152125629820688,0.24228747949493382,19.815793027536575,-2.3333092898333077e-16,6.336332602284113,True
2024-02-16,25.798550710178894,0.2388677346739465,19.63610934416753,-2.3337924329969206e-16,6.162441366011366,True
2024-02-20,25.50757111738663,0.23599572509694738,19.487893376077018,-2.334276139266495e-16,6.01967774130961,True
2024-02-21,25.35445161248124,0.23445741873086282,19.409912334082325,-2.3347590194686966e-16,5.9445392783989135,True
2024-02-22,26.436849060284864,0.2443067919396423,19.978147277374124,-2.335244037872611e-16,6.458701782910742,True
2024-02-23,26.318981702109056,0.2431577483417202,19.919317372777286,-2.3357289716657447e-16,6.399664329331772,True
2024-02-26,26.299904604661684,0.2430076449050992,19.908826725454073,-2.3362146549703845e-16,6.39107787920761,True
2024-02-27,26.38750776449542,0.24370600267027337,19.95671372677944,-2.336701366356837e-16,6.43079403771598,True
2024-02-28,26.177124478392344,0.24168707258182884,19.850451894599566,-2.3371877154996594e-16,6.326672583792779,True
2024-02-29,26.499655531807036,0.2444973754171684,20.020559304821166,-2.3376737021303847e-16,6.4790962269858685,True
2024-03-01,27.09843937432182,0.25006720709529034,20.322008323344114,-2.3381582128392e-16,6.776431050977704,True
2024-03-04,26.945420795699004,0.24849957385060512,20.24949521074257,-2.3386420817057373e-16,6.695925584956435,True
2024-03-05,26.223432145214897,0.24166962487147153,19.886025135838324,-2.33912679312275e-16,6.337407009376572,True
2024-03-06,26.46539320810074,0.2438810833747358,20.010984440570756,-2.3396117906335034e-16,6.454408767529983,True
2024-03-07,27.05679354117934,0.24918259014390362,20.31471164559943,-2.3400973529235686e-16,6.74208189557991,True
2024-03-08,26.46836506952528,0.2435697932754124,20.02147086120286,-2.3405828302785263e-16,6.446894208322419,True
2024-03-11,26.318890381249645,0.24209819080941006,19.947134635837923,-2.341068408350773e-16,6.371755745411724,True
2024-03-12,26.875333876977848,0.24715060898938185,20.23307874248981,-2.341555201919183e-16,6.64225513448804,True
2024-03-13,26.565248622955536,0.24421694776053518,20.077564687757576,-2.3420420967097427e-16,6.487683935197961,True
2024-03-14,26.46203246881528,0.24318187355100765,20.026945835081186,-2.342528906880616e-16,6.435086633734096,True
2024-03-15,25.988896299745992,0.23856382034376689,19.7888859119606,-2.343015818238459e-16,6.200010387785391,True
2024-03-18,26.352598779465033,0.24191069978098642,19.977623167677077,-2.343502830804304e-16,6.374975611787955,True
2024-03-19,26.446382725897426,0.24271697609061935,20.027396682132412,-2.3439899445991876e-16,6.418986043765014,True
2024-03-20,26.911688054131815,0.24698679717325472,20.264856415116057,-2.3444771596441516e-16,6.6468316390157565,True
2024-03-21,27.093766589587286,0.24850784683315646,20.360752991808837,-2.3449635456352304e-16,6.7330135977784495,True
2024-03-22,27.131060273054413,0.24868243796415798,20.384042059798727,-2.3454500325321045e-16,6.747018213255685,True
2024-03-25,26.98813758167821,0.24744473227504601,20.310065103177738,-2.3459358757336015e-16,6.678072478500472,True
2024-03-26,26.85989860219955,0.24629987027953115,20.24430906075644,-2.346421633402151e-16,6.615589541443109,True
2024-03-27,26.987023170267275,0.2472952517403527,20.3132604816533,-2.3469074916533787e-16,6.6737626886139765,True
2024-03-28,26.907566895593902,0.24646410012756895,20.275817634048988,-2.347393171134612e-16,6.631749261544915,True
2024-04-01,26.99142784599981,0.247214981884403,20.318742500016796,-2.3478778333104294e-16,6.672685345983013,True
2024-04-02,26.63724249275169,0.24378863371748255,20.143385539442487,-2.3483639930874914e-16,6.493856953309203,True
2024-04-03,26.725543359410427,0.2445955030773015,20.1885956364012,-2.348849787574592e-16,6.536947723009227,True
2024-04-04,26.108743186417527,0.2385731591639839,19.879897842632758,-2.349335402950896e-16,6.228845343784768,True
2024-04-05,26.562772286591056,0.24276876783687687,20.114160788243804,-2.349820466135931e-16,6.448611498347251,True
2024-04-08,26.57301650159841,0.24283731693606042,20.120096471452594,-2.350306748441068e-16,6.452920030145816,True
2024-04-09,26.714242818611737,0.2440537635024969,20.194531319609993,-2.3507938774991496e-16,6.519711499001746,True
2024-04-10,26.36668745820777,0.24077439597671296,20.01826421155102,-2.3512808276399165e-16,6.34842324665675,True
2024-04-11,26.984752045474075,0.24631805501917048,20.337920406458316,-2.3517700246816256e-16,6.6468316390157565,True
2024-04-12,26.339498285754775,0.24016403960570662,20.013697976260325,-2.352258856871781e-16,6.3258003094944515,True
2024-04-15,25.69245551344887,0.23384307047536523,19.68445282813226,-2.3527470439299674e-16,6.00800268531661,True
2024-04-16,25.695358367274657,0.23385856397465277,19.686278758689728,-2.3532360792005486e-16,6.00907960858493,True
2024-04-17,25.23215957693066,0.2293137948503212,19.446077312075815,-2.353724749197996e-16,5.786082264854844,True
2024-04-18,25.017776244314867,0.22714503508333905,19.335112581592842,-2.3542141744816097e-16,5.682663662722026,True
2024-04-19,24.265474531241285,0.21966978172436882,18.93508303752528,-2.354703981822429e-16,5.330391493716004,True
2024-04-22,24.611028177848983,0.2228886979576257,19.125508151889786,-2.355194077938111e-16,5.485520025959197,True
2024-04-23,25.140979841888953,0.22791724905937838,19.41091687766834,-2.3556842760599065e-16,5.730062964220616,True
2024-04-24,25.262756593841512,0.22903606118207068,19.476674328986668,-2.356174576209047e-16,5.786082264854844,True
2024-04-25,25.07603993315772,0.22704686487510392,19.38260368285135,-2.35666591341808e-16,5.6934362503063705,True
2024-04-26,25.636928355336945,0.2322905361124588,19.681712523399028,-2.3571564178802297e-16,5.955215831937916,True
2024-04-29,25.787940995821227,0.23368735928040696,19.761625163228818,-2.3576463696706674e-16,6.02631583259241,True
2024-04-30,25.07058174942793,0.22662361637691408,19.388995848699512,-2.3581368910987677e-16,5.681585900728419,True
2024-05-01,24.807579099824693,0.2240756959086019,19.248803549223787,-2.3586277017227336e-16,5.558775550600906,True
2024-05-02,25.259019457833602,0.22821696146782725,19.49448278751009,-2.359119082493926e-16,5.76453667032351,True
2024-05-03,25.994481935022428,0.23498027515658582,19.886291417377958,-2.3596094422382163e-16,6.108190517644469,True
2024-05-06,26.412676049904825,0.2388461098107849,20.10411112569257,-2.3600996230217545e-16,6.308564924212257,True
2024-05-07,26.415877063968527,0.23881716699905417,20.10731213975627,-2.360590373874312e-16,6.308564924212257,True
2024-05-08,26.392152110816273,0.23858282298589376,20.09543795554461,-2.361081507818846e-16,6.296714155271661,True
2024-05-09,26.47046280944042,0.2391793097169164,20.139275786791153,-2.361572931320366e-16,6.331187022649267,True
2024-05-10,26.56104650865863,0.2399859587472951,20.186768296946696,-2.362063988527493e-16,6.374278211711936,True
2024-05-13,26.64963750153572,0.2407647187372262,20.233345024029436,-2.362555429065744e-16,6.416292477506284,True
2024-05-14,26.899361848660657,0.24297490764975335,20.363491887645036,-2.363046690570012e-16,6.535869961015622,True
2024-05-15,27.519289586073505,0.24846242927733284,20.681780043531273,-2.3635375854009895e-16,6.8375095425422305,True
2024-05-16,27.435265667212402,0.24769201063703916,20.63976955173923,-2.364029051131407e-16,6.79549611547317,True
2024-05-17,27.410134616724715,0.24736884416840885,20.62972129808503,-2.3645209005118523e-16,6.780413318639685,True
2024-05-20,27.694026340984763,0.24988997223456652,20.773566867572725,-2.3650125707093714e-16,6.920459473412036,True
2024-05-21,27.770220261852238,0.25048454336762893,20.814209320343704,-2.36550434314307e-16,6.956010941508535,True
2024-05-22,27.76179972978002,0.2504052921153958,20.810098158795338,-2.365996217834207e-16,6.9517015709846826,True
2024-05-23,27.564766544788608,0.24844333574753077,20.716483995299388,-2.3664886642584835e-16,6.84828254948922,True
2024-05-24,27.95242778333055,0.2518578896855451,20.912388310233318,-2.3669812131780553e-16,7.040039473097233,True
2024-05-28,28.107915580587953,0.2531858389321975,20.99138939368141,-2.3674738646142555e-16,7.116526186906545,True
2024-05-29,27.811295932800622,0.25054066049986945,20.84343548043942,-2.367966900454917e-16,6.967860452361201,True
2024-05-30,27.363917540692675,0.24644814086640937,20.620130935967236,-2.368460226892512e-16,6.743786604725439,True
2024-05-31,27.31801568333914,0.2465861673494239,20.58177089639309,-2.368953468147038e-16,6.736244786946052,True
2024-06-03,27.494239466304748,0.2473957834515511,20.692280553133727,-2.3694465300783607e-16,6.80195891317102,True
2024-06-04,27.60149886278078,0.2482688333006961,20.748906942767704,-2.369939506595405e-16,6.852591920013074,True
2024-06-05,28.433471681615295,0.25555334663612256,21.167202836895086,-2.3704323035189015e-16,7.266268844720208,True
2024-06-06,28.417544991646626,0.25539328276970785,21.159894887974122,-2.3709252029128656e-16,7.2576501036725025,True
2024-06-07,28.37189068998657,0.2548550152585922,21.141172055274932,-2.371417546211141e-16,7.230718634711638,True
2024-06-10,28.533768975641568,0.25608967666726123,21.22656530457119,-2.3719104622789205e-16,7.307203671070378,True
2024-06-11,28.830260895493993,0.25868736040620754,21.372236804616346,-2.372403010174897e-16,7.458024090877647,True
2024-06-12,29.404287765087695,0.26363915008567146,21.652166329825466,-2.3728967900763597e-16,7.752121435262228,True
2024-06-13,29.645534752608732,0.2656726813796129,21.76952604395067,-2.3733904844391684e-16,7.876008708658061,True
2024-06-14,29.8725192703513,0.2674766424669609,21.882318113888147,-2.373883998946916e-16,7.990201156463155,True
2024-06-17,30.43036369248832,0.272096374863362,22.150372045988576,-2.3743776160743423e-16,8.279991646499743,True
2024-06-18,30.441525938190807,0.2721381652760849,22.15722492116721,-2.3748716185312287e-16,8.284301017023596,True
2024-06-20,30.075745003318353,0.26896460275688083,21.98643419588359,-2.37536496985028e-16,8.089310807434764,True
2024-06-21,29.942506419562484,0.2676789813552883,21.92752680194982,-2.375857481030476e-16,8.014979617612665,True
2024-06-24,29.421394075003533,0.2631929226220254,21.67789138078901,-2.376349151551353e-16,7.743502694214522,True
2024-06-25,29.92784197667196,0.2673781942247558,21.925789631905566,-2.3768404523120765e-16,8.002052344766394,True
2024-06-26,30.023193310828752,0.2681967119504056,21.971071582613067,-2.377333080796215e-16,8.052121728215683,True
2024-06-27,30.138301052553743,0.2691099648730972,22.02778391496618,-2.3778264717508935e-16,8.110517137587566,True
2024-06-28,29.89635076693762,0.2670195496358987,21.91344064939308,-2.3783193045993008e-16,7.982910117544538,True
2024-07-01,30.155722972827313,0.2690620727053454,22.0419616458302,-2.3788112957940813e-16,8.113761326997116,True
2024-07-02,30.635881977351794,0.2729636979129592,22.27339834398887,-2.379303860761827e-16,8.362483633362926,True
2024-07-03,31.02704190389413,0.27614458214623466,22.45909238210957,-2.3797974719116024e-16,8.567949521784557,True
2024-07-05,31.520757984622854,0.2800531381583768,22.693270793898513,-2.380291374325233e-16,8.827487190724343,True
2024-07-08,31.633120356198226,0.28090437052409944,22.747238594827287,-2.3807849069523696e-16,8.885881761370939,True
2024-07-09,31.672254265436997,0.2811718415894725,22.76690820633405,-2.381277880582929e-16,8.905346059102946,True
2024-07-10,32.188635087789685,0.2853289317627507,23.00428622328966,-2.381771617753522e-16,9.184348864500025,True
2024-07-11,31.080723944498136,0.2760851752832811,22.499796826350096,-2.382265457296205e-16,8.58092711814804,True
2024-07-12,31.35240680894004,0.27814219545888413,22.631979546181388,-2.382756846809617e-16,8.72042726275865,True
2024-07-15,31.478122544414706,0.2790925995841656,22.692811493465076,-2.383248337681865e-16,8.78531105094963,True
2024-07-16,31.493301838871474,0.27916413189938993,22.701501570377456,-2.3837394570562996e-16,8.791800268494017,True
2024-07-17,30.053700174838287,0.2668089783662724,22.035103135063423,-2.384230677636402e-16,8.018597039774864,True
2024-07-18,29.829381996114105,0.2647913119328189,21.93082080321784,-2.3847221886990844e-16,7.8985611928962625,True
2024-07-19,29.420879400982002,0.26119020529124026,21.73643387039069,-2.385213611792094e-16,7.6844455305913115,True
2024-07-22,30.079937416847955,0.26661225131500177,22.06025758272776,-2.3857051361533593e-16,8.019679834120192,True
2024-07-23,29.91566812376523,0.2651843216967761,21.98250196425868,-2.386196477811817e-16,7.933166159506548,True
2024-07-24,28.271761639288858,0.25034793264591026,21.19398456063494,-2.3866863109087585e-16,7.0777770786539165,True
2024-07-25,27.80229416141167,0.24609593331411958,20.960262631485367,-2.387175960448817e-16,6.842031529926302,True
2024-07-26,28.212995850873806,0.24945123037516373,21.175229323303945,-2.3876647631310264e-16,7.03776652756986,True
2024-07-29,28.296626615586348,0.2501662113002568,21.217766742587106,-2.388153192192728e-16,7.078859872999244,True
2024-07-30,27.716541197385133,0.2449845545667913,20.926416698011618,-2.3886409629898895e-16,6.790124499373517,True
2024-07-31,28.929521768282825,0.2552345861561204,21.545707252060684,-2.389127696001464e-16,7.3838145162221425,True
2024-08-01,27.875605455970668,0.24579788760830873,21.02384051909043,-2.389614528194551e-16,6.851764936880236,True
2024-08-02,26.876997017270718,0.23634176199779255,20.52484018499954,-2.3900995630264865e-16,6.352156832271176,True
2024-08-05,25.711344657848187,0.22552218492487894,19.91286603325365,-2.3905766345067838e-16,5.798478624594537,True
2024-08-06,26.046522619436427,0.2281834906459668,20.103136168944292,-2.3910566471113003e-16,5.9433864504921345,True
2024-08-07,25.637404791201867,0.22435884144472346,19.885426354598415,-2.391538653761495e-16,5.751978436603453,True
2024-08-08,26.77235812807411,0.2345187795555861,20.493737374053094,-2.392020757578108e-16,6.2786207540210155,True
2024-08-09,26.96481587161235,0.23601316858941326,20.600764237323016,-2.3925032433697255e-16,6.364051634289332,True
2024-08-12,27.052438457191222,0.23684770828968602,20.645130404957712,-2.3929850669214627e-16,6.40730805223351,True
2024-08-13,28.03078682222653,0.2452086974968374,21.15739409573685,-2.393466797601421e-16,6.873392726489682,True
2024-08-14,28.049541543908504,0.24546880802774154,21.164254015400665,-2.39394672568334e-16,6.885287528507837,True
2024-08-15,29.102209254168024,0.25438889361617284,21.698930440213875,-2.39442769999906e-16,7.40327881395415,True
2024-08-16,29.149575047164564,0.25464335640749053,21.726829419302547,-2.3949103862106994e-16,7.422745627862018,True
2024-08-19,29.722630716635372,0.2594117014960929,22.012232509492957,-2.3953926945342404e-16,7.710398207142417,True
2024-08-20,29.628854915125945,0.25862684682111176,21.966037593506723,-2.3958739593634756e-16,7.662817321619222,True
2024-08-21,29.83620367662032,0.26034520288874197,22.068491177000773,-2.3963524686340784e-16,7.767712499619546,True
2024-08-22,29.113225435272113,0.2539954982929025,21.71859723392657,-2.39682841087137e-16,7.394628201345544,True
2024-08-23,29.581277472091283,0.25783638207847825,21.954147911427675,-2.3973063498790374e-16,7.627129560663609,True
2024-08-26,29.14428737301775,0.25402161045146104,21.7410085590636,-2.397782005900839e-16,7.40327881395415,True
2024-08-27,29.27195934928999,0.2550564503290515,21.805957303483794,-2.3982575660124684e-16,7.466002045806197,True
2024-08-28,28.771468290692113,0.2506981111568428,21.558515535006602,-2.398730365355025e-16,7.212952755685509,True
2024-08-29,28.702059002361175,0.24998564598972248,21.526956241420788,-2.3992020204652363e-16,7.175102760940388,True
2024-08-30,29.203045739348656,0.25406595692875766,21.783545978346762,-2.399674720401653e-16,7.419499761001895,True
2024-09-03,27.864718671675973,0.24197419161381015,21.12217589655094,-2.400147799126071e-16,6.7425427751250355,True
2024-09-04,27.752517977403194,0.24088727689830483,21.06728949475529,-2.400621161588693e-16,6.685228482647906,True
2024-09-05,27.793812980087978,0.24130754194917106,21.08695628846798,-2.4010925216441557e-16,6.706856691619995,True
2024-09-06,26.68500754447249,0.2309503522015631,20.5220956535752,-2.401562449767229e-16,6.16291189089729,True
2024-09-09,27.178171423781905,0.2351949335519731,20.786003201701384,-2.402030182643623e-16,6.392168222080519,True
2024-09-10,27.542212195721078,0.23832913174252365,20.978100676846527,-2.402496767472918e-16,6.56411151887455,True
2024-09-11,28.416266084792152,0.24572595247679493,21.433652035272555,-2.40295772270952e-16,6.982614049519596,True
2024-09-12,28.833206921513884,0.24933617317588197,21.64404544731526,-2.4034225806023064e-16,7.189161474198625,True
2024-09-13,29.02425152613915,0.25093646120439256,21.7410085590636,-2.403884190350594e-16,7.283242967075548,True
2024-09-16,28.83087569738307,0.24924380931798507,21.644958412593994,-2.404338543542108e-16,7.185917284789076,True
2024-09-17,28.846637859646407,0.24925758990711028,21.656394429827742,-2.404791265213296e-16,7.190243429818666,True
2024-09-18,28.65879145129078,0.24760855491769646,21.562629514349037,-2.4052431178705125e-16,7.096161936941743,True
2024-09-19,29.740362425739402,0.25663902652065546,22.107824764426162,-2.405683601856166e-16,7.63253766131324,True
2024-09-20,29.649617540673546,0.2557831409997291,22.0657452366794,-2.406122066325504e-16,7.583872303994143,True
2024-09-23,29.76434191539259,0.2566865526548307,22.124235597090784,-2.4065560276340367e-16,7.640106318301805,True
2024-09-24,29.979202683969312,0.25845408381409185,22.23095532080706,-2.4069860562558287e-16,7.7482473631622515,True
2024-09-25,30.0269344595712,0.25894646003596666,22.25156607553326,-2.407415397606916e-16,7.775368384037944,True
2024-09-26,30.359014820058658,0.26154576777934546,22.418742979921888,-2.4078440512918967e-16,7.940271840136769,True
2024-09-27,30.09773906137729,0.2592745048713404,22.294162668491893,-2.408270965857969e-16,7.8035763928853985,True
2024-09-30,30.21895071709991,0.2602449546531892,22.354621258061286,-2.4086992940391517e-16,7.864329459038626,True
2024-10-01,29.574434814076714,0.25465473871351396,22.043164843898158,-2.4091292277603325e-16,7.531269970178557,True
2024-10-02,29.63378706205638,0.25509656003366543,22.074309921755656,-2.409557708589521e-16,7.559477140300724,True
2024-10-03,29.599941890415145,0.2548018137902576,22.05782300865114,-2.4099854050875374e-16,7.542118881764006,True
2024-10-04,30.128184649346238,0.2591565077573872,22.320269530551947,-2.410412412436801e-16,7.807915118794291,True
2024-10-07,29.631981941422183,0.2548192026425744,22.081183930389816,-2.4108433214921133e-16,7.550798011032365,True
2024-10-08,30.289390039643102,0.26010535750061936,22.410957414906033,-2.411276220946862e-16,7.8784326247370675,True
2024-10-09,30.65558171703951,0.26319148769031936,22.58729355891973,-2.4117094851704376e-16,8.068288158119783,True
2024-10-10,30.601727824016017,0.2627329369426358,22.561645997293112,-2.4121434971604078e-16,8.040081826722902,True
2024-10-11,30.657605599625548,0.26292638785677963,22.596912098978223,-2.4125771086900993e-16,8.060693500647325,True
2024-10-14,31.053355285353014,0.26621345961991777,22.78653414203273,-2.413009362075957e-16,8.266821143320284,True
2024-10-15,30.41896875235579,0.260923323514522,22.481950327606725,-2.4134419801950684e-16,7.937018424749066,True
2024-10-16,30.417375698214734,0.2607942940276464,22.484697676825135,-2.4138743885370664e-16,7.9326780213895995,True
2024-10-17,30.45681557407793,0.2612401789042877,22.500271624650914,-2.4143057248801903e-16,7.956543949427013,True
2024-10-18,30.74533194852697,0.2633759106453821,22.64775214848912,-2.4147382879764395e-16,8.097579800037852,True
2024-10-21,30.83332444269611,0.2640668842994082,22.69126452452056,-2.4151707369415694e-16,8.14205991817555,True
2024-10-22,30.881925235634938,0.2644241724360112,22.7159977119714,-2.4156037425643283e-16,8.165927523663537,True
2024-10-23,30.15628859945444,0.25826742744733455,22.36790152151396,-2.4160351003755006e-16,7.788387077940483,True
2024-10-24,30.523183724876976,0.26124084171025874,22.549281516913243,-2.416467014597869e-16,7.973902207963732,True
2024-10-25,30.795114320779845,0.26330243905449374,22.686685609156545,-2.4168972799735376e-16,8.108428711623302,True
2024-10-28,30.806370433092937,0.26345270726624653,22.690348741447753,-2.417329827881707e-16,8.116021691645185,True
2024-10-29,31.248962255242688,0.26690786317878523,22.90836851314135,-2.4177597672461613e-16,8.340593742101339,True
2024-10-30,30.890314813063522,0.26400114927379453,22.735236200985433,-2.418189591206613e-16,8.15507861207809,True
2024-10-31,29.695859468281828,0.2537230280744658,22.161336082715568,-2.418617860242803e-16,7.534523385566261,True
2024-11-01,30.020393614483268,0.25632866030505447,22.32530633745236,-2.419043229875505e-16,7.695087277030908,True
2024-11-04,29.88375554070822,0.2551046600855563,22.260270241415988,-2.4194656025120984e-16,7.623485299292231,True
2024-11-05,30.457389625132226,0.25981048406331214,22.544240483321722,-2.419889777098099e-16,7.913149141810504,True
2024-11-06,31.71201527586823,0.26978419503200185,23.156614761825573,-2.4203145061513746e-16,8.555400514042656,True
2024-11-07,32.476919711223005,0.2757565475532981,23.521196456490497,-2.4207399820579925e-16,8.955723254732511,True
2024-11-08,32.526100888857236,0.276006678715643,23.548679810953825,-2.421164572173286e-16,8.97742107790341,True
2024-11-11,32.49608894712734,0.2757607940371778,23.534941655964747,-2.421589524973325e-16,8.961147291162593,True
2024-11-12,32.404669853602755,0.27503219902114945,23.492342245212043,-2.4220137836106413e-16,8.912327608390715,True
2024-11-13,32.33538531583573,0.2744136888655798,23.462112950427343,-2.4224388854607626e-16,8.873272365408384,True
2024-11-14,31.9846470721749,0.2715548417970043,23.29906129655743,-2.4228608896823393e-16,8.685585775617472,True
2024-11-15,30.801378204505458,0.2615934648455352,22.743938957971125,-2.4232822944057496e-16,8.057439246534333,True
2024-11-18,31.12212363890909,0.26412629607924903,22.901952396043594,-2.4237047340654475e-16,8.220171242865497,True
2024-11-19,31.444587438406835,0.26666191364932323,23.0595135781678,-2.4241282091308536e-16,8.385073860239038,True
2024-11-20,31.421541594821115,0.266546791557817,23.046230496921055,-2.42455223917559e-16,8.375311097900061,True
2024-11-21,31.586894803483474,0.2677617423252205,23.129132816259286,-2.424976535802765e-16,8.457761987224188,True
2024-11-22,31.65545896096574,0.2681756805564776,23.166234710781104,-2.4254011953944917e-16,8.489224250184634,True
2024-11-25,31.731154550414132,0.2687667302143713,23.202875895972454,-2.4258261218304103e-16,8.528278654441676,True
2024-11-26,31.98809158318661,0.27074561023003657,23.327456207402452,-2.426250160107221e-16,8.660635375784155,True
2024-11-27,31.595040803491116,0.2674866822561309,23.143788163218197,-2.426673309686879e-16,8.45125264027292,True
2024-11-29,32.01429365416895,0.27072731879191375,23.347149770158815,-2.427095570124117e-16,8.66714388401014,True
2024-12-02,32.54948508928677,0.2749084789341414,23.60135565330143,-2.4275167482701483e-16,8.94812943598534,True
2024-12-03,32.70104351494494,0.27605623367328064,23.673716605023184,-2.427938673811229e-16,9.02732690992176,True
2024-12-04,33.32352852451508,0.2807965086990868,23.96639805729682,-2.42835845668806e-16,9.357130467218266,True
2024-12-05,33.18008626538733,0.27968895379289604,23.89998265106311,-2.4287771557747594e-16,9.280103614324222,True
2024-12-06,33.632657411613835,0.28302190677302363,24.113878581135022,-2.4291944813659977e-16,9.518778830478814,True
2024-12-09,33.22246409639413,0.279822031685905,23.926086695329086,-2.429608504797855e-16,9.296377401065039,True
2024-12-10,33.04004605869946,0.27831328579480347,23.844562277291168,-2.430022405982325e-16,9.195483781408292,True
2024-12-11,33.95837291598404,0.28525917314655336,24.271435536568124,-2.4304356062060886e-16,9.68693737941592,True
2024-12-12,33.60970193267929,0.28250504587288455,24.114791546413755,-2.4308459833403163e-16,9.49491038626554,True
2024-12-13,33.99824472757105,0.2852756323308633,24.29937396477378,-2.4312533429715937e-16,9.69887076279727,True
2024-12-16,34.77019137058427,0.2910794922391415,24.649301721376823,-2.431660288465363e-16,10.120889649207449,True
2024-12-17,34.52603135288925,0.2892101733448048,24.540751840411982,-2.4320682670407005e-16,9.985279512477264,True
2024-12-18,32.56121920500657,0.27350997532887517,23.65540094356713,-2.4324774721556054e-16,8.905818261439444,True
2024-12-19,32.33002521133655,0.2715733027852641,23.550053485563026,-2.432885973915762e-16,8.779971725773523,True
2024-12-20,32.763506807219414,0.27493387943313213,23.75570877687675,-2.433293385753043e-16,9.007798030342666,True
2024-12-23,33.245843444206784,0.2784918110715176,23.987148292829495,-2.4337003830543225e-16,9.258695151377287,True
2024-12-24,33.93901725129311,0.28364419871320545,24.312411897936418,-2.434107448430748e-16,9.626605353356691,True
2024-12-26,33.90182087212466,0.28334537255288866,24.2958968068912,-2.4345131329870634e-16,9.60592406523346,True
2024-12-27,33.1880857869629,0.27766458548300427,23.972929703951458,-2.434920334305596e-16,9.21515608301144,True
2024-12-30,32.499160896962444,0.27216303386050344,23.654090669324507,-2.435324028634632e-16,8.845070227637938,True
2024-12-31,32.06637292315199,0.2686060122393511,23.453152365284232,-2.435728176471058e-16,8.61322055786776,True
2025-01-02,31.966074351825835,0.2677462230677374,23.407278677821996,-2.436134904431875e-16,8.55879567400384,True
2025-01-03,32.759499401445154,0.273787978495678,23.790342283793112,-2.4365417003098085e-16,8.969157117652042,True
2025-01-06,33.33878589140837,0.27820514544296626,24.063764113597195,-2.4369471137605634e-16,9.275021777811178,True
2025-01-07,32.40976983707648,0.2707642352337286,23.634363293039303,-2.437352304575885e-16,8.775406544037178,True
2025-01-08,32.420431038266784,0.2708766224839837,23.63849417914616,-2.437758820127611e-16,8.78193685912062,True
2025-01-10,31.630683956554744,0.2643909875939085,23.26781618701044,-2.4381655969392243e-16,8.362867769544305,True
2025-01-13,31.468827770960843,0.26298370102378416,23.19303897687352,-2.43857321563854e-16,8.275788794087322,True
2025-01-14,31.41741552862886,0.2624785929255138,23.17101650731817,-2.438981386339549e-16,8.24639902131069,True
2025-01-15,32.507801216834494,0.2708182542159084,23.704095242893597,-2.4393891414246025e-16,8.8037059739409,True
2025-01-16,32.162130696043334,0.26814474621940354,23.538024322677504,-2.4397961902799034e-16,8.624106373365828,True
2025-01-17,32.98501793114038,0.27435806756018066,23.935312153114797,-2.4402023389083576e-16,9.049705778025585,True
2025-01-21,33.2756082804455,0.2764762815757652,24.07569183589619,-2.440608361448678e-16,9.199916444549315,True
2025-01-22,33.940460601052884,0.28157961030910295,24.38351893129695,-2.4410148389628907e-16,9.556941669755933,True
2025-01-23,34.051080244458404,0.28239102750414263,24.435360706599788,-2.4414231277691886e-16,9.61571953785862,True
2025-01-24,33.73992016369564,0.27986583979094964,24.29726907260337,-2.4418312910707585e-16,9.442651091092277,True
2025-01-27,32.204173912373406,0.2674904578123746,23.58986468908331,-2.4422387474355463e-16,8.614309223290094,True
2025-01-28,32.93489118014472,0.273156195063052,23.938521620560714,-2.4426446242755475e-16,8.996369559584002,True
2025-01-29,32.8344225442631,0.2723013020327934,23.893566533965352,-2.4430507624150507e-16,8.940856010297747,True
2025-01-30,33.04837734409115,0.2739308499955939,23.995407247249137,-2.4434567742042144e-16,9.052970096842017,True
2025-01-31,32.964528403514734,0.27314173677454334,23.960539863424955,-2.4438622716891833e-16,9.003988540089779,True
2025-02-03,32.555067549133554,0.26989008178523144,23.768777705774166,-2.4442684183434663e-16,8.78628984335939,True
2025-02-04,33.165767499149695,0.2745366435080989,24.060549010563143,-2.444674826470955e-16,9.105218488586553,True
2025-02-05,33.39359578540804,0.27621652215856324,24.16973289519377,-2.445083533399749e-16,9.223862890214264,True
2025-02-06,33.657998398884644,0.2781538426926685,24.2958968068912,-2.4454920175969274e-16,9.362101591993447,True
2025-02-07,32.994519182714726,0.2729264565318994,23.98944197720261,-2.4459008611458037e-16,9.005077205512112,True
2025-02-10,33.60166306186059,0.27742161642439706,24.279835380691274,-2.4463112289728725e-16,9.32182768116932,True
2025-02-11,33.47746396476561,0.27646747685478,24.222033970930045,-2.446721665650546e-16,9.255429993835568,True
2025-02-12,33.51018651092221,0.27674969663601867,24.236252559808083,-2.447131879888802e-16,9.273933951114127,True
2025-02-13,34.24961622148449,0.2821842157912496,24.58491512687363,-2.4475424542534676e-16,9.66470109461086,True
2025-02-14,34.466041244554546,0.2836967731780804,24.688136559251795,-2.447951640599537e-16,9.777904685302754,True
2025-02-18,34.582961490254675,0.28450023650368833,24.744100767279278,-2.4483608953544155e-16,9.8388607229754,True
2025-02-19,34.590930370071064,0.2844661431305768,24.750981820398618,-2.448770218529541e-16,9.83994854967245,True
2025-02-20,34.36613783018382,0.2828427998493284,24.645923186286705,-2.4491800960145786e-16,9.720214643897116,True
2025-02-21,33.246157832400215,0.2740692277767535,24.13440902873022,-2.4495887786382644e-16,9.111748803669993,True
2025-02-24,32.63363494609465,0.2691736107776501,23.84952159485465,-2.449996751819588e-16,8.784113351240004,True
2025-02-25,31.997892362413864,0.2640442321203831,23.549033444109625,-2.450404112396188e-16,8.44885891830424,True
2025-02-26,32.10920485203499,0.26482384109564633,23.605921888592125,-2.450810762808515e-16,8.50328296344287,True
2025-02-27,30.74829548119508,0.25360566217978986,22.950353644786762,-2.4512185504726336e-16,7.7979418364083175,True
2025-02-28,31.46774115301481,0.2591532395655809,23.312774091399874,-2.451626600561523e-16,8.154967061614936,True
2025-03-03,30.430768230563398,0.25067181916710374,22.802632199555564,-2.4520345239719736e-16,7.628136031007833,True
2025-03-04,30.278141902386004,0.2491673061094724,22.733818850568145,-2.4524425152563445e-16,7.544323051817857,True
2025-03-05,30.868394680232825,0.2539236597312201,23.03017893300038,-2.452850769096523e-16,7.838215747232446,True
2025-03-06,29.585019650783938,0.24297386234262974,22.396633158750365,-2.4532600642273526e-16,7.1883864920335725,True
2025-03-07,29.898836348251688,0.24541122888933414,22.56132617766615,-2.4536686488525535e-16,7.337510170585539,True
2025-03-10,28.19718909045971,0.23088323468725877,21.686930864166087,-2.4540773015265513e-16,6.5102582262936215,True
2025-03-11,28.06915289711003,0.2292218732724643,21.63508908886325,-2.454484853644268e-16,6.434063808246779,True
2025-03-12,28.533090899984227,0.2332007633192514,21.87915232225032,-2.454893447468966e-16,6.653938577733908,True
2025-03-13,27.775918125395904,0.22646896597290542,21.485534668589413,-2.4553023041302585e-16,6.290383456806492,True
2025-03-14,28.74151361925597,0.23438792470948608,22.00484988902913,-2.455710352009072e-16,6.736663730226836,True
2025-03-17,29.014805868958593,0.23668201137688455,22.14752325618364,-2.45611846770156e-16,6.867282612774955,True
2025-03-18,28.291108822892024,0.2305015064587981,21.76996561982562,-2.456526651218993e-16,6.521143203066406,True
2025-03-19,28.83604060137242,0.23494076950258508,22.061279033078197,-2.4569355849381817e-16,6.774761568294223,True
2025-03-20,28.691598298737702,0.2336955165369249,21.98650041404424,-2.4573440992334786e-16,6.705097884693464,True
2025-03-21,28.8272139349309,0.23478612988408015,22.058983939808048,-2.4577519013531893e-16,6.7682299951228515,True
2025-03-24,29.741239243024523,0.24202702460683648,22.543055600915217,-2.4581600637169407e-16,7.198183642109307,True
2025-03-25,29.99832436520714,0.24423448138691276,22.671699171394387,-2.4585680012479055e-16,7.326625193812754,True
2025-03-26,29.17372599397958,0.23717240111864912,22.254523350409894,-2.4589760064770776e-16,6.919202643569686,True
2025-03-27,28.92901581803474,0.2351030148813512,22.127716981664474,-2.4593848600329444e-16,6.8012988363702656,True
2025-03-28,27.80495854888584,0.22513304037599519,21.54514369324665,-2.4597935863937e-16,6.259814855639188,True
2025-03-31,27.799671715915927,0.2250187734717674,21.54422368348274,-2.460202380680888e-16,6.255448032433185,True
2025-04-01,28.11744556427765,0.22760078842293752,21.717892785409028,-2.46061173100581e-16,6.39955277886862,True
2025-04-02,28.41896625132138,0.2302182791281638,21.876400746340806,-2.4610218329423536e-16,6.542565504980573,True
2025-04-03,26.196536363463306,0.2096176857159886,20.705279037179388,-2.461432296233339e-16,5.491257326283918,True
2025-04-04,23.905098987699002,0.18765036630374357,19.419298406130036,-2.4618410698055175e-16,4.485800581568967,True
2025-04-07,23.96942760480683,0.1878754865839971,19.466159730413857,-2.462246980526214e-16,4.503267874392976,True
2025-04-08,23.36232177002077,0.1817763750577702,19.115603605733163,-2.4626524696216107e-16,4.246718164287605,True
2025-04-09,27.153508150813874,0.21151745918092077,21.4100670989053,-2.4630607617625755e-16,5.743441051908573,True
2025-04-10,25.53655843294355,0.19725091004479672,20.49944904263331,-2.4634740086397483e-16,5.037109390310244,True
2025-04-11,26.180597532782706,0.20257311468437075,20.877112346268962,-2.463884294373083e-16,5.303485186513745,True
2025-04-14,26.433458685435653,0.20484788594251097,21.018620555575453,-2.46429621278937e-16,5.414838129860199,True
2025-04-15,26.47763115819822,0.20528953713619358,21.04205051326885,-2.4647064398939604e-16,5.43558064492937,True
2025-04-16,25.351875699391336,0.19502757823574784,20.407560778005337,-2.4651172242819544e-16,4.944314921385998,True
2025-04-17,25.334007816447958,0.19460493130527487,20.403884965640806,-2.4655288597474765e-16,4.930122850807152,True
2025-04-21,24.468816407373115,0.18676268387329223,19.898954583929264,-2.465940270408871e-16,4.569861823443851,True
2025-04-22,25.340551429070032,0.19412387359614758,20.421345426596563,-2.4663522390053983e-16,4.919206002473468,True
2025-04-23,26.13008702661321,0.20075036333287447,20.88446256210098,-2.466764570018919e-16,5.245624464512232,True
2025-04-24,27.16422132811541,0.2095451324107455,21.47209097308067,-2.4671764805650427e-16,5.69213035503474,True
2025-04-25,27.591364503974077,0.2131066527240179,21.71146117044388,-2.4675873829362653e-16,5.879903333530199,True
2025-04-28,27.580105356472465,0.21303531782721535,21.70456884614827,-2.46799796204346e-16,5.8755365103241965,True
2025-04-29,27.83808034200135,0.21517879833395015,21.84791566608554,-2.468408609466453e-16,5.9901646759158105,True
2025-04-30,27.836413322567502,0.21523089944994553,21.84515704569085,-2.468819031379743e-16,5.99125627687665,True
2025-05-01,28.328059105162367,0.21877911602722183,22.130471375368053,-2.46922952153382e-16,6.197587729794315,True
2025-05-02,28.946955868242526,0.22413342715959905,22.45897544365566,-2.469639590002325e-16,6.487980424586865,True
2025-05-05,28.701271931327632,0.22213426274396683,22.325736051048057,-2.4700519806311714e-16,6.375535880279573,True
2025-05-06,28.31238220104268,0.2187846046400969,22.11806885476824,-2.47046444012271e-16,6.1943133462744395,True
2025-05-07,28.471266877601217,0.22009434661640276,22.204901996834348,-2.470877164542835e-16,6.2663648807668695,True
2025-05-08,28.887212014703767,0.22338763033463407,22.434166175764922,-2.4712904481787707e-16,6.453045838938845,True
2025-05-09,28.857224104171586,0.22309015460122386,22.419461517409783,-2.4717038009413173e-16,6.437762586761803,True
2025-05-12,30.550075158527218,0.2362428546247377,23.332838194076462,-2.4721172228420366e-16,7.217236964450756,True
2025-05-13,31.236470701480155,0.24164134102065826,23.688448032421988,-2.472537090390943e-16,7.548022669058167,True
2025-05-14,31.511621043905446,0.2437580001908606,23.830411315470815,-2.472957519797889e-16,7.681209728434631,True
2025-05-15,31.561832994896,0.24413117790069452,23.856605529147036,-2.4733780206945154e-16,7.705227465748965,True
2025-05-16,31.76064397879596,0.2455934319582785,23.96043842283843,-2.4737959430499664e-16,7.800205555957534,True
2025-05-19,31.804357151125096,0.2459080695724748,23.98340908009839,-2.4742118745333944e-16,7.820948071026707,True
2025-05-20,31.642538293401405,0.24457804109499565,23.903468262327902,-2.4746281704771135e-16,7.739070031073502,True
2025-05-21,30.988304945656825,0.239348941024205,23.57128697277873,-2.475045322097229e-16,7.417017972878096,True
2025-05-22,31.070623093027287,0.2399445855478947,23.61539531225601,-2.4754612672269724e-16,7.455227780771278,True
2025-05-23,30.636861951427186,0.2363219409651168,23.396699269985575,-2.4758769875353564e-16,7.240162681441609,True
2025-05-27,31.691639550852198,0.24437136745603866,23.947110256886567,-2.476292581174424e-16,7.7445292939656305,True
2025-05-28,31.486165660941694,0.24281091836461643,23.84098086102799,-2.4767055914081026e-16,7.645184799913703,True
2025-05-29,31.57014899948632,0.2433407136471988,23.887846412002922,-2.4771208327131625e-16,7.682302587483401,True
2025-05-30,31.492075608639972,0.24266132324560616,23.850166869696718,-2.4775366351405285e-16,7.641908738943253,True
2025-06-02,31.856217705450792,0.2454049291433582,24.038544856669247,-2.477952703978942e-16,7.817672848781545,True
2025-06-03,32.22643883641693,0.24824295991850726,24.22645227203206,-2.4783688426905013e-16,7.999986564384874,True
2025-06-04,32.358388450888555,0.24922120225574262,24.29399197809977,-2.478785346356362e-16,8.064396472788783,True
2025-06-05,31.98775922145458,0.24623872892168544,24.111134049710685,-2.4792024118048227e-16,7.876625171743898,True
2025-06-06,32.44834353379314,0.24967422730366778,24.346828434709373,-2.479618760387944e-16,8.101515099083768,True
2025-06-09,32.52020600602368,0.2502302988124576,24.382665139693692,-2.4800351788911905e-16,8.137540866329983,True
2025-06-10,32.83867963166326,0.2525907434398862,24.543933129917193,-2.480452454628923e-16,8.29474650174607,True
2025-06-11,32.67082327478036,0.25128207917428447,24.461230873957945,-2.480870784904009e-16,8.209592400822414,True
2025-06-12,32.78174465545105,0.2520636782816622,24.51865751710784,-2.481289185730828e-16,8.263087138343213,True
2025-06-13,32.16169596545323,0.2472151940214376,24.21083605729522,-2.48170844482199e-16,7.950859908158006,True
2025-06-16,32.82269706607164,0.2521150273427391,24.547601897796547,-2.48212600209334e-16,8.275095168275094,True
2025-06-17,32.33878983458869,0.24832573972434138,24.30823592712444,-2.4825444176336857e-16,8.030553907464247,True
2025-06-18,32.32373646456,0.24810365187587013,24.30409940542944,-2.4829599482762486e-16,8.019637059130563,True
2025-06-20,32.114235232817364,0.24628877690546408,24.20485951607241,-2.4833760411327843e-16,7.90937571674495,True
2025-06-23,32.60875497206159,0.25008646193763034,24.453746812907596,-2.483789444423215e-16,8.155008159153995,True
2025-06-24,33.35387864229039,0.2556279971983553,24.8276934461647,-2.484199269680793e-16,8.52618519612569,True
2025-06-25,33.482817833436705,0.25659888061338104,24.891164257595097,-2.484611528480151e-16,8.59165357584161,True
2025-06-26,33.95093148622483,0.2599936291997771,25.123905594408257,-2.4850244472731514e-16,8.827025891816575,True
2025-06-27,34.1234306468957,0.2612138263802218,25.209918758399944,-2.485437927713995e-16,8.913511888495751,True
2025-06-30,34.4596873323065,0.26368443089761,25.373204289177682,-2.48585187148578e-16,9.08648304312882,True
2025-07-01,34.01481132122735,0.2603421430012418,25.159322448076118,-2.4862651936875167e-16,8.855488873151229,True
2025-07-02,34.366312850345814,0.2628081223839324,25.334566696887624,-2.486682037743319e-16,9.031746153458192,True
2025-07-03,34.86849979998085,0.2662757061985472,25.583865391657053,-2.4870987543452517e-16,9.284634408323802,True
2025-07-07,34.4688702577059,0.263360098715567,25.391145184022406,-2.4875172185575207e-16,9.077725073683498,True
2025-07-08,34.49517353116363,0.26350838569170437,25.405406039811492,-2.4879362467443507e-16,9.089767491352138,True
2025-07-09,34.8633116226286,0.26612691336686123,25.58524611075143,-2.4883558391669166e-16,9.278065511877168,True
2025-07-10,34.78382239565844,0.2655076528055151,25.548451355783257,-2.4887750086213807e-16,9.235371039875181,True
2025-07-11,34.65625789557484,0.2644632456627003,25.490951449987538,-2.489193754870068e-16,9.165306445587305,True
2025-07-14,34.8461464146594,0.2658182116671313,25.583406091223615,-2.4896122752633576e-16,9.262740323435782,True
2025-07-15,34.893685729111425,0.26614627047838285,25.606861409063644,-2.490029976894635e-16,9.286824320047778,True
2025-07-16,34.94617921127025,0.2664983250981625,25.6330809828865,-2.4904481438211727e-16,9.313098228383748,True
2025-07-17,35.370381415712394,0.2694305146716717,25.840521346743675,-2.490865689185067e-16,9.529860068968722,True
2025-07-18,35.31270341272067,0.2689405563746869,25.81568530980927,-2.491284293015474e-16,9.497018102911403,True
2025-07-21,35.591057944695265,0.2708973870274142,25.949533345936025,-2.4917024728808304e-16,9.64152459875924,True
2025-07-22,35.30676975233994,0.26883070327709774,25.81522600937583,-2.4921200308041057e-16,9.491543742964108,True
2025-07-23,35.549319235833586,0.27050717910667216,25.932973170185683,-2.49253835095402e-16,9.616346065647901,True
2025-07-24,35.66801270171522,0.2713871906584705,25.988170938226084,-2.4929577303999545e-16,9.679841763489136,True
2025-07-25,35.78530461974344,0.2720272680811277,26.050725966583677,-2.493377675053933e-16,9.734578653159767,True
2025-07-28,35.96195831307428,0.27333949315090106,26.132134855064724,-2.493797690448586e-16,9.829823458009555,True
2025-07-29,35.876597457873935,0.2727387235738403,26.091660061040916,-2.49421678701811e-16,9.78493739683302,True
2025-07-30,35.945496847634956,0.2731601250967708,26.126620432069412,-2.4946354591235335e-16,9.818876415565544,True
2025-07-31,35.64502324160257,0.27091726769041996,25.988170938226084,-2.4950543994786514e-16,9.656852303376485,True
2025-08-01,34.55395918524258,0.262711575973628,25.476234111559084,-2.495473707245116e-16,9.077725073683498,True
2025-08-04,35.5210578987338,0.2695512424972364,25.94631260731383,-2.4958878370643038e-16,9.574745291419969,True
2025-08-05,35.14564632956703,0.26676133088604786,25.770146939841382,-2.4962991633294886e-16,9.375499389725643,True
2025-08-06,35.820243021669405,0.2715174633671834,26.094421499229675,-2.49671026022496e-16,9.72582152243973,True
2025-08-07,36.00708026345082,0.2728449245587547,26.18273116538855,-2.4971197405125933e-16,9.824349098062264,True
2025-08-08,36.51624971132977,0.2762956406827133,26.426969102007966,-2.497529783429848e-16,10.089280609321802,True
2025-08-11,36.34938085620491,0.2751245084257553,26.348775316560975,-2.4979393981257877e-16,10.000605539643937,True
2025-08-12,37.04948682230633,0.279883471428547,26.679947835833026,-2.4983500712702676e-16,10.369538986473302,True
2025-08-13,37.078152286601146,0.2800804347899702,26.69328727296117,-2.498759523098849e-16,10.384865013639976,True
2025-08-14,37.02899260782115,0.2796836020356079,26.672590575515834,-2.4991670588914507e-16,10.356402032305317,True
2025-08-15,36.76500468335357,0.27770171319006964,26.555299897345346,-2.4995748594834174e-16,10.209704786008219,True
2025-08-18,36.74128691245212,0.2775234263333459,26.544719080611888,-2.4999827266180837e-16,10.196567831840232,True
2025-08-19,35.96513241482079,0.27194556937262687,26.184574002710434,-2.500391751584125e-16,9.78055841211036,True
2025-08-20,35.63122158673268,0.2694859538531971,26.029107850477395,-2.5007995535854287e-16,9.602113736255284,True
2025-08-21,35.377149877810886,0.26764602227227463,25.908596433684714,-2.501207918251723e-16,9.46855344412617,True
2025-08-22,36.20271421488731,0.273305853081075,26.30830052253717,-2.5016176399081787e-16,9.894413692350136,True
2025-08-25,36.04033375272239,0.272137537986315,26.23240605705143,-2.5020234578630763e-16,9.80792769567096,True
2025-08-26,36.259520154373604,0.2736324721050864,26.33773801718815,-2.50242983809525e-16,9.921782137185453,True
2025-08-27,36.344883827368015,0.2742247917396561,26.378215629006025,-2.5028357878067367e-16,9.966668198361988,True
2025-08-28,36.69173934047725,0.27658536617723795,26.543341179311582,-2.503239022455756e-16,10.148398161165668,True
2025-08-29,36.01883723773547,0.2716008920350529,26.23608891390113,-2.503643514097275e-16,9.782748323834333,True
2025-09-02,35.549372230974726,0.268166325280019,26.016227713782683,-2.504045189941776e-16,9.533144517192042,True
2025-09-03,35.97629215403826,0.27116134806860576,26.22091227503924,-2.5044458371786106e-16,9.755379878999019,True
2025-09-04,36.47746263122069,0.2746686664126299,26.458246616186763,-2.504845157166272e-16,10.019216015033928,True
2025-09-05,36.54848174879113,0.27503357670594075,26.496422090249315,-2.5052425528291387e-16,10.052059658541822,True
2025-09-08,36.82114394306917,0.27689179001008996,26.625671486453566,-2.505631263090908e-16,10.195472456615603,True
2025-09-09,36.9797834743714,0.2779538720716153,26.70110946929994,-2.506021823389897e-16,10.278674005071462,True
2025-09-10,36.99946849622699,0.2781018610730788,26.709847448711514,-2.506413936256786e-16,10.289621047515475,True
2025-09-11,37.32790382402431,0.2802887912002196,26.865310783150484,-2.506804817484437e-16,10.462593040873829,True
2025-09-12,37.57684908612619,0.2818988281648107,26.983979362621277,-2.5071955607088873e-16,10.592869723504911,True
2025-09-15,38.07815459716779,0.2852888757920314,27.214880679906617,-2.507586364839662e-16,10.86327391726117,True
2025-09-16,38.02560022320191,0.28490583967407096,27.19188466250003,-2.507974443691329e-16,10.833715560701881,True
2025-09-17,37.90235465475921,0.284012601319664,27.13760831312057,-2.508361587375815e-16,10.764746341638638,True
2025-09-18,38.43716277490823,0.28760856490561293,27.382305550173424,-2.5087466009748834e-16,11.054857224734803,True
2025-09-19,38.84147663580934,0.2902517904771092,27.56766849749088,-2.5091328683200774e-16,11.273808138318465,True
2025-09-22,39.19516556501399,0.2924926047716614,27.730869494446516,-2.509518995991347e-16,11.46429607056747,True
2025-09-23,38.779975014463986,0.2896675899455874,27.546673113874107,-2.5099021955636097e-16,11.233301900589879,True
2025-09-24,38.562513989144804,0.2881696134513616,27.449969239180223,-2.51028515484987e-16,11.112544749964583,True
2025-09-25,38.29513971467224,0.28628998589197546,27.331624706027494,-2.510669467557328e-16,10.963515008644745,True
2025-09-26,38.538992624624036,0.2878905348126273,27.443981426781125,-2.5110563298305e-16,11.095011197842911,True
2025-09-29,38.814022753528604,0.28966192957133596,27.571078028315775,-2.511440959876918e-16,11.242944725212833,True
2025-09-30,38.97720967590429,0.29069831383862815,27.646600544984253,-2.511825947822046e-16,11.33060913092004,True
2025-10-01,39.269816841009046,0.29260632573445344,27.779220022896425,-2.512209200633207e-16,11.490596818112618,True
2025-10-02,39.524280924049705,0.2942712240011065,27.893422398766013,-2.512592511920838e-16,11.630858525283692,True
2025-10-03,39.24906171153989,0.2923143108894342,27.775999284274228,-2.5129761808141104e-16,11.47306242726566,True
2025-10-06,39.71408229487723,0.29534817469776775,27.98460057928831,-2.513360905504834e-16,11.729481715588925,True
2025-10-07,39.37715203229179,0.29306101122902767,27.837244038389194,-2.5137458885537066e-16,11.539907993902593,True
2025-10-08,40.087476428589866,0.29762683564345094,28.156367670217236,-2.514129234795242e-16,11.931108758372629,True
2025-10-09,40.0062784404899,0.29705310353810743,28.122289268732697,-2.514512639497078e-16,11.883989171757202,True
2025-10-10,37.78301049402787,0.28152774398806973,27.146044788566638,-2.514897100489655e-16,10.63696570546123,True
2025-10-13,39.03410128615769,0.2897973994423817,27.722120243858665,-2.5152816202650956e-16,11.311981042299026,True
2025-10-14,38.61932340785437,0.286951212111132,27.537461745058746,-2.515666198832388e-16,11.081861662795625,True
2025-10-15,39.04048049576266,0.28966580986821316,27.731788095313387,-2.5160508362005213e-16,11.30869240044927,True
2025-10-16,38.81177566828989,0.28812586514592037,27.629099226014482,-2.5164360316063484e-16,11.182676442275406,True
2025-10-17,39.20579559932998,0.2906524725932763,27.81053416839813,-2.516820786679467e-16,11.39526143093185,True
2025-10-20,39.9835909850096,0.2956869151473244,28.160966310139738,-2.517203503238902e-16,11.822624674869859,True
2025-10-21,39.96307771533169,0.29550962979426937,28.153603414234407,-2.517582881776607e-16,11.809474301097284,True
2025-10-22,39.34447633054104,0.2913269253814106,27.882371010422837,-2.517961018737861e-16,11.462105320118205,True
2025-10-23,39.865969592720965,0.2947176787167649,28.11676357456111,-2.518339512254049e-16,11.749206018159857,True
2025-10-24,40.53220711574144,0.29890315942122364,28.41700235053092,-2.5187180626644224e-16,12.11520476521052,True
2025-10-27,41.681528258568925,0.30609342249901395,28.923086618914198,-2.5190941712397647e-16,12.758441639654727,True
2025-10-28,42.19542823557447,0.3092734266011773,29.145503558254283,-2.519465837587594e-16,13.049924677320185,True
2025-10-29,42.493232266902545,0.3110256957866339,29.27674513486614,-2.519837758737908e-16,13.216487132036407,True
2025-10-30,41.44074683119322,0.30432855614684917,28.829144182409074,-2.5202107347255334e-16,12.61160264878415,True
2025-10-31,41.75843285427087,0.30629069122298014,28.968213590947844,-2.520586466140353e-16,12.79021926332303,True
2025-11-03,42.072368955996545,0.30817252264302253,29.106820881259104,-2.5209583526608944e-16,12.965548074737443,True
2025-11-04,40.68819726452297,0.2991576649271212,28.5160111807742,-2.52133679652712e-16,12.172186083748771,True
2025-11-05,41.11047132901088,0.30184232458602595,28.70159109823506,-2.521716297734499e-16,12.408880230775814,True
2025-11-06,39.88000131775007,0.2937072214238831,28.166956940332902,-2.522095355734704e-16,11.713044377417171,True
2025-11-07,39.669490817707754,0.2921996143940327,28.07808089756593,-2.522471968625676e-16,11.591409920141826,True
2025-11-10,41.05008800224803,0.3008715074833943,28.699286142685665,-2.522848037161753e-16,12.350801859562363,True
2025-11-11,40.87173756873355,0.29969101565560824,28.622845025150315,-2.523226764705616e-16,12.248892543583239,True
2025-11-12,40.823969817675035,0.2994243269831696,28.60028013023646,-2.5236055491036964e-16,12.223689687438577,True
2025-11-13,39.48505776938467,0.29045622760262374,28.016376843017525,-2.523983889661559e-16,11.46868092636714,True
2025-11-14,39.51500464538297,0.2904579297748126,28.03755820104293,-2.52436378929847e-16,11.477446444340043,True
2025-11-17,38.98077850323598,0.2868766831156817,27.798102060960577,-2.5247432452628947e-16,11.182676442275406,True
2025-11-18,38.237964373736524,0.28187495442907323,27.459639908429015,-2.5251211552513445e-16,10.778324465307508,True
2025-11-19,38.58709135828171,0.2841239031687656,27.623576349636963,-2.525499121806322e-16,10.963515008644745,True
2025-11-20,37.14969098950003,0.27402690247022965,26.96967623992114,-2.525877144936295e-16,10.180014749578893,True
2025-11-21,37.578042652338105,0.27691038110417565,27.172292540330194,-2.526255525351494e-16,10.405750112007912,True
2025-11-24,39.061904410375234,0.2865894515987639,27.867174647002454,-2.5266304537518475e-16,11.194729763372777,True
2025-11-25,39.43748731546834,0.2890282614648282,28.038938920137312,-2.5270044351661606e-16,11.398548395331028,True
2025-11-26,39.9832920496195,0.2925373684770594,28.28668501037408,-2.5273786725009387e-16,11.69660703924542,True
2025-11-28,40.469036669617594,0.29536224413805257,28.5160111807742,-2.527755071398198e-16,11.953025488843394,True
2025-12-01,40.265862687512445,0.29418559519001475,28.42022590694719,-2.528125909119089e-16,11.845636780565256,True
2025-12-02,40.76223360764096,0.29732394108275206,28.642645664081343,-2.5284963999595686e-16,12.119587943559617,True
2025-12-03,40.91770240794522,0.2982831196063703,28.712642486578233,-2.5288648379995303e-16,12.20505992136699,True
2025-12-04,40.851543094087006,0.297800512687628,28.68593261658717,-2.529229616716277e-16,12.16561047749984,True
2025-12-05,41.10877113149229,0.29934912579810935,28.802896430645518,-2.529592139626858e-16,12.305874700846772,True
2025-12-08,40.976807729941946,0.29844121390833467,28.747639488929643,-2.529953811066973e-16,12.229168241012305,True
2025-12-09,41.0582874053923,0.2989698886482459,28.783095791714487,-2.5303170401529114e-16,12.275191613677814,True
2025-12-10,41.31643602273324,0.3004967560964889,28.90098102443378,-2.5306817271137293e-16,12.41545499829946,True
2025-12-11,41.104611868098814,0.2991661466992791,28.80750352395023,-2.531042550101087e-16,12.29710834414858,True
2025-12-12,39.83282319768081,0.2906163276067759,28.25675440176082,-2.5314009135938127e-16,11.57606879591999,True
2025-12-15,39.51566156047009,0.2885119563488649,28.114920737239224,-2.531755008374044e-16,11.400740823230866,True
2025-12-16,39.639320723549744,0.2893258692890161,28.170639797182602,-2.5321104587506337e-16,11.46868092636714,True
2025-12-17,38.47497999165964,0.2813916844009918,27.64844056451207,-2.5324666623922784e-16,10.826539427147564,True
2025-12-18,39.33803980549195,0.28697332540454384,28.04907170761361,-2.5328227151439204e-16,11.28896809787834,True
2025-12-19,40.144181928364524,0.2921838521088723,28.4147002127756,-2.5331767072784894e-16,11.729481715588925,True
2025-12-22,40.440376145320585,0.2939999707237454,28.550906742539084,-2.5335307488876746e-16,11.889469402781502,True
2025-12-23,40.74064970459763,0.29592140202630635,28.684619524550474,-2.533885443204216e-16,12.056030180047154,True
2025-12-24,40.92027451262746,0.296961239625349,28.768539067548033,-2.534242097628544e-16,12.151735445079423,True
2025-12-26,40.90745329840773,0.29678601103354973,28.766693412432076,-2.534599606788315e-16,12.140759885975658,True
2025-12-29,40.58821340610794,0.2946857207920645,28.627446482866887,-2.534955959421781e-16,11.960766923241053,True
2025-12-30,40.43620789406009,0.2936763986814626,28.561047983397597,-2.535311859201749e-16,11.875159910662497,True
2025-12-31,39.89721824353666,0.29005142605930745,28.324973196199437,-2.535668010149561e-16,11.572245047337226,True
2026-01-02,39.76113303297531,0.28900152099237586,28.27010511006525,-2.536024915477255e-16,11.491027922910062,True
2026-01-05,40.26005997624838,0.2922352247231391,28.494652301722372,-2.536380462144201e-16,11.765407674526005,True
2026-01-06,40.819929967042114,0.2958091358449878,28.74502175823846,-2.536734246969221e-16,12.074908208803649,True
2026-01-07,40.88271866967873,0.29621388658888115,28.772689678213382,-2.5370885844494176e-16,12.110028991465349,True
2026-01-08,40.50391644895265,0.2936732120969161,28.60900120288361,-2.5374424680462624e-16,11.894915246069042,True
2026-01-09,41.1334891703059,0.2975564672767602,28.8939534460228,-2.5377955954533256e-16,12.2395357242831,True
2026-01-12,41.18600173048352,0.297869935396948,28.917930055765805,-2.538149376245225e-16,12.268071674717714,True
2026-01-13,41.07946464595277,0.2970928634423937,28.875048865606082,-2.5385052207581976e-16,12.204415780346686,True
2026-01-14,40.38247687411954,0.2925995545048094,28.566582130951396,-2.538863834982032e-16,11.815894743168146,True
2026-01-15,40.606027954048784,0.29396181555090833,28.66940625436567,-2.539222499867241e-16,11.936621699683116,True
2026-01-16,40.529369331587944,0.2932179770609736,28.645429644622663,-2.5395817192464994e-16,11.88393968696528,True
2026-01-20,39.172226464442154,0.2842685466372512,28.036794578849914,-2.539940183213831e-16,11.13543188559224,True
2026-01-21,39.9902475972581,0.2894315661152974,28.415807605845174,-2.5403002096583653e-16,11.574439991412921,True
2026-01-22,40.45363380523862,0.2924646870701119,28.6223744535406,-2.54066190002751e-16,11.831259351698014,True
2026-01-23,40.649368444641944,0.2936483924944349,28.712746744958828,-2.541023641894475e-16,11.936621699683116,True
2026-01-26,40.9293598546727,0.2953936865299838,28.839085359888607,-2.5413848302567324e-16,12.09027449478409,True
2026-01-27,41.51127004315843,0.2989730195326957,29.10052029371822,-2.5417453640221827e-16,12.410749749440212,True
2026-01-28,41.721777906851784,0.30020033905772714,29.196886033123686,-2.542105444608686e-16,12.524891873728095,True
2026-01-29,41.32313241157817,0.2976782444947748,29.022134898274455,-2.5424667867414727e-16,12.30099751330372,True
2026-01-30,40.526763678417204,0.29247856367797664,28.673554047236948,-2.542827978443955e-16,11.853209631180256,True
2026-02-02,40.96510249871749,0.29524309244896546,28.870438954507296,-2.543188414222007e-16,12.094663544210194,True
2026-02-03,39.95521673280616,0.28853162596367155,28.4268730831587,-2.5435495066156866e-16,11.528343649647457,True
2026-02-04,38.85279786506349,0.2811255220848116,27.93028478079187,-2.543911861477212e-16,10.922513084271628,True
2026-02-05,37.985384191325934,0.2752944331995262,27.528219380508617,-2.544274772715894e-16,10.457164810817316,True
2026-02-06,39.21480977477461,0.283176225859202,28.11010794496739,-2.5446360193552386e-16,11.104701829807217,True
2026-02-09,39.682566616367865,0.2861995145560077,28.325435314426944,-2.5449985290017096e-16,11.35713130194092,True
2026-02-10,39.39311245013415,0.28429050367979064,28.19402467017088,-2.5453613932695536e-16,11.199087779963268,True
2026-02-11,39.55214284030387,0.285256348664103,28.269642991837742,-2.5457240062530206e-16,11.282499848466127,True
2026-02-12,38.28792650861459,0.27667356737649423,27.694669294027147,-2.5460876811014223e-16,10.593257214587439,True
2026-02-13,38.393041547179585,0.2771167151026222,27.753687990826684,-2.5464512058475675e-16,10.639353556352903,True
2026-02-17,38.338111202184805,0.27682669326153897,27.725098652190823,-2.54681427723715e-16,10.613012549993984,True
2026-02-18,38.773424416683504,0.2796063788965964,27.932127618113753,-2.54717740039322e-16,10.84129679856975,True
2026-02-19,38.54353059980728,0.27808492712477867,27.8251557018282,-2.547541586106876e-16,10.718374897979086,True
2026-02-20,39.059742126916646,0.2813219996624451,28.071377365473012,-2.547905015157469e-16,10.988364761443638,True
2026-02-23,38.31903800795316,0.27633437259667937,27.730170681517116,-2.548268496054389e-16,10.588867326436047,True
2026-02-24,38.9549370295088,0.2805011073216668,28.028034057085783,-2.5486313209557585e-16,10.926902972423019,True
2026-02-25,39.81991648168463,0.28592893756789123,28.434250068034384,-2.5489941975164836e-16,11.385666413650247,True
2026-02-26,39.07737234319333,0.2811388872864241,28.091203364550672,-2.54935712574392e-16,10.986168978642656,True
2026-02-27,38.871123122570246,0.2796377329960109,28.00129037356588,-2.549720105645424e-16,10.869832749004365,True
2026-03-02,38.94752153555582,0.28010366230513895,28.038178115738365,-2.550082125435626e-16,10.909343419817455,True
2026-03-03,38.29614903434011,0.2756970791621442,27.738012602414376,-2.5504454109360795e-16,10.558136431925737,True
2026-03-04,39.19309271991314,0.2814849177767894,28.1608282382303,-2.550809254242638e-16,11.032264481682834,True
2026-03-05,39.007277319352134,0.2802372688326858,28.075984458777725,-2.5511731494546213e-16,10.93129286057441,True
2026-03-06,38.08884547252438,0.27397035541186404,27.653630941189306,-2.551536387923315e-16,10.435214531335074,True
2026-03-09,38.86425882632924,0.27895287665244584,28.02296202775949,-2.5518978555715116e-16,10.84129679856975,True
2026-03-10,38.86691588863245,0.2789902799006721,28.023424145987,-2.5522617035409393e-16,10.843491742645446,True
2026-03-11,38.85225183709083,0.27881308473348954,28.019735653549155,-2.552625805957497e-16,10.832516183541681,True
2026-03-12,37.81819037047832,0.27181014031036194,27.538822739594632,-2.552990466777259e-16,10.27936763088369,True
2026-03-13,37.45740982058531,0.2691540468597038,27.37559638249237,-2.553355686248744e-16,10.081813438092947,True
2026-03-16,38.10033372026283,0.27342684755708113,27.682679580258608,-2.553720755310157e-16,10.417654140004222,True
2026-03-17,38.389085652057716,0.2753727200204509,27.817778716952517,-2.554086079253475e-16,10.571306935105197,True
2026-03-18,37.549136312092244,0.26949030843210936,27.430007985987192,-2.5544514554584124e-16,10.119128326105056,True
2026-03-19,37.372453633313135,0.2683562701690158,27.343321369212738,-2.554817390755485e-16,10.029132264100395,True
2026-03-20,36.294197264598274,0.2605437852329709,26.837969727287703,-2.555183581247e-16,9.456227537310573,True
2026-03-23,36.92932959496635,0.2649191775614386,27.14604197077257,-2.555550432607116e-16,9.78328762419378,True
2026-03-24,36.53520949315998,0.2620693529297298,26.960450782135425,-2.5559167281679626e-16,9.57475871102456,True
2026-03-25,36.89761948475023,0.2645126521705371,27.13773229605966,-2.556283887622862e-16,9.75988718869057,True
2026-03-26,35.555119737933055,0.25495929126409256,26.490011608739696,-2.5566510998205067e-16,9.06510812919336,True
2026-03-27,34.49891857617338,0.24715077021065393,25.97248427863749,-2.5570183647684736e-16,8.526434297535888,True
2026-03-30,34.104720846911206,0.244269789385043,25.773967868600522,-2.5573843634005954e-16,8.330752978310686,True
2026-03-31,35.810565884641655,0.2559034779617174,26.646517526984628,-2.5577495010619577e-16,9.164048357657025,True
2026-04-01,36.48052832705996,0.26054561620306405,26.97568659467279,-2.558114893838144e-16,9.50484173238717,True
2026-04-02,36.53344643596299,0.26077005717161034,27.00661752018096,-2.5584808463873933e-16,9.526828915782033,True
2026-04-06,36.86525095472872,0.26301531561091057,27.16912533979533,-2.558847054351712e-16,9.696125614933397,True
2026-04-07,36.880401212042294,0.26320536943681283,27.173281586048823,-2.5592149393770595e-16,9.707119625993473,True
2026-04-08,38.53480597849706,0.27387205433291906,27.981199501845623,-2.5595820648544505e-16,10.553606476651442,True
2026-04-09,38.935160405605075,0.27647705294520186,28.170482000714674,-2.5599477194254574e-16,10.764678404890402,True
2026-04-10,39.02195918754995,0.2770452959568701,28.21110895561827,-2.560312207225801e-16,10.810850231931683,True
2026-04-13,39.641335213551514,0.28098075090928026,28.502883078201315,-2.5606772549081235e-16,11.138452135350198,True
2026-04-14,40.76349624804521,0.28807847512110346,29.02041040830352,-2.56104337077951e-16,11.743085839741687,True
2026-04-15,41.66226780169733,0.29368511341236686,29.426679957339452,-2.561410453661492e-16,12.23558784435788,True
2026-04-16,41.97549304469183,0.29557922447751594,29.568409363480452,-2.561777589158687e-16,12.407083681211375,True
2026-04-17,42.837282792837215,0.3007192590017793,29.955286853725536,-2.562144573953454e-16,12.881995939111679,True
2026-04-20,42.63004772539988,0.29955078449813294,29.8601834860635,-2.5625105945971797e-16,12.769864239336384,True
2026-04-21,42.366969861012166,0.2978819299221641,29.7466151138597,-2.562876464170451e-16,12.620354747152465,True
2026-04-22,43.4824710075932,0.3044486574956572,30.24429108473761,-2.5632423859817674e-16,13.238179922855585,True
2026-04-23,43.09444796759865,0.3021389731863028,30.073935708637837,-2.5636080548885507e-16,13.020512258960808,True
2026-04-24,44.40404168893451,0.3097661133236706,30.649174279091028,-2.563973775961196e-16,13.754867409843483,True
2026-04-27,44.43778782812342,0.3099266860695952,30.665331510289334,-2.564339345707655e-16,13.772456317834086,True
2026-04-28,43.711647936315615,0.30551833500974124,30.35693803828047,-2.564704662296186e-16,13.35470989803514,True
2026-04-29,44.143489707898205,0.30810795818317677,30.542529226917612,-2.565070030927833e-16,13.600960480980593,True
2026-04-30,44.79771398643762,0.311853787427432,30.827377211676204,-2.56543545161001e-16,13.970336774761416,True
2026-05-01,45.48061039577087,0.31567964216665795,31.123307580512737,-2.565800415347783e-16,14.35730281525813,True
2026-05-04,45.33622981833219,0.31479359783597455,31.06467492150081,-2.5661644128321964e-16,14.271554896831383,True
2026-05-05,46.28453326836359,0.3201247280492074,31.4677096429442,-2.5665299894203635e-16,14.816823625419385,True
2026-05-06,47.85729915482608,0.32880808572762127,32.121432231633605,-2.566896636551996e-16,15.735866923192471,True
2026-05-07,47.768409870820406,0.32836129281180826,32.08311305007347,-2.567263336061789e-16,15.685296820746931,True
2026-05-08,49.60660755584915,0.33808881888441683,32.83516819842932,-2.5676298842209346e-16,16.771439357419826,True
2026-05-11,49.851220415695096,0.3394289790401274,32.93027156609135,-2.56799617904265e-16,16.920948849603743,True
2026-05-12,49.13217861088464,0.335446457136316,32.6509633644747,-2.568363035629938e-16,16.481215246409935,True
2026-05-13,49.97834164858652,0.3397974147495364,32.99583036292774,-2.5687302503849505e-16,16.982511285658784,True
2026-05-14,50.58883867848273,0.3431287170954295,33.230355363387304,-2.56909721183957e-16,17.358483315095423,True
2026-05-15,49.293749291617964,0.33604187681360376,32.72898526448341,-2.5694630023533786e-16,16.56476402713455,True
2026-05-18,48.92867790458732,0.3339657094240013,32.58817727700335,-2.5698288449487896e-16,16.34050062758396,True
2026-05-19,48.42223900118323,0.33114713896580633,32.38735309362292,-2.570192700088462e-16,16.03488590756031,True
2026-05-20,49.74581982415384,0.3381592567843765,32.92381036428847,-2.570557320684707e-16,16.822009459865367,True
2026-05-21,49.905346163661434,0.3390167790123656,32.986596451759816,-2.5709201568826697e-16,16.918749711901615,True
2026-05-22,50.240911233911675,0.3406473053692325,33.12648020278486,-2.5712855948210065e-16,17.114431031126813,True
2026-05-26,51.73273053231809,0.34829175909495086,33.71464681243195,-2.5716513908113046e-16,18.01808371988614,True
2026-05-27,51.63284891470292,0.34777320371175213,33.676327630871825,-2.5720169326893217e-16,17.956521283831098,True
2026-05-28,52.358705403902434,0.3513924548515623,33.960251379175396,-2.572382832721139e-16,18.398454024727037,True
2026-05-29,52.677300459934756,0.35294018569517893,34.08536425368465,-2.572749295187356e-16,18.591936206250107,True
2026-06-01,53.20722237578285,0.35554082633905665,34.28988256509107,-2.573115605688279e-16,18.91733981069178,True
2026-06-02,53.6245547238986,0.357611970904212,34.44777202022445,-2.5734852357755057e-16,19.17678270367415,True
2026-06-03,53.38941894471483,0.3564689443268031,34.357749135270915,-2.5738547147303297e-16,19.03166980944392,True
2026-06-04,52.67463960789562,0.3527497448072314,34.09367392839756,-2.5742247574045724e-16,18.580965679498064,True
2026-06-05,48.38462033359737,0.3291846935602217,32.45714391605445,-2.574594546846674e-16,15.92747641754292,True
2026-06-08,49.59353463527489,0.3353168826224919,32.963985203143935,-2.574964389409324e-16,16.629549432130958,True
2026-06-09,48.65821930729498,0.3303359520046967,32.58466010956638,-2.5753342851001534e-16,16.0735591977286,True
2026-06-10,47.037033831826655,0.32109383331872754,31.93373233082276,-2.575704233926794e-16,15.103301501003896,True
2026-06-11,49.585181620844196,0.3342301157016441,33.0123206306224,-2.5760742358968796e-16,16.572860990221795,True
2026-06-12,50.108680212015415,0.3373086735382278,33.20658775694925,-2.5764442910180433e-16,16.902092455066164,True
2026-06-15,52.69333301250411,0.3500177383700502,34.249731764287525,-2.576814399297921e-16,18.44360124821659,True
2026-06-16,51.026360470842725,0.34154031636399107,33.59880117272805,-2.577184560744148e-16,17.427559298114673,True
2026-06-17,50.166901685226016,0.3370041513936635,33.260447554747074,-2.5775547753643625e-16,16.90645413047894,True
2026-06-18,52.16271742557689,0.3463888211184569,34.09413523019612,-2.577925043166203e-16,18.06858219538077,True
2026-06-22,52.01390821577512,0.346164199639949,34.008555308115554,-2.578295364157309e-16,18.00535290765956,True
2026-06-23,49.11923228942263,0.33043159288019475,32.88868612297641,-2.578665738345321e-16,16.230546166446214,True
2026-06-24,48.76782985025335,0.3284702888413866,32.749046693173035,-2.5790361657378806e-16,16.018783157080314,True
2026-06-25,49.393866082308136,0.3316073357150828,33.01449775008634,-2.579406646342631e-16,16.379368332221794,True
2026-06-26,48.257631693004186,0.3252860229705589,32.56009860160886,-2.5797771801672166e-16,15.69753309139533,True
2026-06-29,50.23824719442203,0.3357778978735097,33.36935415862925,-2.580147767219282e-16,16.868893035792777,True
2026-06-30,51.63864338183237,0.34279598325631855,33.93712384973475,-2.5805184075064734e-16,17.701519532097613,True
2026-07-01,50.34748279127181,0.33622132485676604,33.41958542398717,-2.5808891010364377e-16,16.927897367284636,True
2026-07-02,48.87000345978578,0.3280071185956698,32.84029443918104,-2.5812598478168235e-16,16.029709020604745,True
2026-07-06,50.01190478623427,0.3339328599718443,33.31128638832749,-2.5816306478552808e-16,16.700618397906776,True
2026-07-07,48.47915355877172,0.32560280403803116,32.69420522264535,-2.5820015011594595e-16,15.78494833612637,True
2026-07-08,48.6788680096347,0.3264667356775891,32.78683687404904,-2.5823724077370115e-16,15.89203113558566,True
2026-07-09,50.01562159684952,0.3335584859861067,33.33248658135037,-2.5827433675955895e-16,16.683135015499147,True
2026-07-10,50.269181892036535,0.33487567605798424,33.43525562105902,-2.5831143807428476e-16,16.833926270977514,True
2026-07-13,48.67520961710466,0.32613208814204364,32.800661863926635,-2.5834854471864404e-16,15.874547753178028,True
2026-07-14,49.56170544117189,0.33079301305443615,33.167039566170196,-2.5838565669340243e-16,16.394665875001692,True
2026-07-15,49.345088433556185,0.329676489337315,33.07717291274203,-2.584227739993256e-16,16.267915520814153,True
2026-07-16,47.992695003820856,0.3221183263401889,32.533368412634935,-2.584598966371794e-16,15.45932659118592,True
2026-07-17,46.80222751137962,0.31532307142295385,32.044405383055526,-2.5849702460772985e-16,14.757822128324092,True
2026-07-20,46.86209386249587,0.3154798683412509,32.07804666056033,-2.5853415791174287e-16,14.784047201935538,True
2026-07-21,48.27001117313458,0.32312000276048986,32.67300502962246,-2.5857129654998466e-16,15.597006143512122,True
2026-07-22,47.86497656516516,0.3208776175288141,32.50617692186244,-2.586084405232215e-16,15.358799643302715,True
2026-07-23,46.37812077885816,0.31241072226598143,31.889098568996157,-2.5864558983221976e-16,14.489022209862,True
2026-07-24,45.519244058196406,0.3072631387563739,31.532858255057555,-2.586827444777459e-16,13.986385803138852,True
2026-07-27,45.2908829809958,0.3059172808688575,31.435619211299947,-2.5871990446056657e-16,13.85526376969585,True
2026-07-28,44.58322942184314,0.30175371589206174,31.130074277333676,-2.5875706978144843e-16,13.453155144509465,True
2026-07-29,43.11646963655093,0.29270781956258146,30.495941821999857,-2.587942404411583e-16,12.620527814551073,True
2026-07-30,45.33493021541602,0.3051379913006306,31.501520673729715,-2.5883141644046317e-16,13.83340954168631,True
2026-07-31,45.828018478203056,0.30814946804985777,31.70613896236573,-2.5886859778013e-16,14.121879515837323,True
2026-08-03,47.11464188620036,0.3152267029961493,32.262848661569144,-2.5890578446092595e-16,14.851793224631216,True
2026-08-04,49.70971174199963,0.328928865473079,33.35875265570989,-2.5894297648361833e-16,16.35095908628973,True
2026-08-05,48.975149865206255,0.3250271736932224,33.05689532331626,-2.589801738489744e-16,15.918254541889992,True
2026-08-06,48.67601117788627,0.3233880406219195,32.93477129777897,-2.590173765577618e-16,15.741239880107292,True
2026-08-07,49.59543666003997,0.32814453240821856,33.320965287649734,-2.59054584610748e-16,16.274471372390238,True
2026-08-10,49.349471531066655,0.32681305991320186,33.221419734899314,-2.590917980087007e-16,16.128051796167338,True
2026-08-11,49.07622740932297,0.32533741594864946,33.109894399465546,-2.5912901675238776e-16,15.966333009857419,True
2026-08-12,49.65472218550131,0.3283248782949103,33.351841567179015,-2.5916624084257707e-16,16.302880618322302,True
2026-08-13,50.59772559984017,0.33321954978628965,33.737574255251204,-2.5920347028003667e-16,16.860151344588964,True
2026-08-14,50.47296687151038,0.33248447300081524,33.69148908044864,-2.5924070506553464e-16,16.781477791061736,True
2026-08-17,50.332434694080824,0.33171946653162665,33.6361863081224,-2.592779451998393e-16,16.696248385958427,True
2026-08-18,48.91708274183282,0.3240280824358993,33.06657422263851,-2.59315190683719e-16,15.850508519194314,True
2026-08-19,48.74846849189211,0.3230418558544575,33.00067276020874,-2.593524415179422e-16,15.747795731683373,True
2026-08-20,48.16584108417099,0.31978073573770943,32.7633329848492,-2.593896977032775e-16,15.402508099321793,True
2026-08-21,48.432304911147206,0.32113478216712515,32.87900722365416,-2.5942695924049356e-16,15.553297687493044,True
2026-08-24,47.632139037721984,0.31661937377394067,32.55088100408518,-2.594642261303592e-16,15.081258033636809,True
2026-08-25,48.110267889201936,0.3191961815519569,32.753654085526954,-2.5950149837364334e-16,15.356613803674982,True
2026-08-26,48.18393283396902,0.3196153023199684,32.78361057427496,-2.59538775971115e-16,15.40032225969406,True
2026-08-27,49.25126288388171,0.32524614028369875,33.232479726801394,-2.5957605892354327e-16,16.018783157080314,True
2026-08-28,48.718704549606976,0.3222972213342719,33.016801446263294,-2.5961334723169744e-16,15.70190310334368,True
2026-08-31,48.74921098766016,0.32240933397059607,33.032010341536584,-2.5965064089634687e-16,15.717200646123578,True
