date,equity,tqqq_weight,core_value,reserve_cash,tactical_cash,tqqq_value,in_campaign
1999-03-10,1.0,0.0,0.8,0.19999999999999996,0.0,0.0,False
1999-03-11,1.0064449553206847,0.0,0.8064094791318737,0.200035476188811,0.0,0.0,False
1999-03-12,0.9927996864047494,0.0,0.7927286483533534,0.20007103805139595,0.0,0.0,False
1999-03-15,1.0098650795627948,0.0,0.8097585527217911,0.20010652684100363,0.0,0.0,False
1999-03-16,1.0117972482171764,0.0,0.811655305696913,0.20014194252026335,0.0,0.0,False
1999-03-17,1.0071560206542103,0.0,0.8069788944525578,0.20017712620165257,0.0,0.0,False
1999-03-18,1.0215066553033763,0.0,0.8212945775392484,0.20021207776412786,0.0,0.0,False
1999-03-19,1.004063090183765,0.0,0.8038162931038866,0.20024679707987855,0.0,0.0,False
1999-03-22,0.9999684978870778,0.0,0.799686896005845,0.20028160188123276,0.0,0.0,False
1999-03-23,0.9743865906607427,0.0,0.7740700984538942,0.20031649220684855,0.0,0.0,False
1999-03-24,0.9897584954474447,0.0,0.7894071863255647,0.2003513091218799,0.0,0.0,False
1999-03-25,1.0122800411075505,0.0,0.8118939090191276,0.20038613208842285,0.0,0.0,False
1999-03-26,1.0050109515492298,0.0,0.8045899109253659,0.20042104062386384,0.0,0.0,False
1999-03-29,1.0277381319205652,0.0,0.827282176679972,0.20045595524059318,0.0,0.0,False
1999-03-30,1.0227122198308283,0.0,0.822221343891158,0.20049087593967024,0.0,0.0,False
1999-03-31,1.0101182152713215,0.0,0.8095925716687579,0.20052564360256359,0.0,0.0,False
1999-04-01,1.021645499176694,0.0,0.821085161453778,0.20056033772291595,0.0,0.0,False
1999-04-05,1.0462509477004802,0.0,0.8456563873787364,0.20059456032174383,0.0,0.0,False
1999-04-06,1.0461202487250294,0.0,0.8454915395677249,0.20062870915730446,0.0,0.0,False
1999-04-07,1.045159766551125,0.0,0.8444969027448272,0.20066286380629778,0.0,0.0,False
1999-04-08,1.0539019965609129,0.0,0.8532050519173456,0.2006969446435673,0.0,0.0,False
1999-04-09,1.056678582205332,0.0,0.8559476305796297,0.2007309516257022,0.0,0.0,False
1999-04-12,1.058398250674358,0.0,0.8576333659573914,0.20076488471696685,0.0,0.0,False
1999-04-13,1.0498778437872394,0.0,0.8490793389206145,0.20079850486662493,0.0,0.0,False
1999-04-14,1.0282048437089797,0.0,0.8273731114701083,0.2008317322388715,0.0,0.0,False
1999-04-15,1.0323146544303796,0.0,0.8314497690178784,0.2008648854125012,0.0,0.0,False
1999-04-16,1.016688081286352,0.0,0.8157897981007803,0.2008982831855715,0.0,0.0,False
1999-04-19,0.9912909431221468,0.0,0.7903590174479684,0.2009319256741784,0.0,0.0,False
1999-04-20,1.0052593035815547,0.0,0.8042938095179019,0.20096549406365274,0.0,0.0,False
1999-04-21,1.0366407195457827,0.0,0.8356413324920597,0.20099938705372297,0.0,0.0,False
1999-04-22,1.0519424845227774,0.0,0.8509092785263915,0.2010332059963858,0.0,0.0,False
1999-04-23,1.0565040459175072,0.0,0.8554367759613686,0.20106726995613858,0.0,0.0,False
1999-04-26,1.0688460718676314,0.0,0.8677444130256989,0.20110165884193246,0.0,0.0,False
1999-04-27,1.064316060164244,0.0,0.8631796873462488,0.20113637281799532,0.0,0.0,False
1999-04-28,1.0436892769601493,0.0,0.8425180245419082,0.20117125241824124,0.0,0.0,False
1999-04-29,1.0370901166582553,0.0,0.8358838987595135,0.2012062178987418,0.0,0.0,False
1999-04-30,1.0364143365929914,0.0,0.8351731471364154,0.20124118945657601,0.0,0.0,False
1999-05-03,1.0419021730677216,0.0,0.8406256066891319,0.2012765663785898,0.0,0.0,False
1999-05-04,1.029299400644173,0.0,0.8279872115078954,0.20131218913627738,0.0,0.0,False
1999-05-05,1.045169447036307,0.0,0.8438213891824446,0.20134805785386253,0.0,0.0,False
1999-05-06,1.0272845965844326,0.0,0.8259007435201327,0.20138385306430004,0.0,0.0,False
1999-05-07,1.036381753202822,0.0,0.8349620985644916,0.20141965463833053,0.0,0.0,False
1999-05-10,1.038526835366763,0.0,0.8370714527199413,0.20145538264682156,0.0,0.0,False
1999-05-11,1.049398851309697,0.0,0.8479077343169165,0.20149111699278047,0.0,0.0,False
1999-05-12,1.061530821316445,0.0,0.860003883680491,0.2015269376359539,0.0,0.0,False
1999-05-13,1.0554392444735055,0.0,0.8538765597991012,0.20156268467440433,0.0,0.0,False
1999-05-14,1.0363128227365346,0.0,0.8347145446530684,0.2015982780834661,0.0,0.0,False
1999-05-17,1.045125655734858,0.0,0.8434913779588771,0.20163427777598097,0.0,0.0,False
1999-05-18,1.0424976497438767,0.0,0.8408269657773266,0.20167068396655002,0.0,0.0,False
1999-05-19,1.0514002201990058,0.0,0.8496932835244924,0.20170693667451356,0.0,0.0,False
1999-05-20,1.037203907105694,0.0,0.8354609513353458,0.2017429557703483,0.0,0.0,False
1999-05-21,1.0310511142371614,0.0,0.8292722930523013,0.20177882118486012,0.0,0.0,False
1999-05-24,1.0136500738471,0.0,0.811835541013423,0.20181453283367687,0.0,0.0,False
1999-05-25,0.9938147047193916,0.0,0.7919641335762801,0.20185057114311145,0.0,0.0,False
1999-05-26,1.0093112653029919,0.0,0.8074245693137672,0.20188669598922476,0.0,0.0,False
1999-05-27,1.0031748693822735,0.0,0.8012519619699527,0.2019229074123208,0.0,0.0,False
1999-05-28,1.0149273680514483,0.0,0.8129682427209668,0.2019591253304816,0.0,0.0,False
1999-06-01,1.004516151512169,0.0,0.8025208819078197,0.20199526960434927,0.0,0.0,False
1999-06-02,1.011717044077089,0.0,0.8096853832617756,0.20203166081531349,0.0,0.0,False
1999-06-03,1.0082478084183724,0.0,0.8061792688085951,0.20206853960977714,0.0,0.0,False
1999-06-04,1.0287357804888675,0.0,0.8266309968395991,0.20210478364926848,0.0,0.0,False
1999-06-07,1.0384382102273748,0.0,0.8362978978417225,0.2021403123856523,0.0,0.0,False
1999-06-08,1.0238925147349573,0.0,0.8217169882245279,0.20217552651042944,0.0,0.0,False
1999-06-09,1.030412124686702,0.0,0.8282006558602953,0.20221146882640653,0.0,0.0,False
1999-06-10,1.0218839626675984,0.0,0.8196366253799525,0.20224733728764577,0.0,0.0,False
1999-06-11,1.012285163687229,0.0,0.8100014700313154,0.20228369365591348,0.0,0.0,False
1999-06-14,1.0050734812720905,0.0,0.8027529430850362,0.2023205381870542,0.0,0.0,False
1999-06-15,1.0138004336059987,0.0,0.8114432047485378,0.2023572288574608,0.0,0.0,False
1999-06-16,1.0424301713843074,0.0,0.8400360846017938,0.20239408678251367,0.0,0.0,False
1999-06-17,1.0510659673706981,0.0,0.8486353372098725,0.20243063016082574,0.0,0.0,False
1999-06-18,1.0535278136043007,0.0,0.8510609547852067,0.2024668588190939,0.0,0.0,False
1999-06-21,1.0672935202072458,0.0,0.8647903459041042,0.20250317430314155,0.0,0.0,False
1999-06-22,1.0512737488626627,0.0,0.8487340114848503,0.20253973737781233,0.0,0.0,False
1999-06-23,1.0559190615008605,0.0,0.8533422722097008,0.2025767892911597,0.0,0.0,False
1999-06-24,1.0442758790120126,0.0,0.841662191804434,0.2026136872075786,0.0,0.0,False
1999-06-25,1.042726155894259,0.0,0.8400755640495694,0.20265059184468967,0.0,0.0,False
1999-06-28,1.0578575729911064,0.0,0.8551695068715329,0.20268806611957357,0.0,0.0,False
1999-06-29,1.0677517497790545,0.0,0.8650261220212173,0.20272562775783717,0.0,0.0,False
1999-06-30,1.0822930467838132,0.0,0.879529609089,0.20276343769481317,0.0,0.0,False
1999-07-01,1.0886219216550628,0.0,0.8858209083543168,0.2028010133007459,0.0,0.0,False
1999-07-02,1.0986774745700951,0.0,0.8958396834651587,0.2028377911049363,0.0,0.0,False
1999-07-06,1.0957543506924838,0.0,0.892880016588981,0.20287433410350292,0.0,0.0,False
1999-07-07,1.0971081873404267,0.0,0.8941974646660397,0.20291072267438698,0.0,0.0,False
1999-07-08,1.1034688599155729,0.0,0.9005216616214918,0.20294719829408092,0.0,0.0,False
1999-07-09,1.1106877658612861,0.0,0.9077040048579784,0.20298376100330764,0.0,0.0,False
1999-07-12,1.1063352820876167,0.0,0.9033147906899217,0.20302049139769496,0.0,0.0,False
1999-07-13,1.102623599592615,0.0,0.8995663711540806,0.20305722843853452,0.0,0.0,False
1999-07-14,1.1128323888073026,0.0,0.9097382555238968,0.20309413328340584,0.0,0.0,False
1999-07-15,1.1199472679489082,0.0,0.916816223113322,0.20313104483558614,0.0,0.0,False
1999-07-16,1.1267123600565527,0.0,0.923544477565817,0.2031678824907357,0.0,0.0,False
1999-07-19,1.1189938111132482,0.0,0.9157893261551016,0.20320448495814672,0.0,0.0,False
1999-07-20,1.0919691644241334,0.0,0.8887282316775686,0.20324093274656477,0.0,0.0,False
1999-07-21,1.0936418692521142,0.0,0.8903647241348545,0.20327714511725978,0.0,0.0,False
1999-07-22,1.0765043105000522,0.0,0.8731911078908866,0.20331320260916555,0.0,0.0,False
1999-07-23,1.0763439723335524,0.0,0.8729946251548801,0.20334934717867215,0.0,0.0,False
1999-07-26,1.0624490345308635,0.0,0.8590632135805498,0.20338582095031377,0.0,0.0,False
1999-07-27,1.0747202783246879,0.0,0.8712975735157766,0.20342270480891125,0.0,0.0,False
1999-07-28,1.0846982937821346,0.0,0.8812386177044731,0.20345967607766147,0.0,0.0,False
1999-07-29,1.0691559484812911,0.0,0.865659375151463,0.2034965733298282,0.0,0.0,False
1999-07-30,1.0617189203110493,0.0,0.8581853622871606,0.20353355802388873,0.0,0.0,False
1999-08-02,1.0615816156634874,0.0,0.8580107431548853,0.20357087250860212,0.0,0.0,False
1999-08-03,1.0568130776344913,0.0,0.8532046414522153,0.2036084361822759,0.0,0.0,False
1999-08-04,1.0432856192235334,0.0,0.8396392892485057,0.2036463299750277,0.0,0.0,False
1999-08-05,1.0538116664652804,0.0,0.8501276780828475,0.20368398838243285,0.0,0.0,False
1999-08-06,1.0446412090569777,0.0,0.8409202019185428,0.2037210071384349,0.0,0.0,False
1999-08-09,1.0383691839989135,0.0,0.8346105046437255,0.20375867935518807,0.0,0.0,False
1999-08-10,1.0300357710093346,0.0,0.8262387656186899,0.2037970053906447,0.0,0.0,False
1999-08-11,1.0486877143191207,0.0,0.8448518095798939,0.20383590473922675,0.0,0.0,False
1999-08-12,1.0435143521697643,0.0,0.8396398642058662,0.2038744879638981,0.0,0.0,False
1999-08-13,1.0715642387924922,0.0,0.8676520502300701,0.20391218856242202,0.0,0.0,False
1999-08-16,1.077003988968733,0.0,0.8730545783409165,0.20394941062781652,0.0,0.0,False
1999-08-17,1.0820686023945434,0.0,0.8780817201082132,0.20398688228633027,0.0,0.0,False
1999-08-18,1.0740139554102304,0.0,0.8699891898471508,0.2040247655630796,0.0,0.0,False
1999-08-19,1.0653133809175321,0.0,0.8612511298509642,0.20406225106656792,0.0,0.0,False
1999-08-20,1.076554945847618,0.0,0.872455202390344,0.2040997434572739,0.0,0.0,False
1999-08-23,1.0988155886150823,0.0,0.8946778599273126,0.2041377286877697,0.0,0.0,False
1999-08-24,1.1035315836759023,0.0,0.8993552146324998,0.2041763690434025,0.0,0.0,False
1999-08-25,1.117755320224698,0.0,0.9135396553332641,0.20421566489143378,0.0,0.0,False
1999-08-26,1.1047255901374422,0.0,0.9004711080623956,0.20425448207504648,0.0,0.0,False
1999-08-27,1.0948317606655642,0.0,0.8905385350799156,0.2042932255856486,0.0,0.0,False
1999-08-30,1.080354200542055,0.0,0.8760217376848586,0.2043324628571965,0.0,0.0,False
1999-08-31,1.0836112250932666,0.0,0.8792394363461744,0.20437178874709214,0.0,0.0,False
1999-09-01,1.092224426563165,0.0,0.8878133043575043,0.20441112220566088,0.0,0.0,False
1999-09-02,1.085465970032744,0.0,0.8810157501427928,0.20445021988995138,0.0,0.0,False
1999-09-03,1.1185947975274186,0.0,0.9141057969988176,0.20448900052860097,0.0,0.0,False
1999-09-07,1.114901317347151,0.0,0.9103736099721762,0.20452770737497483,0.0,0.0,False
1999-09-08,1.1065772105529792,0.0,0.9020114382986675,0.20456577225431183,0.0,0.0,False
1999-09-09,1.112819280926679,0.0,0.9082154367087331,0.2046038442179459,0.0,0.0,False
1999-09-10,1.1218787723789216,0.0,0.9172369303055862,0.20464184207333547,0.0,0.0,False
1999-09-13,1.1132988621465523,0.0,0.9086195024030994,0.2046793597434529,0.0,0.0,False
1999-09-14,1.1128420317247183,0.0,0.9081250662090815,0.20471696551563684,0.0,0.0,False
1999-09-15,1.0969152870883205,0.0,0.8921602214703035,0.2047550656180171,0.0,0.0,False
1999-09-16,1.098469601332212,0.0,0.893676997286428,0.20479260404578387,0.0,0.0,False
1999-09-17,1.117555346700287,0.0,0.9127256849456646,0.2048296617546224,0.0,0.0,False
1999-09-20,1.118022649305074,0.0,0.913156004415529,0.2048666448895451,0.0,0.0,False
1999-09-21,1.0974843451809306,0.0,0.8925807917771004,0.20490355340383015,0.0,0.0,False
1999-09-22,1.10177087294398,0.0,0.8968295099551153,0.20494136298886464,0.0,0.0,False
1999-09-23,1.0738397735999463,0.0,0.868860350073637,0.20497942352630938,0.0,0.0,False
1999-09-24,1.074018798382364,0.0,0.8690013885892487,0.2050174097931152,0.0,0.0,False
1999-09-27,1.079977764906023,0.0,0.8749223618065832,0.20505540309943962,0.0,0.0,False
1999-09-28,1.081198757501812,0.0,0.8761053540552249,0.2050934034465872,0.0,0.0,False
1999-09-29,1.0672267424776476,0.0,0.8620953316417849,0.20513141083586273,0.0,0.0,False
1999-09-30,1.0783740835224296,0.0,0.8732045768545231,0.20516950666790634,0.0,0.0,False
1999-10-01,1.0776286130414008,0.0,0.8724207592153901,0.20520785382601078,0.0,0.0,False
1999-10-04,1.0952045122070257,0.0,0.889958304055644,0.20524620815138173,0.0,0.0,False
1999-10-05,1.097979350596884,0.0,0.8926948624002974,0.20528448819658665,0.0,0.0,False
1999-10-06,1.113794699542226,0.0,0.9084716797728979,0.20532301976932812,0.0,0.0,False
1999-10-07,1.110197874519615,0.0,0.904836804809097,0.20536106971051812,0.0,0.0,False
1999-10-08,1.1218592530512859,0.0,0.9164598818729712,0.20539937117831455,0.0,0.0,False
1999-10-11,1.1276057893817124,0.0,0.9221683541129585,0.205437435268754,0.0,0.0,False
1999-10-12,1.1100545147292358,0.0,0.9045790083161016,0.2054755064131341,0.0,0.0,False
1999-10-13,1.084964593197782,0.0,0.8794506008978559,0.20551399229992617,0.0,0.0,False
1999-10-14,1.0876423512832887,0.0,0.8820888872470891,0.2055534640361996,0.0,0.0,False
1999-10-15,1.06337680607236,0.0,0.8577836180144806,0.20559318805787943,0.0,0.0,False
1999-10-18,1.0611009047535693,0.0,0.8554678218281442,0.2056330829254252,0.0,0.0,False
1999-10-19,1.0676032555497743,0.0,0.8619299436138919,0.20567331193588248,0.0,0.0,False
1999-10-20,1.0850277530385957,0.0,0.8793137145241622,0.20571403851443346,0.0,0.0,False
1999-10-21,1.0948172642406426,0.0,0.8890624910831495,0.20575477315749308,0.0,0.0,False
1999-10-22,1.0966188507324954,0.0,0.890823416512532,0.20579543421996327,0.0,0.0,False
1999-10-25,1.0946367149617806,0.0,0.8888011016326085,0.20583561332917213,0.0,0.0,False
1999-10-26,1.0855139741791135,0.0,0.8796383372576817,0.2058756369214318,0.0,0.0,False
1999-10-27,1.0928418913218316,0.0,0.886925487758292,0.20591640356353957,0.0,0.0,False
1999-10-28,1.1233516982223652,0.0,0.9173945199442759,0.20595717827808924,0.0,0.0,False
1999-10-29,1.1477204721755239,0.0,0.9417228380246888,0.20599763415083502,0.0,0.0,False
1999-11-01,1.140358406802897,0.0,0.9343202270856632,0.20603817971723368,0.0,0.0,False
1999-11-02,1.1373401253290807,0.0,0.9312612285428421,0.2060788967862385,0.0,0.0,False
1999-11-03,1.149798647299263,0.0,0.9436790253975511,0.20611962190171176,0.0,0.0,False
1999-11-04,1.158731841018581,0.0,0.9525715677487103,0.20616027326987071,0.0,0.0,False
1999-11-05,1.1683109306702364,0.0,0.9621102434415661,0.2062006872286703,0.0,0.0,False
1999-11-08,1.1784883537579371,0.0,0.9722469173456822,0.2062414364122549,0.0,0.0,False
1999-11-09,1.1706854317623432,0.0,0.964402747063118,0.20628268469922517,0.0,0.0,False
1999-11-10,1.1806337503032456,0.0,0.9743098090673927,0.20632394123585276,0.0,0.0,False
1999-11-11,1.1921379756246875,0.0,0.9857726877244462,0.20636528790024142,0.0,0.0,False
1999-11-12,1.2031129663509987,0.0,0.9967063235006282,0.20640664285037066,0.0,0.0,False
1999-11-15,1.203354105674047,0.0,0.9969058538661394,0.20644825180790766,0.0,0.0,False
1999-11-16,1.2202136405319357,0.0,1.0137235256052066,0.20649011492672917,0.0,0.0,False
1999-11-17,1.2147398575932835,0.0,1.008207625239445,0.20653223235383847,0.0,0.0,False
1999-11-18,1.2337973097531982,0.0,1.027223361165463,0.20657394858773512,0.0,0.0,False
1999-11-19,1.2379834020931746,0.0,1.0313678108211908,0.20661559127198373,0.0,0.0,False
1999-11-22,1.2300438078810063,0.0,1.0233865655301377,0.20665724235086855,0.0,0.0,False
1999-11-23,1.2279528850536952,0.0,1.021254065232422,0.20669881982127306,0.0,0.0,False
1999-11-24,1.247522201354677,0.0,1.0407813035584301,0.2067408977962468,0.0,0.0,False
1999-11-26,1.2472963425731978,0.0,1.0405133582361035,0.2067829843370942,0.0,0.0,False
1999-11-29,1.2369194395396472,0.0,1.0300943600940882,0.20682507944555903,0.0,0.0,False
1999-11-30,1.2113183010133037,0.0,1.0044507895964545,0.2068675114168492,0.0,0.0,False
1999-12-01,1.2263074331923949,0.0,1.019397645279374,0.20690978791302084,0.0,0.0,False
1999-12-02,1.245585876012373,0.0,1.0386342135002005,0.20695166251217256,0.0,0.0,False
1999-12-03,1.266212542680211,0.0,1.059219079215905,0.2069934634643061,0.0,0.0,False
1999-12-06,1.2671532905536596,0.0,1.0601180176940908,0.20703527285956871,0.0,0.0,False
1999-12-07,1.262902646109694,0.0,1.0558255554100282,0.2070770906996658,0.0,0.0,False
1999-12-08,1.25316135678302,0.0,1.0460426041434576,0.2071187526395624,0.0,0.0,False
1999-12-09,1.2582445687496078,0.0,1.0510842279800254,0.20716034076958245,0.0,0.0,False
1999-12-10,1.2643805825010026,0.0,1.0571783164251436,0.20720226607585898,0.0,0.0,False
1999-12-13,1.2725380661772143,0.0,1.0652937018641095,0.20724436431310486,0.0,0.0,False
1999-12-14,1.2578194972925978,0.0,1.0505322860292556,0.20728721126334204,0.0,0.0,False
1999-12-15,1.2707746018158812,0.0,1.063444534743865,0.2073300670720162,0.0,0.0,False
1999-12-16,1.2862850317287442,0.0,1.07891234681102,0.20737268491772426,0.0,0.0,False
1999-12-17,1.2944600358518283,0.0,1.0870443951653834,0.20741564068644497,0.0,0.0,False
1999-12-20,1.297670921764741,0.0,1.0902118225613777,0.20745909920336328,0.0,0.0,False
1999-12-21,1.3353147592375465,0.0,1.127811369162062,0.20750339007548457,0.0,0.0,False
1999-12-22,1.3350569499575582,0.0,1.1275089301840562,0.20754801977350204,0.0,0.0,False
1999-12-23,1.3508001383360162,0.0,1.1432078087065565,0.20759232962945973,0.0,0.0,False
1999-12-27,1.3466851779073297,0.0,1.1390491879847497,0.20763598992258,0.0,0.0,False
1999-12-28,1.3427917248811334,0.0,1.135112230273222,0.20767949460791155,0.0,0.0,False
1999-12-29,1.366753557744986,0.0,1.1590307141613136,0.20772284358367235,0.0,0.0,False
1999-12-30,1.3598522507227324,0.0,1.1520874504205865,0.20776480030214603,0.0,0.0,False
1999-12-31,1.3600274047758405,0.0,1.152221298850795,0.20780610592504553,0.0,0.0,False
2000-01-03,1.3757106206408007,0.0,1.1678618814783153,0.20784873916248547,0.0,0.0,False
2000-01-04,1.3128600357742615,0.0,1.1049678298319576,0.20789220594230381,0.0,0.0,False
2000-01-05,1.2998061694395961,0.0,1.0918704876273975,0.2079356818121987,0.0,0.0,False
2000-01-06,1.2535817673771166,0.0,1.0456026006030454,0.2079791667740711,0.0,0.0,False
2000-01-07,1.3486492625692064,0.0,1.1406268493353617,0.20802241323384466,0.0,0.0,False
2000-01-10,1.3664904774055107,0.0,1.158424973816371,0.20806550358913972,0.0,0.0,False
2000-01-11,1.331425823624982,0.0,1.1233171381871225,0.20810868543785954,0.0,0.0,False
2000-01-12,1.313515413314938,0.0,1.1053632067354797,0.2081522065794583,0.0,0.0,False
2000-01-13,1.3543576492016707,0.0,1.146161829777196,0.2081958194244746,0.0,0.0,False
2000-01-14,1.3755275956373447,0.0,1.1672886499377226,0.20823894569962198,0.0,0.0,False
2000-01-18,1.3741043103371582,0.0,1.1658219815238489,0.2082823288133094,0.0,0.0,False
2000-01-19,1.3920900420732079,0.0,1.1837644864113404,0.20832555566186758,0.0,0.0,False
2000-01-20,1.3772945276202782,0.0,1.1689247441130564,0.20836978350722168,0.0,0.0,False
2000-01-21,1.3833777689534232,0.0,1.1749641616409503,0.20841360731247294,0.0,0.0,False
2000-01-24,1.3385412672889918,0.0,1.1300838269543558,0.20845744033463592,0.0,0.0,False
2000-01-25,1.35348074137615,0.0,1.1449792106390904,0.2085015307370597,0.0,0.0,False
2000-01-26,1.3259040413018806,0.0,1.1173578316645882,0.2085462096372924,0.0,0.0,False
2000-01-27,1.3319326876687654,0.0,1.1233417068028095,0.20859098086595576,0.0,0.0,False
2000-01-28,1.2861603516281315,0.0,1.0775245899219115,0.20863576170621992,0.0,0.0,False
2000-01-31,1.3239278817246458,0.0,1.1152468328131577,0.20868104891148814,0.0,0.0,False
2000-02-01,1.3444280218561802,0.0,1.1357011790461102,0.20872684281007,0.0,0.0,False
2000-02-02,1.3497953016970923,0.0,1.1410224892831569,0.20877281241393536,0.0,0.0,False
2000-02-03,1.380701999944651,0.0,1.1718836220359428,0.20881837790870825,0.0,0.0,False
2000-02-04,1.382302226258533,0.0,1.173438852962674,0.20886337329585894,0.0,0.0,False
2000-02-07,1.3895625361650417,0.0,1.180653660493326,0.20890887567171565,0.0,0.0,False
2000-02-08,1.4223633234873454,0.0,1.2134091013272927,0.2089542221600527,0.0,0.0,False
2000-02-09,1.3882346294659962,0.0,1.1792346363812476,0.20899999308474868,0.0,0.0,False
2000-02-10,1.4088101526026697,0.0,1.1997646273784688,0.20904552522420103,0.0,0.0,False
2000-02-11,1.3827388958983409,0.0,1.173647745658714,0.20909115023962696,0.0,0.0,False
2000-02-14,1.3854878394634955,0.0,1.176351220195801,0.20913661926769447,0.0,0.0,False
2000-02-15,1.3964252154080083,0.0,1.1872432832058226,0.20918193220218573,0.0,0.0,False
2000-02-16,1.3849579017163705,0.0,1.1757296506584018,0.2092282510579686,0.0,0.0,False
2000-02-17,1.394455993416875,0.0,1.1851816623258398,0.20927433109103522,0.0,0.0,False
2000-02-18,1.3603829445129814,0.0,1.1510623571497198,0.20932058736326145,0.0,0.0,False
2000-02-22,1.3607941103386874,0.0,1.1514272564790946,0.20936685385959264,0.0,0.0,False
2000-02-23,1.399703732318433,0.0,1.1902903524921082,0.20941337982632466,0.0,0.0,False
2000-02-24,1.4006110729827124,0.0,1.191150824448679,0.20946024853403344,0.0,0.0,False
2000-02-25,1.3848709641575974,0.0,1.1753638364261922,0.20950712773140512,0.0,0.0,False
2000-02-28,1.3968930065578806,0.0,1.1873391554124328,0.20955385114544775,0.0,0.0,False
2000-02-29,1.4183614654499066,0.0,1.2087605478455101,0.20960091760439645,0.0,0.0,False
2000-03-01,1.427760624828869,0.0,1.218112796544024,0.20964782828484504,0.0,0.0,False
2000-03-02,1.4141160438007643,0.0,1.204421627110427,0.20969441669033717,0.0,0.0,False
2000-03-03,1.4594036980257485,0.0,1.2496627657869472,0.2097409322388013,0.0,0.0,False
2000-03-06,1.4582853429926124,0.0,1.2484975519652195,0.20978779102739284,0.0,0.0,False
2000-03-07,1.4368472292101597,0.0,1.2270124024272386,0.20983482678292106,0.0,0.0,False
2000-03-08,1.4416892622829376,0.0,1.231807389198773,0.2098818730841645,0.0,0.0,False
2000-03-09,1.4804965306956854,0.0,1.2705674341894415,0.20992909650624386,0.0,0.0,False
2000-03-10,1.4743988896442706,0.0,1.264422642397781,0.20997624724648958,0.0,0.0,False
2000-03-13,1.4509732347180726,0.0,1.2409496594934752,0.21002357522459733,0.0,0.0,False
2000-03-14,1.419251984975832,0.0,1.2091808210757369,0.21007116390009511,0.0,0.0,False
2000-03-15,1.40806710040083,0.0,1.1979483370422475,0.21011876335858254,0.0,0.0,False
2000-03-16,1.4703019702718942,0.0,1.2601357634301555,0.21016620684173862,0.0,0.0,False
2000-03-17,1.4864629224273045,0.0,1.2762491779927518,0.21021374443455257,0.0,0.0,False
2000-03-20,1.4652575581101102,0.0,1.2549962653301932,0.21026129277991693,0.0,0.0,False
2000-03-21,1.5018553475250165,0.0,1.2915462453319393,0.21030910219307722,0.0,0.0,False
2000-03-22,1.5188284061851103,0.0,1.3084714002539992,0.21035700593111106,0.0,0.0,False
2000-03-23,1.541523069523509,0.0,1.3311181489429575,0.21040492058055146,0.0,0.0,False
2000-03-24,1.5544872690470948,0.0,1.3440345063951569,0.21045276265193796,0.0,0.0,False
2000-03-27,1.5484954862883507,0.0,1.337994954201563,0.21050053208678773,0.0,0.0,False
2000-03-28,1.5276450233721213,0.0,1.3170970451350907,0.2105479782370305,0.0,0.0,False
2000-03-29,1.501114113922691,0.0,1.2905184281870983,0.21059568573559262,0.0,0.0,False
2000-03-30,1.4742295364445153,0.0,1.2635860488328028,0.2106434876117126,0.0,0.0,False
2000-03-31,1.4947021883212068,0.0,1.2840109715697205,0.21069121675148633,0.0,0.0,False
2000-04-03,1.4600091458757842,0.0,1.2492701055641544,0.21073904031162974,0.0,0.0,False
2000-04-04,1.4493426650790207,0.0,1.2385560412296357,0.21078662384938496,0.0,0.0,False
2000-04-05,1.4345121559346612,0.0,1.223678105094272,0.21083405084038923,0.0,0.0,False
2000-04-06,1.4543913675472337,0.0,1.2435096280540836,0.2108817394931502,0.0,0.0,False
2000-04-07,1.4833989931769127,0.0,1.2724694705591375,0.21092952261777523,0.0,0.0,False
2000-04-10,1.4421665313183052,0.0,1.2311892147488557,0.2109773165694496,0.0,0.0,False
2000-04-11,1.4258262411191627,0.0,1.2148012872106912,0.2110249539084715,0.0,0.0,False
2000-04-12,1.3734861610179356,0.0,1.1624137264941958,0.2110724345237398,0.0,0.0,False
2000-04-13,1.3401932010878315,0.0,1.129073275265685,0.21111992582214667,0.0,0.0,False
2000-04-14,1.2590376150996208,0.0,1.0478704386285276,0.2111671764710931,0.0,0.0,False
2000-04-17,1.3376811160990776,0.0,1.126466678403893,0.2112144376951845,0.0,0.0,False
2000-04-18,1.367535004603018,0.0,1.1562732951062302,0.21126170949678771,0.0,0.0,False
2000-04-19,1.3445307108388327,0.0,1.1332217189605627,0.2113089918782701,0.0,0.0,False
2000-04-20,1.3349907839413533,0.0,1.1236344990993539,0.2113562848419995,0.0,0.0,False
2000-04-24,1.3128359112484458,0.0,1.1014324906010247,0.2114034206474211,0.0,0.0,False
2000-04-25,1.3729101186433685,0.0,1.1614597194588259,0.2114503991845427,0.0,0.0,False
2000-04-26,1.3465452609636381,0.0,1.135047621073873,0.2114976398897652,0.0,0.0,False
2000-04-27,1.3698842398958582,0.0,1.158339684456916,0.21154455543894202,0.0,0.0,False
2000-04-28,1.3885511508242894,0.0,1.1769597533772835,0.2115913974470059,0.0,0.0,False
2000-05-01,1.4020175765398872,0.0,1.1903787389573355,0.2116388375825517,0.0,0.0,False
2000-05-02,1.3559440666527856,0.0,1.144257610331137,0.2116864563216485,0.0,0.0,False
2000-05-03,1.336245890002895,0.0,1.1245112162125626,0.21173467379033245,0.0,0.0,False
2000-05-04,1.3417217353631055,0.0,1.1299388331212217,0.2117829022418838,0.0,0.0,False
2000-05-05,1.3620593632002884,0.0,1.1502283896029923,0.2118309735972961,0.0,0.0,False
2000-05-08,1.3353810948617535,0.0,1.1235014505767968,0.2118796442849567,0.0,0.0,False
2000-05-09,1.3189466436314488,0.0,1.1070174766847243,0.2119291669467245,0.0,0.0,False
2000-05-10,1.266285158273111,0.0,1.0543058683961053,0.21197928987700576,0.0,0.0,False
2000-05-11,1.310605550353197,0.0,1.0985763780495015,0.21202917230369553,0.0,0.0,False
2000-05-12,1.3166086317637729,0.0,1.1045297335721422,0.2120788981916305,0.0,0.0,False
2000-05-15,1.3502697361208935,0.0,1.1381406795863538,0.21212905653453973,0.0,0.0,False
2000-05-16,1.3719375557110862,0.0,1.1597585815071483,0.21217897420393794,0.0,0.0,False
2000-05-17,1.3539620927466247,0.0,1.141732515539372,0.2122295772072526,0.0,0.0,False
2000-05-18,1.3265471353348006,0.0,1.1142677852398928,0.2122793500949078,0.0,0.0,False
2000-05-19,1.2914576263864856,0.0,1.0791300080106216,0.2123276183758639,0.0,0.0,False
2000-05-22,1.2870303905546652,0.0,1.0746547456952995,0.21237564485936564,0.0,0.0,False
2000-05-23,1.2343200629810362,0.0,1.021896380775036,0.2124236822060002,0.0,0.0,False
2000-05-24,1.2747140233262497,0.0,1.0622416185437527,0.21247240478249696,0.0,0.0,False
2000-05-25,1.2539586407097905,0.0,1.041437839437023,0.21252080127276762,0.0,0.0,False
2000-05-26,1.2545966416660668,0.0,1.042028107547951,0.21256853411811585,0.0,0.0,False
2000-05-30,1.3239862396832922,0.0,1.1113700463493812,0.21261619333391105,0.0,0.0,False
2000-05-31,1.3094220937883767,0.0,1.0967586524123072,0.21266344137606952,0.0,0.0,False
2000-06-01,1.347105683603402,0.0,1.1343959119795357,0.21270977162386634,0.0,0.0,False
2000-06-02,1.3976046942513392,0.0,1.1848479914243752,0.21275670282696385,0.0,0.0,False
2000-06-05,1.3962556289348327,0.0,1.183450802569554,0.21280482636527867,0.0,0.0,False
2000-06-06,1.3772141771718047,0.0,1.164361131934833,0.21285304523697168,0.0,0.0,False
2000-06-07,1.3968514361848283,0.0,1.1839492320288163,0.21290220415601208,0.0,0.0,False
2000-06-08,1.3918152511578197,0.0,1.1788644681258593,0.21295078303196038,0.0,0.0,False
2000-06-09,1.393770391809941,0.0,1.1807710188175664,0.21299937299237445,0.0,0.0,False
2000-06-12,1.3680046217326503,0.0,1.1549566476928668,0.21304797403978346,0.0,0.0,False
2000-06-13,1.4011611966143054,0.0,1.188065286779718,0.2130959098345874,0.0,0.0,False
2000-06-14,1.3888224985744237,0.0,1.1756782193525528,0.2131442792218709,0.0,0.0,False
2000-06-15,1.4004819204627559,0.0,1.1872897683604138,0.21319215210234202,0.0,0.0,False
2000-06-16,1.3988182281755237,0.0,1.1855782770382726,0.2132399511372511,0.0,0.0,False
2000-06-19,1.4300335805190345,0.0,1.216745904250992,0.21328767626804254,0.0,0.0,False
2000-06-20,1.4255765619299177,0.0,1.2122411498497452,0.2133354120801725,0.0,0.0,False
2000-06-21,1.4331294100240806,0.0,1.2197464207617066,0.21338298926237395,0.0,0.0,False
2000-06-22,1.4015379543818638,0.0,1.1881072079754045,0.2134307464064593,0.0,0.0,False
2000-06-23,1.3730984087294433,0.0,1.1596197251010756,0.21347868362836775,0.0,0.0,False
2000-06-26,1.3964558368307611,0.0,1.1829289510705656,0.21352688576019555,0.0,0.0,False
2000-06-27,1.3850647790154005,0.0,1.1714900191708832,0.2135747598445173,0.0,0.0,False
2000-06-28,1.3938466359725672,0.0,1.1802239913100543,0.2136226446625129,0.0,0.0,False
2000-06-29,1.3735087844056926,0.0,1.1598383289619347,0.21367045544375796,0.0,0.0,False
2000-06-30,1.3893265285557876,0.0,1.175607997258908,0.21371853129687968,0.0,0.0,False
2000-07-03,1.4088694995100979,0.0,1.195102627118471,0.21376687239162684,0.0,0.0,False
2000-07-05,1.3750085428646222,0.0,1.1611918763651987,0.2138166664994235,0.0,0.0,False
2000-07-06,1.3950300230182566,0.0,1.1811640598989868,0.2138659631192698,0.0,0.0,False
2000-07-07,1.4167493202378012,0.0,1.202833794528958,0.21391552570884323,0.0,0.0,False
2000-07-10,1.4066743052562907,0.0,1.1927091205869318,0.21396518466935896,0.0,0.0,False
2000-07-11,1.4112391207944985,0.0,1.1972240109144117,0.21401510988008682,0.0,0.0,False
2000-07-12,1.429381785343895,0.0,1.2153163988976647,0.21406538644623038,0.0,0.0,False
2000-07-13,1.4399170478118788,0.0,1.2258007783650207,0.21411626944685808,0.0,0.0,False
2000-07-14,1.4592003135708809,0.0,1.245033233993254,0.21416707957762698,0.0,0.0,False
2000-07-17,1.4651821858181757,0.0,1.2509643690413366,0.21421781677683907,0.0,0.0,False
2000-07-18,1.446288262043828,0.0,1.2320197810528555,0.21426848099097248,0.0,0.0,False
2000-07-19,1.427460611352343,0.0,1.2131413691396815,0.2143192422126614,0.0,0.0,False
2000-07-20,1.4554236122566617,0.0,1.2410535117474717,0.21437010050918998,0.0,0.0,False
2000-07-21,1.422509004484923,0.0,1.2080878634756118,0.2144211410093112,0.0,0.0,False
2000-07-24,1.4066537138189616,0.0,1.1921820306830686,0.21447168313589313,0.0,0.0,False
2000-07-25,1.413313277493682,0.0,1.198790784996546,0.21452249249713612,0.0,0.0,False
2000-07-26,1.4067329556375578,0.0,1.1921593012265723,0.21457365441098564,0.0,0.0,False
2000-07-27,1.381365349680054,0.0,1.1667406914539569,0.21462465822609716,0.0,0.0,False
2000-07-28,1.3365014244197297,0.0,1.1218254947476634,0.2146759296720665,0.0,0.0,False
2000-07-31,1.3566747039974238,0.0,1.1419476610087689,0.21472704298865508,0.0,0.0,False
2000-08-01,1.3526385890515835,0.0,1.137860250158377,0.2147783388932065,0.0,0.0,False
2000-08-02,1.345459858798411,0.0,1.1306298708289584,0.21482998796945266,0.0,0.0,False
2000-08-03,1.3738754033000118,0.0,1.1589938390818213,0.2148815642181904,0.0,0.0,False
2000-08-04,1.3750343648883512,0.0,1.1601012973114433,0.2149330675769079,0.0,0.0,False
2000-08-07,1.3956973316413366,0.0,1.1807127483612554,0.2149845832800811,0.0,0.0,False
2000-08-08,1.4099894650889386,0.0,1.1949533537582697,0.21503611133066883,0.0,0.0,False
2000-08-09,1.3891493222200617,0.0,1.1740614144912702,0.2150879077287915,0.0,0.0,False
2000-08-10,1.3747267267202836,0.0,1.1595871808215403,0.21513954589874323,0.0,0.0,False
2000-08-11,1.3855648625807957,0.0,1.1703735807441225,0.21519128183667324,0.0,0.0,False
2000-08-14,1.4055107172238692,0.0,1.1902674308261159,0.21524328639775347,0.0,0.0,False
2000-08-15,1.4050643027704413,0.0,1.189769084659796,0.21529521811064542,0.0,0.0,False
2000-08-16,1.408994533388128,0.0,1.1936473710350346,0.21534716235309334,0.0,0.0,False
2000-08-17,1.4268362718071022,0.0,1.211437152678982,0.2153991191281202,0.0,0.0,False
2000-08-18,1.42170893998501,0.0,1.2062579370199817,0.2154510029650283,0.0,0.0,False
2000-08-21,1.4266175086098674,0.0,1.2111146093105143,0.215502899299353,0.0,0.0,False
2000-08-22,1.4256638102005552,0.0,1.2101089165515475,0.21555489364900773,0.0,0.0,False
2000-08-23,1.4380060377502932,0.0,1.2223991372069625,0.2156069005433308,0.0,0.0,False
2000-08-24,1.4494029758975424,0.0,1.2337439703519415,0.21565900554560097,0.0,0.0,False
2000-08-25,1.4458753456342668,0.0,1.2301642224943532,0.21571112313991367,0.0,0.0,False
2000-08-28,1.4509279615752768,0.05204751757831534,1.2352022956461164,0.0,0.14020846734420184,0.07551719858495846,True
2000-08-29,1.4553323947850054,0.05265138759997269,1.238464551169481,0.0,0.14024257361090284,0.0766252700046218,True
2000-08-30,1.4483241626356727,0.052676472115344236,1.2317549227476152,0.0,0.140276632521,0.0762926073670573,True
2000-08-31,1.4800033291228591,0.0558214423209267,1.2570767089489014,0.0,0.14031069970254662,0.08261592047141118,True
2000-09-01,1.4892606033076052,0.05708152681215146,1.2639066147695384,0.0,0.14034471948008295,0.08500926905798392,True
2000-09-05,1.4571877721417215,0.05297640667245345,1.2396126196987651,0.0,0.1403785804278501,0.07719657201510627,True
2000-09-06,1.4201892154367788,0.048590754352822015,1.2107688120011861,0.0,0.1404123381337771,0.06900806530181554,True
2000-09-07,1.4433538206264576,0.05095973821633109,1.2293550624104783,0.0,0.14044582536331368,0.07355293285266558,True
2000-09-08,1.4136063181004377,0.04723154463611525,1.2063602433436393,0.0,0.14047926484554302,0.06676680991125536,True
2000-09-11,1.3931899340307348,0.044402706275075865,1.1908160412977693,0.0,0.14051248930680646,0.06186140342615904,True
2000-09-12,1.3767402021909598,0.04282121986465527,1.1772408971882544,0.0,0.1405456101081764,0.05895369489452904,True
2000-09-13,1.3960604593732409,0.0,1.192478327728582,0.20358213164465888,0.0,0.0,False
2000-09-14,1.395922922471887,0.0,1.1922930459713965,0.20362987650049044,0.0,0.0,False
2000-09-15,1.3721114865921558,0.0,1.1684335308168106,0.20367795577534514,0.0,0.0,False
2000-09-18,1.3575858124823783,0.0,1.1538596852536922,0.20372612722868605,0.0,0.0,False
2000-09-19,1.3841321109223046,0.0,1.1803578816928981,0.2037742292294064,0.0,0.0,False
2000-09-20,1.3889253762064109,0.0,1.185102871893443,0.20382250431296778,0.0,0.0,False
2000-09-21,1.3369117521723282,0.0,1.1330409613392023,0.2038707908331259,0.0,0.0,False
2000-09-22,1.3807489614366526,0.0,1.1768299535431639,0.2039190078934887,0.0,0.0,False
2000-09-25,1.3609902174612791,0.0,1.1570229001854753,0.2039673172758038,0.0,0.0,False
2000-09-26,1.3470495971726861,0.0,1.1430338781285807,0.2040157190441054,0.0,0.0,False
2000-09-27,1.3509071487401016,0.0,1.1468430164418781,0.20406413229822348,0.0,0.0,False
2000-09-28,1.3711455839607747,0.0,1.1670327839847012,0.20411279997607343,0.0,0.0,False
2000-09-29,1.3477373140809974,0.0,1.1435755108319563,0.20416180324904115,0.0,0.0,False
2000-10-02,1.3357713629454142,0.0,1.131560706691753,0.20421065625366125,0.0,0.0,False
2000-10-03,1.312599923821061,0.0,1.108340564944748,0.20425935887631302,0.0,0.0,False
2000-10-04,1.3279875293162045,0.0,1.1236791319811548,0.20430839733504957,0.0,0.0,False
2000-10-05,1.33163216662784,0.0,1.1272748001375479,0.20435736649029204,0.0,0.0,False
2000-10-06,1.3005957144809217,0.0,1.0961892860022866,0.20440642847863508,0.0,0.0,False
2000-10-09,1.2940397718861902,0.0,1.0895842696404408,0.2044555022457495,0.0,0.0,False
2000-10-10,1.2566552225216272,0.0,1.052150634727164,0.20450458779446312,0.0,0.0,False
2000-10-11,1.2438895840488402,0.0,1.0393359800757074,0.20455360397313285,0.0,0.0,False
2000-10-12,1.2179084327859893,0.0,1.0133058008858646,0.2046026319001247,0.0,0.0,False
2000-10-13,1.2761532571022567,0.0,1.071501910289775,0.20465134681248187,0.0,0.0,False
2000-10-16,1.2835814794357907,0.0,1.078881406112163,0.2047000733236277,0.0,0.0,False
2000-10-17,1.2455420674471243,0.0,1.040792931090359,0.20474913635676523,0.0,0.0,False
2000-10-18,1.2419976043091434,0.0,1.0371989869098521,0.20479861739929123,0.0,0.0,False
2000-10-19,1.3085601127225426,0.0,1.1037117585170988,0.20484835420544384,0.0,0.0,False
2000-10-20,1.3190715047459847,0.0,1.1141734016554499,0.20489810309053486,0.0,0.0,False
2000-10-23,1.3208033062018754,0.0,1.1158554421443776,0.20494786405749774,0.0,0.0,False
2000-10-24,1.2932606115303855,0.0,1.0882627304338601,0.20499788109652547,0.0,0.0,False
2000-10-25,1.2500159778260804,0.0,1.0449679861376393,0.20504799168844112,0.0,0.0,False
2000-10-26,1.264922123223199,0.0,1.0598238459572407,0.20509827726595842,0.0,0.0,False
2000-10-27,1.2739911924052882,0.0,1.0688427800061289,0.20514841239915932,0.0,0.0,False
2000-10-30,1.259040876900667,0.0,1.0538423985191339,0.2051984783815331,0.0,0.0,False
2000-10-31,1.3020625844733766,0.0,1.0968137836092573,0.20524880086411934,0.0,0.0,False
2000-11-01,1.2955351175623937,0.0,1.0902362262163343,0.20529889134605936,0.0,0.0,False
2000-11-02,1.3032116965247793,0.0,1.0978625395368442,0.2053491569879351,0.0,0.0,False
2000-11-03,1.3106755656637792,0.0,1.1052761307268646,0.20539943493691457,0.0,0.0,False
2000-11-06,1.3104379482571797,0.0,1.1049880600458997,0.20544988821128016,0.0,0.0,False
2000-11-07,1.308274060937902,0.0,1.102773462478147,0.20550059845975513,0.0,0.0,False
2000-11-08,1.2529822461597808,0.0,1.047430924934974,0.20555132122480688,0.0,0.0,False
2000-11-09,1.2509455742892825,0.0,1.0453435993457199,0.20560197494356275,0.0,0.0,False
2000-11-10,1.211090795330092,0.0,1.0054383989512174,0.20565239637887456,0.0,0.0,False
2000-11-13,1.207998013300983,0.0,1.0022952647276107,0.20570274857337248,0.0,0.0,False
2000-11-14,1.249005427225078,0.0,1.043252314128912,0.2057531130961658,0.0,0.0,False
2000-11-15,1.2612270023967165,0.0,1.0554236757424094,0.20580332665430723,0.0,0.0,False
2000-11-16,1.2223151683589237,0.0,1.0164614525561577,0.2058537158027659,0.0,0.0,False
2000-11-17,1.219321693055815,0.0,1.0134177391430563,0.2059039539127587,0.0,0.0,False
2000-11-20,1.1914736747603394,0.0,0.9855194704770966,0.20595420428324282,0.0,0.0,False
2000-11-21,1.1932684478732043,0.0,0.9872638992301614,0.20600454864304277,0.0,0.0,False
2000-11-22,1.1594082849873384,0.0,0.9533532979283891,0.2060549870589493,0.0,0.0,False
2000-11-24,1.1964867593996547,0.0,0.9903813215753928,0.2061054378242618,0.0,0.0,False
2000-11-27,1.1947470306611159,0.0,0.988591129719112,0.2061559009420039,0.0,0.0,False
2000-11-28,1.1570805808526061,0.0,0.950874531668683,0.2062060491839232,0.0,0.0,False
2000-11-29,1.1379681539663347,0.0,0.9317121898268417,0.20625596413949293,0.0,0.0,False
2000-11-30,1.1343278115377955,0.0,0.9280223295958271,0.2063054819419685,0.0,0.0,False
2000-12-01,1.1416401827147888,0.0,0.9352854985508485,0.20635468416394034,0.0,0.0,False
2000-12-04,1.1529754392102238,0.0,0.9465712954318202,0.20640414377840377,0.0,0.0,False
2000-12-05,1.2099655153678506,0.0,1.0035123915583464,0.20645312380950426,0.0,0.0,False
2000-12-06,1.1829106987642024,0.0,0.9764092387066757,0.20650146005752668,0.0,0.0,False
2000-12-07,1.1654911497434206,0.0,0.9589413421210514,0.20654980762236924,0.0,0.0,False
2000-12-08,1.1774761338190145,0.0,0.9708778033840706,0.20659833043494397,0.0,0.0,False
2000-12-11,1.2399061677573084,0.0,1.0332594670775521,0.2066467006797562,0.0,0.0,False
2000-12-12,1.2188566572797606,0.0,1.0121616570349483,0.20669500024481227,0.0,0.0,False
2000-12-13,1.1913369613432725,0.0,0.9845936502443394,0.2067433110989331,0.0,0.0,False
2000-12-14,1.161048937344701,0.0,0.9542610779860944,0.20678785935860677,0.0,0.0,False
2000-12-15,1.1393727363986377,0.0,0.9325367085991273,0.20683602779951035,0.0,0.0,False
2000-12-18,1.1465634208943805,0.0,0.9396795417446205,0.20688387914976,0.0,0.0,False
2000-12-19,1.1012530780770193,0.0,0.8943217469881765,0.20693133108884298,0.0,0.0,False
2000-12-20,1.0627060252578693,0.0,0.8557274776946706,0.20697854756319858,0.0,0.0,False
2000-12-21,1.068236575286507,0.0,0.86121145754948,0.20702511773702692,0.0,0.0,False
2000-12-22,1.115277177053353,0.0,0.9082091755436613,0.20706800150969165,0.0,0.0,False
2000-12-26,1.1230109822991252,0.0,0.9159009098313371,0.20711007246778818,0.0,0.0,False
2000-12-27,1.1315813348405448,0.0,0.9244253200974909,0.20715601474305395,0.0,0.0,False
2000-12-28,1.1320969669202374,0.0,0.9248949175080245,0.2072020494122129,0.0,0.0,False
2000-12-29,1.1003383347825089,0.0,0.8930894182416401,0.2072489165408688,0.0,0.0,False
2001-01-02,1.0545312121626913,0.0,0.8472351711656426,0.20729604099704865,0.0,0.0,False
2001-01-03,1.1462727970405147,0.0,0.9389300321753201,0.20734276486519462,0.0,0.0,False
2001-01-04,1.1328058998173103,0.0,0.9254176347325439,0.20738826508476632,0.0,0.0,False
2001-01-05,1.0823696365176665,0.0,0.8749382478431551,0.2074313886745114,0.0,0.0,False
2001-01-08,1.0906252447844653,0.0,0.883152946032248,0.2074722987522174,0.0,0.0,False
2001-01-09,1.0895007302343134,0.0,0.8819868546904979,0.20751387554381542,0.0,0.0,False
2001-01-10,1.1199181518809638,0.0,0.9123623618269031,0.20755579005406075,0.0,0.0,False
2001-01-11,1.133655915568554,0.0,0.9260577907234945,0.2075981248450594,0.0,0.0,False
2001-01-12,1.1387804895280724,0.0,0.9311398564968016,0.20764063303127067,0.0,0.0,False
2001-01-16,1.136232502510056,0.0,0.9285495997775467,0.2076829027325093,0.0,0.0,False
2001-01-17,1.152566302581847,0.0,0.9448404622330216,0.20772584034882513,0.0,0.0,False
2001-01-18,1.1771877400109392,0.0,0.9694188707397713,0.20776886927116792,0.0,0.0,False
2001-01-19,1.1726566112165686,0.0,0.9648453636930072,0.2078112475235613,0.0,0.0,False
2001-01-22,1.1763590251610796,0.0,0.9685058030628515,0.20785322209822815,0.0,0.0,False
2001-01-23,1.190360641073522,0.0,0.9824653534430366,0.20789528763048523,0.0,0.0,False
2001-01-24,1.1872262642627414,0.0,0.9792889850828213,0.2079372791799202,0.0,0.0,False
2001-01-25,1.1668865540338063,0.0,0.9589069447639658,0.2079796092698404,0.0,0.0,False
2001-01-26,1.174159651188824,0.0,0.9661377857453461,0.20802186544347773,0.0,0.0,False
2001-01-29,1.1874882331937255,0.0,0.9794248459237865,0.20806338726993906,0.0,0.0,False
2001-01-30,1.190004068401604,0.0,0.9818995638430709,0.20810450455853322,0.0,0.0,False
2001-01-31,1.1692454172989684,0.0,0.9611006131370199,0.20814480416194836,0.0,0.0,False
2001-02-01,1.1788293501981764,0.0,0.9706445690170256,0.20818478118115089,0.0,0.0,False
2001-02-02,1.1410388459701288,0.0,0.9328139974806894,0.20822484848943953,0.0,0.0,False
2001-02-05,1.1441259569674906,0.0,0.9358604550546205,0.20826550191287027,0.0,0.0,False
2001-02-06,1.1435490830197381,0.0,0.9352426718134256,0.20830641120631255,0.0,0.0,False
2001-02-07,1.1335810194409264,0.0,0.9252338562278087,0.20834716321311766,0.0,0.0,False
2001-02-08,1.114411904795151,0.0,0.906023981602713,0.20838792319243812,0.0,0.0,False
2001-02-09,1.091680415146571,0.0,0.8832516413052244,0.20842877384134662,0.0,0.0,False
2001-02-12,1.1021037734222634,0.0,0.8936343890552121,0.20846938436705129,0.0,0.0,False
2001-02-13,1.0841670006634017,0.0,0.8756569151301999,0.20851008553320174,0.0,0.0,False
2001-02-14,1.1009794963558486,0.0,0.8924287844540695,0.2085507119017792,0.0,0.0,False
2001-02-15,1.112724081789726,0.0,0.9041325700873961,0.20859151170232984,0.0,0.0,False
2001-02-16,1.0774846251558734,0.0,0.8688522228948236,0.20863240226104987,0.0,0.0,False
2001-02-20,1.053965520621372,0.0,0.8452927165290955,0.20867280409227645,0.0,0.0,False
2001-02-21,1.0330034900314005,0.0,0.8242900278662569,0.2087134621651436,0.0,0.0,False
2001-02-22,1.0296657502343076,0.0,0.8209118705406223,0.20875387969368533,0.0,0.0,False
2001-02-23,1.0283816147433076,0.0,0.8195873925349311,0.2087942222083765,0.0,0.0,False
2001-02-26,1.0449110394018792,0.0,0.8360774611397135,0.20883357826216578,0.0,0.0,False
2001-02-27,1.0158338862130702,0.0,0.8069613588327299,0.2088725273803404,0.0,0.0,False
2001-02-28,0.9951638204077311,0.0,0.7862525024165857,0.20891131799114535,0.0,0.0,False
2001-03-01,1.0084492002661498,0.0,0.7994987528552788,0.20895044741087104,0.0,0.0,False
2001-03-02,0.9881099288400071,0.0,0.7791205105139386,0.20898941832606854,0.0,0.0,False
2001-03-05,0.9988009157663351,0.0,0.7897724363224774,0.20902847944385775,0.0,0.0,False
2001-03-06,1.0184452140118285,0.0,0.80937758320372,0.20906763080810853,0.0,0.0,False
2001-03-07,1.0215365839938393,0.0,0.8124303752292548,0.20910620876458455,0.0,0.0,False
2001-03-08,1.0144603380146373,0.0,0.8053162909841796,0.20914404703045764,0.0,0.0,False
2001-03-09,0.9743600769958389,0.0,0.7651782678441955,0.20918180915164336,0.0,0.0,False
2001-03-12,0.934270365863671,0.0,0.7250503727317836,0.20921999313188736,0.0,0.0,False
2001-03-13,0.9586903083722944,0.0,0.7494326224324372,0.2092576859398571,0.0,0.0,False
2001-03-14,0.9454274174350425,0.0,0.7361322810106028,0.2092951364244398,0.0,0.0,False
2001-03-15,0.9320972155872921,0.0,0.7227653694597188,0.2093318461275733,0.0,0.0,False
2001-03-16,0.9167402772213308,0.0,0.7073720472243132,0.20936822999701754,0.0,0.0,False
2001-03-19,0.9416572593795424,0.0,0.7322523899435431,0.20940486943599926,0.0,0.0,False
2001-03-20,0.907237555115404,0.0,0.6977957905352667,0.20944176458013727,0.0,0.0,False
2001-03-21,0.9013470648901197,0.0,0.6918688973356638,0.2094781675544559,0.0,0.0,False
2001-03-22,0.9188739587381626,0.0,0.7093609612815622,0.20951299745660032,0.0,0.0,False
2001-03-23,0.92963330714783,0.0,0.7200858065579192,0.20954750058991084,0.0,0.0,False
2001-03-26,0.9259311879425863,0.0,0.7163490122299196,0.20958217571266669,0.0,0.0,False
2001-03-27,0.9456237070165348,0.0,0.7360070167781064,0.20961669023842838,0.0,0.0,False
2001-03-28,0.9052813238085806,0.0,0.6956293647321112,0.2096519590764694,0.0,0.0,False
2001-03-29,0.9000762733920687,0.0,0.6903891227365957,0.20968715065547308,0.0,0.0,False
2001-03-30,0.9055006021006933,0.0,0.6957783371701498,0.2097222649305434,0.0,0.0,False
2001-04-02,0.8825612161256645,0.0,0.67280416393197,0.20975705219369453,0.0,0.0,False
2001-04-03,0.8467271356974586,0.0,0.6369355401788986,0.20979159551855991,0.0,0.0,False
2001-04-04,0.8424831187890811,0.0,0.6326578900150494,0.2098252287740318,0.0,0.0,False
2001-04-05,0.8847876506346873,0.0,0.6749291162687866,0.20985853436590074,0.0,0.0,False
2001-04-06,0.8673868839481471,0.0,0.6574951219808923,0.2098917619672548,0.0,0.0,False
2001-04-09,0.8811336483306268,0.0,0.6712099028575014,0.2099237454731254,0.0,0.0,False
2001-04-10,0.9121985244577749,0.0,0.7022428739080961,0.2099556505496788,0.0,0.0,False
2001-04-11,0.9230575863757103,0.0,0.713070025900413,0.20998756047529732,0.0,0.0,False
2001-04-12,0.9452187551628378,0.0,0.73519802998537,0.21002072517746784,0.0,0.0,False
2001-04-16,0.9194837427163001,0.0,0.7094305143305695,0.21005322838573057,0.0,0.0,False
2001-04-17,0.9333370890214113,0.0,0.7232502687882814,0.21008682023312997,0.0,0.0,False
2001-04-18,0.9854401287808703,0.0,0.7753199614334175,0.2101201673474527,0.0,0.0,False
2001-04-19,1.0140343493538297,0.0,0.8038824972196349,0.2101518521341948,0.0,0.0,False
2001-04-20,1.0112191006282736,0.0,0.8010358925035224,0.21018320812475116,0.0,0.0,False
2001-04-23,0.9770848580246094,0.0,0.7668710398843879,0.21021381814022153,0.0,0.0,False
2001-04-24,0.9678262175514623,0.0,0.757582118610292,0.2102440989411702,0.0,0.0,False
2001-04-25,0.9796511657679563,0.0,0.7693762810832495,0.21027488468470681,0.0,0.0,False
2001-04-26,0.9715911604228946,0.0,0.7612850682750637,0.2103060921478309,0.0,0.0,False
2001-04-27,0.9883532521898264,0.0,0.7780160314020065,0.21033722078781988,0.0,0.0,False
2001-04-30,0.9997219495094127,0.0,0.7893535120069995,0.21036843750241324,0.0,0.0,False
2001-05-01,1.0172180661222159,0.0,0.8068176559571207,0.21040041016509517,0.0,0.0,False
2001-05-02,1.0243278427203981,0.0,0.8138956220175771,0.21043222070282094,0.0,0.0,False
2001-05-03,1.001080687342296,0.0,0.7906168183018387,0.21046386904045727,0.0,0.0,False
2001-05-04,1.0196621698048702,0.0,0.8091669817362819,0.2104951880685883,0.0,0.0,False
2001-05-07,1.007803881692549,0.0,0.7972782887625857,0.21052559292996337,0.0,0.0,False
2001-05-08,1.0160902305325372,0.0,0.8055343954350218,0.2105558350975155,0.0,0.0,False
2001-05-09,1.0006406643143524,0.0,0.790054833366443,0.21058583094790945,0.0,0.0,False
2001-05-10,0.9952153138926669,0.0,0.7845991485562479,0.210616165336419,0.0,0.0,False
2001-05-11,0.9906515281181223,0.0,0.7800051076033535,0.21064642051476878,0.0,0.0,False
2001-05-14,0.9852109531907013,0.0,0.7745337716107914,0.2106771815799099,0.0,0.0,False
2001-05-15,0.989883565573419,0.0,0.7791762036521043,0.21070736192131476,0.0,0.0,False
2001-05-16,1.0163554443029774,0.0,0.8056184830144737,0.2107369612885038,0.0,0.0,False
2001-05-17,1.023416753653926,0.0,0.8126506905944182,0.2107660630595079,0.0,0.0,False
2001-05-18,1.0264896141682442,0.0,0.8156944453189162,0.21079516884932803,0.0,0.0,False
2001-05-21,1.0580773663505618,0.0,0.8472528367456524,0.2108245296049094,0.0,0.0,False
2001-05-22,1.0563150363244425,0.0,0.8454608908930743,0.21085414543136813,0.0,0.0,False
2001-05-23,1.030488842813531,0.0,0.8196049100509856,0.2108839327625455,0.0,0.0,False
2001-05-24,1.0422525895502064,0.0,0.8313388652484321,0.21091372430177435,0.0,0.0,False
2001-05-25,1.0297962435522425,0.0,0.8188523887192233,0.21094385483301928,0.0,0.0,False
2001-05-29,1.0025804384587167,0.0,0.7916066999134883,0.21097373854522847,0.0,0.0,False
2001-05-30,0.9825632169239693,0.0,0.7715593392740328,0.2110038776499365,0.0,0.0,False
2001-05-31,0.9871994532892246,0.0,0.7761655159606115,0.2110339373286132,0.0,0.0,False
2001-06-01,1.0010846026682456,0.0,0.7900210200963748,0.21106358257187088,0.0,0.0,False
2001-06-04,1.001128585468928,0.0,0.7900353534893486,0.21109323197957935,0.0,0.0,False
2001-06-05,1.0230984003202424,0.0,0.8119750959325405,0.2111233043877019,0.0,0.0,False
2001-06-06,1.016616046852935,0.0,0.8054631684470408,0.2111528784058943,0.0,0.0,False
2001-06-07,1.0284443698245966,0.0,0.8172619132578003,0.21118245656679638,0.0,0.0,False
2001-06-08,1.0133527095155217,0.0,0.8021407544470155,0.2112119550685062,0.0,0.0,False
2001-06-11,0.999528453228554,0.0,0.7882869117237243,0.2112415415048296,0.0,0.0,False
2001-06-12,0.9967306896972317,0.0,0.7854597252634866,0.211270964433745,0.0,0.0,False
2001-06-13,0.9826717022122247,0.0,0.771371646101788,0.21130005611043665,0.0,0.0,False
2001-06-14,0.9541355516541492,0.0,0.7428064837102919,0.21132906794385736,0.0,0.0,False
2001-06-15,0.957839517165388,0.0,0.7464816011260617,0.21135791603932635,0.0,0.0,False
2001-06-18,0.9510669414289534,0.0,0.7396802572282729,0.2113866842006805,0.0,0.0,False
2001-06-19,0.9508639614108259,0.0,0.7394487567836993,0.2114152046271266,0.0,0.0,False
2001-06-20,0.9612342621060316,0.0,0.7497904493096222,0.21144381279640934,0.0,0.0,False
2001-06-21,0.9706031880439595,0.0,0.7591307632070825,0.21147242483687698,0.0,0.0,False
2001-06-22,0.966782925175527,0.0,0.7552818005089248,0.21150112466660223,0.0,0.0,False
2001-06-25,0.9642977663176094,0.0,0.7527684415019321,0.21152932481567732,0.0,0.0,False
2001-06-26,0.9651025966322097,0.0,0.7535450679074375,0.21155752872477218,0.0,0.0,False
2001-06-27,0.96733878413801,0.0,0.7557526279850192,0.21158615615299084,0.0,0.0,False
2001-06-28,0.9742836769186881,0.0,0.7626688894636876,0.21161478745500048,0.0,0.0,False
2001-06-29,0.9873263614147376,0.0,0.7756817631468255,0.2116445982679122,0.0,0.0,False
2001-07-02,0.9900745936501754,0.0,0.7784000963839408,0.21167449726623455,0.0,0.0,False
2001-07-03,0.9916373099388315,0.0,0.7799329094504479,0.21170440048838357,0.0,0.0,False
2001-07-05,0.9653505071387299,0.0,0.7536161151941714,0.2117343919445586,0.0,0.0,False
2001-07-06,0.9416262801751927,0.0,0.7298619765471736,0.21176430362801918,0.0,0.0,False
2001-07-09,0.9468027132296648,0.0,0.735008829826061,0.21179388340360378,0.0,0.0,False
2001-07-10,0.929201987085176,0.0,0.7173782676388744,0.21182371944630157,0.0,0.0,False
2001-07-11,0.934023697279097,0.0,0.722170305700907,0.2118533915781899,0.0,0.0,False
2001-07-12,0.9655224197241398,0.0,0.7536396881325123,0.21188273159162752,0.0,0.0,False
2001-07-13,0.9649273339245397,0.0,0.7530150900953778,0.21191224382916188,0.0,0.0,False
2001-07-16,0.9532640227030966,0.0,0.7413221784336872,0.21194184426940937,0.0,0.0,False
2001-07-17,0.9650784434059503,0.0,0.7531068263539762,0.21197161705197404,0.0,0.0,False
2001-07-18,0.9481935707782992,0.0,0.7361924291083161,0.2120011416699832,0.0,0.0,False
2001-07-19,0.9601964065372859,0.0,0.7481663250284346,0.21203008150885128,0.0,0.0,False
2001-07-20,0.9493030756289368,0.0,0.7372439661918587,0.2120591094370781,0.0,0.0,False
2001-07-23,0.9328668753057957,0.0,0.7207788181167891,0.21208805718900656,0.0,0.0,False
2001-07-24,0.9253299036763188,0.0,0.7132127264600915,0.21211717721622736,0.0,0.0,False
2001-07-25,0.9324028161324086,0.0,0.7202564307173317,0.2121463854150769,0.0,0.0,False
2001-07-26,0.941547015907013,0.0,0.7293715024561571,0.21217551345085583,0.0,0.0,False
2001-07-27,0.9505122852732657,0.0,0.7383074713942013,0.2122048138790644,0.0,0.0,False
2001-07-30,0.9484637298482842,0.0,0.7362297799111199,0.21223394993716424,0.0,0.0,False
2001-07-31,0.9505452786347063,0.0,0.738282104419274,0.21226317421543225,0.0,0.0,False
2001-08-01,0.9647315160290595,0.0,0.7524393662052364,0.212292149823823,0.0,0.0,False
2001-08-02,0.9733711129581734,0.0,0.7610500678133953,0.21232104514477804,0.0,0.0,False
2001-08-03,0.9649946769739581,0.0,0.7526447325752508,0.2123499443987074,0.0,0.0,False
2001-08-06,0.9540361716241353,0.0,0.7416573240379889,0.21237884758614642,0.0,0.0,False
2001-08-07,0.9535940097713809,0.0,0.7411862550637504,0.21240775470763046,0.0,0.0,False
2001-08-08,0.9311471614082693,0.0,0.7187105799332854,0.21243658147498387,0.0,0.0,False
2001-08-09,0.9337454839535476,0.0,0.7212802403993068,0.21246524355424082,0.0,0.0,False
2001-08-10,0.931559485088321,0.0,0.7190658285242999,0.21249365656402108,0.0,0.0,False
2001-08-13,0.9389974457010339,0.0,0.7264755409731547,0.21252190472787919,0.0,0.0,False
2001-08-14,0.9344542808117683,0.0,0.7219041241648189,0.21255015664694943,0.0,0.0,False
2001-08-15,0.9180296098270494,0.0,0.7054511975053184,0.21257841232173105,0.0,0.0,False
2001-08-16,0.9234305976830054,0.0,0.7108240102867145,0.2126065873962909,0.0,0.0,False
2001-08-17,0.901595885736891,0.0,0.6889613726345637,0.21263451310232728,0.0,0.0,False
2001-08-20,0.9095539047548771,0.0,0.6968916310358833,0.21266227371899377,0.0,0.0,False
2001-08-21,0.8891651931751059,0.0,0.6764747332665896,0.21269045990851632,0.0,0.0,False
2001-08-22,0.9019162642633372,0.0,0.6891979520330924,0.21271831223024476,0.0,0.0,False
2001-08-23,0.8973244303912817,0.0,0.6845782621919807,0.21274616819930098,0.0,0.0,False
2001-08-24,0.9226163161806672,0.0,0.7098422039415024,0.21277411223916473,0.0,0.0,False
2001-08-27,0.92097903054147,0.0,0.7081768017238321,0.21280222881763786,0.0,0.0,False
2001-08-28,0.9047614801480801,0.0,0.6919309621460675,0.21283051800201264,0.0,0.0,False
2001-08-29,0.8966208111361372,0.0,0.683762169102033,0.21285864203410423,0.0,0.0,False
2001-08-30,0.8774278756755834,0.0,0.6645411058929978,0.21288676978258572,0.0,0.0,False
2001-08-31,0.8841150190999236,0.0,0.6712005402459571,0.21291447885396653,0.0,0.0,False
2001-09-04,0.8713687542264036,0.0,0.6584265626944787,0.21294219153192484,0.0,0.0,False
2001-09-05,0.8709107013151504,0.0,0.6579401174919077,0.21297058382324263,0.0,0.0,False
2001-09-06,0.8491459795593834,0.0,0.6361473377074076,0.2129986418519758,0.0,0.0,False
2001-09-07,0.8414105903737272,0.0,0.6283843094124343,0.213026280961293,0.0,0.0,False
2001-09-10,0.8490102804848214,0.0,0.6359571176351284,0.21305316284969295,0.0,0.0,False
2001-09-17,0.8053808919963227,0.0,0.5923008438659915,0.21308004813033124,0.0,0.0,False
2001-09-18,0.7980488541743861,0.0,0.5849467370399569,0.21310211713442917,0.0,0.0,False
2001-09-19,0.7870842866451707,0.0,0.5739614512489503,0.21312283539622048,0.0,0.0,False
2001-09-20,0.7684086666031972,0.0,0.5552654492208022,0.21314321738239497,0.0,0.0,False
2001-09-21,0.7579568398959105,0.0,0.544794930191351,0.2131619097045595,0.0,0.0,False
2001-09-24,0.7812733531160969,0.0,0.5680928340380647,0.2131805190780323,0.0,0.0,False
2001-09-25,0.7851180936114848,0.0,0.571917948390991,0.21320014522049377,0.0,0.0,False
2001-09-26,0.7742088996798504,0.0,0.5609889573037409,0.21321994237610953,0.0,0.0,False
2001-09-27,0.7748045364889113,0.0,0.5615647951188788,0.21323974137003252,0.0,0.0,False
2001-09-28,0.7857112557088257,0.0,0.5724517981252566,0.21325945758356915,0.0,0.0,False
2001-10-01,0.7827958998393596,0.0,0.569516978099351,0.21327892174000856,0.0,0.0,False
2001-10-02,0.7872847412539309,0.0,0.5739863535809925,0.2132983876729384,0.0,0.0,False
2001-10-03,0.8138238500091171,0.0,0.600506248553006,0.21331760145611098,0.0,0.0,False
2001-10-04,0.8170000516024991,0.0,0.6036639964803002,0.21333605512219886,0.0,0.0,False
2001-10-05,0.8208643641879265,0.0,0.6075099384603352,0.21335442572759136,0.0,0.0,False
2001-10-08,0.8198559685516208,0.0,0.6064833399654714,0.21337262858614933,0.0,0.0,False
2001-10-09,0.8109227652647633,0.0,0.5975319322670342,0.21339083299772904,0.0,0.0,False
2001-10-10,0.8311449952202172,0.0,0.6177357869001118,0.21340920832010543,0.0,0.0,False
2001-10-11,0.8568622377504724,0.0,0.6434345678395581,0.21342766991091433,0.0,0.0,False
2001-10-12,0.8540277957330968,0.0,0.6405813238605433,0.21344647187255356,0.0,0.0,False
2001-10-15,0.8520709143810731,0.0,0.6386058929932174,0.2134650213878557,0.0,0.0,False
2001-10-16,0.8593029863455192,0.0,0.645819244413798,0.21348374193172118,0.0,0.0,False
2001-10-17,0.8292679776184207,0.0,0.6157659370795212,0.21350204053889957,0.0,0.0,False
2001-10-18,0.8369778289286272,0.0,0.623457403491146,0.21352042543748123,0.0,0.0,False
2001-10-19,0.8388505353828485,0.0,0.625311892924135,0.21353864245871348,0.0,0.0,False
2001-10-22,0.8534306225811069,0.0,0.6398737615469311,0.2135568610341758,0.0,0.0,False
2001-10-23,0.8534841267038265,0.0,0.6399087913057098,0.21357533539811668,0.0,0.0,False
2001-10-24,0.8595795266404855,0.0,0.645985969536358,0.21359355710412753,0.0,0.0,False
2001-10-25,0.8783596124825861,0.0,0.6647480863976404,0.21361152608494566,0.0,0.0,False
2001-10-26,0.8704907954950357,0.0,0.6568614684503914,0.21362932704464435,0.0,0.0,False
2001-10-29,0.8439967989612325,0.0,0.6303496694734763,0.21364712948775627,0.0,0.0,False
2001-10-30,0.8341196150769599,0.0,0.6204550207846592,0.2136645942923007,0.0,0.0,False
2001-10-31,0.8379171023681795,0.0,0.6242356353558519,0.21368146701232765,0.0,0.0,False
2001-11-01,0.8591871186100033,0.0,0.6454886079569353,0.21369851065306802,0.0,0.0,False
2001-11-02,0.8637796969092552,0.0,0.6500641412560135,0.21371555565324163,0.0,0.0,False
2001-11-05,0.8786414095606316,0.0,0.6649093163937506,0.21373209316688108,0.0,0.0,False
2001-11-06,0.896757352818745,0.0,0.6830085512300523,0.21374880158869272,0.0,0.0,False
2001-11-07,0.8958700802247004,0.0,0.6821058412221147,0.2137642390025857,0.0,0.0,False
2001-11-08,0.8934609890589043,0.0,0.6796818204905009,0.2137791685684034,0.0,0.0,False
2001-11-09,0.8936583653806276,0.0,0.6798638420390942,0.2137945233415334,0.0,0.0,False
2001-11-12,0.8940253434219292,0.0,0.6802155490434187,0.21380979437851041,0.0,0.0,False
2001-11-13,0.9138632128742609,0.0,0.7000381463679851,0.21382506650627575,0.0,0.0,False
2001-11-14,0.9167049102926005,0.0,0.7028645705676931,0.21384033972490735,0.0,0.0,False
2001-11-15,0.9159456764040453,0.0,0.7020897229397637,0.21385595346428163,0.0,0.0,False
2001-11-16,0.9134247627741698,0.0,0.6995529398402851,0.2138718229338847,0.0,0.0,False
2001-11-19,0.927703678935184,0.0,0.7138158156147008,0.21388786332048332,0.0,0.0,False
2001-11-20,0.9082458392191246,0.0,0.6943418494329584,0.21390398978616623,0.0,0.0,False
2001-11-21,0.9041658432441305,0.0,0.6902457257763971,0.21392011746773343,0.0,0.0,False
2001-11-23,0.9168702320092943,0.0,0.7029339007551632,0.21393633125413117,0.0,0.0,False
2001-11-26,0.9263257345099551,0.0,0.712373018449947,0.21395271606000812,0.0,0.0,False
2001-11-27,0.9243635963409194,0.0,0.7103944093173636,0.2139691870235557,0.0,0.0,False
2001-11-28,0.905136175032271,0.0,0.6911511950447897,0.21398497998748126,0.0,0.0,False
2001-11-29,0.9205187242976934,0.0,0.7065182049243963,0.21400051937329714,0.0,0.0,False
2001-11-30,0.915358918432688,0.0,0.7013434529914522,0.2140154654412359,0.0,0.0,False
2001-12-03,0.9072688213707657,0.0,0.6932386635978117,0.21403015777295395,0.0,0.0,False
2001-12-04,0.9296977595066073,0.0,0.7156528234607737,0.21404493604583355,0.0,0.0,False
2001-12-05,0.9539638192364372,0.0,0.7399043587124766,0.21405946052396066,0.0,0.0,False
2001-12-06,0.954307389859357,0.0,0.7402332339833809,0.2140741558759761,0.0,0.0,False
2001-12-07,0.9416838516498958,0.0,0.7275951693130184,0.21408868233687744,0.0,0.0,False
2001-12-10,0.9285297276324711,0.0,0.7144270275844528,0.21410270004801837,0.0,0.0,False
2001-12-11,0.9298294969091718,0.0,0.7157125233482626,0.21411697356090925,0.0,0.0,False
2001-12-12,0.9331149104296226,0.0,0.7189842571730587,0.21413065325656389,0.0,0.0,False
2001-12-13,0.9105751927807951,0.0,0.6964306040373949,0.21414458874340028,0.0,0.0,False
2001-12-14,0.9169798333369319,0.0,0.7028211382439218,0.21415869509301005,0.0,0.0,False
2001-12-17,0.9266734595947244,0.0,0.7125004872558205,0.21417297233890384,0.0,0.0,False
2001-12-18,0.9328242312404375,0.0,0.7186367257352293,0.21418750550520818,0.0,0.0,False
2001-12-19,0.9288383141762778,0.0,0.7146365295044818,0.21420178467179604,0.0,0.0,False
2001-12-20,0.9101633453055561,0.0,0.6959473655158549,0.21421597978970117,0.0,0.0,False
2001-12-21,0.918477608194631,0.0,0.7042476873650969,0.2142299208295341,0.0,0.0,False
2001-12-24,0.9163665825259143,0.05250137816117672,0.7021466049799304,0.07678543713320221,0.08932403192932348,0.04811050848345818,True
2001-12-26,0.9229572876599942,0.05358725098992107,0.7073779348892182,0.07679058663293033,0.08933002231103267,0.04945874382681289,True
2001-12-27,0.9291524974197648,0.05450660445171436,0.7123756683534761,0.0767957974228538,0.08933608399125328,0.050644947652181665,True
2001-12-28,0.9330333898804465,0.055571276238834684,0.7150404449074619,0.07680097809187288,0.08934211063200903,0.051849856249102634,True
2001-12-31,0.9097295496979171,0.05096300269662924,0.6972128352740078,0.07680609815691915,0.08934806677253188,0.046362549494458255,True
2002-01-02,0.9285229041867268,0.05454100901303143,0.7117151521613682,0.07681118808472176,0.0893539878545825,0.05064257608605439,True
2002-01-03,0.9501563169733853,0.05882956004854819,0.7280826533733538,0.0768163697919998,0.08936001570313859,0.05589727810489316,True
2002-01-04,0.9547646562956742,0.05925324771990758,0.7320042197377487,0.0768215213661801,0.0893660084980454,0.0565729066937,True
2002-01-07,0.9462672835243332,0.05779328429225708,0.7253807803586123,0.07682664280077794,0.08937196623175925,0.054687894133183625,True
2002-01-08,0.949008262128215,0.058789563684281586,0.7270069234289909,0.07683170360333687,0.08937785343259105,0.05579178166329609,True
2002-01-09,0.9411819016599872,0.057637727638229025,0.7207138757496923,0.07683673425052391,0.08938370555386219,0.054247586105908796,True
2002-01-10,0.9462076033109368,0.05844964219319559,0.7246707841715249,0.07684176522709857,0.08938955805830792,0.055305495854005404,True
2002-01-11,0.9358833035003429,0.05681220548438176,0.7164715014734436,0.07684679653308239,0.08939541094595335,0.0531695945478635,True
2002-01-14,0.9223595590011806,0.053866490166921605,0.706422590314959,0.0768516452001083,0.08940105137081002,0.04968427211530324,True
2002-01-15,0.9300121532695648,0.05493698570463379,0.7126572324425796,0.07685634168942086,0.08940651476825846,0.051092064369305766,True
2002-01-16,0.9030956461398025,0.05000003101733595,0.6916676869013468,0.07686109946277951,0.08941204945706492,0.04515481031861118,True
2002-01-17,0.9165002473328765,0.052574939504081056,0.7020317942725813,0.07686588803143778,0.08941761996985609,0.048184945059001304,True
2002-01-18,0.9016470388871842,0.04914454118970568,0.6910419431615179,0.07687076840535377,0.08942329727914512,0.04431103004116738,True
2002-01-22,0.8845126516382733,0.04545203923117336,0.6780052558367996,0.07687558808064661,0.08942890397809507,0.04020290374273197,True
2002-01-23,0.8997674138725609,0.04836401436889728,0.6899357346899625,0.07688059109506536,0.08943472395433494,0.04351636413319808,True
2002-01-24,0.9071465453381024,0.04987074269144893,0.6955801366534629,0.07688568595950303,0.0894406507791431,0.04524007194599331,True
2002-01-25,0.9056906266003624,0.049517504304096224,0.6945057279412018,0.07689078116157655,0.08944657799672098,0.04484753950086305,True
2002-01-28,0.9093701788527638,0.05014528468153687,0.6974211040380633,0.07689590721349394,0.08945254110173459,0.04560062649947194,True
2002-01-29,0.8851048946552077,0.047274530368713305,0.6769023722098837,0.07690106412173167,0.08945854010171793,0.04184291822187441,True
2002-01-30,0.8935297821175021,0.04789194978896196,0.6843660717619107,0.07690625189207587,0.08946457500340199,0.042792883460113534,True
2002-01-31,0.9004903827484934,0.04840606296194032,0.6905192042800632,0.07691140949406389,0.08947057481042082,0.043589194163945306,True
2002-02-01,0.894302071075878,0.047326036412724905,0.6855849581608173,0.07691665900305318,0.08947668153229517,0.0423237723797123,True
2002-02-04,0.8707576212687517,0.04393134433036454,0.6660994368682256,0.07692187834788768,0.08948275316439173,0.03825355288824669,True
2002-02-05,0.8612826388358508,0.0,0.6585352183001921,0.2027474205356587,0.0,0.0,False
2002-02-06,0.8576119909142824,0.0,0.6548507320623888,0.2027612588518937,0.0,0.0,False
2002-02-07,0.8476777298154082,0.0,0.6449027926242401,0.20277493719116815,0.0,0.0,False
2002-02-08,0.8628501917583902,0.0,0.6600616557713705,0.20278853598701957,0.0,0.0,False
2002-02-11,0.87110816945535,0.0,0.6683061947045845,0.20280197475076542,0.0,0.0,False
2002-02-12,0.8673356883285382,0.0,0.6645200324917908,0.2028156558367474,0.0,0.0,False
2002-02-13,0.8765489378272938,0.0,0.6737195194993076,0.20282941832798618,0.0,0.0,False
2002-02-14,0.8752946908367317,0.0,0.6724515090836234,0.2028431817531083,0.0,0.0,False
2002-02-15,0.861769249528134,0.0,0.6589123034159569,0.20285694611217717,0.0,0.0,False
2002-02-19,0.8453260969633272,0.0,0.6424554660567824,0.20287063090654475,0.0,0.0,False
2002-02-20,0.8550983203619191,0.0,0.6522140037378261,0.20288431662409295,0.0,0.0,False
2002-02-21,0.8328657518633652,0.0,0.6299675875793358,0.20289816428402938,0.0,0.0,False
2002-02-22,0.838375967989005,0.0,0.6354639550998815,0.20291201288912356,0.0,0.0,False
2002-02-25,0.8564771066200275,0.0,0.6535512441805875,0.20292586243944,0.0,0.0,False
2002-02-26,0.854602974779126,0.0,0.6516631813180236,0.20293979346110233,0.0,0.0,False
2002-02-27,0.8513929659049441,0.0,0.6484392404658037,0.20295372543914036,0.0,0.0,False
2002-02-28,0.8441115389355692,0.0,0.6411438805619495,0.20296765837361974,0.0,0.0,False
2002-03-01,0.8701956337319356,0.0,0.6672141220099742,0.20298151172196138,0.0,0.0,False
2002-03-04,0.8892664702786994,0.0,0.686270862618424,0.2029956076602754,0.0,0.0,False
2002-03-05,0.8906775530079655,0.0,0.6876678484304914,0.20300970457747405,0.0,0.0,False
2002-03-06,0.89642820030138,0.0,0.6934043978277548,0.20302380247362528,0.0,0.0,False
2002-03-07,0.8964373143566697,0.0,0.6933994935727968,0.20303782078387292,0.0,0.0,False
2002-03-08,0.9070190595266416,0.0,0.7039671388941032,0.20305192063253846,0.0,0.0,False
2002-03-11,0.9065109892741074,0.0,0.703444806661583,0.20306618261252446,0.0,0.0,False
2002-03-12,0.9014771604291849,0.0,0.6983965536714569,0.20308060675772804,0.0,0.0,False
2002-03-13,0.8896697262252629,0.0,0.6865746137102935,0.20309511251496934,0.0,0.0,False
2002-03-14,0.8871742715871639,0.0,0.6840647328720495,0.20310953871511436,0.0,0.0,False
2002-03-15,0.8938812164852067,0.0,0.6907570893473363,0.2031241271378704,0.0,0.0,False
2002-03-18,0.895902932196856,0.0,0.6927641349827139,0.20313879721414205,0.0,0.0,False
2002-03-19,0.8976785280618363,0.0,0.6945250597119171,0.20315346834991924,0.0,0.0,False
2002-03-20,0.8788957782465051,0.0,0.6757277989349453,0.20316797931155983,0.0,0.0,False
2002-03-21,0.8880514088726877,0.0,0.684868836940853,0.20318257193183475,0.0,0.0,False
2002-03-22,0.8841787486561297,0.0,0.6809815830558993,0.20319716560023038,0.0,0.0,False
2002-03-25,0.86956400279676,0.0,0.666352323113657,0.20321167968310305,0.0,0.0,False
2002-03-26,0.8746059316728378,0.0,0.671379898149099,0.20322603352373886,0.0,0.0,False
2002-03-27,0.8728827103805139,0.0,0.6696422413570824,0.20324046902343154,0.0,0.0,False
2002-03-28,0.876982165910692,0.0,0.673727341013092,0.20325482489760008,0.0,0.0,False
2002-04-01,0.8835890169183,0.0,0.680320157758904,0.2032688591593961,0.0,0.0,False
2002-04-02,0.8663676512988261,0.0,0.663084595584264,0.20328305571456207,0.0,0.0,False
2002-04-03,0.8634869737026273,0.0,0.6601897204413938,0.20329725326123346,0.0,0.0,False
2002-04-04,0.85958572677909,0.0,0.6562743556530467,0.20331137112604328,0.0,0.0,False
2002-04-05,0.8559762109531159,0.0,0.6526508016608942,0.2033254092922218,0.0,0.0,False
2002-04-08,0.86076808853383,0.0,0.6574288014753463,0.20333928705848367,0.0,0.0,False
2002-04-09,0.847052551093527,0.0,0.6436994660116852,0.20335308508184186,0.0,0.0,False
2002-04-10,0.8531066810959199,0.0,0.6497399584456088,0.20336672265031105,0.0,0.0,False
2002-04-11,0.8369780670924114,0.0,0.6335978673620171,0.2033801997303943,0.0,0.0,False
2002-04-12,0.8443610405691314,0.0,0.6409673628655299,0.2033936777036015,0.0,0.0,False
2002-04-15,0.8445110242117086,0.0,0.6411038676417168,0.20340715656999184,0.0,0.0,False
2002-04-16,0.8655253162015388,0.0,0.6621046798719143,0.20342063632962448,0.0,0.0,False
2002-04-17,0.8631442803099594,0.0,0.6597099211592452,0.20343435915071414,0.0,0.0,False
2002-04-18,0.8554162632185461,0.0,0.6519682610488398,0.2034480021697064,0.0,0.0,False
2002-04-19,0.8576617637810986,0.0,0.6542002791449282,0.2034614846361704,0.0,0.0,False
2002-04-22,0.8439697042137824,0.0,0.6404944940008825,0.20347521021289988,0.0,0.0,False
2002-04-23,0.8370687048747115,0.0,0.633579929648221,0.20348877522649056,0.0,0.0,False
2002-04-24,0.8290064050453865,0.0,0.6255039024011345,0.203502502644252,0.0,0.0,False
2002-04-25,0.8284217148502092,0.0,0.6249056453728712,0.20351606947733802,0.0,0.0,False
2002-04-26,0.8091987738923047,0.0,0.6056689751559263,0.20352979873637833,0.0,0.0,False
2002-04-29,0.8084982024027356,0.0,0.6049546734811369,0.20354352892159883,0.0,0.0,False
2002-04-30,0.8172718861283278,0.0,0.6137144645529365,0.20355742157539122,0.0,0.0,False
2002-05-01,0.8193972339938731,0.0,0.6158258380397832,0.20357139595408993,0.0,0.0,False
2002-05-02,0.8079821829250832,0.0,0.6043968924151653,0.20358529050991792,0.0,0.0,False
2002-05-03,0.7970907945812475,0.0,0.5934915277794064,0.20359926680184112,0.0,0.0,False
2002-05-06,0.7836015642056202,0.0,0.5799884009456551,0.2036131632599651,0.0,0.0,False
2002-05-07,0.7798952466509201,0.0,0.5762681051855454,0.20362714146537475,0.0,0.0,False
2002-05-08,0.8214497823365446,0.0,0.6178088233148337,0.20364095902171098,0.0,0.0,False
2002-05-09,0.8099201758177104,0.0,0.6062652366823886,0.20365493913532176,0.0,0.0,False
2002-05-10,0.7906092194075238,0.0,0.5869402991988454,0.20366892020867844,0.0,0.0,False
2002-05-13,0.8085050550211761,0.0,0.6048221527793292,0.2036829022418469,0.0,0.0,False
2002-05-14,0.8329019046353354,0.0,0.6292050194004424,0.20369688523489307,0.0,0.0,False
2002-05-15,0.8340068513524561,0.0,0.6302959013325531,0.20371095001990305,0.0,0.0,False
2002-05-16,0.836137053115615,0.0,0.6324121181771636,0.20372493493845145,0.0,0.0,False
2002-05-17,0.8383720945728201,0.0,0.6346330929125935,0.20373900166022668,0.0,0.0,False
2002-05-20,0.8280141426310847,0.0,0.6242612349752753,0.2037529076558094,0.0,0.0,False
2002-05-21,0.8166554693332356,0.0,0.6128887355869554,0.20376673374628018,0.0,0.0,False
2002-05-22,0.8180304129907681,0.0,0.6142499249901605,0.20378048800060755,0.0,0.0,False
2002-05-23,0.8274762949307624,0.0,0.6236820840931081,0.2037942108376543,0.0,0.0,False
2002-05-24,0.8158053227352606,0.0,0.61199733152719,0.2038079912080706,0.0,0.0,False
2002-05-28,0.8127866603518277,0.0,0.6089648635784994,0.20382179677332818,0.0,0.0,False
2002-05-29,0.8025191290958202,0.0,0.5986834044996895,0.2038357245961308,0.0,0.0,False
2002-05-30,0.8042662889899576,0.0,0.6004166760628471,0.20384961292711046,0.0,0.0,False
2002-05-31,0.7999823719831249,0.0,0.5961189021354193,0.20386346984770562,0.0,0.0,False
2002-06-03,0.7815561775358144,0.0,0.577678914544266,0.20387726299154846,0.0,0.0,False
2002-06-04,0.7860770417116961,0.0,0.5821859037394795,0.20389113797221656,0.0,0.0,False
2002-06-05,0.7917918545013546,0.0,0.5878868406042004,0.20390501389715418,0.0,0.0,False
2002-06-06,0.7780915224082852,0.0,0.5741726073672834,0.20391891504100176,0.0,0.0,False
2002-06-07,0.7720065872147621,0.0,0.568073875278566,0.20393271193619605,0.0,0.0,False
2002-06-10,0.7726180212217713,0.0,0.5686714952719729,0.20394652594979829,0.0,0.0,False
2002-06-11,0.7598019489749318,0.0,0.5558415757037487,0.20396037327118313,0.0,0.0,False
2002-06-12,0.7655541124438193,0.0,0.5615798666298956,0.20397424581392373,0.0,0.0,False
2002-06-13,0.7609342537819006,0.0,0.5569462316119907,0.2039880221699098,0.0,0.0,False
2002-06-14,0.7599329021099904,0.0,0.5559312402652519,0.20400166184473856,0.0,0.0,False
2002-06-17,0.7768630580063247,0.0,0.5728478365277027,0.204015221478622,0.0,0.0,False
2002-06-18,0.7838281013730024,0.0,0.5797991979207308,0.2040289034522717,0.0,0.0,False
2002-06-19,0.7602929146659346,0.0,0.5562503121298906,0.20404260253604403,0.0,0.0,False
2002-06-20,0.7478004813953274,0.0,0.5437443569887485,0.2040561244065789,0.0,0.0,False
2002-06-21,0.7369871441117637,0.0,0.5329173349884418,0.20406980912332184,0.0,0.0,False
2002-06-24,0.7436598005276942,0.0,0.5395764029466636,0.20408339758103056,0.0,0.0,False
2002-06-25,0.7287033673780073,0.0,0.5246062670543129,0.20409710032369446,0.0,0.0,False
2002-06-26,0.7311049941441067,0.0,0.5269942063556811,0.20411078778842562,0.0,0.0,False
2002-06-27,0.7414822207454194,0.0,0.5373579713650399,0.2041242493803794,0.0,0.0,False
2002-06-28,0.7390979927619618,0.0,0.5349602971019333,0.2041376956600285,0.0,0.0,False
2002-07-01,0.7210844780769591,0.0,0.5169333433516495,0.20415113472530952,0.0,0.0,False
2002-07-02,0.7062497231234348,0.0,0.5020850026258126,0.2041647204976222,0.0,0.0,False
2002-07-03,0.7160763267221615,0.0,0.5118979790392914,0.2041783476828702,0.0,0.0,False
2002-07-05,0.7427161223527818,0.0,0.5385241465751031,0.20419197577767875,0.0,0.0,False
2002-07-08,0.7295540888034244,0.0,0.5253484597135433,0.2042056290898812,0.0,0.0,False
2002-07-09,0.7154999486263818,0.0,0.511280624793451,0.20421932383293068,0.0,0.0,False
2002-07-10,0.6983295158513517,0.0,0.494096553085263,0.20423296276608874,0.0,0.0,False
2002-07-11,0.7096574629172876,0.0,0.5054108278886755,0.20424663502861207,0.0,0.0,False
2002-07-12,0.7068955601553537,0.0,0.5026352924740236,0.2042602676813301,0.0,0.0,False
2002-07-15,0.7160529945222777,0.0,0.5117791743338885,0.20427382018838913,0.0,0.0,False
2002-07-16,0.7073309993863901,0.0,0.5030436014742281,0.20428739791216197,0.0,0.0,False
2002-07-17,0.7124376757506008,0.0,0.5081366992121784,0.20430097653842236,0.0,0.0,False
2002-07-18,0.6951067326126968,0.0,0.49079205493689193,0.20431467767580488,0.0,0.0,False
2002-07-19,0.6791409211126103,0.0,0.47481254138057677,0.20432837973203355,0.0,0.0,False
2002-07-22,0.666281526387783,0.0,0.46193958962950976,0.20434193675827322,0.0,0.0,False
2002-07-23,0.650102169213558,0.0,0.44574669074791906,0.20435547846563898,0.0,0.0,False
2002-07-24,0.6755516654436933,0.0,0.47118270924816835,0.20436895619552495,0.0,0.0,False
2002-07-25,0.6598981334603493,0.0,0.4555158527332215,0.20438228072712789,0.0,0.0,False
2002-07-26,0.6685487795686725,0.0,0.46415303556459286,0.20439574400407967,0.0,0.0,False
2002-07-29,0.6917430271564581,0.0,0.48733392443090173,0.20440910272555637,0.0,0.0,False
2002-07-30,0.699840559525347,0.0,0.49541785386032117,0.20442270566502574,0.0,0.0,False
2002-07-31,0.695766259343074,0.0,0.4913299092733137,0.20443635006976035,0.0,0.0,False
2002-08-01,0.6778294436347954,0.0,0.4733795861636434,0.20444985747115194,0.0,0.0,False
2002-08-02,0.6675390604840375,0.0,0.46307588132011657,0.20446317916392096,0.0,0.0,False
2002-08-05,0.651066174143262,0.0,0.44659007809907153,0.20447609604419037,0.0,0.0,False
2002-08-06,0.669635864419577,0.0,0.4651467695378679,0.20448909488170913,0.0,0.0,False
2002-08-07,0.6768057675258304,0.0,0.47230359183385906,0.2045021756919714,0.0,0.0,False
2002-08-08,0.6924330648870775,0.0,0.4879182457671976,0.20451481911987984,0.0,0.0,False
2002-08-09,0.6908736717608946,0.0,0.48634604611822774,0.20452762564266688,0.0,0.0,False
2002-08-12,0.6898315633753076,0.0,0.4852911547556511,0.20454040861965653,0.0,0.0,False
2002-08-13,0.6771311150217619,0.0,0.47257745185882793,0.204553663162934,0.0,0.0,False
2002-08-14,0.7008310552045522,0.0,0.49626442885905253,0.2045666263454997,0.0,0.0,False
2002-08-15,0.7093455635261632,0.0,0.5047659325880042,0.20457963093815906,0.0,0.0,False
2002-08-16,0.7103518782435152,0.0,0.505759404250608,0.2045924739929073,0.0,0.0,False
2002-08-19,0.7224211427331078,0.0,0.5178158005227765,0.20460534221033125,0.0,0.0,False
2002-08-20,0.7185677424182206,0.0,0.5139492064110206,0.20461853600719998,0.0,0.0,False
2002-08-21,0.7279958301260843,0.0,0.5233645054599967,0.2046313246660876,0.0,0.0,False
2002-08-22,0.7347171546029793,0.0,0.5300728780730545,0.20464427652992478,0.0,0.0,False
2002-08-23,0.7187952334300898,0.0,0.5141378742843878,0.20465735914570193,0.0,0.0,False
2002-08-26,0.7216242858564007,0.0,0.5169537945302852,0.20467049132611545,0.0,0.0,False
2002-08-27,0.7096443217186592,0.0,0.5049606323945912,0.20468368932406802,0.0,0.0,False
2002-08-28,0.6949133961731042,0.0,0.49021636992008094,0.20469702625302327,0.0,0.0,False
2002-08-29,0.6982691113917621,0.0,0.4935587879552168,0.20471032343654522,0.0,0.0,False
2002-08-30,0.6942063549707597,0.0,0.48948270911645625,0.20472364585430344,0.0,0.0,False
2002-09-03,0.6760305515470506,0.0,0.4712935417882421,0.20473700975880843,0.0,0.0,False
2002-09-04,0.6803435863909977,0.0,0.4755935368343889,0.20475004955660875,0.0,0.0,False
2002-09-05,0.6724795724839524,0.0,0.46771658792415094,0.20476298455980146,0.0,0.0,False
2002-09-06,0.6828789953502636,0.0,0.47810319685271835,0.20477579849754524,0.0,0.0,False
2002-09-09,0.6870513198193215,0.0,0.4822623409114245,0.2047889789078971,0.0,0.0,False
2002-09-10,0.695785791953767,0.0,0.4909835098890744,0.2048022820646926,0.0,0.0,False
2002-09-11,0.6921972176533847,0.0,0.48738168032953966,0.20481553732384503,0.0,0.0,False
2002-09-12,0.6810672619464408,0.0,0.4762382734436906,0.20482898850275025,0.0,0.0,False
2002-09-13,0.6835455405768837,0.0,0.47870312439640134,0.20484241618048232,0.0,0.0,False
2002-09-16,0.6807104420953447,0.0,0.4758546136139967,0.20485582848134795,0.0,0.0,False
2002-09-17,0.6702314509895374,0.0,0.46536215242498874,0.20486929856454866,0.0,0.0,False
2002-09-18,0.6652908615818232,0.0,0.4604080920483624,0.20488276953346077,0.0,0.0,False
2002-09-19,0.6556732590902722,0.0,0.4507771396560428,0.20489611943422933,0.0,0.0,False
2002-09-20,0.6567012122003999,0.0,0.4517919452653054,0.20490926693509454,0.0,0.0,False
2002-09-23,0.648090582110521,0.0,0.44316820748749164,0.20492237462302926,0.0,0.0,False
2002-09-24,0.6446335290332558,0.0,0.43969800522465335,0.2049355238086024,0.0,0.0,False
2002-09-25,0.6588768926949119,0.0,0.4539282432542538,0.20494864944065813,0.0,0.0,False
2002-09-26,0.6598014335175211,0.0,0.4548395925409466,0.20496184097657452,0.0,0.0,False
2002-09-27,0.648855947898518,0.0,0.443880955203946,0.20497499269457198,0.0,0.0,False
2002-09-30,0.6401494921538331,0.0,0.43516150957577227,0.20498798257806083,0.0,0.0,False
2002-10-01,0.6638479271279876,0.0,0.4588475232547191,0.20500040387326843,0.0,0.0,False
2002-10-02,0.649362514307219,0.0,0.4443494850118794,0.20501302929533965,0.0,0.0,False
2002-10-03,0.6417982603374465,0.0,0.43677270246840466,0.2050255578690418,0.0,0.0,False
2002-10-04,0.6336977093841752,0.0,0.42865970353506705,0.20503800584910822,0.0,0.0,False
2002-10-07,0.6272795146472563,0.0,0.42222875901395684,0.20505075563329944,0.0,0.0,False
2002-10-08,0.6310195602341414,0.0,0.425955931969932,0.20506362826420943,0.0,0.0,False
2002-10-09,0.6235408156128687,0.0,0.41846439528401214,0.20507642032885653,0.0,0.0,False
2002-10-10,0.6409701888717172,0.0,0.4358813337504132,0.205088855121304,0.0,0.0,False
2002-10-11,0.6623103644698122,0.0,0.45720899241768936,0.20510137205212284,0.0,0.0,False
2002-10-14,0.6662745839556315,0.0,0.4611606290970811,0.20511395485855044,0.0,0.0,False
2002-10-15,0.6884536724232928,0.0,0.48332714212619265,0.20512653029710018,0.0,0.0,False
2002-10-16,0.6746086329547555,0.0,0.4694688752524278,0.20513975770232767,0.0,0.0,False
2002-10-17,0.6872209784433331,0.0,0.48206803318511426,0.2051529452582188,0.0,0.0,False
2002-10-18,0.690905582793441,0.0,0.4857393921448789,0.20516619064856217,0.0,0.0,False
2002-10-21,0.7000073610127979,0.0,0.4948278834111851,0.20517947760161287,0.0,0.0,False
2002-10-22,0.6967093840002859,0.0,0.4915163743240841,0.20519300967620183,0.0,0.0,False
2002-10-23,0.7032726074093381,0.0,0.4980661054789347,0.20520650193040338,0.0,0.0,False
2002-10-24,0.6919297120115531,0.0,0.48670983908638976,0.20521987292516333,0.0,0.0,False
2002-10-25,0.7043170464985666,0.0,0.49908396458016596,0.20523308191840062,0.0,0.0,False
2002-10-28,0.7005763046134849,0.0,0.49533017573489213,0.20524612887859275,0.0,0.0,False
2002-10-29,0.6919501025483319,0.0,0.4866913331141275,0.20525876943420446,0.0,0.0,False
2002-10-30,0.7008360055708375,0.0,0.49556524641801425,0.20527075915282325,0.0,0.0,False
2002-10-31,0.6982258213384189,0.0,0.49294310434886573,0.2052827169895532,0.0,0.0,False
2002-11-01,0.7101376500823751,0.0,0.5048433900126104,0.20529426006976464,0.0,0.0,False
2002-11-04,0.7190518052742174,0.0,0.5137461644079402,0.20530564086627717,0.0,0.0,False
2002-11-05,0.7230763947877579,0.0,0.5177592910236418,0.205317103764116,0.0,0.0,False
2002-11-06,0.7301117301874156,0.0,0.524783260655211,0.20532846953220468,0.0,0.0,False
2002-11-07,0.7144726279874227,0.0,0.509134323873224,0.20533830411419873,0.0,0.0,False
2002-11-08,0.7066842178643666,0.0,0.5013361764769859,0.20534804138738075,0.0,0.0,False
2002-11-11,0.6952084486885854,0.0,0.48985065326902116,0.20535779541956423,0.0,0.0,False
2002-11-12,0.7034073975301056,0.0,0.4980398476150414,0.20536754991506426,0.0,0.0,False
2002-11-13,0.706665516970578,0.0,0.5012882691429681,0.2053772478276099,0.0,0.0,False
2002-11-14,0.720046725816754,0.0,0.5146598040684848,0.2053869217482692,0.0,0.0,False
2002-11-15,0.7252897998177692,0.05250137816117673,0.5199122104495177,0.09660030284906022,0.07069857246251443,0.03807871405667687,True
2002-11-18,0.7171552837801893,0.050738482339055674,0.5134610910714185,0.09660489136354791,0.07070193064478131,0.036387370700441596,True
2002-11-19,0.7111987847503148,0.04879829494032565,0.5091786944125495,0.09660949926360894,0.07070530301470933,0.03470528805944704,True
2002-11-20,0.7321072030182691,0.05344025585473676,0.5256605035204046,0.09661406137907132,0.07070864187640113,0.03912399624239201,True
2002-11-21,0.7510791265024443,0.057867487912574046,0.5402854197842232,0.09661864671301872,0.07071199773093559,0.04346306227426687,True
2002-11-22,0.7490119037434304,0.05795481323994814,0.5382644660977391,0.09662323609883997,0.07071535655090273,0.04340884499594852,True
2002-11-25,0.75307542236343,0.05931697288903923,0.5410587200786867,0.09662782953663454,0.07071871833637539,0.04467015441173334,True
2002-11-26,0.7343387140296944,0.05469166454374354,0.5268219773826387,0.09663243853081005,0.07072209150704965,0.04016220660919606,True
2002-11-27,0.753956527192564,0.05834051024245908,0.5426078061120712,0.09663704774482726,0.07072546483861882,0.04398620849704666,True
2002-11-29,0.7503489711096931,0.05741419070573756,0.5398977634699439,0.09664167635269579,0.07072885236390747,0.04308067892314588,True
2002-12-02,0.7548126929629444,0.05879476009563105,0.5430551497377496,0.09664628600734244,0.07073222601795877,0.04437903119989354,True
2002-12-03,0.7391835373584394,0.05468900331099981,0.5313718107954641,0.09665090738745302,0.07073560825349,0.040425210922032245,True
2002-12-04,0.7294378733000255,0.05173908123894024,0.5243029414868767,0.09665550981179723,0.07073897661592164,0.03774044538542982,True
2002-12-05,0.721320225846785,0.05012688579941666,0.5177602515949523,0.0966601009486157,0.07074233671738585,0.03615753658583123,True
2002-12-06,0.7268066175316573,0.05127842127779766,0.5221267987578853,0.09666465394636684,0.07074566890612581,0.03726949592127948,True
2002-12-09,0.7020231946179472,0.04555876718951841,0.5026217014958221,0.09666919181472304,0.07074899002216112,0.031983311285241026,True
2002-12-10,0.710627715080408,0.047034154083044,0.5097778074329359,0.09667378360143666,0.07075235059926213,0.0334237734467734,True
2002-12-11,0.7125199444831071,0.04756146580542462,0.5111973977850793,0.0966783564249722,0.07075569729783916,0.033888492975216344,True
2002-12-12,0.7144033880916233,0.14719957686429921,0.5125606205536957,0.09668289110041899,0.0,0.10515987643750868,True
2002-12-13,0.6922232124747251,0.13743976278117903,0.5003967808625184,0.09668743749805478,0.0,0.0951389941141519,True
2002-12-16,0.7160074259034785,0.1457473862033284,0.5149592232924289,0.09669199178344422,0.0,0.10435621082760532,True
2002-12-17,0.7155132166929481,0.1471782187092077,0.5135086521591276,0.0966966038380571,0.0,0.10530796069576343,True
2002-12-18,0.7003861139749419,0.14076473515562327,0.505095270393557,0.09670117774102607,0.0,0.09858966584035886,True
2002-12-19,0.6916611994243161,0.13712547157617075,0.5001111177954156,0.0967057134869013,0.0,0.09484436814199923,True
2002-12-20,0.7007650310746332,0.13953517693004158,0.5062734282193467,0.09671023025790132,0.0,0.09778137259738504,True
2002-12-23,0.7083920261217227,0.14373435068493706,0.5098570109768666,0.09671474723986324,0.0,0.1018202679049928,True
2002-12-24,0.6994968121221519,0.14009468601533845,0.5047818189950765,0.09671920686409238,0.0,0.09799578626298305,True
2002-12-26,0.6980897792939357,0.13919193660814455,0.504197632779429,0.09672367820823155,0.0,0.09716846830627511,True
2002-12-27,0.6825187944657805,0.13457321284895296,0.49394193608801995,0.09672811137670628,0.0,0.09184874700105425,True
2002-12-30,0.6805712108560606,0.13183653350161606,0.4941145936357015,0.09673246798009874,0.0,0.08972414924026045,True
2002-12-31,0.6754482716815129,0.12860849467876645,0.4918429462898777,0.09673693993730138,0.0,0.08686838545433385,True
2003-01-02,0.7047624815691642,0.13886702516415755,0.510152734945751,0.09674147736059396,0.0,0.09786826926281925,True
2003-01-03,0.711584155692552,0.14206204715375462,0.5137490081043363,0.09674604570835567,0.0,0.10108910187985998,True
2003-01-06,0.7300593473164652,0.1487969459464578,0.5246781241261073,0.09675062195000365,0.0,0.10863060124035431,True
2003-01-07,0.736772178591834,0.15296289431848362,0.5273182136860445,0.0967551600150478,0.0,0.11269880489074165,True
2003-01-08,0.7160136389564475,0.1440836810258967,0.5160880982927746,0.09675965989808066,0.0,0.10316588076559235,True
2003-01-09,0.7375408061574441,0.1528167301353015,0.5280680910270424,0.09676414079206691,0.0,0.11270857433833485,True
2003-01-10,0.7472593085159754,0.15758355651361325,0.5327348687501315,0.09676866029199316,0.0,0.11775577947385078,True
2003-01-13,0.7435007408195139,0.15554958918026177,0.5310763452269222,0.09677316080289607,0.0,0.11565123478969566,True
2003-01-14,0.7475255374971682,0.15709890637619764,0.5333124315449752,0.09677766152310846,0.0,0.11743544442908445,True
2003-01-15,0.737082452782012,0.15329752628754964,0.5273073736479299,0.09678216245264007,0.0,0.11299291668144205,True
2003-01-16,0.7292231752932663,0.1497093397837243,0.5232650107764113,0.09678664438870895,0.0,0.10917152012814596,True
2003-01-17,0.7001644780208449,0.1359058896453988,0.5082168828868202,0.09679111885049548,0.0,0.0951564762835292,True
2003-01-21,0.6902319234424261,0.133263828049776,0.5014534314951617,0.09679554358716674,0.0,0.09198294836009761,True
2003-01-22,0.6850839499653536,0.13263505333960174,0.49741783519348215,0.09679996852611168,0.0,0.09086614624575973,True
2003-01-23,0.6987251712657863,0.1391014195486386,0.5047271528136595,0.09680435525469024,0.0,0.09719366319743651,True
2003-01-24,0.677372828071939,0.131819885234551,0.49127287743242865,0.09680874218206419,0.0,0.08929120845744623,True
2003-01-27,0.6680073052438187,0.12896114788048776,0.48504724468297833,0.09681307168404618,0.0,0.08614698887679423,True
2003-01-28,0.6748969230366895,0.1315271332964041,0.4893122064726833,0.09681745900642656,0.0,0.08876725755757962,True
2003-01-29,0.6843690422309566,0.13549564624527935,0.4948181393202175,0.09682187726339281,0.0,0.09272902564734635,True
2003-01-30,0.6649102562788392,0.1286261243708014,0.4825591235531329,0.09682630340616288,0.0,0.08552482931954339,True
2003-01-31,0.6683396498124686,0.12700520866818443,0.4866263033755438,0.09683072975127091,0.0,0.08488261668565389,True
2003-02-03,0.6698299861810123,0.1274802793853607,0.4876047314729977,0.09683514092896692,0.0,0.08539011377904775,True
2003-02-04,0.6612926367572535,0.12435974167182441,0.48221488760256587,0.09683956767807597,0.0,0.08223818147661166,True
2003-02-05,0.6575686235346315,0.12333749806071848,0.4796217792892705,0.09684397541536907,0.0,0.08110286882999193,True
2003-02-06,0.659037945501228,0.12503642387627914,0.4797858142437001,0.09684838335328418,0.0,0.0824037479042437,True
2003-02-07,0.6480549066597047,0.12083192477199012,0.47289641265418053,0.09685277227589967,0.0,0.07830572172962451,True
2003-02-10,0.65387689862907,0.1229062118510803,0.47665422382102973,0.0968571421806084,0.0,0.08036553262743183,True
2003-02-11,0.6548175349442737,0.12470215300891702,0.4762988162602179,0.09686156224851311,0.0,0.0816571564355427,True
2003-02-12,0.6444111768750114,0.12150158695978384,0.46924820602462164,0.09686599020545386,0.0,0.07829698064493584,True
2003-02-13,0.6474822858858373,0.12273271309899844,0.47114461757838966,0.09687041067713748,0.0,0.07946725763031016,True
2003-02-14,0.6635125178516269,0.12800358067104983,0.48170571992827826,0.09687481981827654,0.0,0.08493197810507212,True
2003-02-18,0.6831206167784739,0.13588402296606916,0.4934161946622351,0.09687924453731735,0.0,0.09282517757892148,True
2003-02-19,0.6782781143838784,0.13406825137564551,0.4904588688061464,0.09688368483591532,0.0,0.09093556074181665,True
2003-02-20,0.6737545169464615,0.13333141265430434,0.48703374239266206,0.0968881330271093,0.0,0.08983264152669015,True
2003-02-21,0.6801015133576849,0.135080255067635,0.4913406460389125,0.09689258142253174,0.0,0.09186828589624063,True
2003-02-24,0.6672054916964111,0.13061195712596035,0.4831634081487033,0.09689706847205078,0.0,0.08714501507565695,True
2003-02-25,0.6697373122697181,0.13057039879514554,0.4853878693637187,0.09690157495495343,0.0,0.087447867951046,True
2003-02-26,0.6549794925648051,0.12459673947654507,0.4764650901842611,0.09690609318296738,0.0,0.08160830919757671,True
2003-02-27,0.6690885752591951,0.13025896382924737,0.4850231521955919,0.09691063854035294,0.0,0.08715478452325015,True
2003-02-28,0.6786236932990067,0.1344735308398362,0.49045158503858177,0.09691518411093741,0.0,0.09125692414948754,True
2003-03-03,0.6657538706576562,0.12871568672937062,0.48314120102971414,0.09691970297350523,0.0,0.0856929666544368,True
2003-03-04,0.6588602699687623,0.1276665682086816,0.477821629863713,0.09692421050909189,0.0,0.08411442959595739,True
2003-03-05,0.6618748847203149,0.1278425250229575,0.4803304368778091,0.0969286913305818,0.0,0.08461575651192396,True
2003-03-06,0.6586441632803874,0.1275078253854829,0.4777287559613839,0.09693312235628046,0.0,0.08398228496272311,True
2003-03-07,0.6612824581767377,0.12775644757033316,0.47986182612770406,0.09693753435179624,0.0,0.08448309769723743,True
2003-03-10,0.6448593064375886,0.12250235177326316,0.46892077062417503,0.0969417542119336,0.0,0.07899678160147998,True
2003-03-11,0.6384210528938183,0.12047186643342594,0.4645634451608846,0.0969458319204224,0.0,0.07691177581251124,True
2003-03-12,0.6483364234830303,0.12504066675317912,0.4703180873154336,0.09694991749490703,0.0,0.08106841867268962,True
2003-03-13,0.6838931215008305,0.13892211349534211,0.4919312211793625,0.09695402247764585,0.0,0.09500787784382217,True
2003-03-14,0.6867466383502419,0.13994264506899542,0.4936832349948372,0.09695826229243099,0.0,0.09610514106297366,True
2003-03-17,0.712821420062848,0.14864143806646773,0.5099041129597709,0.09696250614035377,0.0,0.1059548009627234,True
2003-03-18,0.7214130580638908,0.15231369782407214,0.5145651634897542,0.09696680404185326,0.0,0.10988109053228327,True
2003-03-19,0.7183623445406622,0.1490173666886149,0.5143427467119196,0.09697113291703369,0.0,0.10704846491170897,True
2003-03-20,0.7210710958875494,0.1501019357979238,0.5158614280808588,0.09697550046603907,0.0,0.10823416734065149,True
2003-03-21,0.7346071710638636,0.15341440093619274,0.524927976083543,0.09697987590812669,0.0,0.11269931907219391,True
2003-03-24,0.7008938461562171,0.14070604712380697,0.505289515094462,0.09698432851571216,0.0,0.09862000254604299,True
2003-03-25,0.711095138982241,0.1445770120464536,0.5112983548767719,0.09698877363065903,0.0,0.10280801047481004,True
2003-03-26,0.7130011312339337,0.14662369260741095,0.5114650651361762,0.096993207402977,0.0,0.10454285869478057,True
2003-03-27,0.7091211787302646,0.14423841805674345,0.5098410318681287,0.09699762983154936,0.0,0.10228251703058659,True
2003-03-28,0.7016445336806222,0.1409431696353951,0.5057505421197769,0.09700198702654973,0.0,0.09889200453429563,True
2003-03-31,0.6783985867158715,0.1318320333118379,0.49195765805105857,0.09700626358218241,0.0,0.08943466508263052,True
2003-04-01,0.6862359481081244,0.13340294162386418,0.4976795944943029,0.09701045948815631,0.0,0.0915458941256652,True
2003-04-02,0.7066395671516339,0.1402204764159325,0.5105395555675749,0.09701467482370851,0.0,0.09908533676035043,True
2003-04-03,0.7123844996414667,0.14433410502940158,0.5125442031580671,0.09701891729083037,0.0,0.10282137919256915,True
2003-04-04,0.7047217134038494,0.13877291134842273,0.5099023273501728,0.09702310219417554,0.0,0.09779628385950097,True
2003-04-07,0.7050610981701303,0.1393230765717572,0.509802548774567,0.09702726802743901,0.0,0.09823128136812427,True
2003-04-08,0.7048232442043276,0.13886745528377242,0.5099146073030139,0.09703162655380591,0.0,0.09787701034750788,True
2003-04-09,0.6888275698411189,0.13225459748803198,0.5006909908294505,0.09703596602367208,0.0,0.09110061298799642,True
2003-04-10,0.6965747979309986,0.13554109727818658,0.5051200452561074,0.0970402402269925,0.0,0.09441451244789864,True
2003-04-11,0.6901185945467077,0.1326457035297274,0.5015327864800267,0.09704454157408617,0.0,0.09154126649259474,True
2003-04-14,0.705997684357969,0.13757093689500793,0.5118239628341923,0.09704895864094472,0.0,0.09712476288283187,True
2003-04-15,0.7136305903500777,0.13999892136563982,0.5166696630272374,0.09705341442030471,0.0,0.09990751290253565,True
2003-04-16,0.7079426042252115,0.14013452103665078,0.5116775245023719,0.09705788195830028,0.0,0.09920719776453923,True
2003-04-17,0.7243935074026104,0.14633150406739592,0.5213296162953721,0.09706229963235805,0.0,0.10600159147488028,True
2003-04-21,0.7268004123659005,0.14745496025110114,0.5225633689425127,0.09706671750749009,0.0,0.10717032591589779,True
2003-04-22,0.7427543858341839,0.1524654092542578,0.5324388795796235,0.09707115484295656,0.0,0.11324435141160374,True
2003-04-23,0.7496069163567871,0.15435178703888125,0.5368281568591392,0.09707559238127264,0.0,0.11570316711637527,True
2003-04-24,0.7438635416923123,0.15298529257478116,0.5329833492693653,0.09708001086143574,0.0,0.11380018156151132,True
2003-04-25,0.7288292223355478,0.1470818872895237,0.5245472846028603,0.0970843601998192,0.0,0.10719757753286827,True
2003-04-28,0.7448340341104305,0.1523903989227889,0.5342398150185237,0.09708866350254815,0.0,0.11350555558935865,True
2003-04-29,0.7512789923593856,0.15518201559302222,0.5376010563199439,0.09709294773241735,0.0,0.1165849883070242,True
2003-04-30,0.7444354047064182,0.15184001035671582,0.5343030737300977,0.09709725141579208,0.0,0.11303507956052847,True
2003-05-01,0.7496937948016473,0.15470631936555665,0.5366099335159318,0.09710149364075582,0.0,0.11598236764495974,True
2003-05-02,0.766635216503005,0.16093488923878188,0.546151219274821,0.09710564357372332,0.0,0.12337835365446069,True
2003-05-05,0.7654107373355631,0.16065425831265814,0.5453343761260034,0.09710986689837002,0.0,0.12296649431118968,True
2003-05-06,0.7761502951248638,0.16446314230107165,0.5513881036980929,0.09711407499263168,0.0,0.12764811643413923,True
2003-05-07,0.767241895898993,0.16076474277644706,0.5467782128328954,0.09711823702458246,0.0,0.12334544604151519,True
2003-05-08,0.7526481995847094,0.15481978053146664,0.5390009442955248,0.09712242621207651,0.0,0.1165248290771082,True
2003-05-09,0.7706330772940915,0.16163727121326577,0.5489435110745391,0.09712653849905369,0.0,0.12456302772049867,True
2003-05-12,0.7837955057060573,0.1661140997268591,0.5564653121322264,0.09713070877351095,0.0,0.13019948480031995,True
2003-05-13,0.7791068993214308,0.16395914035636266,0.5542303804517955,0.0971348214111823,0.0,0.12774169745845299,True
2003-05-14,0.7771239404579062,0.16332019757740923,0.5530649900099619,0.09713891495022431,0.0,0.12692003549772005,True
2003-05-15,0.7862185608007749,0.16682511791947763,0.5579146443912627,0.09714291229344098,0.0,0.13116100411607126,True
2003-05-16,0.780383390437555,0.16421146628184569,0.5550886068146792,0.0971468828171268,0.0,0.12814790080574898,True
2003-05-19,0.7505772396805714,0.15268213271237419,0.5388266832980179,0.09715082266275714,0.0,0.1145997337197965,True
2003-05-20,0.7517834377970726,0.15373598098454117,0.5390525301071772,0.09715474339223161,0.0,0.11557616429766374,True
2003-05-21,0.7505481942610369,0.15263460553563854,0.5388299679553261,0.09715859873919161,0.0,0.11455962756651918,True
2003-05-22,0.7620663094774834,0.1568191190616764,0.5453971067108075,0.0971626354478341,0.0,0.1195065673188418,True
2003-05-23,0.7628306627845085,0.15680555830248044,0.5460478909255386,0.09716668389079391,0.0,0.11961608796817605,True
2003-05-27,0.7900781879485678,0.1675375804618135,0.5605396481824865,0.09717075178152439,0.0,0.13236778798455698,True
2003-05-28,0.7929500390827456,0.16845399285239004,0.5621995881763208,0.09717485069047764,0.0,0.13357560021594725,True
2003-05-29,0.7950017432228442,0.1700649807400361,0.5626207447533583,0.0971790423199977,0.0,0.13520195614948813,True
2003-05-30,0.8107451055761562,0.1749299304015882,0.5717383328295659,0.097183187854725,0.0,0.14182358489186528,True
2003-06-02,0.8068923615570266,0.17202078157050057,0.570902734747704,0.09718737213101587,0.0,0.13880225467830665,True
2003-06-03,0.814691485313716,0.1751857932030315,0.5747774890930585,0.09719162215021837,0.0,0.14272237407043922,True
2003-06-04,0.8322392052470591,0.18111469543765582,0.5843127369744554,0.0971957180830059,0.0,0.15073075018959783,True
2003-06-05,0.8390473182277512,0.1835156574570695,0.5878693380764171,0.09719965990917749,0.0,0.15397832024215677,True
2003-06-06,0.8252960618400571,0.17722865696632167,0.5818263665909659,0.09720358260958362,0.0,0.14626611263950767,True
2003-06-09,0.8126311055726765,0.1727959394893583,0.5750042061858578,0.09720754404111218,0.0,0.14041935534570654,True
2003-06-10,0.8262687520254619,0.17763609227320193,0.5822821712628897,0.09721142848531387,0.0,0.14677515227725835,True
2003-06-11,0.8375721773700224,0.18113650093492137,0.5886421636756686,0.09721512020510471,0.0,0.1517148934892492,True
2003-06-12,0.8416564570202318,0.18253561158277162,0.5908055501442417,0.0972186307512133,0.0,0.15363227612477676,True
2003-06-13,0.8215299938502153,0.17435215784211938,0.5810723947082205,0.09722207198218674,0.0,0.1432355271598081,True
2003-06-16,0.8497588754939073,0.18406565837091524,0.5961221629077877,0.09722528571180492,0.0,0.15641142687431464,True
2003-06-17,0.8467590247832065,0.18253899787266023,0.5949639659793778,0.09722851498027103,0.0,0.15456654382355758,True
2003-06-18,0.8504367994777701,0.18456042058805514,0.5962479659784765,0.09723186010411673,0.0,0.15695697339517675,True
2003-06-19,0.8334348092821158,0.17916445455282579,0.5868777302207138,0.09723518605103328,0.0,0.14932189301036866,True
2003-06-20,0.8317953297618723,0.17878569024119279,0.5858439855769885,0.0972382420140069,0.0,0.1487131021708769,True
2003-06-23,0.8173395555173046,0.17347830081364243,0.578307522285509,0.09724135595287582,0.0,0.14179067727891978,True
2003-06-24,0.8121232439319797,0.17054178092072278,0.5763777794290046,0.09724452015570065,0.0,0.1385009443472744,True
2003-06-25,0.8054176248416762,0.16915650569822888,0.5719283865123206,0.09724760728337063,0.0,0.13624163104598497,True
2003-06-26,0.825598628380299,0.17673771189811072,0.5824331470189832,0.09725106883516313,0.0,0.14591441252615264,True
2003-06-27,0.8128146817730361,0.1725430964274821,0.5753146741498113,0.09725444560838656,0.0,0.14024556201483815,True
2003-06-30,0.8155604582202866,0.17401434953293812,0.576383540436422,0.0972576951418764,0.0,0.1419192226419881,True
2003-07-01,0.8277355460797409,0.17830030732040528,0.5828891144875183,0.09726092934618127,0.0,0.14758550224604128,True
2003-07-02,0.8463854861901486,0.18503438167553882,0.5925107916490577,0.0972642794447465,0.0,0.15661041509634446,True
2003-07-03,0.8336611425634289,0.18073546410084096,0.5857214604541292,0.0972675486052611,0.0,0.15067213350403866,True
2003-07-07,0.8713664870671047,0.1951132251245504,0.6040805629334347,0.09727079857655743,0.0,0.17001512555711265,True
2003-07-08,0.8826272997665192,0.19966412601837122,0.6091241655032652,0.09727412585541695,0.0,0.176229008407837,True
2003-07-09,0.8788248451549727,0.19900915901722627,0.6066531097671993,0.09727754203003815,0.0,0.1748941933577352,True
2003-07-10,0.8595151444468236,0.19207733774394872,0.5971408633294838,0.09728090042138854,0.0,0.16509338069595142,True
2003-07-11,0.8683514448328197,0.19442877560869196,0.6022347047098371,0.09728423190609876,0.0,0.16883250821688375,True
2003-07-14,0.8794422592236809,0.19882384019026855,0.6073005969327868,0.09728757508643632,0.0,0.17485408720445786,True
2003-07-15,0.8797859357279435,0.19945860381319297,0.6070141390909335,0.09729092224223088,0.0,0.17548087439477913,True
2003-07-16,0.8754102311481873,0.1985631142642308,0.6042916988035744,0.09729435058905883,0.0,0.1738241817555542,True
2003-07-17,0.8459982676616271,0.18665493495951033,0.5907907601439459,0.09729775589144174,0.0,0.1579097516262394,True
2003-07-18,0.8514752881774734,0.18721277085616878,0.5947671213205898,0.09730111884162398,0.0,0.1594070480152596,True
2003-07-21,0.8378622557763576,0.18292895158220662,0.5872884866819794,0.09730450507490648,0.0,0.15326926401947175,True
2003-07-22,0.8517269482493033,0.187967610809174,0.5943219386859653,0.09730793003912744,0.0,0.16009707952421054,True
2003-07-23,0.8583676780739046,0.19112947281934378,0.5969969032332416,0.09731141304523337,0.0,0.16405936179542957,True
2003-07-24,0.8455830969059412,0.18625586032944758,0.590773432151281,0.09731485756040555,0.0,0.15749480719425474,True
2003-07-25,0.8660514834130801,0.1926759666165298,0.6018658397539637,0.09731833695282179,0.0,0.16686730670629474,True
2003-07-28,0.8671885635841253,0.19402957018376388,0.6016065189921926,0.09732182033142917,0.0,0.16826022426050344,True
2003-07-29,0.859720029908884,0.19126841232287928,0.597957305742248,0.09732543900378537,0.0,0.16443728516285053,True
2003-07-30,0.8532199109086573,0.1884956545119363,0.5950625303060525,0.09732913505326145,0.0,0.16082824554934336,True
2003-07-31,0.8633243427599009,0.19302195528637672,0.5993509974535951,0.0973327926204636,0.0,0.16664055268584216,True
2003-08-01,0.8521020669830675,0.18926369315550554,0.593493709763702,0.09733637307671014,0.0,0.1612719841426553,True
2003-08-04,0.8518338458066359,0.18911503966958956,0.5933993353633519,0.09733991890166308,0.0,0.16109459154162098,True
2003-08-05,0.8147667689287903,0.174303767082494,0.5754063135639002,0.09734353824697008,0.0,0.14201691711792008,True
2003-08-06,0.8159486285773512,0.17368076060262527,0.5768869001520925,0.09734715000127535,0.0,0.14171457842398333,True
2003-08-07,0.8218018168129466,0.17447530860369384,0.5810669795426553,0.09735071167077611,0.0,0.14338412559951513,True
2003-08-08,0.816908627454893,0.17132591785400508,0.5795967413088867,0.09735426574444127,0.0,0.13995762040156504,True
2003-08-11,0.825771633519283,0.175043142235553,0.5838681250284902,0.09735784699059201,0.0,0.1445456615002008,True
2003-08-12,0.8393965958793315,0.17999425360582555,0.5909486076196359,0.09736142450512456,0.0,0.15108656375457105,True
2003-08-13,0.8381072105295473,0.1804202468941085,0.5895306946674584,0.09736500601461541,0.0,0.15121150984747347,True
2003-08-14,0.8396206193383621,0.18059475722739746,0.5906209497699788,0.09736858765585465,0.0,0.15163108191252858,True
2003-08-15,0.8470794582459837,0.18367120982932228,0.5941231489888045,0.09737220033957253,0.0,0.1555841089176067,True
2003-08-18,0.8692286569394727,0.19274661859248776,0.6043119902852396,0.09737578224546015,0.0,0.16754088440877293,True
2003-08-19,0.8804202292149381,0.19741217370511024,0.6092351550674084,0.09737940292425731,0.0,0.17380567122327234,True
2003-08-20,0.8771195343990923,0.19665786136246438,0.6072440588672459,0.09738302373768051,0.0,0.172492451794166,True
2003-08-21,0.8869647457250283,0.20077004079664879,0.6115021528548903,0.09738664468573474,0.0,0.17807594818440314,True
2003-08-22,0.8787618180408145,0.1988900250312187,0.6065945575048152,0.09739030054938246,0.0,0.17477695998661685,True
2003-08-25,0.8810117584148248,0.19963689295755163,0.6077353324320961,0.09739397587372403,0.0,0.17588245010900472,True
2003-08-26,0.8823053135015178,0.19986753151616704,0.6085633959498526,0.0973977324985188,0.0,0.17634418505314625,True
2003-08-27,0.8890323594938099,0.20308040038162103,0.6110858033824492,0.09740150859314042,0.0,0.18054504751822015,True
2003-08-28,0.8983915405231456,0.206265740237569,0.6156788595598084,0.09740528483416065,0.0,0.1853073961291766,True
2003-08-29,0.9082770898674473,0.20954031254561054,0.6205474213363005,0.09740900324230423,0.0,0.19032066528884248,True
2003-09-02,0.9250814465334198,0.2145770979824116,0.6291674402775147,0.09741271406139243,0.0,0.19850129219451268,True
2003-09-03,0.926232701631862,0.21389959301887718,0.6306955096146898,0.09741639409734176,0.0,0.19812079791983037,True
2003-09-04,0.9346911123270679,0.2177565678414714,0.6337359094424837,0.09742007427231468,0.0,0.20353512861226952,True
2003-09-05,0.9269150237382262,0.21530923052431297,0.6299179472883603,0.09742371592736325,0.0,0.19957336052250277,True
2003-09-08,0.9445690736179431,0.2217133086959524,0.6377182392859497,0.09742729972828854,0.0,0.2094235346037048,True
2003-09-09,0.931195615874068,0.21684733021586577,0.6318374296712159,0.09743090299184151,0.0,0.20192728321101053,True
2003-09-10,0.9058095336197656,0.20680571327579886,0.6210484405388532,0.09743450638865804,0.0,0.18732658669225433,True
2003-09-11,0.9164042167069161,0.21120618550413436,0.6254158677976012,0.09743810991874305,0.0,0.19355023899057186,True
2003-09-12,0.9217401585286642,0.2133232902201018,0.6276698016012299,0.09744171358210148,0.0,0.19662864334533287,True
2003-09-15,0.9117953183537256,0.2093069864788713,0.6235048706048261,0.09744531737873824,0.0,0.1908451303701614,True
2003-09-16,0.9403498978887894,0.21946612982732797,0.6365260470081533,0.09744889810746045,0.0,0.20637495277317566,True
2003-09-17,0.9358942598210084,0.21778704056993153,0.6346161358534742,0.09745248283473021,0.0,0.203825641132804,True
2003-09-18,0.9537100754750512,0.22341937396165615,0.6431766997776247,0.09745606769386672,0.0,0.21307730800355976,True
2003-09-19,0.9465225655773185,0.221200313346856,0.6396918054603679,0.09745967202137777,0.0,0.20937108809557292,True
2003-09-22,0.9249477986040165,0.21336621496693065,0.630131930628909,0.09746325714497364,0.0,0.19735261083013386,True
2003-09-23,0.9421671932092819,0.22055233950818148,0.6369031914765965,0.09746682306252144,0.0,0.20779717867016395,True
2003-09-24,0.9010109509372969,0.20453843916965833,0.6192491766440016,0.09747040071381091,0.0,0.1842913735794843,True
2003-09-25,0.887282306055539,0.19960814237356242,0.6126995856294865,0.09747394755337584,0.0,0.17710877287267682,True
2003-09-26,0.880887768661145,0.19716555423893098,0.6097295490087689,0.09747749452200631,0.0,0.1736807251303699,True
2003-09-29,0.898051362073722,0.2033419807451016,0.6179587776791079,0.09748104161970703,0.0,0.18261154277490704,True
2003-09-30,0.8764139454639063,0.19475221991672134,0.6082457796991428,0.09748460431969527,0.0,0.1706835614450681,True
2003-10-01,0.9012527120436659,0.20215129160550413,0.6215751257490186,0.09748818649205666,0.0,0.18218939980259055,True
2003-10-02,0.9052015390750663,0.2032444718334581,0.6237326234640285,0.09749170689889256,0.0,0.18397720871214523,True
2003-10-03,0.9321925115274854,0.2138861993843456,0.6353141629721321,0.0974952351701917,0.0,0.19938311338516163,True
2003-10-06,0.9403087928246532,0.21666177810353365,0.639081054235696,0.09749876356918065,0.0,0.2037289750197766,True
2003-10-07,0.94718929338316,0.21899209532198338,0.6422600603458714,0.09750226501276162,0.0,0.20742696802452706,True
2003-10-08,0.9403739845919022,0.21634766709722839,0.6394205118516934,0.09750575497482582,0.0,0.20344771776538303,True
2003-10-09,0.9482325726598532,0.21938504554710953,0.6426953781878482,0.09750914832977035,0.0,0.20802804614223472,True
2003-10-10,0.9578220702537688,0.22316882661090426,0.6465534893220859,0.09751255341112215,0.0,0.21375602752056067,True
2003-10-13,0.9651524375198429,0.2258077430699379,0.6496975581867234,0.0975159856983145,0.0,0.21793889363480498,True
2003-10-14,0.968770989539443,0.22665688863215586,0.6516729531470201,0.09751941810631792,0.0,0.21957861828610495,True
2003-10-15,0.9636963082521481,0.22491589771856735,0.6494228373184104,0.09752285063513666,0.0,0.2167506202986011,True
2003-10-16,0.9727274613699766,0.22811631679040162,0.6533061104374398,0.09752634520394,0.0,0.22189500572859672,True
2003-10-17,0.9453492188583368,0.21781056517957792,0.6419123351788077,0.09752983602792217,0.0,0.20590704765160683,True
2003-10-20,0.9593867687558979,0.22259261709684441,0.6483010107624443,0.09753334632799317,0.0,0.2135524116654604,True
2003-10-21,0.9645865502679596,0.22534159096819203,0.6496882062978145,0.09753687610624308,0.0,0.21736146786390195,True
2003-10-22,0.9416243391541034,0.21744464244714815,0.6393326725027494,0.09754049890445785,0.0,0.20475116774689617,True
2003-10-23,0.9302058024886029,0.21244151419036353,0.6350473669446784,0.09754410635458345,0.0,0.19761432918934102,True
2003-10-24,0.9316868715355355,0.2126319548891601,0.6360327644997374,0.09754770619663138,0.0,0.1981064008391667,True
2003-10-27,0.9320818641398292,0.2126974117146501,0.6362791695724942,0.09755129455862721,0.0,0.1982514000087078,True
2003-10-28,0.9670738718782469,0.22564620755931844,0.6513023830114326,0.09755493724778162,0.0,0.21821655161903264,True
2003-10-29,0.9663707075482627,0.2250112191721812,0.6513678609126441,0.09755859555790072,0.0,0.21744425107771795,True
2003-10-30,0.9689629337259777,0.2257114743497989,0.6526946583302199,0.09756222303416097,0.0,0.21870605236159693,True
2003-10-31,0.9627957910058662,0.2230808519758945,0.6504486543817378,0.09756583128773452,0.0,0.2147813053363939,True
2003-11-03,0.9808849668847407,0.22976594100576256,0.6579415697753058,0.09756943967475619,0.0,0.2253739574346787,True
2003-11-04,0.9733961822910897,0.2268381595515545,0.6550197781801866,0.09757300560548289,0.0,0.22080339850542025,True
2003-11-05,0.9825342198039002,0.2307702050491136,0.658217997661953,0.09757659877003036,0.0,0.22673962337191692,True
2003-11-06,0.9870626230618159,0.2316013881385196,0.6608773379535049,0.09758021142754614,0.0,0.2286050736807649,True
2003-11-07,0.9758147394411669,0.22817550672413284,0.6555739158150309,0.0975838009852701,0.0,0.22265702264086593,True
2003-11-10,0.9621548609279186,0.22280834308237493,0.6501913205390308,0.09758741003688533,0.0,0.21437613035200243,True
2003-11-11,0.9584584148454172,0.22115697235497678,0.6488976731932019,0.09759098049685239,0.0,0.21196976115536278,True
2003-11-12,0.9826170352289471,0.22953308872761988,0.6594793610090174,0.09759455108745294,0.0,0.22554312313247668,True
2003-11-13,0.9815572437288198,0.2289778659391523,0.659204215717257,0.0975981450454213,0.0,0.22475488296614152,True
2003-11-14,0.9582521767701169,0.22015286854862665,0.6496884759983638,0.0976017352628462,0.0,0.2109619655089069,True
2003-11-17,0.946753629151245,0.2159271409632668,0.6447184991996798,0.0976053256123398,0.0,0.20442980433922528,True
2003-11-18,0.9217960224223287,0.20639415108197168,0.6339337949366497,0.0976089199670843,0.0,0.19025330751859468,True
2003-11-19,0.9331044535330422,0.20982095931580425,0.6397070365096761,0.09761254544121387,0.0,0.1957848715821522,True
2003-11-20,0.9214588218693018,0.20629446485406064,0.6337508311383534,0.09761613618836759,0.0,0.19009185454258082,True
2003-11-21,0.9319130668102462,0.21027293315725054,0.63833726510514,0.09761970769934701,0.0,0.19595609400575925,True
2003-11-24,0.9612881245426119,0.22079052083261635,0.6514215782515836,0.09762324060305608,0.0,0.21224330568797226,True
2003-11-25,0.9624954146473251,0.2204820571119776,0.6526556526607423,0.09762679300429472,0.0,0.2122129689822881,True
2003-11-26,0.9680187532022005,0.22218423094008197,0.6553098938292727,0.09763035715711986,0.0,0.21507850221580793,True
2003-11-28,0.9693384610244342,0.22260314396568717,0.6559267815872967,0.09763389044623787,0.0,0.21577778899089978,True
2003-12-01,0.9871896244004481,0.2281850014528788,0.664290350156612,0.09763740836575296,0.0,0.2252618658780831,True
2003-12-02,0.9807125248744517,0.22582066040489035,0.6616064910473475,0.09764088379260803,0.0,0.22146515003449613,True
2003-12-03,0.9676159435713327,0.22018942420988663,0.6569127092641921,0.09764443683586274,0.0,0.2130587974712779,True
2003-12-04,0.9793696748121101,0.22455210350591392,0.6618021835886169,0.09764797063453103,0.0,0.21991952058896222,True
2003-12-05,0.9606309811945404,0.21752717359175225,0.6540161770535584,0.09765146193706184,0.0,0.20896334220392007,True
2003-12-08,0.9682540649071335,0.2194803455737063,0.65808639802426,0.0976549301139099,0.0,0.2125127367689635,True
2003-12-09,0.9434716078845673,0.20968171294365348,0.6479844782411323,0.09765838678849603,0.0,0.19782874285493904,True
2003-12-10,0.9468808019476305,0.2112639515069476,0.6491771785366691,0.09766184358543747,0.0,0.20004177982552385,True
2003-12-11,0.970306021092215,0.21937813233525874,0.6597768172639416,0.09766528112740713,0.0,0.2128639227008663,True
2003-12-12,0.9692758850880239,0.21846120446203787,0.659858047119585,0.09766866065610133,0.0,0.2117491773123375,True
2003-12-15,0.955003013667096,0.21301205084804548,0.6539038034793818,0.09767205968042199,0.0,0.2034271505072921,True
2003-12-16,0.9585658797096086,0.2134722864107043,0.6562631592419688,0.09767547045074156,0.0,0.20462725001689827,True
2003-12-17,0.9611942264958626,0.21395843550911128,0.6578597399861719,0.09767887358824573,0.0,0.20565561292144513,True
2003-12-18,0.9824803438902877,0.22098678746951902,0.6676829153547426,0.09768225358728222,0.0,0.21711517494826296,True
2003-12-19,0.9787535253980205,0.21992597556371082,0.6658146026716943,0.09768559881674532,0.0,0.21525332390958088,True
2003-12-22,0.9840869497454889,0.22073991181474292,0.6691707584619059,0.0976889247787245,0.0,0.21722726650485857,True
2003-12-23,0.991759564065405,0.2239891233913977,0.6719239462117002,0.09769226248365998,0.0,0.2221433553700448,True
2003-12-24,0.993465797506127,0.22495889520470985,0.672281147562523,0.09769568171295966,0.0,0.22348896823064432,True
2003-12-26,0.992281588437356,0.2242552582040855,0.6720581623175661,0.09769906229361061,0.0,0.22252436382617938,True
2003-12-29,1.0132440728409515,0.23042923482200645,0.6820606703806177,0.09770234606765991,0.0,0.23348105639267383,True
2003-12-30,1.0167051246493846,0.2318806573090458,0.6832452033333941,0.09770566872281579,0.0,0.23575425259317465,True
2003-12-31,1.0141135864514201,0.230532835077566,0.6826179015386007,0.09770920473749523,0.0,0.23378648017532422,True
2004-01-02,1.011071244352475,0.22929147777108014,0.6815285031096349,0.09771272149341624,0.0,0.23183001974942385,True
2004-01-05,1.035554642619843,0.23732330666353854,0.6920771716140366,0.0977162189884863,0.0,0.24576125201732005,True
2004-01-06,1.0431629603059447,0.24032231470317014,0.6947479064638645,0.09771971660874448,0.0,0.2506953372333358,True
2004-01-07,1.0543151523753382,0.2442421897245818,0.6990837004229008,0.09772321047647865,0.0,0.25750824147595874,True
2004-01-08,1.0646101322464039,0.24762484188745548,0.7032595702767259,0.09772664630037912,0.0,0.2636239156692988,True
2004-01-09,1.0539870026055083,0.24514756757539657,0.6978747216591271,0.09772993100155754,0.0,0.2583823499448235,True
2004-01-12,1.0744070110497148,0.2519281246271046,0.7060004712474497,0.09773319642229757,0.0,0.2706733433799675,True
2004-01-13,1.060765392539826,0.2475436936045216,0.7004431278790344,0.09773648134363286,0.0,0.26258578331715876,True
2004-01-14,1.0675562674412082,0.24846346478228185,0.7045677138309259,0.09773982455179951,0.0,0.2652487290584829,True
2004-01-15,1.0714068937308006,0.24948677963665622,0.706361885773354,0.0977431523600358,0.0,0.2673018555974106,True
2004-01-16,1.0845692394200326,0.2539775693770493,0.7113665231615522,0.09774645700946534,0.0,0.2754562592490149,True
2004-01-20,1.0835223695398557,0.2535951309471787,0.7109965717933355,0.09774980055886309,0.0,0.2747759971876571,True
2004-01-21,1.0813901332501965,0.25089468961303324,0.7123219665899434,0.09775312482784827,0.0,0.27131504183240474,True
2004-01-22,1.0734158851637579,0.2481796524647869,0.7092594158328643,0.09775648800077054,0.0,0.26639998133012305,True
2004-01-23,1.0680053158861744,0.2466566219519827,0.7068149393418586,0.09775979310107173,0.0,0.263430583443244,True
2004-01-26,1.0898713660017103,0.2527391605587599,0.7166550353379946,0.09776315650341434,0.0,0.27545317416030124,True
2004-01-27,1.0600607759983764,0.24263898710637996,0.7050821248249225,0.09776657821400479,0.0,0.2572120729594492,True
2004-01-28,1.0369375430585037,0.2353957363323204,0.6950768083409287,0.09777005823869143,0.0,0.24409067647888366,True
2004-01-29,1.0413179339209864,0.23702551855154616,0.6967253946738792,0.09777361598246068,0.0,0.24681892326464647,True
2004-01-30,1.0363165659921627,0.2348744121513343,0.6951351478963717,0.09777717385569226,0.0,0.24340424424009866,True
2004-02-02,1.0348789896670754,0.23326395390131185,0.6956983704704054,0.0977806542575333,0.0,0.24139996493913685,True
2004-02-03,1.0331084722523527,0.23287236809268574,0.6947419016381655,0.09778415418416501,0.0,0.2405824164300221,True
2004-02-04,1.0128687953574798,0.22591480683622434,0.6862590440645848,0.09778769303927068,0.0,0.22882205825362428,True
2004-02-05,1.0178111831741075,0.22738513018920958,0.6885848227575803,0.09779123202244919,0.0,0.23143512839407787,True
2004-02-06,1.0404408256033295,0.2344845251423757,0.6986787854198409,0.0977947672531507,0.0,0.24396727293033804,True
2004-02-09,1.0402104915876687,0.23431400975854608,0.6986763132222105,0.09779828708864323,0.0,0.243735891276815,True
2004-02-10,1.0430542312790976,0.2347744811073584,0.7003698889084875,0.09780182645522544,0.0,0.24488251591538474,True
2004-02-11,1.05841427779075,0.23880209683919876,0.7078573280506368,0.0978054008791357,0.0,0.2527515488609773,True
2004-02-12,1.0473349201280246,0.2349367101249253,0.7034685668532592,0.0978089327409359,0.0,0.24605742053382954,True
2004-02-13,1.0366516956160299,0.2313983871335068,0.6989597470767666,0.09781241815449891,0.0,0.23987953038476434,True
2004-02-17,1.0542500544800066,0.23674341866203585,0.7068473926469032,0.09781589981086918,0.0,0.24958676202223432,True
2004-02-18,1.05590512117672,0.23842243103788432,0.7063342736492448,0.09781938159116983,0.0,0.25175146593630543,True
2004-02-19,1.0377338126497275,0.23151483209345808,0.6996601215352497,0.09782292172117213,0.0,0.24025076939330575,True
2004-02-20,1.0331664478471487,0.23024152834883443,0.6974621638767915,0.09782646197929341,0.0,0.23787782199106386,True
2004-02-23,1.020439025250492,0.2253010195279239,0.6927030546018957,0.09783001789357962,0.0,0.2299059527550167,True
2004-02-24,1.0172470625425214,0.22430153359386476,0.6912433697297671,0.09783361664061273,0.0,0.2281700761721416,True
2004-02-25,1.024900346653975,0.2266350935816667,0.694784702452846,0.09783725822532285,0.0,0.23227838597580627,True
2004-02-26,1.0276519392190564,0.22766439724964993,0.6958512799487351,0.09784089994558086,0.0,0.23395975932474036,True
2004-02-27,1.025000959083298,0.22635299794355987,0.695144400593993,0.09784451850577648,0.0,0.23201203998352865,True
2004-03-01,1.0421139850675116,0.23137065396690257,0.7031512730481617,0.09784811778622496,0.0,0.2411145942331251,True
2004-03-02,1.0275497871760033,0.22644654926554836,0.6970129315266038,0.09785175214484484,0.0,0.23268510350455457,True
2004-03-03,1.0224377692598572,0.22381707045819121,0.6957433330818849,0.09785540993642293,0.0,0.2288390262415493,True
2004-03-04,1.0329667266144602,0.2277080860296968,0.6998927824999877,0.09785906786473274,0.0,0.2352148762497398,True
2004-03-05,1.0303804213926484,0.22582496023314577,0.6998320816601086,0.09786272204653304,0.0,0.23268561768600682,True
2004-03-08,1.0014771119590862,0.21594471594088044,0.6873470839653794,0.09786633753040866,0.0,0.21626369046329819,True
2004-03-09,0.9970224744956628,0.21487710341560667,0.6849152355222887,0.09786993761348553,0.0,0.2142373013598886,True
2004-03-10,0.9782678662365936,0.21030570270902726,0.6746589979424321,0.09787355724761393,0.0,0.2057353110465475,True
2004-03-11,0.9651873108672937,0.20731022436562327,0.6672169164615931,0.09787719643494941,0.0,0.20009319797075123,True
2004-03-12,0.986686443187664,0.2139304592924176,0.677723323461326,0.09788083575759911,0.0,0.21108228396873888,True
2004-03-15,0.9655328759598913,0.20713484592225026,0.6676529166702861,0.09788445579478584,0.0,0.19999550349481926,True
2004-03-16,0.968885153991643,0.2074535569877649,0.6699984065175818,0.0978880759658565,0.0,0.2009986715082047,True
2004-03-17,0.9873665782355373,0.21315193433494792,0.6790157626092901,0.09789171957766378,0.0,0.21045909604858345,True
2004-03-18,0.9830549664742789,0.21116193951185513,0.6775758874737124,0.097895285633096,0.0,0.20758379336747046,True
2004-03-19,0.9621197231206391,0.20491963436607424,0.667063653308618,0.09789884793375098,0.0,0.19715722187826995,True
2004-03-22,0.9461485370752389,0.2004335277336608,0.6586062376651723,0.0979024103640341,0.0,0.1896398890460325,True
2004-03-23,0.9382244029695659,0.1971490962194524,0.6553483136391014,0.09790599623397929,0.0,0.1849700930964852,True
2004-03-24,0.9485857872398658,0.20167207712523189,0.6593729389604648,0.09790958223526407,0.0,0.191303266044137,True
2004-03-25,0.9770780200083211,0.21146326050045858,0.6725487671926219,0.09791314894140737,0.0,0.20661610387429188,True
2004-03-26,0.973895616473288,0.2099621551074731,0.6714976820967471,0.09791671189208828,0.0,0.20448122248445263,True
2004-03-29,0.9939494335412837,0.21568526181439424,0.6816488953373415,0.09792029440032152,0.0,0.2143802438036206,True
2004-03-30,0.9983716463762125,0.2168589930545102,0.6839418955235885,0.09792388092530499,0.0,0.21650586992731896,True
2004-03-31,0.9968053891918147,0.21589881699894461,0.6836687784465999,0.09792750644052953,0.0,0.21520910430468537,True
2004-04-01,1.0076505949291539,0.21926574248286207,0.6887762458390471,0.09793109322966828,0.0,0.22094325586043861,True
2004-04-02,1.0364086314837047,0.22977627165900028,0.7003318672789547,0.09793465294721744,0.0,0.23814211125753243,True
2004-04-05,1.0483451720758168,0.23355623519666735,0.705559364955861,0.09793825554332568,0.0,0.24484755157663016,True
2004-04-06,1.0335366081977106,0.22795018045253573,0.6999999518793079,0.09794179997543291,0.0,0.23559485634296987,True
2004-04-07,1.0315404349809059,0.22761718744639942,0.6987987345780942,0.09794536785522245,0.0,0.23479633254758925,True
2004-04-08,1.0307186079078354,0.22776674752304052,0.6980062471082069,0.09794893586498475,0.0,0.23476342493464375,True
2004-04-12,1.0386197846237215,0.23022375089057445,0.7015523574880573,0.0979524845704304,0.0,0.23911494256523375,True
2004-04-13,1.0181535546960485,0.2245826043233411,0.6915379482638496,0.0979560295174929,0.0,0.2286595769147059,True
2004-04-14,1.023744135839835,0.2266168222908005,0.693786879472718,0.09795961346425193,0.0,0.23199764290286498,True
2004-04-15,1.0037004442330826,0.21867635179831985,0.6862516486001716,0.09796324418966741,0.0,0.21948555144324347,True
2004-04-16,1.0046524374978532,0.2173498301073779,0.688324553053207,0.0979668478375249,0.0,0.21836103660712147,True
2004-04-19,1.016807947906016,0.22257592172073262,0.6925205689456188,0.09797041274224896,0.0,0.22631696621814817,True
2004-04-20,0.9871133105834321,0.21323371007903266,0.6786534798840791,0.09797399721525138,0.0,0.2104858334841017,True
2004-04-21,0.9977946935728064,0.2164185679515904,0.6838757158641188,0.09797767901596482,0.0,0.21594129869272272,True
2004-04-22,1.0281379084941478,0.22628300857668865,0.6975063306133213,0.09798143871502656,0.0,0.23265013916579996,True
2004-04-23,1.036665661392628,0.22967763752846404,0.7005816594634175,0.09798508191366888,0.0,0.23809892001554145,True
2004-04-26,1.0284202885382632,0.22644586402542413,0.6975499841465358,0.09798878357240424,0.0,0.232881520819323,True
2004-04-27,1.0267104518571353,0.22550035132600846,0.6971944338782934,0.09799245037497294,0.0,0.23152356760386889,True
2004-04-28,1.0032107672225683,0.21816804688656025,0.6863460423241246,0.09799619119792832,0.0,0.21886853370051534,True
2004-04-29,0.9847052741352815,0.21192078434384032,0.6780258823716512,0.09799987772136524,0.0,0.20867951404226515,True
2004-04-30,0.9584836598370531,0.20174281367137328,0.6671129011711708,0.09800356827231967,0.0,0.19336719039356254,True
2004-05-03,0.9707073440944631,0.2048446964297705,0.6738558222418555,0.0980072706294286,0.0,0.19884425122317906,True
2004-05-04,0.9744011901268738,0.20665488788658432,0.6750254210741229,0.0980110003505275,0.0,0.20136476870222342,True
2004-05-05,0.9840228272476435,0.20948018865291093,0.6798747045316483,0.09801483522538805,0.0,0.20613328749060714,True
2004-05-06,0.9737902914900356,0.20682466055850696,0.6743678486471939,0.09801859635024561,0.0,0.20140384649259616,True
2004-05-07,0.9604417736881359,0.20449333986847545,0.6660154544594787,0.09802237317796778,0.0,0.19640394605068937,True
2004-05-10,0.9490828873334547,0.20158378409723732,0.6597367606066553,0.09802640687618959,0.0,0.19131971985060975,True
2004-05-11,0.9654024923495708,0.20706322300529226,0.667472738945256,0.09803040184107056,0.0,0.19989935156324412,True
2004-05-12,0.9693620164794806,0.20741727712676752,0.6702651739417872,0.09803441252940684,0.0,0.2010624300082866,True
2004-05-13,0.961287849115009,0.20467975386002896,0.6664933587539774,0.09803833001553483,0.0,0.1967561603454967,True
2004-05-14,0.9545555027020016,0.2015005461470091,0.6641699049625835,0.09804214261733186,0.0,0.19234345512208614,True
2004-05-17,0.943061054609194,0.19811606310342034,0.6581795986327821,0.09804591257107867,0.0,0.1868355434053332,True
2004-05-18,0.952707807980243,0.20137915876916726,0.6628025972608256,0.09804971379553878,0.0,0.19185549692387868,True
2004-05-19,0.95048995725596,0.20112145468896508,0.6612723246751199,0.09805370971026917,0.0,0.1911639228705709,True
2004-05-20,0.9556946542994527,0.20276412702468888,0.6638563990313168,0.09805766298694556,0.0,0.19378059228119035,True
2004-05-21,0.9607000278600007,0.2046294401250907,0.6660509493022935,0.09806156972855624,0.0,0.196587508829151,True
2004-05-24,0.9683934451097601,0.20714686547522435,0.6697283017827032,0.09806547662581647,0.0,0.20059966670124052,True
2004-05-25,0.9917599509206325,0.21428203048717026,0.6811742000708102,0.09806941481069284,0.0,0.21251633603912945,True
2004-05-26,0.9991752032630093,0.21674016810759444,0.6845402734608712,0.09807352827797365,0.0,0.2165614015241645,True
2004-05-27,1.007371620012153,0.21904267163126212,0.6886366265804017,0.09807762245877676,0.0,0.22065737097297458,True
2004-05-28,1.0109035082681272,0.2205815007347163,0.6898352291015017,0.09808166621485222,0.0,0.2229866129517732,True
2004-06-01,1.0090269494785997,0.22005002516801564,0.6889047831152458,0.0980857607353819,0.0,0.22203640562797192,True
2004-06-02,1.0080646543796414,0.21877680663298413,0.6894334734040299,0.09809001501085077,0.0,0.22054116596476078,True
2004-06-03,0.9927071643000556,0.2140739428618946,0.6820999673300344,0.09809446020105765,0.0,0.2125127367689635,True
2004-06-04,1.0010962404228876,0.2159621571538257,0.6867984117666986,0.09809892505587724,0.0,0.21619890360031171,True
2004-06-07,1.0298666616440348,0.22486069014388158,0.700186626451876,0.09810350689870585,0.0,0.23157652829345304,True
2004-06-08,1.0317308566448946,0.22532554490811482,0.7011474229664767,0.09810811620639097,0.0,0.232475317472027,True
2004-06-09,1.013741943924144,0.21964281682039719,0.6929678562967475,0.0981129515349123,0.0,0.2226611360924841,True
2004-06-10,1.022624809194692,0.22234062400105606,0.697135983897637,0.09811778710174625,0.0,0.22737103819530868,True
2004-06-14,1.0045975484239795,0.2167070772481961,0.6887714296484296,0.09812272024588625,0.0,0.21770339852966375,True
2004-06-15,1.0199061390283304,0.2217036852515042,0.6956612554063295,0.09812793398878702,0.0,0.22611694963321383,True
2004-06-16,1.0181376945012857,0.22096408840770682,0.6950327840904442,0.09813304287184056,0.0,0.2249718675390009,True
2004-06-17,1.0081221367222413,0.2169246220278796,0.6912976075311773,0.0981380157246533,0.0,0.21868651346641055,True
2004-06-18,1.0101191519552135,0.21735194926674242,0.6924249327592853,0.09814285252679374,0.0,0.21955136666913444,True
2004-06-21,1.0007800068437567,0.21410577590959814,0.6883595179235721,0.09814770904008904,0.0,0.21427277988009547,True
2004-06-22,1.016951445883047,0.21993202483727337,0.695138724487625,0.09815253074117058,0.0,0.22366019065425138,True
2004-06-23,1.0321312634183788,0.22445948502212412,0.7023020446555384,0.09815756690071675,0.0,0.23167165186212363,True
2004-06-24,1.0290213405176658,0.22382519012786914,0.7005379802371461,0.0981624630935183,0.0,0.23032089718700133,True
2004-06-25,1.0351721251975112,0.22750211341035023,0.7015009311271364,0.09816734784445734,0.0,0.23550384622591747,True
2004-06-28,1.0251553178367974,0.2239625659897317,0.6973865993580183,0.09817230295803106,0.0,0.22959641552074808,True
2004-06-29,1.0363729133675377,0.22778277995706617,0.7021277128095302,0.09817729727894596,0.0,0.23606790327906144,True
2004-06-30,1.0487046592100482,0.23175129345816448,0.7074834334136599,0.09818256456885603,0.0,0.24303866122753226,True
2004-07-01,1.0236745704002004,0.22416849017725576,0.6960113462900149,0.09818764123072156,0.0,0.22947558287946382,True
2004-07-02,1.0172996556543852,0.2215155907387546,0.6937596163299884,0.09819230514378406,0.0,0.22534773418061277,True
2004-07-06,0.9922766166215062,0.2124454234367194,0.683274764188349,0.098197226448646,0.0,0.2108046259845112,True
2004-07-07,0.9951457613591475,0.21303163334006883,0.6849461214758862,0.09820211292947573,0.0,0.21199752695378554,True
2004-07-08,0.981892789050065,0.2086935353165842,0.6787710573909238,0.09820705421042217,0.0,0.2049146774487191,True
2004-07-09,0.9840823347135389,0.2090688550998252,0.6801294381816495,0.09821192948936688,0.0,0.20574096704252254,True
2004-07-12,0.9801875083328426,0.20722164790095904,0.6788546481833007,0.09821678942087532,0.0,0.20311607072866666,True
2004-07-13,0.9790681530094114,0.20654895967327536,0.6786209365008902,0.09822170805519212,0.0,0.2022255084533291,True
2004-07-14,0.9684268913452235,0.20243819300498225,0.6741534678902708,0.09822683351359343,0.0,0.19604658994135934,True
2004-07-15,0.9630670676138468,0.2014468552027988,0.6708282684585218,0.09823196703513426,0.0,0.19400683212019065,True
2004-07-16,0.9523017840806351,0.1967179067887038,0.6667298696601818,0.0982371008249627,0.0,0.1873348135954907,True
2004-07-19,0.9490512250360831,0.1961618264512033,0.6646413879456299,0.09824221539162312,0.0,0.18616762169883003,True
2004-07-20,0.9746137564247719,0.2047300675497644,0.6768337249974019,0.0982472912395968,0.0,0.19953274018777317,True
2004-07-21,0.9410991858812899,0.19349269610487826,0.660750882792241,0.0982524843107721,0.0,0.18209581877827677,True
2004-07-22,0.9539546475535592,0.19867589929509302,0.6661692113967278,0.09825763866739443,0.0,0.18952779748943688,True
2004-07-23,0.9340712469042427,0.19134788539024505,0.6570758489216564,0.09826284008363009,0.0,0.1787325578989563,True
2004-07-26,0.9296194992067075,0.18970054631831304,0.6550021149662877,0.09826805737275081,0.0,0.176349326867669,True
2004-07-27,0.9444839956947492,0.19441015679729706,0.6625932284862888,0.09827348551290664,0.0,0.18361728169555383,True
2004-07-28,0.9416200079574273,0.1924246064134903,0.6621500590935847,0.09827908944156709,0.0,0.18119085942227556,True
2004-07-29,0.9531829008100197,0.19669141955276528,0.6674153755661837,0.09828462739009047,0.0,0.18748289785374544,True
2004-07-30,0.956803157743467,0.19777058007164713,0.6692855077730173,0.09829013444914061,0.0,0.18922751552130918,True
2004-08-02,0.9592791007662098,0.19841147078964577,0.6706514816686564,0.09829564181676088,0.0,0.1903319772807925,True
2004-08-03,0.9377279344586841,0.19021898856861721,0.6610530477076413,0.09830122750577329,0.0,0.17837365924526946,True
2004-08-04,0.9379235179580888,0.19031089356029052,0.6611195441311131,0.09830691103316072,0.0,0.17849706279381508,True
2004-08-05,0.9163087218164854,0.1838404249994689,0.6495415615831882,0.0983125753838344,0.0,0.1684545848494628,True
2004-08-06,0.8898986108483675,0.17438919612748052,0.6363916986170811,0.09831820885047793,0.0,0.15518870338080842,True
2004-08-09,0.8922386132534502,0.1751754571402036,0.6376166119162758,0.09832369438235988,0.0,0.15629830695481448,True
2004-08-10,0.9061727461817676,0.1789174897056309,0.6457132647091282,0.09832932848613968,0.0,0.1621301529864997,True
2004-08-11,0.8984275658749458,0.17569998054791833,0.6422387878594433,0.09833507216756082,0.0,0.1578537058479416,True
2004-08-12,0.8840377613833952,0.17120464058644755,0.6343458004211454,0.09834059375975789,0.0,0.15135136720249184,True
2004-08-13,0.8858262977686011,0.17161762158513538,0.6354568070627036,0.0983460883452842,0.0,0.15202340236061324,True
2004-08-16,0.8978982236816468,0.175058544089808,0.6423619119835422,0.09835155591957083,0.0,0.15718475577853386,True
2004-08-17,0.9086021783109709,0.17880297399497208,0.647784281378914,0.09835712527174541,0.0,0.1624607716603115,True
2004-08-18,0.926299823894422,0.18468792896381248,0.6568606274980807,0.09836280032173629,0.0,0.171076396074605,True
2004-08-19,0.9208431377323341,0.18278439504022687,0.6541589334986976,0.09836844837628757,0.0,0.16831575585734898,True
2004-08-20,0.9315152041332752,0.18613064766052842,0.6597575986446963,0.09837407723762306,0.0,0.17338352825095585,True
2004-08-23,0.9326519193148637,0.18718117988125516,0.6596972793732748,0.09837975326571546,0.0,0.17457488667587337,True
2004-08-24,0.9328234631845365,0.1869466685725932,0.6600497049634806,0.09838551941235776,0.0,0.17438823880869814,True
2004-08-25,0.9468052608751871,0.19177102056315734,0.6668440076582836,0.09839144206430253,0.0,0.18156981115260107,True
2004-08-26,0.9429643934576113,0.19000785367867384,0.6653964074106294,0.09839734555068862,0.0,0.17917064049629325,True
2004-08-27,0.9480319424454395,0.1915933911180952,0.6679920226938684,0.09840326501017455,0.0,0.18163665474139662,True
2004-08-30,0.9304952741421357,0.18533835032263007,0.6596296067948141,0.09840920825481482,0.0,0.17245645909250687,True
2004-08-31,0.9331960044196882,0.18541907755665324,0.6617484321392897,0.09841522996134545,0.0,0.1730323423190531,True
2004-09-01,0.940040355568427,0.18809153423222513,0.6648053692738611,0.098421353575494,0.0,0.17681363271907188,True
2004-09-02,0.9566153501679869,0.19304876339909638,0.6735145442162331,0.09842739555323035,0.0,0.18467341039852345,True
2004-09-03,0.9388174619658902,0.18581059143904677,0.6659417337095809,0.09843350039512253,0.0,0.17444222786118685,True
2004-09-07,0.9482611205067639,0.1886119621193146,0.6709679329522933,0.09843979701423008,0.0,0.17885339054024058,True
2004-09-08,0.9441067268032627,0.1872585292307923,0.6688686542641262,0.09844603544105997,0.0,0.17679203709807642,True
2004-09-09,0.9510936025016834,0.1905614367600899,0.6713995062536203,0.09845233286201252,0.0,0.18124176338605064,True
2004-09-10,0.9662696184049893,0.19615338115302075,0.6782739505907647,0.09845861505864688,0.0,0.18953705275557778,True
2004-09-13,0.9792377438206241,0.20112268231806094,0.6838258658939261,0.09846495626240781,0.0,0.19694692166429012,True
2004-09-14,0.9812091601304201,0.20152507228230115,0.6849996426877663,0.09847127052331496,0.0,0.19773824691933892,True
2004-09-15,0.9686051178687701,0.19757501052629106,0.6787553389678803,0.0984776125421481,0.0,0.19137216635874166,True
2004-09-16,0.971410208588309,0.19813880429635838,0.6804521612375518,0.09848399013979348,0.0,0.1924740572109636,True
2004-09-17,0.9756822776304999,0.1990746276670625,0.6829583233393924,0.09849036815046422,0.0,0.19423358614064326,True
2004-09-20,0.9735974127901894,0.19946078923293056,0.6809060171651538,0.09849688727476517,0.0,0.19419450835027047,True
2004-09-21,0.9786956091461048,0.20073393513344925,0.6837348009368235,0.09850338728755553,0.0,0.1964574209217258,True
2004-09-22,0.9581631131748315,0.19427222878231673,0.6735086637348418,0.09850996590651206,0.0,0.1861444835334777,True
2004-09-23,0.9555518503685358,0.1942617942928981,0.6714081235931295,0.09851650978291565,0.0,0.18562721699249066,True
2004-09-24,0.9539965061288093,0.19253309336157354,0.671797506741191,0.09852310100650535,0.0,0.183675898381113,True
2004-09-27,0.9441804087084781,0.18946416725982726,0.666762341610188,0.09852971221929498,0.0,0.17888835487899515,True
2004-09-28,0.947510639762772,0.18990854833608858,0.6690339809456703,0.09853628868675504,0.0,0.17994037013034658,True
2004-09-29,0.9620633427335002,0.19527614390515166,0.6756524378280016,0.09854288514400049,0.0,0.18786801976149825,True
2004-09-30,0.9633313859058189,0.19597985608874163,0.6759883848607569,0.09854945466947164,0.0,0.18879354637559043,True
2004-10-01,0.9937234624199758,0.205519222697517,0.6909381876780797,0.09855600116905737,0.0,0.20422927357283865,True
2004-10-04,0.9998403357868304,0.20778562081147095,0.6935254092859974,0.09856248161701689,0.0,0.20775244488381614,True
2004-10-05,1.0013230575688932,0.20829286739382222,0.6941856676961828,0.09856893902413617,0.0,0.2085684508485741,True
2004-10-06,1.011423890970963,0.2111057977103249,0.699330968560697,0.09857547508356018,0.0,0.2135174473267058,True
2004-10-07,0.9965590957628729,0.20702044671665937,0.6916689671787559,0.09858201939973689,0.0,0.20630810918438008,True
2004-10-08,0.9760889283178377,0.19977184784536886,0.6825053183279733,0.09858852111840408,0.0,0.19499508887146022,True
2004-10-11,0.9818766476974766,0.20140064206427885,0.6855310567186039,0.09859500370467923,0.0,0.1977505872741935,True
2004-10-12,0.9789377598012584,0.20094795408719732,0.6836207330732812,0.09860148671721015,0.0,0.19671554001076708,True
2004-10-13,0.9738076735611421,0.2006068038737063,0.6798472740751551,0.09860795450519673,0.0,0.19535244498079024,True
2004-10-14,0.9668710188272359,0.1992811986899044,0.6755772474567445,0.0986145557600707,0.0,0.1926792156104207,True
2004-10-15,0.9733816391917927,0.2009233353857099,0.6791853570525832,0.0986211965895849,0.0,0.1955750855496246,True
2004-10-18,0.9878891729874345,0.2064331816084425,0.6853281713617672,0.09862789656933824,0.0,0.20393310505632914,True
2004-10-19,0.9781012920365151,0.2039543429965922,0.6799785907857827,0.09863469484930698,0.0,0.1994880064014254,True
2004-10-20,0.9818372721240318,0.20602350305364395,0.6809140481613177,0.09864166973108714,0.0,0.20228155423162691,True
2004-10-21,0.9984720666255921,0.21182087658745785,0.6883261735470363,0.09864866467783225,0.0,0.21149722840072352,True
2004-10-22,0.9731755571763983,0.20302963514155603,0.6769363796068609,0.09865569926733274,0.0,0.19758347830220463,True
2004-10-25,0.9683178680115698,0.20109736523997981,0.6749289225321324,0.09866277350751615,0.0,0.1947261719719212,True
2004-10-26,0.9783581308620165,0.20217435118204574,0.6818892643966995,0.09866994613460978,0.0,0.1977989203307072,True
2004-10-27,1.0061544363374395,0.21152866122740063,0.6946466516981691,0.09867728373280206,0.0,0.2128305009064685,True
2004-10-28,1.0133347885239188,0.2139297910263397,0.6978676553512434,0.09868463362403324,0.0,0.21678249954864207,True
2004-10-29,1.011611185658142,0.21320402877237565,0.6972396604224432,0.09869194490218308,0.0,0.21567958033351556,True
2004-11-01,1.0163037617352868,0.21458888600602907,0.699517012938769,0.09869925672200579,0.0,0.218087492074512,True
2004-11-02,1.0196386023605306,0.215918281687833,0.7007733595632181,0.09870662783304303,0.0,0.2201586149642694,True
2004-11-03,1.0308103165137203,0.2178410577174401,0.7075432684310796,0.0987142384272427,0.0,0.22455280965539806,True
2004-11-04,1.0413657624425459,0.21921618002794785,0.7143597863104549,0.09872175167754464,0.0,0.2282842244545463,True
2004-11-05,1.0529769635140651,0.22262834872422654,0.7198251009493142,0.09872933993296437,0.0,0.23442252263178645,True
2004-11-08,1.0535299044818065,0.22316403381935151,0.7196828161744498,0.09873710507388056,0.0,0.23510998323347604,True
2004-11-09,1.0505339374681009,0.22233505804514925,0.718218464314026,0.09874494918870538,0.0,0.2335705239653694,True
2004-11-10,1.0471314055223675,0.22071231187457183,0.7172636811011894,0.09875293107186645,0.0,0.2311147933493115,True
2004-11-11,1.063733950573425,0.225841568580409,0.724737724373191,0.09876088225049649,0.0,0.24023534394973753,True
2004-11-12,1.0770113320835164,0.2294719457263042,0.7310986120717105,0.09876883406932264,0.0,0.24714388594248327,True
2004-11-15,1.0827270141568985,0.2312182154448068,0.7336039921655925,0.09877681396406406,0.0,0.25034620802724217,True
2004-11-16,1.073141505267012,0.22890323408881538,0.7287110672592704,0.09878487681718309,0.0,0.24564556119055853,True
2004-11-17,1.0900952975006355,0.23439954805791582,0.7357843788161751,0.09879307361025208,0.0,0.25551784507420827,True
2004-11-18,1.0957611098893125,0.23635261064882454,0.7379738829606342,0.09880122795888589,0.0,0.2589859989697925,True
2004-11-19,1.0738142108347064,0.22989228288689956,0.7281432000842782,0.09880941042524292,0.0,0.24686160032518514,True
2004-11-22,1.0860677108058763,0.2337680122007434,0.7333621920768018,0.09881762885857295,0.0,0.25388788987050154,True
2004-11-23,1.0848405109012036,0.2328972994218466,0.7333581356786429,0.09882594993025408,0.0,0.25265642529230664,True
2004-11-24,1.095465054975762,0.2366173776644118,0.7374246675814691,0.09883431876292756,0.0,0.2592060686313655,True
2004-11-26,1.0916335779770758,0.23521759007329018,0.73601947806229,0.09884268045993495,0.0,0.2567714194548509,True
2004-11-29,1.0896110186462198,0.23541731496485135,0.7342465969695449,0.09885112131086543,0.0,0.25651330036580966,True
2004-11-30,1.087486635019637,0.2343755333313009,0.7337467924498635,0.0988595824963844,0.0,0.2548802600733892,True
2004-12-01,1.1147426793082715,0.24261682580595956,0.7454192063835059,0.09886814248056203,0.0,0.27045533044420356,True
2004-12-02,1.1194473667177958,0.244262141624409,0.7471320915149287,0.0988766639725731,0.0,0.27343861123029395,True
2004-12-03,1.1209275193401531,0.24497674537915826,0.7474411576472133,0.0988851861990556,0.0,0.2746011754938842,True
2004-12-06,1.124921218182847,0.24660223983503385,0.7486194366005194,0.09889368954048271,0.0,0.27740809204184486,True
2004-12-07,1.100703385867724,0.23901118980101083,0.7387206996665087,0.09890226032696942,0.0,0.26308042587424585,True
2004-12-08,1.1095391333463112,0.2411840717337891,0.7430250649175805,0.09891090250028765,0.0,0.2676031659284429,True
2004-12-09,1.1178757504789751,0.24365664500508968,0.7465783697806465,0.09891952580407473,0.0,0.27237785489425387,True
2004-12-10,1.1146266204884139,0.24211066598511202,0.7458354772175659,0.09892814985966335,0.0,0.2698629934111846,True
2004-12-13,1.1281850417751043,0.24543306313820837,0.7523543408157352,0.0989367903697978,0.0,0.2768939105895714,True
2004-12-14,1.1354315103705863,0.24744012638663085,0.7555348486802004,0.09894534526092491,0.0,0.28095131642946103,True
2004-12-15,1.1311305246477328,0.2455599069109684,0.7544163252715382,0.09895389303954247,0.0,0.2777603063366521,True
2004-12-16,1.1194481126206752,0.24104905705716906,0.7506437983598212,0.09896240228921271,0.0,0.26984191197164137,True
2004-12-17,1.1138640706081029,0.2403440751130558,0.747182575610807,0.09897086514532785,0.0,0.267710629851968,True
2004-12-20,1.1058530790604368,0.23705937750526213,0.744720919583269,0.09897931694282328,0.0,0.26215284253434457,True
2004-12-21,1.1228553995292523,0.24198993276361327,0.7521479038651643,0.0989877930287442,0.0,0.2717197026353439,True
2004-12-22,1.125205202758432,0.2423391051539926,0.7535276559738442,0.09899632483349267,0.0,0.27268122195109523,True
2004-12-23,1.1263310336673238,0.24258716546341721,0.7540928216729633,0.09900475916352368,0.0,0.27323345283083683,True
2004-12-27,1.1203766961063062,0.24068956250466625,0.7517005250679097,0.09901319421214624,0.0,0.26966297682625023,True
2004-12-28,1.133749832710861,0.24464110838980427,0.7573662495025735,0.09902176749714736,0.0,0.2773618157111402,True
2004-12-29,1.1357679995504626,0.2450633943820032,0.7584023828718891,0.09903045547827977,0.0,0.27833516120029383,True
2004-12-30,1.1340807099402592,0.2448168302036059,0.7573996350797427,0.09903903025788728,0.0,0.27764204460262926,True
2004-12-31,1.131087626175094,0.24411589504117762,0.7559235993222341,0.099047558619126,0.0,0.276116468233734,True
2005-01-03,1.116555226029697,0.23942769940677666,0.7501648421211449,0.09905613487964827,0.0,0.26733424902890385,True
2005-01-04,1.0904574667384095,0.2316900989680492,0.738744469988703,0.09906479836063624,0.0,0.2526481983890703,True
2005-01-05,1.0808781564957917,0.22934554590914952,0.733909757092856,0.09907380854013316,0.0,0.2478945908628025,True
2005-01-06,1.0772157121999046,0.2266642218332744,0.7339666708233752,0.09908278022416148,0.0,0.24416626115236786,True
2005-01-07,1.082370966044873,0.2290572597992324,0.7353543447340187,0.0990916937423678,0.0,0.2479249275684866,True
2005-01-10,1.083478989759533,0.2284091926849722,0.7369017810329286,0.09910064738450024,0.0,0.2474765613421042,True
2005-01-11,1.0731026684783438,0.22571172784029345,0.731781224920468,0.09910958610559921,0.0,0.24221185745227658,True
2005-01-12,1.0833963236581545,0.2291209628334535,0.7360488751635629,0.0991186396878116,0.0,0.2482288088067802,True
2005-01-13,1.0656847853712075,0.22363280215435744,0.7282350558410738,0.09912765476430553,0.0,0.23832207476582812,True
2005-01-14,1.0777568299965392,0.22734476502569684,0.7335977467290605,0.09913670999707558,0.0,0.2450223732704031,True
2005-01-18,1.0898347933450834,0.22985838086005728,0.7401812954733004,0.09914583686852697,0.0,0.250507661003256,True
2005-01-19,1.0673684941321515,0.22299870579488065,0.7301918075722332,0.09915489376221785,0.0,0.23802179279770044,True
2005-01-20,1.0444063558218852,0.21473738999689618,0.720969211025888,0.0991640498506361,0.0,0.2242730949453613,True
2005-01-21,1.0338499528699818,0.21164770877373468,0.7158648510462293,0.09917312808298731,0.0,0.21881197374076525,True
2005-01-24,1.018862345167896,0.20566453756714947,0.7101363046346502,0.09918218746970901,0.0,0.20954385306353676,True
2005-01-25,1.0246696704034568,0.20746909879340758,0.712891133575431,0.09919124374848269,0.0,0.21258729307954316,True
2005-01-26,1.0376086012206986,0.2121967042654841,0.7182309387005636,0.09920053702358364,0.0,0.22017712549655122,True
2005-01-27,1.0368011785383435,0.21144944292350684,0.7183602999986851,0.09920984691529026,0.0,0.2192310316243681,True
2005-01-28,1.0318196282774572,0.20932238685062005,0.7166174365943134,0.0992192442927868,0.0,0.21598294739035687,True
2005-01-31,1.0470822177247734,0.21426227889792415,0.7235032742557904,0.09922872130578074,0.0,0.22435022216320233,True
2005-02-01,1.0526491598652676,0.21512452774362495,0.7269602481813592,0.0992382582881692,0.0,0.22645065339573928,True
2005-02-02,1.0553674771872525,0.21554338055043956,0.728642049723261,0.0992479537080623,0.0,0.2274774737559293,True
2005-02-03,1.0423929793692057,0.21067769961831798,0.7235263900556748,0.09925763432174185,0.0,0.21960895499178906,True
2005-02-04,1.0626909680865282,0.2166126924353326,0.7332314027916903,0.09926721347090489,0.0,0.230192351823933,True
2005-02-07,1.0599109120032701,0.2157424753612092,0.73196635403251,0.099276754152818,0.0,0.22866780381794227,True
2005-02-08,1.0622419722117757,0.2164123678238363,0.7330733169581477,0.09928635484541595,0.0,0.22988230040821211,True
2005-02-09,1.0418155979954755,0.20954678035199656,0.7242104269308808,0.09929606678415294,0.0,0.21830910428044187,True
2005-02-10,1.0441685067889575,0.209695055430896,0.7259057463247557,0.09930578755389555,0.0,0.21895697291030636,True
2005-02-11,1.0623390442740035,0.2152067713997856,0.7344009791485906,0.09931550927527066,0.0,0.2286225558501422,True
2005-02-14,1.0667641242670516,0.21715690731052256,0.7357835878537505,0.09932533835765024,0.0,0.23165519805565088,True
2005-02-15,1.0750996155702661,0.219682442070107,0.7395839854375311,0.09933512111562567,0.0,0.2361805090171093,True
2005-02-16,1.0713295525116302,0.21796699030622194,0.7384699723941271,0.0993451019304315,0.0,0.23351447818707158,True
2005-02-17,1.0539261311107653,0.21258063310658448,0.7305267828753749,0.09935506403629069,0.0,0.22404428419909964,True
2005-02-18,1.0510387124897949,0.21105857511334666,0.7298429523016046,0.0993650271411277,0.0,0.22183073304706255,True
2005-02-22,1.032871853940754,0.2067768682742192,0.7199227568324635,0.09937508982183456,0.0,0.21357400728645587,True
2005-02-23,1.0367585180428582,0.20678182139808535,0.7229904669981749,0.09938523633380132,0.0,0.21438281471088197,True
2005-02-24,1.0518825924248782,0.21153156167592008,0.7299806359869423,0.09939558896258609,0.0,0.22250636747534983,True
2005-02-25,1.06123888399471,0.2131386205063597,0.7356419022310353,0.09940599000133354,0.0,0.2261909917623412,True
2005-02-28,1.047635629158913,0.20895788463996598,0.729307362190529,0.09941654202587773,0.0,0.21891172494250632,True
2005-03-01,1.0606494657312946,0.2131562305218231,0.7351382693635715,0.09942715434745465,0.0,0.22608404202026833,True
2005-03-02,1.0598586380451407,0.21291503812089665,0.7347610200306711,0.09943777569232688,0.0,0.22565984232214273,True
2005-03-03,1.0513484004813733,0.20926999310580618,0.7318843889776329,0.0994483389832031,0.0,0.22001567252053736,True
2005-03-04,1.0619070459976463,0.21079701784173188,0.7386012448850873,0.09945896259113238,0.0,0.22384683852142664,True
2005-03-07,1.0770151590907937,0.216755224836627,0.7440969087956804,0.09946958733393274,0.0,0.23344866296118058,True
2005-03-08,1.0648586484364544,0.21260096851049887,0.7389885144479187,0.09948015400416475,0.0,0.22638997998437102,True
2005-03-09,1.0576366064385125,0.21211778832029804,0.7338022876234436,0.09949078101074615,0.0,0.22434353780432276,True
2005-03-10,1.0570179826736907,0.21133422408702848,0.7341324983067484,0.09950140915256171,0.0,0.22338407521438056,True
2005-03-11,1.0447165468230142,0.20777828537235224,0.7281351153361244,0.09951201868787912,0.0,0.21706941279901062,True
2005-03-14,1.051576695976716,0.20919620113108364,0.7320681968819928,0.09952264909841789,0.0,0.2199858499963055,True
2005-03-15,1.0402600627675407,0.20631464035281757,0.7261058224135476,0.09953335963070854,0.0,0.21462088072328458,True
2005-03-16,1.0257091505031273,0.20206343719027733,0.7189066639355004,0.09954417005944545,0.0,0.20725831650818138,True
2005-03-17,1.0287959040934445,0.20288457400090493,0.7205141234455928,0.09955496191197737,0.0,0.20872681873587431,True
2005-03-18,1.0223033509239376,0.20077756721238413,0.7174820359912988,0.09956573518106245,0.0,0.2052555797515764,True
2005-03-21,1.022791753099113,0.20177813213066248,0.716838174718426,0.09957656888170219,0.0,0.20637700949898474,True
2005-03-22,1.007075380073185,0.19730478823100114,0.708787122442799,0.0995874630323914,0.0,0.19870079459799478,True
2005-03-23,1.0107517405208173,0.198652002329782,0.7103653471980352,0.09959853621000946,0.0,0.2007878571127726,True
2005-03-24,1.011394229538753,0.19863307850868517,0.7108884315664339,0.09960944857311688,0.0,0.20089634939920228,True
2005-03-28,1.0137121995920622,0.19926891027002264,0.7120904765450516,0.09962039770687273,0.0,0.2020013253401379,True
2005-03-29,1.0036198752892003,0.1963959034182632,0.7068816872423387,0.09963135595091456,0.0,0.19710683209594715,True
2005-03-30,1.0263986972770562,0.20284844726499054,0.718552999859233,0.09964231540036327,0.0,0.20820338201745994,True
2005-03-31,1.021395502393831,0.20112013654218167,0.7163190629740257,0.0996532365147878,0.0,0.20542320290501753,True
2005-04-01,1.0098798255354218,0.1971815030799487,0.7110862029605622,0.0996640006456687,0.0,0.19912962192919081,True
2005-04-04,1.0172833955350877,0.199908297825152,0.7142452178135751,0.09967478571430245,0.0,0.2033633920072102,True
2005-04-05,1.0215900838077523,0.20064746864778651,0.7169252018047448,0.09968541769130196,0.0,0.20497946431170558,True
2005-04-06,1.0211878951957385,0.1996806957805238,0.7175801767273549,0.09969620903304983,0.0,0.20391150943533368,True
2005-04-07,1.0347766759141663,0.20412937053744115,0.7238414657312371,0.09970689868174464,0.0,0.2112283115011845,True
2005-04-08,1.0228785772309534,0.20141415499642318,0.7171387713701024,0.09971758156393493,0.0,0.20602222429691608,True
2005-04-11,1.0188389043042092,0.19950568645171207,0.7158464362426167,0.09972831307467105,0.0,0.20326415498692144,True
2005-04-12,1.025415219620299,0.20110394150174402,0.7194611909000211,0.09973898637875935,0.0,0.2062150423415186,True
2005-04-13,1.0051121255109674,0.19503463713522218,0.7093307464276535,0.09974970040407043,0.0,0.19603167867924343,True
2005-04-14,0.9871073666298644,0.1901092424927033,0.699688677737428,0.09976045516346561,0.0,0.1876582337289707,True
2005-04-15,0.9613707861892703,0.18180027589652564,0.6868221207329837,0.0997711912882175,0.0,0.1747774741680691,True
2005-04-18,0.9626330921808819,0.18166550349273697,0.6879738907322674,0.09978197607880424,0.0,0.17487722536981018,True
2005-04-19,0.9713254557055753,0.1837167230500259,0.6930836154878685,0.0997931104804054,0.0,0.17844872973730136,True
2005-04-20,0.9591413721189672,0.18137047438026396,0.6853770617346103,0.0998043847254025,0.0,0.17395992565895438,True
2005-04-21,0.9886782751345996,0.1898950701317323,0.7011176429155811,0.0998155018246136,0.0,0.1877451303944049,True
2005-04-22,0.9737075096360542,0.1841507367792364,0.6945718945576651,0.09982665977143432,0.0,0.17930895530695481,True
2005-04-25,0.983266168216172,0.18682847795775262,0.6997260651985417,0.0998379813824512,0.0,0.18370212163517896,True
2005-04-26,0.9714206027176198,0.18375906988535476,0.6930640550248085,0.09984920126995075,0.0,0.17850734642286054,True
2005-04-27,0.9739909843664216,0.18400422821976714,0.6949120233313927,0.09986050166367422,0.0,0.1792184593713547,True
2005-04-28,0.9607680144477502,0.1809023140114873,0.687091180876858,0.09987167652907204,0.0,0.17380515704182006,True
2005-04-29,0.9711154609491129,0.1824756498378287,0.694027719167631,0.09988281697723003,0.0,0.17720492480425196,True
2005-05-02,0.9765400811475802,0.1835876261385997,0.6973653440995762,0.0998940617209243,0.0,0.17928067532707975,True
2005-05-03,0.9816409532841146,0.18538778439744055,0.6997514636106583,0.09990524827032286,0.0,0.18198424140313346,True
2005-05-04,0.9952122984250183,0.18948892001806583,0.7067140477299797,0.09991654707778488,0.0,0.18858170361725377,True
2005-05-05,0.995820918291267,0.18979599118180443,0.7068904709726614,0.09992762909193986,0.0,0.1890028182266657,True
2005-05-06,0.9972370708141927,0.1910609099931183,0.7067655265890571,0.0999385219965041,0.0,0.19053302222863142,True
2005-05-09,1.0037808447146757,0.19245956714802645,0.7106439836208726,0.0999496342085362,0.0,0.19318722688526682,True
2005-05-10,0.9933094650632841,0.19022099520685307,0.7044004222461495,0.09996072782440994,0.0,0.18894831499272474,True
2005-05-11,0.9998240721654017,0.1917797156646412,0.7081061740515033,0.09997192183935397,0.0,0.19174597627454443,True
2005-05-12,0.993297636465487,0.19137192786617918,0.703225315065037,0.09998303776513055,0.0,0.19008928363531943,True
2005-05-13,1.002585739274606,0.19573226701293434,0.7063531452114732,0.09999421444007546,0.0,0.19623837962305735,True
2005-05-16,1.0120742183025673,0.19769385880757703,0.7119882064034936,0.10000515428317704,0.0,0.20008085761589664,True
2005-05-17,1.0201705189872263,0.19961572557155244,0.7165123849942815,0.10001605563860234,0.0,0.2036420783543424,True
2005-05-18,1.0370134060646161,0.20434258748828274,0.7250801872488251,0.10002721616051029,0.0,0.2119060026552809,True
2005-05-19,1.0468073519370595,0.20743254428044663,0.7296271608592155,0.10003827869406287,0.0,0.2171419123837812,True
2005-05-20,1.050299265512745,0.20916277723484986,0.7305663522122865,0.10004940199808986,0.0,0.2196835113023687,True
2005-05-23,1.0574370922259273,0.21083374448354336,0.7344330526622846,0.10006061785386032,0.0,0.22294342170978224,True
2005-05-24,1.0598085369441792,0.21230021156497378,0.7347390459524878,0.10007191438007688,0.0,0.22499757661161457,True
2005-05-25,1.055083229539029,0.21049123029319733,0.7329141033792529,0.10008335911238599,0.0,0.22208576704739016,True
2005-05-26,1.0673720402333675,0.21427967780048843,0.7385611458644145,0.10009475749449705,0.0,0.22871613687445597,True
2005-05-27,1.0684830620421015,0.214329240876089,0.7393697532060806,0.10010614525957824,0.0,0.22900716357644274,True
2005-05-31,1.0624638389165952,0.21327907855416797,0.7357449165858503,0.10011761376948958,0.0,0.22660130856125538,True
2005-06-01,1.0740767306190293,0.21606237707675244,0.7418800953104422,0.10012906372821292,0.0,0.23206757158037417,True
2005-06-02,1.0823248726418822,0.21887578585907672,0.7452895512563857,0.10014061433117925,0.0,0.2368947070543171,True
2005-06-03,1.064689601119147,0.21276463539882204,0.7380091360839782,0.10015217024013603,0.0,0.22652829479503256,True
2005-06-06,1.064571029951329,0.2128921766898288,0.7377683712267196,0.100163814917338,0.0,0.22663884380727134,True
2005-06-07,1.0559833271382182,0.20915147708360932,0.734947385594198,0.1001754688973977,0.0,0.22086047264662256,True
2005-06-08,1.0530745293091195,0.20833372752824897,0.7334964033910333,0.10018718386206102,0.0,0.21939094205602513,True
2005-06-09,1.0612863518860336,0.21060635383008816,0.7375738027489557,0.10019890019672438,0.0,0.22351364894035344,True
2005-06-10,1.0494187876741121,0.2061887546407732,0.7328298963682698,0.10021053837868717,0.0,0.21637835292715515,True
2005-06-13,1.055391784689355,0.20790845751794526,0.7357446889789969,0.10022221767848279,0.0,0.2194248780318752,True
2005-06-14,1.0521111192122086,0.20600566507965187,0.7351363700217276,0.10023389833947301,0.0,0.21674085085100792,True
2005-06-15,1.05600563008491,0.20714926125001404,0.7370091641373266,0.10024567979963869,0.0,0.21875078614794474,True
2005-06-16,1.0623322124527774,0.20913138574975207,0.7399077699372354,0.10025743479869266,0.0,0.22216700771684936,True
2005-06-17,1.0637844713321165,0.20886570084836745,0.7413274018583481,0.10026898031737576,0.0,0.22218808915639257,True
2005-06-20,1.0638512527055903,0.2087897579691686,0.7414494362035392,0.1002805709344541,0.0,0.22212124556759702,True
2005-06-21,1.06346136888206,0.20847176962864278,0.7414675046325727,0.10029219074694534,0.0,0.2217016735025419,True
2005-06-22,1.0626163785522853,0.20791268998510506,0.7413810175640384,0.10030393130121067,0.0,0.22093142968703633,True
2005-06-23,1.0458657267201312,0.20413805335201018,0.7320490122068701,0.10031572099302814,0.0,0.21350099352023305,True
2005-06-24,1.0318187698533898,0.19988079054177008,0.7252503550984922,0.1003276633407654,0.0,0.20624075141413228,True
2005-06-27,1.0277726555353695,0.197837552734564,0.7241010214865371,0.10033960711021073,0.0,0.20333202693862154,True
2005-06-28,1.0400038069184223,0.20102740220016113,0.7305828516728934,0.10035169166244055,0.0,0.20906926358308842,True
2005-06-29,1.0368410509603425,0.20027536704169527,0.7288233919570235,0.10036393695833926,0.0,0.20765372204497967,True
2005-06-30,1.027087034280853,0.19736887179948742,0.723995889129189,0.10037613595577045,0.0,0.20271500919589341,True
2005-07-01,1.026779607008429,0.19656063048289488,0.7245668356015359,0.10038832448633717,0.0,0.20182444692055582,True
2005-07-05,1.0396498556541334,0.20009087265364228,0.7312247747753288,0.10040063400673582,0.0,0.20802444687206878,True
2005-07-06,1.031731535636849,0.19862884709649545,0.7263867579078617,0.10041313229234318,0.0,0.20493164543664413,True
2005-07-07,1.0365509693150874,0.19973119375357606,0.7290938424333779,0.10042556439398051,0.0,0.2070315624877288,True
2005-07-08,1.0595443727747516,0.20656514257839195,0.7402415997150774,0.10043783862932464,0.0,0.21886493443034943,True
2005-07-11,1.0708932460314442,0.209993240758466,0.745562728641249,0.10045017414969888,0.0,0.22488034324049624,True
2005-07-12,1.076758381927903,0.21174178360116291,0.7483011304458961,0.10046251118509043,0.0,0.22799474029691635,True
2005-07-13,1.0797047270537088,0.212585026256982,0.7497006601033718,0.10047500919983675,0.0,0.22952905775050025,True
2005-07-14,1.0916399079250447,0.2164372311958247,0.75488084015049,0.10048754864039298,0.0,0.2362715191341617,True
2005-07-15,1.094724147472612,0.21776257266992669,0.7558340831961061,0.10050011755897757,0.0,0.2383899467175282,True
2005-07-18,1.0886558673472524,0.21620348033834072,0.7527718881956583,0.10051279174036323,0.0,0.23537118741123095,True
2005-07-19,1.103229824911003,0.2207140651454991,0.7592060099674559,0.10052547549768245,0.0,0.2434983394458647,True
2005-07-20,1.1123928426953171,0.22351783492663907,0.7632148745108706,0.10053832839729981,0.0,0.24863963978714668,True
2005-07-21,1.1103834605194656,0.22401863714076717,0.7610856641121293,0.10055120687811679,0.0,0.24874658952921952,True
2005-07-22,1.1114291968285963,0.22288306039914835,0.7631462094089275,0.10056424661354386,0.0,0.24771874080612497,True
2005-07-25,1.1059998098846047,0.22134632011668426,0.7606134341103998,0.10057738780649514,0.0,0.24480898796770964,True
2005-07-26,1.1106511151006295,0.2228706885465739,0.7625289178205126,0.10059061852261948,0.0,0.24753157875749743,True
2005-07-27,1.1205270540284584,0.2258769133137727,0.7668218351666667,0.10060402661326852,0.0,0.2531011922485232,True
2005-07-28,1.1283374148039627,0.22745725411609047,0.7710715839603459,0.10061730075585924,0.0,0.2566485300877575,True
2005-07-29,1.1161419746690502,0.2241619676554293,0.7653148567219825,0.10063053672243713,0.0,0.2501965812246306,True
2005-08-01,1.1177976222639683,0.22494267401322335,0.7657133937905938,0.10064384231569454,0.0,0.25144038615768,True
2005-08-02,1.132349746681615,0.22920096878446775,0.7721568462136124,0.1006572415257298,0.0,0.2595356589422728,True
2005-08-03,1.132718802647918,0.22870594741772896,0.7729884454773126,0.10067083025313768,0.0,0.25905952691746764,True
2005-08-04,1.1182163989426774,0.22482716409510742,0.76612662422143,0.10068435290232208,0.0,0.25140542181892545,True
2005-08-05,1.110096736905879,0.22314039901116936,0.7616914507003211,0.10069785739138289,0.0,0.24770742881417493,True
2005-08-08,1.1010564753408727,0.21993789056301072,0.7581808453032468,0.1007115914604108,0.0,0.24216403857721516,True
2005-08-09,1.1106089617296693,0.22231108033833374,0.7629829921801754,0.10072529143393608,0.0,0.24690067811555794,True
2005-08-10,1.1006815327786523,0.21843992332681544,0.7595097219010236,0.10073902125021832,0.0,0.24043278962741052,True
2005-08-11,1.1111313136422842,0.22162349891704308,0.7641257552158761,0.10075274894071477,0.0,0.24625280948569345,True
2005-08-12,1.1024617223782425,0.21955074367797517,0.7596490008295516,0.1007664305240464,0.0,0.24204629102464453,True
2005-08-15,1.1115075476026983,0.22168818629773,0.7643192973671961,0.1007801579512222,0.0,0.24640809228427998,True
2005-08-16,1.0882753667183458,0.2153232587078565,0.75315050513202,0.1007938632530441,0.0,0.23433099833328178,True
2005-08-17,1.0945765378319043,0.21781683609512262,0.7553516690853876,0.1008076704120181,0.0,0.2384171983344987,True
2005-08-18,1.0888794261970152,0.21551688367898228,0.7533861141035366,0.10082141145733943,0.0,0.23467190063613907,True
2005-08-19,1.0891185300394433,0.21506261234559715,0.754054799460137,0.10083505435502686,0.0,0.2342286762242794,True
2005-08-22,1.0896097719448206,0.21522519535085977,0.7542495247983657,0.10084877112342513,0.0,0.23451147602302977,True
2005-08-23,1.0857744512606713,0.2140765149880212,0.7524731749257966,0.10086246574595924,0.0,0.23243881058891558,True
2005-08-24,1.0759777269813968,0.2121028059637045,0.7468835976609354,0.10087623427325834,0.0,0.22821789504720302,True
2005-08-25,1.079744097468946,0.21277347201746974,0.7491132323102518,0.1008899646498572,0.0,0.22974090050883691,True
2005-08-26,1.0735373647481201,0.21176641485469622,0.7452944888901856,0.1009037169126667,0.0,0.22733915894526774,True
2005-08-29,1.084569120671027,0.2144452762271569,0.7510707968192797,0.10091759918200424,0.0,0.23258072466974306,True
2005-08-30,1.0786515323941919,0.21321112718871124,0.7477394678837911,0.10093155544480434,0.0,0.22998050906559633,True
2005-08-31,1.0932288670154702,0.2161790893371005,0.7559501645107198,0.10094548159631582,0.0,0.2363332209084345,True
2005-09-01,1.0912123076676459,0.21550566107913816,0.7550906565277931,0.10095922139824494,0.0,0.23516242974160792,True
2005-09-02,1.0862939697886158,0.21390502622609586,0.7529575270323376,0.10097270265939445,0.0,0.23236374009688365,True
2005-09-06,1.106415247522503,0.2192063254759282,0.7628957928592597,0.10098623380329594,0.0,0.24253322085994747,True
2005-09-07,1.1089677196969967,0.21979509087154211,0.7642221599682634,0.1009998990043252,0.0,0.24374566072440823,True
2005-09-08,1.1073522368956428,0.21987382521603122,0.7628609186934954,0.10101354601437362,0.0,0.24347777218777375,True
2005-09-09,1.116889209868801,0.22157434081032365,0.7683880526247612,0.10102716680919702,0.0,0.2474739904348428,True
2005-09-12,1.119174959643738,0.22288785304559383,0.7686836702744144,0.10104078543194168,0.0,0.24945050393738186,True
2005-09-13,1.114120473248625,0.2221323665442162,0.7655837778485092,0.10105447806203675,0.0,0.24748221733807918,True
2005-09-14,1.099881204106348,0.21726793233724728,0.7598441606366122,0.10106812843694772,0.0,0.23896891503278808,True
2005-09-15,1.0990698531680647,0.21702271154660918,0.7594651894264772,0.10108154402792047,0.0,0.23852311971366702,True
2005-09-16,1.1084152486618448,0.2190761386076254,0.7644929144998582,0.10109500151133878,0.0,0.24282733265064788,True
2005-09-19,1.098336807626598,0.21579167590458506,0.7602161897829962,0.1011086774181663,0.0,0.23701194042543544,True
2005-09-20,1.0905908418177754,0.2145803865207094,0.7554489578892581,0.10112247955531328,0.0,0.2340194043732041,True
2005-09-21,1.0750708333244516,0.21039157880265602,0.7477483587121899,0.1011366246644433,0.0,0.22618584994781846,True
2005-09-22,1.0801649386294014,0.21161333765598714,0.750437593439743,0.10115003730731632,0.0,0.22857730788234215,True
2005-09-23,1.0834307770730751,0.21270580302315664,0.7518151593585201,0.10116360425722404,0.0,0.23045201345733105,True
2005-09-26,1.0840742073836473,0.2126715709024163,0.7523452295535001,0.10117721317107502,0.0,0.23055176465907212,True
2005-09-27,1.0814381443300196,0.21163283503807467,0.7513793594881994,0.10119096443894353,0.0,0.22886782040287662,True
2005-09-28,1.0820193860966583,0.21161133945169788,0.7518471772264693,0.10120463726557129,0.0,0.2289675716046177,True
2005-09-29,1.0993017444458428,0.21661350209654084,0.7599599040695085,0.10121823965108366,0.0,0.23812360072525057,True
2005-09-30,1.1076689084843534,0.219180579969322,0.7636572656661311,0.10123212904263584,0.0,0.24277951377558643,True
2005-10-03,1.109046586773666,0.22049668818915094,0.7632594187963568,0.10124606854623402,0.0,0.2445410994310752,True
2005-10-04,1.0973493108699022,0.2183750873827156,0.7564554889850642,0.10126007023426031,0.0,0.23963375165057763,True
2005-10-05,1.0772439961524491,0.21320380080649975,0.7462972070045293,0.1012742747722353,0.0,0.22967251437568456,True
2005-10-06,1.0618613244565542,0.20767944344988706,0.7400462551168917,0.1012883004555655,0.0,0.22052676888409714,True
2005-10-07,1.065498136729406,0.20835894617680448,0.7421896512991838,0.10130241650793456,0.0,0.22200606892228777,True
2005-10-10,1.0566211127530636,0.20658381861387232,0.737023669506596,0.10131661894590081,0.0,0.2182808243005668,True
2005-10-11,1.0509312204701788,0.2045245317499349,0.7346591813271015,0.10133082337502633,0.0,0.21494121576805092,True
2005-10-12,1.0359797065350052,0.20002000666945063,0.7274179003603278,0.10134513836413017,0.0,0.20721666781054723,True
2005-10-13,1.0433252104341133,0.20314925233469522,0.7300147974269198,0.10135967656556481,0.0,0.21195073644162868,True
2005-10-14,1.0545344608845777,0.20538549499102587,0.7365739727545999,0.1013744058961041,0.0,0.2165860822338736,True
2005-10-17,1.0590458827500802,0.20637057840213444,0.7391006730938728,0.10138929827867418,0.0,0.21855591137753308,True
2005-10-18,1.0477280635877946,0.20409762625057148,0.7324850801208372,0.10140417273258068,0.0,0.2138388107343767,True
2005-10-19,1.0739601584713347,0.21101420352409705,0.7459199678962302,0.10141934311866274,0.0,0.22662084745644176,True
2005-10-20,1.0575200281008805,0.20823054933450508,0.7358775882624585,0.10143446345473424,0.0,0.2202079763836876,True
2005-10-21,1.065336758729766,0.21051174153835514,0.7396212642040648,0.10144959812067164,0.0,0.2242658964050295,True
2005-10-24,1.0874959877229493,0.21593573016506604,0.7512019923882679,0.10146475517414652,0.0,0.23482924016053475,True
2005-10-25,1.0825347595707653,0.21435144582578775,0.7490119542079428,0.10147991449215743,0.0,0.23204289087066504,True
2005-10-26,1.0758795303984305,0.21227987750810212,0.7459965894551742,0.10149536601680297,0.0,0.22838757492645326,True
2005-10-27,1.050574812973798,0.20420482088869965,0.7345316804484828,0.10151069101182159,0.0,0.21453244151349354,True
2005-10-28,1.063504858817122,0.20626148470338998,0.7426188016941129,0.10152596595412046,0.0,0.21936009116888874,True
2005-10-31,1.079236324242876,0.21193120029266832,0.7489710985010625,0.10154137614557346,0.0,0.22872384959624006,True
2005-11-01,1.0794701037490708,0.21131561475124125,0.7498045070819932,0.10155670808775649,0.0,0.22810888857932107,True
2005-11-02,1.097229324304421,0.2160071411401842,0.7586476827300195,0.10157227205622762,0.0,0.23700936951817406,True
2005-11-03,1.1151243691306294,0.2220213827372339,0.7659551771288501,0.10158773764341139,0.0,0.24758145435836795,True
2005-11-04,1.1184916232115363,0.223597283178819,0.7667966891051987,0.1016032458979707,0.0,0.2500916882083668,True
2005-11-07,1.1202043441632943,0.2240072704008471,0.7676515976418485,0.10161882909425503,0.0,0.2509339174271907,True
2005-11-08,1.12040902620164,0.22404987159245454,0.7677472663047273,0.10163426144540816,0.0,0.25102749845150446,True
2005-11-09,1.121399155743505,0.2241023994331657,0.7684410769198201,0.10164983729923907,0.0,0.25130824152444575,True
2005-11-10,1.1367717798922998,0.22825464844942825,0.775632860859342,0.10166547604641007,0.0,0.25947344298654773,True
2005-11-11,1.1411695700195732,0.22913720582463845,0.7780040663457772,0.10168109702740684,0.0,0.2614844066463891,True
2005-11-14,1.1408664113812685,0.22911156047717104,0.7777840071651363,0.10169672040857972,0.0,0.2613856838075526,True
2005-11-15,1.1338943977287237,0.22720593036612016,0.7745544796097371,0.10171238654610044,0.0,0.25762753157288615,True
2005-11-16,1.1417548877028318,0.22973173169432698,0.7777293718886849,0.10172818829171346,0.0,0.2622973275224334,True
2005-11-17,1.1608657912124118,0.23484243450313166,0.7865012622910278,0.10174398038165719,0.0,0.27262054853972695,True
2005-11-18,1.1664284940017375,0.23600986902431043,0.7893800829830289,0.10175977492313486,0.0,0.27528863609557375,True
2005-11-21,1.1712718051583142,0.2366459340757864,0.7923195228534654,0.10177557191652702,0.0,0.27717671038832176,True
2005-11-22,1.1773170657405392,0.23789271334363796,0.7954506118014999,0.10179130270425217,0.0,0.28007515123478705,True
2005-11-23,1.1824947746918941,0.23846601877966297,0.7987031720980912,0.10180678144527242,0.0,0.2819848211485306,True
2005-11-25,1.1854003049111832,0.23932897897813807,0.7998773169174163,0.10182234333899991,0.0,0.283700644654767,True
2005-11-28,1.1720259311009478,0.23590228377536074,0.7937044296988165,0.101837907611474,0.0,0.2764835937906572,True
2005-11-29,1.1655925993656733,0.23368848409321824,0.7913536463929872,0.1018533853566479,0.0,0.27238556761603805,True
2005-11-30,1.1604386069813213,0.2329349699142227,0.7882627791393264,0.10186909583749826,0.0,0.27030673200449656,True
2005-12-01,1.1868745881564193,0.24041757567985245,0.7996443895668192,0.10188468746901051,0.0,0.28534551112058965,True
2005-12-02,1.1902771323412955,0.2413519847494237,0.8011010217011768,0.10190036234769462,0.0,0.28727574829242414,True
2005-12-05,1.1800374962524265,0.2379769656433158,0.7972996532565544,0.10191610029238413,0.0,0.2808217427034881,True
2005-12-06,1.1848587192485067,0.23929950633259592,0.7993906991930319,0.10193191346543534,0.0,0.2835361065900395,True
2005-12-07,1.1800490340769714,0.23880818820559774,0.7962958441757308,0.1019478180795534,0.0,0.2818053718216872,True
2005-12-08,1.1707944203347107,0.23543061497643616,0.7931898528595438,0.10196371708478587,0.0,0.27564085039038105,True
2005-12-09,1.1764560441255505,0.23691604362330618,0.7957554580104838,0.10197927464411556,0.0,0.27872131147095114,True
2005-12-12,1.181182730788025,0.23842531593833036,0.7975640425822573,0.10199482243673307,0.0,0.28162386576903464,True
2005-12-13,1.1888548297274097,0.23968366035592611,0.8018954487126199,0.10201030379390306,0.0,0.28494907722088686,True
2005-12-14,1.1861573881784078,0.23773965422497395,0.802134945260084,0.10202579559639102,0.0,0.28199664732193286,True
2005-12-15,1.1869895180120957,0.23867500145323903,0.8016436045395244,0.10204118853605483,0.0,0.2833047249365164,True
2005-12-16,1.1769758597213626,0.23563099522921735,0.7975871288652556,0.10205673766919848,0.0,0.2773319931869084,True
2005-12-19,1.155299357869171,0.22853070603178216,0.7892057231640782,0.1020722567731866,0.0,0.2640213779319062,True
2005-12-20,1.1564623524491229,0.2287170448835433,0.7898718090277007,0.10208789165018806,0.0,0.2645026517712341,True
2005-12-21,1.1622288121336382,0.23049684914196417,0.7922350946521223,0.1021036383027044,0.0,0.2678900791788114,True
2005-12-22,1.172093813999567,0.23297135764351012,0.7969101192242924,0.10211940764223552,0.0,0.27306428713303893,True
2005-12-23,1.1722263218135829,0.23285685671929526,0.7971301652116616,0.10213521994078932,0.0,0.27296093666113197,True
2005-12-27,1.1574957488966184,0.22957897470466182,0.7896080553229594,0.10215100631696875,0.0,0.26573668725669036,True
2005-12-28,1.1568411843195208,0.22878348822681263,0.7900083006778664,0.10216672216859723,0.0,0.26466616147305705,True
2005-12-29,1.1471655328249997,0.22606645243141224,0.7856475108435145,0.10218237962414667,0.0,0.25933564235733847,True
2005-12-30,1.1360337486426884,0.22297974961400624,0.7805229855953941,0.10219824222188666,0.0,0.25331252082540756,True
2006-01-03,1.1684332786280576,0.23119815908504268,0.7960792522631659,0.102214403332384,0.0,0.27013962303250766,True
2006-01-04,1.1828069737974605,0.23543050941257712,0.8021074164562612,0.10223070896331442,0.0,0.2784688483778849,True
2006-01-05,1.1882971598598742,0.237281698826054,0.8040887223435889,0.10224726871455925,0.0,0.281961168801726,True
2006-01-06,1.2141735666547202,0.24476408461299853,0.8147236214419902,0.10226386360918799,0.0,0.29718608160354215,True
2006-01-09,1.2202926557358045,0.24635014375228392,0.8173928543918412,0.10228053018359153,0.0,0.30061927116037174,True
2006-01-10,1.2215184689497398,0.24652091720020441,0.8180913755445698,0.10229724006269074,0.0,0.30112985334247927,True
2006-01-11,1.2328159864381358,0.2498031105251553,0.8225405220843934,0.10231419623635839,0.0,0.307961268117384,True
2006-01-12,1.2245977526897105,0.24771154699443954,0.8189195328036839,0.10233121612134435,0.0,0.30334700376468227,True
2006-01-13,1.2234977051237026,0.247488373681261,0.8183479562523482,0.10234829162753416,0.0,0.3028014572438202,True
2006-01-17,1.213695660698043,0.24451010508831636,0.8145693762514412,0.1023654309040895,0.0,0.296760853542512,True
2006-01-18,1.1970823558707955,0.23926777806043384,0.8082764986296631,0.10238262179657759,0.0,0.2864232354445548,True
2006-01-19,1.2078123139458994,0.24227116266563584,0.8127943438448787,0.10239987651947569,0.0,0.292618093581545,True
2006-01-20,1.1619407000133957,0.22916758891892589,0.7932444374921152,0.10241711383244166,0.0,0.26627914868883884,True
2006-01-23,1.1635563514026517,0.2289227354470777,0.7947574539050094,0.10243439468772615,0.0,0.2663645028099162,True
2006-01-24,1.169091729333433,0.23072664997753278,0.7968994529718891,0.10245165813600043,0.0,0.2697406182255435,True
2006-01-25,1.1640994880295752,0.22860170246789302,0.7955152435848561,0.10246911963915561,0.0,0.26611512480556354,True
2006-01-26,1.174612787364479,0.2312394937861402,0.8005092881060412,0.10248663291354859,0.0,0.27161686634488924,True
2006-01-27,1.1946036943352891,0.2364693644988144,0.8096122670550092,0.1025042508528782,0.0,0.28248717642740173,True
2006-01-30,1.1965672323969254,0.23732835340396274,0.8100660092356003,0.10252189215942582,0.0,0.28397933100189915,True
2006-01-31,1.1878420429405816,0.23574242309124235,0.8052777246439082,0.10253955684420908,0.0,0.28002476145246424,True
2006-02-01,1.1949919585935884,0.23674493288622164,0.8095263290517849,0.10255733850498983,0.0,0.28290829103681364,True
2006-02-02,1.1687830621842092,0.22954918334974017,0.7979147740549452,0.10257509069187018,0.0,0.2682931974373938,True
2006-02-03,1.1518898528327155,0.22421749529544813,0.7910231492227521,0.10259284595156955,0.0,0.25827385765839384,True
2006-02-06,1.1496875496664862,0.2227417742724939,0.7909935007101573,0.10261060428461981,0.0,0.25608344467170907,True
2006-02-07,1.1409665023154796,0.2213807667854855,0.7857501585419694,0.10262830461435596,0.0,0.2525880391591543,True
2006-02-08,1.157758912350038,0.2256500853269264,0.7938643644541528,0.10264615053608962,0.0,0.2612483973597956,True
2006-02-09,1.1458057896292866,0.22141821298381947,0.7894394789684934,0.10266404029456248,0.0,0.25370227036623083,True
2006-02-10,1.1535325887669619,0.22389417736467543,0.7925814052023008,0.10268195353933768,0.0,0.25826923002532337,True
2006-02-13,1.1392846648033175,0.2187952089135397,0.7873146545534888,0.1026999840021947,0.0,0.2492700262476339,True
2006-02-14,1.1549294585057484,0.22229711225062063,0.795473969622878,0.10271800540386954,0.0,0.2567374834790008,True
2006-02-15,1.1636647317507536,0.22474303296027656,0.7994030587171396,0.1027361318710431,0.0,0.261525541162571,True
2006-02-16,1.1774996223919736,0.2281603962676494,0.8060866415569659,0.10275420038504755,0.0,0.2686587804499602,True
2006-02-17,1.1667069280534579,0.22468586806342153,0.8017921052277912,0.10277226392036766,0.0,0.2621425589052991,True
2006-02-21,1.1523657736629946,0.21976867929254518,0.7963215511259105,0.1027903183972359,0.0,0.2532539041398484,True
2006-02-22,1.169185420320186,0.22464802694964037,0.8037217730389834,0.10280844946798674,0.0,0.2626551978132157,True
2006-02-23,1.165328789995764,0.223492869360097,0.8020595026770456,0.10282661229463524,0.0,0.2604426750240832,True
2006-02-24,1.1694225114246612,0.22440198346385706,0.8041569000127151,0.1028448803409671,0.0,0.262420731070979,True
2006-02-27,1.182744376676065,0.22920103145870993,0.8087949735528938,0.10286317203702827,0.0,0.27108623108614305,True
2006-02-28,1.1607085990249189,0.22303978040631758,0.7989429083417234,0.102881499640953,0.0,0.2588841910422424,True
2006-03-01,1.1801938913769376,0.2282307395833372,0.8079374667808553,0.10289989991538721,0.0,0.2693565246806952,True
2006-03-02,1.1809395623935448,0.22848240859500799,0.8081974249585464,0.10291822181418653,0.0,0.2698239156208118,True
2006-03-03,1.1719816120508477,0.2261543267814078,0.8039963526019975,0.1029365469753017,0.0,0.2650487124735485,True
2006-03-06,1.1596491932588224,0.2225079493978751,0.7986631334222025,0.10295489582369914,0.0,0.25803116401292076,True
2006-03-07,1.152079921506276,0.2199495128424225,0.7957073663811969,0.10297313763423732,0.0,0.25339941749084177,True
2006-03-08,1.1533968033823347,0.21992752712114494,0.7967416444832507,0.10299145214177358,0.0,0.2536637067573103,True
2006-03-09,1.140707853820578,0.2165668503817706,0.7906585645442832,0.10300978216862304,0.0,0.24703950710767175,True
2006-03-10,1.1454980169951139,0.2162079518620391,0.7948041622986254,0.10302807457994768,0.0,0.2476657801165408,True
2006-03-13,1.1495265278196953,0.2172707567706246,0.7967215976270857,0.10304643156531605,0.0,0.24975849862729366,True
2006-03-14,1.1730786552250883,0.22365174308978789,0.807652769201495,0.10306480000107815,0.0,0.2623610860225153,True
2006-03-15,1.1848597574283195,0.226953575533669,0.812868488610469,0.1030831103635377,0.0,0.2689081584543128,True
2006-03-16,1.1754252443856075,0.22292003763505475,0.8102978866081575,0.1031015180618169,0.0,0.26202583971563304,True
2006-03-17,1.1788109028353122,0.22394296910403808,0.8117045929251948,0.10311989631696583,0.0,0.26398641359315156,True
2006-03-20,1.1809536661033964,0.2250587805254582,0.8120312940031105,0.10313838014998644,0.0,0.2657839919502995,True
2006-03-21,1.1655610760802873,0.22068808486831273,0.8051787139005638,0.10315692050251496,0.0,0.25722544167720834,True
2006-03-22,1.1707788750618224,0.22121268695648388,0.8086121186302745,0.10317561564723257,0.0,0.2589911407843153,True
2006-03-23,1.1664098059265673,0.22000644875989395,0.8065978125458719,0.10319431418007417,0.0,0.2566176792006212,True
2006-03-24,1.1726240952232214,0.22210200344983783,0.8089690001791079,0.10321293420148256,0.0,0.2604421608426309,True
2006-03-27,1.1722279561176545,0.22224329396199474,0.8084766454424678,0.10323150843326251,0.0,0.26051980224192417,True
2006-03-28,1.1647672149508126,0.22080936207688445,0.8043256969771415,0.10325001227231294,0.0,0.2571915057013583,True
2006-03-29,1.1894505091397525,0.2284335878469735,0.8144715013712349,0.1032685603993144,0.0,0.271710447369203,True
2006-03-30,1.1924239924819977,0.22988717811077455,0.8150139963297329,0.10328700940899488,0.0,0.2741229867432699,True
2006-03-31,1.1889094295731002,0.22849386865412225,0.8139455224925745,0.1033053920380024,0.0,0.27165851504252336,True
2006-04-03,1.1899551863805955,0.2290120805372459,0.8141171724812939,0.10332390092019521,0.0,0.2725141129791064,True
2006-04-04,1.1991694770358523,0.23088929910197475,0.8189516146577985,0.10334246232076433,0.0,0.27687540005728956,True
2006-04-05,1.2122328690671345,0.2347966593363386,0.8242435114940346,0.10336112957843158,0.0,0.2846282279946683,True
2006-04-06,1.2152535644796105,0.23609078275176,0.8249636195003254,0.10337977969942745,0.0,0.2869101652798577,True
2006-04-07,1.1987397449153736,0.23235023802694305,0.8168138261540131,0.10339845369791649,0.0,0.27852746506344406,True
2006-04-10,1.197505064412398,0.23150004185878245,0.816865419775127,0.10341717209969685,0.0,0.2772224725375741,True
2006-04-11,1.1839639907609842,0.22839514303720945,0.8101164513303722,0.10343591440985182,0.0,0.2704116250207603,True
2006-04-12,1.1849117911810376,0.22827710895470557,0.8109688724837414,0.1034546806401472,0.0,0.27048823805714906,True
2006-04-13,1.1892121468108563,0.2301193595705861,0.8120779178655806,0.10347349132759973,0.0,0.27366073761767606,True
2006-04-17,1.1761312720734485,0.2252829563169883,0.8076766571775358,0.1034922849063462,0.0,0.2649623299895666,True
2006-04-18,1.205456718326976,0.23236930839392198,0.821834492492016,0.1035110818985138,0.0,0.2801111439364462,True
2006-04-19,1.2117400334154564,0.23416781853434976,0.8244595487035223,0.10352996445629646,0.0,0.2837505202556375,True
2006-04-20,1.2077581823627266,0.2323586312298906,0.8235762732514458,0.10354887100077717,0.0,0.2806330381105037,True
2006-04-21,1.1929676072045807,0.22683388031160645,0.8187943547783603,0.1035677809979532,0.0,0.2706054714282674,True
2006-04-24,1.1909567053804038,0.22646868165146944,0.8176555214352939,0.10358678897363238,0.0,0.26971439497147753,True
2006-04-25,1.186557997948337,0.2257456079835402,0.8150919531867455,0.10360578810701175,0.0,0.2678602566545796,True
2006-04-26,1.1862640607084158,0.22554060961817765,0.8150884148888162,0.10362492639928857,0.0,0.267550719420311,True
2006-04-27,1.199699318396001,0.22931040015974083,0.8209517111728077,0.10364407645043783,0.0,0.2751035307727553,True
2006-04-28,1.1889869446810297,0.22454061901267647,0.8183478500838133,0.10366323004054698,0.0,0.26697586455666933,True
2006-05-01,1.1737037862827915,0.22067937860554218,0.8110092056838791,0.1036823583750539,0.0,0.2590122222238585,True
2006-05-02,1.1797949756282429,0.22119136047986693,0.8151330419867316,0.1037014778949889,0.0,0.2609604557465225,True
2006-05-03,1.1764596934548743,0.2207594493313815,0.8130243543953913,0.10372074497181902,0.0,0.25971459408766395,True
2006-05-04,1.1875411173124149,0.2239800771543441,0.8178154888664854,0.10374007736633895,0.0,0.26598555107959065,True
2006-05-05,1.200574411013143,0.22669392629943716,0.8246521735188731,0.1037593104470664,0.0,0.27216292704720363,True
2006-05-08,1.2011411586598004,0.22713147733518424,0.8245455510098116,0.1037786417954934,0.0,0.2728169658544954,True
2006-05-09,1.1971823242397845,0.2251887739463815,0.8237923071189052,0.10379799733504279,0.0,0.26959201978583647,True
2006-05-10,1.1861207408772547,0.22118605995094118,0.8199497845474646,0.10381758302905893,0.0,0.2623533733007312,True
2006-05-11,1.154360676659007,0.21195473879926696,0.8058513008991979,0.10383716005840436,0.0,0.2446722157014049,True
2006-05-12,1.1336604452651249,0.20698782008790284,0.7951500350688595,0.1038565059109559,0.0,0.2346539042853095,True
2006-05-15,1.1335534354565842,0.20645215202710232,0.7956529844471734,0.10387590482168384,0.0,0.23402454618772683,True
2006-05-16,1.124669483469669,0.20332777608329056,0.7920976724307622,0.10389526613627595,0.0,0.22867654490263092,True
2006-05-17,1.1023930197521763,0.1989135483409847,0.7791974402400778,0.10391467228685992,0.0,0.21928090722523863,True
2006-05-18,1.0931565573997628,0.1963727219472573,0.7745563466464427,0.10393408206223542,0.0,0.21466612869108465,True
2006-05-19,1.1037351981935413,0.19888735413795175,0.7802627294928205,0.10395349546307951,0.0,0.21951897323764122,True
2006-05-22,1.0905531297270112,0.1953709461131691,0.7735178617458622,0.10397287123970514,0.0,0.21306239674144384,True
2006-05-23,1.0775302902746147,0.19186040136146115,0.7668027075636981,0.1039921887396973,0.0,0.20673539397121932,True
2006-05-24,1.0872834871546075,0.19389848629731155,0.7724492311913855,0.10401163362788118,0.0,0.21082262233534077,True
2006-05-25,1.1053578635571049,0.19815486967947255,0.7822947792762505,0.10403104087851606,0.0,0.2190320434023383,True
2006-05-26,1.1107334262150852,0.19906282820063573,0.7855772579069827,0.1040504311087456,0.0,0.221105737199357,True
2006-05-30,1.0809462831132826,0.19124885408721015,0.7701466582507105,0.10406988688732775,0.0,0.20672973797524433,True
2006-05-31,1.0898629487866682,0.1922511445042961,0.7762462651715825,0.10408928435802174,0.0,0.209527399257064,True
2006-06-01,1.117597906225269,0.2007262148576814,0.7891579489816033,0.10410875979419756,0.0,0.22433119744946822,True
2006-06-02,1.115660266081474,0.19946867505635787,0.7889927851708336,0.10412820582234505,0.0,0.22253927508829532,True
2006-06-05,1.0867881874590366,0.19134920966074148,0.7746845745376029,0.10414755218251741,0.0,0.20795606073891643,True
2006-06-06,1.0849888174860194,0.19113672190261716,0.7734406268169153,0.1041669847938294,0.0,0.20738120587527473,True
2006-06-07,1.0744684347400313,0.18858882551776113,0.7676491288697447,0.10418656570675702,0.0,0.20263274016352967,True
2006-06-08,1.072515889311442,0.1879642155612388,0.7667151518720332,0.10420612962801928,0.0,0.2015946078113896,True
2006-06-09,1.064791835013975,0.18554472697631705,0.7629996150701799,0.10422570962951538,0.0,0.1975665103142796,True
2006-06-12,1.0414319753787147,0.17843335869051374,0.751360427222525,0.10424534294166912,0.0,0.18582620521452048,True
2006-06-13,1.0332625428427245,0.1775993274453259,0.7454906854226329,0.10426512473677654,0.0,0.18350673268331508,True
2006-06-14,1.0455084303636026,0.1808123800478491,0.7521826937997501,0.10428486890971865,0.0,0.18904086765413392,True
2006-06-15,1.0789891398415052,0.1893707890374077,0.7703555479032436,0.10430456716368211,0.0,0.20432902477457968,True
2006-06-16,1.068772128568095,0.18687913811519757,0.7647168107659379,0.10432410357380627,0.0,0.19973121422835072,True
2006-06-19,1.0577597620234376,0.18416008625597413,0.7586188858714423,0.10434374713966019,0.0,0.19479712901233492,True
2006-06-20,1.060246578187326,0.18436974482661847,0.760405751302164,0.10436343581146933,0.0,0.1954773910736927,True
2006-06-21,1.0782284384141059,0.1897833646691196,0.7692153029280087,0.10438331456193763,0.0,0.20462982092415963,True
2006-06-22,1.0638152514902648,0.1849581512244563,0.7626508143657581,0.10440313496448728,0.0,0.1967613021600194,True
2006-06-23,1.0626669315438138,0.1844922267383154,0.7621902253603571,0.10442291770176554,0.0,0.19605378848169117,True
2006-06-26,1.0668221731824659,0.18513473179295323,0.7648733834662387,0.10444295281331599,0.0,0.19750583690291132,True
2006-06-27,1.0450961757101471,0.17822545866741338,0.7543703765058708,0.10446305393677567,0.0,0.1862627452675006,True
2006-06-28,1.0545711718962918,0.18049647044606973,0.759741389884612,0.10448340765022368,0.0,0.19034637436145616,True
2006-06-29,1.0911003342521992,0.1902923190970029,0.7789687217969389,0.10450359948289428,0.0,0.207628012972366,True
2006-06-30,1.0861199568981268,0.18828135184127676,0.7771000486691574,0.10452377448240083,0.0,0.20449613374656855,True
2006-07-03,1.0935774915028162,0.1902392985193021,0.7809921440033606,0.10454393263946193,0.0,0.2080414148599938,True
2006-07-05,1.0691591877409756,0.18177287103851336,0.7702508541893114,0.10456419839878225,0.0,0.19434413515288207,True
2006-07-06,1.0691973408295574,0.18111187411492738,0.7709686007886343,0.10458440584458525,0.0,0.19364433419633792,True
2006-07-07,1.055968139552447,0.1772343451608419,0.7642097006325993,0.10460461719555725,0.0,0.18715382172429046,True
2006-07-10,1.048365550472794,0.17374891673603676,0.7615883185269547,0.10462485320781234,0.0,0.18215237873802684,True
2006-07-11,1.056932483758907,0.1761361537177708,0.7661233681954706,0.10464509313477219,0.0,0.18616402242866412,True
2006-07-12,1.0350178578811224,0.1696044210206455,0.7548087502688077,0.10466550308035813,0.0,0.1755436045319565,True
2006-07-13,1.0136415419959905,0.16437863572812686,0.7423345696637609,0.10468595854157375,0.0,0.16662101379065575,True
2006-07-14,1.0032728762312981,0.1609242341869362,0.7371155804857161,0.1047063764575356,0.0,0.16145091928804647,True
2006-07-17,1.004818148408751,0.16181020562010393,0.7375015188481178,0.10472679835580126,0.0,0.1625898312048321,True
2006-07-18,1.0094991696456932,0.1625940373944912,0.7406132957734366,0.10474732813317705,0.0,0.16413854573907966,True
2006-07-19,1.0257984361285524,0.16617740302836367,0.7505658046489492,0.10476811133320348,0.0,0.17046452014639962,True
2006-07-20,1.0100970593393117,0.1612165380723129,0.742463934383538,0.10478877393206636,0.0,0.16284435102370745,True
2006-07-21,0.9983701281537828,0.15788119285004887,0.7359369247644855,0.104809336650522,0.0,0.15762386673877538,True
2006-07-24,1.021749985144352,0.16340176006217255,0.7499643358242629,0.10482990340400328,0.0,0.16695574591608575,True
2006-07-25,1.028081490061322,0.16512968821716506,0.7534642399523555,0.104850474193302,0.0,0.16976677591566458,True
2006-07-26,1.0278030908645184,0.1646916537990188,0.753661222191481,0.10487127785881654,0.0,0.16927059081422072,True
2006-07-27,1.021586467409926,0.16235685678781964,0.750832938819868,0.10489196080441,0.0,0.16586156778564792,True
2006-07-28,1.0435455982931703,0.16883630994302715,0.7624446248260583,0.10491258539400457,0.0,0.1761883880731074,True
2006-07-31,1.042853065697778,0.1687344450630555,0.7619547640472962,0.10493306832766103,0.0,0.1759652333228207,True
2006-08-01,1.0257257086770633,0.16287117667087636,0.7537109378432912,0.10495361771997028,0.0,0.16706115311380182,True
2006-08-02,1.0380845578677678,0.16628353462719744,0.760493808964969,0.10497437937863484,0.0,0.1726163695241639,True
2006-08-03,1.0446341173817828,0.16825529035794395,0.7638738388124984,0.10499506183139803,0.0,0.17576521673788637,True
2006-08-04,1.0397556959270096,0.16664431909081323,0.7614705467685178,0.10501576918994061,0.0,0.17326937996855116,True
2006-08-07,1.0329555632482463,0.16439481436250952,0.7581066487316162,0.10503637645171328,0.0,0.16981253806491692,True
2006-08-08,1.0258785007583777,0.16234069602188766,0.7542795789529553,0.10505709195841674,0.0,0.16654182984700566,True
2006-08-09,1.0257515214722017,0.16295379826992043,0.7535235825713401,0.1050778323958165,0.0,0.1671501065050451,True
2006-08-10,1.033102530638144,0.16517422781069852,0.7573622077529546,0.10509841013775544,0.0,0.17064191274743395,True
2006-08-11,1.0256801721743876,0.16276561331309036,0.7536158013892023,0.10511890849814504,0.0,0.16694546228704032,True
2006-08-14,1.031686642448873,0.16493292571846177,0.7563880518009699,0.10513949428415391,0.0,0.1701590963637492,True
2006-08-15,1.0586272412816244,0.1728568863060308,0.7704760650494303,0.10516016754550932,0.0,0.1829910086866848,True
2006-08-16,1.0838225164269442,0.18071835883127843,0.7827750242565046,0.10518086573737587,0.0,0.19586662643306366,True
2006-08-17,1.088300389397305,0.1818504603386107,0.7851910198117356,0.10520144278698022,0.0,0.19790792679858915,True
2006-08-18,1.0917495700862256,0.1820341994007411,0.7877916829203936,0.10522212822908272,0.0,0.19873575893674936,True
2006-08-21,1.0805470712086986,0.17857379184810407,0.7823468448162125,0.1052428386163855,0.0,0.19295738777610064,True
2006-08-22,1.0807000467174512,0.17860465702185113,0.7824184533319575,0.10526353219802496,0.0,0.19301806118746886,True
2006-08-23,1.0722271105641212,0.17585740723730522,0.7783837593099876,0.10528427162077993,0.0,0.18855907963335375,True
2006-08-24,1.0745843768092949,0.1769085524014353,0.7791762160352835,0.10530499423948053,0.0,0.19010316653453083,True
2006-08-25,1.076754886030586,0.1774396683340241,0.7803701561336864,0.10532570004259252,0.0,0.19105902985430712,True
2006-08-28,1.085841295154027,0.17986811355170476,0.7851866180642388,0.10534645171389342,0.0,0.1953082253758947,True
2006-08-29,1.0892650047309582,0.1808921368720249,0.7868583438340433,0.10536718657121562,0.0,0.19703947432569935,True
2006-08-30,1.0940120566598743,0.1825356938928884,0.7889279857919318,0.10538782097834658,0.0,0.1996962498895961,True
2006-08-31,1.092858536465076,0.18208049385189076,0.7884619177391657,0.10540839669609475,0.0,0.19898822202981561,True
2006-09-01,1.100497423723274,0.18366482992667071,0.7929458378719274,0.10542891368847214,0.0,0.2021226721628744,True
2006-09-05,1.1109319096530448,0.18716472609246312,0.7975552920747812,0.10544935100067448,0.0,0.20792726657758911,True
2006-09-06,1.0868720105091092,0.1797306547493585,0.7860581466157104,0.10546964581584499,0.0,0.19534421807755387,True
2006-09-07,1.0804404168266901,0.17819451905582265,0.7824219955508118,0.10548986083097373,0.0,0.1925285604449046,True
2006-09-08,1.0872766301887296,0.18016836217028456,0.785873700780953,0.10551007972064697,0.0,0.19589284968712958,True
2006-09-11,1.0936790903954865,0.18236371877108248,0.788701527449303,0.1055301768794876,0.0,0.1994473860666958,True
2006-09-12,1.115825719453966,0.18857370551389321,0.7998600090864512,0.10555031974237458,0.0,0.21041539062514023,True
2006-09-13,1.1243773602043874,0.19087564432211754,0.8041907663182069,0.10557034079596642,0.0,0.2146162530902141,True
2006-09-14,1.1253778433976687,0.19119254710691333,0.8046236214135807,0.1055903656472027,0.0,0.2151638563368853,True
2006-09-15,1.1299943029541368,0.19236944695892025,0.8070074038296179,0.10561051999850117,0.0,0.21737637912601787,True
2006-09-18,1.1307298085764164,0.19230115820622862,0.807658457617195,0.10563069915166927,0.0,0.21744065180755204,True
2006-09-19,1.1225355215891033,0.18970656858073764,0.8039323194358525,0.10565084024259352,0.0,0.21295236191065733,True
2006-09-20,1.1397430452943584,0.19491644917615578,0.8119173298696073,0.10567104806275643,0.0,0.22215466736199482,True
2006-09-21,1.1310722381328138,0.1926793520823239,0.8074467543169286,0.1056912178141507,0.0,0.21793426600173452,True
2006-09-22,1.121609641086008,0.18971968082412224,0.8031069314073046,0.10571128656260759,0.0,0.21279142311609572,True
2006-09-25,1.1428776532918978,0.19591285751292464,0.8132418463511375,0.10573138009667911,0.0,0.22390442684408127,True
2006-09-26,1.1514895179709517,0.19723626352563828,0.8186226344210197,0.1057513935364031,0.0,0.22711549001352882,True
2006-09-27,1.1505618410041252,0.19658149395216035,0.8186113275974988,0.10577134781768754,0.0,0.2261791655889389,True
2006-09-28,1.1532658474896218,0.1976221954515537,0.8195636338921299,0.10579128487729603,0.0,0.22791092872019578,True
2006-09-29,1.1480262729401869,0.19580996917753543,0.8174201001075154,0.10581118371325256,0.0,0.22479498911941886,True
2006-10-02,1.1328270934460776,0.1908793981081692,0.8107625694173264,0.10583117027113721,0.0,0.21623335375761404,True
2006-10-03,1.1380665732663449,0.19232920999904052,0.8133319676994528,0.10585116060426077,0.0,0.21888344496263126,True
2006-10-04,1.1688607716514476,0.20097563649424413,0.828077016376226,0.10587121771941871,0.0,0.23491253755580305,True
2006-10-05,1.1749905204645326,0.20274141308067187,0.8308799193293815,0.10589136265977753,0.0,0.23821923847537343,True
2006-10-06,1.1719299851022866,0.20185679576587415,0.8294564210036477,0.10591153244394277,0.0,0.2365620316546962,True
2006-10-09,1.1758908733514224,0.20312664394581123,0.8311043585037234,0.1059317480973156,0.0,0.2388547667503834,True
2006-10-10,1.1782629767812831,0.20364983289887506,0.8323579508395325,0.10595196760931111,0.0,0.2399530583324394,True
2006-10-11,1.1754982045901263,0.20285856198154195,0.8310659490141602,0.10597238018092872,0.0,0.2384598753950374,True
2006-10-12,1.1969749724213734,0.20862242513024493,0.8412662280109343,0.10599292284368424,0.0,0.24971582156675495,True
2006-10-13,1.204337097114053,0.21064224843966328,0.8446392063982819,0.10601361670036986,0.0,0.2536842740154012,True
2006-10-16,1.2060054505223439,0.21084882978059596,0.8456862979734026,0.10603431459728471,0.0,0.25428483795165663,True
2006-10-17,1.1914586457467602,0.20623901651378743,0.8396783278198161,0.10605505861128324,0.0,0.2457252593156609,True
2006-10-18,1.186409431124803,0.20406175802990392,0.8382327460120811,0.10607589085413632,0.0,0.24210079425858552,True
2006-10-19,1.1897349490066544,0.20485835975115424,0.8399110716254911,0.10609672718903695,0.0,0.24372715019212635,True
2006-10-20,1.1924818716404253,0.20575504580553197,0.8410050997991547,0.10611760971962841,0.0,0.24535916212164222,True
2006-10-23,1.2061661587447292,0.2095742527283982,0.8472463331102141,0.10613845424930587,0.0,0.2527813713852091,True
2006-10-24,1.1992542519614982,0.20636214079620183,0.8456141900575433,0.10615938711023247,0.0,0.24748067479372238,True
2006-10-25,1.208620649105062,0.2088950899743458,0.849965321512422,0.10618040835298573,0.0,0.25247491923965415,True
2006-10-26,1.2207127639810882,0.21243260183923426,0.8551921627379584,0.10620141269226414,0.0,0.25931918855086566,True
2006-10-27,1.200759415528378,0.2066331640139621,0.846420319236008,0.1062223790421854,0.0,0.2481167172501846,True
2006-10-30,1.2078272106434227,0.20927113812888,0.8488205282284389,0.10624330738060415,0.0,0.25276337503437957,True
2006-10-31,1.210454150356038,0.21019539961275632,0.849758100986632,0.10626415552239918,0.0,0.2544318938470068,True
2006-11-01,1.1913054467959716,0.20474799136148158,0.8411030627959161,0.1062849866705881,0.0,0.24391739732946754,True
2006-11-02,1.1920654767296104,0.20510787906674816,0.8412576542753382,0.10630580081356976,0.0,0.24450202164070242,True
2006-11-03,1.1882151718893943,0.2040619141180567,0.8394190904968744,0.10632661903265438,0.0,0.24246946235986555,True
2006-11-06,1.209546062283235,0.20911955911380525,0.8502587972959605,0.10634752571476527,0.0,0.25293973927250935,True
2006-11-07,1.2191532665470675,0.21161916778919268,0.8547886936667425,0.10636837320615876,0.0,0.2579961996741662,True
2006-11-08,1.2255893672654763,0.21335904488731963,0.8577095445520184,0.10638924588964144,0.0,0.26149057682381643,True
2006-11-09,1.217596483618998,0.21166592296525258,0.853462614119194,0.10641018599534266,0.0,0.2577236835044613,True
2006-11-10,1.2232859976063204,0.21353507020850407,0.8556404059997864,0.10643113022258853,0.0,0.26121446138394555,True
2006-11-13,1.2366264875714819,0.21761392739114138,0.8610672834407199,0.10645205745441919,0.0,0.26910714667634267,True
2006-11-14,1.2528530463149061,0.22151507745518859,0.868854260161215,0.10647294655927576,0.0,0.2775258395944154,True
2006-11-15,1.2591819346218311,0.22300898737998198,0.8718791644413235,0.10649388201332646,0.0,0.28080888816718125,True
2006-11-16,1.265700257639144,0.2246249783342931,0.8748775642356119,0.1065148004536302,0.0,0.28430789294990194,True
2006-11-17,1.2657143046158974,0.22451848846281153,0.8750022979804917,0.1065357441372858,0.0,0.2841762624981199,True
2006-11-20,1.2684736905301937,0.22529194849882833,0.8761401315071526,0.106556649663994,0.0,0.2857769093590471,True
2006-11-21,1.2705503955115285,0.22573228493248462,0.877168676886531,0.10657747472430824,0.0,0.28680424390068937,True
2006-11-22,1.2794955511434243,0.22828731203972716,0.8808046260067113,0.10659832499939141,0.0,0.2920926001373216,True
2006-11-24,1.275245838209162,0.22771387681574204,0.8782355274437708,0.10661913705364261,0.0,0.29039117371174883,True
2006-11-27,1.2394562609551123,0.21828281084218845,0.8622643746898888,0.10663988970799253,0.0,0.27055199655723094,True
2006-11-28,1.2449239743710723,0.21916660425281204,0.865417567953551,0.10666064640169855,0.0,0.2728457600158227,True
2006-11-29,1.2579088053614194,0.22126488546894796,0.8728963504771969,0.10668140713554691,0.0,0.2783310477486756,True
2006-11-30,1.2571233373477528,0.22084973844292619,0.8727858051936792,0.10670217191032401,0.0,0.2776353602437497,True
2006-12-01,1.2451014426491032,0.21710771494250253,0.8680574363517778,0.10672287721216508,0.0,0.27032112908516015,True
2006-12-04,1.265421053554153,0.22233162780553767,0.8773343443262391,0.10674358653182058,0.0,0.2813431226960933,True
2006-12-05,1.271843923017944,0.22350677227460786,0.8808139777941097,0.10676421515301875,0.0,0.28426573007081546,True
2006-12-06,1.2667050813417224,0.22188665275795935,0.8788553677839526,0.10678476302735644,0.0,0.2810649505304134,True
2006-12-07,1.2484484314115756,0.21648406931225583,0.8713738986088126,0.10680533604428241,0.0,0.2702691967584806,True
2006-12-08,1.2548530220912437,0.21823843120372358,0.8741700177080584,0.1068258494507408,0.0,0.2738571549324445,True
2006-12-11,1.260605093153811,0.21952024917622218,0.8770304245869762,0.10684632440489546,0.0,0.27672834416193937,True
2006-12-12,1.252673502343389,0.21689951666056298,0.8741024854666336,0.10686673968497973,0.0,0.2717042771917757,True
2006-12-13,1.2553210354727513,0.21753037636912415,0.8753634617048514,0.10688711645743376,0.0,0.27307045731046625,True
2006-12-14,1.2731103158104098,0.22157967511338483,0.8841074061179267,0.10690753953171388,0.0,0.28209537016076935,True
2006-12-15,1.2763589177118084,0.22262227485497435,0.8852850254111128,0.10692796650826002,0.0,0.2841459257924358,True
2006-12-18,1.2622122622020655,0.21832742209711312,0.8796884851950744,0.10694822766104868,0.0,0.27557554934594236,True
2006-12-19,1.2589132382946497,0.2167103565701826,0.8791250815617033,0.10696861997118966,0.0,0.2728195367617568,True
2006-12-20,1.2539730685190802,0.21508417852779685,0.8772741788909795,0.10698912228969362,0.0,0.26970976733840707,True
2006-12-21,1.2434133937933054,0.21219536282556153,0.8725571877888774,0.10700964976629489,0.0,0.26384655623813325,True
2006-12-22,1.2278967099636229,0.20809183060236125,0.8653512546152738,0.1070301811814021,0.0,0.2555152741669469,True
2006-12-26,1.2353813312260193,0.20933919354414454,0.8697168193840277,0.10705078024364506,0.0,0.2586137315983466,True
2006-12-27,1.2443197471177267,0.21092303326188583,0.8747926684376032,0.10707138327039,0.0,0.2624556954097336,True
2006-12-28,1.2373633216990307,0.2089278321565292,0.8717517162888586,0.10709196901759162,0.0,0.2585196363925805,True
2006-12-29,1.2365811968650284,0.2095460574422521,0.8703478386385473,0.10711264371619317,0.0,0.2591207145102881,True
2007-01-03,1.2379629287379406,0.21038044287081198,0.8703863321142647,0.10713340741814038,0.0,0.2604431892055354,True
2007-01-04,1.2618576017449228,0.21804405778976088,0.8795627472238533,0.10715430268375044,0.0,0.275140551837319,True
2007-01-05,1.2522140997603335,0.216480601009523,0.8739589006086066,0.10717513824301113,0.0,0.2710800609087158,True
2007-01-08,1.2549870356405808,0.21634643675027138,0.8762790419295625,0.10719602038239286,0.0,0.2715119733286255,True
2007-01-09,1.2607902472646968,0.218490064263951,0.8781031985259935,0.10721690659047702,0.0,0.2754701421482263,True
2007-01-10,1.277068282238506,0.22323582536388242,0.8847429444251514,0.10723794578180618,0.0,0.2850873920315484,True
2007-01-11,1.2922724996140575,0.2273300956490486,0.8912410582946713,0.10725901037748738,0.0,0.2937724309418988,True
2007-01-12,1.3023136374310278,0.22892580962811218,0.8969002906354309,0.10728014295696715,0.0,0.2981332038386298,True
2007-01-16,1.3004311870581962,0.22869573502707172,0.895726883754186,0.10730123712760868,0.0,0.29740306617640155,True
2007-01-17,1.2895514745216174,0.22486436430273268,0.8922549665217292,0.10732233544593331,0.0,0.2899741725539551,True
2007-01-18,1.2636181609120252,0.21664933271154027,0.8825125851645176,0.10734354438373361,0.0,0.27376203136377397,True
2007-01-19,1.2669557156289581,0.21730100152817755,0.8842802122181127,0.10736475751282402,0.0,0.2753107458980215,True
2007-01-22,1.2517073856137704,0.21267564650218854,0.878113648102721,0.10738606004407657,0.0,0.2662076774669728,True
2007-01-23,1.249783316905924,0.21129486408163606,0.87830319664126,0.10740732418753057,0.0,0.2640727960771335,True
2007-01-24,1.2735623666293345,0.21753029363680249,0.8890953145756575,0.1074286564760167,0.0,0.27703839557766025,True
2007-01-25,1.2518209374100158,0.21266210529925803,0.878156132348471,0.10744992905423997,0.0,0.26621487600730465,True
2007-01-26,1.2467884443820136,0.21107740151897203,0.876148330813369,0.10747124848460787,0.0,0.2631688650840368,True
2007-01-29,1.2475674876246692,0.21142821865842382,0.876303965239147,0.10749255082087301,0.0,0.263770971564649,True
2007-01-30,1.2503129802704203,0.21115641655356726,0.8787875144065419,0.10751385737956543,0.0,0.264011608484313,True
2007-01-31,1.265584596871759,0.2148228799957783,0.8861729007319495,0.10753516816152205,0.0,0.2718765279782873,True
2007-02-01,1.2661306454225227,0.21360694732339033,0.8881199455189339,0.10755639782228983,0.0,0.270454302081299,True
2007-02-02,1.2712049850213245,0.21497610851018864,0.8903485885273613,0.10757769569532616,0.0,0.273278700798637,True
2007-02-05,1.2700754198382282,0.21448190189731814,0.8900681877620722,0.10759904047621809,0.0,0.272408191599938,True
2007-02-06,1.2683765817979455,0.21379300639442228,0.889586170992401,0.10762036814268097,0.0,0.27117004266286365,True
2007-02-07,1.2806770259247928,0.21740746229405553,0.8946065196023844,0.1076417640978011,0.0,0.27842874222460756,True
2007-02-08,1.2796941347874298,0.21732573147398795,0.8939205065751383,0.10766316430664108,0.0,0.2781104639056503,True
2007-02-09,1.2598269679804757,0.21215754965876724,0.8848605753294664,0.10768459013023723,0.0,0.26728180252077194,True
2007-02-12,1.253396645714312,0.21066768687796436,0.8816404534033362,0.10770602021774223,0.0,0.2640501720932335,True
2007-02-13,1.261244330575601,0.211414425752992,0.8868716087520077,0.10772747594073583,0.0,0.2666452458828575,True
2007-02-14,1.2850309083468279,0.21790685882483382,0.8972649023033136,0.10774895731283408,0.0,0.2800170487306802,True
2007-02-15,1.2930197455311037,0.2202468382849644,0.9004658559051418,0.10777037883270707,0.0,0.2847835107932548,True
2007-02-16,1.2883289899981247,0.21872754060066812,0.8987441111549468,0.10779184737634535,0.0,0.2817930314668326,True
2007-02-20,1.299020581206246,0.22177454437546965,0.9031175207026977,0.10781336297217547,0.0,0.288089697531373,True
2007-02-21,1.3028100996670737,0.22308703134011676,0.9043351578798478,0.10783490425257683,0.0,0.2906400375346491,True
2007-02-22,1.309094772799364,0.22530239969954002,0.9062961292165831,0.10785644983696006,0.0,0.29494219374582087,True
2007-02-23,1.3024928234694095,0.22394432994388305,0.902928898333493,0.10787804252734326,0.0,0.29168588260857325,True
2007-02-26,1.2955252749667803,0.2217596929515538,0.9003303696434843,0.10789961813568544,0.0,0.2872952871876105,True
2007-02-27,1.2239390296705335,0.2056966898823091,0.8642576031812457,0.10792121946829365,0.0,0.25176020702099405,True
2007-02-28,1.2321217093521295,0.20622231522708492,0.8700881282261765,0.10794258958180339,0.0,0.25409099154414955,True
2007-03-01,1.2252026248551238,0.20441900403477126,0.8667839391968466,0.10796398534460529,0.0,0.2504547003136719,True
2007-03-02,1.2015767479530444,0.19891752864660187,0.8545767068445669,0.10798536392643697,0.0,0.23901467718204042,True
2007-03-05,1.1885301543214633,0.1963210487066543,0.847190006966613,0.10800666103897895,0.0,0.23333348631587134,True
2007-03-06,1.2143502508223383,0.20163056113183406,0.8614722088453854,0.10802791949306122,0.0,0.2448501224838915,True
2007-03-07,1.209203418218353,0.19998506326521004,0.8593315496923397,0.10804924643310786,0.0,0.2418226220929056,True
2007-03-08,1.2205952591284772,0.2020657547669098,0.8658842649975256,0.10807049183024406,0.0,0.24664050230070758,True
2007-03-09,1.2195335368274824,0.20158352159239182,0.8656039732530276,0.10809169852074611,0.0,0.24583786505370878,True
2007-03-12,1.2277200600100064,0.2040647592226621,0.8690727307533805,0.10811293081785171,0.0,0.25053439843877423,True
2007-03-13,1.1961226133991665,0.19714344066624384,0.8521807186493686,0.10813416728558695,0.0,0.23580772746421108,True
2007-03-14,1.2157965643681556,0.202378636005008,0.8615899704519852,0.10815534355976818,0.0,0.24605125035640224,True
2007-03-15,1.2135731002330348,0.2012415061942827,0.8611753835217963,0.10817643814347733,0.0,0.2442212785677611,True
2007-03-16,1.2113822031662207,0.2010481561346727,0.8596385938580613,0.10819745098723324,0.0,0.24354615832092613,True
2007-03-19,1.2283939695671824,0.2042830670139445,0.8692354569843455,0.10821842497821885,0.0,0.250940087604618,True
2007-03-20,1.2391944878481598,0.20676227735532973,0.8747363674767521,0.10823944597775076,0.0,0.256218674393657,True
2007-03-21,1.2695414544903487,0.21339716812607035,0.8903643677952593,0.10826053548819659,0.0,0.27091655120689284,True
2007-03-22,1.2645648883328604,0.21182334934139826,0.8884188891189133,0.10828162910774927,0.0,0.2678643701061978,True
2007-03-23,1.2611675032032146,0.2102808445075614,0.8876653657570567,0.10830276980709339,0.0,0.2651993676390646,True
2007-03-26,1.2655352874390444,0.21202334113069896,0.8888883313543746,0.10832393612304406,0.0,0.26832301996162566,True
2007-03-27,1.25563412747606,0.20911047149519157,0.884722754987135,0.10834512806695246,0.0,0.2625662444219724,True
2007-03-28,1.2391720575189074,0.20499962245755612,0.8767759724038658,0.10836628116371261,0.0,0.254029803951329,True
2007-03-29,1.2409194678352349,0.20532253895521488,0.8777433366734639,0.10838739538688635,0.0,0.25478873577488453,True
2007-03-30,1.2398124999844495,0.20484603364420265,0.8774333346800267,0.10840849222010514,0.0,0.25397067308431753,True
2007-04-02,1.2418655110662145,0.20525887074627255,0.8785320485065761,0.10842955013944441,0.0,0.25490391242019383,True
2007-04-03,1.2622416109189887,0.2097752061283737,0.8890039616268623,0.10845065517778503,0.0,0.2647869941143413,True
2007-04-04,1.2676859240288538,0.21133266751526444,0.8913107118082124,0.10847176432407078,0.0,0.26790344789657056,True
2007-04-05,1.274991542367622,0.21315321776067916,0.8947301149152106,0.10849287757910125,0.0,0.2717685498733099,True
2007-04-09,1.2723916176716543,0.21190929585897433,0.8942460540240312,0.10851395188996159,0.0,0.26963161175766154,True
2007-04-10,1.2793151907859366,0.21393802042163834,0.8970860441394639,0.10853498723439887,0.0,0.27369415941207387,True
2007-04-11,1.2640248075586862,0.20959357563093547,0.8905373233349474,0.10855600512130859,0.0,0.26493147910243015,True
2007-04-12,1.275721237873316,0.2125093451799517,0.8960415043629683,0.10857704861773176,0.0,0.2711026848926158,True
2007-04-13,1.2802106060467295,0.21295097056408283,0.8989904187692256,0.10859809619342022,0.0,0.27262209108408375,True
2007-04-16,1.2960138641027326,0.21605348168080696,0.9073864732507797,0.10861908320596124,0.0,0.28000830764599155,True
2007-04-17,1.2999834726087833,0.21672905091898398,0.9095992356574897,0.10864005272242695,0.0,0.2817441842288666,True
2007-04-18,1.296115562315526,0.21511140256752556,0.9086453210830657,0.10866100473317045,0.0,0.2788092364992899,True
2007-04-19,1.299900972194966,0.2163887848734476,0.9099350627016582,0.10868191766422572,0.0,0.28128399182908187,True
2007-04-20,1.3112826111622167,0.21797732053755703,0.9167499280577612,0.10870281305582417,0.0,0.28582987004863125,True
2007-04-23,1.3114747209770785,0.21885419372869294,0.9157293089922347,0.10872366932984288,0.0,0.2870217426550011,True
2007-04-24,1.3182227056478637,0.22093936372203926,0.918230868639977,0.10874455117810265,0.0,0.29124728582978404,True
2007-04-25,1.3401182981068287,0.2259340235158342,0.9285745635681514,0.10876541546020957,0.0,0.3027783190784679,True
2007-04-26,1.3476434421789842,0.2280639436131405,0.9315083451665567,0.10878621900470119,0.0,0.3073488780077264,True
2007-04-27,1.3477492882831996,0.2282375511313428,0.9313353509963351,0.1088069401900969,0.0,0.30760699709676764,True
2007-04-30,1.3255839403943859,0.22283185852499482,0.9213739635922066,0.10882764373321249,0.0,0.29538233306896694,True
2007-05-01,1.325481359943528,0.22216791524802812,0.9221538805887527,0.10884804891600061,0.0,0.2944794304387748,True
2007-05-02,1.3427078258093348,0.22638365603693708,0.9298721317065335,0.10886858750667729,0.0,0.3039671065961241,True
2007-05-03,1.3501533390053644,0.22750821136473842,0.9340932378073342,0.10888912997279052,0.0,0.3071709712252398,True
2007-05-04,1.3529994415662232,0.22751303553842964,0.9362647768241008,0.10890965470959094,0.0,0.3078250100325316,True
2007-05-07,1.3529764919825564,0.2274158047752642,0.9363580709011882,0.10893018331514136,0.0,0.3076882377662269,True
2007-05-08,1.3552226064792685,0.2283979283170298,0.9367419414132713,0.10895062933772699,0.0,0.30953003572827026,True
2007-05-09,1.3593684483536315,0.22906191973869783,0.9390177146571808,0.10897118728435276,0.0,0.31137954641209775,True
2007-05-10,1.33516013626681,0.2235496793347147,0.9276938749405522,0.10899164100331836,0.0,0.29847462032293937,True
2007-05-11,1.35637999681449,0.2283872724764484,0.9375880135906414,0.10901205530977347,0.0,0.30977992791407516,True
2007-05-14,1.3456738463636804,0.22537839833285728,0.9333555783797666,0.10903245181205201,0.0,0.30328581617186173,True
2007-05-15,1.3350185944495028,0.221796301814244,0.9298636201185264,0.10905278722882664,0.0,0.29610218710214975,True
2007-05-16,1.3512992423832653,0.2254450826524704,0.9375823898314741,0.10907308316447518,0.0,0.30464376938731585,True
2007-05-17,1.3437225972265558,0.22340209537948452,0.9344391167833829,0.10909303661399705,0.0,0.3001904438291757,True
2007-05-18,1.3589051149667,0.22624428473461383,0.9423473890419182,0.10911321016693257,0.0,0.3074445157578492,True
2007-05-21,1.3674929952447914,0.2290561322473321,0.9451268431806809,0.10913349569801942,0.0,0.3132326563660912,True
2007-05-22,1.3682022442227204,0.22941880422420735,0.945157028148053,0.10915389326821388,0.0,0.31389132280645343,True
2007-05-23,1.3615320275350171,0.22720583081267937,0.9430094358420518,0.10917457619879982,0.0,0.3093480154941654,True
2007-05-24,1.3371226666776699,0.22132000332979576,0.9319954539119859,0.10919521972423675,0.0,0.2959319930414473,True
2007-05-25,1.3474596850278635,0.22366360355801146,0.9368661290722864,0.1092158671531021,0.0,0.30137768880247506,True
2007-05-29,1.359683492400104,0.22670848205547792,0.9421953016255394,0.10923641013664606,0.0,0.3082517806379185,True
2007-05-30,1.374735887130902,0.22958778825143494,0.9498565968024725,0.10925671857217145,0.0,0.3156225717562581,True
2007-05-31,1.3807521443214512,0.2316849800971904,0.9515754937502913,0.10927711749489155,0.0,0.3198995330762684,True
2007-06-01,1.383898413355455,0.23149561177554903,0.9542349819785685,0.10929702154195407,0.0,0.3203664098349327,True
2007-06-04,1.3880854007808265,0.2327402127926546,0.9557048980971541,0.10931721113156556,0.0,0.32306329155210683,True
2007-06-05,1.386071425510603,0.232975258825076,0.9538138020920324,0.10933727431019585,0.0,0.3229203491083748,True
2007-06-06,1.3653268454796879,0.2288056824145505,0.9435746816887506,0.10935762319205186,0.0,0.3123945405988855,True
2007-06-07,1.3348453280665358,0.22303923966303568,0.9277446170506849,0.10937782397613532,0.0,0.29772288703971556,True
2007-06-08,1.357463330954792,0.22732055237615356,0.9394859665396464,0.10939805019212893,0.0,0.3085793142230167,True
2007-06-11,1.3554807346134963,0.22624381320717554,0.939393454571923,0.10941814991375232,0.0,0.30666913012782093,True
2007-06-12,1.3419349055843612,0.22432886164677235,0.9314620961616891,0.10943807964886341,0.0,0.3010347297738087,True
2007-06-13,1.363796411316974,0.22789443048879368,0.9435367918431983,0.10945801301403353,0.0,0.3108016064597424,True
2007-06-14,1.3759481243626255,0.23025024128985558,0.9496581124850215,0.10947762424078528,0.0,0.31681238763681874,True
2007-06-15,1.3916968221914339,0.23385500238162865,0.9567443412623124,0.10949721726103859,0.0,0.3254552636680828,True
2007-06-18,1.3913222460511327,0.23396711345997678,0.956282130074031,0.10951646617586676,0.0,0.3255236498012351,True
2007-06-19,1.39208554741654,0.23359172359280586,0.9573702534500911,0.1095356315567844,0.0,0.3251796624096642,True
2007-06-20,1.3716104387278438,0.23027476325118013,0.946207912986751,0.10955525669019131,0.0,0.31584726905090155,True
2007-06-21,1.3870357365113861,0.23382457104234414,0.953137445529656,0.10957525487155349,0.0,0.3243230361101767,True
2007-06-22,1.3687681269349903,0.23014250404584322,0.944161319969466,0.10959508277456716,0.0,0.31501172419095724,True
2007-06-25,1.3603993111605377,0.2285190742033099,0.9399070970361287,0.10961502299118234,0.0,0.3108771911332266,True
2007-06-26,1.3474095803343071,0.2266515111953225,0.9323819566782812,0.10963520607419995,0.0,0.305392417581826,True
2007-06-27,1.3751878234193524,0.23222123621188903,0.9461844618953754,0.1096555451459979,0.0,0.319347816377979,True
2007-06-28,1.374402971112875,0.2319587831698568,0.945922416413735,0.10967571393476179,0.0,0.3188048407643783,True
2007-06-29,1.3768467811764622,0.23261476143537593,0.9468759874474149,0.10969590819261948,0.0,0.320274885536428,True
2007-07-02,1.3939611616143441,0.2358830713817932,0.9554330846657552,0.10971623676006508,0.0,0.3288118401885237,True
2007-07-03,1.4041003389611335,0.23816984585298345,0.9599491473450033,0.10973683032363522,0.0,0.33441436129249497,True
2007-07-05,1.4142117131051053,0.24149966924328592,0.9629222542534204,0.10975779789682125,0.0,0.3415316609548637,True
2007-07-06,1.422799659371874,0.24289369520043405,0.9674318448786483,0.10977874769847218,0.0,0.3455890667947533,True
2007-07-09,1.423979077748728,0.24303085643832778,0.9681086085602267,0.10979961437296773,0.0,0.3460708548155335,True
2007-07-10,1.4041847924728106,0.24014496591211723,0.957156420122463,0.10982046322765109,0.0,0.3372079091226965,True
2007-07-11,1.4175903184003138,0.2426241382699282,0.9638072857784952,0.10984140320014939,0.0,0.3439416294216693,True
2007-07-12,1.4483257428871308,0.24831544122696242,0.9788217498363763,0.10986234716536848,0.0,0.359641645885386,True
2007-07-13,1.4604023131750272,0.25121935060193623,0.9836376537203944,0.10988333872123705,0.0,0.3668813207333958,True
2007-07-16,1.4585983488699512,0.2506603928174578,0.983081157688573,0.10990435609074098,0.0,0.3656128350906373,True
2007-07-17,1.4703081243301679,0.2542384696474236,0.9865739902494923,0.10992524664079979,0.0,0.3738088874398757,True
2007-07-18,1.4673386466098242,0.25372485071464407,0.9850921391470214,0.10994622840389712,0.0,0.3723002790589055,True
2007-07-19,1.4739165295249408,0.25474389394092356,0.9884780574627913,0.10996723598707395,0.0,0.37547123607507565,True
2007-07-20,1.4600687400029708,0.2529044402423493,0.980822559556862,0.10998831304030522,0.0,0.36925786740580363,True
2007-07-23,1.4620615930362597,0.25274751902477005,0.9825197804252147,0.11000937230972749,0.0,0.36953244030131766,True
2007-07-24,1.4297505218038922,0.24688181009574386,0.9667405584198274,0.1100305665757855,0.0,0.3529793968082792,True
2007-07-25,1.4327904610520332,0.24729500524452305,0.9684166842210008,0.11005185225086712,0.0,0.35432192458016515,True
2007-07-26,1.4080335324627695,0.2451122757595497,0.9528342616166623,0.1100729673584001,0.0,0.34512630348770723,True
2007-07-27,1.3679776343814347,0.23687914917737252,0.9338384536569188,0.11009380259856677,0.0,0.324045378125949,True
2007-07-30,1.391951399847124,0.24084590362683683,0.9465912493361162,0.11011435781018689,0.0,0.33524579270082105,True
2007-07-31,1.3554159731073718,0.23163688697934873,0.9313166541314228,0.11013498240327266,0.0,0.31396433657267625,True
2007-08-01,1.36852381768559,0.23467419182492674,0.9372105925777938,0.11015600419926702,0.0,0.3211572209085292,True
2007-08-02,1.3853005262227083,0.23811755166279108,0.9452594325832767,0.110176724018104,0.0,0.3298643696213274,True
2007-08-03,1.3451781730634784,0.23111019484174158,0.9240963137947186,0.11019746959520149,0.0,0.31088438967355847,True
2007-08-06,1.3689810598859644,0.2348929052853833,0.9371990991516569,0.11021802229703002,0.0,0.3215639384372775,True
2007-08-07,1.3840159980278977,0.23717719944658036,0.9455203151868095,0.11023864443956766,0.0,0.32825703840152065,True
2007-08-08,1.4064699899893771,0.2409670574066034,0.9572974785132464,0.11025957665769552,0.0,0.33891293481843515,True
2007-08-09,1.3575573989646252,0.23220967619518823,0.9320388345766978,0.11028060035796984,0.0,0.3152379640299576,True
2007-08-10,1.342542329802071,0.22835945404238067,0.9256588402511371,0.11030125608854731,0.0,0.3065822334623867,True
2007-08-13,1.3534509384794062,0.2310211541207163,0.9304545599327615,0.11032058069336569,0.0,0.31267579785327904,True
2007-08-14,1.3223474500621892,0.22428324404362562,0.9154266620774211,0.11034041213200407,0.0,0.29658037585276403,True
2007-08-15,1.290314300406286,0.2166440067292492,0.9004153246491925,0.11036011577702763,0.0,0.2795388599800659,True
2007-08-16,1.2809775676395456,0.21172484460362426,0.8993845886160531,0.11037820257428115,0.0,0.2712147764492114,True
2007-08-17,1.3130614353509527,0.21820283778540495,0.916153295072914,0.11039440889788385,0.0,0.2865137313801549,True
2007-08-20,1.3190291184633343,0.22024567899389536,0.9181083875128229,0.11041026714183531,0.0,0.2905104638086763,True
2007-08-21,1.333875344792874,0.22460072215967736,0.9238627869279302,0.11042319215347553,0.0,0.2995893657114681,True
2007-08-22,1.357787270332414,0.22957708932451137,0.9356322427291659,0.11043817815845924,0.0,0.3117168494447891,True
2007-08-23,1.353448144219056,0.22834482182461818,0.9339414672235501,0.11045380165494552,0.0,0.3090528753405605,True
2007-08-24,1.3787636447130298,0.23354328633950155,0.9462925891320746,0.11047006290924526,0.0,0.3220009926717099,True
2007-08-27,1.3646901197613912,0.23115349580765124,0.9387492793462396,0.11048794853814373,0.0,0.3154528918770078,True
2007-08-28,1.320556663641208,0.2217189229022108,0.9172571101509747,0.11050715239636759,0.0,0.29279240109386573,True
2007-08-29,1.3677946727449446,0.2323919000578262,0.9394043926374454,0.11052587721932888,0.0,0.31786440288817025,True
2007-08-30,1.3738464591907276,0.2348930345504357,0.9405967322682269,0.11054276311681911,0.0,0.3227069638056813,True
2007-08-31,1.3944437507429404,0.2390912985397056,0.950485258436742,0.1105591252004911,0.0,0.33339936710570717,True
2007-09-04,1.423577505496599,0.24574765467480764,0.9631600418776401,0.11057663039535637,0.0,0.34984083322360227,True
2007-09-05,1.4038787238034773,0.24157152051768016,0.954146195000253,0.11059541087159812,0.0,0.3391371179316264,True
2007-09-06,1.4036432212339225,0.24092556910065968,0.9548557481305651,0.11061393121329155,0.0,0.33817354189006593,True
2007-09-07,1.3692637504183263,0.233159467022617,0.9393747528672443,0.11063219129015539,0.0,0.3192568062609266,True
2007-09-10,1.367372212371333,0.23295818696321782,0.9381821723277117,0.11064948854571148,0.0,0.3185405514979098,True
2007-09-11,1.3943140499510176,0.23874882538916053,0.9507567271563732,0.11066648114523565,0.0,0.33289084164940874,True
2007-09-12,1.3957317933196998,0.23856230747470408,0.9520787927514198,0.11068400333812554,0.0,0.33296899723015433,True
2007-09-13,1.4062033789757642,0.24017905671173378,0.9577616448627849,0.11070113300572769,0.0,0.33774060110725174,True
2007-09-14,1.4072737306283667,0.2404910966699516,0.9581184428654912,0.11071848496924559,0.0,0.33843680279363,True
2007-09-17,1.3921381801463633,0.23693655895683294,0.9515542180484952,0.11073553210156113,0.0,0.3298484299963069,True
2007-09-18,1.4429641780397544,0.2457862610553609,0.977550342655022,0.11075306522751913,0.0,0.3546607701572133,True
2007-09-19,1.4497683124322074,0.2464482510394973,0.9817054176369319,0.11077002978387468,0.0,0.357292865011401,True
2007-09-20,1.4418394633097287,0.24563991703171772,0.9768793600120969,0.1107867771571738,0.0,0.35417332614045816,True
2007-09-21,1.4540888993673085,0.24868594704655747,0.9816745127572549,0.11080291158100788,0.0,0.3616114750290455,True
2007-09-24,1.4602662136928188,0.2509374811101108,0.9830118597718518,0.11081882850669213,0.0,0.36643552541427477,True
2007-09-25,1.4742703943931539,0.25553828158678776,0.9867029036173295,0.11083496759832205,0.0,0.3767325231775024,True
2007-09-26,1.4847072586975962,0.25737795245921485,0.9917251474481317,0.11085119700454346,0.0,0.3821309142449211,True
2007-09-27,1.495840434177228,0.2592545001230087,0.9971699272895709,0.11086714286125543,0.0,0.38780336402640153,True
2007-09-28,1.4885762853118232,0.2578488699737818,0.9938655912502979,0.11088298102410175,0.0,0.3838277130374234,True
2007-10-01,1.5129706889300585,0.2623320989398382,1.0051706510065814,0.11089926146200162,0.0,0.39690077646147526,True
2007-10-02,1.5124799873379673,0.262470242311592,1.0045830362069157,0.11091596236302181,0.0,0.3969809887680299,True
2007-10-03,1.4996180873510463,0.259125331018037,1.000096146208719,0.11093290785685196,0.0,0.38858903328547534,True
2007-10-04,1.5041394624531008,0.26005016383632196,1.002037936890871,0.11094981191862374,0.0,0.39115171364360607,True
2007-10-05,1.5439242538058884,0.26866899305915537,1.0181529826333058,0.11096669654294677,0.0,0.4148045746296359,True
2007-10-08,1.5520297204313054,0.2721750169011151,1.0186222671853271,0.1109837378565548,0.0,0.4224237153894235,True
2007-10-09,1.5643709243323745,0.2734306994022915,1.0256231286003794,0.11100075976718472,0.0,0.42774703596481034,True
2007-10-10,1.567746411651817,0.27473111590547333,1.0260197080174167,0.11101798250449492,0.0,0.43070872112990527,True
2007-10-11,1.536459592144661,0.2668579890042834,1.0154077571482747,0.11103531805032042,0.0,0.4100165169460658,True
2007-10-12,1.5678338746089735,0.2743766826798171,1.0266038523654186,0.1110529647353005,0.0,0.43017705750825447,True
2007-10-15,1.5495299489198326,0.27112783264212115,1.0183383075163632,0.11107094473877857,0.0,0.4201206966646909,True
2007-10-16,1.5370134204305022,0.26936817801159113,1.0119016355306318,0.11108928025914226,0.0,0.41402250464072804,True
2007-10-17,1.5609042970554525,0.2753796615402933,1.0199555355192051,0.11110746451632755,0.0,0.42984129701991997,True
2007-10-18,1.5666441848004398,0.2778073638093606,1.0202942781643967,0.11112461562936818,0.0,0.43522529100667495,True
2007-10-19,1.507913381796821,0.26694711045671743,0.9942395947439433,0.11114066696319948,0.0,0.4025331200896783,True
2007-10-22,1.5311482105101475,0.2722725191179929,1.003101468442014,0.11115716164952893,0.0,0.4168895804186047,True
2007-10-23,1.57172266590718,0.2817874591154031,1.0176567413439164,0.11117418810319189,0.0,0.4428917364600718,True
2007-10-24,1.5567354608448425,0.2779386855454513,1.0128672359507596,0.11119121716487505,0.0,0.4326770077292079,True
2007-10-25,1.5336310295522815,0.27068711896220227,1.0072892776286124,0.11120758698312598,0.0,0.41513416494054317,True
2007-10-26,1.5684102363505463,0.2777574734178357,1.02154812717829,0.11122444464085818,0.0,0.4356376645313983,True
2007-10-29,1.5773742228941465,0.27945504733680915,1.0253276416401185,0.11124139312728176,0.0,0.44080518812674624,True
2007-10-30,1.5773945094510626,0.28104967852431634,1.0228098571807522,0.11125843248306755,0.0,0.44332621978724285,True
2007-10-31,1.6086905961879203,0.28721198918209545,1.0353799397795365,0.11127543029872031,0.0,0.4620352261096637,True
2007-11-01,1.5607867634380175,0.2792966542692424,1.0135719441414222,0.11129229824063747,0.0,0.43592252105595775,True
2007-11-02,1.5753356817188673,0.28307800957779916,1.0180841316630465,0.11130866085795851,0.0,0.4459428891978623,True
2007-11-05,1.5594447093736015,0.28034450263272415,1.0109388375468373,0.11132412039418879,0.0,0.43718175143257537,True
2007-11-06,1.5866066942309218,0.28477190547797604,1.0234457471835239,0.11133993548714584,0.0,0.45182101156025206,True
2007-11-07,1.5270565246358916,0.2741876325841268,0.9970005375835687,0.11135597374026332,0.0,0.4187000133120594,True
2007-11-08,1.4711261256839308,0.25859082489946056,0.9793355861092107,0.11137082120296513,0.0,0.38041971837175514,True
2007-11-09,1.4097544146800363,0.24268814396613445,0.9562384152457709,0.1113853170875032,0.0,0.34213068234676225,True
2007-11-12,1.3667003986027542,0.23117767423337302,0.9393504504264238,0.11139932865352167,0.0,0.31595061952280856,True
2007-11-13,1.4393937552293075,0.24659062036305507,0.9730393699924582,0.11141338618814688,0.0,0.35494099904870235,True
2007-11-14,1.4180697735814316,0.2405960721563364,0.9654595147082725,0.11142824130584149,0.0,0.34118201756731775,True
2007-11-15,1.4028923296859672,0.23918786114451862,0.9558946145063969,0.11144289942593294,0.0,0.3355548157536374,True
2007-11-16,1.4173233923457718,0.2432317834821554,0.9611282891724255,0.1114570066821054,0.0,0.34473809649124076,True
2007-11-19,1.3930602742181974,0.23882307511985085,0.9488937776887401,0.11147155801336463,0.0,0.3326949385160926,True
2007-11-20,1.4017980434049915,0.24012358689099106,0.953707224232958,0.1114860448928537,0.0,0.33660477427917973,True
2007-11-21,1.3743711672276904,0.2361520640714645,0.9383105543972245,0.11150002488933904,0.0,0.32456058794112697,True
2007-11-23,1.3979015921276432,0.23958937771691094,0.9514657438744785,0.11151347568582357,0.0,0.3349223725673411,True
2007-11-26,1.3617681798915875,0.23313829330965646,0.9327604999288964,0.11152737061936926,0.0,0.31748030934332194,True
2007-11-27,1.395430965995161,0.24109946927203102,0.9474524095874625,0.11154089110050766,0.0,0.3364376653071909,True
2007-11-28,1.4556143264427197,0.25215660978440724,0.9770170509881414,0.1115545017451685,0.0,0.3670427737094097,True
2007-11-29,1.4624765199870298,0.2541158934525154,0.9792703874846738,0.11156760497252649,0.0,0.37163852752982957,True
2007-11-30,1.4551936243604273,0.24952856074243956,0.9805008759798564,0.11158037769233925,0.0,0.36311237068823166,True
2007-12-03,1.4386275150277235,0.24597961631889895,0.973160499839559,0.11159397101583397,0.0,0.35387304417233045,True
2007-12-04,1.4277925657991881,0.24470130039797783,0.9668027893702965,0.11160707887926509,0.0,0.34938269754962664,True
2007-12-05,1.4632967960784482,0.25155520859593944,0.983576588443852,0.11162027685931226,0.0,0.36809993077528386,True
2007-12-06,1.4931360406722556,0.2570638587859528,0.9976712519645932,0.11163347640007296,0.0,0.3838313123075893,True
2007-12-07,1.4932460318319767,0.25711241395445794,0.9976673510559227,0.11164658890381911,0.0,0.38393209187223487,True
2007-12-10,1.5036338229122257,0.2583324103502357,1.0035365043824487,0.11165996877272229,0.0,0.3884373497570547,True
2007-12-11,1.4510629253096414,0.24896429624326213,0.9781269366074972,0.11167312869774011,0.0,0.3612628600044041,True
2007-12-12,1.4698962802027642,0.2523116004711095,0.9873385501924953,0.11168584702577909,0.0,0.37087188298448986,True
2007-12-13,1.4600904850981113,0.24981190248863516,0.9836442023263334,0.11169830088386448,0.0,0.3647479818879134,True
2007-12-14,1.4374371484781514,0.24584027519654122,0.9723465811619383,0.11171062315661295,0.0,0.3533799441596002,True
2007-12-17,1.3927866860576217,0.23512729568079474,0.9535815058210702,0.11172301328360683,0.0,0.32748216695294463,True
2007-12-18,1.400056113610322,0.23609237640090477,0.9577775353525226,0.11173600330092347,0.0,0.33054257495687606,True
2007-12-19,1.3996785074280846,0.23594520673901195,0.9576819004376598,0.11174917218715363,0.0,0.3302474348032711,True
2007-12-20,1.4326660033079528,0.24458634843267107,0.9704937130660378,0.11176174396919386,0.0,0.3504105462727212,True
2007-12-21,1.4698762809566013,0.2524304716464061,0.9870605339768699,0.11177418411599127,0.0,0.3710415628637401,True
2007-12-24,1.4855186595599241,0.25532777574473026,0.9944374373686409,0.1117870470185546,0.0,0.3792941751727286,True
2007-12-26,1.4946142035030765,0.25748081305463294,0.9979784809827619,0.1118012421993399,0.0,0.3848344803209748,True
2007-12-27,1.468392526373321,0.25256158416005775,0.9857174336477018,0.11181555009598397,0.0,0.37085954262963533,True
2007-12-28,1.4655068639696192,0.2522473623420643,0.9840074287835101,0.11182919425558227,0.0,0.36967024093052686,True
2007-12-31,1.4432255332188282,0.2471632783243574,0.974670316799169,0.11184286226787495,0.0,0.3567123541517843,True
2008-01-02,1.4142281383140354,0.24018362267504673,0.9626969025207477,0.11185679824403581,0.0,0.3396744375492521,True
2008-01-03,1.4201518314477641,0.24209455617312128,0.9644699349955806,0.11187086911939167,0.0,0.3438110273327918,True
2008-01-04,1.3418551498199753,0.22242894236583596,0.9315028750589127,0.11188485297845496,0.0,0.2984674217826075,True
2008-01-07,1.3349093272648132,0.22032688837084163,0.928894225741853,0.11189868318949046,0.0,0.2941164183334698,True
2008-01-08,1.292380621464636,0.20978790501416308,0.9093420612755893,0.11191273713107881,0.0,0.2711258230579681,True
2008-01-09,1.3241130663190248,0.21778773259938308,0.9238107132667701,0.1119267706334177,0.0,0.288375582418837,True
2008-01-10,1.3290007012024108,0.217868509539988,0.9275127154361024,0.11194058381774025,0.0,0.28954740194856815,True
2008-01-11,1.2990856383088394,0.2097195612714296,0.9146874806392019,0.11195448754949264,0.0,0.27244367012014487,True
2008-01-14,1.3249159621959359,0.21631763292849046,0.9263454175335188,0.11196785989101868,0.0,0.2866026847713982,True
2008-01-15,1.2781632925705804,0.20561050202309003,0.9033779292499711,0.11198156706768672,0.0,0.2628037962529227,True
2008-01-16,1.2608847181518335,0.20164688271878253,0.8946359693463695,0.11199527592239605,0.0,0.25425347288306793,True
2008-01-17,1.232410117072836,0.19764114973413355,0.8768263781271337,0.1120087864634489,0.0,0.24357495248225344,True
2008-01-18,1.2263058511468425,0.19777966683242038,0.8717454565253601,0.11202203194701228,0.0,0.2425383626744702,True
2008-01-22,1.191819103080003,0.18770212743551867,0.8560776875275007,0.11203443438609398,0.0,0.22370698116640828,True
2008-01-23,1.1978280685669582,0.18456011579903706,0.8647124329804439,0.11204434854445977,0.0,0.2210712870420547,True
2008-01-24,1.2238359390586635,0.191674645371385,0.8772038894117563,0.11205373003508179,0.0,0.2345783196118253,True
2008-01-25,1.1940516851169432,0.18433425341234205,0.8618831020441386,0.11206395716102374,0.0,0.22010462591178065,True
2008-01-28,1.2095679884283501,0.18614405302314505,0.8723402711931055,0.11207382946213897,0.0,0.2251538877731057,True
2008-01-29,1.2136899663469314,0.18647101060103852,0.8752882913703015,0.11208368039557703,0.0,0.22631799458105273,True
2008-01-30,1.2094196552514258,0.1865788509559553,0.8716740379337948,0.1120934877172723,0.0,0.22565212960035863,True
2008-01-31,1.2363886146228689,0.19184833932364778,0.8870865053809196,0.11210300676788637,0.0,0.23719910247406295,True
2008-02-01,1.2552510825579506,0.1946993855165255,0.8987431425921895,0.11211132552277488,0.0,0.24439661444298638,True
2008-02-04,1.2329341122152504,0.18982775407625127,0.886768553079516,0.11212044568991676,0.0,0.23404511344581774,True
2008-02-05,1.1883962728927338,0.18007007645145232,0.8622715646719055,0.11213010050641284,0.0,0.21399460771441556,True
2008-02-06,1.1637517067584908,0.17297723524479772,0.8503095090982999,0.11213964491369251,0.0,0.2013025527464983,True
2008-02-07,1.1737365247266125,0.1750707736158774,0.8561008404367354,0.11214872288477766,0.0,0.20548696140509945,True
2008-02-08,1.1828201701231973,0.17960832593316692,0.8582177508761257,0.1121580686112603,0.0,0.21244435063581116,True
2008-02-11,1.1964665446155953,0.1832587061135542,0.8650359515808058,0.11216768216038041,0.0,0.21926291087440905,True
2008-02-12,1.1942467569044304,0.1804292049323634,0.8665923339967638,0.11217743006634666,0.0,0.21547699284131983,True
2008-02-13,1.222173339094096,0.0,0.8805145543600226,0.34165878473407363,0.0,0.0,False
2008-02-14,1.2103656774728275,0.0,0.868676929805131,0.34168874766769647,0.0,0.0,False
2008-02-15,1.208817611685927,0.0,0.8670987628662625,0.34171884881966463,0.0,0.0,False
2008-02-19,1.2092740194216431,0.0,0.8675262872215384,0.34174773220010485,0.0,0.0,False
2008-02-20,1.2125672476172373,0.0,0.8707900871391584,0.34177716047807893,0.0,0.0,False
2008-02-21,1.204815255385006,0.0,0.863008596283604,0.341806659101402,0.0,0.0,False
2008-02-22,1.209087857524413,0.0,0.8672521719830772,0.3418356855413359,0.0,0.0,False
2008-02-25,1.2167682994565234,0.0,0.8749035850103097,0.3418647144462137,0.0,0.0,False
2008-02-26,1.2217719762111972,0.0,0.8798786373796018,0.3418933388315954,0.0,0.0,False
2008-02-27,1.2235509870282413,0.0,0.8816294962643294,0.341921490763912,0.0,0.0,False
2008-02-28,1.217579972074896,0.0,0.8756322944673635,0.34194767760753264,0.0,0.0,False
2008-02-29,1.1962383421214613,0.0,0.8542654933651793,0.34197284875628203,0.0,0.0,False
2008-03-03,1.1924568822532515,0.0,0.8504598104206356,0.34199707183261596,0.0,0.0,False
2008-03-04,1.193246020051284,0.0,0.8512267591230653,0.34201926092821855,0.0,0.0,False
2008-03-05,1.1980391471205762,0.0,0.8559982385443036,0.34204090857627273,0.0,0.0,False
2008-03-06,1.1797707678085299,0.0,0.8377097711151453,0.34206099669338447,0.0,0.0,False
2008-03-07,1.1744814441527902,0.0,0.8324019191552887,0.34207952499750144,0.0,0.0,False
2008-03-10,1.1610003669091475,0.0,0.8189018374939144,0.34209852941523317,0.0,0.0,False
2008-03-11,1.1913130331834922,0.0,0.8491968558288969,0.3421161773545954,0.0,0.0,False
2008-03-12,1.186172290749269,0.0,0.8440365638980482,0.34213572685122107,0.0,0.0,False
2008-03-13,1.1903843215844567,0.0,0.848229044119496,0.3421552774649609,0.0,0.0,False
2008-03-14,1.1760454899338668,0.0,0.833872561602065,0.34217292833180174,0.0,0.0,False
2008-03-17,1.1642479302415976,0.0,0.8220597942240273,0.34218813601757014,0.0,0.0,False
2008-03-18,1.1996686771987708,0.0,0.8574670980757276,0.34220157912304316,0.0,0.0,False
2008-03-19,1.17847397685967,0.0,0.8362601762519818,0.3422138006076881,0.0,0.0,False
2008-03-20,1.1947731630354932,0.0,0.8525505354848593,0.342222627550634,0.0,0.0,False
2008-03-24,1.2180406257638887,0.0,0.8758112080817556,0.34222941768213305,0.0,0.0,False
2008-03-25,1.2209325604556733,0.0,0.8786893585333001,0.34224320192237323,0.0,0.0,False
2008-03-26,1.2142997552153632,0.0,0.8720395090383557,0.3422602461770074,0.0,0.0,False
2008-03-27,1.2032853582730219,0.0,0.8610078632664067,0.3422774950066152,0.0,0.0,False
2008-03-28,1.1970178429135503,0.0,0.8547233698565875,0.3422944730569627,0.0,0.0,False
2008-03-31,1.200791266567395,0.0,0.8584784563061947,0.3423128102612003,0.0,0.0,False
2008-04-01,1.2342599452925995,0.0,0.8919298156335849,0.3423301296590147,0.0,0.0,False
2008-04-02,1.233593970971013,0.0,0.8912454342750057,0.34234853669600745,0.0,0.0,False
2008-04-03,1.235700414393732,0.0,0.893333333818524,0.34236708057520804,0.0,0.0,False
2008-04-04,1.2378753540689074,0.0,0.89548979653995,0.3423855575289573,0.0,0.0,False
2008-04-07,1.2371457334167646,0.0,0.89474224140551,0.34240349201125475,0.0,0.0,False
2008-04-08,1.233285380836667,0.0,0.8908634099066014,0.3424219709300656,0.0,0.0,False
2008-04-09,1.2250776964910788,0.0,0.8826373815265323,0.3424403149645465,0.0,0.0,False
2008-04-10,1.2320032675911752,0.0,0.8895456267776836,0.3424576408134916,0.0,0.0,False
2008-04-11,1.2110812788848544,0.0,0.8686068549288506,0.3424744239560037,0.0,0.0,False
2008-04-14,1.207670262223096,0.0,0.86518007357184,0.342490188651256,0.0,0.0,False
2008-04-15,1.2092823222534625,0.0,0.8667775234050188,0.3425047988484438,0.0,0.0,False
2008-04-16,1.2331163808135186,0.0,0.8905966313584518,0.3425197494550668,0.0,0.0,False
2008-04-17,1.2328007756618833,0.0,0.8902658710669789,0.34253490459490443,0.0,0.0,False
2008-04-18,1.2516212118163164,0.0,0.9090698601084108,0.3425513517079055,0.0,0.0,False
2008-04-21,1.255080173860216,0.0,0.9125108789855555,0.34256929487466037,0.0,0.0,False
2008-04-22,1.2462991552753462,0.0,0.9037125959960051,0.3425865592793412,0.0,0.0,False
2008-04-23,1.2505684306078935,0.0,0.9079648099741768,0.3426036206337167,0.0,0.0,False
2008-04-24,1.256632555943901,0.0,0.9140126208514108,0.3426199350924904,0.0,0.0,False
2008-04-25,1.2597180712358995,0.0,0.9170815489874324,0.34263652224846713,0.0,0.0,False
2008-04-28,1.2607092055099947,0.0,0.9180552115186842,0.34265399399131047,0.0,0.0,False
2008-04-29,1.262417199699458,0.0,0.9197451211912144,0.34267207850824355,0.0,0.0,False
2008-04-30,1.255957635467908,0.0,0.9132659756972574,0.3426916597706507,0.0,0.0,False
2008-05-01,1.2798334926512114,0.0,0.9371236103870871,0.34270988226412413,0.0,0.0,False
2008-05-02,1.2818204710940226,0.0,0.9390919573798853,0.3427285137141375,0.0,0.0,False
2008-05-05,1.27823613113469,0.0,0.9354876929251544,0.34274843820953554,0.0,0.0,False
2008-05-06,1.285195016642143,0.0,0.9424254966840806,0.3427695199580626,0.0,0.0,False
2008-05-07,1.2682528697403777,0.0,0.925461654647627,0.3427912150927507,0.0,0.0,False
2008-05-08,1.2705487882968722,0.0,0.9277354005978133,0.34281338769905884,0.0,0.0,False
2008-05-09,1.2678830484785117,0.0,0.9250476227758931,0.34283542570261866,0.0,0.0,False
2008-05-12,1.2815428051097146,0.0,0.9386849318497851,0.34285787325992956,0.0,0.0,False
2008-05-13,1.2828766411081869,0.0,0.9399949582737253,0.3428816828344615,0.0,0.0,False
2008-05-14,1.2828204695380485,0.0,0.9399144992515072,0.34290597028654146,0.0,0.0,False
2008-05-15,1.296950453469453,0.0,0.9540201940104703,0.34293025945898253,0.0,0.0,False
2008-05-16,1.2977916632061053,0.0,0.9548370448125454,0.34295461839355995,0.0,0.0,False
2008-05-19,1.2956845958474363,0.0,0.9527054806960686,0.34297911515136775,0.0,0.0,False
2008-05-20,1.2882007194294487,0.0,0.9451970377191579,0.3430036817102907,0.0,0.0,False
2008-05-21,1.2697764740076087,0.0,0.9267479517522594,0.3430285222553493,0.0,0.0,False
2008-05-22,1.2715024881594692,0.0,0.9284493277451653,0.3430531604143038,0.0,0.0,False
2008-05-23,1.263864593071348,0.0,0.9207865885287063,0.34307800454264165,0.0,0.0,False
2008-05-27,1.275419975354942,0.0,0.9323174652411965,0.34310251011374554,0.0,0.0,False
2008-05-28,1.27949726141964,0.0,0.9363695632244702,0.3431276981951698,0.0,0.0,False
2008-05-29,1.2860579534702226,0.0,0.9429049972636758,0.3431529562065467,0.0,0.0,False
2008-05-30,1.2902982165067878,0.0,0.9471198642579157,0.343178352248872,0.0,0.0,False
2008-06-02,1.279654706342975,0.0,0.9364511604449031,0.3432035458980721,0.0,0.0,False
2008-06-03,1.274389417038013,0.0,0.9311614927933509,0.34322792424466203,0.0,0.0,False
2008-06-04,1.2801481799947982,0.0,0.9368956032690552,0.34325257672574305,0.0,0.0,False
2008-06-05,1.2969774684525563,0.0,0.9537003055806631,0.34327716287189325,0.0,0.0,False
2008-06-06,1.26745528547081,0.0,0.9241534665812519,0.34330181888955813,0.0,0.0,False
2008-06-09,1.2661481484587707,0.0,0.9228218080113699,0.3433263404474007,0.0,0.0,False
2008-06-10,1.2617011525769384,0.0,0.9183496076161245,0.34335154496081394,0.0,0.0,False
2008-06-11,1.2439040786624151,0.0,0.9005256923304348,0.3433783863319804,0.0,0.0,False
2008-06-12,1.246120182100761,0.0,0.9027158379982989,0.3434043441024621,0.0,0.0,False
2008-06-13,1.2608961057856387,0.0,0.9174651887273284,0.3434309170583103,0.0,0.0,False
2008-06-16,1.265270045309724,0.0,0.9218128258049094,0.3434572195048146,0.0,0.0,False
2008-06-17,1.2606079627836562,0.0,0.9171243025238618,0.34348366025979443,0.0,0.0,False
2008-06-18,1.2512570015946944,0.0,0.907746694090037,0.3435103075046575,0.0,0.0,False
2008-06-19,1.2589459877318614,0.0,0.9154100532678202,0.34353593446404124,0.0,0.0,False
2008-06-20,1.2391829102137843,0.0,0.895621619525814,0.3435612906879705,0.0,0.0,False
2008-06-23,1.235270991384395,0.0,0.8916851606048823,0.34358583077951244,0.0,0.0,False
2008-06-24,1.2321400923981665,0.0,0.888529038055355,0.3436110543428114,0.0,0.0,False
2008-06-25,1.241477141017288,0.0,0.8978416112051195,0.3436355298121685,0.0,0.0,False
2008-06-26,1.211189157714105,0.0,0.8675296279603018,0.3436595297538031,0.0,0.0,False
2008-06-27,1.2088441120905817,0.0,0.8651616717021771,0.34368244038840473,0.0,0.0,False
2008-06-30,1.2058442783191534,0.0,0.862139607677725,0.3437046706414283,0.0,0.0,False
2008-07-01,1.2133224371837936,0.0,0.8695945119202148,0.34372792526357887,0.0,0.0,False
2008-07-02,1.1954560311588631,0.0,0.8517032129000462,0.3437528182588168,0.0,0.0,False
2008-07-03,1.1951572600845397,0.0,0.851380024463359,0.34377723562118073,0.0,0.0,False
2008-07-07,1.193409623644783,0.0,0.849607696088015,0.34380192755676814,0.0,0.0,False
2008-07-08,1.2111007871183221,0.0,0.8672746433546803,0.3438261437636418,0.0,0.0,False
2008-07-09,1.1912676993482414,0.0,0.8474167236957233,0.34385097565251815,0.0,0.0,False
2008-07-10,1.1980417872501445,0.0,0.8541663872629714,0.343875399987173,0.0,0.0,False
2008-07-11,1.1862964350870095,0.0,0.8423987923656961,0.3438976427213134,0.0,0.0,False
2008-07-14,1.17938939293966,0.0,0.8354703248486198,0.34391906809104,0.0,0.0,False
2008-07-15,1.1736142705845114,0.0,0.8296757546896765,0.3439385158948349,0.0,0.0,False
2008-07-16,1.1941308610121217,0.0,0.8501735786308044,0.34395728238131723,0.0,0.0,False
2008-07-17,1.2012143072285442,0.0,0.8572386668093444,0.34397564041919987,0.0,0.0,False
2008-07-18,1.1940426753635074,0.0,0.8500480616849718,0.3439946136785357,0.0,0.0,False
2008-07-21,1.1961093634078281,0.0,0.8520953659064091,0.34401399750141903,0.0,0.0,False
2008-07-22,1.2009615738852069,0.0,0.8569287375220851,0.3440328363631219,0.0,0.0,False
2008-07-23,1.2089461858543913,0.0,0.8648928713462478,0.34405331450814347,0.0,0.0,False
2008-07-24,1.193511050306734,0.0,0.8494366420542989,0.3440744082524351,0.0,0.0,False
2008-07-25,1.1989439483338054,0.0,0.8548475575495366,0.34409639078426885,0.0,0.0,False
2008-07-28,1.1846737623502799,0.0,0.8405542952596572,0.3441194670906226,0.0,0.0,False
2008-07-29,1.20237490481282,0.0,0.8582327012579285,0.3441422035548916,0.0,0.0,False
2008-07-30,1.2122204461291983,0.0,0.8680552997614526,0.34416514636774564,0.0,0.0,False
2008-07-31,1.2054551014142914,0.0,0.8612671472775113,0.34418795413677994,0.0,0.0,False
2008-08-01,1.1977084862999723,0.0,0.8534982009210602,0.34421028537891213,0.0,0.0,False
2008-08-04,1.1894938972231992,0.0,0.8452613474489091,0.34423254977429013,0.0,0.0,False
2008-08-05,1.215180076849511,0.0,0.8709248514394615,0.34425522541004944,0.0,0.0,False
2008-08-06,1.2237737719968385,0.0,0.8794951864102578,0.34427858558658053,0.0,0.0,False
2008-08-07,1.213852210993945,0.0,0.8695517664492236,0.3443004445447213,0.0,0.0,False
2008-08-08,1.2318193409537879,0.0,0.8874966261819648,0.3443227147718231,0.0,0.0,False
2008-08-11,1.2404709142690957,0.0,0.8961254496041392,0.34434546466495647,0.0,0.0,False
2008-08-12,1.2363020050387112,0.0,0.8919323542044735,0.3443696508342378,0.0,0.0,False
2008-08-13,1.2327049776056214,0.0,0.8883103873019711,0.3443945903036502,0.0,0.0,False
2008-08-14,1.2412018905177447,0.0,0.8967824956029393,0.3444193949148053,0.0,0.0,False
2008-08-15,1.2425713170015293,0.0,0.8981269106776972,0.3444444063238321,0.0,0.0,False
2008-08-18,1.231233426217094,0.0,0.8867644167220334,0.34446900949506065,0.0,0.0,False
2008-08-19,1.2209268396440205,0.0,0.876434045383888,0.34449279426013235,0.0,0.0,False
2008-08-20,1.2237325837765187,0.0,0.8792156613506347,0.34451692242588394,0.0,0.0,False
2008-08-21,1.2224595214392744,0.0,0.8779197679322132,0.3445397535070612,0.0,0.0,False
2008-08-22,1.2346436650363648,0.0,0.8900808738521232,0.34456279118424155,0.0,0.0,False
2008-08-25,1.2162674156440967,0.0,0.8716818587045305,0.3445855569395661,0.0,0.0,False
2008-08-26,1.2169968266403801,0.0,0.8723887759216634,0.34460805071871664,0.0,0.0,False
2008-08-27,1.2240842223108919,0.0,0.8794532660973927,0.34463095621349926,0.0,0.0,False
2008-08-28,1.2330153041876004,0.0,0.8883619196104796,0.3446533845771207,0.0,0.0,False
2008-08-29,1.2189277016714744,0.0,0.8742510666669642,0.3446766350045102,0.0,0.0,False
2008-09-02,1.2108331200738918,0.0,0.8661333698498229,0.3446997502240689,0.0,0.0,False
2008-09-03,1.2063949883207243,0.0,0.8616726684704787,0.34472231985024554,0.0,0.0,False
2008-09-04,1.1795059468367257,0.0,0.834760850690869,0.3447450961458567,0.0,0.0,False
2008-09-05,1.1788335745420362,0.0,0.8340659058009248,0.3447676687411115,0.0,0.0,False
2008-09-08,1.1867020692591654,0.0,0.8419119632572681,0.3447901060018973,0.0,0.0,False
2008-09-09,1.1652982722483394,0.0,0.8204853170614332,0.34481295518690624,0.0,0.0,False
2008-09-10,1.1703678054302493,0.0,0.8255324100353443,0.34483539539490515,0.0,0.0,False
2008-09-11,1.1840773320177378,0.0,0.8392197686330635,0.3448575633846744,0.0,0.0,False
2008-09-12,1.184402086281556,0.0,0.8395229008744631,0.34487918540709295,0.0,0.0,False
2008-09-15,1.15139964232048,0.0,0.8065004758172025,0.34489916650327745,0.0,0.0,False
2008-09-16,1.1613221384481431,0.0,0.8164118859001954,0.34491025254794766,0.0,0.0,False
2008-09-17,1.1218042103314885,0.0,0.7768821870366311,0.3449220232948574,0.0,0.0,False
2008-09-18,1.1464679654408714,0.0,0.8015456683983825,0.34492229704248883,0.0,0.0,False
2008-09-19,1.1754866508076764,0.0,0.8305633956476917,0.3449232551599847,0.0,0.0,False
2008-09-22,1.1465435024947532,0.0,0.8016076548982405,0.34493584759651263,0.0,0.0,False
2008-09-23,1.1343968797204822,0.0,0.7894490551848169,0.34494782453566525,0.0,0.0,False
2008-09-24,1.138397714596015,0.0,0.7934389393355981,0.34495877526041685,0.0,0.0,False
2008-09-25,1.150920814181449,0.0,0.8059560158313381,0.34496479835011096,0.0,0.0,False
2008-09-26,1.1470522635114584,0.0,0.8020777459153383,0.34497451759611997,0.0,0.0,False
2008-09-29,1.0838120293337516,0.0,0.7388261494819235,0.3449858798518282,0.0,0.0,False
2008-09-30,1.109754952665825,0.0,0.7647629123520197,0.34499204031380526,0.0,0.0,False
2008-10-01,1.1059688281829645,0.0,0.7609644667251887,0.3450043614577758,0.0,0.0,False
2008-10-02,1.0748835370690206,0.0,0.7298682230916702,0.34501531397735036,0.0,0.0,False
2008-10-03,1.0643046783697059,0.0,0.7192812866532207,0.3450233917164852,0.0,0.0,False
2008-10-06,1.0328720611017523,0.0,0.6878422344251998,0.3450298266765525,0.0,0.0,False
2008-10-07,0.9956713908882352,0.0,0.6506359506312183,0.34503544025701693,0.0,0.0,False
2008-10-08,0.9848960468850412,0.0,0.6398498584998634,0.3450461883851777,0.0,0.0,False
2008-10-09,0.9539681853889501,0.0,0.608913233926168,0.3450549514627821,0.0,0.0,False
2008-10-10,0.9446595754769046,0.0,0.5995966822734047,0.3450628932034999,0.0,0.0,False
2008-10-13,1.0246622064141513,0.0,0.679596437686631,0.34506576872752015,0.0,0.0,False
2008-10-14,1.0049336459484546,0.0,0.6598650016729515,0.3450686442755031,0.0,0.0,False
2008-10-15,0.9429080565547512,0.0,0.5978361943772165,0.34507186217753477,0.0,0.0,False
2008-10-16,0.971578875250996,0.0,0.6265042744078475,0.3450746008431484,0.0,0.0,False
2008-10-17,0.9701026452298827,0.0,0.6250220877418061,0.3450805574880766,0.0,0.0,False
2008-10-20,0.9975963654181008,0.0,0.6525051268655414,0.3450912385525594,0.0,0.0,False
2008-10-21,0.9709675403319842,0.0,0.6258623338009827,0.3451052065310015,0.0,0.0,False
2008-10-22,0.9452938011403473,0.0,0.6001735989660512,0.3451202021742962,0.0,0.0,False
2008-10-23,0.9476076088936007,0.0,0.602473574520856,0.34513403437274476,0.0,0.0,False
2008-10-24,0.9226607538038101,0.0,0.5775142562572426,0.3451464975465674,0.0,0.0,False
2008-10-27,0.904396966779554,0.0,0.5592392382756247,0.3451577285039293,0.0,0.0,False
2008-10-28,0.9679776992471232,0.0,0.6228099721261943,0.34516772712092897,0.0,0.0,False
2008-10-29,0.9649476828050955,0.0,0.619769682835145,0.34517799996995047,0.0,0.0,False
2008-10-30,0.9860114310081414,0.0,0.6408256919283035,0.3451857390798378,0.0,0.0,False
2008-10-31,0.9882677591579463,0.0,0.6430768833855627,0.34519087577238367,0.0,0.0,False
2008-11-03,0.9885192093557894,0.0,0.6433223749313508,0.3451968344244386,0.0,0.0,False
2008-11-04,1.0085704609581967,0.0,0.6633678732533641,0.3452025877048327,0.0,0.0,False
2008-11-05,0.977340255322168,0.0,0.6321312978076322,0.34520895751453573,0.0,0.0,False
2008-11-06,0.9457032138657355,0.0,0.6004890508193661,0.3452141630463694,0.0,0.0,False
2008-11-07,0.9618105581410978,0.0,0.6165920799177229,0.34521847822337487,0.0,0.0,False
2008-11-10,0.9536229628695366,0.0,0.6084005118939473,0.34522245097558935,0.0,0.0,False
2008-11-11,0.9376096976883661,0.0,0.5923845068520139,0.34522519083635217,0.0,0.0,False
2008-11-12,0.9109013580117742,0.0,0.5656734957901147,0.3452278622216595,0.0,0.0,False
2008-11-13,0.9457756161597567,0.0,0.6005458360055211,0.34522978015423555,0.0,0.0,False
2008-11-14,0.916202551242379,0.0,0.5709701681652305,0.3452323830771485,0.0,0.0,False
2008-11-17,0.9064051155187374,0.0,0.5611709514809479,0.3452341640377895,0.0,0.0,False
2008-11-18,0.9113949900371878,0.0,0.566159593020192,0.3452353970169958,0.0,0.0,False
2008-11-19,0.8784736220610001,0.0,0.5332367180641049,0.3452369039968952,0.0,0.0,False
2008-11-20,0.8457786579944049,0.0,0.5005408635055281,0.3452377944888768,0.0,0.0,False
2008-11-21,0.8701474916298567,0.0,0.524909628641419,0.3452378629884377,0.0,0.0,False
2008-11-24,0.9043740019358967,0.0,0.55913600194831,0.34523799998758664,0.0,0.0,False
2008-11-25,0.9051612132450126,0.0,0.5599230762582228,0.3452381369867899,0.0,0.0,False
2008-11-26,0.9277077282620231,0.0,0.5824682212826057,0.3452395069794174,0.0,0.0,False
2008-11-28,0.9290921556842555,0.0,0.5838522377054343,0.3452399179788213,0.0,0.0,False
2008-12-01,0.8812795461197068,0.0,0.5360393541409567,0.3452401919787501,0.0,0.0,False
2008-12-02,0.90055147476481,0.0,0.5553111457859868,0.34524032897882323,0.0,0.0,False
2008-12-03,0.9151092753943786,0.0,0.5698682614148923,0.3452410139794862,0.0,0.0,False
2008-12-04,0.9004538097068677,0.0,0.5552125902267825,0.3452412194800852,0.0,0.0,False
2008-12-05,0.920292900139982,0.0,0.5750516121596563,0.34524128798032566,0.0,0.0,False
2008-12-08,0.9416579423378754,0.0,0.5964165173570417,0.34524142498083366,0.0,0.0,False
2008-12-09,0.9360485807553943,0.0,0.5908070872742794,0.3452414934811149,0.0,0.0,False
2008-12-10,0.9370776347779466,0.0,0.5918360042962422,0.3452416304817044,0.0,0.0,False
2008-12-11,0.9218387912796997,0.0,0.5765970922976732,0.34524169898202645,0.0,0.0,False
2008-12-12,0.9311285176166466,0.0,0.5858866816339491,0.34524183598269753,0.0,0.0,False
2008-12-15,0.9219143056108869,0.0,0.5766723326274639,0.345241972983423,0.0,0.0,False
2008-12-16,0.949328362058232,0.0,0.604086320574419,0.345242041483813,0.0,0.0,False
2008-12-17,0.9427460963365015,0.0,0.5975037123506581,0.3452423839858434,0.0,0.0,False
2008-12-18,0.9319196624286799,0.0,0.5866772099423649,0.3452424524863149,0.0,0.0,False
2008-12-19,0.9330647106008045,0.0,0.5878221896140046,0.34524252098680003,0.0,0.0,False
2008-12-22,0.9229007609234825,0.0,0.5776581714361838,0.34524258948729875,0.0,0.0,False
2008-12-23,0.9184318061804959,0.0,0.5731891481926848,0.345242657987811,0.0,0.0,False
2008-12-24,0.9208841803198222,0.0,0.5756414538314854,0.34524272648833687,0.0,0.0,False
2008-12-26,0.9224459977798576,0.0,0.5772032027909813,0.34524279498887633,0.0,0.0,False
2008-12-29,0.919240726758044,0.0,0.5739978632686146,0.3452428634894294,0.0,0.0,False
2008-12-30,0.9320038602910876,0.0,0.586760859800525,0.3452430004905626,0.0,0.0,False
2008-12-31,0.938679911124241,0.0,0.5934356776229134,0.34524423350132766,0.0,0.0,False
2009-01-02,0.9604957327576955,0.0,0.6152499237370198,0.34524580902067575,0.0,0.0,False
2009-01-05,0.9600337031161708,0.0,0.6147867295758888,0.34524697354028194,0.0,0.0,False
2009-01-06,0.9651594997132014,0.0,0.6199113616493852,0.3452481380638161,0.0,0.0,False
2009-01-07,0.9470710632434407,0.0,0.6018211441377079,0.3452499191057328,0.0,0.0,False
2009-01-08,0.9514637288907262,0.0,0.6062124397456115,0.34525128914511477,0.0,0.0,False
2009-01-09,0.9381734149480121,0.0,0.5929210297670833,0.3452523851809289,0.0,0.0,False
2009-01-12,0.9256304324440614,0.0,0.5803771567312194,0.3452532757128421,0.0,0.0,False
2009-01-13,0.926263791759366,0.0,0.5810096255123137,0.3452541662470523,0.0,0.0,False
2009-01-14,0.9082737825731082,0.0,0.5630181777670747,0.34525560480603346,0.0,0.0,False
2009-01-15,0.9129965698399274,0.0,0.567739457965786,0.3452571118741415,0.0,0.0,False
2009-01-16,0.9183394612177422,0.0,0.5730809792756761,0.34525848194206615,0.0,0.0,False
2009-01-20,0.8889958193458465,0.0,0.5437357618194096,0.3452600575264369,0.0,0.0,False
2009-01-21,0.9123104902212289,0.0,0.5670490626151782,0.34526142760605066,0.0,0.0,False
2009-01-22,0.9041335563820705,0.0,0.5588706216824948,0.34526293469957564,0.0,0.0,False
2009-01-23,0.9067108661699862,0.0,0.5614465613793794,0.34526430479060677,0.0,0.0,False
2009-01-26,0.9106772430875008,0.0,0.5654117052100421,0.3452655378774586,0.0,0.0,False
2009-01-27,0.9155898291542122,0.0,0.5703229211753923,0.3452669079788198,0.0,0.0,False
2009-01-28,0.9352571305689336,0.0,0.5899884414513681,0.3452686891175655,0.0,0.0,False
2009-01-29,0.918188878649379,0.0,0.5729177233267932,0.34527115532258573,0.0,0.0,False
2009-01-30,0.9073286346499689,0.0,0.5620544650554086,0.3452741695945603,0.0,0.0,False
2009-02-02,0.9098681388461831,0.0,0.5645909549533332,0.34527718389284995,0.0,0.0,False
2009-02-03,0.9182522364436805,0.0,0.5729716956892552,0.3452805407544253,0.0,0.0,False
2009-02-04,0.917237597772778,0.0,0.5719528095196044,0.34528478825317366,0.0,0.0,False
2009-02-05,0.9278074163061865,0.0,0.5825186545377067,0.3452887617684797,0.0,0.0,False
2009-02-06,0.9437330885132628,0.0,0.5984406272221885,0.34529246129107427,0.0,0.0,False
2009-02-09,0.9453897362831845,0.0,0.600093575429878,0.34529616085330656,0.0,0.0,False
2009-02-10,0.9205993368203234,0.0,0.5752994078540686,0.34529992896625467,0.0,0.0,False
2009-02-11,0.9209719313731686,0.0,0.5756678231814852,0.3453041081916834,0.0,0.0,False
2009-02-12,0.9247091038175987,0.0,0.5794008848625593,0.34530821895503955,0.0,0.0,False
2009-02-13,0.9202697954673738,0.0,0.5749576712408593,0.3453121242265144,0.0,0.0,False
2009-02-17,0.8965457680015243,0.0,0.5512296699451231,0.3453160980564011,0.0,0.0,False
2009-02-18,0.8960774933134243,0.0,0.5507574898964395,0.3453200034169849,0.0,0.0,False
2009-02-19,0.888881708850936,0.0,0.5435575944813661,0.3453241143695699,0.0,0.0,False
2009-02-20,0.8869989640886164,0.0,0.5416707387175217,0.3453282253710948,0.0,0.0,False
2009-02-23,0.8678372779746033,0.0,0.5225054211759378,0.34533185679866557,0.0,0.0,False
2009-02-24,0.8863723962050134,0.0,0.5410368394220207,0.3453355567829926,0.0,0.0,False
2009-02-25,0.8824606893014981,0.0,0.5371210899000641,0.345339599401434,0.0,0.0,False
2009-02-26,0.8705828455112774,0.0,0.5252392034440778,0.34534364206719964,0.0,0.0,False
2009-02-27,0.8622601841923474,0.0,0.5169129105354571,0.3453472736568904,0.0,0.0,False
2009-03-02,0.8422665599862571,0.0,0.49691586026514395,0.3453506997211132,0.0,0.0,False
2009-03-03,0.8402179632382029,0.0,0.49486411150667786,0.345353851731525,0.0,0.0,False
2009-03-04,0.8526829094378985,0.0,0.5073254260093192,0.3453574834285793,0.0,0.0,False
2009-03-05,0.8347141098025478,0.0,0.4893532002084583,0.3453609095940895,0.0,0.0,False
2009-03-06,0.8332052805883732,0.0,0.4878416300346429,0.3453636505537303,0.0,0.0,False
2009-03-09,0.8251473764797419,0.0,0.4797811905182268,0.3453661859615151,0.0,0.0,False
2009-03-10,0.8542683065953405,0.0,0.5088993796323087,0.3453689269630318,0.0,0.0,False
2009-03-11,0.859838842745835,0.0,0.5144666950805163,0.34537214766531865,0.0,0.0,False
2009-03-12,0.8784978158342468,0.0,0.5331226530152744,0.3453751628189724,0.0,0.0,False
2009-03-13,0.8812344922661448,0.0,0.5358565883744109,0.345377903891734,0.0,0.0,False
2009-03-16,0.8759523279352246,0.0,0.5305718200037717,0.34538050793145286,0.0,0.0,False
2009-03-17,0.8941130999422279,0.0,0.5487295767841348,0.34538352315809306,0.0,0.0,False
2009-03-18,0.9037187217581333,0.0,0.5583321148186652,0.3453866069394681,0.0,0.0,False
2009-03-19,0.9000756638970329,0.0,0.5546862472649534,0.34538941663207945,0.0,0.0,False
2009-03-20,0.8899513922779445,0.0,0.5445593715193437,0.34539202075860076,0.0,0.0,False
2009-03-23,0.9255610375469681,0.0,0.5801662755818126,0.34539476196515556,0.0,0.0,False
2009-03-24,0.9144969374452536,0.0,0.5690995713132747,0.34539736613197897,0.0,0.0,False
2009-03-25,0.9188141748119505,0.0,0.573413998899835,0.34540017591211547,0.0,0.0,False
2009-03-26,0.9335049795663877,0.0,0.5881022679783449,0.34540271158804275,0.0,0.0,False
2009-03-27,0.9226760650661745,0.0,0.5772714345741704,0.34540463049200415,0.0,0.0,False
2009-03-30,0.9055865946866872,0.0,0.5601802508780636,0.3454063438086237,0.0,0.0,False
2009-03-31,0.9106058729694186,0.0,0.5651978843687183,0.34540798860070027,0.0,0.0,False
2009-04-01,0.9202516956076646,0.052501378161176726,0.5748651229148178,0.2073693520066637,0.0897027384116209,0.048314482274562094,True
2009-04-02,0.9425655702975599,0.056202036974461855,0.5925168992458809,0.20737108008454314,0.08970348593441765,0.05297410503271819,True
2009-04-03,0.9539660746400438,0.058619998008753574,0.6009677793773749,0.20737264359663526,0.08970416227021581,0.05592148939581783,True
2009-04-06,0.9504523585514185,0.058395513388660704,0.5978710415030314,0.2073742894112915,0.08970487420802221,0.055502153429073504,True
2009-04-07,0.9312168736246351,0.054886740819139454,0.5830240698779442,0.20737581180192782,0.08970553275571835,0.05111145918904469,True
2009-04-08,0.9418606674914715,0.057008065120617575,0.5910834287679249,0.20737737534969558,0.08970620910694889,0.05369365426690214,True
2009-04-09,0.9677531236059246,0.060635881405993824,0.6119868534903437,0.2073788566167212,0.08970684986561082,0.058680563633248924,True
2009-04-13,0.9670897818779809,0.060396281773059626,0.6115933853343507,0.2073802967476454,0.0897074728298354,0.058408626966149305,True
2009-04-14,0.9559641606864515,0.058865011378019944,0.6026015457496374,0.20738169574172546,0.08970807799930133,0.05627284119578725,True
2009-04-15,0.9578740554302582,0.05825459149957371,0.604981774651363,0.2073830535981206,0.08970866537364491,0.055800561807129716,True
2009-04-16,0.974488896693572,0.061710201429803664,0.6172596211061823,0.20738420572620103,0.08970916375512132,0.06013590610606746,True
2009-04-17,0.9775849064299412,0.06189879027367345,0.6199787401733754,0.20738523441769768,0.08970960874105265,0.060511323097815616,True
2009-04-20,0.9487991244578757,0.057625382499082584,0.5970278362053745,0.20738630426212168,0.08971007152869981,0.05467491246167975,True
2009-04-21,0.9610842778684299,0.05926629301168069,0.6070265849119235,0.20738729181592944,0.08971049871950706,0.05695990242106991,True
2009-04-22,0.9606326655861067,0.15317475306055608,0.6060995502854956,0.2073884439675555,-1.3877787807814457e-17,0.14714467133305564,True
2009-04-23,0.970863737830289,0.15598660975794684,0.6120324398520931,0.20738955497712092,-1.387786215310924e-17,0.1514417430010749,True
2009-04-24,0.9887950250626105,0.16119364592694682,0.6220172130955272,0.20739033680281438,-1.3877914470446065e-17,0.15938747516426896,True
2009-04-27,0.9867779593201215,0.16208659170287343,0.6194433644949511,0.2073911186314552,-1.3877966787980118e-17,0.15994347619371518,True
2009-04-28,0.9799403323239926,0.15957594491353594,0.6161735685204559,0.20739185931405119,-1.387801635214919e-17,0.15637490448948554,True
2009-04-29,0.9971602889303214,0.16327183547763394,0.6269592513969484,0.20739284689431156,-1.3878082437939866e-17,0.16280819063906135,True
2009-04-30,1.0052884405873916,0.166805306258679,0.6302073656444869,0.20739362873241504,-1.387813475610713e-17,0.1676874462104897,True
2009-05-01,1.0091185100482996,0.1674679911792387,0.6327288028380715,0.2073946574706528,-1.387820359606128e-17,0.16899504973957513,True
2009-05-04,1.036157118730581,0.17276411644423229,0.649750498802797,0.2073958508128936,-1.3878283450801897e-17,0.1790107691148903,True
2009-05-05,1.0342978677352617,0.17261603510444823,0.6483641796279827,0.20739729106183308,-1.3878379827768666e-17,0.17853639704544588,True
2009-05-06,1.040150274284593,0.17177807541649165,0.6540765307032754,0.20739873132077427,-1.387847620540472e-17,0.17867501226054328,True
2009-05-07,1.0153897556896754,0.1635941788212374,0.6418776896837834,0.20740021274034257,-1.3878575337381555e-17,0.1661118532655493,True
2009-05-08,1.0233461462531381,0.1625946650349156,0.649553828217845,0.20740169417049242,-1.3878674470066474e-17,0.16639062386480075,True
2009-05-11,1.020143922507156,0.16480654413784648,0.6446144759576948,0.20740305215782964,-1.38787653423434e-17,0.16812639439163146,True
2009-05-12,1.0090700113816127,0.16049004939271674,0.6397199875630527,0.20740432785121582,-1.3878850707765808e-17,0.16194569596734426,True
2009-05-13,0.9793972595589568,0.15203432802510902,0.6230894460215182,0.20740580931075933,-1.3878949842417658e-17,0.1489020042266793,True
2009-05-14,0.9905527953601719,0.1553629781563954,0.6292503545749252,0.20740720847694796,-1.3879043470254882e-17,0.1538952323082988,True
2009-05-15,0.9875081557791205,0.155548771548585,0.6264939910575708,0.2074084841958988,-1.3879128837387996e-17,0.15360568052565093,True
2009-05-18,1.0165756731551634,0.162906394662166,0.6435592354174949,0.20740975992269634,-1.3879214205046186e-17,0.16560667781497213,True
2009-05-19,1.0200013783402433,0.16462271012231938,0.6446749102993398,0.20741107681003149,-1.3879302327039167e-17,0.1679153912308721,True
2009-05-20,1.0149491486324016,0.16369706505947665,0.641392434651956,0.20741251716470704,-1.3879398711081465e-17,0.1661441968157387,True
2009-05-21,0.9952760511931866,0.15771444470824447,0.6308927250716918,0.20741391637614706,-1.387949234194677e-17,0.15696940974534773,True
2009-05-22,0.9920216636889297,0.1566668602360193,0.6291893876021311,0.20741535675054182,-1.3879588727308617e-17,0.1554169193362569,True
2009-05-26,1.0291692053627814,0.1678837497084705,0.6489716229470515,0.20741679713493918,-1.3879685113339805e-17,0.1727807852807907,True
2009-05-27,1.0175486399065068,0.1662727898936738,0.6409398334755738,0.20741815522116488,-1.387977599223404e-17,0.16919065120976814,True
2009-05-28,1.0315910642884796,0.1696932833836906,0.649117517318288,0.2074194721618035,-1.3879864117793923e-17,0.17505407480838797,True
2009-05-29,1.0477797922110355,0.17322458767454163,0.6588579863939705,0.2074205833375914,-1.3879938474211795e-17,0.18150122247947353,True
2009-06-01,1.0806911495725335,0.1823206263182079,0.6762372089615541,0.20742165336437093,-1.3880010077066375e-17,0.1970322872466084,True
2009-06-02,1.0822381040862834,0.1827957765504049,0.6769871964364857,0.20742235300090753,-1.3880056894561177e-17,0.19782855464889013,True
2009-06-03,1.075126766609424,0.18232305460553047,0.6716829473962103,0.2074234230368163,-1.3880128498026655e-17,0.1960203961763974,True
2009-06-04,1.0886948291261422,0.1861325851189506,0.6786287530970142,0.20742449307824506,-1.3880200101861518e-17,0.20264158295088303,True
2009-06-05,1.0897824642313405,0.18653898411643025,0.6790699461647955,0.2074256042809307,-1.3880274460079305e-17,0.20328691378561423,True
2009-06-08,1.0855276548707595,0.18557464736991514,0.6766541572153787,0.20742708589244874,-1.3880373604900815e-17,0.20144641176293215,True
2009-06-09,1.0944345126253294,0.18826509400067976,0.6809622110261638,0.20742848520216986,-1.3880467242342783e-17,0.2060438163969958,True
2009-06-10,1.0901829278116373,0.18698894527600055,0.6789008463045001,0.20742992567773702,-1.388056363447477e-17,0.2038521558294003,True
2009-06-11,1.0916776567957056,0.18671740023339378,0.6804110766626208,0.20743136616330748,-1.3880660027276146e-17,0.20383521396977727,True
2009-06-12,1.0882009871900964,0.18470406165347997,0.6797730794588556,0.20743276550190345,-1.388075366665033e-17,0.20099514222933731,True
2009-06-15,1.061097360225366,0.17777668002855834,0.6650248706447492,0.20743412369268394,-1.3880844552541047e-17,0.18863836588793279,True
2009-06-16,1.0478147222104173,0.174750435124846,0.6572732439967425,0.20743539957718474,-1.3880929930752245e-17,0.18310607863649006,True
2009-06-17,1.0558744492536134,0.17837745172378544,0.6600934978702863,0.20743675778521214,-1.388102081779707e-17,0.18834419359811497,True
2009-06-18,1.0565309634944269,0.17720973402691972,0.6618652764602416,0.20743811600213258,-1.388111170543699e-17,0.18722757103205262,True
2009-06-19,1.06731685723029,0.1810525053737362,0.6666369508148606,0.20743951538626318,-1.3881205347858208e-17,0.19324039102916632,True
2009-06-22,1.030036448779767,0.17077926596016324,0.646686665365111,0.20744091477983406,-1.388129899091114e-17,0.1759088686348219,True
2009-06-23,1.0283356536142885,0.16987701855618534,0.6462026210436818,0.20744243765958523,-1.3881400897274094e-17,0.17469059491102146,True
2009-06-24,1.0453873186162927,0.17554221259564173,0.6544336728180983,0.2074440428688654,-1.3881508312872337e-17,0.18350960292932914,True
2009-06-25,1.0697548079251677,0.1816520275827319,0.6679861534370974,0.20744552461208762,-1.3881607466507083e-17,0.19432312987598266,True
2009-06-26,1.070891301389743,0.18264433460690496,0.667852189324681,0.2074468828864099,-1.3881698357988154e-17,0.19559222917865213,True
2009-06-29,1.0760289133385854,0.18295743424470734,0.6717131006912985,0.20744832348973874,-1.3881794758669555e-17,0.19686748915754815,True
2009-06-30,1.0715161512373332,0.18265281627083338,0.6683510679122281,0.20744964062192192,-1.3881882897047006e-17,0.19571544270318314,True
2009-07-01,1.0733886218756523,0.18261972630464718,0.6699155631250702,0.20745112240512809,-1.3881982053357353e-17,0.19602193634545406,True
2009-07-02,1.0439457642931156,0.17537447077583895,0.6534118476454293,0.2074524807161026,-1.3882072947291076e-17,0.18308143593158385,True
2009-07-06,1.0392206540568685,0.1733367132601066,0.6516318048171189,0.20745375671351365,-1.3882158333057876e-17,0.18013509252623586,True
2009-07-07,1.0113675457119395,0.1648173876426943,0.6372215561623215,0.2074550327187731,-1.3882243719349866e-17,0.1666909568308451,True
2009-07-08,1.015405063550592,0.1667148091237896,0.6386654876569313,0.20745651454049427,-1.3882342878237515e-17,0.1692830613531664,True
2009-07-09,1.0174393807218627,0.16723069641084914,0.6398343293172128,0.20745795521070962,-1.388243928339475e-17,0.17014709619394017,True
2009-07-10,1.0202477762530613,0.16891551291230297,0.6404527039387093,0.20745939589092963,-1.3882535689221465e-17,0.17233567642342237,True
2009-07-13,1.0440886377387004,0.17454505014187138,0.6543873798559651,0.20746075425607577,-1.3882626586780185e-17,0.18224050362665964,True
2009-07-14,1.0491196426608393,0.17559741874178988,0.6574347876653622,0.20746215379292474,-1.388272023942084e-17,0.18422270120255238,True
2009-07-15,1.0883292327962746,0.18631681606930733,0.6780916008042193,0.20746359450230156,-1.388281664719864e-17,0.20277403748975387,True
2009-07-16,1.099058571378479,0.1910786893880703,0.6815868647770712,0.2074650352216833,-1.388291305564594e-17,0.21000667137972467,True
2009-07-17,1.107973712949001,0.1925701821808106,0.6871446195711092,0.20746639362375363,-1.3883003955675512e-17,0.21336269975413827,True
2009-07-20,1.1210354264673934,0.1957835105521415,0.6940874231855719,0.20746775203471826,-1.3883094856300263e-17,0.21948025124710335,True
2009-07-21,1.1295172836726983,0.19829356129474748,0.6980722096590122,0.20746906929025727,-1.3883183002932302e-17,0.22397600472342888,True
2009-07-22,1.1379835013935733,0.20175018397425196,0.7009245694155167,0.20747055121223965,-1.388328216852912e-17,0.2295883807658168,True
2009-07-23,1.168649215908149,0.20945206183457524,0.7164011949300202,0.2074720331448072,-1.3883381334834263e-17,0.2447759878333215,True
2009-07-24,1.161768373381977,0.2058563966744123,0.7151374071793101,0.20747351508795997,-1.3883480501847737e-17,0.23915745111470701,True
2009-07-27,1.17106654485135,0.20891186333201237,0.7189418538389748,0.20747499704169806,-1.3883579669569546e-17,0.24464969397067715,True
2009-07-28,1.1618638888012636,0.20621461882676506,0.7147940908375067,0.2074764790060215,-1.3883678837999696e-17,0.2395933189577355,True
2009-07-29,1.168127595395565,0.2091843241054987,0.7162956117369029,0.20747800214685924,-1.388378076183375e-17,0.2443539815118027,True
2009-07-30,1.178230137352165,0.21101161981598365,0.7221304445871817,0.20747944296629406,-1.3883877176976286e-17,0.24862024979868927,True
2009-07-31,1.1753665448620716,0.2095837424789555,0.7215479418095848,0.20748088379573457,-1.3883973592788375e-17,0.24633771925675213,True
2009-08-03,1.19774732946669,0.21487833358313138,0.732895054622061,0.20748232463518085,-1.3884070009270016e-17,0.2573699502094482,True
2009-08-04,1.1986756872078232,0.2146939247947196,0.7338435338805351,0.20748376548463296,-1.3884166426421218e-17,0.25734838784265524,True
2009-08-05,1.1887806068090065,0.21143466500663896,0.7299459710978643,0.20748520634409096,-1.3884262844241982e-17,0.2513494293670513,True
2009-08-06,1.1770124199199823,0.20788660656241373,0.7248406548474475,0.20748664721355492,-1.3884359262732315e-17,0.24468511785897987,True
2009-08-07,1.195669523154366,0.21242173851011878,0.7341952774372722,0.2074880469250786,-1.388445292706166e-17,0.2539861987920151,True
2009-08-10,1.1869609908593755,0.2094556023374604,0.7308559149218112,0.2074894466460448,-1.3884546592022865e-17,0.24861562929151934,True
2009-08-11,1.172840081932422,0.2064987782376809,0.7231592739058681,0.20749076403932737,-1.3884634747872272e-17,0.2421900439872267,True
2009-08-12,1.1936082881006613,0.212347269620559,0.732656581009744,0.20749224611627226,-1.3884733923838697e-17,0.253459460974645,True
2009-08-13,1.2026048972938828,0.21423067531732426,0.7374763921411267,0.20749364586556632,-1.3884827590695517e-17,0.2576348592871899,True
2009-08-14,1.1866537897647742,0.20961885061824534,0.7304137818175289,0.20749500445496824,-1.3884918503260735e-17,0.2487450034922769,True
2009-08-17,1.1453965487676596,0.1982459302872185,0.7108299401865754,0.20749640422287016,-1.3885012171362735e-17,0.22707020435821412,True
2009-08-18,1.1630146021056813,0.2035977282725682,0.718729667168925,0.20749780400021495,-1.3885105840096622e-17,0.23678713093654152,True
2009-08-19,1.1735517567861453,0.20594045963545654,0.7243707236304464,0.20749924495716265,-1.3885202264441093e-17,0.24168178819853628,True
2009-08-20,1.1899906925262311,0.21021012943541137,0.7323419914401319,0.2075006035832253,-1.3885293179459533e-17,0.25014809750287387,True
2009-08-21,1.2120359448390163,0.21462356329914828,0.7444025504636711,0.20750192104734558,-1.3885381340049177e-17,0.26013147332799963,True
2009-08-24,1.2108353136639802,0.21417875990168408,0.7439968692184316,0.2075032385198307,-1.388546950119857e-17,0.25933520592571796,True
2009-08-25,1.2149660468191334,0.21534193391098902,0.7458283938314694,0.20750451482944254,-1.3885554907856875e-17,0.2616331381582214,True
2009-08-26,1.212975197887065,0.21455641217377,0.7452178002257429,0.2075057911469047,-1.3885640315040497e-17,0.26025160651441737,True
2009-08-27,1.2166477012295234,0.21548355909104394,0.7469731392800434,0.20750698512860513,-1.3885720212571756e-17,0.26216757682087477,True
2009-08-28,1.2177041341462156,0.21591890232111982,0.747270656204281,0.20750813794519407,-1.3885797355462154e-17,0.2629253399967405,True
2009-08-31,1.2025738432989956,0.21196803947490062,0.7401574149874671,0.20750920842364418,-1.388586898854112e-17,0.25490721988788445,True
2009-09-01,1.1731300719453202,0.20505740216627902,0.7250607880814562,0.2075102789076166,-1.3885940621989623e-17,0.24055900495624735,True
2009-09-02,1.1709096415085247,0.2049595749302267,0.7234091497061219,0.20751134939711138,-1.3886012255807662e-17,0.23998914240529137,True
2009-09-03,1.1810642082681548,0.2072190673992513,0.7288127646000642,0.2075124198921285,-1.3886083889995242e-17,0.24473902377596216,True
2009-09-04,1.209785760686204,0.21533976005415656,0.7417573360434935,0.20751344921960815,-1.3886152769379617e-17,0.2605149754231024,True
2009-09-08,1.223813755289515,0.21886691471739453,0.7484469359283967,0.20751447855219357,-1.3886221649105657e-17,0.2678523408089246,True
2009-09-09,1.236784932082657,0.22213672660161216,0.7545340678697334,0.2075155078898848,-1.388629052917336e-17,0.27473535632303864,True
2009-09-10,1.252023007364861,0.22566383439675305,0.7619700751898026,0.2075166195801498,-1.3886364920018438e-17,0.28253631259490875,True
2009-09-11,1.2531133874635525,0.2261016781582941,0.7622646163590483,0.2075177312763703,-1.3886439311262038e-17,0.28333103982813385,True
2009-09-14,1.2596913002295758,0.22750325958710954,0.7655885803752768,0.2075188429785463,-1.388651370290416e-17,0.2865838768757527,True
2009-09-15,1.2651447281106198,0.22862381057340905,0.7683826059308896,0.2075199135122208,-1.388658533967857e-17,0.28924220866750944,True
2009-09-16,1.2892024351742126,0.23415973127325693,0.7798021965201195,0.20752094287687115,-1.3886654221550294e-17,0.30187929577722206,True
2009-09-17,1.288294213166436,0.23414189618236436,0.7791288380570036,0.20752172519787615,-1.3886706572031822e-17,0.30164364991155646,True
2009-09-18,1.2906902812642016,0.2348647218444836,0.7800301598458762,0.20752250752183038,-1.3886758922710702e-17,0.303137613896495,True
2009-09-21,1.2936605225727207,0.2364601312921729,0.7802382192342473,0.20752316632342685,-1.388680300765868e-17,0.3058991370150465,True
2009-09-22,1.298368419026863,0.23691351338719446,0.78324348772661,0.20752390747762176,-1.3886852603385678e-17,0.3076010238226312,True
2009-09-23,1.2889262325694308,0.2352733915835594,0.7781514965219983,0.20752468980980282,-1.3886904954615074e-17,0.30325004623762963,True
2009-09-24,1.2729895832227387,0.23180278426414136,0.7703815813475259,0.20752547214493317,-1.3886957306041825e-17,0.2950825297302797,True
2009-09-25,1.2597397591905446,0.22804223691226225,0.7649396732700552,0.20752621330736315,-1.388700690231989e-17,0.28727387261312637,True
2009-09-28,1.2877516906752657,0.2344594093994928,0.7782992353539044,0.20752695447244016,-1.3887056498775085e-17,0.30192550084892117,True
2009-09-29,1.2807564034614332,0.23255324122828014,0.7753846549724379,0.20752769564016418,-1.388710609540741e-17,0.29784405284883114,True
2009-09-30,1.2801445887337184,0.2331420236362049,0.7741604049021378,0.2075286838672642,-1.3887172224482576e-17,0.29845549996431636,True
2009-10-01,1.232576514073866,0.2206297351265752,0.7531038533277286,0.20752963092278312,-1.3887235598483955e-17,0.27194302982335444,True
2009-10-02,1.227310985183219,0.21961361763460108,0.7502463664879052,0.20753041327654068,-1.388728795115718e-17,0.269534205418773,True
2009-10-05,1.242447095147602,0.2221755926358167,0.7588745210079171,0.20753115445661757,-1.3887337548616118e-17,0.27604141968306745,True
2009-10-06,1.2692528549618194,0.229024474078881,0.771030991741729,0.20753189563934152,-1.3887387146252193e-17,0.2906899675807489,True
2009-10-07,1.2738896782535032,0.23013254922328502,0.7731937270509621,0.20753247211683185,-1.3887425722327764e-17,0.29316347908570906,True
2009-10-08,1.2822453913763925,0.23155049081952855,0.7778078754103559,0.2075329662417544,-1.3887458787626364e-17,0.29690454972428215,True
2009-10-09,1.2918662260924014,0.23372697325706235,0.7823887828469472,0.20753346036785347,-1.388749185300369e-17,0.30194398287760077,True
2009-10-12,1.2961249937997852,0.23442297047649824,0.7847495269720124,0.2075339956723943,-1.38875276739139e-17,0.3038414711553785,True
2009-10-13,1.2956066918012208,0.23466415698711746,0.7840397498818749,0.20753448980094438,-1.388756073945524e-17,0.3040324521184016,True
2009-10-14,1.320097322027153,0.23970497332464089,0.7961284447340334,0.20753498393067096,-1.388759380507531e-17,0.3164338933624486,True
2009-10-15,1.3184083034873277,0.23832517469250286,0.7966628950035224,0.20753551923914162,-1.3887629626248495e-17,0.3142098892446637,True
2009-10-16,1.3066900408780024,0.23575480366059826,0.7910956146519044,0.20753597219364545,-1.3887659936551087e-17,0.3080584540324526,True
2009-10-19,1.3232014022315233,0.23981542835582811,0.7983408248274366,0.20753646632690154,-1.388769300240734e-17,0.31732411107718517,True
2009-10-20,1.3213827140573031,0.24029469232383585,0.7963245008795341,0.20753696046133413,-1.388772606834232e-17,0.31752125271643483,True
2009-10-21,1.3152849171283574,0.24004921848493022,0.7920142225557951,0.20753757813088386,-1.3887767400862023e-17,0.3157331164416784,True
2009-10-22,1.3245810775438764,0.2411655950056687,0.7975995803987117,0.2075381134460459,-1.3887803222482972e-17,0.31944338369911873,True
2009-10-23,1.3143585600974494,0.23999341850782083,0.7913826308866223,0.20753852522802319,-1.388783077764851e-17,0.31543740398280395,True
2009-10-26,1.3056953296492364,0.23921481304744346,0.7858147284594569,0.2075389370108175,-1.388785833286872e-17,0.31234166417896214,True
2009-10-27,1.2837632789807685,0.2322472930740127,0.7780733836952376,0.20753934879442884,-1.38878858881436e-17,0.29815054649110206,True
2009-10-28,1.2475952948048068,0.22287599376588443,0.7619963283649217,0.20753992529262238,-1.3887924465604564e-17,0.2780590411472629,True
2009-10-29,1.2763013379999943,0.22890124675896054,0.7766139510563757,0.2075404194352906,-1.388795753209065e-17,0.2921469675083282,True
2009-10-30,1.2310754552658143,0.21818016216177846,0.7549383815806904,0.20754083122184327,-1.3887985087562354e-17,0.2685962424632806,True
2009-11-02,1.2387362870068606,0.21951397576682022,0.7592751578888706,0.20754120183048516,-1.388800988753671e-17,0.27191992728750486,True
2009-11-03,1.2436956316892034,0.2206955955274848,0.7616759523376664,0.20754153126095687,-1.3888031931996355e-17,0.27447814809058013,True
2009-11-04,1.246701731969996,0.22126788802267677,0.7633047296930662,0.20754194304971552,-1.388805948761568e-17,0.27585505922721426,True
2009-11-05,1.283547281437881,0.23081405986597112,0.7797442087189307,0.20754231366034281,-1.388808428772289e-17,0.29626075905860755,True
2009-11-06,1.2920949320568813,0.23333038851780796,0.7830673176446011,0.20754260191355745,-1.388810357672893e-17,0.3014850124987228,True
2009-11-09,1.3286748767105827,0.24143102003445788,0.8003485734068279,0.2075429725253613,-1.3888128376914873e-17,0.32078333077839355,True
2009-11-10,1.3321687494384928,0.24260601768296994,0.8014332511176909,0.20754334313782696,-1.38881531771451e-17,0.32319215518297495,True
2009-11-11,1.3429882454032733,0.24526747479984978,0.8060530724786986,0.2075438372886329,-1.3888186244175734e-17,0.3293913356359418,True
2009-11-12,1.330944934875806,0.24324105895286122,0.7996601480680526,0.2075443314406154,-1.38882193112851e-17,0.32374045536713797,True
2009-11-13,1.3443924271548437,0.24674806643164554,0.8051214108146869,0.20754478441435223,-1.3888249622874703e-17,0.3317262319258046,True
2009-11-16,1.36449924582782,0.25055161241272234,0.8150765222606383,0.20754523738907768,-1.3888279934530462e-17,0.34187748617810393,True
2009-11-17,1.369464687103925,0.2519835533070446,0.8168364187541663,0.20754569036479176,-1.3888310246252378e-17,0.34508257798496705,True
2009-11-18,1.3610906997814598,0.24925199939219436,0.8142899781653155,0.2075461433414945,-1.388834055804045e-17,0.33925457827464983,True
2009-11-19,1.3335934190599785,0.2425004450722795,0.8026500309722397,0.20754639042023104,-1.388835709177884e-17,0.32339699766750774,True
2009-11-20,1.3252344252091601,0.24032381930889238,0.7992025950632007,0.2075464316000695,-1.3888359847405186e-17,0.31848539854589003,True
2009-11-23,1.3521217892183963,0.24691401955232165,0.8107174493584424,0.20754651395976273,-1.388836535865897e-17,0.33385782590019125,True
2009-11-24,1.3479394789159271,0.24513782326111525,0.8099618504875402,0.20754667867921459,-1.3888376381170915e-17,0.3304309497491723,True
2009-11-25,1.3553692092536946,0.24693491244795787,0.8131342241135958,0.20754700811837973,-1.3888398426212295e-17,0.334687977021719,True
2009-11-27,1.3273459900137052,0.2406585964972056,0.8003614294327452,0.20754733755806778,-1.388842047128867e-17,0.3194372230228922,True
2009-11-30,1.3302357250752013,0.24094627389774778,0.8021728402544555,0.20754754345820733,-1.3888434249483787e-17,0.32051534136253856,True
2009-12-01,1.3492506136044373,0.24489504450936428,0.8112778692725966,0.20754795525889497,-1.388846180590136e-17,0.33042478907294576,True
2009-12-02,1.3509492413025606,0.24556985907175746,0.8116484594423934,0.20754836706039967,-1.388848936237361e-17,0.33175241479976747,True
2009-12-03,1.3420291637767192,0.24415510094601,0.8068172013200802,0.20754869650224478,-1.3888511407594326e-17,0.32766326595439427,True
2009-12-04,1.3515735120895647,0.2462244826250252,0.8112339974010105,0.2075490259446128,-1.3888533452850036e-17,0.3327904887439413,True
2009-12-07,1.344245750249573,0.24401373367809304,0.8086819703627617,0.20754935538750374,-1.3888555498140736e-17,0.3280144244993077,True
2009-12-08,1.3311998269338354,0.24184313383702577,0.8017088100960663,0.20754947892878395,-1.3888563765137873e-17,0.3219415379089851,True
2009-12-09,1.3464548527651168,0.2463174932810429,0.8072497837848694,0.20754968483104788,-1.3888577543475147e-17,0.33165538414919926,True
2009-12-10,1.3556866530802107,0.2482858305694587,0.8115389756947448,0.20754989073351607,-1.388859132182609e-17,0.3365977866519497,True
2009-12-11,1.3519549673297657,0.24608779642025486,0.8117052519239775,0.20755009663618854,-1.3888605100190704e-17,0.3326996187695997,True
2009-12-14,1.3680693162715067,0.25011505976801474,0.818344316106988,0.20755026135848378,-1.3888616122892918e-17,0.342174738806035,True
2009-12-15,1.3580862507809521,0.24769403536473955,0.8141459608707386,0.20755042608090976,-1.388862714560388e-17,0.3363898638293037,True
2009-12-16,1.3606009950341813,0.24822218439517646,0.8153188884305229,0.20755075552602315,-1.38886491910433e-17,0.33773135107763513,True
2009-12-17,1.3383838270093158,0.24311006168035967,0.8054582084821225,0.2075510437909626,-1.3888668480833925e-17,0.3253745747362306,True
2009-12-18,1.363109822212659,0.25035278350748746,0.814300110758267,0.20755137323705647,-1.3888690526338955e-17,0.34125833821733553,True
2009-12-21,1.3833164204975001,0.25500167145633224,0.8230167184339738,0.2075517026836733,-1.3888712571878978e-17,0.35274799937985307,True
2009-12-22,1.3935949584329181,0.2576620644762916,0.8269663310876123,0.2075520733117285,-1.3888737373152413e-17,0.35907655403357747,True
2009-12-23,1.4052598442588993,0.2610975154201012,0.8307973405579944,0.20755264984526794,-1.3888775952978614e-17,0.36690985385563696,True
2009-12-24,1.4211750826931955,0.2652936778509085,0.8365932152982887,0.20755310283716,-1.3888806265783108e-17,0.37702876455774686,True
2009-12-28,1.430128704876563,0.2677423705798044,0.8396692229121643,0.2075534322865222,-1.3888828311506847e-17,0.38290604967787645,True
2009-12-29,1.4230559899271915,0.26573418812389576,0.8373474765089205,0.20755388528012197,-1.388885862442562e-17,0.37815462813814904,True
2009-12-30,1.42760366178993,0.26728488725195404,0.838472110282617,0.2075546677253146,-1.3888910983217393e-17,0.3815768837819981,True
2009-12-31,1.4093256767758473,0.263343018482505,0.8306346018516356,0.20755499717716078,-1.388893302910735e-17,0.3711360777470509,True
2010-01-04,1.4387300156232121,0.2692750691927697,0.8437604821239195,0.20755540899263752,-1.3888960586514566e-17,0.3874141245066551,True
2010-01-05,1.4398178346572148,0.2690513007757025,0.8448771113720842,0.20755586199055154,-1.3888990899722033e-17,0.387384861294579,True
2010-01-06,1.430528921836819,0.26587808390296275,0.8426262769599102,0.20755635617116427,-1.3889023968747246e-17,0.38034628870574455,True
2010-01-07,1.4332965981659838,0.26586327466040316,0.8446789442104299,0.2075567268075293,-1.3889048770576744e-17,0.3810609271480244,True
2010-01-08,1.4475594785875814,0.2697243896692719,0.8495602842710204,0.20755709744455617,-1.3889073572450533e-17,0.3904420968720049,True
2010-01-11,1.4416112862679178,0.26750185209462446,0.8484201702904768,0.20755742690025902,-1.3889095618598568e-17,0.3856336890771819,True
2010-01-12,1.4178454813889545,0.2617573368265151,0.8391563913386657,0.20755763281040784,-1.3889109397463476e-17,0.371131457239881,True
2010-01-13,1.4404489544978698,0.26725472962688523,0.8479241963552516,0.2075579622669605,-1.3889131443668377e-17,0.38496679587565774,True
2010-01-14,1.4429309192497426,0.2674664164885673,0.8494369829491393,0.20755837408832037,-1.3889159001469273e-17,0.3859355622122829,True
2010-01-15,1.4197144555382168,0.26232727172834036,0.8397258910553016,0.2075587447282888,-1.3889183803539905e-17,0.3724298197546266,True
2010-01-19,1.4497438523969608,0.26931373811328385,0.8517487184676993,0.2075591977334832,-1.3889214117234552e-17,0.3904359361957783,True
2010-01-20,1.422414967096307,0.2626250796375111,0.8412935135277574,0.20755960955729438,-1.3889241675199483e-17,0.37356184401125536,True
2010-01-21,1.39986708247941,0.2593395856857737,0.8292661119121242,0.20756002138192267,-1.388926923321909e-17,0.363040949185363,True
2010-01-22,1.3466325210778805,0.2459258675858625,0.8079003991701988,0.2075603508422667,-1.3889291279677697e-17,0.331171771065415,True
2010-01-25,1.3534278699700348,0.24716734918430872,0.811343969551611,0.20756072148576507,-1.3889316081984536e-17,0.33452317893265876,True
2010-01-26,1.3529737952032133,0.2479003042432335,0.810010087609289,0.2075610921299253,-1.3889340884335666e-17,0.33540261546399885,True
2010-01-27,1.366013626100183,0.25132917992571907,0.8151329141793275,0.20756162750573853,-1.3889376710015203e-17,0.3433190844151168,True
2010-01-28,1.324329705522868,0.23921220808505694,0.7999716683662921,0.20756220406581738,-1.388941529161734e-17,0.3167958330907585,True
2010-01-29,1.2963936488571126,0.23155516863926218,0.7886442182456378,0.20756278062749778,-1.3889453873326646e-17,0.30018664998397715,True
2010-02-01,1.3167253751099728,0.23547394087697246,0.7991075047893379,0.20756335719077976,-1.3889492455143124e-17,0.3100545131298551,True
2010-02-02,1.3335272579325612,0.2387784945626518,0.8075455695198775,0.2075640573052856,-1.3889539304622137e-17,0.318417631107398,True
2010-02-03,1.338963289107542,0.24171309812485242,0.8077535256163957,0.20756479860551974,-1.3889588910121627e-17,0.32364496488562644,True
2010-02-04,1.2866912329952815,0.22967791391691128,0.7836011348373454,0.20756553990840138,-1.3889638515798278e-17,0.2955245582495347,True
2010-02-05,1.2982779863025447,0.23337936946695387,0.7877204484361606,0.20756624003026955,-1.3889685365769956e-17,0.30299129783611445,True
2010-02-08,1.2860146950763138,0.23048857587787408,0.7820360592956566,0.20756694015449925,-1.388973221589966e-17,0.29641169562615804,True
2010-02-09,1.3041058518365967,0.23430518253039465,0.7909794107180379,0.20756768146502927,-1.3889781822088118e-17,0.3055587596535296,True
2010-02-10,1.3005689505236862,0.23345261845442597,0.7893792183970896,0.2075685051463172,-1.388983694027077e-17,0.3036212269802793,True
2010-02-11,1.324402870210557,0.23962493276248384,0.799473592655038,0.2075693288308737,-1.388989205867215e-17,0.31735994872464535,True
2010-02-12,1.3261934888530713,0.2402806185870026,0.7999647856511142,0.20757011133428604,-1.388994442135981e-17,0.3186585918676711,True
2010-02-16,1.3499501552639117,0.24519592497455542,0.8113770256182904,0.20757085265614172,-1.3889994028306143e-17,0.33100227698947954,True
2010-02-17,1.3597787153983139,0.247554535056925,0.8155877749316516,0.2075715527959299,-1.389004087947697e-17,0.33661938767073235,True
2010-02-18,1.3711270679813667,0.2501599566167772,0.8205536860161255,0.20757229412293365,-1.3890090486767797e-17,0.3430010878423076,True
2010-02-19,1.371795402145454,0.250038079516714,0.8212213200355625,0.2075729942675839,-1.389013733826398e-17,0.3430010878423076,True
2010-02-22,1.368638003913347,0.24885548389519424,0.8204711543873238,0.2075737767848144,-1.3890189701876305e-17,0.3405930727412087,True
2010-02-23,1.3450407651991811,0.2433351264245896,0.8101706236187459,0.2075744769344657,-1.3890236553707144e-17,0.3272956646459695,True
2010-02-24,1.362793123916371,0.24742799357285297,0.818024531411902,0.20757542419896094,-1.3890299941692564e-17,0.3371931683055081,True
2010-02-25,1.3619562846276083,0.24743886230734677,0.8173790407648549,0.20757633028215688,-1.3890360573953885e-17,0.33700091358059636,True
2010-02-26,1.3678858733414343,0.24943961670021458,0.8191036678503987,0.20757727755510985,-1.3890423962505274e-17,0.34120492793592566,True
2010-03-01,1.3927231743948008,0.2554999533994913,0.8293042434061519,0.2075782248323857,-1.3890487351345933e-17,0.3558407061562632,True
2010-03-02,1.3972908579010255,0.2561958605725493,0.8317315107908156,0.2075792133001009,-1.389055349652232e-17,0.3579801338101089,True
2010-03-03,1.4001073773824855,0.25710059064386204,0.8325587007337228,0.20758024295889704,-1.389062239807736e-17,0.35996843368986564,True
2010-03-04,1.406711998234932,0.2587182871952448,0.8351885244786333,0.2075813549959571,-1.389069681212888e-17,0.3639421187603419,True
2010-03-05,1.43506677005098,0.26481628091962334,0.8474552580957687,0.20758246703897448,-1.3890771226579045e-17,0.38002904491623685,True
2010-03-08,1.4379897079781165,0.2656872202124767,0.8483505583093941,0.20758366146186555,-1.3890851153633408e-17,0.3820554882068569,True
2010-03-09,1.4478296828685182,0.2685527200729931,0.8514262274401294,0.20758485589162928,-1.3890931081147668e-17,0.3888185995367595,True
2010-03-10,1.462699633847907,0.27232734544335085,0.8567804338653247,0.20758609151582058,-1.389101376526453e-17,0.3983331084667618,True
2010-03-11,1.4697924868099854,0.2735090708429911,0.8602036234510104,0.20758728595956677,-1.3891093693714454e-17,0.40200157739940834,True
2010-03-12,1.4708389783206477,0.27393805129065224,0.8603317344269699,0.20758848041018574,-1.3891173622624282e-17,0.4029187634834921,True
2010-03-15,1.467148718598179,0.2727777227153454,0.8593535985747045,0.20758963367952624,-1.38912507958114e-17,0.4002054863439484,True
2010-03-16,1.4808685750914106,0.2753605905035517,0.8655049016524325,0.20759082814365393,-1.389133072562519e-17,0.40777284529532404,True
2010-03-17,1.4874459255402939,0.27604405075695637,0.8692532219802097,0.20759210499201147,-1.3891416168334676e-17,0.4106005985680728,True
2010-03-18,1.492848189923093,0.2778346964164797,0.8704898256205672,0.20759334065935217,-1.389149885533896e-17,0.41476502364317375,True
2010-03-19,1.480676457371153,0.27516341733427285,0.8656539282496922,0.2075945351448097,-1.3891578786580077e-17,0.40742799397665125,True
2010-03-22,1.4979159450408042,0.2793436509963601,0.8718869064303025,0.20759572963714024,-1.3891658718281114e-17,0.41843330897336134,True
2010-03-23,1.5127369396371892,0.28239209243383007,0.8779551070043405,0.2075968829467542,-1.389173589416321e-17,0.4271849496860944,True
2010-03-24,1.5024378717602,0.2802834928607836,0.8737313833739135,0.20759795388301583,-1.3891807557877493e-17,0.4211085345032709,True
2010-03-25,1.4984546771305916,0.2792687057350146,0.8723841128307962,0.20759906601495584,-1.3891881978278082e-17,0.4184714982848395,True
2010-03-26,1.5008281209171375,0.2802790167027228,0.8725773539842078,0.2076001369624793,-1.3891953642745974e-17,0.42065062997045044,True
2010-03-29,1.5114588046377175,0.28212501454690553,0.8774372594767256,0.20760120791552752,-1.3892025307583564e-17,0.42642033724546446,True
2010-03-30,1.5176854588959245,0.28391361299795703,0.8791916591828963,0.20760223768342392,-1.3892094216439258e-17,0.4308915620296043,True
2010-03-31,1.5082917036615473,0.2818311422186733,0.8756046566085864,0.20760347341107827,-1.3892176907479547e-17,0.42508357364188254,True
2010-04-01,1.5104455154931258,0.280872635080031,0.8785979942656678,0.20760470914608814,-1.3892259599012042e-17,0.42424281208137005,True
2010-04-05,1.5303976193762314,0.2852256760821931,0.8862829788266136,0.20760594488845358,-1.389234229103675e-17,0.43650869566116446,True
2010-04-06,1.5360449094566206,0.2863417166297487,0.8886039102410174,0.20760726302140753,-1.3892430496382657e-17,0.4398337361941957,True
2010-04-07,1.5299301905281684,0.2858623615177459,0.8849721109517598,0.20760862235473135,-1.3892521458728807e-17,0.4373494572216772,True
2010-04-08,1.534032504248358,0.28611951878190534,0.8875059218323318,0.20760994050468506,-1.3892609665212286e-17,0.4389166419113414,True
2010-04-09,1.547497571183396,0.2887408285868207,0.893060622773211,0.2076112174705988,-1.3892695115788265e-17,0.44682573093958633,True
2010-04-12,1.5503685862450338,0.28936465294502345,0.8941342650976687,0.20761245325170427,-1.3892777810405335e-17,0.4486218678956609,True
2010-04-13,1.559748248458777,0.2919615504272152,0.8967481661012999,0.20761356546131945,-1.3892852236003705e-17,0.45538651689615783,True
2010-04-14,1.586250659353434,0.29720098205206397,0.9072006043564583,0.20761480125640105,-1.3892934931556013e-17,0.47143525374057454,True
2010-04-15,1.594931128776471,0.29953683426838634,0.9095744293344507,0.20761607825221226,-1.389302038413264e-17,0.47774062118980815,True
2010-04-16,1.5652470098625282,0.294352986479656,0.8968945638688903,0.20761731406225095,-1.389310308068583e-17,0.46073513193138677,True
2010-04-19,1.5659421805214733,0.293759392424907,0.8983134071193055,0.20761854987964565,-1.389318577773126e-17,0.4600102235225221,True
2010-04-20,1.5790247823770927,0.29563287677644495,0.9045933577572565,0.2076197857043964,-1.3893268475268937e-17,0.4668116389154398,True
2010-04-21,1.588964263917339,0.2989541053489616,0.9063158936244415,0.20762098034201787,-1.389334841669239e-17,0.4750273899508794,True
2010-04-22,1.599885385434169,0.3013085718002517,0.9102040299183911,0.20762217498651325,-1.389342835857582e-17,0.4820591805292647,True
2010-04-23,1.6111383934581287,0.3031649825876301,0.9150742396262909,0.20762341083284203,-1.389351105755743e-17,0.4884407429989959,True
2010-04-26,1.6047853518162873,0.30210299640953336,0.9123502005568508,0.20762468788160895,-1.3893596513677687e-17,0.48481046337782757,True
2010-04-27,1.5543938357529654,0.2926472567447348,0.8918788200760389,0.20762592374289543,-1.389367921366022e-17,0.4548890919340312,True
2010-04-28,1.5591232194972822,0.2924456515425199,0.8955372953204934,0.20762711841583498,-1.3893759157447046e-17,0.45595880576095393,True
2010-04-29,1.5957482846647357,0.30031771161064835,0.9088884160201985,0.2076283954874065,-1.3893844615093314e-17,0.4792314731571309,True
2010-04-30,1.550845144388891,0.2908038949398339,0.8922236221891686,0.20762971376290393,-1.3893932829977786e-17,0.4509918084368186,True
2010-05-03,1.5812986447401842,0.29685116703409004,0.9042573057691966,0.2076309908504389,-1.389401828869228e-17,0.46941034812054866,True
2010-05-04,1.5155863088438835,0.28234039369214164,0.8800427645880667,0.20763230914241482,-1.389410650467944e-17,0.42791123511340184,True
2010-05-05,1.5036634628345125,0.2799027486794539,0.8751503402523533,0.2076335862459134,-1.3894191964462173e-17,0.420879536336246,True
2010-05-06,1.4332771763353973,0.2648807559521479,0.8459948534157745,0.20763478096294274,-1.389427191119935e-17,0.37964754195668,True
2010-05-07,1.3888214908003684,0.2534664080740673,0.8291662911606293,0.2076356049104985,-1.389432704719982e-17,0.35201959472924066,True
2010-05-10,1.481131927237768,0.2731181728273327,0.8689712879029108,0.20763659365145218,-1.389439321066047e-17,0.4045240456834051,True
2010-05-11,1.4791770599816423,0.2732986460140159,0.8672821838878806,0.20763778838578603,-1.3894473158555614e-17,0.4042570877079756,True
2010-05-12,1.5152033985427216,0.28117601745479637,0.8815255169814549,0.2076390243250517,-1.389455586375627e-17,0.42603885723621504,True
2010-05-13,1.4834858117584964,0.27420519081956624,0.8690660413954645,0.20764026027167418,-1.3894638569449222e-17,0.4067795100913576,True
2010-05-14,1.4422345282873097,0.2646926291546397,0.8528441417132616,0.20764153742407854,-1.3894724032504574e-17,0.3817488491499696,True
2010-05-17,1.448982543235665,0.2670205558759425,0.8544316868994821,0.20764273218685872,-1.3894803982303254e-17,0.38690812414932413,True
2010-05-18,1.4224859361995135,0.26159822446472875,0.8427221728081215,0.20764396815555178,-1.38948866894731e-17,0.37211979523584016,True
2010-05-19,1.4069091850039899,0.25751388299304,0.8369652100258324,0.20764532772920682,-1.389497766790147e-17,0.3622986472489507,True
2010-05-20,1.3389258400645003,0.24321894054114934,0.8056270284690803,0.20764668731176386,-1.389506864692553e-17,0.32565212428365614,True
2010-05-21,1.3517810645321215,0.24277203393276967,0.8159584615601541,0.20764796450369963,-1.3895154112626196e-17,0.3281746384682677,True
2010-05-24,1.347622894058405,0.24553439939676966,0.8090859156489003,0.20764920050353744,-1.3895236821880152e-17,0.330887777905967,True
2010-05-25,1.346067793046537,0.2440858456197017,0.8098612610085951,0.2076504365107324,-1.3895319531626425e-17,0.3285560955272096,True
2010-05-26,1.328934171818633,0.23958411627341122,0.8028908977517553,0.20765175492617283,-1.3895407755875447e-17,0.3183915191407048,True
2010-05-27,1.3920197234927705,0.25348806003602087,0.8315062709027257,0.20765307334998415,-1.389549598068462e-17,0.3528603792400606,True
2010-05-28,1.3794258266138897,0.2522281400664898,0.8238414242252216,0.2076543917821664,-1.3895584206053954e-17,0.34793001060650164,True
2010-06-01,1.35907418491115,0.2489202056070331,0.8131175315475938,0.20765562782026184,-1.389566691786799e-17,0.3383010255432944,True
2010-06-02,1.403097251099516,0.2580775053971801,0.8333325900419943,0.2076568226641177,-1.3895746873092e-17,0.36210783839340394,True
2010-06-03,1.4178974254133618,0.26201328554011877,0.8387314449070828,0.20765801751484866,-1.3895826828776074e-17,0.3715079629914304,True
2010-06-04,1.3521077577251899,0.24763066449614937,0.8096253264428155,0.207659088766487,-1.3895898513594386e-17,0.3348233425158873,True
2010-06-07,1.3202945361145526,0.23889467183175597,0.7972231285689375,0.20766007761926855,-1.389596468453821e-17,0.3154113299263465,True
2010-06-08,1.3220871276021782,0.2372410832337594,0.800772802450863,0.20766094286956496,-1.3896022584389258e-17,0.3136533822817502,True
2010-06-09,1.3096780144844196,0.23420727105809844,0.7952800514211783,0.2076618493260567,-1.3896083241630368e-17,0.3067361137371846,True
2010-06-10,1.3580956087214708,0.24459727854700858,0.8182464866432995,0.20766263217825662,-1.3896135627657803e-17,0.3321864898999148,True
2010-06-11,1.3726612610753886,0.2483217098080684,0.8241363371102302,0.20766333262761857,-1.3896182499544342e-17,0.34086159133753985,True
2010-06-14,1.3721235072695797,0.24855807471839558,0.8234072205565888,0.20766390947021166,-1.389622110005145e-17,0.3410523772427792,True
2010-06-15,1.4174412971812924,0.25818853589143187,0.8438098412450702,0.20766436270493227,-1.3896251429105274e-17,0.3659670932312899,True
2010-06-16,1.4263824143250992,0.2617405737813922,0.8453752408110976,0.20766502195686265,-1.3896295544188192e-17,0.37334215155713896,True
2010-06-17,1.432159374794374,0.2632994778003839,0.8474067956664062,0.20766576361768485,-1.389634517381711e-17,0.37708681551028295,True
2010-06-18,1.4340028681050512,0.2636804674443608,0.8482178162454015,0.20766650528115582,-1.3896394803623275e-17,0.378118546578494,True
2010-06-21,1.4192438211565417,0.25942183095582383,0.8433937023484639,0.20766728815090796,-1.389644719082525e-17,0.36818283065716984,True
2010-06-22,1.4003108554334567,0.25670800689213186,0.8331716932744695,0.20766815343124825,-1.3896505092686737e-17,0.35947100872773885,True
2010-06-23,1.392492687976935,0.25469181727703427,0.8301670111998917,0.20766918353121566,-1.3896574023763585e-17,0.3546564932458279,True
2010-06-24,1.3621098563808736,0.24774814861738945,0.8169794888169464,0.2076701724320675,-1.3896640197924125e-17,0.33746019513185965,True
2010-06-25,1.3636744083272192,0.2472960288441791,0.8187719399694127,0.20767120254204982,-1.389670912967114e-17,0.33723126581575685,True
2010-06-28,1.3579182452237326,0.24612042709182605,0.8160345940963428,0.2076722326571418,-1.3896778061760077e-17,0.33421141847024805,True
2010-06-29,1.2922883413891222,0.2297601342201795,0.7876986534333805,0.2076733451870038,-1.3896852508788368e-17,0.29691634276873785,True
2010-06-30,1.2678809989171276,0.2226096424902113,0.7779637992801576,0.20767466374789614,-1.3896940742770577e-17,0.2822425358890738,True
2010-07-01,1.2623044180788157,0.22141343818209686,0.7751371921117487,0.20767606472778535,-1.3897034491974984e-17,0.2794911612392816,True
2010-07-02,1.2575725371296222,0.2210307585088905,0.7719329008563155,0.20767742451159654,-1.3897125484466345e-17,0.27796221176171027,True
2010-07-06,1.262738811567169,0.22127689254390706,0.7756451481506104,0.20767874309838935,-1.3897213720181734e-17,0.27941492031816934,True
2010-07-07,1.313739775167429,0.23278509807291384,0.800240671069237,0.20768006169355413,-1.389730195645735e-17,0.3058190424046377,True
2010-07-08,1.3250445641750763,0.2346927234085865,0.8063849076803153,0.20768133909076883,-1.3897387435894646e-17,0.31097831740399223,True
2010-07-09,1.3406001282526738,0.23846907833784917,0.8132259171660898,0.2076825340825665,-1.3897467401018465e-17,0.3196916770040175,True
2010-07-12,1.3456799667836847,0.2402666217497957,0.8146742581269515,0.20768372908124014,-1.38975473666024e-17,0.32332197957549325,True
2010-07-13,1.3681501432701846,0.24439240713360644,0.8260997535564558,0.20768488287973993,-1.3897624575199208e-17,0.3343655068339889,True
2010-07-14,1.3755580422855338,0.24696458559085732,0.8281578425243874,0.20768607789192847,-1.389770454168752e-17,0.33971412186921784,True
2010-07-15,1.377221894481086,0.24752712835534996,0.828634840921075,0.20768727291099306,-1.3897784508635955e-17,0.340899780649018,True
2010-07-16,1.3269293588037512,0.23623158026242624,0.8057782715399991,0.20768846793693377,-1.389786447604452e-17,0.3134626193268181,True
2010-07-19,1.3398330386161152,0.2392331032120941,0.8116109600321417,0.2076896629697506,-1.389794444391321e-17,0.32053241561422274,True
2010-07-20,1.3593615911692534,0.24324569028425197,0.8210118845699453,0.20769085800944365,-1.3898024412242037e-17,0.33065884858986416,True
2010-07-21,1.3368248656664155,0.23868476582308906,0.8100530413937446,0.20769209426459995,-1.3898107138581112e-17,0.3190797300080709,True
2010-07-22,1.377633021859475,0.24723062480129107,0.8293466185911514,0.20769333052711492,-1.3898189865412605e-17,0.3405930727412087,True
2010-07-23,1.3927264164701656,0.250917211594716,0.8355728619472595,0.20769452558791096,-1.3898269835153578e-17,0.34945902893499514,True
2010-07-26,1.408206242198133,0.2536129571062077,0.8433711722432607,0.20769572065558334,-1.3898349805354694e-17,0.357139349299289,True
2010-07-27,1.4079119401014775,0.25361175397888264,0.8431520077943981,0.2076969157301321,-1.3898429776015957e-17,0.3570630165769472,True
2010-07-28,1.394532766350724,0.25081104622431805,0.8370703922068602,0.20769815202134628,-1.389851250476791e-17,0.34976422212251757,True
2010-07-29,1.3810743589667762,0.24722338662327578,0.8319411316545552,0.20769934710988505,-1.3898592476365338e-17,0.34143388020233606,True
2010-07-30,1.3842420807406446,0.2483420836311811,0.8327759759542508,0.20770054220530032,-1.389867244842292e-17,0.3437655625810933,True
2010-08-02,1.4199571257948103,0.255120685270263,0.849994994710439,0.20770169609720635,-1.3898749663270185e-17,0.36226043498716504,True
2010-08-03,1.412357265009691,0.2538421099007508,0.8461386669304544,0.20770284999552288,-1.389882687854642e-17,0.3585157480837138,True
2010-08-04,1.429820313824429,0.2579842102594004,0.8532451630275256,0.20770408632206006,-1.3898909609662078e-17,0.3688710644748433,True
2010-08-05,1.4261907369935622,0.25711387337447505,0.8517920309896054,0.2077052814447446,-1.3898989583544435e-17,0.36669342455921206,True
2010-08-06,1.4220996940222466,0.2566442357807665,0.8494195694828655,0.20770643536297975,-1.389906680015356e-17,0.36497368917640133,True
2010-08-09,1.4336562763231524,0.25902676225835924,0.8545933435881651,0.20770758928762556,-1.3899144017191668e-17,0.3713553434473618,True
2010-08-10,1.4197566254463954,0.25601769186636913,0.8485650679689419,0.20770874321868205,-1.3899221234658757e-17,0.3634828142587713,True
2010-08-11,1.3666641337363332,0.2440708419135157,0.8253913296341386,0.2077099383681622,-1.3899301210334195e-17,0.33356286573403243,True
2010-08-12,1.3514612761731204,0.23985984724960505,0.8195888473819603,0.20771113352451923,-1.389938118646981e-17,0.32416129526664095,True
2010-08-13,1.340886075484324,0.23693536463110232,0.8154703743603146,0.20771236990036313,-1.3899463920884922e-17,0.3177033312236461,True
2010-08-16,1.3432243010901175,0.23786003284722865,0.8160113596409153,0.2077135650707111,-1.389954389795677e-17,0.3194993763784911,True
2010-08-17,1.3655820316968035,0.24286514313824528,0.8262149546407151,0.2077148014610285,-1.38996266333404e-17,0.33165227559506,True
2010-08-18,1.3709564150210733,0.244086957028325,0.8286077563881978,0.20771607907192033,-1.3899712127076303e-17,0.3346325795609552,True
2010-08-19,1.3451688653707192,0.23961830521686506,0.8151244661428921,0.207717315477202,-1.38997948634613e-17,0.3223270837506251,True
2010-08-20,1.3432848055628812,0.23912961665461735,0.8143471142746505,0.2077185106760067,-1.389987484243738e-17,0.321219180612224,True
2010-08-23,1.3288806446630894,0.23505097654372176,0.8088062455432914,0.2077197058816885,-1.3899954821873658e-17,0.31235469323810966,True
2010-08-24,1.2974104246830969,0.22693829500310314,0.7952573726777046,0.20772094230855834,-1.3900037559703265e-17,0.294432109696834,True
2010-08-25,1.3116105158351852,0.23121187183121392,0.8006283733982067,0.20772221995722126,-1.390012305596669e-17,0.3032599224797572,True
2010-08-26,1.2942170793570298,0.226671690243299,0.7931312500383703,0.20772345639905584,-1.3900205794797692e-17,0.29336237291960376,True
2010-08-27,1.3148934065016218,0.2304884100921066,0.8041010641632739,0.20772465163319517,-1.3900285776138258e-17,0.3030676907051528,True
2010-08-30,1.2950465287917488,0.2264381519640129,0.7940727804456928,0.20772580565904247,-1.3900362999948454e-17,0.29324794268701343,True
2010-08-31,1.2922291906809702,0.22580759464647585,0.7927071481409567,0.20772687726038155,-1.3900434708167648e-17,0.29179516527963206,True
2010-09-01,1.3403988907171005,0.23593882356787238,0.8164187632466441,0.20772799008298254,-1.3900509174785114e-17,0.3162521373874738,True
2010-09-02,1.3596139249422976,0.24058660748485636,0.8247799615556697,0.20772906169559047,-1.3900580883758384e-17,0.3271049016910375,True
2010-09-03,1.3884589416295954,0.24758784885466278,0.8369632869508199,0.2077300920976822,-1.390064983505245e-17,0.3437655625810933,True
2010-09-07,1.372554450431701,0.24435977756282476,0.8294262277264602,0.20773112250488507,-1.3900718786688536e-17,0.3353971002003557,True
2010-09-08,1.3923051914017062,0.2494016741106255,0.8373298340925214,0.20773211170068442,-1.390078498058604e-17,0.3472432456085004,True
2010-09-09,1.400262974481036,0.2511218459377853,0.8408931681964694,0.20773318333455468,-1.3900856690982116e-17,0.35163662295001175,True
2010-09-10,1.4077103978007526,0.2524815960298958,0.844555133625201,0.2077342961909382,-1.3900931159860205e-17,0.3554209679846135,True
2010-09-13,1.4339660443358992,0.2587845592203367,0.8551423645622203,0.20773540905328344,-1.3901005629137236e-17,0.3710882707203955,True
2010-09-14,1.4402114285197034,0.2609257618200782,0.8566866424296263,0.20773652192159045,-1.3901080098813208e-17,0.3757882641684867,True
2010-09-15,1.4509374833265505,0.26339522869343707,0.8610297558549652,0.2077377172309084,-1.390116008518449e-17,0.38217001024067676,True
2010-09-16,1.4579257573812077,0.2658284352222805,0.8626286808613144,0.20773895376498866,-1.3901242830188286e-17,0.3875581227549046,True
2010-09-17,1.4636752255983467,0.2676033886954925,0.8642505849721606,0.20774019030642923,-1.390132557568461e-17,0.391684450319757,True
2010-09-20,1.4982532415414092,0.27504688692716184,0.8784219659900606,0.20774138563685493,-1.390140556346836e-17,0.4120898899144937,True
2010-09-21,1.495981089387447,0.27459650448439205,0.8774472892741303,0.20774262219277093,-1.3901488309933335e-17,0.4107911779205458,True
2010-09-22,1.4907100477242676,0.27426028270647934,0.8741235886272384,0.20774389997478235,-1.3901573815120026e-17,0.40884255912224693,True
2010-09-23,1.4857628723529728,0.2743497758733404,0.8703989835573511,0.20774517776465315,-1.3901659320832643e-17,0.40761871103096853,True
2010-09-24,1.5266732664162834,0.28211717768863903,0.8882260988990844,0.20774641434314134,-1.3901742068808077e-17,0.4307007531740576,True
2010-09-27,1.5172018204284154,0.2806286158544344,0.8836840050998686,0.2077475684898926,-1.3901819300708788e-17,0.42577024683865433,True
2010-09-28,1.5196407112930816,0.2808822776963066,0.8850519268215452,0.20774864020350023,-1.3901891016440642e-17,0.4268401442680362,True
2010-09-29,1.5147150075123512,0.27952582275855975,0.8835631719901249,0.20774987680259818,-1.3901973765795218e-17,0.423401958719628,True
2010-09-30,1.5056991439305127,0.27739201932831836,0.8802790632654764,0.20775115462923122,-1.3902059273967848e-17,0.4176689260358052,True
2010-10-01,1.5057144122350812,0.27652674535075156,0.8815916739282704,0.20775243246372388,-1.390214478266642e-17,0.4163703058430868,True
2010-10-04,1.4831967343465795,0.2709859177626854,0.8735176369816591,0.2077536690853948,-1.390222753353151e-17,0.4019254282795257,True
2010-10-05,1.5325426332915197,0.28178449619715185,0.8929410149754354,0.207754864493377,-1.3902307526505097e-17,0.4318467538227073,True
2010-10-06,1.5176336720210768,0.27730097775420753,0.8890365583158545,0.20775581258106943,-1.3902370969576308e-17,0.4208413011241529,True
2010-10-07,1.5228495779281905,0.2790607444406534,0.8901252803673263,0.20775676067308846,-1.390243441293704e-17,0.42496753688777567,True
2010-10-08,1.5369704902362678,0.28206684344273486,0.8956843668212567,0.2077577087694341,-1.3902497856587296e-17,0.4335284146455768,True
2010-10-11,1.538453036186658,0.28236637791358377,0.8962869678983694,0.2077586568701064,-1.3902561300527077e-17,0.43440741141818223,True
2010-10-12,1.551917228026527,0.28572781479395737,0.9007317047463064,0.20775960497510532,-1.3902624744756385e-17,0.44342591830511524,True
2010-10-13,1.5698803490644209,0.2893219298441607,0.907918983764247,0.20776055308443092,-1.390268818927522e-17,0.45420081221574293,True
2010-10-14,1.564691105317275,0.2886703050315131,0.9052496218002193,0.2077616248650226,-1.3902759909489438e-17,0.45167985865203314,True
2010-10-15,1.6040348031080462,0.29955207269066986,0.9157801152952891,0.20776273787377145,-1.390283438856334e-17,0.48049194993898575,True
2010-10-18,1.6046023415359265,0.2994461228811735,0.9163465407084579,0.20776385088848287,-1.390290886803624e-17,0.48049194993898575,True
2010-10-19,1.5752054541301537,0.29290473146041096,0.9060553596840295,0.20776496390915686,-1.3902983347908134e-17,0.4613851305369674,True
2010-10-20,1.5925217106355518,0.29574327028977687,0.9137780549889304,0.20776607693579346,-1.390305782817903e-17,0.4709775787108278,True
2010-10-21,1.5977083308513467,0.2968394831861335,0.9156782256708604,0.20776718996839272,-1.3903132308848925e-17,0.47426291521209374,True
2010-10-22,1.6109339417855684,0.300142950387364,0.91965529628296,0.20776817933594188,-1.3903198514239392e-17,0.48351046616666654,True
2010-10-25,1.621857903837146,0.30264513486086914,0.923241331096984,0.20776916870820233,-1.3903264719945124e-17,0.49084740403195953,True
2010-10-26,1.6261241728328306,0.3036603306096984,0.924564652036819,0.20777011686117194,-1.390332816738448e-17,0.49378940393483967,True
2010-10-27,1.6313057759196177,0.3058117278668078,0.9246621492154351,0.20777118869110053,-1.3903399890900173e-17,0.4988724380130819,True
2010-10-28,1.635225402756297,0.3068312710592443,0.9257148534336592,0.20777226052655842,-1.3903471614785866e-17,0.5017382887960793,True
2010-10-29,1.632108205032271,0.3059419351035181,0.9250045713434386,0.20777329114293008,-1.3903540580418878e-17,0.4993303425459024,True
2010-11-01,1.6337673958488623,0.30633354991980033,0.9255154316454219,0.20777419808983094,-1.3903601270476635e-17,0.5004777661136096,True
2010-11-02,1.657570135878442,0.3110864155457072,0.9341475199767775,0.2077750638156293,-1.3903659202146788e-17,0.5156475520860354,True
2010-11-03,1.6690233457513326,0.3134162343005865,0.9381482393202779,0.20777609444590617,-1.3903728168710292e-17,0.5230990119851485,True
2010-11-04,1.7023427605793529,0.31816952553001315,0.9529320883005097,0.2077770838558576,-1.3903794376938188e-17,0.5416335884229855,True
2010-11-05,1.7047848356673558,0.31809414359085203,0.9547247313141289,0.20777803204494794,-1.3903857826794628e-17,0.542282072308279,True
2010-11-08,1.7058903133760408,0.31869492521375165,0.9544527060676741,0.20777902146412602,-1.3903924035639943e-17,0.5436585858442406,True
2010-11-09,1.6910978263661063,0.3162849832115301,0.9484490503088072,0.20777992843604018,-1.3903984727371516e-17,0.534868847621259,True
2010-11-10,1.7035830126611793,0.3187672939980587,0.9527555065236675,0.2077809590904471,-1.390405369554973e-17,0.5430465470470647,True
2010-11-11,1.6896413808179718,0.3159922667548948,0.9479457811404641,0.20778198974996642,-1.3904122664070045e-17,0.5339136099275413,True
2010-11-12,1.6491376633288195,0.30727871275941576,0.934609744563471,0.20778302041459812,-1.3904191632932465e-17,0.5067448983507504,True
2010-11-15,1.6412716310328874,0.30544524745112495,0.9321689604731935,0.20778405108434225,-1.3904260602136995e-17,0.5013186194753517,True
2010-11-16,1.601472295462831,0.297502522052691,0.9172451255789726,0.20778512298615376,-1.3904332330462866e-17,0.4764420468977046,True
2010-11-17,1.6075510207897232,0.29918173305389106,0.9188148842965167,0.20778623612078542,-1.3904406817960454e-17,0.480949900372421,True
2010-11-18,1.644059071406777,0.3061358259188639,0.9329663404608827,0.20778734926138032,-1.3904481305857083e-17,0.5033053816845141,True
2010-11-19,1.64688367210138,0.30632987137589146,0.9346055462475701,0.20778846240793844,-1.3904555794152752e-17,0.5044896634458715,True
2010-11-22,1.6637139187731826,0.31122453230613917,0.9381357981792781,0.20778953433250677,-1.390462752400144e-17,0.5177885862613978,True
2010-11-23,1.6250199863569423,0.30358488113613685,0.9238979219203612,0.207790565034562,-1.3904696495368125e-17,0.49333149940201904,True
2010-11-24,1.6699737274743922,0.31266580659318066,0.940038325557596,0.20779171942659488,-1.3904773743682317e-17,0.5221436824902013,True
2010-11-26,1.6581180675081557,0.3129199412601774,0.931466902938948,0.2077929562821168,-1.3904856510195985e-17,0.518858208287091,True
2010-11-29,1.6519553398242963,0.3097152690036014,0.9325253129949556,0.20779423437372282,-1.390494203609978e-17,0.5116357924556177,True
2010-11-30,1.6242254133148768,0.30302788425782523,0.9242443102870879,0.2077955124731901,-1.390502756252963e-17,0.4921855905545988,True
2010-12-01,1.6751101970628492,0.3125059568208302,0.9438314503396464,0.20779683180974776,-1.390511584841694e-17,0.5234819149134552,True
2010-12-02,1.7018434525326964,0.31693762138553677,0.9546671267912425,0.20779810992519135,-1.3905201375915875e-17,0.5393782158162624,True
2010-12-03,1.7088827349538303,0.3182707562573047,0.9571960289561388,0.2077993055888847,-1.3905281386000856e-17,0.5438874004088068,True
2010-12-06,1.7072445554711468,0.31801660463614234,0.9565120610872825,0.20780037756939007,-1.3905353119592675e-17,0.5429321168144743,True
2010-12-07,1.7082822926484074,0.3181146558250237,0.9570512507453457,0.2078014083252312,-1.3905422094558546e-17,0.5434296335778305,True
2010-12-08,1.7193405844022713,0.32044691162234773,0.9605806413260963,0.20780256277750456,-1.3905499346903844e-17,0.5509573802986704,True
2010-12-09,1.7222280988097112,0.3202418343668808,0.9628949372431399,0.20780367600556368,-1.3905573840653306e-17,0.5515294855610076,True
2010-12-10,1.7398110383731111,0.3236608100670379,0.9688975990901092,0.20780478923958653,-1.3905648334801843e-17,0.5631086500434155,True
2010-12-13,1.7318236617675655,0.3213364891546122,0.9675197889051814,0.20780573755511017,-1.3905711793118807e-17,0.5564981353072741,True
2010-12-14,1.735472927117764,0.32200350871779754,0.9688378281948783,0.20780672710621928,-1.3905778010792533e-17,0.5588283718166666,True
2010-12-15,1.725428414289774,0.32057824542620517,0.9644857602716516,0.2078078403565873,-1.3905852506034837e-17,0.5531348136615352,True
2010-12-16,1.7435082840895446,0.32387333050611344,0.9710234957435455,0.20780895361291918,-1.3905927001676222e-17,0.5646758347330798,True
2010-12-17,1.7461771473464704,0.3243632444326367,0.9719714780677429,0.2078099844113002,-1.390599597948873e-17,0.5663956848674274,True
2010-12-20,1.7492348802829922,0.32466947230862875,0.9735008644714576,0.20781085028620822,-1.3906053921136837e-17,0.5679231655253265,True
2010-12-21,1.7646278313180366,0.3271426669498203,0.9795311014743247,0.20781167493245178,-1.3906109103891315e-17,0.5772850549112601,True
2010-12-22,1.7666749703544609,0.3271099470496513,0.9809652673711018,0.20781274697676724,-1.3906180841753106e-17,0.577896956006592,True
2010-12-23,1.760328069580952,0.3257927687777802,0.9790120948083159,0.2078138190266131,-1.3906252579984974e-17,0.5735021557460233,True
2010-12-27,1.7610225261569123,0.32579511187943183,0.979475104143432,0.2078148910819894,-1.390632431858692e-17,0.5737325309314909,True
2010-12-28,1.7583468520010432,0.32487805077223086,0.9792826734647694,0.20781588067668672,-1.3906390539177434e-17,0.5712482978595872,True
2010-12-29,1.763173947181642,0.32591766361547503,0.9807073785591642,0.20781703520936204,-1.390646779690298e-17,0.5746495334131158,True
2010-12-30,1.7569144125089196,0.3246209113064707,0.9787651887849711,0.20781806604783035,-1.3906536777398004e-17,0.5703311576761181,True
2010-12-31,1.7500056572899552,0.32291062025918255,0.9770912718472001,0.2078189731901772,-1.39065974805344e-17,0.5650954122525779,True
2011-01-03,1.7882090317379529,0.3302869322066961,0.9897670349304888,0.20781992157042917,-1.3906660943182782e-17,0.5906220752370349,True
2011-01-04,1.7866624974029044,0.33005950251419175,0.9891366511602571,0.2078209111890812,-1.390672716537627e-17,0.589704935053566,True
2011-01-05,1.8080754959146583,0.33424526173757385,0.9959128040259343,0.20782202451543538,-1.3906801665703332e-17,0.6043406673732886,True
2011-01-06,1.8141738619142154,0.33613386570269355,0.9965454508044518,0.20782313784775383,-1.3906876166429502e-17,0.6098052732620097,True
2011-01-07,1.8113371304865975,0.3358793588323289,0.995122084048822,0.20782429242074676,-1.3906953426852976e-17,0.6083907540170288,True
2011-01-10,1.8194234542849532,0.3381465092088983,0.996366358680486,0.2078254057652147,-1.3907027928392153e-17,0.6152316898392526,True
2011-01-11,1.8247281351751492,0.3387130650288444,0.9988423565499599,0.20782651911564695,-1.3907102430330444e-17,0.6180592595095423,True
2011-01-12,1.8453280801292653,0.34172446638471166,1.006906611699562,0.20782771494280589,-1.3907182451354032e-17,0.6305937534868976,True
2011-01-13,1.84667182548338,0.34255166888165267,1.0062623990104744,0.20782891077684557,-1.3907262472838056e-17,0.6325805156960599,True
2011-01-14,1.8677713465607633,0.3460268886886941,1.0136421733465395,0.20783006538191034,-1.3907339735407676e-17,0.6462991078323135,True
2011-01-18,1.8752153471206743,0.34740376304602544,1.0159272177798189,0.20783126122947437,-1.3907419757796708e-17,0.651456868111381,True
2011-01-19,1.8426406616192545,0.3417043763367455,1.0051698264439999,0.20783245708391926,-1.3907499780646188e-17,0.6296383780913355,True
2011-01-20,1.8242787794151318,0.3373928922818623,1.0009463502813485,0.20783373541848657,-1.3907585322808197e-17,0.6154986937152969,True
2011-01-21,1.8075157055499946,0.33274220696060336,0.9982439268084207,0.20783501376091665,-1.3907670865496358e-17,0.6014367649806573,True
2011-01-24,1.8420963677022657,0.3399796042856454,1.0079849226806818,0.20783625087414295,-1.3907753649254797e-17,0.626275194147441,True
2011-01-25,1.845262412852153,0.340576365093122,1.0089721596452699,0.207837487994733,-1.3907836433505997e-17,0.6284527652121501,True
2011-01-26,1.8596386948801595,0.34318375326697087,1.0136021827280082,0.2078387251226869,-1.390791921824996e-17,0.6381977870294644,True
2011-01-27,1.8763162069828128,0.34669095619376894,1.017974343566268,0.2078400034958076,-1.3908004762991843e-17,0.6505018599207371,True
2011-01-28,1.8054567244976116,0.3331216732143019,0.9961788013544557,0.2078411581624986,-1.3908082029685298e-17,0.6014367649806573,True
2011-01-31,1.8205189122508192,0.33525652358117947,1.0023357990185007,0.20784227159731872,-1.390815653727056e-17,0.6103408416349999,True
2011-02-01,1.8718336627744865,0.34417291722652565,1.019755742979462,0.20784346751511693,-1.3908236564359445e-17,0.6442344522799077,True
2011-02-02,1.867151599153176,0.3434806816315983,1.0179763904878512,0.20784470467866317,-1.390831935148514e-17,0.6413305039866617,True
2011-02-03,1.8716619240983952,0.3439802993106938,1.0200011533890265,0.2078459418495735,-1.3908402139103616e-17,0.643814828859795,True
2011-02-04,1.8875832601054152,0.3472334486136698,1.024304077365088,0.2078471377884902,-1.3908482167605686e-17,0.6554320449518369,True
2011-02-07,1.9027111746184766,0.34947326764768466,1.0299161493005051,0.20784833373428832,-1.3908562196568237e-17,0.6649466915836834,True
2011-02-08,1.922625881355904,0.3532275727980049,1.0356519194386749,0.20784948844725842,-1.3908639466358548e-17,0.6791244734699708,True
2011-02-09,1.9164352719903577,0.3522147732577773,1.033587772796485,0.20785068440658214,-1.390871949622619e-17,0.6749968147872906,True
2011-02-10,1.9207210465059992,0.35314009878847347,1.0345856697456335,0.20785175665213695,-1.3908791247554293e-17,0.6782836201082287,True
2011-02-11,1.941464349985687,0.35653131488233264,1.0414188485465707,0.20785266394154597,-1.390885196053163e-17,0.6921928374975702,True
2011-02-14,1.9483211986124687,0.3575127307269355,1.0439179953284334,0.20785357123491538,-1.3908912673773987e-17,0.6965496320491198,True
2011-02-15,1.9441703574324802,0.35735224032136687,1.0415622461053455,0.2078544785322452,-1.390897338728136e-17,0.6947536327948894,True
2011-02-16,1.9636829193765173,0.36033983657737806,1.0482342275621501,0.20785550955644427,-1.390904238020491e-17,0.7075931822579229,True
2011-02-17,1.9644601930745167,0.3598858228108688,1.0496224032484611,0.20785641686223502,-1.390910309427846e-17,0.7069813729638206,True
2011-02-18,1.9603846114152055,0.35858755340091064,1.0495579306764216,0.20785715920661046,-1.390915276964863e-17,0.7029695215321734,True
2011-02-22,1.8727567352413037,0.3423100268422142,1.0238354253782787,0.20785790155363715,-1.390920244519621e-17,0.641063408309388,True
2011-02-23,1.8495736223872856,0.33804741279979494,1.0164713181699268,0.2078587263865921,-1.3909257640444832e-17,0.6252435778307668,True
2011-02-24,1.8608234586605583,0.34078793596137424,1.0188175980468637,0.2078596749482575,-1.3909321115232833e-17,0.6341461856654372,True
2011-02-25,1.9005191223319322,0.34796617318454903,1.0313420915138207,0.20786066475621132,-1.3909387350093807e-17,0.6613163660619003,True
2011-02-28,1.909603819872788,0.3488319319485638,1.03561133431911,0.20786169581109604,-1.3909456345070743e-17,0.6661307897425819,True
2011-03-01,1.8606127824912895,0.3408060227370508,1.0186419308807764,0.2078628093559393,-1.390953086001841e-17,0.6341080422545737,True
2011-03-02,1.8733336206246822,0.34326526094512605,1.0224193848396295,0.20786388166404343,-1.390960261553212e-17,0.6430503541210093,True
2011-03-03,1.9306157866475337,0.3529529652048286,1.0413343485870046,0.20786487149202923,-1.3909668851733572e-17,0.6814165665684998,True
2011-03-04,1.913946914602243,0.3507559665486046,1.034752712080433,0.20786590256778067,-1.3909737848106844e-17,0.6713282999540293,True
2011-03-07,1.876175400538847,0.34356025743299606,1.0237292870213284,0.20786680991893774,-1.3909798565216168e-17,0.6445793035985807,True
2011-03-08,1.8894385825237812,0.3447078166983048,1.0302666991692253,0.20786763478724338,-1.3909853762830344e-17,0.6513042485673124,True
2011-03-09,1.8720574420183564,0.3408866873914461,1.0260294810998534,0.2078685009023613,-1.3909911720552548e-17,0.6381594600161418,True
2011-03-10,1.8253635100674737,0.333612633724955,1.0085298974348305,0.20786928453360487,-1.3909964158711153e-17,0.6089643280990382,True
2011-03-11,1.8421647694375705,0.3360877287461593,1.0151659753967464,0.2078698207043588,-1.3910000037585642e-17,0.6191289733364652,True
2011-03-14,1.8312671653127746,0.3347912210720293,1.0103045968080673,0.20787039812052988,-1.39100386764748e-17,0.6130921703841775,True
2011-03-15,1.7932318301727805,0.3279125790300296,0.9973375391596303,0.20787101678245362,-1.3910080075401074e-17,0.5880232742306966,True
2011-03-16,1.728778364340753,0.31516051753164315,0.9760638799144321,0.20787180042318165,-1.3910132514194352e-17,0.5448426840031393,True
2011-03-17,1.7539605966648653,0.3187408199855843,0.9870292562834302,0.2078725015780714,-1.3910179433292614e-17,0.5590588388033638,True
2011-03-18,1.7515857138218756,0.3174270115110447,0.9877120162762684,0.20787307900168936,-1.3910218072680093e-17,0.5560006185439179,True
2011-03-21,1.799792730931775,0.326165327172664,1.0048891308221994,0.2078736151822306,-1.3910253952209518e-17,0.5870299849273448,True
2011-03-22,1.7955399007590462,0.326043776960189,1.0022410972239022,0.20787419260894188,-1.3910292591803993e-17,0.5854246109262023,True
2011-03-23,1.8086446111683814,0.32858334611416895,1.0064791778825126,0.20787493501680215,-1.3910342271422367e-17,0.5942904982690668,True
2011-03-24,1.854729103458899,0.33784913461403626,1.020234844729578,0.20787563618226496,-1.3910389191228142e-17,0.6266186225470564,True
2011-03-25,1.8621335879558458,0.33896818796637257,1.023053243790228,0.20787629610490477,-1.3910433351192842e-17,0.631204048060713,True
2011-03-28,1.8473990418630186,0.33588054394866723,1.0190166907621816,0.20787695602963957,-1.3910477511297734e-17,0.6205053950711974,True
2011-03-29,1.8735870679650861,0.3406898406133241,1.0273973724484065,0.20787761595646936,-1.3910521671542815e-17,0.6383120795602104,True
2011-03-30,1.8889626593728328,0.3428930693491254,1.0333720555925205,0.20787839962207524,-1.391057411200084e-17,0.647712204158237,True
2011-03-31,1.8917351778540379,0.3438449210662207,1.0333924616559877,0.2078791832906354,-1.3910626552656555e-17,0.6504635329074147,True
2011-04-01,1.8951814193697374,0.3437438028112527,1.0358446255420368,0.20787992571631952,-1.3910676233467647e-17,0.651456868111381,True
2011-04-04,1.8880128646047596,0.3419323791201614,1.0345597545784788,0.20788037942250415,-1.3910706594070374e-17,0.6455727306037766,True
2011-04-05,1.879243794282953,0.3396237086319048,1.0331273792998297,0.20788066814525458,-1.391072591449628e-17,0.6382357468378688,True
2011-04-06,1.88695309978116,0.3407876720389008,1.0360215413147797,0.207881204345371,-1.3910761795335614e-17,0.6430503541210093,True
2011-04-07,1.8851218172573463,0.3410377667329155,1.0343424658723215,0.2078816168080842,-1.3910789396053875e-17,0.6428977345769407,True
2011-04-08,1.8712681142079912,0.3384168483950965,1.0301175509629343,0.20788190553255323,-1.3910808716594785e-17,0.6332686577125038,True
2011-04-11,1.862266057058735,0.3369742301593717,1.026848191872016,0.20788219425742324,-1.391082803716253e-17,0.6275356709292959,True
2011-04-12,1.8425211472311245,0.33386607917131905,1.019483353032134,0.20788248298269427,-1.3910847357757106e-17,0.6151553112162962,True
2011-04-13,1.8614970739415315,0.33834549076817416,1.0237850786938354,0.2078828542014286,-1.3910872198556946e-17,0.6298291410462676,True
2011-04-14,1.8575467589299577,0.33721338177288407,1.023273867882511,0.20788326666741533,-1.391089979949426e-17,0.6263896243800313,True
2011-04-15,1.8544628615127143,0.3355903103563437,1.0242392913991152,0.20788380287423427,-1.391093568078211e-17,0.622339767239365,True
2011-04-18,1.83310812735664,0.3329540863010178,1.0148829878859817,0.20788429783565862,-1.39109688020568e-17,0.6103408416349999,True
2011-04-19,1.8501861418105323,0.33582907162277464,1.0209550959255924,0.20788475155138558,-1.391099916329807e-17,0.6213462943335544,True
2011-04-20,1.9100364114646506,0.34695291252968224,1.0394585102011447,0.20788520526810278,-1.3911029524605604e-17,0.6626926959954031,True
2011-04-21,1.9336360574127878,0.3514136192669221,1.0462443531465278,0.20788565898581024,-1.39110598859794e-17,0.6795060452804498,True
2011-04-25,1.939477267094134,0.3529556539498904,1.0470417697557617,0.207886030210216,-1.3911084727158755e-17,0.6845494671281563,True
2011-04-26,1.9587062755417843,0.35549957926746717,1.0545006172428477,0.2078864014352847,-1.391110956838247e-17,0.6963192568636519,True
2011-04-27,1.9801792801225977,0.35893930790136475,1.0615282446391672,0.20788685515560285,-1.3911139929930967e-17,0.7107641803278278,True
2011-04-28,1.9800250222873297,0.358427042291455,1.0624432422562817,0.20788726762952797,-1.3911167531399493e-17,0.7096945124015198,True
2011-04-29,1.9773852097576698,0.357166116268178,1.063242657660541,0.20788755636184536,-1.391118685246559e-17,0.7062549957352835,True
2011-05-02,1.9717563612754145,0.35624779772668774,1.0614346135753747,0.20788788634208616,-1.3911208933714068e-17,0.7024338613579537,True
2011-05-03,1.9567802604953957,0.35358408558233845,1.0570057675749014,0.2078881338276596,-1.3911225494676714e-17,0.6918863590928345,True
2011-05-04,1.9484155204129199,0.35302340042093494,1.0526909078979347,0.2078883400658907,-1.3911239295495864e-17,0.6878362724490945,True
2011-05-05,1.9304616385596143,0.3509622660907051,1.0450539422329235,0.2078885050566331,-1.3911250336161726e-17,0.6775191912700579,True
2011-05-06,1.9403570107138197,0.35220501315275776,1.0490649566822434,0.20788858755206974,-1.3911255856499038e-17,0.6834034664795066,True
2011-05-09,1.9517759399380115,0.35394252661297165,1.0530708035741394,0.20788862879980446,-1.391125861666879e-17,0.6908165075640674,True
2011-05-10,1.9784885264212997,0.35812612026275764,1.0620514364221119,0.20788867004754738,-1.3911261376839092e-17,0.7085484199516405,True
2011-05-11,1.953756114387835,0.3548358619694814,1.0526045031745725,0.20788887628631042,-1.391127517769384e-17,0.6932627349269521,True
2011-05-12,1.9716246967965834,0.3578219131372976,1.0582451345226074,0.2078890412774784,-1.391128621838818e-17,0.7054905209964978,True
2011-05-13,1.9362937632555264,0.3514443104133614,1.047905130601718,0.20788920626877733,-1.3911297259091282e-17,0.6804994263850309,True
2011-05-16,1.888525362637663,0.34159639145724646,1.0355225423249423,0.2078893712602072,-1.3911308299803148e-17,0.6451134490525134,True
2011-05-17,1.8951647123385245,0.34318241361856744,1.0368879759016834,0.20788953625176804,-1.3911319340523774e-17,0.6503872001850729,True
2011-05-18,1.9199410533412988,0.3469935055583607,1.0458441517897537,0.20788982498723627,-1.391133866180072e-17,0.6662070765643089,True
2011-05-19,1.9284514427053883,0.3484350440293507,1.0486212243867932,0.20789015497107807,-1.3911360743290163e-17,0.6719400633475169,True
2011-05-20,1.905496644621473,0.3448516970786148,1.040492407990708,0.20789048495544366,-1.391138282481466e-17,0.657113751675321,True
2011-05-23,1.8632987844823223,0.33736160930953046,1.0268024929845412,0.207890814940333,-1.3911404906374204e-17,0.6286054765574483,True
2011-05-24,1.847869804058122,0.3337683997872153,1.0232180703685816,0.20789118617394586,-1.3911429748169667e-17,0.6167605475155945,True
2011-05-25,1.8584435867608957,0.3355702545262783,1.0269136006723483,0.20789159865646428,-1.391145735021323e-17,0.6236383874320833,True
2011-05-26,1.8756679924540776,0.3387230249716072,1.032444086316134,0.20789196989147662,-1.3911482192102343e-17,0.6353319362464669,True
2011-05-27,1.889744127483881,0.3412145351774675,1.0370436222929678,0.20789234112715188,-1.3911507034035814e-17,0.6448081640637614,True
2011-05-31,1.9345687667680571,0.3493478496373283,1.0508386982555824,0.20789262986651577,-1.3911526355573443e-17,0.6758374386459588,True
2011-06-01,1.8681530294001356,0.3386536779174683,1.0276031752263095,0.20789295985480977,-1.3911548437360815e-17,0.6326568943190163,True
2011-06-02,1.8723563585702114,0.3398526506654698,1.0281377972761505,0.20789328984362754,-1.3911570519183238e-17,0.6363252714504333,True
2011-06-03,1.8306269498697927,0.3318182465112768,1.015297946763402,0.2078935785843091,-1.391158984080904e-17,0.6074354245220815,True
2011-06-06,1.8064375660637522,0.32813843435715545,1.0057821452949829,0.20789382607665902,-1.391160640222515e-17,0.5927615946921102,True
2011-06-07,1.8017884114585545,0.3270769482678918,1.0045708828449342,0.2078940735693036,-1.3911622963660973e-17,0.5893234550443166,True
2011-06-08,1.7833974291228094,0.3233360144576459,0.998866408636339,0.20789440355988917,-1.3911645045601692e-17,0.5766366169265813,True
2011-06-09,1.7906328972269046,0.3234380997383907,1.0035793033166678,0.20789469230211757,-1.3911664367331005e-17,0.5791589016081191,True
2011-06-10,1.7493703191771872,0.31586374619553403,0.9889126343849184,0.20789502229368526,-1.3911686449337443e-17,0.5525626624985834,True
2011-06-13,1.7501395355807596,0.31594286362071755,0.9893001279367688,0.207895311036773,-1.391170577112426e-17,0.5529440966072179,True
2011-06-14,1.783309998743968,0.32159420187738297,1.0019122019686217,0.20789564102932281,-1.391172785319642e-17,0.5735021557460233,True
2011-06-15,1.7335612008748567,0.31274788331756864,0.9834975511791026,0.20789605352068022,-1.3911755455831462e-17,0.5421675961750738,True
2011-06-16,1.725177758022811,0.30988220614351375,0.9826794436133337,0.20789642476364767,-1.3911780298252905e-17,0.5346018896458296,True
2011-06-17,1.7211317198994789,0.30830187462666825,0.9826068706663647,0.2078967135086833,-1.391179962017007e-17,0.530628135724431,True
2011-06-20,1.7332329900483652,0.3102053971203648,0.9876778423128688,0.20789691975542599,-1.3911813421558786e-17,0.5376582279800705,True
2011-06-21,1.7864392239276392,0.32103087978841494,1.0050400246780264,0.20789704350358973,-1.3911821702399923e-17,0.5735021557460233,True
2011-06-22,1.7668561682526374,0.3172789261134,0.9983727320913642,0.20789720850123963,-1.3911832743528012e-17,0.5605862276600335,True
2011-06-23,1.7855784526186633,0.32264102655710475,1.0015802966674012,0.20789729100013005,-1.3911838264096438e-17,0.5761008649511321,True
2011-06-24,1.7407342825881247,0.31352271156166517,0.9870772179531544,0.20789733224959164,-1.3911841024381746e-17,0.5457597323853788,True
2011-06-27,1.7795482684990136,0.32158713113060416,0.9993710313754507,0.20789741474853116,-1.3911846544953457e-17,0.5722798223750318,True
2011-06-28,1.819166215781375,0.32869954362401127,1.0133095723808279,0.20789753849698955,-1.391185482581431e-17,0.5979591049035576,True
2011-06-29,1.8330732484721968,0.3302915564977695,1.0197268873153416,0.20789774474455067,-1.3911868627257795e-17,0.6054486164123044,True
2011-06-30,1.867745358409869,0.33647668424521854,1.0313946834549619,0.2078979097427571,-1.3911879668423126e-17,0.6284527652121501,True
2011-07-01,1.9122579262056938,0.3438718183860699,1.0467882824066568,0.20789803349151012,-1.3911887949303697e-17,0.657571610307527,True
2011-07-05,1.9239255113834544,0.34671193140237055,1.0489794654666755,0.2078981159907279,-1.391189346989403e-17,0.6670479299260509,True
2011-07-06,1.9333728952741112,0.3486942002615345,1.051318781259199,0.20789819848997843,-1.3911898990486553e-17,0.6741559155249337,True
2011-07-07,1.9733139759989684,0.3554631664723609,1.0639753019065907,0.20789823973962007,-1.391190175078391e-17,0.7014404343527577,True
2011-07-08,1.9622950175441667,0.35449949036586353,1.058764029139067,0.20789840473821936,-1.391191279197553e-17,0.6956325836668803,True
2011-07-11,1.905831346332222,0.34543242696235305,1.0395968292508042,0.2078985697369496,-1.3911923833175913e-17,0.6583359473444683,True
2011-07-12,1.8835901657420453,0.3409901513935408,1.0334057764761853,0.20789869348609546,-1.3911932114082772e-17,0.6422856957797646,True
2011-07-13,1.8960371441402426,0.34326673596442764,1.0372917214193718,0.20789894098453457,-1.391194867590635e-17,0.6508464817363361,True
2011-07-14,1.8640471753730472,0.3371442383620894,1.0276954279265735,0.20789898223432354,-1.3911951436213563e-17,0.6284527652121501,True
2011-07-15,1.8988633529360675,0.34412448559478037,1.0375189549080426,0.2078990234841207,-1.3911954196521327e-17,0.6534453745439041,True
2011-07-18,1.8810524653192533,0.34165380724818945,1.0304846641754115,0.20789906473392605,-1.3911956956829638e-17,0.6426687364099157,True
2011-07-19,1.9464663093693577,0.3534553537259433,1.0505782654918405,0.2078991059837396,-1.39119597171385e-17,0.6879889378937777,True
2011-07-20,1.9342893526973475,0.3507024178593571,1.048030087633921,0.20789931223285577,-1.3911973518686042e-17,0.6783599528305705,True
2011-07-21,1.9588022800580691,0.3533366769193109,1.0587861144480755,0.20789947723230626,-1.391198455993462e-17,0.6921166883776876,True
2011-07-22,1.986106535420832,0.35929187124364154,1.064614835838674,0.2078997659815814,-1.3912003882135478e-17,0.7135919336005766,True
2011-07-25,1.9778659120711461,0.35866396355955316,1.060576671177081,0.2079000134812973,-1.3912020444044492e-17,0.7093892274127679,True
2011-07-26,1.9811194617467731,0.3600421965883359,1.059932556804246,0.20790030223131725,-1.391203976629519e-17,0.7132866027112099,True
2011-07-27,1.902472235354913,0.34648436926306475,1.035394504365396,0.20790083848207713,-1.3912075650523428e-17,0.6591768925074399,True
2011-07-28,1.9053734594812173,0.34780199792214844,1.0347793475014055,0.2079014159844087,-1.3912114295178178e-17,0.6626926959954031,True
2011-07-29,1.8937288024546555,0.3465506240718928,1.029553951903035,0.20790195223804137,-1.3912150179598655e-17,0.656272898313579,True
2011-08-01,1.880278016469259,0.3443145137581303,1.0249683107535013,0.20790269474504317,-1.3912199865851272e-17,0.6474070109707146,True
2011-08-02,1.8050825449454586,0.33143318230277496,0.9989149792519056,0.20790331350308783,-1.391224127120966e-17,0.5982642521904652,True
2011-08-03,1.8280970650663286,0.3357474540663458,1.0064144036744815,0.20790372600966842,-1.391226887486339e-17,0.6137789353821788,True
2011-08-04,1.697607895200358,0.31234841832089455,0.959458945694318,0.20790380851114512,-1.391227439560488e-17,0.5302451409948947,True
2011-08-05,1.6821852610035792,0.30826063716068797,0.9557298696116432,0.20790389101265458,-1.3912279916348564e-17,0.5185515003792815,True
2011-08-08,1.5312031819321845,0.2791608315643312,0.8958472548558492,0.20790397351419676,-1.3912285437094438e-17,0.4274519535621385,True
2011-08-09,1.632177904514776,0.2977584109515622,0.9382791080096466,0.20790409726655917,-1.3912293718216536e-17,0.48599469923857025,True
2011-08-10,1.5349349452704586,0.27927844261632984,0.8983563594665119,0.20790434477143135,-1.3912310280470593e-17,0.42867424103251517,True
2011-08-11,1.6299059679752426,0.29676634028310134,0.9383002703296293,0.20790446852401476,-1.391231856160748e-17,0.48370122912159846,True
2011-08-12,1.6495226231891227,0.3006971059738205,0.9456113931320225,0.20790455102578612,-1.391232408236869e-17,0.496006679031314,True
2011-08-15,1.6879013626233548,0.30653786695742297,0.9625910870135757,0.2079045922766882,-1.391232684275039e-17,0.5174056833330909,True
2011-08-16,1.6664208038000465,0.3025094529456353,0.9544081245376701,0.20790463352759847,-1.391232960313264e-17,0.504108045734778,True
2011-08-17,1.6557296260272332,0.2995237775623579,0.9518944352863739,0.2079047985312722,-1.3912340644663823e-17,0.495930392209587,True
2011-08-18,1.5399274794586801,0.27534574741504525,0.9080101568799398,0.20790483978222338,-1.3912343405048812e-17,0.424012482796517,True
2011-08-19,1.5005466593237844,0.26673197062530835,0.8923979695829861,0.20790492228414206,-1.391234892581988e-17,0.40024376745665624,True
2011-08-22,1.5061010595863173,0.26813339841823947,0.8943600593320332,0.2079050047860935,-1.3912354446593138e-17,0.40383599546819066,True
2011-08-23,1.5892372758884652,0.28555800376253737,0.9275128058436567,0.2079050460370856,-1.3912357206980863e-17,0.453819424007723,True
2011-08-24,1.610106042158452,0.28850245490302734,0.9376814090534554,0.20790508728808588,-1.3912359967369136e-17,0.4645195458169107,True
2011-08-25,1.572989498174746,0.2811221032483503,0.9228822122701916,0.2079051697901028,-1.3912365488146777e-17,0.44220211611445165,True
2011-08-26,1.62321624377211,0.2921043248542497,0.9411625065004542,0.20790525229215243,-1.391237100892661e-17,0.4741484849795034,True
2011-08-29,1.6902007179782501,0.30440263453018274,0.9677938317466297,0.20790533479423481,-1.391237652970863e-17,0.5145015514373857,True
2011-08-30,1.705136627030433,0.30787649115122495,0.9722597693215758,0.2079053760452924,-1.3912379290100738e-17,0.5249714816635647,True
2011-08-31,1.7111479021952034,0.3085819641547684,0.9752130217780062,0.20790549979848968,-1.39123875712787e-17,0.5280293806187074,True
2011-09-01,1.6867105889473923,0.3042173339544559,0.9656783668733058,0.20790562355176062,-1.3912395852461593e-17,0.5131265985223258,True
2011-09-02,1.6271252606668356,0.2932811076400243,0.9420144558954124,0.20790570605399034,-1.3912401373253473e-17,0.47720509871743283,True
2011-09-06,1.6236998856958162,0.2938527767956384,0.9386653357939558,0.20790582980738403,-1.3912409654444582e-17,0.4771287200944763,True
2011-09-07,1.6849028707323974,0.30458905736340863,0.9637939400262638,0.2079059535608514,-1.391241793564062e-17,0.5132029771452821,True
2011-09-08,1.6705824474096762,0.30294526213401823,0.9565813326482697,0.20790607731439242,-1.3912426216841586e-17,0.5060950374470141,True
2011-09-09,1.6140847997203327,0.2929050431842082,0.9334050619384726,0.2079061598168022,-1.3912431737645515e-17,0.47277357796505803,True
2011-09-12,1.6408025386430027,0.29894158607278326,0.9423922242407908,0.20790620106802346,-1.3912434498048576e-17,0.4905041133341885,True
2011-09-13,1.6704532988559841,0.30502766085168465,0.9530125942247104,0.20790624231925292,-1.3912437258452186e-17,0.5095344623120209,True
2011-09-14,1.7058705448762355,0.31159763652865585,0.9664190312984595,0.20790628357049057,-1.3912440018856345e-17,0.5315452300072854,True
2011-09-15,1.7455171564422045,0.3183558036692517,0.9819153144628432,0.2079063248217364,-1.3912442779261048e-17,0.555695517157625,True
2011-09-16,1.7674442663257584,0.3226221050393148,0.9893213105110844,0.20790636607299043,-1.39124455396663e-17,0.5702165897416835,True
2011-09-19,1.7641452705775746,0.3240481250124899,0.9845708960730071,0.20790640732425264,-1.3912448300072102e-17,0.5716679671803148,True
2011-09-20,1.7532982336475398,0.32143303784824656,0.9818238075767232,0.20790644857552304,-1.391245106047845e-17,0.5635679774952935,True
2011-09-21,1.7016399113742624,0.3143479612562335,0.9588263846147236,0.2079064898268016,-1.3912453820885346e-17,0.5349070369327372,True
2011-09-22,1.6185156620020802,0.29833619161993213,0.927747332245078,0.20790653107808835,-1.391245658129279e-17,0.48286179867891393,True
2011-09-23,1.6413006773807817,0.30336742150946705,0.9354769506326491,0.20790657232938328,-1.391245934170078e-17,0.49791715441874934,True
2011-09-26,1.6747553636163022,0.3073922327461007,0.9520419595100927,0.2079066135806864,-1.391246210210932e-17,0.5148067905255229,True
2011-09-27,1.7007769626119984,0.31194672474119417,0.9623185047779114,0.20790665483199772,-1.3912464862518407e-17,0.5305518030020894,True
2011-09-28,1.6588317153560963,0.30476833339557147,0.9453656007486653,0.20790673733463666,-1.3912470383337672e-17,0.5055593772727944,True
2011-09-29,1.6419543252424034,0.29877826375081795,0.9434672429510238,0.20790681983730835,-1.3912475904159128e-17,0.4905802624540711,True
2011-09-30,1.5798591538360451,0.28638188858483477,0.9195092033224269,0.20790690234001277,-1.3912481424982776e-17,0.4524430481736056,True
2011-10-03,1.5194902408949273,0.2744223713418528,0.8946011409149883,0.20790698484274994,-1.3912486945808614e-17,0.41698211513718914,True
2011-10-04,1.5638530583096166,0.28286205497852257,0.9135912187034212,0.20790714984828979,-1.3912497987464675e-17,0.4423546897579055,True
2011-10-05,1.6176673347833979,0.2942402316053376,0.9337773324366343,0.2079071910997075,-1.3912500747880882e-17,0.4759828112470561,True
2011-10-06,1.6584205267787713,0.30175674307056416,0.9500737176255063,0.2079072323511334,-1.3912503508297638e-17,0.5004395768021314,True
2011-10-07,1.6417790178293936,0.2985304207083849,0.9437507633240184,0.20790727360256747,-1.391250626871494e-17,0.49012098090280787,True
2011-10-10,1.724170003829503,0.3134318188643921,0.9758529486437862,0.20790731485400973,-1.3912509029132788e-17,0.540409740331707,True
2011-10-11,1.7395149145668019,0.31730154009096606,0.9796567970580903,0.20790735610546018,-1.3912511789551186e-17,0.5519507614032515,True
2011-10-12,1.7551130504723713,0.31953308904847605,0.9863889584687219,0.20790739735691882,-1.3912514549970132e-17,0.5608166946467307,True
2011-10-13,1.7737193764189665,0.32466922555124383,0.9899397590204665,0.20790752111131924,-1.3912522831228608e-17,0.575872096287181,True
2011-10-14,1.823083297070799,0.3332758079472666,1.0075860934185685,0.20790764486579333,-1.3912531112492014e-17,0.6075895587864372,True
2011-10-17,1.7775468470679785,0.32599095070415923,0.9901748918507665,0.20790776862034108,-1.3912539393760348e-17,0.579464186596871,True
2011-10-18,1.814378276362651,0.33095721052798377,1.0059887695485938,0.20790793362650298,-1.3912550435458034e-17,0.6004815731875542,True
2011-10-19,1.764092091554382,0.32076558100468294,0.9903239269767976,0.20790813988437673,-1.3912564237591608e-17,0.5658600246932077,True
2011-10-20,1.7566366520742727,0.31803714542349293,0.9900526408114563,0.20790830489083328,-1.3912575279309013e-17,0.5586757063719832,True
2011-10-21,1.7921177861639628,0.3228286695101498,1.0056623570054015,0.2079084286457739,-1.3912583560603637e-17,0.5785470005127873,True
2011-10-24,1.8448752020000376,0.33319114208877265,1.0222705740336018,0.2079085524007882,-1.391259184190319e-17,0.6146960755656476,True
2011-10-25,1.7900368032861511,0.3239294408031302,1.002282588928161,0.2079085936524842,-1.3912594602338018e-17,0.5798456207055057,True
2011-10-26,1.7922238074007577,0.32225529926746466,1.006761470584955,0.2079087174075967,-1.3912602883644142e-17,0.5775536194082062,True
2011-10-27,1.870191042145947,0.33370792775587116,1.038184623801047,0.20790884116278285,-1.3912611164955197e-17,0.624097577182117,True
2011-10-28,1.8729268940960058,0.3343220527660135,1.0388572065148656,0.20790892366628938,-1.3912616685832518e-17,0.6261607639148506,True
2011-10-31,1.8206516891572235,0.32687820255520383,1.0176113313565862,0.20790900616982866,-1.391262220671203e-17,0.5951313516308089,True
2011-11-01,1.7471195224144007,0.31425827492937936,0.9901637077833952,0.2079090474216147,-1.3912624967152882e-17,0.5490467672093907,True
2011-11-02,1.7729316809150562,0.3173122518055645,1.0024496482730663,0.20790908867340893,-1.3912627727594284e-17,0.562572943968581,True
2011-11-03,1.8266986343809597,0.3267167845982207,1.0219764002008405,0.20790912992521132,-1.3912630488036233e-17,0.5968131042549079,True
2011-11-04,1.8116960784871061,0.32431797263236806,1.0162213081091342,0.2079091711770219,-1.391263324847873e-17,0.5875655992009499,True
2011-11-07,1.8315272444365829,0.3279415935815452,1.022984068779193,0.20790921242884067,-1.3912636008921772e-17,0.6006339632285492,True
2011-11-08,1.864001292048568,0.33297078245720413,1.0354340696532491,0.20790925368066762,-1.3912638769365364e-17,0.6206579687146512,True
2011-11-09,1.7624937587514728,0.3157231252785907,0.9981244260219445,0.20790929493250276,-1.3912641529809505e-17,0.5564600377970255,True
2011-11-10,1.7646372032233,0.3140398915236397,1.0025613911601299,0.2079093361843461,-1.391264429025419e-17,0.5541664758788241,True
2011-11-11,1.8146245464256952,0.32253062625817364,1.0214431776073638,0.2079093774361976,-1.3912647050699426e-17,0.5852719913821337,True
2011-11-14,1.7966718873512546,0.32022340543243916,1.0134260784508509,0.20790941868805732,-1.391264981114521e-17,0.5753363902123465,True
2011-11-15,1.8233133312511245,0.32568877513224703,1.0215711857737237,0.2079094599399252,-1.391265257159154e-17,0.5938326855374757,True
2011-11-16,1.777504207461713,0.31761469144835464,1.0050332146169316,0.2079095424436773,-1.3912658092485295e-17,0.5645614504011041,True
2011-11-17,1.7189218273729483,0.3058521081232705,0.9852763790762578,0.20790958369556972,-1.391266085293327e-17,0.5257358646011208,True
2011-11-18,1.701994072895379,0.30148553787229754,0.980957849425583,0.20790962494747034,-1.3912663613381792e-17,0.5131265985223258,True
2011-11-21,1.6534738786637948,0.2923055620334838,0.9622446010539107,0.20790966619937915,-1.391266637383086e-17,0.4833196114105049,True
2011-11-22,1.6573816658161904,0.29415294296541616,0.961948263748138,0.20790970745129614,-1.3912669134280476e-17,0.4875236946167563,True
2011-11-23,1.6035120905471723,0.28382570676090774,0.9404843069408888,0.20790983120707163,-1.3912677415630965e-17,0.4551179523992119,True
2011-11-25,1.588689822985746,0.27997965297191396,0.9359790427032646,0.20790995496292078,-1.3912685696986384e-17,0.4448008253195606,True
2011-11-28,1.6644617601491911,0.2948297448741261,0.9658189278367711,0.20790999621489506,-1.3912688457439834e-17,0.49073283609752494,True
2011-11-29,1.6539672606698457,0.2913401045557107,0.9641901872957105,0.20791007871885994,-1.3912693978347828e-17,0.4818669946552752,True
2011-11-30,1.7445118249392544,0.3065352254669066,1.001847296876959,0.20791020247485642,-1.3912702259713105e-17,0.5347543255874391,True
2011-12-01,1.7593611128575999,0.3104644644843197,1.005231680888802,0.20791032623092656,-1.3912710541083312e-17,0.5462191057378715,True
2011-12-02,1.7523047624477917,0.3087485733763982,1.0033727169342972,0.20791044998707037,-1.391271882245845e-17,0.541021595526424,True
2011-12-05,1.7809934433219428,0.3137305682342911,1.0143307845837153,0.20791057374328784,-1.3912727103838515e-17,0.5587520849949398,True
2011-12-06,1.7754578964047765,0.31229866898494313,1.0130740610191786,0.20791069749957897,-1.391273538522351e-17,0.5544731378860187,True
2011-12-07,1.77818429841859,0.3122926829581213,1.0149596143197435,0.20791073875170057,-1.391273814568682e-17,0.5553139453471461,True
2011-12-08,1.7302390696748262,0.30460299316508627,0.9952922901568695,0.20791078000383037,-1.3912740906150677e-17,0.5270359995141263,True
2011-12-09,1.771642339562072,0.3115905710186587,1.011704470081125,0.20791082125596835,-1.3912743666615082e-17,0.5520270482249785,True
2011-12-12,1.7404669776301294,0.3067645734103693,0.9986425051944734,0.20791086250811452,-1.3912746427080035e-17,0.5339136099275413,True
2011-12-13,1.7122769960038398,0.3012818453883854,0.988488119071453,0.20791090376026888,-1.3912749187545536e-17,0.5158779731721179,True
2011-12-14,1.6753051009412028,0.2936055816167824,0.9755152273813673,0.20791094501243143,-1.3912751948011583e-17,0.49187892854740417,True
2011-12-15,1.6719138292541007,0.29191566666353175,0.9759450029188095,0.20791098626460217,-1.391275470847818e-17,0.48805784007068903,True
2011-12-16,1.6812642358858705,0.2939290221107797,0.9791808556053283,0.20791102751678106,-1.3912757468945323e-17,0.49417235276376115,True
2011-12-19,1.6575300534744113,0.28988430643040736,0.9691270347664576,0.20791106876896814,-1.3912760229413015e-17,0.48049194993898575,True
2011-12-20,1.7292004523325617,0.30253129213074664,0.9981520951141567,0.20791111002116341,-1.3912762989881253e-17,0.5231372471972414,True
2011-12-21,1.7012479330318304,0.29469941044556425,0.9919800188722484,0.20791115127336687,-1.391276575035004e-17,0.5013567628862152,True
2011-12-22,1.7220979833832195,0.29823181735857623,1.0006023796037242,0.20791119252557852,-1.3912768510819375e-17,0.5135844112539167,True
2011-12-23,1.7441893571658091,0.3020792311370411,1.009394743417953,0.20791123377779835,-1.3912771271289258e-17,0.5268833799700576,True
2011-12-27,1.7505212565765866,0.3033001586344002,1.0116766067339922,0.20791127503002638,-1.3912774031759687e-17,0.5309333748125683,True
2011-12-28,1.7209928089265256,0.29860066920441075,0.9991918882028238,0.2079113162822626,-1.3912776792230665e-17,0.5138896044414392,True
2011-12-29,1.7397625068728688,0.301134045518496,1.0079494274023346,0.20791135753450699,-1.391277955270219e-17,0.5239017219360271,True
2011-12-30,1.731565977156131,0.3000883222364437,1.0040318494428797,0.20791139878675957,-1.3912782313174262e-17,0.5196227289264915,True
2012-01-03,1.77876398687778,0.3087533505874719,1.0216532059859151,0.20791144003902032,-1.3912785073646882e-17,0.5491993408528445,True
2012-01-04,1.788292504009844,0.31078342331095976,1.0246093564410472,0.20791148129128925,-1.391278783412005e-17,0.5557716662775076,True
2012-01-05,1.807551045344954,0.31504065711937257,1.0301874124468273,0.20791156379584347,-1.3912793355067477e-17,0.5694520691022831,True
2012-01-06,1.813895847406897,0.317182704307325,1.03064781089412,0.2079116463004304,-1.3912798876017096e-17,0.5753363902123465,True
2012-01-09,1.8086386287288936,0.31544271236283206,1.030204983941098,0.20791177005735997,-1.3912807157444813e-17,0.5705218747304354,True
2012-01-10,1.8285531242964173,0.31840222190330214,1.0384259353425185,0.20791181130969438,-1.3912809917922363e-17,0.5822153776442043,True
2012-01-11,1.8339584619568094,0.31967218579368567,1.0397810579538707,0.20791189381437955,-1.3912815438878555e-17,0.5862655101885592,True
2012-01-12,1.844217219234503,0.32166540365001434,1.043084325419673,0.20791201757145644,-1.391282372031613e-17,0.5932208762433734,True
2012-01-13,1.83284027347606,0.3199503822654453,1.0385101447649006,0.20791218258099053,-1.391283476223947e-17,0.5864179461301687,True
2012-01-17,1.8553313669274085,0.32455827187702285,1.0452558771275586,0.20791234759065558,-1.3912845804171574e-17,0.6021631422091943,True
2012-01-18,1.8919743680500924,0.3309158432922746,1.0579775619589764,0.20791251260045157,-1.3912856846112442e-17,0.6260842934906646,True
2012-01-19,1.9105887431878867,0.3342515625221243,1.064058751577286,0.20791271886286794,-1.3912870648549996e-17,0.6386172727477328,True
2012-01-20,1.908944700923976,0.33305823299665,1.0652419030628688,0.20791304888304923,-1.3912892732471165e-17,0.635789748978058,True
2012-01-23,1.9076745456533826,0.33323999819822403,1.064047704593297,0.20791337890375436,-1.391291481642739e-17,0.6357134621563311,True
2012-01-24,1.9025741826647988,0.33228541858110044,1.0624628563240937,0.2079136676723374,-1.3912934139920272e-17,0.6321976586683677,True
2012-01-25,1.9378468257466706,0.33870028746138797,1.0735835923688135,0.20791395644132152,-1.3912953463439992e-17,0.6563492769365356,True
2012-01-26,1.9262727910846995,0.3371245350534245,1.068964726793501,0.2079142452107067,-1.391297278698655e-17,0.6493938190804917,True
2012-01-27,1.9340474024518124,0.3390886511518304,1.0703192610045666,0.2079146164861593,-1.39129976315818e-17,0.6558135249610864,True
2012-01-30,1.9337334798386978,0.33969690835751454,1.0689351661349078,0.20791502901516642,-1.3913025236736244e-17,0.6568832846886238,True
2012-01-31,1.9365313998650397,0.34039050053790976,1.069439107065581,0.2079154002920187,-1.3913050081425153e-17,0.6591768925074399,True
2012-02-01,1.9617443884102475,0.3442742669147594,1.0784504231405385,0.207915854075628,-1.3913080447208897e-17,0.6753781111940809,True
2012-02-02,1.9712341491131435,0.34614543739461406,1.0809841345009468,0.2079163078602277,-1.3913110813058916e-17,0.6823337067519689,True
2012-02-03,2.0133607484428886,0.35237878089379526,1.0959782157483768,0.20791692665878758,-1.3913152221128456e-17,0.7094656060357243,True
2012-02-06,2.0118651305870086,0.35229865135703625,1.0951702541631494,0.20791750420580854,-1.391319086877368e-17,0.7087773722180507,True
2012-02-07,2.0174553675215976,0.35283751577108685,1.0977033869652935,0.2079180405009386,-1.3913226755971033e-17,0.7118339400553655,True
2012-02-08,2.0338460881838083,0.35581849910749025,1.10224732511241,0.20791870055819528,-1.3913270924943874e-17,0.7236800625132029,True
2012-02-09,2.054560608317902,0.3600430501697,1.106911020776734,0.20791931936387628,-1.391331233348994e-17,0.7397302681772918,True
2012-02-10,2.0307802798401076,0.35646840870279173,1.0989512443814464,0.2079200206790482,-1.3913359263313782e-17,0.7239090147796132,True
2012-02-13,2.059462146640567,0.3609675088833478,1.1081425451855786,0.20792068074259115,-1.3913403432707283e-17,0.7433989207123974,True
2012-02-14,2.066668803678624,0.36285198004600844,1.1088524715939756,0.20792146457054442,-1.391345588402909e-17,0.7498948675141042,True
2012-02-15,2.0434885207796802,0.358776943583933,1.1024095828812603,0.20792237216423404,-1.3913516617367935e-17,0.733156565734186,True
2012-02-16,2.0877925072926615,0.365843019236131,1.116064954378718,0.20792323850742436,-1.391357459035203e-17,0.7638043144065193,True
2012-02-17,2.0810199008422496,0.36391201150706637,1.1157877403954906,0.20792402234502,-1.3913627042319072e-17,0.7573081381017389,True
2012-02-21,2.089268778190112,0.36554800203657545,1.1176161094387798,0.20792464116653966,-1.391366845192501e-17,0.7637280275847925,True
2012-02-22,2.074831458965831,0.3632292552293735,1.113266754664208,0.2079252187349898,-1.3913707101004205e-17,0.7536394855666333,True
2012-02-23,2.0952707813679847,0.36650661236700943,1.119414306482193,0.20792587881503452,-1.391375127150195e-17,0.767930596070757,True
2012-02-24,2.105923083148925,0.3682098280815228,1.122574926597417,0.20792658015233156,-1.3913798202806338e-17,0.7754215763991761,True
2012-02-27,2.1114011428746693,0.3690280905563572,1.1243074879738295,0.2079273227472902,-1.391384789494475e-17,0.7791663321535496,True
2012-02-28,2.1420556909955195,0.3746287631615998,1.131651868998876,0.20792814785572608,-1.3913903108627698e-17,0.8024756741409176,True
2012-02-29,2.126753147069893,0.3723655234672214,1.1268946664638229,0.2079289317118292,-1.3913955561833202e-17,0.7919295488942413,True
2012-03-01,2.1533941455192003,0.3767025138097717,1.1342756071309121,0.20792955054796006,-1.3913996972416876e-17,0.8111889878403281,True
2012-03-02,2.1487823432027175,0.3763726255648852,1.132109362793997,0.20793012813004735,-1.391403562240863e-17,0.808742852278673,True
2012-03-05,2.115406952459588,0.37038823219186423,1.1239544877699323,0.20793062320176994,-1.3914068751064135e-17,0.7835218414878858,True
2012-03-06,2.079204462232031,0.3660308543395244,1.1102203583000179,0.20793111827467126,-1.3914101879798516e-17,0.7610529856573418,True
2012-03-07,2.104628832717538,0.3698160950730027,1.1183715203627729,0.20793169586111335,-1.391414053008168e-17,0.7783256164936517,True
2012-03-08,2.1409022491485654,0.3750808885538577,1.129958416525498,0.20793231470547086,-1.3914181941215856e-17,0.8030115179175963,True
2012-03-09,2.155148495237592,0.3771045839731803,1.134499184988924,0.20793293355167017,-1.391422335247328e-17,0.8127163766969977,True
2012-03-12,2.156752472909598,0.37742705819871664,1.1348021381403148,0.2079335936562064,-1.391426752460992e-17,0.8140167411130769,True
2012-03-13,2.2233909595532406,0.3867392108323107,1.155584281977714,0.2079342125062121,-1.3914308936122056e-17,0.8598724650693144,True
2012-03-14,2.2344076141704505,0.3891418014858132,1.156971337323735,0.2079348726148085,-1.391435310853039e-17,0.8695014042319069,True
2012-03-15,2.2460589817273657,0.3900833038701904,1.161973340722339,0.20793553272550047,-1.3914397281078956e-17,0.8761501082795264,True
2012-03-16,2.2445433906284915,0.38949557773909904,1.1623675143538938,0.2079361515812772,-1.391443869297727e-17,0.8742397246933206,True
2012-03-19,2.2699592590758177,0.393518128574453,1.1687523278080207,0.2079368116960294,-1.391448286579753e-17,0.8932701195717677,True
2012-03-20,2.2741965225636163,0.394935491706294,1.1680981701325979,0.2079374305556126,-1.3914524277950562e-17,0.8981609218754057,True
2012-03-21,2.273022894957781,0.39500520139125317,1.1672288141213436,0.20793821444671,-1.391457673349778e-17,0.8978558663897276,True
2012-03-22,2.262175354939086,0.39450050154695937,1.1618071270028307,0.20793891582561536,-1.3914623667586463e-17,0.8924293121106404,True
2012-03-23,2.262484657499363,0.39390630817566097,1.1633381853259968,0.20793949343371732,-1.3914662319319036e-17,0.8912069787396489,True
2012-03-26,2.3273592595607564,0.4029247951552108,1.1816684356062315,0.20794007104342374,-1.3914700971158977e-17,0.9377507529111009,True
2012-03-27,2.3299828153729036,0.4040123503042269,1.180700333310903,0.20794064865473463,-1.3914739623106284e-17,0.9413418334072663,True
2012-03-28,2.3137136501058775,0.4020965355692545,1.1754360983152465,0.20794130878376324,-1.391478379688188e-17,0.9303362430068677,True
2012-03-29,2.3009085103057476,0.40018265756463156,1.1721829001817852,0.20794192765673064,-1.391482520993054e-17,0.9207836824672315,True
2012-03-30,2.295787264733742,0.3982789125665695,1.1734812279531714,0.20794238149823696,-1.3914855579588573e-17,0.9143636552823337,True
2012-04-02,2.3340552589323966,0.4037003905050397,1.1838533215835119,0.20794291785753463,-1.3914891471079823e-17,0.94225901949135,True
2012-04-03,2.3315394568433434,0.4041693056343741,1.181259360552115,0.20794341295970895,-1.391492460177306e-17,0.9423366833315198,True
2012-04-04,2.279193407930502,0.39658499604004455,1.1673554674329498,0.20794403183893875,-1.3914966015240782e-17,0.9038939086586137,True
2012-04-05,2.2990519846721744,0.40033970327282137,1.1707055858584732,0.20794460946125187,-1.391500466792432e-17,0.9204017893524493,True
2012-04-09,2.2669007652066453,0.39667905733818665,1.1597235195000901,0.2079451870851695,-1.3915043320715228e-17,0.899232058621386,True
2012-04-10,2.2044395840288287,0.3882261502691148,1.1406726848507884,0.20794580596967943,-1.391508473453628e-17,0.855821093208361,True
2012-04-11,2.2241980640576493,0.3903441452754794,1.1480488644454991,0.2079465073741911,-1.3915131670338458e-17,0.8682026922379591,True
2012-04-12,2.2673813490235126,0.3957517401299631,1.162114025828166,0.2079472087810686,-1.3915178606298952e-17,0.8973201144142784,True
2012-04-13,2.211073678938656,0.38747600862401005,1.1463877648595877,0.20794791019031195,-1.391522554241776e-17,0.8567380038887562,True
2012-04-16,2.177312553277289,0.38109387057153343,1.139603514562466,0.20794857034239306,-1.3915269717735955e-17,0.8297604683724301,True
2012-04-17,2.246244165336268,0.3911741368207844,1.159622353635158,0.20794918923697223,-1.3915311132230807e-17,0.878672622464138,True
2012-04-18,2.2363895462270293,0.39002725270044747,1.1561868674107074,0.20794980813339334,-1.3915352546848916e-17,0.8722528706829287,True
2012-04-19,2.197967443094132,0.3840143659187237,1.1459660246124934,0.20795034451184702,-1.3915388439622025e-17,0.8440510739697914,True
2012-04-20,2.188264130875856,0.3815609928342262,1.1453570156236554,0.2079508808916842,-1.3915424332487714e-17,0.8349562343605167,True
2012-04-23,2.157201455330565,0.3773130972440374,1.1353096755675394,0.20795141727290492,-1.3915460225445986e-17,0.8139403624901205,True
2012-04-24,2.141938513150315,0.3732935006951621,1.1344147923869101,0.20795199491573313,-1.391549887950233e-17,0.7995717258476714,True
2012-04-25,2.228287039016582,0.38732969726953764,1.1572526396838734,0.20795265508078162,-1.3915543055688263e-17,0.8630817442519271,True
2012-04-26,2.2511543627655053,0.3902530948345131,1.1646810492376554,0.20795335650839544,-1.3915589993036366e-17,0.8785199570194546,True
2012-04-27,2.270650903515357,0.3935326498121167,1.1691215787183065,0.20795405793837518,-1.391563693054279e-17,0.8935752668586754,True
2012-04-30,2.2457424643465798,0.38962796296629354,1.1627836432455971,0.20795475937072086,-1.3915683868207535e-17,0.8750040617302619,True
2012-05-01,2.255285853235691,0.39018229924725045,1.1673577314940726,0.20795550206631958,-1.391573356708047e-17,0.879972619675299,True
2012-05-02,2.2610111265680626,0.39176308752127054,1.1672742232002757,0.20795620350353633,-1.391578050507117e-17,0.8857806998642503,True
2012-05-03,2.2228683109810223,0.38610791333328087,1.1566444021315199,0.2079568636819454,-1.3915824682151153e-17,0.858267045167557,True
2012-05-04,2.136167130675628,0.37229826191902093,1.1329183381553423,0.20795748260120714,-1.3915866098297686e-17,0.7952913099190784,True
2012-05-07,2.138252322847065,0.3724711326896462,1.1338569979190682,0.20795806026088348,-1.3915904753481458e-17,0.7964372646671134,True
2012-05-08,2.125089408552382,0.37064286405880065,1.1294815046017983,0.20795867918370647,-1.3915946169866298e-17,0.7876492247668776,True
2012-05-09,2.115632868607475,0.3702402443439522,1.1243810164988424,0.20795942189330452,-1.3915995869676022e-17,0.783292430215328,True
2012-05-10,2.1076323399886605,0.36783817131096525,1.124404549645826,0.2079601646055551,-1.3916045569663247e-17,0.7752676257372795,True
2012-05-11,2.1050878666956923,0.3679203068769159,1.122622385457683,0.20796090732045824,-1.3916095269827972e-17,0.7745045739175513,True
2012-05-14,2.072231942470536,0.3634265919574008,1.1111660998351907,0.20796165003801392,-1.3916144970170196e-17,0.7531041925973316,True
2012-05-15,2.0606350995552116,0.3622823515099608,1.1061410185884193,0.20796235149596787,-1.3916191909548565e-17,0.7465317294708242,True
2012-05-16,2.038564532260266,0.35825638825917755,1.1002726714807625,0.2079630942186813,-1.3916241610235932e-17,0.7303287665608226,True
2012-05-17,1.9738428081377748,0.34723645670380743,1.0804887471431939,0.20796387820652665,-1.3916294072257216e-17,0.6853901827880541,True
2012-05-18,1.9346913523786742,0.34004225153857215,1.0688499279489323,0.20796462093469262,-1.391634377330945e-17,0.6578768034950494,True
2012-05-21,2.0141515965463044,0.35409962046175436,1.0929760407797797,0.2079652398770414,-1.3916385191000895e-17,0.713210315889483,True
2012-05-22,2.011894008545978,0.35320531278810113,1.093316620928626,0.20796573503236337,-1.391641832525061e-17,0.7106116525849888,True
2012-05-23,2.017208137427927,0.35424468875863563,1.0946564321192875,0.20796643650409607,-1.3916465265551013e-17,0.7145852688045431,True
2012-05-24,2.001858069106334,0.35054716629044885,1.092145298950448,0.20796709671499086,-1.3916509444804838e-17,0.7017456734408949,True
2012-05-25,1.9954105182799762,0.3496884500349324,1.0896706675045986,0.20796783945465153,-1.391655914662626e-17,0.697772011320726,True
2012-05-29,2.0349290039265697,0.3556666791517588,1.10320406312041,0.20796849967000014,-1.391660332617812e-17,0.7237564411361594,True
2012-05-30,2.004697002581676,0.35226199784919415,1.0905493127460708,0.20796911862389278,-1.3916644744642046e-17,0.7061785712117123,True
2012-05-31,1.9910474705064372,0.3496101457698624,1.0869874190558106,0.20796965505215526,-1.3916680640748206e-17,0.6960903963984713,True
2012-06-01,1.9081929984846355,0.336113139346014,1.0588541090678913,0.20797015021798956,-1.3916713775701372e-17,0.6413687391987546,True
2012-06-04,1.9257337355181905,0.34019527651375986,1.0626375282227911,0.2079706866489129,-1.3916749671985586e-17,0.6551255206464865,True
2012-06-05,1.9409579601291358,0.34217327184562163,1.068842801315726,0.2079712230812199,-1.391678556836239e-17,0.66414393573219,True
2012-06-06,2.0106057868400242,0.3528995576863455,1.0930920106752628,0.20797188330731017,-1.391682974863305e-17,0.7095418928574513,True
2012-06-07,2.000803442914638,0.35065570692742376,1.091237753681086,0.2079725435354964,-1.3916873929043965e-17,0.7015931456980558,True
2012-06-08,2.0310355975496153,0.35559636155485347,1.100833525106806,0.2079732037657786,-1.3916918109595134e-17,0.7222288686770308,True
2012-06-11,1.9802220539591828,0.34727605292078795,1.0845644911553856,0.20797386399815676,-1.391696229028656e-17,0.6876836988056406,True
2012-06-12,2.0147394770858496,0.3520997307497243,1.097375766705067,0.20797448296801468,-1.391700370981883e-17,0.7093892274127679,True
2012-06-13,1.9935492878984193,0.34886445974772273,1.090095566861225,0.20797522573405483,-1.3917053413405486e-17,0.6954784953031394,True
2012-06-14,2.009142132899691,0.35003731353973233,1.0978914496772476,0.2079759685027477,-1.3917103117169653e-17,0.7032747147196957,True
2012-06-15,2.0475616248650566,0.3561598028011443,1.1103257277908005,0.20797675253912704,-1.3917155582438684e-17,0.7292591445351291,True
2012-06-18,2.0726397608828866,0.3609217284002877,1.1166015819858544,0.20797745404802195,-1.3917202525225866e-17,0.7480607248490104,True
2012-06-19,2.108445846979111,0.3664644204445142,1.1277973885987036,0.20797807302856455,-1.3917243945473123e-17,0.7726703853518428,True
2012-06-20,2.110722432442678,0.36737259455844373,1.1273220402360755,0.20797881580742633,-1.3917293649917763e-17,0.7754215763991761,True
2012-06-21,2.0259622952939083,0.3540720373819473,1.1006462216825674,0.20797947605762052,-1.391733783180138e-17,0.7173365975537205,True
2012-06-22,2.0583127477920145,0.3593497022987558,1.110678579591039,0.207980095044181,-1.3917379252451334e-17,0.7396540731567944,True
2012-06-25,1.994844853766748,0.34879156852488785,1.0910790742250596,0.2079807140325837,-1.3917420673224564e-17,0.6957850655091046,True
2012-06-26,2.014462085812771,0.35207179214034084,1.097245476039071,0.20798133302282862,-1.391746209412107e-17,0.7092352767508714,True
2012-06-27,2.0357373940825436,0.3547750661634437,1.1055264083260812,0.20798211707943137,-1.3917514560743384e-17,0.7222288686770308,True
2012-06-28,2.0020233348460605,0.34776963486034784,1.0977976333646444,0.20798277734010578,-1.3917558743328303e-17,0.6962429241413104,True
2012-06-29,2.101021765335511,0.3637573364764505,1.1287762877615244,0.20798339633649152,-1.3917600164635734e-17,0.7642620812374955,True
2012-07-02,2.1105089422648735,0.365019454789383,1.1321480622300049,0.20798405660122704,-1.3917644347492413e-17,0.7703768234336416,True
2012-07-03,2.137333811825406,0.3690200286593529,1.1406301929962708,0.20798463433472006,-1.3917683007615763e-17,0.7887189844944152,True
2012-07-05,2.1378638052622514,0.37021547649331593,1.138408284582641,0.20798525333663254,-1.3917724429293028e-17,0.791470267342978,True
2012-07-06,2.0941724911776,0.3630495465009116,1.1258982456205007,0.2079858723403873,-1.391776585109357e-17,0.7602883732167119,True
2012-07-09,2.089814245926846,0.36256320737099396,1.1241380400350898,0.20798645007892402,-1.3917804511554433e-17,0.7576897558128325,True
2012-07-10,2.0561478026628013,0.3572002984876906,1.113704165997774,0.20798702781906558,-1.3917843172122686e-17,0.7344566088459618,True
2012-07-11,2.0430675989589604,0.35454935348197797,1.110711531998175,0.20798777062990875,-1.391789287870742e-17,0.7243682963308764,True
2012-07-12,2.014237567664351,0.34922754582430304,1.1028218117584117,0.20798851344340483,-1.3917942585469678e-17,0.7034272424625349,True
2012-07-13,2.062450818904156,0.35588602276873854,1.1204641022811512,0.20798929752707662,-1.3917995053903368e-17,0.733997419095928,True
2012-07-16,2.054036953098686,0.35466480911978426,1.1175522888569311,0.2079900403460259,-1.3918044761030536e-17,0.7284946238957288,True
2012-07-17,2.0719520010270704,0.35698417375988756,1.124307185970535,0.20799074189974082,-1.391809170681693e-17,0.7396540731567944,True
2012-07-18,2.1138369711400506,0.36415520650142447,1.1360807064123866,0.20799152599181353,-1.3918144175812786e-17,0.7697647387358507,True
2012-07-19,2.1466587642395805,0.37026541452620876,1.1438330395015535,0.20799222755053956,-1.3918191121934508e-17,0.7948334971874873,True
2012-07-20,2.1033002900628532,0.3633632747774009,1.131045320982047,0.2079928878433107,-1.3918235306667243e-17,0.7642620812374955,True
2012-07-23,2.0624393464153252,0.35685195479911525,1.1184602445857768,0.20799358940663026,-1.3918282253096352e-17,0.7359855124229184,True
2012-07-24,2.03641721667514,0.3531550008182823,1.1092519606129594,0.2079943322409077,-1.3918331961249233e-17,0.7191709238212733,True
2012-07-25,2.0167934773898195,0.3486336845883886,1.1056762199670622,0.2079951163465154,-1.391838443115081e-17,0.7031221410762418,True
2012-07-26,2.060765313019664,0.3545457416493742,1.1221338462947235,0.2079959004550791,-1.391843690125019e-17,0.7306355662698615,True
2012-07-27,2.139720873978148,0.3673224520084857,1.1457566300991062,0.20799672583564877,-1.3918492133143478e-17,0.7859675180433934,True
2012-07-30,2.1345420996429394,0.3659939399257341,1.1453150754377774,0.20799755121949373,-1.391854736525594e-17,0.7812294729856682,True
2012-07-31,2.1308188543347497,0.3668483915136767,1.1411330909471107,0.20799829406792048,-1.391859707435565e-17,0.7816874693197183,True
2012-08-01,2.1210067764294918,0.3649422649491148,1.1389626400089037,0.2079991194579886,-1.3918652306884545e-17,0.7740450169625995,True
2012-08-02,2.106946747128539,0.36353244978837773,1.1330033722592312,0.2079998623120162,-1.3918702016359045e-17,0.7659435125572913,True
2012-08-03,2.1724821451058043,0.3726186540781208,1.1549742082888699,0.20800056389886076,-1.3918748964362372e-17,0.8095073729180735,True
2012-08-06,2.1961930960520246,0.37687812853330516,1.1604947691659897,0.20800118294818268,-1.3918790389212127e-17,0.8276971439378523,True
2012-08-07,2.2244127735458976,0.3813046419900131,1.1682320552916199,0.208001801999347,-1.391883181418517e-17,0.8481789162549307,True
2012-08-08,2.2234815109030257,0.380845284508649,1.1686764348801064,0.2080026274033355,-1.3918887047645574e-17,0.8468024486195836,True
2012-08-09,2.232919783449403,0.38245293331628744,1.170929568328287,0.20800349408092264,-1.3918945043006464e-17,0.8539867210401935,True
2012-08-10,2.2377452823601622,0.3831993851529757,1.1722382639980982,0.2080044020326776,-1.3919005800305924e-17,0.8575026163293862,True
2012-08-13,2.2440548083889937,0.38443808204495933,1.1733494956719133,0.20800518617624683,-1.3919058272747768e-17,0.8627001265408335,True
2012-08-14,2.245623927945256,0.3847138982465341,1.1736952223069705,0.20800597032277218,-1.3919110745387425e-17,0.8639227353155134,True
2012-08-15,2.253894060328844,0.38601506597838403,1.175850158908429,0.20800683701428815,-1.3919168741680388e-17,0.8700370644061266,True
2012-08-16,2.296411778889522,0.3924466441598032,1.1871851853018467,0.20800749735343854,-1.3919212929516678e-17,0.9012190962342369,True
2012-08-17,2.3122048476044927,0.39512036634240105,1.1905975047369342,0.20800811642339573,-1.391925435574728e-17,0.9135992264441628,True
2012-08-20,2.3166344677747266,0.3958824936301119,1.191510661075993,0.20800877676660773,-1.391929854385536e-17,0.9171150299321259,True
2012-08-21,2.301936720708447,0.3938288087292305,1.187358245838247,0.20800947838352088,-1.3919345493870786e-17,0.9065689964866791,True
2012-08-22,2.3144093297562005,0.3959327357136191,1.190048567175051,0.20801034508965377,-1.391940349114187e-17,0.916350417491496,True
2012-08-23,2.284344916227585,0.3922444371940549,1.180312159677252,0.20801117052754342,-1.391945872687083e-17,0.8960215860227895,True
2012-08-24,2.307460439497894,0.39520400692994867,1.187530873279357,0.2080119546966288,-1.3919511201020136e-17,0.9119176115219081,True
2012-08-27,2.3129763347644583,0.39617803421443676,1.1886132196764656,0.20801269759649654,-1.3919560913562116e-17,0.916350417491496,True
2012-08-28,2.3122369466828263,0.39623885457159735,1.188025345659757,0.20801348177133874,-1.3919613388096648e-17,0.9161981192517307,True
2012-08-29,2.3130052910866596,0.39623923631861657,1.1884875337238865,0.20801430722167552,-1.3919668624658536e-17,0.9165034501410975,True
2012-08-30,2.274756321693797,0.3906053471482198,1.1782092475783978,0.20801509140258576,-1.391972109959912e-17,0.8885319827128131,True
2012-08-31,2.3004360923589235,0.3944843735428333,1.1849341672757343,0.20801583431365603,-1.391977081289074e-17,0.9074860907695333,True
2012-09-04,2.2954600930225255,0.3936742712803472,1.1837799776943905,0.20801653595437442,-1.3919817764499138e-17,0.9036635793737607,True
2012-09-05,2.290222395632558,0.3927729025028033,1.1826678190524307,0.20801727887060378,-1.391986747813599e-17,0.8995372977095232,True
2012-09-06,2.3748118489409316,0.4038202210820419,1.2077966987373436,0.20801810433600842,-1.391992271570617e-17,0.9589970458675797,True
2012-09-07,2.3721692941780956,0.40253015032783707,1.209280701784819,0.20801892980468872,-1.3919977953495548e-17,0.954869662588588,True
2012-09-10,2.3258284232227924,0.3954349039482587,1.1980949288089129,0.20801975527664468,-1.3920033191504124e-17,0.9197137391372349,True
2012-09-11,2.3225636454702316,0.3942798832245899,1.1988029830744575,0.2080205394780932,-1.3920085667819068e-17,0.9157401229176807,True
2012-09-12,2.334263536895855,0.39570833556676477,1.2025546329801697,0.20802136495643678,-1.392014090625508e-17,0.9236875389592482,True
2012-09-13,2.3884101339131303,0.40216070786562547,1.219863274621239,0.20802214916395356,-1.392019338297609e-17,0.9605247101279378,True
2012-09-14,2.4211616903480406,0.4068849415783187,1.228004524044688,0.20802293337442668,-1.3920245859894932e-17,0.985134232928926,True
2012-09-17,2.4211740951189675,0.4076404564568778,1.2261818642352473,0.20802371758785615,-1.3920298337011602e-17,0.986968513295864,True
2012-09-18,2.423031614468701,0.40808493622498093,1.2262044520773943,0.20802446052973422,-1.3920348052364784e-17,0.9888027018615725,True
2012-09-19,2.4310736507952306,0.40943848770762953,1.227673245684128,0.2080252860236375,-1.3920403291842006e-17,0.9953751190874651,True
2012-09-20,2.428213931769111,0.4089767055508908,1.227104844785769,0.20802615279563558,-1.3920461293520578e-17,0.9930829341877065,True
2012-09-21,2.4281329075440814,0.40899035267066725,1.2270229537851298,0.2080270195712452,-1.3920519295440825e-17,0.9930829341877065,True
2012-09-24,2.4052805303109035,0.405250348490926,1.222511912108667,0.20802784507530342,-1.3920574535597583e-17,0.974740773126933,True
2012-09-25,2.3510566626700777,0.3979529948791096,1.2074179933227867,0.20802862930724922,-1.3920627013953307e-17,0.935610040040042,True
2012-09-26,2.3181375304065392,0.39298816273446824,1.199107425273078,0.2080294960931776,-1.3920685016564057e-17,0.9110006090402833,True
2012-09-27,2.3707237153166028,0.4005838449504804,1.2130197725127265,0.2080303216070633,-1.392074025737844e-17,0.9496736211968128,True
2012-09-28,2.3401392577219835,0.3960867287280015,1.205210131066262,0.20803102329664755,-1.3920787212256785e-17,0.9268981033590741,True
2012-10-01,2.3368766840654214,0.39493873014963066,1.2059218076797267,0.20803176626461745,-1.392083692935595e-17,0.9229231101210772,True
2012-10-02,2.34522721557171,0.3960746502527072,1.2083097397181062,0.2080324266829083,-1.3920881122488072e-17,0.9288850491706955,True
2012-10-03,2.369143613035453,0.3994957014781465,1.214647753787494,0.20803316965589028,-1.392093083992263e-17,0.9464626895920687,True
2012-10-04,2.3866119362104676,0.4011830216987576,1.2211098766641486,0.20803387135508103,-1.3920977795443813e-17,0.9574681881912379,True
2012-10-05,2.366889182837661,0.397551329025201,1.2178945869354318,0.20803465560974493,-1.3921030275319765e-17,0.9409599402924842,True
2012-10-08,2.334329760643515,0.3924232495549635,1.210249009294822,0.2080354811441049,-1.392108551750422e-17,0.9160452702045884,True
2012-10-09,2.2716195359175386,0.3825321022029468,1.1946158740328825,0.20803626540483747,-1.3921137997786264e-17,0.8689673964798185,True
2012-10-10,2.2542425654192786,0.38080191873896113,1.1877856215360525,0.20803704966852657,-1.3921190478266154e-17,0.8584198942146994,True
2012-10-11,2.245069308133401,0.3789539173602857,1.18625366513573,0.20803783393517222,-1.3921242958943884e-17,0.8507778090624987,True
2012-10-12,2.24270581567654,0.37928508601897265,1.184042329257639,0.20803861820477443,-1.3921295439819458e-17,0.8506248682141268,True
2012-10-15,2.2689538466544716,0.38237490900264326,1.1933233822539115,0.20803944375485897,-1.3921350683056154e-17,0.867591020645701,True
2012-10-16,2.3211937293979306,0.39003423076124893,1.207808490673844,0.20804022803052996,-1.392140316433783e-17,0.9053450106935564,True
2012-10-17,2.3208272371889325,0.38891038728909283,1.2101923639557066,0.2080410535870027,-1.3921458408002003e-17,0.9025938196462231,True
2012-10-18,2.281358863375399,0.38210506252394405,1.2015981718210893,0.20804192042469893,-1.3921516414076894e-17,0.8717187711296108,True
2012-10-19,2.193996627148036,0.3686162696293446,1.177211070159656,0.20804270470970657,-1.3921568895983352e-17,0.808742852278673,True
2012-10-22,2.2098133073820905,0.3717191272469955,1.1803399856638273,0.20804344771939579,-1.3921618615874243e-17,0.8214298739988674,True
2012-10-23,2.1716887533919618,0.36705328847872704,1.1665190641754362,0.2080441907317386,-1.3921668335942705e-17,0.7971254984847869,True
2012-10-24,2.1600412761605763,0.365353326695879,1.1628179938109613,0.20804501630393635,-1.3921723580659147e-17,0.7891782660456784,True
2012-10-25,2.1617324668063924,0.36506749940780636,1.16450831760257,0.2080458831581439,-1.3921781587838924e-17,0.7891782660456784,True
2012-10-26,2.1713557880560295,0.36725091041343355,1.165876606766044,0.20804679129493053,-1.3921842357520126e-17,0.7974323899950553,True
2012-10-31,2.152350080348689,0.3633209620328833,1.1623085203683157,0.2080476581565339,-1.3921900365194805e-17,0.7819939018238392,True
2012-11-01,2.199836966030643,0.37055595866814656,1.176625745147782,0.20804852502174917,-1.3921958373111184e-17,0.8151626958611119,True
2012-11-02,2.1585472026322936,0.36383533966372583,1.1651421799301627,0.20804926805222523,-1.3922008094393065e-17,0.7853557546499058,True
2012-11-05,2.1828447352784695,0.3686085320646255,1.1701795305971217,0.20805001108535495,-1.3922057815852522e-17,0.8046151935959928,True
2012-11-06,2.193386493793109,0.36906736464769635,1.1758283667538973,0.20805075412113838,-1.3922107537489557e-17,0.8095073729180735,True
2012-11-07,2.1081121556733637,0.3564432717919612,1.1486381818813642,0.20805157971938132,-1.392216278394886e-17,0.751422394072618,True
2012-11-08,2.0570123960997293,0.3482073735116525,1.1326931896121646,0.20805232276076702,-1.392221250596078e-17,0.7162668837267977,True
2012-11-09,2.067722676895926,0.3501742293756483,1.1356064574267808,0.2080530245245615,-1.3922259465805045e-17,0.7240631949445835,True
2012-11-12,2.069155538422555,0.35044867507789695,1.135968953881171,0.20805376757110722,-1.3922309188162257e-17,0.7251328169702769,True
2012-11-13,2.0475002498562582,0.3464660028552229,1.1300565365915396,0.20805448585195077,-1.392235725327593e-17,0.7093892274127679,True
2012-11-14,2.0078608746737183,0.34066863820141324,1.1157904571776827,0.2080551876230414,-1.3922404213608428e-17,0.6840152298729941,True
2012-11-15,1.998920694521816,0.33913337284353345,1.11296400538383,0.20805597195806427,-1.392245669886175e-17,0.6779007171799218,True
2012-11-16,2.011734733333695,0.34077269721130815,1.1181338710096085,0.20805659117229114,-1.3922498134746426e-17,0.685544271151795,True
2012-11-19,2.0857016363300724,0.35235841051163586,1.142729912562929,0.2080572103883609,-1.3922539570754424e-17,0.7349145133787823,True
2012-11-20,2.0862819975450746,0.3523341614436678,1.1431557497987368,0.20805782960627356,-1.3922581006885744e-17,0.7350684181400641,True
2012-11-21,2.0937113799333176,0.35356575420527875,1.1453882054103766,0.20805853138864272,-1.3922627967972967e-17,0.7402646431342983,True
2012-11-23,2.1441372301662884,0.36107659683166343,1.1618801815029203,0.2080592744548558,-1.3922677691646258e-17,0.7741977742085124,True
2012-11-26,2.1553472444427837,0.3638083948192925,1.1631538056401467,0.2080600175237227,-1.3922727415497135e-17,0.7841334212789144,True
2012-11-27,2.1415503588371667,0.36201232557437474,1.1582219725046439,0.2080607605952434,-1.3922777139525596e-17,0.7752676257372795,True
2012-11-28,2.1719955161100093,0.3665091349677894,1.167877773395337,0.20806154495127546,-1.392282962618479e-17,0.7960561977633969,True
2012-11-29,2.1919527058568447,0.36944798947585944,1.1740778811108195,0.2080623045410442,-1.392288045556289e-17,0.8098125202049812,True
2012-11-30,2.1881936433801776,0.3687556017512715,1.1732220146109313,0.20806296505628197,-1.3922924655182397e-17,0.8069086637129645,True
2012-12-03,2.180173080709838,0.36828958883942575,1.1691744489251057,0.2080635842913216,-1.3922966092459802e-17,0.8029350474934104,True
2012-12-04,2.173793410146309,0.36697946251859814,1.1679916528231868,0.20806422004115904,-1.3923008634855965e-17,0.797737537281963,True
2012-12-05,2.143722667829621,0.36064744655844216,1.1625295984197277,0.20806496312768874,-1.392305835988878e-17,0.7731281062822043,True
2012-12-06,2.163672416539197,0.36389237476940745,1.1682628164448137,0.20806570621687231,-1.3923108085099185e-17,0.7873438938775109,True
2012-12-07,2.1485036449858117,0.36020075121944484,1.1665445687554972,0.20806644930870977,-1.392315781048718e-17,0.7738926269216048,True
2012-12-10,2.1573344088516775,0.36191430880203657,1.1684971075801667,0.20806710983710552,-1.392320201098718e-17,0.7807701914344051,True
2012-12-11,2.199051006203117,0.3687418735827137,1.180101088987347,0.20806772908448082,-1.3923243449090048e-17,0.8108821881312892,True
2012-12-12,2.1925849150931147,0.36731973694217923,1.1791368525240224,0.2080683483336991,-1.3923284887316246e-17,0.8053797142353932,True
2012-12-13,2.1661232278458566,0.3634096273459384,1.1708643490944952,0.2080688437345174,-1.3923318037993807e-17,0.7871900350168439,True
2012-12-14,2.1360748384325414,0.35807452462390993,1.16313158301678,0.20806927308293396,-1.3923346768650667e-17,0.7648739823328274,True
2012-12-17,2.180447819563695,0.3644576661793485,1.177697416518795,0.20806947950086668,-1.392336058149489e-17,0.7946809235440335,True
2012-12-18,2.232821917937777,0.37240685422952974,1.193234070275,0.208069661148824,-1.392337273680962e-17,0.8315181865139527,True
2012-12-19,2.213867800408587,0.3702098586383053,1.1862019997063145,0.20807011526911373,-1.3923403125122967e-17,0.8195956854331589,True
2012-12-20,2.2178902733075514,0.36981376269291905,1.1896134392727535,0.20807048682290574,-1.3923427988343822e-17,0.8202063472118922,True
2012-12-21,2.1807104315440125,0.36441377637716627,1.1779586083387992,0.20807089966117942,-1.392345561419342e-17,0.7946809235440335,True
2012-12-24,2.170995321098005,0.3629463092809368,1.1749692693390295,0.20807131250027222,-1.3923483240097827e-17,0.7879547392587033,True
2012-12-26,2.1447258492397734,0.35869711374885765,1.1673471519947152,0.20807172534018414,-1.392351086605705e-17,0.7693069719048743,True
2012-12-27,2.138758591405204,0.35769662955560755,1.1656596723614847,0.20807217946497905,-1.3923541254671872e-17,0.7650267395787402,True
2012-12-28,2.1046854170226594,0.352956909631203,1.1537493990412242,0.2080727574432578,-1.3923579931175522e-17,0.7428632605381776,True
2012-12-31,2.1751552928576907,0.36379833656031063,1.175764575543897,0.20807284001181048,-1.3923585456405527e-17,0.7913178773019832,True
2013-01-02,2.2827345749873778,0.37899487350007416,1.2095167445039234,0.20807312900186728,-1.3923604794718743e-17,0.8651447014815868,True
2013-01-03,2.265685695434617,0.37631517361167993,1.2050002064779133,0.20807358312972574,-1.3923635183538568e-17,0.8526119058269777,True
2013-01-04,2.2579424542528708,0.3738825170872149,1.2056631261912836,0.2080741198274403,-1.392367109767562e-17,0.844205208234147,True
2013-01-07,2.2573940341761074,0.3743796526097755,1.2041969833313373,0.20807465652653923,-1.3923707011905308e-17,0.8451223943182308,True
2013-01-08,2.249595594892282,0.37350274204957873,1.2012903362688487,0.20807513542851272,-1.3923739058531637e-17,0.8402301231949205,True
2013-01-09,2.2619407376231324,0.3752488584384112,1.2050744271292233,0.20807563084549077,-1.392377221029056e-17,0.8487906796484183,True
2013-01-10,2.2853199714504218,0.37796452884458154,1.2134740002032407,0.2080760849788096,-1.3923802599475776e-17,0.8637698862683711,True
2013-01-11,2.2893013852280104,0.37870905554212747,1.2142456806639066,0.20807653911311963,-1.3923832988727317e-17,0.866979165450984,True
2013-01-14,2.2750230939616576,0.3761812772274147,1.2111249414488208,0.20807705930447581,-1.392386779831035e-17,0.855821093208361,True
2013-01-15,2.25976445331881,0.37310710063215863,1.2085527353033794,0.2080775547260345,-1.3923900950375794e-17,0.8431341632893962,True
2013-01-16,2.271609526662919,0.37533383084525845,1.2109194055462555,0.20807821528968556,-1.3923945153234966e-17,0.8526119058269777,True
2013-01-17,2.2915619891441947,0.37780193631141035,1.2177266226690444,0.20807880979884652,-1.392398493593369e-17,0.8657565566763039,True
2013-01-18,2.286670689701888,0.3764713221943452,1.21772536393122,0.20807938779554286,-1.3924023613669788e-17,0.860865937975125,True
2013-01-22,2.294469549049278,0.376723917830502,1.2220080253948038,0.20807996579384475,-1.3924062291513324e-17,0.8643815578606292,True
2013-01-23,2.313243939929013,0.379745288178395,1.2267199921114205,0.20808046122232365,-1.392409544404185e-17,0.8784434865952687,True
2013-01-24,2.2699668923760385,0.37156523393745305,1.2184450737564552,0.20808103922360727,-1.3924134122084915e-17,0.8434407793959761,True
2013-01-25,2.28903242124745,0.37394558814684975,1.2249771876844258,0.2080816585124391,-1.3924175562961923e-17,0.8559735750505852,True
2013-01-28,2.2957853855373225,0.37550908581306564,1.2256148776741578,0.20808223651704852,-1.392421424122754e-17,0.8620882713461164,True
2013-01-29,2.2982865058491915,0.37510043641298946,1.228115502552141,0.2080827319509339,-1.392424739411785e-17,0.8620882713461164,True
2013-01-30,2.289863927533466,0.3744109125337546,1.2244306326897616,0.20808325215777218,-1.3924282204736897e-17,0.8573500426859323,True
2013-01-31,2.281482048835748,0.3733745727354197,1.221550916054095,0.20808374759407577,-1.3924315357789025e-17,0.8518473851875773,True
2013-02-01,2.322953202850113,0.37875010126555775,1.2350501577174728,0.2080842843180082,-1.3924351273680494e-17,0.8798187608146321,True
2013-02-04,2.2604578072211696,0.36940927591551515,1.217338945661255,0.2080847797567693,-1.3924384426897072e-17,0.8350340818031454,True
2013-02-05,2.3122619785296967,0.37699827235143685,1.2324579734900296,0.208085233910056,-1.3924414817418476e-17,0.8717187711296108,True
2013-02-06,2.302599940046043,0.3750618149532516,1.2308968154965285,0.2080858119245971,-1.392445349634869e-17,0.8636173126249173,True
2013-02-07,2.3044744013279796,0.37568503958100025,1.2306314959978217,0.2080863486538542,-1.392448941259647e-17,0.8657565566763039,True
2013-02-08,2.3404989001889893,0.3811357817472058,1.2403641368024878,0.2080868853844957,-1.392452532893689e-17,0.8920478780020058,True
2013-02-11,2.340251969934489,0.38104482173151233,1.2404236531274595,0.20808742211652165,-1.3924561245369952e-17,0.8917408946905079,True
2013-02-12,2.3283279885985557,0.37853241588246594,1.2388924112576498,0.208087958849932,-1.3924597161895656e-17,0.8813476184909739,True
2013-02-13,2.341294330380384,0.38081016841104215,1.2416169979094351,0.20808864421897671,-1.3924643024654402e-17,0.8915886882519721,True
2013-02-14,2.3398493151493747,0.380261295768332,1.242005836562745,0.20808934610528407,-1.3924689992696846e-17,0.8897541324813455,True
2013-02-15,2.329645661908363,0.3786464447157813,1.2394434840101394,0.208090130569079,-1.392474248656719e-17,0.8821120473291447,True
2013-02-19,2.358032694744784,0.3822557592544403,1.2485702016324915,0.20809091503583121,-1.392479498063543e-17,0.9013715780764612,True
2013-02-20,2.299528941094668,0.3741000531910825,1.2311833011232762,0.20809174079344286,-1.3924850237759193e-17,0.8602538991779489,True
2013-02-21,2.2612204536378,0.368068000365402,1.2208448724635204,0.20809269041846765,-1.392491378370389e-17,0.8322828907558122,True
2013-02-22,2.297794928410144,0.3728522477336729,1.2329632431853692,0.2080936813360189,-1.3924980092815664e-17,0.8567380038887562,True
2013-02-25,2.2464987872420106,0.3671453729277493,1.2136124799600174,0.20809467225828884,-1.3925046402243194e-17,0.8247916350237045,True
2013-02-26,2.2628774308953172,0.3688787392983422,1.2200544351032896,0.20809562189669134,-1.3925109949083085e-17,0.834727373895336,True
2013-02-27,2.3021696676843724,0.37360466415997234,1.233971811899286,0.2080965302505915,-1.392517073329285e-17,0.860101325534495,True
2013-02-28,2.2964566041706185,0.3731360164948171,1.231468578806693,0.20809735603048574,-1.3925225991907692e-17,0.8568906693334395,True
2013-03-01,2.309923465880991,0.37479880587563513,1.2360687273910305,0.20809818181365689,-1.3925281250741817e-17,0.8657565566763039,True
2013-03-04,2.3271252131624074,0.3768231395367242,1.2421115766433755,0.20809900760010497,-1.3925336509795224e-17,0.8769146289189269,True
2013-03-05,2.3803852257678813,0.3845737188681397,1.256851917634183,0.20809970952136816,-1.3925383480176803e-17,0.9154335986123303,True
2013-03-06,2.3738774761799792,0.3831813643930643,1.2561514545103716,0.20810041144499894,-1.3925430450716814e-17,0.9096256102246085,True
2013-03-07,2.3846157387597007,0.3847891702503997,1.2589402560996503,0.20810117117666124,-1.3925481289589985e-17,0.9175743114833892,True
2013-03-08,2.3891034994529283,0.38451409895806277,1.2623576056480719,0.2081019143951593,-1.392553102345371e-17,0.9186439794096973,True
2013-03-11,2.4028120214147726,0.3862643486301722,1.2665887682400239,0.20810263284222402,-1.3925579099690382e-17,0.9281206203325246,True
2013-03-12,2.3877855655566655,0.38395809928090985,1.2628726070233665,0.2081033512917691,-1.3925627176093032e-17,0.9168096072415297,True
2013-03-13,2.384948294825592,0.38319733997318184,1.262938341240685,0.20810411103416418,-1.3925678015684408e-17,0.9139058425507427,True
2013-03-14,2.3997507619148277,0.3847190053566173,1.2684162227145295,0.20810481297264133,-1.3925724987217894e-17,0.9232297262276571,True
2013-03-15,2.3884374154983994,0.3828931863962669,1.265815446766007,0.20810555620414578,-1.392577472195197e-17,0.9145164125282466,True
2013-03-18,2.3772925043493403,0.3820519102834791,1.2609371201289286,0.20810624163115002,-1.3925820588589188e-17,0.9082491425892616,True
2013-03-19,2.3709613184656217,0.38152489389546346,1.2582737167873912,0.20810683622038623,-1.39258603766463e-17,0.9045807654578445,True
2013-03-20,2.39705506624005,0.3845774606419583,1.2670943015515768,0.20810741429493373,-1.3925899059591955e-17,0.9218533503935396,True
2013-03-21,2.354951330332884,0.37892631316621517,1.2544903704804926,0.20810793456347787,-1.3925933874340164e-17,0.8923530252889135,True
2013-03-22,2.3906937924097282,0.3835549576444957,1.265622906062507,0.2081084300585491,-1.3925967031324838e-17,0.9169624562886721,True
2013-03-25,2.3764208774207107,0.38193522731569657,1.2606730625591178,0.2081089668461466,-1.3926002951476575e-17,0.9076388480154463,True
2013-03-26,2.3987874129700475,0.38417244251051097,1.2691299476387865,0.2081094458270883,-1.392603500338721e-17,0.9215480195041729,True
2013-03-27,2.404510196220579,0.38529219250825025,1.2699611503848298,0.20811004042547934,-1.3926074792056934e-17,0.9264390054102699,True
2013-03-28,2.413381389288565,0.3860927251695686,1.273481690732364,0.2081107010922596,-1.392611900181719e-17,0.9317889974639416,True
2013-04-01,2.3884860289909406,0.38256538426449843,1.2666227156139207,0.20811123788571495,-1.3926154922360918e-17,0.9137520754913051,True
2013-04-02,2.4172397516917767,0.38655156064528606,1.2747401785409416,0.2081117746805549,-1.3926190842997296e-17,0.9343877984702801,True
2013-04-03,2.380199755761697,0.38216355918140815,1.2624618092850475,0.20811233625204087,-1.3926228421609547e-17,0.9096256102246085,True
2013-04-04,2.383404057095228,0.3818418535652587,1.2652078436735579,0.2081127904654707,-1.392625881615554e-17,0.9100834229561996,True
2013-04-05,2.352977968631883,0.37729519371026565,1.257097362896614,0.2081133272643153,-1.3926294737059897e-17,0.8877672784709536,True
2013-04-08,2.3741711030501764,0.37965737891360873,1.264685702201489,0.2081138227722263,-1.3926327894903767e-17,0.9013715780764612,True
2013-04-09,2.3983516787388957,0.38322227732030173,1.2711356096087068,0.20811427698890053,-1.3926358289666867e-17,0.9191017921412883,True
2013-04-10,2.4723422217496247,0.39351618388571963,1.2913207481125692,0.2081147972746014,-1.3926393105563153e-17,0.972906676362454,True
2013-04-11,2.4725006214352443,0.3928108462421416,1.2931602259164228,0.2081153340786223,-1.3926429026813894e-17,0.9712250614401993,True
2013-04-12,2.4693848090789468,0.39287320248481633,1.2911138366017783,0.20811585436696586,-1.3926463842887023e-17,0.9701551181102026,True
2013-04-15,2.382687232266962,0.38240631802794733,1.2634162721754782,0.20811630858807414,-1.3926494237946833e-17,0.9111546515034095,True
2013-04-16,2.4384582001460005,0.3892682055355662,1.2811271894915064,0.20811676281017377,-1.3926524633072982e-17,0.9492142478443201,True
2013-04-17,2.3610737298360993,0.378526641514004,1.2592272282568266,0.20811719225747097,-1.3926553370346626e-17,0.8937293093218015,True
2013-04-18,2.309774419660365,0.3701904314501115,1.2466004255054497,0.20811760518841416,-1.3926581002397376e-17,0.8550563889665015,True
2013-04-19,2.3591929268501577,0.3774675765547366,1.2605560720067759,0.20811801812017666,-1.392660863450295e-17,0.890518836723205,True
2013-04-22,2.3958307527255407,0.3831153171926274,1.2698329041957344,0.2081183897595095,-1.392663350344793e-17,0.9178794587702969,True
2013-04-23,2.4355226148734617,0.3879799046599373,1.2824700215582288,0.20811876139950597,-1.3926658372437316e-17,0.9449338319157269,True
2013-04-24,2.4333602537113093,0.3873827302716484,1.282599381853945,0.20811913304016608,-1.392668324147111e-17,0.9426417388171979,True
2013-04-25,2.454664188942703,0.39024783196673407,1.2886172815438657,0.2081195294575658,-1.392670976848704e-17,0.9579273779412716,True
2013-04-26,2.443393908238919,0.38873232499988336,1.285447771005506,0.2081199423931463,-1.3926737400848105e-17,0.9498261948402666,True
2013-04-29,2.4788325535816753,0.39334888143461816,1.2956662273306896,0.20812031403591533,-1.3926762270023022e-17,0.9750460122150701,True
2013-04-30,2.5064838243434266,0.39754752444768865,1.301916699228174,0.208120685679348,-1.3926787139242348e-17,0.9964464394359045,True
2013-05-01,2.4850528574379354,0.3958706209291485,1.2931723823987809,0.20812105732344433,-1.3926812008506083e-17,0.9837594177157102,True
2013-05-02,2.5348484319431295,0.40214406615704057,1.3073527061676649,0.2081214702620563,-1.3926839641070006e-17,1.0193742555134084,True
2013-05-03,2.5847939058447857,0.4081514733160805,1.3216845817543228,0.20812188320148758,-1.3926867273688754e-17,1.0549874408889754,True
2013-05-06,2.6026429510144027,0.41057932009962106,1.3259293228771156,0.20812225484772234,-1.3926892143095587e-17,1.0685913732895649,True
2013-05-07,2.6030392626683376,0.4095186140975224,1.3289237287666573,0.20812250261230592,-1.3926908722728722e-17,1.0659930312893742,True
2013-05-08,2.625939471250338,0.4122924956580548,1.3351615415302047,0.20812279167133854,-1.3926928065657585e-17,1.0826551380487948,True
2013-05-09,2.6193188639331275,0.41187522057999265,1.3323632483505623,0.20812308073077265,-1.3926947408613315e-17,1.0788325348517926,True
2013-05-10,2.643866288384016,0.4149888275881267,1.3385679472771528,0.20812336979060822,-1.392696675159591e-17,1.0971749713162549,True
2013-05-13,2.6495036862265766,0.4157214020764549,1.3399246401308833,0.20812365885084527,-1.3926986094605368e-17,1.101455387244848,True
2013-05-14,2.6761107485350504,0.4176427351016138,1.3503285881705613,0.20812394791148378,-1.392700543764169e-17,1.1176582124530055,True
2013-05-15,2.6893796361222417,0.4186512865192143,1.3553431132541394,0.20812427826694926,-1.3927027543999032e-17,1.125912244601153,True
2013-05-16,2.681334316913067,0.4183679384696265,1.3514254225520326,0.20812458384625068,-1.3927047992412755e-17,1.121784310514784,True
2013-05-17,2.726033975320484,0.42311491138277396,1.3644835611072712,0.2081247903190552,-1.3927061808928827e-17,1.1534256238941576,True
2013-05-20,2.719785746567653,0.4221759435028162,1.3634325947982855,0.2081250380866572,-1.3927078388763943e-17,1.1482281136827102,True
2013-05-21,2.725781309476284,0.42281764637659436,1.365147544516999,0.2081253271492113,-1.3927097731928453e-17,1.1525084378100738,True
2013-05-22,2.6866200840441126,0.4185122390778455,1.3541110396124354,0.20812565750686604,-1.3927119838432295e-17,1.124383386924811,True
2013-05-23,2.670870435695373,0.4164018084469183,1.3505892095741308,0.20812594657028047,-1.3927139181654373e-17,1.112155279550962,True
2013-05-24,2.669319432261064,0.4164145059302533,1.3496498227771305,0.2081262769289184,-1.3927161288224007e-17,1.1115433325550153,True
2013-05-28,2.700701678619387,0.4200653664990117,1.3581038556744833,0.20812658251115437,-1.39271817368341e-17,1.134471240433749,True
2013-05-29,2.675955573903238,0.4175523030504429,1.350477289583418,0.20812687157585352,-1.392720108014215e-17,1.1173514127439665,True
2013-05-30,2.7002192058506838,0.4205366325452723,1.3565509119522083,0.20812720193595974,-1.3927223186810037e-17,1.135541091962516,True
2013-05-31,2.6518421137432053,0.4159888753736971,1.3405778867672,0.20812740841136157,-1.3927237003499914e-17,1.1031368185646437,True
2013-06-03,2.66314202725694,0.41663436166319545,1.345457892530236,0.20812765618208035,-1.3927253583543595e-17,1.1095564785446235,True
2013-06-04,2.63976459927311,0.41401261343750756,1.3387408547151407,0.20812790395309408,-1.3927270163607013e-17,1.092895840604875,True
2013-06-05,2.5798002823012873,0.4074013075672403,1.3206580397145682,0.20812823431483898,-1.3927292270384555e-17,1.0510140082718802,True
2013-06-06,2.60182600194542,0.4088872626527837,1.3298438841387057,0.208128605972415,-1.392731714055031e-17,1.0638535118342989,True
2013-06-07,2.663857411570712,0.416063718637179,1.3473940133627362,0.20812897763065472,-1.3927342010760478e-17,1.1083344205773207,True
2013-06-10,2.6645908976458026,0.4161209671951191,1.3476694481440168,0.20812930799410387,-1.3927364117652063e-17,1.108792141507682,True
2013-06-11,2.61884133084159,0.411133387318254,1.3340185852855655,0.2081296383580774,-1.392738622457874e-17,1.076693107197947,True
2013-06-12,2.568317036410793,0.4046995847261145,1.3207901883121795,0.20813001001816067,-1.3927411094912272e-17,1.039396838080453,True
2013-06-13,2.6240210022153327,0.41032183290032653,1.3391975546341373,0.20813034038324854,-1.3927433201913515e-17,1.076693107197947,True
2013-06-14,2.596449737531129,0.40737889135667754,1.3305802264660593,0.20813069552630173,-1.3927456966978914e-17,1.0577388155387677,True
2013-06-17,2.637378042092239,0.4121846172415923,1.3421603573985914,0.2081310258924777,-1.392747907405297e-17,1.0870866588011696,True
2013-06-18,2.673880257235912,0.4161614710749995,1.3529829596470386,0.20813135625917806,-1.3927501181162117e-17,1.1127659413296953,True
2013-06-19,2.621991829182066,0.41104744817765254,1.3360970507317935,0.20813172792232898,-1.392752605170093e-17,1.0777630505279436,True
2013-06-20,2.5100718782483677,0.39770990346929647,1.3036593755590702,0.20813205829014367,-1.3927548158884642e-17,0.998280444399154,True
2013-06-21,2.494640464020108,0.3945326970529602,1.302290844914324,0.20813238865848277,-1.3927570266103447e-17,0.9842172304473013,True
2013-06-24,2.449523710063578,0.3893817052433574,1.2875912717776403,0.20813271902734626,-1.3927592373357344e-17,0.9537997192585913,True
2013-06-25,2.4807512710225237,0.3926748537458203,1.2984895790972624,0.20813304939673413,-1.392761448064633e-17,0.9741286425285273,True
2013-06-26,2.519599879629685,0.3971762750245393,1.3107410564529853,0.2081335284331039,-1.392764653626604e-17,1.0007252947435958,True
2013-06-27,2.53737874448926,0.3987906457314277,1.317361853816402,0.20813398269278652,-1.3927676933907126e-17,1.0118829079800713,True
2013-06-28,2.53835754110061,0.39972089889023876,1.3155886287064307,0.20813435436062752,-1.3927701804759782e-17,1.014634558033552,True
2013-07-01,2.5679791225933406,0.4035625225390147,1.323504387912431,0.20813460213961527,-1.3927718385356796e-17,1.0363401325412942,True
2013-07-02,2.5680996377532974,0.40372238952471956,1.3231656307292603,0.2081346847327095,-1.3927723912229047e-17,1.0367993222913279,True
2013-07-03,2.585124053169226,0.4065032197343361,1.326127828334597,0.20813497380866172,-1.392774325629012e-17,1.0508612510259674,True
2013-07-05,2.6205737274360947,0.40986997562741173,1.3383439747570118,0.20813526288501547,-1.3927762600378056e-17,1.0740944897940676,True
2013-07-08,2.628552954359751,0.4099632491299954,1.3428072927184083,0.2081355519617707,-1.392778194449286e-17,1.0776101096795718,True
2013-07-09,2.6571701478199445,0.41296904328075357,1.3517052930016362,0.20813584103892743,-1.392780128863453e-17,1.097329013779381,True
2013-07-10,2.679795267635897,0.41638402215346926,1.355835205433344,0.20813613011648566,-1.392782063280307e-17,1.1158239320860674,True
2013-07-11,2.7720411616875715,0.42761702428602283,1.3785327910307752,0.2081363778975874,-1.3927837213541547e-17,1.1853719927592092,True
2013-07-12,2.7877439989170396,0.4296493175258874,1.381855066666461,0.20813662567898414,-1.3927853794299763e-17,1.1977523065715943,True
2013-07-15,2.801267708962226,0.43090348087196206,1.3860548288555008,0.20813687346067583,-1.392787037507772e-17,1.2070760066460495,True
2013-07-16,2.7930151832261885,0.43048028124197807,1.382540182989197,0.20813703864866698,-1.3927881428942852e-17,1.2023379615883245,True
2013-07-17,2.805091574905204,0.43167832510620635,1.3860570143527062,0.20813732772788854,-1.3927900773222697e-17,1.210897232824609,True
2013-07-18,2.7982806046188813,0.42956114862636213,1.388110439706588,0.2081375342133358,-1.3927914590584782e-17,1.2020326306989577,True
2013-07-19,2.755799001738536,0.42292659874073985,1.3821605871994251,0.20813771592070596,-1.392792674987523e-17,1.1655006986184053,True
2013-07-22,2.7675921927006657,0.42416191796785546,1.3855470989825227,0.2081378811093657,-1.3927937803785103e-17,1.173907212608777,True
2013-07-23,2.73489052510533,0.4196768720411267,1.3789823017476475,0.20813792240656342,-1.3927940567264765e-17,1.1477703009511193,True
2013-07-24,2.7454432518501988,0.42201621639926057,1.3786835907701085,0.20813808759538704,-1.3927951621185604e-17,1.1586215734847032,True
2013-07-25,2.7724104329002635,0.42546464742562856,1.3847095527628768,0.20813825278434178,-1.3927962675115216e-17,1.1795626273530448,True
2013-07-26,2.7964090381160647,0.42881031825675997,1.3891416118292785,0.20813837667615614,-1.3927970965569003e-17,1.1991290496106297,True
2013-07-29,2.7874801524174497,0.42820976051601306,1.3857154433395895,0.20813850056804425,-1.3927979256027726e-17,1.1936262085098157,True
2013-07-30,2.8088945467965294,0.4312574494332127,1.3893991830608714,0.20813866575732673,-1.392799030997927e-17,1.2113566979783312,True
2013-07-31,2.818317091195321,0.43252709623594365,1.3911796699270307,0.2081389135414471,-1.3928006890919744e-17,1.2189985077268435,True
2013-08-01,2.8705699286076203,0.437593408223944,1.4062882886771857,0.20813916132586244,-1.3928023471879958e-17,1.256142478604572,True
2013-08-02,2.8966562203588784,0.44088194922677476,1.4114333292791619,0.20813945040803217,-1.3928042816357083e-17,1.2770834406716842,True
2013-08-05,2.898834147570292,0.44149984102891576,1.4108596340557287,0.20813969819308664,-1.3928059397360065e-17,1.2798348153214765,True
2013-08-06,2.867837003033696,0.4383302020155489,1.402637442870268,0.20813998727600203,-1.392807874188709e-17,1.2570595728874263,True
2013-08-07,2.8570985109449225,0.4374631129719844,1.3990829846224084,0.2081403176569268,-1.392810084994809e-17,1.249875208665587,True
2013-08-08,2.879801607693606,0.43979968731932434,1.4051251130498945,0.208140648038376,-1.3928122958044182e-17,1.2665358466053356,True
2013-08-09,2.861334662813075,0.43788370465261023,1.4002618206914386,0.2081410197181194,-1.392814782969331e-17,1.2529318224035166,True
2013-08-12,2.8699518914145425,0.4392853949190958,1.4010825252184915,0.20814141617720802,-1.392817435949893e-17,1.2607279500188433,True
2013-08-13,2.8968929412915756,0.44242884699624235,1.4070821247673386,0.2081418126370518,-1.3928200889355085e-17,1.281669003887185,True
2013-08-14,2.8764225444062674,0.4406351394901126,1.4008274531832683,0.20814224213603913,-1.392822963008767e-17,1.2674528490869603,True
2013-08-15,2.79118691870039,0.4313100290776766,1.3791773525178097,0.20814265511668448,-1.3928257265464336e-17,1.203866911065896,True
2013-08-16,2.7843528547119174,0.4308313485150638,1.376623332774603,0.20814302680001195,-1.39282821373533e-17,1.1995864951373028,True
2013-08-19,2.7740297725643126,0.43072654745612227,1.371038148901433,0.20814335718576138,-1.392830424573715e-17,1.1948482664771185,True
2013-08-20,2.7967582465814957,0.433074137462255,1.3774108936807306,0.20814368757203522,-1.3928326354156092e-17,1.21120366532873,True
2013-08-21,2.7780752321593587,0.43164023627918946,1.3708021232915224,0.20814405925720636,-1.3928351226168426e-17,1.1991290496106297,True
2013-08-22,2.8252859809326205,0.43654591460540615,1.3837745965377515,0.2081443318268063,-1.3928369465675885e-17,1.233367052568063,True
2013-08-23,2.8582370405292856,0.44060441164642133,1.3907406939201548,0.20814449702071677,-1.392838051993712e-17,1.2593518495884144,True
2013-08-26,2.8570821917375033,0.4411568339046459,1.3885161790910743,0.20814467873416556,-1.3928392679634335e-17,1.2604213339122634,True
2013-08-27,2.7523771171709455,0.4291170148399941,1.3631404788262498,0.20814478611039094,-1.392839986491642e-17,1.1810918522343048,True
2013-08-28,2.7727139134516543,0.43148245253612216,1.3681914552135626,0.2081450586809427,-1.3928418104487574e-17,1.196377399557149,True
2013-08-29,2.8033679039284225,0.43559730219154635,1.3740831014541577,0.2081453064726737,-1.392843468593733e-17,1.2211394960015909,True
2013-08-30,2.7739848663566873,0.43200100624249455,1.3674751411217887,0.2081454716673577,-1.3928445740250324e-17,1.1983642535675407,True
2013-09-03,2.800689562466793,0.43492193421462155,1.3744626039618604,0.2081456368621728,-1.3928456794572093e-17,1.2180813216427597,True
2013-09-04,2.8534517338130305,0.440807845115906,1.3874820631302802,0.20814576075838245,-1.3928465085319998e-17,1.2578239099243678,True
2013-09-05,2.8610092071030824,0.44156682470251973,1.389536571423235,0.20814588465466585,-1.392847337607284e-17,1.2633267510251818,True
2013-09-06,2.8667437341078403,0.44228313502758887,1.3906853195149051,0.208146008551023,-1.3928481666830615e-17,1.2679124060419122,True
2013-09-09,2.92616896405124,0.4485538408521314,1.4054785037963,0.2081461324474539,-1.3928489957593327e-17,1.312544327807486,True
2013-09-10,2.9546696825163794,0.4509524803508737,1.414107845522966,0.20814621504512362,-1.3928495484771758e-17,1.3324156219482899,True
2013-09-11,2.948807858880137,0.44956836332619776,1.4149707970582868,0.20814633894167742,-1.3928503775542694e-17,1.3256907228801729,True
2013-09-12,2.940513708896307,0.44880885820574623,1.4126386458299063,0.20814646283830496,-1.3928512066318567e-17,1.3197286002280957,True
2013-09-13,2.9468353064733077,0.44929864422673027,1.4146796530792836,0.2081465454361058,-1.392851759350577e-17,1.3240091079579184,True
2013-09-16,2.9378680991276878,0.4468719519785957,1.416870618980912,0.20814662803393943,-1.3928523120695168e-17,1.3128508521128364,True
2013-09-17,2.9720511979130144,0.45057787764785356,1.4247640240833073,0.2081466528133001,-1.3928524778852696e-17,1.339140521016407,True
2013-09-18,3.038060587720507,0.4569888591536533,1.4415540515861969,0.20814669411223824,-1.3928527542448823e-17,1.388359842022072,True
2013-09-19,3.0471381616007793,0.4584363306719287,1.442072588334927,0.20814673541118459,-1.39285303060455e-17,1.3969188378546677,True
2013-09-20,3.0243385397787286,0.4568385667726512,1.4345572791207823,0.20814677671013912,-1.392853306964272e-17,1.3816344839478072,True
2013-09-23,3.011770854881595,0.4561563659157334,1.429785588738783,0.20814681800910184,-1.392853583324049e-17,1.37383844813371,True
2013-09-24,3.0103929914982466,0.45646651427284857,1.4281025367695566,0.20814685930807275,-1.3928538596838807e-17,1.3741435954206176,True
2013-09-25,2.9928912359877993,0.4547948491571225,1.4235927345680444,0.20814698320501004,-1.3928546887635406e-17,1.3611515182147451,True
2013-09-26,3.032337488837432,0.4591617429015803,1.431857015295014,0.20814710710202108,-1.3928555178436938e-17,1.3923333664403965,True
2013-09-27,3.0215695835046246,0.4586228815578699,1.4276615024086823,0.2081471318814388,-1.3928556836598282e-17,1.3857609492145038,True
2013-09-30,3.007339439278832,0.4578961955380217,1.4221429781611354,0.208147173180472,-1.392855960020077e-17,1.3770492879372245,True
2013-10-01,3.0614500266208298,0.4632834640256357,1.434983638867044,0.20814721447951337,-1.3928562363803805e-17,1.4183191732742726,True
2013-10-02,3.0579036512211997,0.4629709491680724,1.4340357734937597,0.20814732185704687,-1.3928569549173426e-17,1.4157205558703931,True
2013-10-03,2.9937008719925187,0.4564589038442189,1.4190520490701428,0.20814740445518862,-1.392857507638344e-17,1.3665014184671873,True
2013-10-04,3.040361525525337,0.4610166082383549,1.4305567975577178,0.2081475696515377,-1.392858613080786e-17,1.4016571583160813,True
2013-10-07,2.9935362963308174,0.45663748433462986,1.4184276943815413,0.20814771832836673,-1.3928596079797524e-17,1.3669608836209095,True
2013-10-08,2.894241403830201,0.44558008410109184,1.3964772086973758,0.208147867005302,-1.3928606028794294e-17,1.289616328127523,True
2013-10-09,2.8783635445621227,0.4430996633348072,1.3948133883135274,0.20814823869793642,-1.3928630901306047e-17,1.275401917550659,True
2013-10-10,2.9891770167580045,0.4537748289747313,1.4246151828910258,0.20814854431241783,-1.3928651352073906e-17,1.356413289554561,True
2013-10-11,3.029955095536811,0.4577570422177383,1.4348229382443907,0.20814887470692522,-1.392867346104381e-17,1.3869832825854953,True
2013-10-14,3.066628739874977,0.46165371682002515,1.4427587889254632,0.2081493950791204,-1.3928708282728024e-17,1.4157205558703931,True
2013-10-15,3.04345972505544,0.4601956844880253,1.4347228195187034,0.20814987415311118,-1.3928740340865214e-17,1.4005870313836255,True
2013-10-16,3.1094454009202734,0.46581617935034164,1.4528647902997487,0.20815063406535161,-1.3928791191822113e-17,1.4484299765551731,True
2013-10-17,3.1418455514338683,0.46845624391481155,1.4618769914683325,0.20815139398036633,-1.3928842042964656e-17,1.4718171659851698,True
2013-10-18,3.231384851721498,0.4779914189467016,1.4786589216847814,0.20815169959948052,-1.3928862494042523e-17,1.5445742304372359,True
2013-10-21,3.241913551983238,0.4791739668184342,1.480321069097804,0.2081519060991856,-1.3928876312358695e-17,1.5534405767862483,True
2013-10-22,3.252628766211033,0.4792401204305976,1.4856864519769357,0.20815211259909552,-1.3928890130688576e-17,1.5587902016350015,True
2013-10-23,3.219498302189285,0.47638527401684483,1.4776243361248342,0.2081523851792415,-1.3928908370901745e-17,1.5337215808852092,True
2013-10-24,3.2443057984354553,0.47863201753026563,1.4833245356654592,0.20815263297969452,-1.392892495293515e-17,1.5528286297903013,True
2013-10-25,3.2840389805861117,0.4822895897199715,1.4920282872344,0.20815288078044253,-1.3928941534988293e-17,1.5838578125712692,True
2013-10-28,3.288616758908238,0.4825944771067651,1.4933953451568869,0.20815312858148555,-1.3928958117061177e-17,1.5870682851698656,True
2013-10-29,3.3015033428047236,0.4830256316421691,1.4986393114953613,0.20815329378237757,-1.3928969171789594e-17,1.5947107375269844,True
2013-10-30,3.292014798897563,0.48288534720138926,1.494195465555378,0.2081536241844238,-1.3928991281263974e-17,1.5896657091577615,True
2013-10-31,3.27794433261978,0.4818339089778544,1.4903656881351064,0.20815391328668084,-1.392901062708528e-17,1.5794247311979928,True
2013-11-01,3.279140178843637,0.4814249897400956,1.492325966018319,0.20815418586918488,-1.3929028867456244e-17,1.5786600269561333,True
2013-11-04,3.2904911106390586,0.4820872359756606,1.4960328876565474,0.20815445845204586,-1.392904710785109e-17,1.5863037645304654,True
2013-11-05,3.295659248657758,0.48337180369864197,1.4944757622226823,0.2081547310352638,-1.3929065348269826e-17,1.5930287553998117,True
2013-11-06,3.2965442846514392,0.4824075463388824,1.498111342155117,0.20815510274015542,-1.392909022160179e-17,1.590277839756167,True
2013-11-07,3.184799608978897,0.4716409809566606,1.47456212280399,0.20815547444571078,-1.3929115094978173e-17,1.5020820117291962,True
2013-11-08,3.264012037496257,0.4783649926855884,1.4944670721213553,0.2081558709323322,-1.3929141626626204e-17,1.5613890944425695,True
2013-11-11,3.2554718252059116,0.477319033416375,1.4934168598240554,0.2081563004603287,-1.3929170369299995e-17,1.5538986649215278,True
2013-11-12,3.2627768005772873,0.4785928561860982,1.4930784025020525,0.20815672998921153,-1.3929199112033095e-17,1.5615416680860232,True
2013-11-13,3.3337564981545724,0.48518411751209733,1.508113584517142,0.20815720908008425,-1.3929231171299972e-17,1.617485704557346,True
2013-11-14,3.3523995636230506,0.48622449224221587,1.5142230007128505,0.20815778729455636,-1.3929269863608946e-17,1.630018775615644,True
2013-11-15,3.36845148173006,0.48726565177537745,1.518962426020923,0.20815834899020338,-1.3929307450529667e-17,1.6413307067189338,True
2013-11-18,3.3129797647169825,0.4817214289378553,1.5088874912074761,0.20815892720784193,-1.3929346143050528e-17,1.5959333463016645,True
2013-11-19,3.2934185327137753,0.47980208180004946,1.5050700003531514,0.20815946412569003,-1.392938207191823e-17,1.5801890682349338,True
2013-11-20,3.278244692475532,0.4786659531684284,1.5009004470830192,0.20816012494937092,-1.3929426292177786e-17,1.569184120443142,True
2013-11-21,3.3399181415465105,0.48419733272470805,1.5145779248966325,0.2081607609941937,-1.392946885431345e-17,1.6171794556556842,True
2013-11-22,3.373312156399403,0.4869710971799112,1.5224452952487213,0.20816133921853225,-1.3929507547282654e-17,1.6427055219321496,True
2013-11-25,3.385221617113577,0.4884640854644001,1.5235005596732742,0.2081618761426018,-1.3929543476566677e-17,1.653559181297701,True
2013-11-26,3.4167734195494144,0.49196099539989,1.527691795245893,0.20816237176610533,-1.3929576642145642e-17,1.680919252537416,True
2013-11-27,3.457588101001029,0.49587963101562643,1.534877655798495,0.20816293347412315,-1.3929614229894177e-17,1.7145475117284108,True
2013-11-29,3.489796586733691,0.4993619282639105,1.5389615800520768,0.20816345388146523,-1.3929649053930315e-17,1.7426715528001493,True
2013-12-02,3.4747018647080354,0.4984077276468819,1.5347196958620593,0.20816390820646133,-1.3929679455941974e-17,1.7318182606395152,True
2013-12-03,3.465716095186748,0.49824497208540497,1.5307761548543932,0.2081643212300949,-1.3929707094195276e-17,1.7267756191022599,True
2013-12-04,3.470780489643828,0.49879505628021326,1.53140772962846,0.20816461034720896,-1.3929726441010767e-17,1.7312081496681593,True
2013-12-05,3.461080149544105,0.49864732009869156,1.5270567684339196,0.20816503989323917,-1.3929755184891318e-17,1.7258583412169466,True
2013-12-06,3.5107735664052715,0.501733529232796,1.541135318197464,0.2081654363980805,-1.3929781717758567e-17,1.7614728118097267,True
2013-12-09,3.5369629139532517,0.5039823548320163,1.5462301496797664,0.20816586594581526,-1.392981046175318e-17,1.78256689832767,True
2013-12-10,3.5304447778147203,0.5040033679908013,1.5429224237961285,0.2081662954944364,-1.3929839205807107e-17,1.7793560585241552,True
2013-12-11,3.4453675124382115,0.4971504706609534,1.5243345582954477,0.20816687373414858,-1.3929877899805066e-17,1.712866080408615,True
2013-12-12,3.42697370945623,0.49575996262372574,1.519849915889404,0.20816743545431454,-1.392991548836652e-17,1.6989563581125113,True
2013-12-13,3.4178040260832168,0.4947197294831403,1.5187809870000282,0.20816795587291156,-1.39299503131558e-17,1.6908550832102769,True
2013-12-16,3.4557843530315777,0.4976861572550486,1.527719866558277,0.20816845151089067,-1.3929983479703426e-17,1.7198960349624102,True
2013-12-17,3.440982255476034,0.4966735180656701,1.5237685624184663,0.20816893062874148,-1.393001554077559e-17,1.7090447624288263,True
2013-12-18,3.521848386861643,0.5020219075951433,1.545633890377406,0.20816945105107645,-1.3930050365815006e-17,1.7680450454331604,True
2013-12-19,3.502907247304484,0.5001986507888506,1.5425878216716793,0.2081699466926155,-1.3930083532600852e-17,1.7521494789401895,True
2013-12-20,3.5679817676816983,0.5058554041836324,1.5549284826573337,0.2081704258139076,-1.39301155939033e-17,1.8048828592104567,True
2013-12-23,3.6387042468798443,0.5120702784325869,1.567261069892126,0.20817088015412022,-1.3930145996933203e-17,1.8632722968335982,True
2013-12-24,3.6433804122359246,0.5121265224411379,1.5693373125098204,0.20817135927756078,-1.393017805837942e-17,1.8658717404485434,True
2013-12-26,3.668160019974185,0.5136252936037999,1.5759283317193926,0.20817192100983062,-1.3930215647750823e-17,1.8840597672449615,True
2013-12-27,3.6523857973851577,0.5120771618215,1.5739100277257594,0.20817241665725053,-1.3930248814930196e-17,1.8703033530021478,True
2013-12-30,3.641306793921885,0.5109487617723121,1.572612700550163,0.20817289578422749,-1.3930280876613054e-17,1.8605211975874947,True
2013-12-31,3.686689332713967,0.5145682097036167,1.581462852916089,0.2081733501298309,-1.393031128000369e-17,1.8970531296680473,True
2014-01-02,3.6285809112411576,0.5105921888726583,1.5676819707057748,0.20817387056321462,-1.3930346105782454e-17,1.852725069972168,True
2014-01-03,3.582441416260405,0.5059041566703866,1.5618950630525814,0.20817434969353787,-1.3930378167689237e-17,1.8123720035142856,True
2014-01-06,3.558035098654342,0.5039615378302612,1.5567474298574908,0.20817482882496388,-1.3930410229669814e-17,1.7931128399718872,True
2014-01-07,3.616496882030122,0.5086636264677746,1.5687412623415358,0.2081752005657444,-1.3930435105403355e-17,1.8395804191228418,True
2014-01-08,3.632135837386537,0.5102609318437998,1.5706232646330776,0.20817555578534475,-1.393045887559105e-17,1.8533370169681145,True
2014-01-09,3.610934113272333,0.5079655297842085,1.568528167185354,0.20817588622272748,-1.393048098743004e-17,1.8342300598642518,True
2014-01-10,3.633936418324071,0.509797819849588,1.5731873959564333,0.2081761588340056,-1.3930499229726474e-17,1.8525728635336323,True
2014-01-13,3.5294592266233273,0.5015456528695217,1.5510978630845331,0.2081764314456407,-1.3930517472046795e-17,1.7701849320931538,True
2014-01-14,3.654040801853231,0.5121799209337121,1.574337793596765,0.2081766792747202,-1.3930534055995797e-17,1.871526328981746,True
2014-01-15,3.7084656054982936,0.5164512031147823,1.5850471299418731,0.20817695188703683,-1.3930552298361724e-17,1.9152415236693834,True
2014-01-16,3.7115006725228263,0.5171000188476872,1.5841063637863755,0.20817724102169347,-1.393057164635111e-17,1.9192170677147573,True
2014-01-17,3.6695842062283317,0.5137178987182786,1.5762756297831941,0.20817748885173676,-1.3930588230364605e-17,1.8851310875934009,True
2014-01-21,3.7200975592709478,0.5180825935616924,1.5846020307792579,0.2081777366820751,-1.3930604814397843e-17,1.9273177918096145,True
2014-01-22,3.7405553283532913,0.5200300136665486,1.5871763218385695,0.20817796799067853,-1.3930620292848114e-17,1.9452010385240432,True
2014-01-23,3.7079856354316254,0.5182908542433775,1.5779923771000082,0.20817821582158727,-1.3930636876919522e-17,1.9218150425100302,True
2014-01-24,3.5617599724502904,0.5075971719964517,1.5456422194515724,0.20817846365279105,-1.3930653461010673e-17,1.8079392893459272,True
2014-01-27,3.4978935138156153,0.5018329723828137,1.5343564784315165,0.20817873626744438,-1.3930671703532964e-17,1.7553582991166548,True
2014-01-28,3.501404102723128,0.5011551035650119,1.5384784342015871,0.20817913279837405,-1.3930698238145962e-17,1.754746535723167,True
2014-01-29,3.430440274529663,0.4953924647116421,1.522846507337491,0.20817950454684023,-1.3930723114393803e-17,1.699414262645332,True
2014-01-30,3.5421591721057064,0.5050553314468056,1.5449929624100252,0.20817983499049084,-1.393074522665222e-17,1.7889863747051902,True
2014-01-31,3.5230458954387505,0.504237494358837,1.538414101704473,0.2081799589070565,-1.3930753518762286e-17,1.7764518348272207,True
2014-02-03,3.3703844329117696,0.492156334661057,1.5034483424930785,0.20818004151814945,-1.3930759046838955e-17,1.6587560489005417,True
2014-02-04,3.4135834877575615,0.4954207906624645,1.5142430505199762,0.20818020674040094,-1.3930770102996683e-17,1.6911602304971844,True
2014-02-05,3.3950816608706593,0.4935284119363564,1.5113317392849548,0.20818066110196082,-1.3930800507455078e-17,1.6755692604837438,True
2014-02-06,3.4788822440001854,0.5000938205672651,1.5309336158299998,0.20818111546451237,-1.3930830911979832e-17,1.7397675127056733,True
2014-02-07,3.59434903616604,0.5097141434999313,1.55407688462304,0.20818161113382383,-1.393086408062412e-17,1.8320905404091767,True
2014-02-10,3.6338541633789765,0.5134266347794492,1.5599544430576167,0.20818220593840148,-1.393090388309121e-17,1.8657175143829585,True
2014-02-11,3.715166617117995,0.5193873702533582,1.5773733374956898,0.2081826603043247,-1.3930934287841585e-17,1.9296106193179803,True
2014-02-12,3.726238286459929,0.5203053087591025,1.5792736922543167,0.20818303205909,-1.3930959164510943e-17,1.9387815621465225,True
2014-02-13,3.7860024450150713,0.5252534648889795,1.5892081554007036,0.2081833872920536,-1.3930982935592864e-17,1.9886109023223142,True
2014-02-14,3.7977928775846665,0.5251524104691138,1.5951891996354524,0.20818359382319487,-1.393099675601265e-17,1.9944200841260196,True
2014-02-18,3.8338360124135304,0.5283486350470464,1.6000503118249,0.20818367643573024,-1.393100228418584e-17,2.0256020241529002,True
2014-02-19,3.7787145937805384,0.5243248990861862,1.5892566453664756,0.2081838003545825,-1.393101057644892e-17,1.98127414805948,True
2014-02-20,3.815864301951913,0.5267511398423755,1.5976692593035287,0.2081841721113836,-1.3931035453254508e-17,2.010010870537001,True
2014-02-21,3.803494444864973,0.5257313846273992,1.595693541381047,0.20818450256244303,-1.39310575660087e-17,1.9996164009214832,True
2014-02-24,3.8473361491781652,0.5288785380043984,1.604377839681758,0.2081847917075867,-1.3931076914699847e-17,2.03477351778882,True
2014-02-25,3.8388080568686034,0.5281422123452949,1.6031864126145496,0.20818506433052675,-1.393109515777666e-17,2.0274365799235268,True
2014-02-26,3.83141515339531,0.5274056336185192,1.6025198219802583,0.2081853947830024,-1.393111727062562e-17,2.0207099366320493,True
2014-02-27,3.880561455734318,0.5309676314670703,1.6119232055846582,0.2081857252360026,-1.3931139383509683e-17,2.060452524913657,True
2014-02-28,3.8713140871915854,0.5295508084124376,1.613070568317979,0.20818601438284443,-1.3931158732314466e-17,2.0500575044907623,True
2014-03-03,3.8147226427406644,0.5256264096773345,1.6014173065011588,0.2081863696208969,-1.393118250373692e-17,2.0051189666186087,True
2014-03-04,3.916862886735683,0.5325243635654151,1.622851245944213,0.20818672485955556,-1.3931206275199934e-17,2.0858249159319144,True
2014-03-05,3.936953107118757,0.534155488675771,1.6258208748864407,0.2081871214057016,-1.3931232810831164e-17,2.1029451108266146,True
2014-03-06,3.9301521336524337,0.5330572849907514,1.626968373211665,0.2081875344753931,-1.393126045216652e-17,2.0949962259653754,True
2014-03-07,3.89651613197527,0.5299702972559324,1.623290413010938,0.20818790623886227,-1.3931285329418316e-17,2.0650378127254694,True
2014-03-10,3.901082010693638,0.5304469921852782,1.6235765138501048,0.2081882780029953,-1.3931310206714536e-17,2.069317218840538,True
2014-03-11,3.8678958194392186,0.5283588818059841,1.6160701008777008,0.20818860846057202,-1.3931332319904845e-17,2.043637110100946,True
2014-03-12,3.8940853095188706,0.5306934031807152,1.619330944108313,0.20818898022595902,-1.3931357197284976e-17,2.066565385184598,True
2014-03-13,3.785826399323228,0.522694049273856,1.5988081581284574,0.2081893106846504,-1.3931379310549873e-17,1.97882893051012,True
2014-03-14,3.737460713489047,0.5185792119641494,1.5911016407970635,0.20818964114386632,-1.393140142384987e-17,1.9381694315481173,True
2014-03-17,3.803319206151892,0.523183747789467,1.6052944382340784,0.20818997160360675,-1.393142353718497e-17,1.9898347963142073,True
2014-03-18,3.8902746132050403,0.529877615476552,1.6207148507625762,0.20819032684841163,-1.3931447309059275e-17,2.0613694355940524,True
2014-03-19,3.847637871528483,0.5269301965567054,1.6120105516804928,0.20819073992446313,-1.3931474950820222e-17,2.0274365799235268,True
2014-03-20,3.8704785099555026,0.5279276688833408,1.6189546597302937,0.20819115300133423,-1.3931502592636013e-17,2.0433326972238746,True
2014-03-21,3.782700872931423,0.5203780386074129,1.6060748294346852,0.208191582602135,-1.393153134018164e-17,1.9684344608946027,True
2014-03-24,3.722817368799724,0.515445667704601,1.5957153300236318,0.20819195437283297,-1.3931556217917162e-17,1.9189100844032594,True
2014-03-25,3.746959283639291,0.5168570245078599,1.6021247477243634,0.20819230962102114,-1.3931579990017866e-17,1.9366422262939063,True
2014-03-26,3.6572048095042833,0.5093961495102739,1.5860460801793292,0.20819268139301736,-1.3931604867840265e-17,1.8629660479319365,True
2014-03-27,3.6180689159333665,0.5057807847932629,1.5799261931237265,0.20819298707275194,-1.393162532297466e-17,1.8299497357368883,True
2014-03-28,3.6354325624056854,0.5066446648655595,1.5853667904778908,0.20819325970642402,-1.3931643566769628e-17,1.8418725122213706,True
2014-03-31,3.684258264051614,0.5098873910856214,1.597507897368243,0.20819353234045312,-1.3931661810588486e-17,1.878556834342918,True
2014-04-01,3.805385488966585,0.5204089552329444,1.6168350387282695,0.2081937636666073,-1.3931677290213196e-17,1.9803566865717077,True
2014-04-02,3.825767429780979,0.5217118510277011,1.6216252108721336,0.20819401151632042,-1.3931693875542932e-17,1.9959482073925252,True
2014-04-03,3.7711793454416087,0.5167799259444034,1.6141154023549085,0.20819416022632223,-1.3931703826752413e-17,1.9488697828603783,True
2014-04-04,3.58548519004433,0.500401646193516,1.5831082143922606,0.20819428415141483,-1.3931712119433077e-17,1.7941826915006542,True
2014-04-07,3.5154188386116587,0.49507019572780925,1.566845296729987,0.20819444938497,-1.3931723176347212e-17,1.7403790924967018,True
2014-04-08,3.574491087667901,0.5004870150263475,1.5773100983440544,0.20819461461865632,-1.3931734233270123e-17,1.7889863747051902,True
2014-04-09,3.6881992283136604,0.5099230064844165,1.5993067681375184,0.20819482116093582,-1.3931748054435244e-17,1.8806976390152064,True
2014-04-10,3.4729939768011064,0.4915229267882011,1.5577427601175107,0.20819505248852202,-1.3931763534155782e-17,1.7070561641950737,True
2014-04-11,3.397304284310933,0.4849268655166692,1.5416648826973163,0.20819528381636523,-1.3931779013893518e-17,1.6474441177972519,True
2014-04-14,3.446418022743326,0.48874965129504405,1.553786884242682,0.20819553166788804,-1.3931795599344354e-17,1.6844356068327557,True
2014-04-15,3.47114785671835,0.4901110970290086,1.5617039931925212,0.20819577951970591,-1.3931812184814936e-17,1.7012480840061224,True
2014-04-16,3.5557368102880313,0.4970223620833908,1.5802600745199935,0.20819602737181886,-1.393182877030526e-17,1.767280708396219,True
2014-04-17,3.5579413557699078,0.49697226375485565,1.5815469519704166,0.2081962339154999,-1.3931842591564167e-17,1.7681981698839913,True
2014-04-21,3.606618012520298,0.5013687935824536,1.5901758502108638,0.20819644045938585,-1.3931856412836786e-17,1.808245721850048,True
2014-04-22,3.660875769630805,0.506046361611572,1.600106259093696,0.2081966470034767,-1.3931870234123117e-17,1.8525728635336323,True
2014-04-23,3.6015230774328435,0.500380354092855,1.5911948311256359,0.20819685354777245,-1.3931884055423158e-17,1.802131392759435,True
2014-04-24,3.66393976566128,0.5063739346817463,1.6004191926119944,0.20819697747446822,-1.39318923482111e-17,1.8553235955748177,True
2014-04-25,3.555016681962062,0.4966929342629345,1.5810679795376803,0.20819703530696373,-1.3931896218181317e-17,1.765751667117418,True
2014-04-28,3.5790432999301443,0.4986545009423778,1.5861401562128423,0.20819709313947532,-1.3931900088152607e-17,1.784706050577827,True
2014-04-29,3.6284988432034027,0.5027262607413435,1.5961600697306217,0.20819711792484374,-1.3931901746712153e-17,1.824141655547937,True
2014-04-30,3.6491884356395246,0.5043160750432287,1.6006468048329627,0.20819724185169688,-1.3931910039510626e-17,1.840344388954865,True
2014-05-01,3.6681630908610456,0.5062078642808296,1.6031126797149093,0.20819740708759943,-1.393192109658184e-17,1.8568530040585367,True
2014-05-02,3.6563796112052205,0.5053309258050591,1.6005003613801176,0.20819755580002666,-1.3931931047953623e-17,1.8476816940250762,True
2014-05-05,3.6884093589450093,0.5080704303032064,1.6062399490843042,0.20819767972714043,-1.3931939340769536e-17,1.8739717301335648,True
2014-05-06,3.5985561911602675,0.5006227450286704,1.5888393089473694,0.20819780365432797,-1.3931947633590386e-17,1.8015190785585702,True
2014-05-07,3.5847459914787683,0.4980318879538912,1.5912302086167773,0.2081979688906764,-1.3931958690691438e-17,1.7853178139713146,True
2014-05-08,3.577049989039881,0.4973940276847515,1.5896485536344822,0.208198134127156,-1.3931969747801263e-17,1.7792033012782424,True
2014-05-09,3.601965310727995,0.4997249329257318,1.5937751215362042,0.20819831588743082,-1.393198191063193e-17,1.79999187330436,True
2014-05-12,3.7105885047336016,0.5087409518923105,1.6146616791068995,0.20819849764786433,-1.3931994073473213e-17,1.8877283279788377,True
2014-05-13,3.715836253691603,0.5090922677068793,1.6159340859875464,0.20819866288476355,-1.393200513061112e-17,1.8917035048192932,True
2014-05-14,3.6796735379665098,0.5064519924660894,1.6078967149168326,0.2081988281217939,-1.3932016187757802e-17,1.8635779949278832,True
2014-05-15,3.6231946348972928,0.5024498116896179,1.5945221795193587,0.20819899335895542,-1.393202724491326e-17,1.8204734620189786,True
2014-05-16,3.665108454490067,0.5059623951448247,1.60250226031821,0.2081991420725157,-1.3932037196360864e-17,1.854407052099341,True
2014-05-19,3.713361816188043,0.5100898004879195,1.6110145622286518,0.20819926600057367,-1.3932045489239963e-17,1.8941479879588174,True
2014-05-20,3.6845782293875606,0.5084330241696822,1.6030175627159418,0.20819941471432868,-1.3932055440700598e-17,1.8733612519572904,True
2014-05-21,3.7518668354122306,0.513410187398613,1.6174205590872264,0.20819962126137018,-1.3932069262184376e-17,1.9262466550636343,True
2014-05-22,3.781229354783484,0.5157296322062971,1.622937502544727,0.2081998278086166,-1.3932083083681866e-17,1.9500920244301403,True
2014-05-23,3.8341097675385845,0.5200185810049235,1.6321013876642867,0.20820005914176573,-1.3932098563774657e-17,1.993808320732532,True
2014-05-27,3.9241925453328763,0.5271672576597505,1.6472864322057363,0.2082002904751719,-1.393211404388465e-17,2.0687058226519683,True
2014-05-28,3.901489989497418,0.5252198172792177,1.6441496082880516,0.2082005218088351,-1.393212952401184e-17,2.049139859400531,True
2014-05-29,3.9525763149631126,0.5289505386000866,1.6536581911626733,0.20820075314275535,-1.3932145004156235e-17,2.090717370657684,True
2014-05-30,3.952165206548198,0.5285413705444458,1.6550813906603512,0.20820100100078925,-1.3932161590042775e-17,2.0888828148870573,True
2014-06-02,3.9470971476983285,0.5279032459821517,1.6552105023623704,0.20820124885911823,-1.3932178175949057e-17,2.08368539647684,True
2014-06-03,3.943248746557622,0.5276433003510766,1.6544185084107328,0.2082014554079793,-1.3932191997554597e-17,2.08062878273891,True
2014-06-04,3.9700176123282915,0.5296297905090795,1.6591763127266532,0.20820170326684925,-1.393220858349708e-17,2.102639596334789,True
2014-06-05,4.037128909756753,0.5343797917389571,1.6715668526116023,0.20820195112601428,-1.393222516945931e-17,2.1573601060191363,True
2014-06-06,4.080776472038348,0.5372042849690526,1.6803636662729797,0.20820219898547437,-1.3932241755441282e-17,2.1922106067798937,True
2014-06-09,4.07702992726052,0.5367232857742236,1.680590598180152,0.20820243032125815,-1.3932257235710377e-17,2.18823689875911,True
2014-06-10,4.091099564343051,0.5379412152697295,1.6821258147296003,0.2082026781812887,-1.3932273821730524e-17,2.200771071432162,True
2014-06-11,4.084631788134964,0.5379697174113957,1.6790206119907172,0.2082029673516763,-1.3932293172110914e-17,2.1974082087925706,True
2014-06-12,4.013623812491622,0.5331678380974111,1.6654854414507576,0.20820323999841778,-1.3932311416780448e-17,2.139935131042447,True
2014-06-13,4.033278844634773,0.5342077060787057,1.670466692421142,0.20820351264551631,-1.3932329661473872e-17,2.1546086395681145,True
2014-06-16,4.042639849016193,0.534936927748627,1.6718787476824617,0.20820376050683534,-1.3932346247580242e-17,2.1625573408268957,True
2014-06-17,4.048472862074915,0.5349212889770556,1.6746545732469835,0.20820396705818814,-1.393236006935252e-17,2.165614321769743,True
2014-06-18,4.098764190281802,0.5379792561793383,1.6855098402332516,0.20820423970623878,-1.3932378314109658e-17,2.2050501103423117,True
2014-06-19,4.090605825731766,0.5369598109625555,1.6859105064009619,0.20820438842354644,-1.3932388265808024e-17,2.1964909309072573,True
2014-06-20,4.101257583933773,0.5375032909903609,1.6886136643258607,0.20820447104433362,-1.39323937945334e-17,2.204439448563579,True
2014-06-23,4.1036263009416345,0.5377888084988685,1.6885374483684599,0.2082045536651536,-1.3932399323260972e-17,2.2068842989080206,True
2014-06-24,4.091608180694931,0.5378743453040942,1.6826325142871892,0.20820459497558003,-1.3932402087625856e-17,2.200771071432162,True
2014-06-25,4.141185624946057,0.5411955308853811,1.6917896954169718,0.2082047767414953,-1.393241425083396e-17,2.24119115278759,True
2014-06-26,4.147149326417489,0.5418919335216584,1.6916376173386949,0.2082049419833779,-1.3932425308305343e-17,2.2473067670954165,True
2014-06-27,4.174828919746574,0.5436454549064673,1.696997003978369,0.2082051485359028,-1.3932439130156055e-17,2.269626767232302,True
2014-06-30,4.192661128251054,0.5453443405342375,1.6980118129275912,0.20820529725385964,-1.3932449081897863e-17,2.2864440180696035,True
2014-07-01,4.284399553171759,0.551579701423404,1.713006264358559,0.20820546249615537,-1.393246013939689e-17,2.363187826317044,True
2014-07-02,4.295885892558196,0.5522401349812013,1.7153196183388233,0.20820566904919666,-1.3932473961282154e-17,2.3723606051701767,True
2014-07-03,4.351072824999564,0.5557063507301325,1.7249482967739007,0.20820572688410652,-1.393247783141393e-17,2.4179188013415565,True
2014-07-07,4.322219624257388,0.5540397600065948,1.7193323492675274,0.20820575167050276,-1.3932479490042257e-17,2.3946815233193575,True
2014-07-08,4.222858936093017,0.547309256960772,1.7034433400243558,0.20820580950543555,-1.3932483360175566e-17,2.3112097865632255,True
2014-07-09,4.285287717670428,0.5515368895944307,1.713587442790443,0.20820601605882108,-1.3932497182083868e-17,2.3634942588211647,True
2014-07-10,4.256870252215665,0.5499753502372643,1.7074904043477925,0.20820613999097073,-1.3932505475236767e-17,2.341173707876902,True
2014-07-11,4.3042126484135075,0.5533742743438084,1.714165833553047,0.20820626392319416,-1.3932513768394603e-17,2.3818405509372664,True
2014-07-14,4.359212006400081,0.5568428398315846,1.7236096254728286,0.20820638785549134,-1.3932522061557375e-17,2.4273959930717606,True
2014-07-15,4.329254944118556,0.554834440892674,1.719028685928831,0.2082065117878623,-1.3932530354725083e-17,2.4020197464018636,True
2014-07-16,4.363067194963707,0.556771373782959,1.7256296018852806,0.20820667703112195,-1.393254141228861e-17,2.429230916047305,True
2014-07-17,4.244910017505961,0.5494362311355201,1.7043958302279005,0.20820682575017055,-1.3932551364103475e-17,2.33230736152789,True
2014-07-18,4.377505383594318,0.5580083111690112,1.7266141137761968,0.2082068835854017,-1.3932555234256752e-17,2.44268438623272,True
2014-07-21,4.365944913562751,0.5574548817400903,1.7239206418817,0.20820696620717905,-1.3932560763048388e-17,2.433817305473872,True
2014-07-22,4.42348819087232,0.56112435729297,1.7331541491605102,0.20820707361553684,-1.3932567950480677e-17,2.482126968096273,True
2014-07-23,4.477449309186896,0.5647418060478452,1.7406392609697694,0.2082072388592424,-1.3932579008074043e-17,2.528602809357884,True
2014-07-24,4.467641415948786,0.5639967774492943,1.7396986504515892,0.20820740410307909,-1.3932590065676184e-17,2.5197353613941176,True
2014-07-25,4.429283341059943,0.5619087903252632,1.7322225275300633,0.20820756934704693,-1.3932601123287102e-17,2.488853244182833,True
2014-07-28,4.432961695204758,0.5621325912760066,1.7328417158608822,0.20820773459114592,-1.3932612180906796e-17,2.4919122447527298,True
2014-07-29,4.415180099591872,0.5615571308358082,1.7275962895952617,0.20820794114644126,-1.3932626002942897e-17,2.4793758688501693,True
2014-07-30,4.4483674602460574,0.5640346441885311,1.7311259300977277,0.2082081724886052,-1.3932641483638932e-17,2.509033357659725,True
2014-07-31,4.260904046240555,0.5529709643238696,1.6965394230684119,0.2082084038310262,-1.3932656964352168e-17,2.3561562193411176,True
2014-08-01,4.227974716173903,0.5508413729070539,1.6908227663490505,0.20820855255130824,-1.393266691624957e-17,2.3289433972735445,True
2014-08-04,4.2875821097654585,0.5543080542036468,1.7027321119913035,0.2082087012716965,-1.393267686815408e-17,2.3766412965024584,True
2014-08-05,4.217158844474443,0.5503690233155684,1.6879564248689887,0.20820882520544448,-1.3932685161413935e-17,2.3209935944000097,True
2014-08-06,4.212824099872792,0.5499919485463,1.6875957325391218,0.2082090317618218,-1.393269898352244e-17,2.317019335571849,True
2014-08-07,4.183257067798835,0.5485437060750366,1.6803485353567902,0.2082091970070814,-1.3932710041219798e-17,2.2946993354349634,True
2014-08-08,4.247961524485954,0.5517046266855294,1.696132135192466,0.20820936225247216,-1.3932721098925934e-17,2.343620027041016,True
2014-08-11,4.297923231678249,0.555179539144144,1.703594665140215,0.2082095274979941,-1.3932732156640846e-17,2.38611903904004,True
2014-08-12,4.290876425154217,0.5548088246452905,1.7020505849611525,0.20820973405506812,-1.393274597879597e-17,2.3806161061379965,True
2014-08-13,4.383002849905743,0.5607966953195967,1.7168193954898816,0.20820994061234707,-1.3932759800964805e-17,2.4579735138035153,True
2014-08-14,4.4294194709707515,0.5634792894945608,1.7253231461134604,0.20821018848131845,-1.3932776387583244e-17,2.4958861363759723,True
2014-08-15,4.467365729602888,0.5662901967861593,1.729329891644345,0.20821041982597943,-1.3932791868446373e-17,2.529825418132564,True
2014-08-18,4.542420646037549,0.5703956082990811,1.7432332568936766,0.20821060159697988,-1.3932804031994764e-17,2.5909767875468925,True
2014-08-19,4.596493712924318,0.5733971555764295,1.7526665089404343,0.208210783368139,-1.3932816195553773e-17,2.635616420615745,True
2014-08-20,4.59883500254676,0.5731052362513949,1.7550075920045565,0.20821098992645892,-1.393283001779227e-17,2.635616420615745,True
2014-08-21,4.6181550578570985,0.5739519929663863,1.7593445620872357,0.20821119648498376,-1.3932843840044477e-17,2.650599299284879,True
2014-08-22,4.6285183589414345,0.5749128909415698,1.7593121680060673,0.208211320420217,-1.3932852133403722e-17,2.6609948705151507,True
2014-08-25,4.665744000165453,0.5766823416858776,1.7668803800876813,0.20821144435552402,-1.3932860426767903e-17,2.690652175722247,True
2014-08-26,4.676379393297838,0.5773323571751288,1.7683426868290941,0.20821156829090479,-1.393286872013702e-17,2.699825138177839,True
2014-08-27,4.67651109588644,0.5773817024110073,1.7681673831495588,0.2082117748500034,-1.3932882542427624e-17,2.7001319378868778,True
2014-08-28,4.664040770799044,0.5765653757782135,1.7667043697290774,0.2082119814093069,-1.393289636473194e-17,2.6891244196606596,True
2014-08-29,4.701338064682215,0.5786900122522961,1.7725085192474077,0.20821216318167066,-1.393290852837156e-17,2.720617382253137,True
2014-09-02,4.726097980161447,0.5804456640551062,1.7746425877725014,0.20821231190463796,-1.393291848044865e-17,2.7432430804843078,True
2014-09-03,4.6732926950653235,0.5769285210577721,1.7689243748786954,0.20821247715250088,-1.3932929538320214e-17,2.696155843034127,True
2014-09-04,4.662652786850249,0.5764090352940358,1.7668449496703549,0.20821264240049495,-1.3932940596200552e-17,2.6875951947793997,True
2014-09-05,4.712650936129629,0.5791173731083218,1.7752600979731448,0.20821280764862016,-1.3932951654089667e-17,2.7291780305078643,True
2014-09-08,4.725803431473944,0.5804169995121199,1.7746538105968814,0.2082129728968765,-1.3932962711987558e-17,2.742936647980186,True
2014-09-09,4.646172560032754,0.576018833112889,1.7616765254162983,0.20821313814526402,-1.3932973769894224e-17,2.6762828964711916,True
2014-09-10,4.718832170129721,0.5803025713628637,1.7722684658919883,0.208213262081653,-1.3932982063330808e-17,2.7383504421560794,True
2014-09-11,4.717002840343898,0.5800739681760716,1.7725788988296967,0.20821338601811576,-1.3932990356772328e-17,2.736210555496086,True
2014-09-12,4.664194136312386,0.5773986532704403,1.7628812547712567,0.20821346864247342,-1.3932995885736632e-17,2.6930994128986563,True
2014-09-15,4.573999170395711,0.5710700631982538,1.7537116238222077,0.2082135512668639,-1.393300141470313e-17,2.612073995306639,True
2014-09-16,4.658893207706959,0.575824322573651,1.767975548544828,0.20821363389128714,-1.393300694367182e-17,2.682704025270844,True
2014-09-17,4.674564264225507,0.5767062288936049,1.7705001778552347,0.20821375782797122,-1.393301523712815e-17,2.695850328542301,True
2014-09-18,4.744047681950956,0.5805051228893647,1.7818898341071776,0.20821386523983262,-1.393302242479489e-17,2.753943982603946,True
2014-09-19,4.736578176546072,0.5801296951287858,1.7805345751683586,0.20821394786438047,-1.3933027953771916e-17,2.7478296535133326,True
2014-09-22,4.646816733251295,0.5752807997741423,1.7653782808410332,0.20821400570159,-1.3933031824057577e-17,2.6732244467086717,True
2014-09-23,4.616120461776112,0.5740724000233987,1.757919078998208,0.2082140304889718,-1.3933033482751855e-17,2.649987352288932,True
2014-09-24,4.718351143764357,0.579843535347062,1.7742316472289748,0.20821408832620428,-1.3933037353039054e-17,2.7359054082091783,True
2014-09-25,4.511707102722575,0.567908040628765,1.741258215961063,0.20821414616345282,-1.3933041223327328e-17,2.5622347405980594,True
2014-09-26,4.609832284012787,0.5735953481990823,1.7574397424493196,0.2082141874757825,-1.3933043987819573e-17,2.6441783540876855,True
2014-09-29,4.598209906999617,0.5731167039835049,1.7546847720875776,0.20821422878812038,-1.3933046752312367e-17,2.6353109061239195,True
2014-09-30,4.606930344965592,0.5741558082088201,1.7536202592896677,0.20821427010046645,-1.393304951680571e-17,2.645095815575458,True
2014-10-01,4.4544415678873985,0.5653935172414823,1.7277148049602862,0.20821437751259214,-1.393305670449013e-17,2.5185123854145197,True
2014-10-02,4.4533513397463835,0.5652572299344705,1.727847812591607,0.20821448492477324,-1.393306389217826e-17,2.517289042230004,True
2014-10-03,4.547222483932961,0.5702639065873282,1.7458910585740495,0.208214567549567,-1.3933069421171743e-17,2.5931168578093446,True
2014-10-06,4.526599860332668,0.5689442722925584,1.7430021466617083,0.20821465017439353,-1.393307495016742e-17,2.575383063496566,True
2014-10-07,4.391931656385269,0.5616057287389205,1.717182945130233,0.20821473279925284,-1.393308047916529e-17,2.466533978455783,True
2014-10-08,4.566144659390812,0.5713826266499971,1.7489141148200886,0.20821481542414494,-1.3933086008165354e-17,2.609015729146578,True
2014-10-09,4.404732749516812,0.5628195726115084,1.717448089229238,0.20821485673660742,-1.3933088772666486e-17,2.4790698035509666,True
2014-10-10,4.187881851323075,0.5476456888864938,1.686191511830926,0.20821489804907808,-1.3933091537168167e-17,2.2934754414430705,True
2014-10-13,4.0534993325744235,0.539325370774816,1.6591293627366963,0.20821493936155694,-1.3933094301670396e-17,2.1861550304761703,True
2014-10-14,4.058848384805352,0.5395941740335524,1.6605024624048461,0.208214980674044,-1.3933097066173173e-17,2.190130941726462,True
2014-10-15,4.001091804995809,0.5356913624692765,1.6495264626264081,0.20821502198653927,-1.39330998306765e-17,2.143350320382862,True
2014-10-16,3.961877306750086,0.5325813760095376,1.6436401345286182,0.20821510461154613,-1.3933105359684243e-17,2.1100220676099215,True
2014-10-17,4.064970840333153,0.5393829078220909,1.6641797784006234,0.20821526986162547,-1.3933116417704124e-17,2.192575792070904,True
2014-10-20,4.179966223157338,0.5471466891712845,1.6846960916721423,0.2082154516368601,-1.393312858153585e-17,2.287054679848336,True
2014-10-21,4.397652910407011,0.5607359383966506,1.723515262059959,0.20821561688721485,-1.3933139639574162e-17,2.465922031459837,True
2014-10-22,4.348858449148441,0.558239176642112,1.7129395235500746,0.20821576561264907,-1.3933149591816333e-17,2.4277031599857177,True
2014-10-23,4.482690834775006,0.5663322750695193,1.7357824463329927,0.20821588955060202,-1.393315788535757e-17,2.538692498891412,True
2014-10-24,4.554865686612798,0.5701795168780966,1.7495585564866638,0.20821601348862875,-1.3933166178903744e-17,2.5970911166375052,True
2014-10-27,4.564068991926236,0.5711736275455314,1.748977094638323,0.20821605480132893,-1.3933168943420782e-17,2.6068758424865845,True
2014-10-28,4.703795907742495,0.5789725791932142,1.772210962924299,0.2082160961140373,-1.393317170793837e-17,2.7233688487041587,True
2014-10-29,4.6664666612825965,0.5765930351643637,1.7675982655081626,0.20821622005218698,-1.393318000149277e-17,2.690652175722247,True
2014-10-30,4.69080964366786,0.5771861078660925,1.7751231387080653,0.20821634399041045,-1.393318829505211e-17,2.7074701609693843,True
2014-10-31,4.82480536184551,0.5842867777308733,1.7975190150160865,0.20821636877807065,-1.3933189953765014e-17,2.819069978051353,True
2014-11-03,4.857001725459254,0.5863941412580512,1.8006679760039674,0.2082163935657338,-1.3933191612478117e-17,2.8481173558895523,True
2014-11-04,4.820598828015395,0.584543052307719,1.7945348567828638,0.20821641835339988,-1.3933193271191417e-17,2.817847552879132,True
2014-11-05,4.826048749371166,0.5838196009006278,1.8002902944566814,0.20821660012963714,-1.3933205435090237e-17,2.817541854784848,True
2014-11-06,4.856648880007143,0.5851146880296274,1.8067355203314213,0.2082167653809034,-1.3933216493189543e-17,2.8416965942948185,True
2014-11-07,4.849661384137454,0.5845075138175619,1.8067809515310764,0.20821691410715795,-1.3933226445486608e-17,2.8346635184992195,True
2014-11-10,4.884752842684842,0.5862549866823884,1.8128250671163624,0.20821706283351876,-1.393323639779078e-17,2.8637107127349606,True
2014-11-11,4.915699753348731,0.5881001784207959,1.8165586645690366,0.20821718677224388,-1.393324469138369e-17,2.890923902007451,True
2014-11-12,4.932218276559793,0.589354041194662,1.8171781925040653,0.20821731071104277,-1.3933252984981533e-17,2.9068227733446848,True
2014-11-13,4.974447232312251,0.5918496629367929,1.8221048964466466,0.208217418124737,-1.393326017277092e-17,2.9441249177408677,True
2014-11-14,5.004715535326961,0.5937074346828038,1.8251612540930997,0.20821745943771588,-1.3933262937306608e-17,2.971336821796145,True
2014-11-17,4.974732228725249,0.5916928193548419,1.8230014065499014,0.20821748422550887,-1.39332645960284e-17,2.9435133379498386,True
2014-11-18,5.052858769786322,0.5956147035977313,1.8350842244473524,0.2082175668514928,-1.393327012510153e-17,3.0095569784874776,True
2014-11-19,5.009006368725473,0.5931988508435841,1.8294518561388093,0.20821769079051794,-1.3933278418714514e-17,2.971336821796145,True
2014-11-20,5.054130602193956,0.5957066883773728,1.8351333838046409,0.20821781472961684,-1.3933286712332434e-17,3.0107794036596984,True
2014-11-21,5.0825205051741165,0.5966506394092516,1.8418134572825584,0.20821793866878952,-1.393329500595529e-17,3.032489109222769,True
2014-11-24,5.160774819898542,0.6008745668495664,1.8515785219272165,0.20821796345663957,-1.39332966646809e-17,3.1009783345146857,True
2014-11-25,5.171346767536778,0.5000253929479568,1.8523237374024242,0.7332183306266307,-1.393329942922383e-17,2.5858046995077233,True
2014-11-26,5.232583926947962,0.5042754925624048,1.8607012354581691,0.7332188543539871,-1.3933309381580136e-17,2.6386638371358058,True
2014-11-28,5.274323930850795,0.5077532461807801,1.8630496882384884,0.7332191453138435,-1.3933314910671037e-17,2.6780550972984636,True
2014-12-01,5.158447470435359,0.49999475104110475,1.8460315209025862,0.7332192907938294,-1.3933317675217584e-17,2.579196658738944,True
2014-12-02,5.195812915007995,0.5017303943616159,1.8556961576659963,0.7332194944658609,-1.3933321545583724e-17,2.606897262876138,True
2014-12-03,5.224707316718075,0.5034792251934324,1.8609557941283754,0.7332199309060264,-1.3933329839227316e-17,2.6305315916836736,True
2014-12-04,5.215359092610036,0.5028712007079772,1.8594851271997923,0.7332200763861683,-1.3933332603776828e-17,2.6226538890240754,True
2014-12-05,5.21874882715835,0.5028854086332771,1.8610957360237597,0.7332204546346281,-1.3933339791607288e-17,2.624432636499963,True
2014-12-08,5.149236568169983,0.49866838066834873,1.8482543614472928,0.7332207455951195,-1.3933345320710256e-17,2.5677614611275708,True
2014-12-09,5.176430310818965,0.5008599588863158,1.8505427470888767,0.733220891075423,-1.393334808526284e-17,2.592666672654666,True
2014-12-10,5.02150962266537,0.49131121022834007,1.821163947015065,0.7332217057653271,-1.393336356676119e-17,2.467123969884978,True
2014-12-11,5.069074918128028,0.4943215809939765,1.8300993572542454,0.7332224331678239,-1.393337738954271e-17,2.505753127705959,True
2014-12-12,4.9614774041420695,0.48834350140338995,1.8053490831868861,0.733223073282643,-1.393338955360227e-17,2.4229052476725403,True
2014-12-15,4.873275557522208,0.48226763051302346,1.789828991834001,0.7332235097249388,-1.3933397847286344e-17,2.350223055963269,True
2014-12-16,4.73509621329247,0.4717066515685071,1.7682960329789197,0.7332238006866424,-1.393340337641235e-17,2.233576379626909,True
2014-12-17,4.888476501037349,0.48144387639957614,1.8017247511175907,0.7332246735720999,-1.393341996379695e-17,2.353527076347658,True
2014-12-18,5.104990536037002,0.49482612264980536,1.8456826074294295,0.733225255496431,-1.3933431022066518e-17,2.526082673111141,True
2014-12-19,5.141187793963576,0.4968291686651265,1.8536695206650007,0.7332262156723557,-1.3933449268226093e-17,2.554292057626219,True
2014-12-22,5.171324356431198,0.49849016999526174,1.8602430558138459,0.7332269430793266,-1.3933463091092636e-17,2.5778543575380253,True
2014-12-23,5.144633328322543,0.4962838626856637,1.8582074485173026,0.7332273795239258,-1.3933471384820482e-17,2.5531985002813142,True
2014-12-24,5.150863659523031,0.49671979936945915,1.8590997345349085,0.7332279614504046,-1.3933482443130858e-17,2.558535963537718,True
2014-12-26,5.212308990183705,0.5008122556774053,1.8686922241448398,0.7332285433773452,-1.393349350145001e-17,2.61038822266152,True
2014-12-29,5.213895056782899,0.5007574902457647,1.8697692194024498,0.7332288343410464,-1.3933499030613972e-17,2.610897003039403,True
2014-12-30,5.148762116033606,0.49662650967922006,1.858521435549047,0.7332289216301939,-1.393350068936387e-17,2.5570117588543653,True
2014-12-31,5.049944081258335,0.4904897564128456,1.8397687353855467,0.7332295035578965,-1.3933511747697505e-17,2.4769458423148922,True
2015-01-02,5.026357442899213,0.48874604663995447,1.8365145335578732,0.7332305801250387,-1.3933532205631685e-17,2.456612329216301,True
2015-01-05,4.885738474323998,0.4801824120442239,1.8064617725340313,0.7332310165718029,-1.393354049940067e-17,2.3460456852181637,True
2015-01-06,4.772091936769344,0.47212361877449066,1.7858435185960237,0.7332311038612103,-1.3933542158155504e-17,2.253017314312111,True
2015-01-07,4.881403161868905,0.4793069909657315,1.8084808148722673,0.7332316857906448,-1.393355321652205e-17,2.3396906612059922,True
2015-01-08,5.0481986976247795,0.48990403054314346,1.8418335409552111,0.7332322677205412,-1.393356427489737e-17,2.473132888949027,True
2015-01-09,4.984685444691015,0.4861010649965371,1.8283917498961224,0.7332327914578527,-1.3933574227442852e-17,2.42306090333704,True
2015-01-12,4.89351819597281,0.479938369777168,1.8116978226167786,0.7332332279059331,-1.393358252123685e-17,2.3485871454500984,True
2015-01-13,4.888669800655457,0.47999837290296693,1.8088826445197883,0.7332336061611776,-1.3933589709196235e-17,2.346553549974491,True
2015-01-14,4.842127706389562,0.47715811134243136,1.7984329197475326,0.7332342753823273,-1.393360242636147e-17,2.310460511259702,True
2015-01-15,4.730466715297322,0.46902432090261825,1.7785277738052625,0.7332350027972939,-1.393361624937996e-17,2.2187039386947656,True
2015-01-16,4.831618072020508,0.47556563809680924,1.8006308685402814,0.7332356720197184,-1.3933628966569416e-17,2.2977515314605084,True
2015-01-20,4.891518199036018,0.48013460236393257,1.8096948578264582,0.7332361957594615,-1.3933638919161105e-17,2.3485871454500984,True
2015-01-21,4.936808984913513,0.4830406809414551,1.818892982630128,0.733236428532868,-1.3933643342538748e-17,2.3846795737505166,True
2015-01-22,5.099842796505525,0.4936152460792671,1.8492456290763437,0.7332370104665284,-1.39336544009856e-17,2.5173601569626527,True
2015-01-23,5.113592906884334,0.495568410123665,1.8462203530828944,0.7332374469171201,-1.393366269482732e-17,2.53413510688432,True
2015-01-26,5.109100709918819,0.49490962194706056,1.8473197839088955,0.7332378251745411,-1.3933669882828062e-17,2.5285431008353814,True
2015-01-27,4.8772546304138,0.4783075621867973,1.8111888873180728,0.7332379706582334,-1.3933672647445043e-17,2.332827772437494,True
2015-01-28,4.82083957926164,0.47557454947459255,1.794932473865383,0.7332384943996184,-1.3933682600067935e-17,2.2926686109966385,True
2015-01-29,4.9041024836285585,0.48102762082852657,1.8118548027783516,0.7332389308510934,-1.393369089392644e-17,2.3590087499991137,True
2015-01-30,4.831546919228227,0.47704582129917467,1.7934384291805832,0.7332392218189165,-1.3933696423168733e-17,2.304869268228727,True
2015-02-02,4.910951095305831,0.4816506334276238,1.8123490222168082,0.733239367302886,-1.3933699187790977e-17,2.3653627057861364,True
2015-02-03,4.997325060196426,0.4862449241221904,1.8341616027004095,0.7332395127868843,-1.3933701952413772e-17,2.4299239447091314,True
2015-02-04,4.98667644547732,0.4860088266387185,1.829867728144987,0.7332399492389654,-1.3933710246283798e-17,2.423568768093368,True
2015-02-05,5.068135047460583,0.4908858477789728,1.8470191833064906,0.7332400947230792,-1.3933713010908788e-17,2.487875769431013,True
2015-02-06,5.014730422053575,0.48709132856623333,1.8388583908762681,0.7332403274977234,-1.3933717434309952e-17,2.442631703679584,True
2015-02-09,4.9807316111375775,0.4850069378146069,1.831801460393038,0.7332407639502895,-1.393372572818919e-17,2.41568938679425,True
2015-02-10,5.120394861229629,0.494364191723669,1.8558141431109576,0.7332408512408572,-1.3933727386966077e-17,2.531339866877814,True
2015-02-11,5.1527787053619925,0.4967820395272721,1.8597297941544157,0.73324099672515,-1.3933730151594466e-17,2.5598079144824273,True
2015-02-12,5.262017076931875,0.503471781460257,1.879498822925218,0.7332411422094716,-1.3933732916223403e-17,2.6492771117971854,True
2015-02-13,5.3408014077018855,0.5085613390602967,1.8914349171614486,0.7332413749844483,-1.3933737339630887e-17,2.7161251155559882,True
2015-02-17,5.350545933855797,0.5090129350495838,1.893807323477396,0.7332415204688449,-1.393374010426125e-17,2.7234970899095554,True
2015-02-18,5.36365564713115,0.5099486519472454,1.8952249271234487,0.7332417532439418,-1.3933744527671018e-17,2.73518896676376,True
2015-02-19,5.4088416889671915,0.5133011711180195,1.8992347841247803,0.7332421315035842,-1.3933751715713978e-17,2.7763647733388264,True
2015-02-20,5.474268317520085,0.5169171859077212,1.9112824341603858,0.7332425097634218,-1.3933758903760645e-17,2.829743373596278,True
2015-02-23,5.486285725097767,0.5178233357922967,1.9121161490853174,0.7332428007326651,-1.3933764433029926e-17,2.840926775279785,True
2015-02-24,5.495551628698945,0.5180137281950938,1.9155372038412812,0.7332432371867035,-1.3933772726937143e-17,2.8467711876709605,True
2015-02-25,5.469482010957632,0.5163004290855732,1.9123423408925335,0.7332437609318503,-1.393378267963152e-17,2.823895909133249,True
2015-02-26,5.516163606627821,0.5197185587805805,1.9160668096068603,0.7332441973864602,-1.3933790973549594e-17,2.8668525996345,True
2015-02-27,5.470804590762549,0.5171049346567034,1.9085799646893253,0.7332445756473635,-1.3933798161616516e-17,2.828980050425861,True
2015-03-02,5.5617103247854125,0.5223631830383713,1.9232328079696999,0.7332448084234302,-1.3933802585044714e-17,2.905232708392282,True
2015-03-03,5.511594046711609,0.519549675890784,1.91480219219251,0.7332449539085081,-1.3933805349688023e-17,2.8635469006105914,True
2015-03-04,5.472094155943098,0.5174940292967751,1.9070727703229666,0.7332453321698016,-1.3933812537762358e-17,2.8317760534503296,True
2015-03-05,5.487262291678983,0.5183331653307826,1.909786635892607,0.733245623140165,-1.3933818067052924e-17,2.844230032646211,True
2015-03-06,5.3651638332835985,0.5118898059770174,1.885545449197835,0.7332457104313113,-1.3933819725840802e-17,2.7463726736544523,True
2015-03-09,5.398226348602017,0.5136514836762897,1.8921735195055829,0.7332458559165681,-1.3933822490487513e-17,2.7728069731798657,True
2015-03-10,5.211790811403938,0.5025689232883235,1.859260713510829,0.7332460014018538,-1.3933825255134772e-17,2.6192840964912554,True
2015-03-11,5.158244925544821,0.49886710083746544,1.851719941756226,0.7332462923724827,-1.3933830784430385e-17,2.5732786914161125,True
2015-03-12,5.225404612202416,0.5018920207191827,1.8695690616743406,0.7332466706344668,-1.393383797251784e-17,2.622588879893608,True
2015-03-13,5.181802569995757,0.4995912486938146,1.8597721591846932,0.7332471943820661,-1.3933847925258822e-17,2.5887832164289977,True
2015-03-16,5.3053618861657785,0.5066407214879822,1.8842016487882878,0.7332478636156178,-1.393386064265973e-17,2.6879123737618724,True
2015-03-17,5.319059694637657,0.5081554239264007,1.8829019240895049,0.7332487365297217,-1.3933877230588696e-17,2.70290903401843,True
2015-03-18,5.417405869321222,0.5132874052546849,1.9034695342518377,0.7332501331939939,-1.3933903771307462e-17,2.7806862018753904,True
2015-03-19,5.42794789194272,0.5147723397948455,1.9005392164342636,0.7332512388886037,-1.393392478274898e-17,2.7941574366198534,True
2015-03-20,5.500439327931094,0.5185239571802891,1.915078231520862,0.7332515298613109,-1.393393031208409e-17,2.8521095665489207,True
2015-03-23,5.472828677811174,0.5167742677437066,1.9113600281953862,0.7332516171531605,-1.3933931970885328e-17,2.8282170324626277,True
2015-03-24,5.435295891672965,0.5150584735179464,1.9025489821445014,0.7332517044450203,-1.3933933629686768e-17,2.799495205083443,True
2015-03-25,5.204385385589999,0.5004037860077759,1.8668390938928665,0.7332521409043584,-1.3933941923694696e-17,2.604294150792774,True
2015-03-26,5.177623834936482,0.49886620450753083,1.861429619378128,0.733252664655865,-1.3933951876509925e-17,2.5829415509024893,True
2015-03-27,5.208387341528313,0.5007026755084676,1.8672803851595792,0.7332534793810731,-1.3933967358679152e-17,2.6078534769876613,True
2015-03-30,5.324284381234854,0.5074209449029362,1.8893766172748572,0.7332543523018624,-1.393398394673516e-17,2.7016534116581346,True
2015-03-31,5.222394092850173,0.5013066416292833,1.8711182273568985,0.7332550215419471,-1.3933996664260216e-17,2.618020843951328,True
2015-04-01,5.1699830997354095,0.4978332730673752,1.8629377425136209,0.7332557489774952,-1.3934010487669813e-17,2.573789608244293,True
2015-04-02,5.178277803519446,0.4978704783746826,1.8669094471308665,0.7332567091933518,-1.393402873458821e-17,2.5781116471952275,True
2015-04-06,5.254223679750169,0.5024788279899028,1.8808305229842799,0.7332570001682299,-1.3934034263964567e-17,2.6401361565976593,True
2015-04-07,5.237936121026765,0.5017117262618515,1.8767450602363898,0.7332570874607306,-1.3934035922778182e-17,2.6279339733296445,True
2015-04-08,5.311089401547971,0.5065755196551891,1.8873640041003676,0.7332575239232729,-1.3934044216846998e-17,2.6904678735243306,True
2015-04-09,5.371272660094894,0.510223005296693,1.8974677335146897,0.7332580476786246,-1.3934054169735295e-17,2.740546878901579,True
2015-04-10,5.413131414584299,0.512335249465813,1.9065347512725808,0.7332586296294431,-1.39340652285082e-17,2.773338033682276,True
2015-04-13,5.385842515004461,0.5111082331290453,1.899834997156334,0.7332590660929034,-1.393407352259446e-17,2.7527484517552234,True
2015-04-14,5.3612785400290885,0.5090403497609769,1.8989122252658515,0.7332592115808101,-1.3934076287291524e-17,2.7291071031824266,True
2015-04-15,5.419772788608736,0.5124578710146361,1.9091080614185636,0.7332595025566812,-1.3934081816686752e-17,2.7774052246334904,True
2015-04-16,5.408513029621927,0.5117385853830643,1.9075082837966706,0.733259939020661,-1.3934090110782885e-17,2.767744806804596,True
2015-04-17,5.253275853556891,0.5022309484362174,1.8816579092311139,0.7332602299968207,-1.3934095640183598e-17,2.638357714328957,True
2015-04-20,5.3939328620591045,0.5110013292372255,1.9043653914645544,0.7332606082659948,-1.3934102828407688e-17,2.7563068623285547,True
2015-04-21,5.4322027681400185,0.5139058347642982,1.907301083434727,0.733260986535364,-1.3934110016635485e-17,2.7916406981699273,True
2015-04-22,5.4873441560580245,0.516987432884974,1.9171946189727072,0.733261568488515,-1.3934121075452713e-17,2.8368879685968023,True
2015-04-23,5.5274378276870735,0.5194001139116393,1.9232238399047756,0.7332621504421278,-1.3934132134278717e-17,2.8709518373401703,True
2015-04-24,5.655076130438144,0.5275452177944983,1.9385050291654822,0.7332627323962025,-1.3934143193113497e-17,2.9833083688764592,True
2015-04-27,5.629526369909803,0.5265528753331764,1.9320199042077517,0.733263168862105,-1.3934151487246164e-17,2.9642432968399457,True
2015-04-28,5.61135176086827,0.5248155931653726,1.9331633108958355,0.7332635471327951,-1.3934158675499063e-17,2.944924902839639,True
2015-04-29,5.5451341406904895,0.5209512939697202,1.9231254094584267,0.7332639254036804,-1.3934165863755672e-17,2.8887448058283827,True
2015-04-30,5.384631141349932,0.5112702618714262,1.8983653549339103,0.7332640126970055,-1.3934167522584956e-17,2.7530017737190167,True
2015-05-01,5.518785104540189,0.5190168155268503,1.9211786758188305,0.7332641581858936,-1.3934170287300674e-17,2.864342270535465,True
2015-05-04,5.53327392685396,0.5194953811997258,1.925499433461212,0.7332642454792465,-1.393417194613048e-17,2.8745102479135016,True
2015-05-05,5.370308431363876,0.5098885428332863,1.8987853579578282,0.7332643327726097,-1.393417360496049e-17,2.738258740633438,True
2015-05-06,5.301394386902929,0.505488090605595,1.8883380951651993,0.7332645655549486,-1.3934178028507876e-17,2.679791726182781,True
2015-05-07,5.35683458462896,0.5088456571711913,1.8977677135231261,0.7332648565329443,-1.3934183557943478e-17,2.725802014572889,True
2015-05-08,5.481074393201789,0.5155382774582439,1.922105739888049,0.733265002022,-1.3934186322662376e-17,2.8257036512917395,True
2015-05-11,5.441761107630038,0.5135637505417906,1.9138047743276534,0.7332650893154533,-1.3934187981494094e-17,2.794691243986931,True
2015-05-12,5.3984703425783565,0.510995336511575,1.906611938420217,0.7332652348045552,-1.393419074621387e-17,2.758593169353585,True
2015-05-13,5.414835046168827,0.5120802092910717,1.9087395693737534,0.7332656130763111,-1.3934197934487024e-17,2.772829863718763,True
2015-05-14,5.561527691845434,0.5206498592938971,1.9326531775722744,0.7332659040547225,-1.3934203463930523e-17,2.8956086102184373,True
2015-05-15,5.562322192737883,0.5205300040407546,1.933700404242805,0.7332661950332493,-1.3934208993376217e-17,2.8953555934618294,True
2015-05-18,5.605148067255024,0.5229018226967156,1.9409394403905074,0.7332664860118916,-1.3934214522824104e-17,2.9309421408526246,True
2015-05-19,5.5953827549257396,0.5223151559354671,1.9395628199731647,0.733266718794914,-1.393421894638448e-17,2.922553216157661,True
2015-05-20,5.600149117983751,0.5227333387427386,1.9394974623091377,0.7332670097737641,-1.3934224475836317e-17,2.9273846459008492,True
2015-05-21,5.654007869203051,0.5258914911101601,1.9473458520728446,0.7332673880464358,-1.393423166412687e-17,2.973394629083771,True
2015-05-22,5.642578739535732,0.5255148688623494,1.9440519468638282,0.7332677663193025,-1.393423885242113e-17,2.965259026352601,True
2015-05-26,5.518257258409586,0.5187440125744018,1.9224262884658114,0.7332680572985683,-1.393424438188087e-17,2.8625629126452066,True
2015-05-27,5.680649636041801,0.5281683843330242,1.9470417475336719,0.7332683482779495,-1.3934249911342802e-17,3.00033954023018,True
2015-05-28,5.655243009094871,0.5266305829098813,1.9437503601668962,0.7332687265513116,-1.3934257099646478e-17,2.978223922376663,True
2015-05-29,5.593078480960889,0.5234848044779465,1.9319180720800593,0.7332688138452083,-1.393425875848662e-17,2.927891595035621,True
2015-06-01,5.6239688315551355,0.5251748245330322,1.937133086124809,0.7332689011391154,-1.393426041732696e-17,2.9535668442912106,True
2015-06-02,5.592992808500066,0.5232658137333931,1.9331017414323584,0.7332691339229045,-1.3934264840901906e-17,2.9266219331448027,True
2015-06-03,5.624124990689815,0.5249341641667841,1.9385602146298222,0.733269424902713,-1.3934270370371955e-17,2.95229535115728,True
2015-06-04,5.544251453629217,0.5208969404188574,1.9229981186383183,0.7332697158826369,-1.39342758998442e-17,2.8879836191082617,True
2015-06-05,5.518460721520887,0.5193697614351817,1.9190692317225069,0.7332698613726567,-1.393427866458142e-17,2.866121628425723,True
2015-06-08,5.415115160196575,0.5130862173659269,1.9034240536976754,0.7332701523527538,-1.3934284194056954e-17,2.7784209541461458,True
2015-06-09,5.399668022823259,0.5120118392639378,1.9017036237098854,0.7332704433329664,-1.3934289723534683e-17,2.764693955780407,True
2015-06-10,5.533661857696885,0.51941279814587,1.9261362465900629,0.7332708216074093,-1.3934296911858896e-17,2.874254789499412,True
2015-06-11,5.553936709864277,0.5203547259461827,1.9306482953983606,0.7332711998820473,-1.3934304100186817e-17,2.890017214583869,True
2015-06-12,5.465158636538563,0.5153650417030615,1.9153354952384536,0.7332714326665661,-1.3934308523775628e-17,2.8165517086335434,True
2015-06-15,5.417406885783832,0.5127285462535017,1.9064761506152508,0.7332715781569266,-1.3934311288519322e-17,2.7776591570116542,True
2015-06-16,5.470252717271891,0.5155357303177179,1.916870322199483,0.7332716654511627,-1.3934312947365918e-17,2.8201107296212453,True
2015-06-17,5.498086460367343,0.5172257281666789,1.9210627891446568,0.7332718982358294,-1.393431737095754e-17,2.843751772986857,True
2015-06-18,5.642312378065814,0.5253147062880315,1.9450507228667426,0.7332719855301036,-1.393431902980486e-17,2.963989669668967,True
2015-06-19,5.587937137084365,0.522328757677241,1.9359248014681822,0.7332720728243883,-1.3934320688652377e-17,2.918740262791795,True
2015-06-22,5.670445549989626,0.527146339059056,1.948018777360196,0.7332721601186835,-1.393432234750009e-17,2.9891546125107467,True
2015-06-23,5.679298636591326,0.5276226482541174,1.949499802314023,0.7332722474129889,-1.3934324006348003e-17,2.996526586864314,True
2015-06-24,5.62119370227194,0.5248913032239603,1.9374055340142633,0.7332724801978404,-1.3934328429943134e-17,2.950515688059837,True
2015-06-25,5.596997047860525,0.5237089226588018,1.9325271281125869,0.7332726256884087,-1.393433119469078e-17,2.9311972940595297,True
2015-06-26,5.536000011240949,0.5196526660967329,1.925930074709041,0.7332727711790058,-1.3934333959438973e-17,2.8767971653529023,True
2015-06-29,5.289710604412017,0.5054033798299509,1.8830000699502198,0.7332729166696318,-1.3934336724187715e-17,2.6734376177921653,True
2015-06-30,5.325538113603185,0.5077310850169922,1.8883238067238086,0.7332730621602866,-1.3934339488937005e-17,2.7039412447190907,True
2015-07-01,5.396017188707157,0.5113691072554056,1.9033873430415005,0.733273353141654,-1.3934345018436677e-17,2.759356492524003,True
2015-07-02,5.4058329761217605,0.5123685886946626,1.9027805229910848,0.7332734404361014,-1.3934346677287288e-17,2.769779012694574,True
2015-07-06,5.377535119712185,0.5107156969431251,1.8978699954816851,0.7332735277305593,-1.3934348336138096e-17,2.7463915964999406,True
2015-07-07,5.399863505051338,0.5111933015894863,1.9062157785502336,0.7332736732213354,-1.393435110088969e-17,2.7603740532797696,True
2015-07-08,5.228991686174837,0.5014518834726801,1.8736299922765345,0.7332739642029452,-1.393435663039397e-17,2.622087729695357,True
2015-07-09,5.222530806402119,0.5006119857735377,1.874795033461008,0.7332742551846705,-1.3934362159900447e-17,2.6144615177564403,True
2015-07-10,5.370165467363672,0.5094760336516115,1.9009203770282168,0.7332744879701594,-1.393436658350769e-17,2.7359706023652963,True
2015-07-13,5.537154070177307,0.5193609206810749,1.9280979135813372,0.7332747207557221,-1.3934371007116338e-17,2.8757814358402474,True
2015-07-14,5.6053773086781336,0.5233342156991452,1.9386166176019186,0.7332749535413587,-1.393437543072639e-17,2.9334857375348564,True
2015-07-15,5.620090333016513,0.5244516685686772,1.9393493358358342,0.7332752445234766,-1.3934380960240326e-17,2.947465752657203,True
2015-07-16,5.756729101117932,0.5320067774315773,1.9608345806852037,0.7332756228003963,-1.3934388148611603e-17,3.0626188976323316,True
2015-07-17,5.91207822531152,0.5417189628179238,1.976117427214552,0.7332759137827797,-1.3934393678130584e-17,3.2026848843141877,True
2015-07-20,5.95182504569004,0.5441233857623905,1.9800215583037362,0.7332762920600446,-1.3934400866508424e-17,3.2385271953262587,True
2015-07-21,5.938406959628933,0.5438543697977987,1.9755014236769242,0.7332769613201537,-1.3934413584414e-17,3.2296285746318554,True
2015-07-22,5.819448051989108,0.53675658571092,1.962543150612472,0.7332778342688977,-1.393443017300123e-17,3.123627067107738,True
2015-07-23,5.772897736573935,0.5346119196681905,1.9533590883573109,0.7332787072186809,-1.393444676160821e-17,3.086259940997943,True
2015-07-24,5.665493324013339,0.5292673234363601,1.933653256296729,0.7332795801695033,-1.3934463350234934e-17,2.998560487547107,True
2015-07-27,5.574841327772775,0.5240575686518032,1.9200230827992197,0.733280453121365,-1.3934479938881408e-17,2.9215377918521908,True
2015-07-28,5.6719342684256535,0.528666297181792,1.9400925130010973,0.7332812678774492,-1.3934495421637372e-17,2.998560487547107,True
2015-07-29,5.715829392737573,0.5304768673743054,1.9504316029207656,0.7332825191114012,-1.3934519198753383e-17,3.0321152707054067,True
2015-07-30,5.762892147588578,0.5334668629191146,1.955296323728777,0.733283828544523,-1.393454408182437e-17,3.0743119953152775,True
2015-07-31,5.750870212091252,0.5329465476445829,1.9526782121467872,0.7332855744583615,-1.3934577259309538e-17,3.064906425486103,True
2015-08-03,5.71631058858132,0.5312325632688546,1.946332999989291,0.7332872621790796,-1.393460933095469e-17,3.0366903264129492,True
2015-08-04,5.6930049426500435,0.5299690056806671,1.9425996784614128,0.7332890953972646,-1.3934644167478578e-17,3.0171161687913663,True
2015-08-05,5.774376633954924,0.5347391696539173,1.9532999896395122,0.7332912778053733,-1.3934685639635487e-17,3.087785366510038,True
2015-08-06,5.602521136069777,0.5246898391193675,1.9296417623024915,0.7332934602199772,-1.3934727111915824e-17,2.9395859135473077,True
2015-08-07,5.587752630994815,0.523983753109406,1.9265667609686798,0.7332942749905137,-1.3934742594946425e-17,2.927891595035621,True
2015-08-10,5.709779139378293,0.5301039694768002,1.9497066773236729,0.7332958754343593,-1.393477300807494e-17,3.026776586620261,True
2015-08-11,5.573082218915964,0.5223983945864129,1.9284152479841161,0.7332977668720638,-1.3934808950940507e-17,2.9113692040597834,True
2015-08-12,5.6032406004217945,0.5241686261086764,1.93289705455682,0.7333006185855271,-1.3934863141862788e-17,2.9370429272794474,True
2015-08-13,5.587248545768164,0.5233031402381633,1.93012059896016,0.7333032375164119,-1.393491290923313e-17,2.9238247092915914,True
2015-08-14,5.608013718329962,0.5241759491313622,1.9351221520215451,0.7333056527611101,-1.3934958805968347e-17,2.9395859135473077,True
2015-08-17,5.6936691057965385,0.528969693244306,1.9485827247532506,0.7333079807155114,-1.3935003043931823e-17,3.0117784003277768,True
2015-08-18,5.637821618931516,0.5256879380002336,1.9407770705754133,0.733309726686855,-1.3935036222509758e-17,2.9637348216692474,True
2015-08-19,5.568091783180726,0.5222730207563205,1.9267154675782523,0.7333122001522291,-1.3935083225608623e-17,2.9080641154502453,True
2015-08-20,5.281839251956568,0.5052418988835419,1.8799193945605834,0.7333133641398223,-1.393510534478785e-17,2.6686064932561626,True
2015-08-21,4.880476256477147,0.4787687806915397,1.8105427893337098,0.7333138006358626,-1.3935113639493227e-17,2.336619666507574,True
2015-08-24,4.530701931054733,0.4546303181576557,1.7375930880308852,0.7333143826309295,-1.393512469910698e-17,2.0597944603929186,True
2015-08-25,4.49001335283774,0.45269224915587164,1.724104290274151,0.7333148191275761,-1.393513299382388e-17,2.0325942434360127,True
2015-08-26,4.859875898079698,0.47860135993964326,1.8006163227041985,0.7333163614166616,-1.3935162301841336e-17,2.3259432139588387,True
2015-08-27,5.086707723255431,0.4929901571110128,1.8456929216812221,0.7333179619087116,-1.393519271588588e-17,2.5076968396654973,True
2015-08-28,5.084547860951276,0.4927998282125031,1.8455641316315479,0.7333194169046895,-1.393522036507819e-17,2.505664312415039,True
2015-08-31,4.972611332409119,0.4851830298832086,1.8266638278157292,0.7333208719035543,-1.3935248014325357e-17,2.412626632689835,True
2015-09-01,4.69793911988768,0.4669620006242293,1.770859110450439,0.7333209592036588,-1.3935249673283466e-17,2.193759050233582,True
2015-09-02,4.918167993550705,0.4823357708519497,1.8126375781969692,0.7333220650050697,-1.393527068675452e-17,2.372208350348666,True
2015-09-03,4.87522143175495,0.4785548058029505,1.8088379937279482,0.7333227925071292,-1.3935284511428027e-17,2.3330606455198724,True
2015-09-04,4.772732963475498,0.4724799950336763,1.7843888875867504,0.7333232290087817,-1.393529280624005e-17,2.2550208468799666,True
2015-09-08,5.011721594860495,0.48814267698579217,1.8319624427257932,0.7333239565119959,-1.3935306630935504e-17,2.4464351956227057,True
2015-09-09,4.904025372291493,0.4814976917815722,1.8094237910789421,0.7333246840159319,-1.393532045564467e-17,2.361276897196619,True
2015-09-10,4.994290817780493,0.4879120407876334,1.8241904900678325,0.7333257025224418,-1.3935339810256493e-17,2.436774625190219,True
2015-09-11,5.042876527464643,0.49102462733690694,1.833373820834455,0.7333261390258263,-1.3935348105101434e-17,2.476176567604362,True
2015-09-14,5.014581436501962,0.48938497224987504,1.8271938310232803,0.7333268083314306,-1.3935360823871555e-17,2.4540607971472514,True
2015-09-15,5.1224311129421825,0.49580494088162214,1.8493769219815062,0.7333275358381958,-1.3935374648634483e-17,2.5397266551224806,True
2015-09-16,5.178108479723701,0.49867215857884845,1.862600723128952,0.7333292236554917,-1.3935406722114895e-17,2.582178532939257,True
2015-09-17,5.183480666807381,0.4995282543367791,1.860854851953774,0.7333307659748723,-1.3935436030708052e-17,2.5892950488787347,True
2015-09-18,5.045484122206297,0.4914762748497785,1.8324175277344867,0.7333308532761547,-1.3935437689688544e-17,2.4797357411956553,True
2015-09-21,5.074186455448903,0.4928540491051753,1.8400219706858192,0.733331144280455,-1.393544321962401e-17,2.500833340482629,True
2015-09-22,4.938168255494785,0.48408858073492367,1.814325870675849,0.7333315225862118,-1.393545040854328e-17,2.3905108622327247,True
2015-09-23,4.941228126571503,0.48456046842344536,1.8135727010853282,0.7333316098875843,-1.3935452067525486e-17,2.394323815598591,True
2015-09-24,4.90693324466671,0.482300279639391,1.8069862714031648,0.7333316971889671,-1.393545372650789e-17,2.3666152760745787,True
2015-09-25,4.8415900380750605,0.4769437223770746,1.7990922204004942,0.7333318426912847,-1.3935456491478806e-17,2.309165974983282,True
2015-09-28,4.594366167809071,0.45928562348991986,1.7509074131852167,0.7333324247006707,-1.3935467551364663e-17,2.1101263299231827,True
2015-09-29,4.559058975230371,0.4559843141140313,1.7468667923974437,0.7333328030070881,-1.3935474740296485e-17,2.0788593798258392,True
2015-09-30,4.732986643490468,0.4682840333135017,1.7832716781492064,0.733332890308613,-1.3935476399281587e-17,2.2163820750326493,True
2015-10-01,4.770356513351556,0.4711167674487417,1.789628537392153,0.7333330358111675,-1.3935479164257003e-17,2.2473949401482356,True
2015-10-02,4.916071659025677,0.48088673786899,1.818664436166169,0.7333335596204562,-1.3935489118170262e-17,2.3640736632390515,True
2015-10-05,5.053060986524792,0.48917966512749755,1.8478725128429998,0.7333337924247718,-1.393549354213527e-17,2.47185468125702,True
2015-10-06,5.01018300499589,0.4863137115715104,1.8403282869546744,0.7333340252291614,-1.3935497966101684e-17,2.4365206928120546,True
2015-10-07,5.062387819615826,0.4890315736827855,1.8533861668645928,0.733334170731941,-1.3935500731081378e-17,2.4756674820192925,True
2015-10-08,5.104687585247188,0.490905220962916,1.8654354820300132,0.7333343162347494,-1.393550349606162e-17,2.5059177869824247,True
2015-10-09,5.139968910204568,0.4934702156422176,1.8702129401551713,0.7333344035364544,-1.3935505155050146e-17,2.5364215665129426,True
2015-10-12,5.16448864013288,0.4952621393264104,1.8733784568555558,0.7333344908381698,-1.393550681403887e-17,2.557775692439154,True
2015-10-13,5.102454512372338,0.49146873011506126,1.8614228908629276,0.7333347818439135,-1.3935512344001766e-17,2.5076968396654973,True
2015-10-14,5.08582514260616,0.4909764826167013,1.8554696755389608,0.7333349273468432,-1.3935515108984313e-17,2.4970205397203555,True
2015-10-15,5.237326438761282,0.5000714619776471,1.8849537313229832,0.7333352183527603,-1.39355206389505e-17,2.6190374890855384,True
2015-10-16,5.27808779853461,0.5023741775253209,1.8931774179835767,0.7333353638557766,-1.3935523403934693e-17,2.6515750166952565,True
2015-10-19,5.33151737818158,0.5062556377745587,1.8990711382252994,0.7333355093588217,-1.3935526168919433e-17,2.699110730597459,True
2015-10-20,5.280674761654709,0.5026577199216733,1.892967171451532,0.7333356548618958,-1.3935528933904723e-17,2.6543719353412816,True
2015-10-21,5.226323164969751,0.49971386053037115,1.8813210939553078,0.7333359458681015,-1.39355344638764e-17,2.6116661251463418,True
2015-10-22,5.416182532778019,0.5107794129457545,1.9163719069073508,0.7333360913712621,-1.3935537228863334e-17,2.766474534499406,True
2015-10-23,5.683551261328203,0.52722786319412,1.9536884375894372,0.7333362368744516,-1.3935539993850817e-17,2.996526586864314,True
2015-10-26,5.690654235772174,0.5281332975455617,1.9518939248658123,0.7333363241763853,-1.3935541652843688e-17,3.0054239867299763,True
2015-10-27,5.710331961306882,0.5297412067895347,1.9519972599737447,0.7333365569815785,-1.3935546076825373e-17,3.024998144351559,True
2015-10-28,5.799706361520218,0.5336748885437518,1.9712118674612857,0.7333368479881421,-1.393555160680385e-17,3.09515764607079,True
2015-10-29,5.786145201613495,0.532948527507492,1.9690897699574963,0.7333378665115464,-1.393557096173672e-17,3.0837175651444526,True
2015-10-30,5.735295480121081,0.5303161686185371,1.9604361463589512,0.7333394088491045,-1.39356002706753e-17,3.0415199249130254,True
2015-11-02,5.861679923058729,0.5365756159125971,1.9831040203594013,0.7333413877015851,-1.393563787467807e-17,3.145234514997742,True
2015-11-03,5.8980134233971775,0.5383559954249509,1.9894396057679176,0.7333429300465489,-1.393566718375738e-17,3.1752308875827104,True
2015-11-04,5.896353661774068,0.5387228669926489,1.9865084944012628,0.733344617899276,-1.3935699257911088e-17,3.1765005494735297,True
2015-11-05,5.864725790826595,0.5368604971322136,1.9828399687663176,0.7333462184529969,-1.3935729673127558e-17,3.1485396036072806,True
2015-11-06,5.8753217741038695,0.537666180683778,1.9830125730386154,0.7333473824945874,-1.3935751793332893e-17,3.1589618185706665,True
2015-11-09,5.753852864647291,0.5313449780313365,1.9632225338118552,0.7333495068738785,-1.393579216277202e-17,3.057280823961557,True
2015-11-10,5.732005857691192,0.5296005895048899,1.9629804869506722,0.7333516894617832,-1.393583363834558e-17,3.035673681278737,True
2015-11-11,5.713465580164518,0.5289611862553121,1.9579087221328273,0.733355327118973,-1.39359027645045e-17,3.0222015309127186,True
2015-11-12,5.602584678390965,0.523776315806279,1.9347246099591375,0.7333589065915018,-1.393597078498416e-17,2.934501161840326,True
2015-11-13,5.400129157379633,0.5114505205126764,1.9048678029206378,0.7333624860815019,-1.393603880579582e-17,2.7618988683774934,True
2015-11-16,5.5434701193494815,0.5189984904445757,1.9330517210105311,0.7333657745719576,-1.3936101296762393e-17,2.8770526237669927,True
2015-11-17,5.553288569881628,0.5198660256933185,1.9329538849792383,0.7333686265498953,-1.3936155492710464e-17,2.886966058352495,True
2015-11-18,5.752662648221043,0.5306153710239591,1.9668388674490125,0.7333725553105508,-1.3936230150689285e-17,3.0524512254614797,True
2015-11-19,5.757087686584978,0.5310025274646321,1.9666834393056734,0.7333761348671696,-1.3936298172766898e-17,3.0570281124121346,True
2015-11-20,5.828084904104819,0.5349579260355617,1.9769259951825573,0.7333786958631822,-1.3936346839204696e-17,3.1177802130590795,True
2015-11-23,5.798939275099923,0.5333069572020376,1.9729432129171316,0.7333814023798619,-1.3936398270962107e-17,3.09261465980293,True
2015-11-24,5.789740007274824,0.532486046719925,1.9733997811292534,0.7333844581356098,-1.3936456339286425e-17,3.082955768009961,True
2015-11-25,5.797331971732086,0.5329725772220166,1.9741240989195608,0.7333889108268796,-1.3936540953484046e-17,3.089818961985645,True
2015-11-27,5.811036106635867,0.5336402867196707,1.9766391287470038,0.7333940038053404,-1.39366377350168e-17,3.1010029740835225,True
2015-11-30,5.784857929653789,0.5326717933571566,1.970028621673636,0.7333986602751017,-1.3936726221603613e-17,3.081430647705052,True
2015-12-01,5.895616336265901,0.5381867761300444,1.9892699791455337,0.7334036078057984,-1.3936820239202127e-17,3.172942749314569,True
2015-12-02,5.82163499126643,0.5351139580351961,1.9729873330745207,0.7334095157791356,-1.39369325080286e-17,3.115238142412774,True
2015-12-03,5.632230740644836,0.5249009839734611,1.9424519464251213,0.7334153364896651,-1.393704311860571e-17,2.95636345773005,True
2015-12-04,5.876986984206205,0.5376002000022385,1.984096507047691,0.7334210990387062,-1.3937152623943905e-17,3.1594693781198084,True
2015-12-07,5.827864735800909,0.5355016821373714,1.973606301149368,0.7334270653610869,-1.393726600157339e-17,3.120831369290454,True
2015-12-08,5.821580928530982,0.5361233735633008,1.9670614167956828,0.7334339048594964,-1.3937395972109185e-17,3.121085606875803,True
2015-12-09,5.653604657699155,0.526333665388577,1.9444804906833675,0.73344170487106,-1.39375441952129e-17,2.9756824621447273,True
2015-12-10,5.70271065482579,0.5292008791306941,1.9513823273095647,0.7334488355544405,-1.393767969911743e-17,3.0178794919617844,True
2015-12-11,5.454431525884807,0.5153534322416489,1.9100159883625758,0.733455529730442,-1.393780690810112e-17,2.8109600077917896,True
2015-12-14,5.529545537435284,0.5197537588745511,1.9220817303093185,0.733461729175977,-1.3937924715754482e-17,2.874002077949989,True
2015-12-15,5.594301064668064,0.5224618126170109,1.9380248980067813,0.7334674920895321,-1.3938034228019514e-17,2.9228086745717508,True
2015-12-16,5.7520303867121285,0.5305854029831802,1.966612257454229,0.7334747685527473,-1.39381725021686e-17,3.0519433607051525,True
2015-12-17,5.595630903006608,0.5227009626495255,1.9373076348776128,0.7334816084960081,-1.3938302481157874e-17,2.9248416596329876,True
2015-12-18,5.399144876026318,0.5119675559956509,1.9014700612187114,0.7334878081619707,-1.393842029300001e-17,2.7641870066456353,True
2015-12-21,5.499660260557123,0.5175398294385658,1.9198741255111125,0.7334929018272185,-1.393851708758373e-17,2.846293233218792,True
2015-12-22,5.56857577083443,0.5208125184042496,1.9348944445243683,0.7334973551768964,-1.3938601714293038e-17,2.900183971133165,True
2015-12-23,5.654092213468311,0.5246696927983067,1.954058415939275,0.7335029728353193,-1.39387084662844e-17,2.9665308246937165,True
2015-12-24,5.646210568384216,0.5243215245347996,1.952272332109699,0.733508503214807,-1.393881355971993e-17,2.96042973305971,True
2015-12-28,5.642702806799326,0.5245123528293066,1.9495216514048281,0.7335138298836508,-1.393891478205557e-17,2.959667325510847,True
2015-12-29,5.803423739241254,0.5332452168098877,1.975256428824906,0.7335193603449971,-1.3939019877046656e-17,3.0946479500713515,True
2015-12-30,5.708472954318793,0.5282658028895426,1.959356287286343,0.7335256185459931,-1.3939138801226158e-17,3.0155910484864568,True
2015-12-31,5.574635440656245,0.5208849320186952,1.9373605434841268,0.7335312946368808,-1.3939246663605783e-17,2.9037436025352372,True
2016-01-04,5.36322880112839,0.5083338593306281,1.9033824034997442,0.7335356026778731,-1.3939328529023752e-17,2.726310794950772,True
2016-01-05,5.33878805589705,0.5060899609687025,1.9033409025639008,0.7335401145040354,-1.3939414266957825e-17,2.701907038829113,True
2016-01-06,5.245200572249875,0.5013077513108416,1.8821947864063528,0.7335460817945975,-1.3939527662985596e-17,2.6294597040489243,True
2016-01-07,4.943025332853168,0.48135013970076473,1.8301473492061735,0.733552049133703,-1.3939641059935836e-17,2.3793259345132913,True
2016-01-08,4.86930286458999,0.4771004212554814,1.8125988367903731,0.7335575798832104,-1.3939746160402825e-17,2.3231464479164066,True
2016-01-11,4.893330412819131,0.47891364575349515,1.8162845942650467,0.7335631106744178,-1.393985126166224e-17,2.3434827078796654,True
2016-01-12,4.9902526180462115,0.485454456498236,1.8341440407010894,0.7335682048625997,-1.393994806618324e-17,2.4225403724825227,True
2016-01-13,4.682317606849308,0.46325368888902674,1.7796423849955432,0.7335743179307826,-1.3940064232413498e-17,2.1691009039229816,True
2016-01-14,4.856200037344195,0.47556114702969204,1.8131994007784937,0.7335805766006628,-1.3940183165503175e-17,2.3094200599650385,True
2016-01-15,4.5963498964261085,0.45626687353539647,1.7656001364268357,0.7335875630821885,-1.3940315929149402e-17,2.097162196917084,True
2016-01-19,4.608354881182777,0.4570089209438274,1.7687015348571642,0.7335940547500517,-1.3940439289884336e-17,2.1060592915755607,True
2016-01-20,4.575250960462801,0.4561486446931703,1.754655685465103,0.7336007502514665,-1.3940566524054766e-17,2.0869945247462325,True
2016-01-21,4.5886696692479685,0.45647658904539445,1.7604412750037441,0.7336081153698532,-1.3940706482912212e-17,2.094620278874371,True
2016-01-22,4.812703871703633,0.47272859026934655,1.80398509225819,0.7336160627911585,-1.3940857507233498e-17,2.2751027166542843,True
2016-01-25,4.68324815083533,0.4639215240635862,1.7769640841574592,0.7336244469743723,-1.3941016831312436e-17,2.172659619703498,True
2016-01-26,4.765398534870716,0.4689396737672313,1.797081647760717,0.7336324527968838,-1.394116896542798e-17,2.2346844343131154,True
2016-01-27,4.566993123217642,0.4529099675092949,1.76491522964906,0.7336411865169071,-1.394133493173178e-17,2.0684367070516756,True
2016-01-28,4.665656002470644,0.46082166643600886,1.7819707080540519,0.7336499203409033,-1.3941500900011375e-17,2.15003537407569,True
2016-01-29,4.84605618105698,0.4725700590311489,1.822295947202762,0.7336591783038575,-1.3941676828468915e-17,2.290101055550361,True
2016-02-01,4.861150304146059,0.47376959041817385,1.8244172032475579,0.7336679123420415,-1.3941842800818707e-17,2.3030651885564595,True
2016-02-02,4.6788073489518425,0.4609933071387846,1.7882319747788396,0.7336765009144431,-1.3942006008891857e-17,2.1568988732585592,True
2016-02-03,4.649384383152746,0.4573497506951552,1.7893034860486006,0.7336861085832893,-1.3942188582787325e-17,2.1263947885208565,True
2016-02-04,4.646895618517227,0.4567740926845044,1.7906182848481436,0.7336958037212777,-1.3942372818853115e-17,2.1225815299478055,True
2016-02-05,4.380398019860245,0.43471461370475534,1.7424709435422323,0.733704043241391,-1.3942529393908724e-17,1.9042230330766214,True
2016-02-08,4.268422354716393,0.42575117538756313,1.7174243828673637,0.7337121372779754,-1.3942683204350457e-17,1.8172858345710543,True
2016-02-09,4.244711235208097,0.4231588599385313,1.7148043608256054,0.7337197073235585,-1.394282705742586e-17,1.7961871670589333,True
2016-02-10,4.268627154126765,0.42579034409291494,1.7173584872844427,0.7337284420823261,-1.3942993043468854e-17,1.8175402247599957,True
2016-02-11,4.251901963697603,0.4264489796602392,1.7049455909508482,0.7337371187125449,-1.394315792489888e-17,1.81321925403421,True
2016-02-12,4.359741120613475,0.4336258249324788,1.735499713164021,0.7337450675313865,-1.3943308975777455e-17,1.8904963399180679,True
2016-02-16,4.519789625620004,0.44611057249491803,1.7697107590920789,0.7337529290859939,-1.3943458368379562e-17,2.0163259374419313,True
2016-02-17,4.69359428378968,0.45927039616642534,1.8042044995530095,0.7337608780761145,-1.394360942251294e-17,2.1556289061605556,True
2016-02-18,4.606400635628967,0.4520707214473501,1.7902123675020825,0.7337694095025648,-1.394377154464536e-17,2.0824188586243193,True
2016-02-19,4.630246077065745,0.45440894571688223,1.7924430433382579,0.7337777954383122,-1.394393090202758e-17,2.104025238289175,True
2016-02-22,4.757174127704261,0.4631779362033734,1.819969997194913,0.7337860358792055,-1.3944087494580712e-17,2.203418094630143,True
2016-02-23,4.620895928645959,0.45307283376210933,1.7934989481363752,0.7337945675981653,-1.3944249622271668e-17,2.0936024129114186,True
2016-02-24,4.695851441449193,0.459103616800665,1.8061652333348226,0.7338038273864301,-1.3944425585415462e-17,2.155882380727941,True
2016-02-25,4.775176169468963,0.4639337908968491,1.82599758703273,0.733812999934203,-1.394459989073396e-17,2.215365582502031,True
2016-02-26,4.766853566428721,0.46367716255612923,1.8227504034275324,0.7338220269989543,-1.3944771431448222e-17,2.2102811360022345,True
2016-02-29,4.693054819978604,0.45851068924886473,1.8074081694521855,0.7338308503353216,-1.394493910072548e-17,2.1518158001910965,True
2016-03-01,4.949216835966397,0.47638222825484505,1.8576580721533316,0.7338398193789992,-1.394510953886912e-17,2.3577189444340663,True
2016-03-02,4.956292065239152,0.47621504774313383,1.8621820647827025,0.733849137979672,-1.3945286619621213e-17,2.3602608624767782,True
2016-03-03,4.94497231950697,0.47463201713374864,1.864072171186808,0.7338579616420166,-1.3945454295093e-17,2.347042186678145,True
2016-03-04,4.952432233169507,0.4747382930914091,1.8674573875869491,0.7338656205567907,-1.394559983694376e-17,2.351109225025767,True
2016-03-07,4.903719507348518,0.47053814384082204,1.8624590946506647,0.7338733377940506,-1.394574648709286e-17,2.3073870749038017,True
2016-03-08,4.8248374650121075,0.4655864097215066,1.844577657074841,0.7338810551124639,-1.3945893138784112e-17,2.2463787528248025,True
2016-03-09,4.87829424827626,0.46929068257743234,1.8550662732859118,0.7338899374032202,-1.3946061928367726e-17,2.2893380375871284,True
2016-03-10,4.868989348177,0.46841256528570707,1.8543952325321993,0.7338983247164294,-1.394622131192576e-17,2.2806957909283714,True
2016-03-11,5.018376498205058,0.47802301851575446,1.8855698675143693,0.7339071489701858,-1.3946388998636108e-17,2.398899481720503,True
2016-03-14,5.0327505965449415,0.4794356606730521,1.8859543703413182,0.7339161189464024,-1.3946559454500722e-17,2.4128801072572212,True
2016-03-15,5.029344276446363,0.4794571328602956,1.8840642004617996,0.733925089032252,-1.3946729912448686e-17,2.411354986952311,True
2016-03-16,5.104715415212112,0.4844290113888812,1.8979086188636947,0.7339345543356324,-1.3946909780982626e-17,2.472872242012786,True
2016-03-17,5.103096740112209,0.48318776233428407,1.9033995536299084,0.7339432916521027,-1.3947075815629473e-17,2.465753894830198,True
2016-03-18,5.122571448363075,0.4841297165219498,1.908631084249555,0.7339513009540701,-1.3947228015864887e-17,2.4799890631594494,True
2016-03-21,5.157154622166878,0.48660107063443325,1.9137182056245994,0.7339594559685599,-1.3947382985065724e-17,2.509476960573719,True
2016-03-22,5.181947220189356,0.48858973239517056,1.9161331705148736,0.733967844076267,-1.3947542383721547e-17,2.531846205598215,True
2016-03-23,5.107500938232905,0.4839158080559836,1.9019240584014598,0.733976436159774,-1.3947705658516004e-17,2.4716004436716705,True
2016-03-24,5.106591460928687,0.4838527240001795,1.9017683021097707,0.7339849700925148,-1.3947867828275298e-17,2.4708381887264013,True
2016-03-28,5.096934731453139,0.48302383121991277,1.9010008101395006,0.7339929798493064,-1.3948020037153706e-17,2.4619409414643325,True
2016-03-29,5.238694183790917,0.4924198048211728,1.9250570091316985,0.7340004071590827,-1.3948161177830014e-17,2.5796367675001366,True
2016-03-30,5.286249112476893,0.495299165934064,1.9339673754134297,0.7340069607339729,-1.3948285714980086e-17,2.6182747763294913,True
2016-03-31,5.2672401330582055,0.49419093997909697,1.9302054313293404,0.7340123492772065,-1.3948388113110662e-17,2.6030223524516583,True
2016-04-01,5.370755386215612,0.500805803384524,1.9470319493603132,0.7340179708798303,-1.3948494940053415e-17,2.689705465975469,True
2016-04-04,5.330603671546787,0.4983309168855393,1.9401747356337748,0.7340243207176796,-1.3948615605601978e-17,2.6564046151953327,True
2016-04-05,5.240136092389731,0.4933028226697247,1.921132515708034,0.734029651132341,-1.3948716899119142e-17,2.5849739255493556,True
2016-04-06,5.39022127811962,0.5025342000350935,1.9474147390364038,0.7340360010712338,-1.3948837566587826e-17,2.7087705380119824,True
2016-04-07,5.247654250889477,0.49390405808463733,1.9217741116280653,0.734042409322002,-1.3948959342153225e-17,2.59183772993941,True
2016-04-08,5.243447463427566,0.49313698233259,1.9236607866647066,0.7340488176287153,-1.3949081118781742e-17,2.585737859134144,True
2016-04-11,5.209957121836136,0.49098837939899503,1.9178735501141455,0.7340551677334135,-1.3949201789401217e-17,2.558028403988577,True
2016-04-12,5.286667704336144,0.4951639412920254,1.9348392026961745,0.7340612848596203,-1.3949318032745833e-17,2.617767216780349,True
2016-04-13,5.411002609370552,0.502671310161317,1.956978853806514,0.734067984625437,-1.394944534795241e-17,2.7199557709386006,True
2016-04-14,5.412923258500596,0.5028215602613995,1.957114259541458,0.7340744805446496,-1.3949568789475454e-17,2.7217345184144883,True
2016-04-15,5.38853345334172,0.501229328442659,1.9535617057506582,0.7340807434817903,-1.39496878036556e-17,2.7008910041092724,True
2016-04-18,5.440521540125731,0.5037752687221292,1.9656344784392308,0.7340868608211283,-1.3949804051050336e-17,2.7408002008653725,True
2016-04-19,5.390335810816678,0.49969382210190905,1.9627256784504674,0.7340926286464321,-1.3949913656653002e-17,2.6935175037197787,True
2016-04-20,5.398687151473677,0.5001453530449846,1.9644599683820445,0.7340988917384077,-1.3950032673775467e-17,2.7001282913532245,True
2016-04-21,5.3942617859153925,0.5006970575957944,1.9592655395298335,0.7341052422762866,-1.3950153352626647e-17,2.7008910041092724,True
2016-04-22,5.257210748949788,0.4904917682527982,1.9444803558325845,0.7341117967872046,-1.3950277907563994e-17,2.5786185963299992,True
2016-04-25,5.253509917572137,0.49045043449235165,1.942805344532358,0.734118351356645,-1.3950402463613438e-17,2.576586221683133,True
2016-04-26,5.214901018448884,0.48730564553612726,1.939525026549854,0.7341252846967898,-1.395053421741752e-17,2.541250707202241,True
2016-04-27,5.148116878862263,0.4817768048212871,1.9337411560913786,0.7341324220260854,-1.395066984761394e-17,2.480243300744798,True
2016-04-28,5.039711910224213,0.47468783087828664,1.9132824358836436,0.7341395594247717,-1.3950805479128985e-17,2.392289914915798,True
2016-04-29,4.991382929183571,0.47164482405909663,1.903077328482965,0.7341456772542426,-1.395092173583768e-17,2.3541599234463635,True
2016-05-02,5.070231439169591,0.47659348687330977,1.919640858443087,0.7341512998779895,-1.3951028582184766e-17,2.416439280848515,True
2016-05-03,4.98866624807806,0.47149393308605514,1.9023836884372263,0.7341566894808558,-1.3951131000451473e-17,2.3521258701599783,True
2016-05-04,4.93072979817202,0.46759953361272044,1.8909602406557562,0.7341626035206842,-1.3951243384559075e-17,2.30560695399558,True
2016-05-05,4.929010510468036,0.46750489255256,1.8905056094401282,0.7341683719411092,-1.395135300147079e-17,2.304336529086798,True
2016-05-06,4.970814629762584,0.4702722457284317,1.899004767322534,0.7341737034018567,-1.395145431486666e-17,2.337636159038193,True
2016-05-09,4.994892753524699,0.4721275551550331,1.9024873020415454,0.7341789474999465,-1.3951553968115724e-17,2.3582265039832073,True
2016-05-10,5.118638680594485,0.4800322212394324,1.9273423233075606,0.7341848617190756,-1.3951666355630567e-17,2.457111495567848,True
2016-05-11,5.033812126797139,0.47478968655421927,1.909618103583463,0.7341919413588344,-1.3951800889556535e-17,2.3900020818548415,True
2016-05-12,4.996322885009031,0.4716362813867044,1.9056765721763544,0.7341991667397265,-1.3951938192991616e-17,2.35644714609295,True
2016-05-13,4.956047187542037,0.46972456608029134,1.8938633893600816,0.7342066835403235,-1.395208103425607e-17,2.3279771146416315,True
2016-05-16,5.066976400726427,0.47715031792993895,1.9150527997584363,0.7342142004178781,-1.3952223876982944e-17,2.417709400550112,True
2016-05-17,4.953252706902347,0.46937373459432835,1.8941042681017355,0.7342217173723913,-1.3952366721172256e-17,2.3249267214282208,True
2016-05-18,4.983385549371971,0.47184047501535736,1.8977930188093541,0.7342295257622785,-1.3952515103488703e-17,2.3513630048003384,True
2016-05-19,4.938063734842041,0.46865543778914115,1.8895759208514527,0.7342373925075101,-1.3952664594727894e-17,2.314250421483078,True
2016-05-20,5.031723878383467,0.47528983305977285,1.9059508341591547,0.7342458420645618,-1.3952825161101547e-17,2.3915272021597507,True
2016-05-23,5.017488425065006,0.47430790229539144,1.9033994905677742,0.7342545248132407,-1.395299015880027e-17,2.37983440968399,True
2016-05-24,5.194555785278946,0.4861806002677424,1.9347998907473096,0.7342636447204447,-1.3953163463793518e-17,2.525492249811192,True
2016-05-25,5.262483132550592,0.49024202637599856,1.9483190990151322,0.734273638864345,-1.395335338184887e-17,2.579890394671115,True
2016-05-26,5.287231580266406,0.4920337954255633,1.9514521412492656,0.7342828172847614,-1.3953527798764826e-17,2.6014966217323785,True
2016-05-27,5.335659336392523,0.4949051993216779,1.9607229587107402,0.7342908302918697,-1.3953680069408787e-17,2.6406455473899135,True
2016-05-31,5.351431835164366,0.496391376554597,1.9607277063964816,0.7342995135725523,-1.3953845077217137e-17,2.6564046151953327,True
2016-06-01,5.354555198919876,0.4962918631387266,1.9628252630963527,0.7343077598724229,-1.3954001781108026e-17,2.6574221759511,True
2016-06-02,5.374593402208939,0.4972318725201591,1.9678579048589921,0.7343163559351028,-1.395416513151844e-17,2.6724191414148435,True
2016-06-03,5.330430473886972,0.49448434526374446,1.960291827422404,0.7343242236106576,-1.3954314640436503e-17,2.6358144228539104,True
2016-06-06,5.367204784571677,0.4963535470081817,1.9688415608597323,0.734332091370509,-1.395446415095645e-17,2.6640311323414356,True
2016-06-07,5.347443334794076,0.4946701512264496,1.9678833552855224,0.734339376411098,-1.3954602588100806e-17,2.6452206030974557,True
2016-06-08,5.364047738501174,0.4953187453017734,1.9727872442976435,0.734347098630314,-1.3954749332921687e-17,2.6569133955732167,True
2016-06-09,5.349406263898768,0.49448863529941717,1.9698317140929131,0.7343539467083988,-1.3954879466496485e-17,2.6452206030974557,True
2016-06-10,5.239935042554903,0.48783998052576955,1.949324292883268,0.7343609405553541,-1.3955012370107483e-17,2.5562498091162813,True
2016-06-13,5.158700150478843,0.48280876880983037,1.9336665476981496,0.7343679344689173,-1.3955145274984227e-17,2.490665668311777,True
2016-06-14,5.1580773933235715,0.48311362483206755,1.9317648525133713,0.7343750741573081,-1.3955280950010374e-17,2.491937466652893,True
2016-06-15,5.13159616672775,0.4812473094060371,1.927646580062755,0.7343827384689313,-1.3955426594417103e-17,2.4695668481960635,True
2016-06-16,5.155137767446774,0.48250145922981413,1.9333861024002865,0.7343901697226934,-1.3955567810040713e-17,2.487361495323795,True
2016-06-17,5.055056257824176,0.4752080950613307,1.9184552934884298,0.7343973096272602,-1.395570348917484e-17,2.4022036547084857,True
2016-06-20,5.110490420891896,0.4785094758578837,1.930667791184943,0.7344045370292369,-1.3955840831016458e-17,2.4454180926777167,True
2016-06-21,5.140704855151792,0.48044420335165255,1.9364712418500762,0.7344117645023404,-1.3955978174209694e-17,2.4698218487993753,True
2016-06-22,5.120776470768313,0.47918657191683683,1.9325496607056671,0.7344194874827803,-1.3956124933496062e-17,2.4538073225798662,True
2016-06-23,5.250612952599264,0.48704159593316065,1.9589187425620567,0.7344272979759371,-1.39562733557808e-17,2.5572669120612703,True
2016-06-24,4.861931877842702,0.4615636286454051,1.883405645519137,0.7344353125597196,-1.39564256563862e-17,2.244090919763846,True
2016-06-27,4.695721387338321,0.45007582034434,1.8478484829301771,0.7344422488933869,-1.395655746707599e-17,2.1134306555147573,True
2016-06-28,4.8650777056111725,0.46163088463319335,1.884758482701874,0.7344490978587858,-1.3956687617512355e-17,2.245870125050512,True
2016-06-29,5.014499628908164,0.47114336674930996,1.917494715673276,0.7344566755079303,-1.395683161507773e-17,2.3625482377269575,True
2016-06-30,5.124602926447057,0.4777869663335414,1.9416703330460638,0.7344641075098648,-1.395697284491881e-17,2.448468485891128,True
2016-07-01,5.165079326868234,0.48053926466177943,1.9485845696459965,0.7344713355692175,-1.3957110199252502e-17,2.48202342165302,True
2016-07-05,5.108150876377075,0.4772854257291879,1.9356264926851154,0.7344784179714028,-1.3957244785672676e-17,2.4380459657205567,True
2016-07-06,5.179340354893579,0.4818171703758473,1.9493598859731411,0.7344853547121768,-1.395737660409869e-17,2.495495114208261,True
2016-07-07,5.2052644293167125,0.4839593640225,1.951634946360911,0.734493020174744,-1.395752227037673e-17,2.5191364627810575,True
2016-07-08,5.35131994806104,0.49250661819065733,1.9812585678421624,0.7345008897431301,-1.3957671815264142e-17,2.6355604904757466,True
2016-07-11,5.405474129738585,0.4958963228403515,1.9904105387564137,0.7345088468361579,-1.3957823023376532e-17,2.6805547441460136,True
2016-07-12,5.4599315133787005,0.49867874116944455,2.0026628771057706,0.7345168623098586,-1.3957975340892984e-17,2.7227517739630707,True
2016-07-13,5.4383098158588306,0.49715558382273106,2.00009826352628,0.7345254608203645,-1.3958138737819275e-17,2.703686091512186,True
2016-07-14,5.505642835067133,0.5010483338627156,2.0125155188379016,0.7345341468756463,-1.395830379835315e-17,2.758593169353585,True
2016-07-15,5.487178694648538,0.4999085835120306,2.0095479871549866,0.7345429787744074,-1.3958471630341012e-17,2.7430877287191437,True
2016-07-18,5.551191873600031,0.5039893320751626,2.018898723966434,0.734551665036846,-1.3958636694811475e-17,2.79774148459675,True
2016-07-19,5.517517667709571,0.5018131603236172,2.0141946298221813,0.7345600599126564,-1.395879622208112e-17,2.7687629779747334,True
2016-07-20,5.628301867968051,0.5087821557824931,2.0301532140212015,0.7345690961674313,-1.3958967937432793e-17,2.863579557779418,True
2016-07-21,5.605119278515328,0.5078479047055174,2.0239929190157535,0.7345782782810638,-1.395914242453069e-17,2.8465480812185113,True
2016-07-22,5.646915417212481,0.5099410689279278,2.0327342225031,0.7345871107104526,-1.3959310266602036e-17,2.8795940839989282,True
2016-07-25,5.646794174672273,0.5104020892346648,2.030062687195369,0.7345959432460407,-1.3959478110691482e-17,2.8821355442308625,True
2016-07-26,5.658092833609898,0.5110901211213255,2.031692851829707,0.7346046301348053,-1.3959643187063973e-17,2.8917953516453863,True
2016-07-27,5.720509851137258,0.5153786720661476,2.0376674718810306,0.7346136086357915,-1.395981380492422e-17,2.948228770620436,True
2016-07-28,5.757280341145002,0.5176503403817105,2.0424003544153617,0.7346218584629994,-1.3959970575844868e-17,2.9802581282666405,True
2016-07-29,5.7807297464164416,0.5189365551193044,2.046269493907008,0.7346282718283957,-1.3960092448603202e-17,2.999831980681038,True
2016-08-01,5.8323308919664445,0.5224083407180793,2.0508373198874876,0.7346352682879711,-1.3960225401861645e-17,3.0468583037909855,True
2016-08-02,5.749343836613965,0.518011099529345,2.036477707727193,0.7346422065101093,-1.3960357248437924e-17,2.978223922376663,True
2016-08-03,5.783910293700522,0.5197937336496091,2.0428195978421932,0.7346503692013275,-1.3960512363519122e-17,3.006440326657002,True
2016-08-04,5.814873325502532,0.5216599380296907,2.0468286847204875,0.7346581821498931,-1.396066083246383e-17,3.033386458632152,True
2016-08-05,5.920770747515248,0.5271417759563853,2.0650197285202587,0.7346654121191866,-1.3960798223092e-17,3.121085606875803,True
2016-08-08,5.909100059237058,0.5265051929895409,2.0632554916874137,0.734672700466529,-1.3960936723074373e-17,3.111171867083115,True
2016-08-09,5.932700193545851,0.5278813958661797,2.0662581452351367,0.7346799888861765,-1.3961075224430752e-17,3.131762059424538,True
2016-08-10,5.903351482261596,0.5264149610989604,2.061050410374254,0.734688530999114,-1.3961237549637783e-17,3.107612540888228,True
2016-08-11,5.95272476280877,0.5287960768709115,2.0702507714182437,0.7346964901249221,-1.3961388796378962e-17,3.147777501265604,True
2016-08-12,5.958385474896985,0.5292746730397925,2.070058443179517,0.7347045076463175,-1.396154115280762e-17,3.1536225240711504,True
2016-08-15,6.005449826374235,0.5317301445175125,2.0774589469075173,0.7347121753960761,-1.396168686254901e-17,3.1932787040706425,True
2016-08-16,5.944031540665533,0.5287566275549256,2.0663652760544777,0.7347201930886401,-1.3961839222230372e-17,3.1429460715224153,True
2016-08-17,5.962581479978374,0.5295844830376011,2.070162259443966,0.7347285898904853,-1.3961998786100328e-17,3.1576906306439216,True
2016-08-18,5.968227923634606,0.529594582664004,2.072749760385387,0.7347369867882939,-1.396215835179387e-17,3.160741176460925,True
2016-08-19,5.962134066653693,0.5294109629576917,2.070969632830068,0.7347452963136354,-1.39623162571542e-17,3.15641913750999,True
2016-08-22,5.965939850677909,0.5295845176449102,2.071716633372199,0.7347538391859014,-1.39624785967907e-17,3.1594693781198084,True
2016-08-23,5.988699572471175,0.5307131707218725,2.0756558307467934,0.7347620031174827,-1.3962633735442435e-17,3.1782817386068993,True
2016-08-24,5.91542734607344,0.5269303345913675,2.0636383392855304,0.7347708960705068,-1.3962802727640418e-17,3.117018110717403,True
2016-08-25,5.898303872588886,0.5259604344283811,2.0612496162402687,0.7347797891311638,-1.396297172188374e-17,3.1022744672174536,True
2016-08-26,5.912872219146166,0.5272011373124625,2.0608105781295882,0.734788682299455,-1.3963140718172434e-17,3.117272958717123,True
2016-08-29,5.928009367135071,0.5273127979024421,2.0672965861838093,0.7347975755753818,-1.3963309716506516e-17,3.12591520537588,True
2016-08-30,5.894738201822403,0.5255021986415458,2.0622338473894724,0.7348064689589455,-1.3963478716886015e-17,3.0976978854739845,True
2016-08-31,5.882619943037163,0.5252021121728266,2.0582395782147236,0.7348159456293285,-1.3963658801426354e-17,3.089564419193111,True
2016-09-01,5.899054731381503,0.5260658281136006,2.060938342404584,0.734825276625255,-1.3963836117724632e-17,3.1032911123516644,True
2016-09-02,5.943414357349068,0.5282555968274779,2.068937996873492,0.7348344619411433,-1.3964010665674782e-17,3.139641898534433,True
2016-09-06,6.011209771151921,0.5319817784985682,2.0785124087157154,0.7348432974508357,-1.3964178566280932e-17,3.19785406498537,True
2016-09-07,6.017587959682783,0.5323895455286226,2.07903490758199,0.7348521330667644,-1.3964346468905887e-17,3.2037009190340284,True
2016-09-08,5.954233583521555,0.5288326165579752,2.070578901819687,0.7348617561307942,-1.396452933535501e-17,3.1487929255710734,True
2016-09-09,5.6647166387884305,0.5137234925762235,2.019747155851267,0.7348714668041254,-1.3964713866637893e-17,2.910098016133038,True
2016-09-12,5.846548264979612,0.5232686358519933,2.0523517523151154,0.7348811776057762,-1.3964898400359223e-17,3.05931533505872,True
2016-09-13,5.750437597750308,0.5194597212908767,2.028425501633729,0.7348913842886247,-1.3965092357278146e-17,2.9871207118279535,True
2016-09-14,5.793290756990207,0.522243027462434,2.0328836077879164,0.7349014453015891,-1.39652835460419e-17,3.0255057039007016,True
2016-09-15,5.959570476950446,0.5312169257136028,2.0588351380416947,0.7349106315695858,-1.3965458112084905e-17,3.165824707339165,True
2016-09-16,5.951549379979025,0.5313349675638546,2.0543643442962454,0.7349187389169459,-1.396561217547043e-17,3.162266296765834,True
2016-09-19,5.905848902424583,0.528430615285337,2.0500908325974554,0.7349267005366732,-1.3965763469603385e-17,3.120831369290454,True
2016-09-20,5.925120242372284,0.5296292142373626,2.052069822631532,0.7349336415112271,-1.396589536848364e-17,3.138116778229524,True
2016-09-21,6.03801098521408,0.534841055473025,2.073692776171979,0.7349420407524827,-1.396605497870955e-17,3.229376168289618,True
2016-09-22,6.128298441874111,0.5392808093512093,2.088476153788087,0.7349485444063986,-1.3966178567214648e-17,3.304873743679625,True
2016-09-23,6.056433877627544,0.5358583045528507,2.0760902775793433,0.7349532107462587,-1.3966267241362297e-17,3.2453903893019427,True
2016-09-26,5.958761160689077,0.5311185130712904,2.0589947703368456,0.7349580229400918,-1.3966358687163344e-17,3.1648083674121392,True
2016-09-27,6.065068122950923,0.5366043143407085,2.075563332920111,0.7349630684850441,-1.3966454567320273e-17,3.2545417215457686,True
2016-09-28,6.089771473814672,0.537349391403575,2.082465972962313,0.7349705056111933,-1.3966595894536464e-17,3.272334995241166,True
2016-09-29,6.003417988629467,0.5335190565003456,2.0655019114216295,0.734978176137042,-1.3966741657031704e-17,3.2029379010707957,True
2016-09-30,6.084768576229692,0.5372063437597626,2.0810072666688675,0.734985030100175,-1.3966871902439683e-17,3.268776279460649,True
2016-10-03,6.073413469415305,0.5369970169074347,2.0770159406150737,0.7349926132787789,-1.396701600508101e-17,3.2614049155214526,True
2016-10-04,6.047993689769967,0.5361856459141614,2.0701452735418875,0.7350010131939975,-1.3967175628114197e-17,3.242847403034082,True
2016-10-05,6.090064957247815,0.5380331830931516,2.0783977223491226,0.7350102007065928,-1.3967350217808226e-17,3.2766570341921004,True
2016-10-06,6.085187774467544,0.5376288133970332,2.0785961619826536,0.735019329999771,-1.3967523701162522e-17,3.2715722824851188,True
2016-10-07,6.058003879721093,0.5365166063156223,2.072755825221962,0.735028371904297,-1.3967695523876042e-17,3.250219682594834,True
2016-10-10,6.128183511816515,0.5398714369848752,2.084714859265062,0.7350374139200527,-1.3967867348703252e-17,3.3084312386314005,True
2016-10-11,5.963404338358236,0.5318558119193071,2.05668668446698,0.7350463977106185,-1.3968038067081032e-17,3.171671256180638,True
2016-10-12,5.957279308522926,0.5312932524855987,2.057161277099702,0.7350557316329206,-1.3968215438989033e-17,3.1650622997903035,True
2016-10-13,5.913127089808687,0.5289838613890994,2.050112639905574,0.7350656490516262,-1.3968403899040587e-17,3.127948800851487,True
2016-10-14,5.922009162419173,0.5293923821521096,2.0518689541979263,0.7350736706015416,-1.3968556332022947e-17,3.1350665376197053,True
2016-10-17,5.894045170983971,0.5282380774848949,2.0455039514718414,0.7350821297824282,-1.39687170812777e-17,3.1134590897297016,True
2016-10-18,5.989383305517578,0.5331565106425749,2.0610138665367823,0.7350907349101522,-1.3968880603950547e-17,3.1932787040706425,True
2016-10-19,5.993325440500318,0.5330179253090433,2.063675099893656,0.7351004486092745,-1.3969065192732337e-17,3.194549891997388,True
2016-10-20,5.976709360541349,0.5322455274488506,2.0605226638010294,0.7351098707305073,-1.3969244240678783e-17,3.1810768260098126,True
2016-10-21,6.015623935462537,0.5345495162621805,2.0648558652870275,0.7351192054588159,-1.3969421627903273e-17,3.215648864716694,True
2016-10-24,6.14961801003501,0.5419580019616373,2.0816549260403217,0.7351283944488146,-1.39695962456723e-17,3.3328346895458743,True
2016-10-25,6.109532336614537,0.5400634414880345,2.0748597518100227,0.7351375252100341,-1.396976975692369e-17,3.2995350595944797,True
2016-10-26,6.037113483915334,0.5360574513125838,2.065726810292855,0.7351470061499916,-1.396994992259847e-17,3.2362396674724874,True
2016-10-27,5.9844076205128225,0.5332174491030166,2.0582609175679423,0.7351561371423803,-1.397012343824275e-17,3.1909905658025006,True
2016-10-28,5.919750863386971,0.5297232828132847,2.0487568429170824,0.735164159679765,-1.3970275889989923e-17,3.1358298607901234,True
2016-10-31,5.901049580642944,0.5283865214904832,2.0478423956259277,0.7351721239582172,-1.3970427234646456e-17,3.1180350610587992,True
2016-11-01,5.821878930505514,0.5245689042022723,2.032721549392495,0.7351807301394444,-1.3970590777338957e-17,3.0539766509735746,True
2016-11-02,5.728065387425589,0.5192696770419419,2.0184639285082864,0.7351907951136913,-1.39707820413787e-17,2.974410663803612,True
2016-11-03,5.627888858666039,0.5132910187769936,2.003943192611924,0.7352008602257325,-1.397097330803694e-17,2.8887448058283827,True
2016-11-04,5.5904904031961795,0.5108591804768511,1.9993257526094894,0.7352113047461888,-1.3971171784568188e-17,2.855953345840501,True
2016-11-07,5.8409315743307335,0.5239892409640858,2.0451245227589863,0.7352217494150235,-1.3971370263919066e-17,3.060585302156724,True
2016-11-08,5.91222008294738,0.52781826426255,2.0564092129814617,0.7352331278464423,-1.3971586487498553e-17,3.1205777421194756,True
2016-11-09,5.971596009978322,0.5298917201598433,2.072051346419728,0.7352453817315239,-1.3971819347266074e-17,3.16429928182707,True
2016-11-10,5.806975827934055,0.5189987009980656,2.0579053390403343,0.7352575774687801,-1.3972051102054317e-17,3.0138129114249406,True
2016-11-11,5.802520731758138,0.5189591886698186,2.055978340081526,0.735270940483607,-1.3972305038541013e-17,3.0112714511930054,True
2016-11-14,5.691272867263461,0.5112370481651779,2.04639902255982,0.7352843037413014,-1.3972558979642904e-17,2.90958954096234,True
2016-11-15,5.848191555041072,0.5205570166630522,2.0685754260247955,0.7352989802500398,-1.3972837876367503e-17,3.044317148766236,True
2016-11-16,5.901972721737149,0.5242122081557546,2.072773349426979,0.7353132193733095,-1.3973108461484977e-17,3.09388615293686,True
2016-11-17,5.986532557715419,0.528781866434464,2.0856362608719095,0.7353264375040649,-1.3973359644749247e-17,3.165569859339445,True
2016-11-18,5.944726578097059,0.5265140027541264,2.0794060992400283,0.7353386929443073,-1.397359253406939e-17,3.1299817859127237,True
2016-11-21,6.0574580480195745,0.5322426938583132,2.0980693683785723,0.7353508902293447,-1.3973824318270018e-17,3.224037789411658,True
2016-11-22,6.091683776814216,0.5340093831552943,2.103304334703411,0.7353631460771326,-1.397405721533472e-17,3.2530162960336733,True
2016-11-23,6.048875825671957,0.5313165740897793,2.0996308377928075,0.7353770070886406,-1.39743206152194e-17,3.2138679807905093,True
2016-11-25,6.087172922509376,0.5330686913325281,2.1069004586142213,0.7353911601782818,-1.3974589565445522e-17,3.2448813037168738,True
2016-11-28,6.061798058727766,0.5323227276053154,2.099560014284557,0.7354051676286387,-1.3974855748097963e-17,3.2268328768145706,True
2016-11-29,6.098502868912519,0.5342042079115539,2.105238674515341,0.7354182998634271,-1.3975105299086854e-17,3.257845894533751,True
2016-11-30,5.9777542336800735,0.5273473513546666,2.089969413868042,0.7354319576317001,-1.3975364836753787e-17,3.152352862180331,True
2016-12-01,5.782762613441932,0.515193619020222,2.0680745990343294,0.7354456156536174,-1.3975624379240704e-17,2.9792423987539856,True
2016-12-02,5.797299307931501,0.5159623031170416,2.0706524230663694,0.7354589820859637,-1.3975878380670295e-17,2.991187902779169,True
2016-12-05,5.880731023623232,0.5203998725145256,2.0849270874306303,0.7354722612068563,-1.3976130722926106e-17,3.0603316749857457,True
2016-12-06,5.908664612415974,0.5216824586637896,2.0907324477945037,0.735485482196578,-1.3976381960519125e-17,3.0824466824248926,True
2016-12-07,6.049980657266859,0.5284045687007805,2.117643600041766,0.7354996373739346,-1.3976650950417964e-17,3.196837419851159,True
2016-12-08,6.074040197609264,0.5295340774220645,2.1221150449607626,0.7355138803829455,-1.3976921609375918e-17,3.216411272265556,True
2016-12-09,6.164029042707954,0.5340101379875668,2.1368468610101004,0.7355281820420091,-1.3977193382856947e-17,3.291653999655844,True
2016-12-12,6.112233311936859,0.5310494189598463,2.13079200347866,0.7355433596071136,-1.3977481801122524e-17,3.2458979488510855,True
2016-12-13,6.259639841448675,0.5388081730833506,2.1513367805965684,0.7355579537213915,-1.3977759132110643e-17,3.372745107130715,True
2016-12-14,6.223885810025338,0.5379416036249671,2.1402254771337623,0.7355732194678677,-1.397804922608099e-17,3.3480871134237074,True
2016-12-15,6.250334014677639,0.538918889817684,2.1463224609666898,0.7355884855311687,-1.397833932607194e-17,3.368423068179781,True
2016-12-16,6.203343799727019,0.5364035603507855,2.140245369212744,0.7356027302607312,-1.3978610017725423e-17,3.3274957002535435,True
2016-12-19,6.2507460189538175,0.5388428414788985,2.1469593850431816,0.7356168876946478,-1.3978879050505524e-17,3.368169746215988,True
2016-12-20,6.299685773582958,0.5411130147522477,2.155212971585472,0.7356308410621656,-1.3979144205425345e-17,3.4088419609353204,True
2016-12-21,6.283948854422331,0.5405666370502896,2.15140993838661,0.7356458164046212,-1.3979428780867304e-17,3.3968930996310993,True
2016-12-22,6.249583276356012,0.5388211493419396,2.1465151323524334,0.7356605001292675,-1.3979707814715323e-17,3.3674076438743112,True
2016-12-23,6.262305059292982,0.5393906247023864,2.148801529066381,0.7356748922176441,-1.3979981306618604e-17,3.3778286380089564,True
2016-12-27,6.319842334371579,0.5422831027227197,2.1570091356284666,0.7356894889416962,-1.3980258687200084e-17,3.427143709801416,True
2016-12-28,6.223241746987407,0.5379564730337186,2.139704625956495,0.7357039399853681,-1.3980533299426943e-17,3.347833181045543,True
2016-12-29,6.2052320392557565,0.5368960251872009,2.1379492307021715,0.7357183913128998,-1.398080791704797e-17,3.331564417240685,True
2016-12-30,6.092995257107845,0.5308071022380052,2.1230588635430165,0.735731237189504,-1.398105202639123e-17,3.234205156375325,True
2017-01-03,6.1889215660486165,0.5352305106891598,2.140676664519743,0.7357452511175182,-1.398131833213816e-17,3.312499650411356,True
2017-01-04,6.257555383063815,0.5383782711177816,2.152864415174748,0.7357591193314029,-1.398158186888913e-17,3.3689318485576645,True
2017-01-05,6.322542023973314,0.542292722120088,2.1580992558051233,0.7357742432690507,-1.3981869268075692e-17,3.4286685248991398,True
2017-01-06,6.4228174785403445,0.5473619463349999,2.1714225269880933,0.735789075543952,-1.3982151124814377e-17,3.515605876008299,True
2017-01-09,6.458398891725624,0.5498568018768729,2.1714005697481356,0.7358037621280963,-1.3982430213001246e-17,3.551194559849392,True
2017-01-10,6.48114497770846,0.5510646994755342,2.173796844879101,0.7358179234310787,-1.398269931930495e-17,3.57153020939828,True
2017-01-11,6.514610270212452,0.5524480278078121,2.179794063906029,0.735832610591036,-1.3982978418433957e-17,3.598983595715387,True
2017-01-12,6.491902264989141,0.551561174256358,2.1753738765093322,0.7358471520448888,-1.39832547487195e-17,3.5806812364349208,True
2017-01-13,6.539316212286474,0.5538593797181405,2.181592751380449,0.7358618397882586,-1.3983533858935053e-17,3.621861621117766,True
2017-01-17,6.498148981923599,0.5521263498868342,2.1744728836800857,0.7358768198331884,-1.398381852373782e-17,3.5877992784103245,True
2017-01-18,6.527183935256492,0.5534091072599808,2.1790891005414394,0.7358918001830692,-1.3984103194335545e-17,3.6122030345319835,True
2017-01-19,6.512971310397177,0.5531335937817554,2.174521244038451,0.7359068392412663,-1.3984388980563523e-17,3.6025432271174593,True
2017-01-20,6.5427548704866645,0.5541901087038612,2.18090330941293,0.7359215281760115,-1.3984668113418707e-17,3.625930032897722,True
2017-01-23,6.548949048923575,0.5549079367143798,2.178949698809178,0.7359355457286159,-1.3984934488043484e-17,3.634063804385781,True
2017-01-24,6.639031996232358,0.5587886795354561,2.193266714542334,0.7359493591217016,-1.3985196983038435e-17,3.709815922568322,True
2017-01-25,6.767866947865965,0.5641520294325063,2.2137973174370296,0.7359637568611688,-1.3985470582329015e-17,3.8181058735677667,True
2017-01-26,6.783630595130958,0.5651642579917847,2.2137871805099265,0.7359778628334747,-1.3985738637187532e-17,3.833865551787557,True
2017-01-27,6.802325134956154,0.5663016446056505,2.214165108784771,0.7359921151033596,-1.3986009472129264e-17,3.852167911068024,True
2017-01-30,6.699405549088338,0.5619489503129997,2.198674973347735,0.7360066597093253,-1.39862858623142e-17,3.764723916031277,True
2017-01-31,6.6762764879077405,0.5607734456869735,2.1963768004416533,0.7360211169831374,-1.3986560592932e-17,3.74387857048295,True
2017-02-01,6.755484299619384,0.5647346317391457,2.2043926408775216,0.7360357205767284,-1.3986838104054877e-17,3.8150559381651337,True
2017-02-02,6.7455989616464755,0.5641302058404288,2.2041525064357934,0.7360503244600732,-1.3987115620683925e-17,3.8053961307506095,True
2017-02-03,6.789420860651526,0.5653562058813254,2.214915064608873,0.7360645781331834,-1.3987386482291054e-17,3.8384412179094696,True
2017-02-06,6.803012016679325,0.5663192541774267,2.2142564931511024,0.736078832082317,-1.398765734914344e-17,3.8526766914459065,True
2017-02-07,6.8467786967315885,0.568491072757511,2.2183526060432808,0.7360935244500939,-1.3987936547236298e-17,3.8923325662382133,True
2017-02-08,6.8719532064411135,0.5695897263732224,2.221650400203575,0.7361088597311568,-1.3988227962567798e-17,3.9141939465063817,True
2017-02-09,6.923270005182299,0.5712424696795271,2.232279953832065,0.7361241953317048,-1.398851938397045e-17,3.954865856018529,True
2017-02-10,6.970528177806556,0.5729855662197765,2.2403765241089695,0.7361396188861901,-1.3988812476755953e-17,3.9940120348113965,True
2017-02-13,7.053133274170333,0.576222354602342,2.252805314899252,0.7361548967045266,-1.3989102800127066e-17,4.064173062566555,True
2017-02-14,7.099558769763499,0.5778249640652925,2.261086303905534,0.7361701748399385,-1.398939312952354e-17,4.1023022910180265,True
2017-02-15,7.182830159988553,0.5809647577043868,2.2736731726086727,0.7361858038503689,-1.3989690126574776e-17,4.172971183529512,True
2017-02-16,7.177966558010007,0.5808625358782025,2.272353705689935,0.7362009949854468,-1.398997880270966e-17,4.169411857334625,True
2017-02-17,7.2370608344482505,0.5833552980590829,2.2790672184338554,0.736215835863121,-1.399026082292627e-17,4.221777780151275,True
2017-02-21,7.316590197097678,0.586186671132184,2.291471868382651,0.7362306770399685,-1.399054284882805e-17,4.288887651675059,True
2017-02-22,7.316534994856064,0.5862605488327819,2.29089374234862,0.736245430868873,-1.3990823214862652e-17,4.289395821638571,True
2017-02-23,7.266759568413912,0.5839096437013482,2.2873682468842382,0.7362603310737429,-1.399110636247004e-17,4.2431309904559305,True
2017-02-24,7.293302690501568,0.584921384958691,2.291019098870277,0.736274880980167,-1.3991382853379235e-17,4.266008710651124,True
2017-02-27,7.309224923096462,0.5853861954048625,2.2942161228325,0.736289431174125,-1.3991659349752418e-17,4.278719369089837,True
2017-02-28,7.269069531244781,0.5840038071554112,2.2876015026070853,0.7363037479133432,-1.3991931409800627e-17,4.245164280724352,True
2017-03-01,7.434856847529769,0.589444254790653,2.316104164424392,0.7363190291380084,-1.3992221797901978e-17,4.382433653967368,True
2017-03-02,7.35262366992316,0.586632796754176,2.3029964841263046,0.7363369988288792,-1.399256327474877e-17,4.3132901869679765,True
2017-03-03,7.37785010281719,0.5876590039083738,2.305834214861221,0.7363558455491251,-1.3992921417726756e-17,4.335660042406843,True
2017-03-06,7.341889187794408,0.5864518620904036,2.299848799219978,0.7363758031309992,-1.399330067033477e-17,4.305664585443431,True
2017-03-07,7.3151868670469185,0.5856735382165729,2.294479087787902,0.7363964041202419,-1.3993692149570447e-17,4.284311375138775,True
2017-03-08,7.336962356618109,0.5869149310167411,2.2943717188620525,0.7364178823491134,-1.3994100298932753e-17,4.306172755406943,True
2017-03-09,7.35253357446063,0.5874697796152324,2.2967037236736654,0.7364385721849811,-1.3994493466514965e-17,4.319391278601984,True
2017-03-10,7.408687235018522,0.5893990286816454,2.3055547661717406,0.7364594087207595,-1.3994889421825876e-17,4.366673060126022,True
2017-03-13,7.436639420552794,0.59060174793666,2.308066583457897,0.7364805965417468,-1.399529205258637e-17,4.392092240553151,True
2017-03-14,7.396902521581519,0.5893758388521902,2.3008450203690933,0.736501872647437,-1.3995696361015234e-17,4.359555628564989,True
2017-03-15,7.490237727127611,0.5922129681739899,2.317897930391133,0.7365238800254353,-1.3996114565763388e-17,4.435815916711043,True
2017-03-16,7.484646294498191,0.5923156226770514,2.314828586626602,0.7365447774284076,-1.3996511677729555e-17,4.433272930443182,True
2017-03-17,7.4715531749504205,0.5919246064546158,2.312391531433736,0.7365654708294228,-1.399690491306003e-17,4.422596172687262,True
2017-03-20,7.484579190587625,0.5926606965812303,2.312177109064758,0.736586164811824,-1.3997298159438545e-17,4.435815916711043,True
2017-03-21,7.254445358247369,0.5841999822005973,2.2797915912499556,0.7366069178340944,-1.3997692527747787e-17,4.238046849163319,True
2017-03-22,7.3482556287956715,0.5880885747020519,2.290201521159952,0.736628928350943,-1.3998110792143307e-17,4.321425179284777,True
2017-03-23,7.309591343913429,0.5864695204517985,2.2860880203808103,0.7366507933690927,-1.3998526291636676e-17,4.286852530163525,True
2017-03-24,7.3345372844796035,0.5876634713237797,2.2876249842923797,0.7366726590362517,-1.3998941803463128e-17,4.3102396411509725,True
2017-03-27,7.35810267876967,0.5888906224502267,2.28829048686388,0.7366945253524392,-1.3999357327623025e-17,4.333117666553352,True
2017-03-28,7.454790952237243,0.5921645200636474,2.3036115611743617,0.7367166846564931,-1.3999778419411964e-17,4.414462706406388,True
2017-03-29,7.51969414252167,0.594828555584779,2.310026054137679,0.7367392831485028,-1.4000207857060573e-17,4.4729288052354885,True
2017-03-30,7.547685502603544,0.5955864170984475,2.3156251806308314,0.736761356091172,-1.4000627307729832e-17,4.49529896588154,True
2017-03-31,7.533549640044125,0.5952867808151243,2.312143609305867,0.7367835174054521,-1.4001048437718966e-17,4.4846225133328055,True
2017-04-03,7.521200943380226,0.5949796879493502,2.3094340584471786,0.7368050946363222,-1.40014584684097e-17,4.474961790296725,True
2017-04-04,7.544128545351752,0.5958672282501442,2.31200284849353,0.7368267309766816,-1.4001869622354152e-17,4.49529896588154,True
2017-04-05,7.484654620500549,0.5937414093657564,2.303855699991114,0.7368495375175181,-1.400230301354085e-17,4.443949382991916,True
2017-04-06,7.492086122334609,0.593627547330024,2.307705068383534,0.7368723447642713,-1.4002736418142038e-17,4.4475087091868035,True
2017-04-07,7.48523671079596,0.5934914865524155,2.3059170614637874,0.7368953866451657,-1.4003174281480288e-17,4.442424262687007,True
2017-04-10,7.4914673983858755,0.593676575318885,2.307039967533971,0.7369187216651014,-1.4003617715320347e-17,4.4475087091868035,True
2017-04-11,7.429213426534624,0.5911237332490109,2.3006872857416063,0.7369417649961941,-1.4004055606216617e-17,4.391584375796824,True
2017-04-12,7.361600489083228,0.5886799696023856,2.2910085769715973,0.7369651599732092,-1.4004500179417088e-17,4.3336267521384215,True
2017-04-13,7.298283728675054,0.586751175760584,2.2790188188611,0.7369883509795271,-1.4004940876575894e-17,4.282276558834427,True
2017-04-17,7.419522145146927,0.5908680348009498,2.2985522211017884,0.7370114549800464,-1.4005379920369266e-17,4.383958469065092,True
2017-04-18,7.401657175669937,0.5905769494704968,2.293374500131515,0.7370345597048578,-1.4005818977926314e-17,4.3712481158335645,True
2017-04-19,7.416658393015192,0.5914388524929385,2.2931003598535526,0.7370581038646131,-1.400626638603653e-17,4.386499929297027,True
2017-04-20,7.541861033335891,0.5957091969416014,2.312023989911929,0.7370810638102824,-1.4006702692365116e-17,4.49275597961368,True
2017-04-21,7.535904328293466,0.5959102980769109,2.308077748009905,0.7371035857311187,-1.400713067493678e-17,4.490722994552442,True
2017-04-24,7.725746044179058,0.6023910573797534,2.334699811988567,0.7371259035900214,-1.400755477973302e-17,4.65392032860047,True
2017-04-25,7.844206801987557,0.6064509215016022,2.349931931592106,0.7371484268809619,-1.4007982788340686e-17,4.7571264435144895,True
2017-04-26,7.820995292181054,0.6055855465244396,2.347541521366001,0.7371720624345198,-1.4008431933201283e-17,4.736281708380533,True
2017-04-27,7.911918599558319,0.609100207172649,2.3555717889541983,0.737195552480014,-1.4008878312981773e-17,4.819151258124108,True
2017-04-28,7.938910965020507,0.610487417759202,2.355087193457606,0.7372185167073169,-1.400931470067396e-17,4.846605254855584,True
2017-05-01,8.074395276571625,0.6153552586437241,2.3685323473903748,0.7372413353748541,-1.4009748322303552e-17,4.968621593806397,True
2017-05-02,8.106336740110486,0.6165681294826365,2.3709635582758586,0.7372643010283305,-1.401018473709722e-17,4.998108880806296,True
2017-05-03,8.051810803896197,0.6146187018467915,2.3657283358151084,0.7372889642744376,-1.401065341113134e-17,4.948793503806651,True
2017-05-04,8.05874061954313,0.6147210685855414,2.367549199810925,0.7373137746329425,-1.4011124880732625e-17,4.953877645099261,True
2017-05-05,8.12163610922148,0.616596005492995,2.3765289355712778,0.7373387906365685,-1.401160025819454e-17,5.007768383013635,True
2017-05-08,8.154051043796041,0.6178235116916971,2.3789224055438947,0.7373641878607283,-1.401208287996504e-17,5.0377644503914185,True
2017-05-09,8.212543023940304,0.6201709505777692,2.3819727656407794,0.7373896444816392,-1.401256663044807e-17,5.093180613817886,True
2017-05-10,8.223529826844704,0.6203314376566308,2.3848000595352157,0.7374156872107281,-1.4013061518706035e-17,5.101314080098759,True
2017-05-11,8.207972058187197,0.6200208397392901,2.3814170381912514,0.7374412919220895,-1.40135480833421e-17,5.089113728073856,True
2017-05-12,8.241723817073629,0.6214913839575077,2.382097017235214,0.7374664585697721,-1.4014026323483057e-17,5.122160341268643,True
2017-05-15,8.299894637314345,0.6228930433679392,2.3924565272906295,0.7374914797537461,-1.4014501799386784e-17,5.16994663026997,True
2017-05-16,8.36889339221024,0.6255338326167182,2.3963506979105764,0.7375167359096624,-1.4014981740446786e-17,5.23502595839,True
2017-05-17,7.9211473115155755,0.6108936682284257,2.3446257906787955,0.7375427831272977,-1.4015476714000298e-17,4.838978737709482,True
2017-05-18,8.05867231394776,0.6156725013907527,2.3596009802794264,0.7375683922517118,-1.4015963362497312e-17,4.961502941416622,True
2017-05-19,8.131349577993939,0.6175476331968742,2.3722593623072874,0.7375945291000929,-1.4016460039297957e-17,5.021495686586559,True
2017-05-22,8.277530693150883,0.6223651229348448,2.3882637651843908,0.7376205205266915,-1.401695395265809e-17,5.1516464074398005,True
2017-05-23,8.294112286834025,0.6226533819751093,2.3921090007926096,0.7376462201629017,-1.4017442321144777e-17,5.164357065878514,True
2017-05-24,8.373606838430963,0.6252423016451278,2.400400680496824,0.737672945202182,-1.4017950175298165e-17,5.235533212731957,True
2017-05-25,8.527366860965106,0.6301256859237137,2.4163545315489716,0.7376994370273526,-1.4018453597699258e-17,5.373312892388783,True
2017-05-26,8.552162791756277,0.6309736522972654,2.41824738237515,0.7377260176258921,-1.4018958707054807e-17,5.396189391755236,True
2017-05-30,8.563350539931715,0.631455337328306,2.418224478345751,0.7377526577328519,-1.401946494724493e-17,5.407373403853113,True
2017-05-31,8.556039010573087,0.6312223705338496,2.4174964851372356,0.7377792988018156,-1.4019971205715946e-17,5.400763226634037,True
2017-06-01,8.634952044573037,0.632931254198037,2.4318139051515675,0.7378071119099532,-1.4020499736369847e-17,5.465331027511516,True
2017-06-02,8.839496964683137,0.6393930965390964,2.4497487610752073,0.7378348675112346,-1.4021027174224766e-17,5.651913336096695,True
2017-06-05,8.833790871056557,0.6392882708268233,2.448589209700711,0.7378627705523229,-1.4021557413868577e-17,5.647338890803524,True
2017-06-06,8.76098073635649,0.6372894021261235,2.439810032597947,0.7378905282474294,-1.4022084891512315e-17,5.583280175511113,True
2017-06-07,8.829056901777463,0.6392856364389008,2.446849061369212,0.7379185798001765,-1.4022617953313355e-17,5.644289260608075,True
2017-06-08,8.846219836817358,0.6397694358122231,2.44873169108966,0.7379470716561589,-1.4023159382167648e-17,5.659541074071538,True
2017-06-09,8.404509411552269,0.6246975634066216,2.416257295915303,0.7379755646122436,-1.402370083192711e-17,5.250276551024721,True
2017-06-12,8.302745641423616,0.6209036559545125,2.4095362545407624,0.7380042636625371,-1.4024246198081188e-17,5.155205123220317,True
2017-06-13,8.438934078909382,0.6251614229152561,2.425205283423477,0.7380327588268687,-1.4024787689803818e-17,5.275696036659036,True
2017-06-14,8.361488248251044,0.6225002308727775,2.4183983353134604,0.7380615479612933,-1.402533476782068e-17,5.2050283649762905,True
2017-06-15,8.283666221647632,0.6198788110324068,2.4107067149646664,0.7380903382187226,-1.4025881867177925e-17,5.134869168464244,True
2017-06-16,8.217212943907452,0.6174055812919006,2.4057403871830307,0.7381194224919124,-1.4026434553697217e-17,5.0733531342325096,True
2017-06-19,8.49292714591699,0.626275423239737,2.4358673294747692,0.7381482735888059,-1.4026982809182773e-17,5.318911542853415,True
2017-06-20,8.354712887565336,0.6222140831119821,2.418115742751599,0.7381771258134108,-1.4027531086098158e-17,5.198420019000326,True
2017-06-21,8.517411373302295,0.6280565239530849,2.42978937960114,0.738206213506445,-1.4028083837604526e-17,5.34941578019471,True
2017-06-22,8.510443883743314,0.6278538901104673,2.428894014769303,0.7382345699989371,-1.4028622694155366e-17,5.343315298975074,True
2017-06-23,8.576572173092877,0.6300075231716521,2.4350052787638545,0.7382619022558647,-1.4029142087225537e-17,5.403304992073157,True
2017-06-26,8.500028311338653,0.6272475097248341,2.4301174849361598,0.7382892355247367,-1.402966149952562e-17,5.331621590877757,True
2017-06-27,8.174879327534445,0.6163117453515253,2.3982886113379966,0.7383165698055905,-1.4030180931056324e-17,5.038274146390857,True
2017-06-28,8.414423277184184,0.6239011163235436,2.426309626230477,0.7383455750996836,-1.4030732116741067e-17,5.249768075854023,True
2017-06-29,8.11531543394792,0.6139438099606658,2.3945933223610676,0.7383744350362723,-1.403128054020677e-17,4.98234767655058,True
2017-06-30,8.100727542092471,0.6129157112659237,2.3972605353479812,0.7384038235114244,-1.4031839007455827e-17,4.965063183233065,True
2017-07-03,7.954926645730179,0.6071492454635342,2.38666601491991,0.7384329201374272,-1.4032391928714806e-17,4.829827710672841,True
2017-07-05,8.107234473922848,0.6127373736463405,2.401166691805208,0.7384622230310834,-1.4032948769664357e-17,4.967605559086556,True
2017-07-06,7.954291718120622,0.6080284993358932,2.3793635483036932,0.7384921131681234,-1.403351676996108e-17,4.836436056648806,True
2017-07-07,8.119762649779307,0.6134823826111401,2.399909660302629,0.7385216528531251,-1.4034078110640907e-17,4.981331336623554,True
2017-07-10,8.233143208399273,0.6176928619772369,2.40903822321496,0.7385511937197143,-1.4034639473774362e-17,5.085553791464598,True
2017-07-11,8.277356264922858,0.6194301305931124,2.411531510470241,0.7385808823057338,-1.4035203644010377e-17,5.127243872146883,True
2017-07-12,8.483270899990003,0.6259094708624093,2.434900141534854,0.7386111582599318,-1.403577897596503e-17,5.3097596001952185,True
2017-07-13,8.523108797535928,0.627099762612868,2.4396281515216836,0.7386411423558171,-1.4036348761755473e-17,5.344839503658427,True
2017-07-14,8.66400556736835,0.6313955497666386,2.4549201744209643,0.738670834557629,-1.4036913000702152e-17,5.4704145583897565,True
2017-07-17,8.667541551431851,0.6314900941361494,2.4553745397976776,0.7387003813914865,-1.403747447723121e-17,5.473466630242687,True
2017-07-18,8.785220296257998,0.6354152812249275,2.4642267899200117,0.7387302811682694,-1.403804266071133e-17,5.582263225169717,True
2017-07-19,8.901342321234958,0.6386063023105085,2.478128247422467,0.7387607684485962,-1.4038622008482424e-17,5.6844533053638955,True
2017-07-20,8.92491355643011,0.6393122100718296,2.4803147697637207,0.7387925762050227,-1.4039226449173487e-17,5.705806210461366,True
2017-07-21,8.91468448851591,0.6390764116841364,2.478694708087426,0.7388252062115062,-1.4039846515027983e-17,5.697164574216979,True
2017-07-24,8.99431735317914,0.6416706809674153,2.484069041707677,0.7388585706199635,-1.4040480536674602e-17,5.771389740851499,True
2017-07-25,8.955557488889085,0.6401332935784143,2.483914689324187,0.7388922883714952,-1.4041121272876286e-17,5.732750511193403,True
2017-07-26,9.011032101344895,0.641890931451966,2.488006510054283,0.7389258024147707,-1.4041758138023453e-17,5.784099788875841,True
2017-07-27,8.898887373397987,0.6383823639933374,2.4790367045566466,0.7389579105010717,-1.404236828586325e-17,5.680892758340267,True
2017-07-28,8.878129581030123,0.6378134777809764,2.476549355286266,0.7389895214768721,-1.4042968987145092e-17,5.662590704266986,True
2017-07-31,8.798489799440434,0.6352083300884891,2.4705953859561762,0.7390204006810935,-1.404355578262003e-17,5.5888740128031635,True
2017-08-01,8.84072347503852,0.6363140885476541,2.47619529374191,0.7390512811756246,-1.4044142602614634e-17,5.625476900120985,True
2017-08-02,8.885900809563964,0.637713523647245,2.480159383919483,0.7390823095975383,-1.4044732233663506e-17,5.666659116046942,True
2017-08-03,8.819725191998927,0.6358115007813628,2.472929376502522,0.739113104692373,-1.4045317430813334e-17,5.607682710804031,True
2017-08-04,8.846113553883232,0.6363862816829551,2.4774241062723985,0.739144135709893,-1.404590711118634e-17,5.629545311900941,True
2017-08-07,8.955942824391704,0.6397085296969569,2.4875747867752946,0.7391750213747804,-1.4046494029432887e-17,5.729193016241628,True
2017-08-08,8.929408653529372,0.6392182218362792,2.4823626102868794,0.7392053216839647,-1.404706982420373e-17,5.7078407215585285,True
2017-08-09,8.905383723144583,0.638430619279741,2.48067854261969,0.739235535233972,-1.4047643970295676e-17,5.6854696452909215,True
2017-08-10,8.492211451182829,0.6260287543646912,2.4365772912519557,0.7392656033453209,-1.4048215352626417e-17,5.316368556585553,True
2017-08-11,8.624793277014742,0.6304937494676934,2.4476195580769464,0.739295467329017,-1.4048782855932874e-17,5.43787825160878,True
2017-08-14,8.864210134391005,0.6373238794924443,2.4755121570710354,0.7393251858336545,-1.4049347594710408e-17,5.649372791486316,True
2017-08-15,8.875117008911632,0.6376863615869753,2.476221322689895,0.7393546121501983,-1.4049906781056927e-17,5.659541074071538,True
2017-08-16,8.908942771012503,0.6385750944541368,2.480529613191535,0.7393841863351599,-1.4050468777337208e-17,5.689028971485809,True
2017-08-17,8.514493523669127,0.627077306656468,2.4358347704344903,0.7394130868682598,-1.4051017972255726e-17,5.339245666366376,True
2017-08-18,8.492947526114387,0.6264535312394266,2.4330687746112516,0.7394417831376259,-1.4051563285564025e-17,5.3204369683655095,True
2017-08-21,8.4827177340386,0.6260701000118977,2.432471019966677,0.7394707739496797,-1.4052114196047532e-17,5.310775940122244,True
2017-08-22,8.75041033291315,0.6339340797358657,2.4637279202221416,0.7394990909845,-1.4052652302786843e-17,5.547183321706508,True
2017-08-23,8.67961158486478,0.6319591233195818,2.4549235674784944,0.739528289460653,-1.405320715949749e-17,5.485159727925632,True
2017-08-24,8.627410128420612,0.6304792499417521,2.4484500128194178,0.7395570488946918,-1.4053753673119888e-17,5.439403066706503,True
2017-08-25,8.591113009505785,0.6288822347194771,2.44872832365783,0.7395863377023838,-1.4054310246394792e-17,5.402798348145571,True
2017-08-28,8.642269147610467,0.6306307223009489,2.4525731731102747,0.7396155396233973,-1.4054865168567894e-17,5.450080434876794,True
2017-08-29,8.715631429529758,0.6330221285910417,2.4587988337984736,0.7396450361953734,-1.4055425689973744e-17,5.517187559535911,True
2017-08-30,8.927090289944777,0.6394408434612893,2.479069464588876,0.7396746806985283,-1.4055989022506e-17,5.708346144657374,True
2017-08-31,9.110040417359507,0.6444018763727851,2.4998093044163174,0.7397039741648133,-1.405654568430784e-17,5.870527138778376,True
2017-09-01,9.10606091356006,0.6442369784634332,2.4998670631807816,0.7397326817233767,-1.4057091212144008e-17,5.866461168655904,True
2017-09-05,8.928801197945457,0.6394324848413014,2.479674065410984,0.7397615958782211,-1.4057640665915636e-17,5.709365536656253,True
2017-09-06,8.986148297646462,0.6408396692885392,2.487677541953923,0.7397904524510103,-1.405818902545928e-17,5.758680303241528,True
2017-09-07,9.024529292167564,0.6420576501967741,2.4904402959348375,0.739820924771664,-1.4058768088952696e-17,5.7942680714610635,True
2017-09-08,8.8694511879447,0.6371767997430977,2.47819170655417,0.7398509579783089,-1.4059338807991658e-17,5.65140852341222,True
2017-09-11,9.076934128029093,0.6424395939593818,2.505671348095979,0.739880904326048,-1.4059907876456576e-17,5.8313818756070654,True
2017-09-12,9.133506206806185,0.6438595078160675,2.512900543971055,0.7399108518859012,-1.406047696795522e-17,5.880694810949228,True
2017-09-13,9.160261473214552,0.6446430142128518,2.5152221642080748,0.73994074193559,-1.4061044966592015e-17,5.905098567070887,True
2017-09-14,9.052858160685696,0.6412841582372364,2.5074330022765308,0.7399706331927419,-1.4061612988174153e-17,5.805454525216423,True
2017-09-15,9.10565437266101,0.6427023754262297,2.513427858245278,0.7400008192962659,-1.406218661270239e-17,5.852225695119467,True
2017-09-18,9.092475278543132,0.6420684427032262,2.5144533580723794,0.7400304780589815,-1.4062750216208133e-17,5.837991442411771,True
2017-09-19,9.120834914695154,0.6428033977742578,2.5178713966432333,0.7400598443477933,-1.4063308261851633e-17,5.862903673704127,True
2017-09-20,9.068624397657997,0.6411221036509076,2.5144391061952533,0.7400897404163046,-1.4063876374863714e-17,5.81409555104644,True
2017-09-21,8.945739235994186,0.63742601185186,2.5033726552986613,0.740119696429047,-1.406444562699205e-17,5.702246884266478,True
2017-09-22,8.93057161853096,0.6369146639327959,2.502410296169168,0.7401493012173802,-1.4065008204826177e-17,5.688012021144412,True
2017-09-25,8.736414333075736,0.6306433558153473,2.4866739199365298,0.740178760335025,-1.406556801448985e-17,5.509561652804181,True
2017-09-26,8.778036411816963,0.6319389737594285,2.49064501634599,0.7402080737644644,-1.406612505565019e-17,5.547183321706508,True
2017-09-27,8.944625066486736,0.6369937884906921,2.5067157486028613,0.7402387101536798,-1.4066707236927634e-17,5.697670607730195,True
2017-09-28,8.936066794361379,0.6365229974258388,2.5077855722786846,0.7402692009382815,-1.4067286651290235e-17,5.688012021144412,True
2017-09-29,9.070026069290872,0.6404064884293801,2.5212230663211312,0.7402994579722413,-1.406786162370485e-17,5.8085035449975,True
2017-10-02,9.09292005763654,0.6405831186299477,2.5278193121731927,0.7403296574897285,-1.4068435503137745e-17,5.824771087973619,True
2017-10-03,9.134951876897752,0.6416429015008481,2.53321543196729,0.7403594175671694,-1.406900103192051e-17,5.861377027363292,True
2017-10-04,9.152951789111656,0.6420473270058318,2.5359337335141463,0.7403898251851246,-1.406957886587283e-17,5.8766282304123845,True
2017-10-05,9.34221060090976,0.6471623820940225,2.55586286530414,0.7404204690968292,-1.407016119009964e-17,6.045927266508791,True
2017-10-06,9.364380476565962,0.6479647705431651,2.556140715512151,0.7404511142768513,-1.40707435384282e-17,6.067788646776959,True
2017-10-09,9.345577583768186,0.647636465382922,2.5525589897294476,0.7404817607252433,-1.407132591085951e-17,6.052536833313496,True
2017-10-10,9.362636580165677,0.6478138512134548,2.5568784524468846,0.740512467209695,-1.4071909424152088e-17,6.065245660509097,True
2017-10-11,9.42136231532798,0.6493882073273587,2.5626972619742454,0.7405434688213641,-1.4072498545727658e-17,6.118121584532371,True
2017-10-12,9.384099704870358,0.6484450646806654,2.5584517110182383,0.7405748537576472,-1.4073094951595504e-17,6.085073140094473,True
2017-10-13,9.458749684131515,0.6505300471059231,2.5649430073441977,0.7406057992061087,-1.4073683005905354e-17,6.1532008775812095,True
2017-10-16,9.528449558562619,0.652440931662586,2.571062393494393,0.7406366577796742,-1.4074269409337302e-17,6.216750507288551,True
2017-10-17,9.55288862668716,0.6530601916276954,2.5736096849542207,0.7406676645905912,-1.4074858629713833e-17,6.238611277142348,True
2017-10-18,9.528731437098987,0.6522082459816071,2.573315018330719,0.7406992017481387,-1.40754579282323e-17,6.214717217020128,True
2017-10-19,9.455725779717033,0.6499851791346035,2.5689135716554374,0.7407305932845314,-1.4076054459521593e-17,6.1460816147770645,True
2017-10-20,9.51059129567245,0.6509398800172271,2.5790062408025403,0.740761897972001,-1.4076649340426548e-17,6.190823156897909,True
2017-10-23,9.38178891910832,0.6475754066437535,2.56557964683557,0.7407934979353201,-1.4077249832438938e-17,6.075415774337431,True
2017-10-24,9.4172551263391,0.6484295013005323,2.5700041288831983,0.7408249522639568,-1.4077847556965093e-17,6.106426045191944,True
2017-10-25,9.331838551083756,0.6464106976478393,2.5587810518737966,0.7408572310669063,-1.4078460948922064e-17,6.032200268143052,True
2017-10-26,9.273520618256782,0.6444451433658547,2.556356223631324,0.7408890702867581,-1.4079065987510513e-17,5.976275324338701,True
2017-10-27,9.836240852671022,0.6599358566116383,2.604031997048434,0.7409208226767464,-1.407966937607681e-17,6.4912880329458424,True
2017-10-30,9.880615212718642,0.6616545264645761,2.602109062354999,0.7409523706136041,-1.4080268879433795e-17,6.53755377975004,True
2017-10-31,9.956706798735034,0.6635421669674261,2.60902801494084,0.7409839787022446,-1.4080869525851128e-17,6.606694805091949,True
2017-11-01,9.949395339601717,0.6631613444300456,2.6103239503887568,0.7410169995366558,-1.4081497018582876e-17,6.598054389676304,True
2017-11-02,9.91389246356514,0.6621515540375507,2.608342699330604,0.7410504629237175,-1.4082132921113365e-17,6.5644993013108195,True
2017-11-03,10.113847128793976,0.6671569600176921,2.62523969644218,0.7410839278219432,-1.4082768852360406e-17,6.747523504529853,True
2017-11-06,10.188999341999068,0.6689721970472209,2.6317243781572195,0.7411176883120446,-1.4083410400720304e-17,6.816157275529805,True
2017-11-07,10.200073497405196,0.6693424817177284,2.631579244514608,0.741151744434164,-1.408405756695588e-17,6.827342508456423,True
2017-11-08,10.293058959418245,0.6715936968481754,2.6391187565424046,0.7411866844439071,-1.4084721529649496e-17,6.912753518431932,True
2017-11-09,10.17055729368211,0.6687854947539905,2.6274142701144925,0.7412218319886209,-1.4085389436116428e-17,6.801921191578997,True
2017-11-10,10.168067607753978,0.6687494010124253,2.626921269109119,0.7412572165055423,-1.4086061845750546e-17,6.799889122139317,True
2017-11-13,10.191282647129537,0.6692213426135938,2.6297662765932523,0.7412925144696357,-1.4086732610626998e-17,6.820223856066649,True
2017-11-14,10.114845316478533,0.6674932225094692,2.62192724813151,0.7413273728659544,-1.4087395022426106e-17,6.751590695481068,True
2017-11-15,10.003023656514449,0.6650440601506208,2.609208339323551,0.7413638508798204,-1.4088088211710318e-17,6.652451466311078,True
2017-11-16,10.279941154439314,0.671362803839401,2.6369710011939747,0.7414000364969124,-1.408877584459798e-17,6.9015701167484265,True
2017-11-17,10.193790167254132,0.6694557711570467,2.6280622859416902,0.7414362238802074,-1.4089463511048675e-17,6.8242916574322345,True
2017-11-20,10.178269111899729,0.6688284190999176,2.6292807653640757,0.7414727072502344,-1.4090156802115663e-17,6.807515639285419,True
2017-11-21,10.415724214581031,0.6741788554997378,2.6521539919784116,0.7415091924154749,-1.409085012729697e-17,7.022061030187145,True
2017-11-22,10.444171705945852,0.6750198771699388,2.6526014063320975,0.7415467975244346,-1.4091564734694685e-17,7.05002350208932,True
2017-11-24,10.53143855635295,0.6769572829672464,2.6605205035115658,0.7415840219961911,-1.4092272108868806e-17,7.129334030845192,True
2017-11-27,10.51852051831078,0.6766768862543951,2.6592602933384506,0.7416205126388239,-1.4092965538136637e-17,7.117639712333505,True
2017-11-28,10.587817099245386,0.6771940319296533,2.6761540436950213,0.7416565047786546,-1.4093649494388703e-17,7.17000655077171,True
2017-11-29,10.195120024034065,0.6671245195365721,2.6520117416251123,0.7416937347575411,-1.409435697321445e-17,6.801414547651411,True
2017-11-30,10.386673001047578,0.6710718520786568,2.674738352719025,0.741730760580174,-1.4095060572472417e-17,6.9702038877483785,True
2017-12-01,10.285208016985894,0.66864636667373,2.6662738463682434,0.741767199576514,-1.4095753020309167e-17,6.877166971041138,True
2017-12-04,10.03084577577092,0.6619323601131171,2.6493008054274294,0.7418035520567556,-1.409644382408622e-17,6.639741418286736,True
2017-12-05,10.036644773846469,0.6625123610061698,2.645403347460443,0.7418402006847655,-1.409714025553972e-17,6.64940122570126,True
2017-12-06,10.130861067027425,0.6650328315993272,2.651627875311846,0.7418779697709488,-1.4097857978985764e-17,6.737355221944631,True
2017-12-07,10.206170839822878,0.666651226975602,2.6602993747437664,0.7419151519885803,-1.4098564550207542e-17,6.803956313090532,True
2017-12-08,10.309321876924756,0.6687098242476751,2.6734248087477916,0.7419522477458989,-1.4099269478429716e-17,6.893944820431066,True
2017-12-11,10.481868284136683,0.6727862439399628,2.6878223525178835,0.7419891392610574,-1.4099970525451633e-17,7.0520567923577415,True
2017-12-12,10.456030478394757,0.6719204167297557,2.688383794962328,0.7420263270503978,-1.410067720255223e-17,7.025620356382031,True
2017-12-13,10.493588171531563,0.6728585832456093,2.6908224006324266,0.7420649006395239,-1.410141021391447e-17,7.060700870259612,True
2017-12-14,10.477008314816125,0.6729526153039658,2.684375782103349,0.7421023866958703,-1.410212255896325e-17,7.050530146016906,True
2017-12-15,10.732755273528891,0.6782807518982309,2.710793787529361,0.7421401691306507,-1.41028405360718e-17,7.279821316868879,True
2017-12-18,10.939842530724626,0.6825429790299311,2.7307518072972075,0.742178012388292,-1.410355966899315e-17,7.466912711039127,True
2017-12-19,10.805040098006664,0.6798128827886977,2.717417899209721,0.7422167411235602,-1.410429562858727e-17,7.345405457673383,True
2017-12-20,10.772398234735071,0.6790410501471416,2.7152410337222057,0.7422565910951477,-1.4105052894960986e-17,7.314900609917717,True
2017-12-21,10.771848269825348,0.6787453472231042,2.7182100208463464,0.7422963548418016,-1.410580852280799e-17,7.3113418941372,True
2017-12-22,10.745576041403258,0.6781338404151589,2.716302055939983,0.7423352370333621,-1.4106547398521878e-17,7.286938748429912,True
2017-12-26,10.618704066982032,0.6751284285534722,2.707341603777115,0.7423734731889727,-1.410727399765735e-17,7.168988990015944,True
2017-12-27,10.619573413909677,0.6750731607190449,2.708172565283501,0.7424118586102323,-1.4108003433278074e-17,7.168988990015944,True
2017-12-28,10.64336455792101,0.6753793469843429,2.712602613676451,0.7424533393995679,-1.4108791689973567e-17,7.188308604844991,True
2017-12-29,10.494152242319483,0.6720471072139952,2.6990938822709833,0.7424937029344297,-1.410955871555621e-17,7.052564657114069,True
2018-01-02,10.889489133339477,0.6808903726767012,2.7324071923775306,0.7425336267035423,-1.411031738429941e-17,7.414548314258404,True
2018-01-03,11.12853222907025,0.6857719152081275,2.7543231385567033,0.7425742303286684,-1.411108897230146e-17,7.631634860184879,True
2018-01-04,11.181527929710832,0.6865229725442249,2.762537537383704,0.7426146004357753,-1.4111856122776037e-17,7.6763757918913536,True
2018-01-05,11.436477521811796,0.6914898492726839,2.7856144313061133,0.7426549727376063,-1.411262331495681e-17,7.908208117768075,True
2018-01-08,11.532436698242238,0.6933626520058395,2.7935804578252514,0.7426953472342807,-1.4113390548846048e-17,7.996160893182705,True
2018-01-09,11.541824831800241,0.6933272243358233,2.7968274387518868,0.7427360186460126,-1.4114163424992483e-17,8.002261374402341,True
2018-01-10,11.479517528777214,0.692130141423922,2.791419714244441,0.7427777238618083,-1.4114955946449147e-17,7.945320090670965,True
2018-01-11,11.65842559557512,0.6951583117425831,2.811155299064783,0.742818841913817,-1.4115737310071213e-17,8.10445145459652,True
2018-01-12,11.849799350997351,0.6984330105645816,2.8306481176360583,0.7428601980579869,-1.4116523198142865e-17,8.276291035303306,True
2018-01-16,11.776899167526455,0.6973169756128064,2.8217656950761305,0.7429017628537989,-1.4117313051207873e-17,8.212231709596525,True
2018-01-17,12.064390584183073,0.7021497594520445,2.850438749791166,0.7429428877722518,-1.411809454531252e-17,8.471008946619655,True
2018-01-18,12.070429941668323,0.7024724040413515,2.848301398127955,0.7429846046039128,-1.4118887287504706e-17,8.479143938936456,True
2018-01-19,12.162759386318472,0.7038277150476083,2.8592462098289633,0.7430260289431275,-1.4119674471482285e-17,8.56048714754638,True
2018-01-22,12.457143799349502,0.7086622249719572,2.886169161084511,0.743067396622353,-1.4120460578753836e-17,8.827907241642638,True
2018-01-23,12.695876663475513,0.7129562467507992,2.9011637049970003,0.7431083832759513,-1.4121239445420603e-17,9.05160457520256,True
2018-01-24,12.502408303769634,0.7093090932039864,2.891186356532586,0.7431500504242194,-1.412203124348256e-17,8.868071896812829,True
2018-01-25,12.49136195691759,0.7090408623190192,2.8912842720077885,0.7431916314379612,-1.4122821404735812e-17,8.85688605347184,True
2018-01-26,12.92583507836947,0.7158087631253877,2.930176345139064,0.743232713420007,-1.412360208292276e-17,9.252426019810398,True
2018-01-29,12.786522740199592,0.714025241292273,2.913349105133137,0.7432736502063058,-1.4124380001964534e-17,9.129899984860149,True
2018-01-30,12.526276977553813,0.7102305082872118,2.8864187070271488,0.7433142058122197,-1.4125150677460673e-17,8.896544064714444,True
2018-01-31,12.642838220902915,0.7123683347535283,2.8931243724606874,0.7433562384593563,-1.4125949421073446e-17,9.00635760998287,True
2018-02-01,12.403719179703835,0.7079437000862933,2.8791859078184645,0.7433984209745153,-1.4126751012618334e-17,8.781134850910854,True
2018-02-02,11.807344273717096,0.698274757380258,2.819132531300133,0.7434412843819795,-1.4127565543114653e-17,8.244770458034983,True
2018-02-05,10.741129740865869,0.6789824529805251,2.7046070598718126,0.7434840617588765,-1.4128378438777792e-17,7.293038619235179,True
2018-02-06,11.365945894265206,0.6911289300568811,2.767084791656474,0.7435270776208178,-1.4129195866356454e-17,7.855334024987913,True
2018-02-07,11.029946666437251,0.684019373078757,2.741678481443226,0.7435709811254899,-1.4130030161751203e-17,7.544697203868535,True
2018-02-08,9.985779667226563,0.6619158319514494,2.6324183272061337,0.7436156839042901,-1.4130879645699333e-17,6.6097456561161385,True
2018-02-09,10.339468734040356,0.6693659692555843,2.6749198339210434,0.7436603893705789,-1.413172918071763e-17,6.920888510748733,True
2018-02-12,10.770287959059605,0.6785602994149086,2.7182927441477682,0.7437053926275653,-1.4132584374632854e-17,7.30828982228427,True
2018-02-13,10.869701585402218,0.6805395651001263,2.72868890197557,0.7437506937288691,-1.413344522846394e-17,7.397261989697778,True
2018-02-14,11.346865221371523,0.6900954951080606,2.7726476179255144,0.7437970305791932,-1.413432576456513e-17,7.830420572866815,True
2018-02-15,11.799602215835332,0.698301989813704,2.816073729509013,0.7438427799983175,-1.4135195137750096e-17,8.239685706328002,True
2018-02-16,11.701751706285805,0.6962773372431713,2.8101983597455686,0.7438888274068189,-1.413607017360748e-17,8.147664519133416,True
2018-02-20,11.7364822835059,0.6976823404874225,2.8042106819972448,0.7439351728630906,-1.4136950873246926e-17,8.188336428645565,True
2018-02-21,11.651850270923699,0.6964232236159764,2.7932495343887584,0.7439816097675692,-1.4137833310670594e-17,8.114619126767371,True
2018-02-22,11.655064231268017,0.6963621136398351,2.794889985693187,0.7440290828809941,-1.413873543910432e-17,8.116145162693837,True
2018-02-23,12.189453704251477,0.7054980708614124,2.8457411605994167,0.7440764704481455,-1.413963594190787e-17,8.599636073203914,True
2018-02-26,12.570096349445555,0.7115968256300694,2.881131828282541,0.7441238610334336,-1.4140536502064872e-17,8.94484066012958,True
2018-02-27,12.214025135790987,0.7061183342741665,2.84530670889961,0.7441713432238444,-1.4141438802987957e-17,8.624547083667531,True
2018-02-28,12.01716543680395,0.7032590922595771,2.8217649544149936,0.7442196257690458,-1.414235631300018e-17,8.45118085661991,True
2018-03-01,11.5669413331456,0.6954699344072539,2.7782139934951506,0.7442674093951253,-1.4143264342085338e-17,8.044459930255325,True
2018-03-02,11.808056679675403,0.6999979007713378,2.798127422588134,0.7443143691255134,-1.414415671473518e-17,8.265614887961755,True
2018-03-05,12.09906864318323,0.7045914732419195,2.8298062681649636,0.7443617748626817,-1.4145057562822357e-17,8.524900600155584,True
2018-03-06,12.216470346868016,0.7066428534968086,2.8393791069161605,0.7444097743818942,-1.4145969694510435e-17,8.632681465569961,True
2018-03-07,12.283850245172315,0.7080229628358429,2.842143890835839,0.7444583087177783,-1.4146891989284345e-17,8.697248045618698,True
2018-03-08,12.428242741817185,0.710228444640064,2.8568441766761046,0.7445070530110971,-1.4147818273865496e-17,8.826891512129983,True
2018-03-09,12.994895268023452,0.7188120001987615,2.9094532507046256,0.744555357337469,-1.4148736197783863e-17,9.340886659981358,True
2018-03-12,13.140656730776477,0.7214781865539921,2.915355877729483,0.7446036647978717,-1.4149654181258008e-17,9.480697188249124,True
2018-03-13,12.767250432637155,0.7156206717368283,2.8860898900259397,0.7446522117751032,-1.4150576716254605e-17,9.136508330836113,True
2018-03-14,12.728630452019747,0.7153554856233006,2.87843268294114,0.7447021507544884,-1.415152570337604e-17,9.105495618324118,True
2018-03-15,12.68518326399011,0.7145993013857547,2.8756072450628047,0.7447529205297058,-1.415249047805571e-17,9.0648230983976,True
2018-03-16,12.622526958099092,0.713393680483621,2.8728918573860374,0.7448041370710196,-1.4153463742601953e-17,9.004830963642036,True
2018-03-19,12.007151682912285,0.7028718044231762,2.8228078086480064,0.7448555049129446,-1.41544398823037e-17,8.439488369351334,True
2018-03-20,12.076274119034306,0.703984830964996,2.829853743938663,0.7449065807203207,-1.4155410472492235e-17,8.501513794375322,True
2018-03-21,11.944414503068508,0.7014558379652639,2.8209766719913945,0.7449585468227407,-1.415639798089859e-17,8.378479284254372,True
2018-03-22,11.262276121413858,0.6895908415193244,2.7509045558426797,0.7450090975824027,-1.415735859364015e-17,7.766362467988776,True
2018-03-23,10.56939335691354,0.6754400906412402,2.6853424963507333,0.7450588535462036,-1.4158304102928544e-17,7.138992007016604,True
2018-03-26,11.459347176158863,0.6930822793290866,2.7719679550213567,0.7451087606619887,-1.4159252484548095e-17,7.942270460475517,True
2018-03-27,10.629380222592912,0.675550345072977,2.703539571532559,0.7451591737758342,-1.416021048161531e-17,7.180681477284518,True
2018-03-28,10.362294381180657,0.6690689550163181,2.6839944897375303,0.7452104182551198,-1.4161184277064984e-17,6.933089473188007,True
2018-03-29,10.78791717271525,0.6782528651531743,2.7257208987571477,0.7452605425288512,-1.416213678532262e-17,7.3169357314292505,True
2018-04-02,10.069488602676548,0.6621185720639299,2.656983256832895,0.7453099308254401,-1.4163075307855307e-17,6.667195415018213,True
2018-04-03,10.32521272277885,0.66738506349374,2.688960267320111,0.7453597068806036,-1.4164021198938536e-17,6.8908927485781355,True
2018-04-04,10.686737303743893,0.6753023618326648,2.724547988644637,0.7454103735957607,-1.4164984015174698e-17,7.216778941503494,True
2018-04-05,10.818672444716672,0.6775464995050867,2.7430590878439127,0.7454597126628385,-1.4165921602202243e-17,7.33015364420992,True
2018-04-06,10.206795435303556,0.6645682806688284,2.6781736796584936,0.7455092620669324,-1.4166863186250188e-17,6.78311249357813,True
2018-04-09,10.35859132915111,0.6679339883801858,2.6941771459879487,0.7455589626828517,-1.416780764376645e-17,6.918855220480311,True
2018-04-10,10.866834891382208,0.6787541320287906,2.7453172880979797,0.745608518683921,-1.416874935317628e-17,7.375909084600308,True
2018-04-11,10.727720206765706,0.6759925413037092,2.730202692064358,0.7456586697346463,-1.416970237027536e-17,7.251858844966703,True
2018-04-12,11.009640293216199,0.6817716306765194,2.7578711123716757,0.745708764976602,-1.4170654326844082e-17,7.506060415867921,True
2018-04-13,10.88716597672521,0.6792144852463536,2.746685923366203,0.7457592186859785,-1.4171613095345486e-17,7.394720834673029,True
2018-04-16,11.072173454634598,0.6826047478110505,2.7684452253871545,0.7458100605263849,-1.4172579239475174e-17,7.5579181687210575,True
2018-04-17,11.600320543383269,0.6932058704745563,2.8130494854685253,0.7458607578548683,-1.417354263745435e-17,8.041410300059876,True
2018-04-18,11.66021695626471,0.6944411638155142,2.816969621085917,0.7459127017289349,-1.4174529723456778e-17,8.097334633449858,True
2018-04-19,11.419368822374782,0.6898099989035613,2.7962089343173178,0.7459650932157537,-1.4175525315414722e-17,7.877194794841711,True
2018-04-20,11.007695038346808,0.6812916621452406,2.762226316077541,0.7460178732060517,-1.417652829007858e-17,7.499450849063216,True
2018-04-23,10.945078282548648,0.6798012132773511,2.758530662595854,0.7460701240606364,-1.4177521209611483e-17,7.440477495892157,True
2018-04-24,10.422992633068857,0.668343301434387,2.7107324143750393,0.7461229114822836,-1.4178524325492776e-17,6.966137307211534,True
2018-04-25,10.45547530724864,0.668892660353765,2.7157077267601957,0.7461768869598026,-1.41795500179212e-17,6.993590693528642,True
2018-04-26,10.931586940747112,0.6794309373873154,2.7580979490008914,0.7462306294634743,-1.418057128316302e-17,7.427258362282746,True
2018-04-27,10.951070030222343,0.6798004975819802,2.7602436871566765,0.7462834874654062,-1.4181575740276796e-17,7.44454285560026,True
2018-04-30,10.772094683830959,0.67636989750898,2.739838201575677,0.7463359049955086,-1.4182571827133534e-17,7.285920577259774,True
2018-05-01,11.027159710855669,0.6822098565438627,2.7579345475338686,0.7463881188926931,-1.4183564044367403e-17,7.5228370444291075,True
2018-05-02,10.878651530502614,0.6794657576586675,2.7405385975112098,0.7464417285138234,-1.418458278445108e-17,7.39167120447758,True
2018-05-03,10.87602165655721,0.6796766392928598,2.7373492066834397,0.7464946014686044,-1.4185587525712858e-17,7.392177848405167,True
2018-05-04,11.335638514201367,0.6888057111991599,2.7810383984927265,0.7465475670375795,-1.418659402691604e-17,7.808052548671061,True
2018-05-07,11.537517359211222,0.6928370184736241,2.7972975469786747,0.7466006844889638,-1.4187603414330594e-17,7.993619127743584,True
2018-05-08,11.509703158708703,0.6922143839413629,2.795867271635503,0.7466538057196969,-1.418861287356386e-17,7.967182081353504,True
2018-05-09,11.805417426309862,0.6974843330764694,2.8246155508761026,0.746708175154696,-1.4189646052340218e-17,8.234093700279065,True
2018-05-10,12.089550189395183,0.7022864546331576,2.852460003913996,0.7467628448612247,-1.4190684937156588e-17,8.490327340619963,True
2018-05-11,12.067192243936786,0.7014811974718683,2.8554662599664105,0.7468175185703569,-1.4191723898034168e-17,8.464908465400018,True
2018-05-14,12.107991366237531,0.702224610730795,2.8585892015333556,0.7468726408161991,-1.4192771382425174e-17,8.502529523887977,True
2018-05-15,11.80732783148665,0.6968116961683821,2.8329160790705776,0.7469276189417133,-1.4193816128107123e-17,8.227484133474357,True
2018-05-16,11.974209623381816,0.6997529384718593,2.848238059629014,0.7469831939133608,-1.4194872215616655e-17,8.37898836983944,True
2018-05-17,11.873021665135681,0.6977520677429896,2.841557771331514,0.7470384765984311,-1.4195922748823698e-17,8.284425417205735,True
2018-05-18,11.729487128330687,0.6949776243823199,2.8306623245735723,0.7470937040868543,-1.4196972233132508e-17,8.151731099670261,True
2018-05-21,11.89048168809569,0.6975398846056834,2.8492477649903494,0.7471486984850817,-1.4198017288043747e-17,8.29408522462026,True
2018-05-22,11.841500593685584,0.6967757391525177,2.8434263307232825,0.7472039341220517,-1.4199066927198852e-17,8.25087032884025,True
2018-05-23,12.064901013665688,0.7010665805724188,2.8593420517002173,0.7472600633701582,-1.4200133547587264e-17,8.458298898595313,True
2018-05-24,12.05448842400139,0.7010816684508133,2.8559919636098163,0.7473156037716635,-1.420118897816267e-17,8.45118085661991,True
2018-05-25,12.073925633418746,0.7017215965519197,2.854020498506058,0.7473707627809375,-1.4202237161166738e-17,8.47253437213175,True
2018-05-29,11.942972278071961,0.7003486423969666,2.831302138680268,0.7474257182593872,-1.4203281476488017e-17,8.364244421132305,True
2018-05-30,12.150506565078155,0.7030730886242041,2.860332093818276,0.7474802922017105,-1.4204318541503527e-17,8.542694179058168,True
2018-05-31,12.122575737389955,0.7031833440744474,2.850646394295076,0.7475359972812516,-1.4205377101444755e-17,8.524393345813628,True
2018-06-01,12.555553558751575,0.7105179351789583,2.8870160999599324,0.7475914691986516,-1.420643123062124e-17,8.92094598959299,True
2018-06-04,12.80428412501853,0.7145831937405202,2.9069109955012182,0.7476468859005276,-1.4207484310540777e-17,9.149726243616783,True
2018-06-05,12.904464497320536,0.7163637374490588,2.9124718625372337,0.7477022177040726,-1.4208535777142946e-17,9.24429041707923,True
2018-06-06,13.077710783654176,0.7185363354802154,2.933141719607494,0.7477586810897137,-1.420960874712482e-17,9.396810382956968,True
2018-06-07,12.847579007835188,0.7144307624232281,2.9210582822551108,0.7478150597197233,-1.421068010650104e-17,9.178705665860354,True
2018-06-08,12.845936637088931,0.7140472551119268,2.925459844560928,0.7478709974729154,-1.4211743087924263e-17,9.172605795055087,True
2018-06-11,12.923563418181029,0.7153050685753007,2.9313462100784218,0.747926791023379,-1.4212803329072577e-17,9.24429041707923,True
2018-06-12,13.079640480179382,0.7179637762004777,2.940950177103513,0.7479822325816511,-1.4213856881336562e-17,9.390708070494219,True
2018-06-13,13.064246345935532,0.7179927656315522,2.9361737092396147,0.7480382718857651,-1.4214921792525238e-17,9.380034364810152,True
2018-06-14,13.368076259863933,0.7230096425188534,2.954733698879057,0.7480945231758824,-1.421599073206991e-17,9.665248037808993,True
2018-06-15,13.26500145415159,0.7213839887419161,2.94769137202683,0.7481504224615677,-1.4217052982497646e-17,9.569159659663192,True
2018-06-18,13.239821130662387,0.7211431831547747,2.943807901730091,0.7482064743665744,-1.421811813314025e-17,9.547806754565721,True
2018-06-19,13.144654381065065,0.719866408036294,2.933996864871721,0.7482623820175015,-1.4219180542532123e-17,9.462395134175843,True
2018-06-20,13.355908852456924,0.7233256274492456,2.946918962358764,0.7483187392398227,-1.4220251495099457e-17,9.660671150858338,True
2018-06-21,13.083792716427535,0.7192515347573144,2.9248799209352305,0.7483748037552294,-1.4221316885376658e-17,9.410537991737076,True
2018-06-22,12.98870448389889,0.7172365673437975,2.9242997337591743,0.7484309318650861,-1.4222383484134987e-17,9.31597381827463,True
2018-06-25,12.341083178794275,0.7066756288573484,2.8714539924466713,0.7484864701923145,-1.422343887529305e-17,8.721142716155288,True
2018-06-26,12.446269390287046,0.7084235611007748,2.880497398689649,0.7485415077106802,-1.4224484749613425e-17,8.817230483886718,True
2018-06-27,12.060960712647685,0.7017172057800668,2.848979324909348,0.7485977374360411,-1.4225553279364458e-17,8.463383650302296,True
2018-06-28,12.288842962627916,0.7055840518112351,2.869377767781316,0.7486535852036128,-1.4226614550796893e-17,8.670811609642987,True
2018-06-29,12.334474027197055,0.7061887316481824,2.8752980212457127,0.7487094371376053,-1.4227675901403544e-17,8.710466568813738,True
2018-07-02,12.54246090536648,0.7100434605362002,2.8880032672417335,0.7487652932383294,-1.4228737331190322e-17,8.905692344886418,True
2018-07-03,12.214140625180233,0.7040305054541098,2.8661914279477183,0.7488215991992979,-1.4229807309641562e-17,8.599127598033217,True
2018-07-05,12.559395650134642,0.7098148961245723,2.895670492777472,0.7488790385694442,-1.423089882619242e-17,8.914846118787725,True
2018-07-06,12.995348657582488,0.7168698634983505,2.93043904046307,0.7489357988447882,-1.4231977437949684e-17,9.31597381827463,True
2018-07-09,13.281068169027195,0.7209706342155002,2.956815613320396,0.7489924148239697,-1.4233053307656516e-17,9.575260140882829,True
2018-07-10,13.310407555318147,0.7211001774944702,2.9632209723525165,0.7490493323019783,-1.4234134906725614e-17,9.598137250663653,True
2018-07-11,13.151789456807826,0.7191279558659777,2.944863140165605,0.7491068485882935,-1.4235227884909343e-17,9.457819468053929,True
2018-07-12,13.657282880045772,0.7266843959802296,2.98358459623405,0.7491639233945292,-1.423631247367633e-17,9.924534360417193,True
2018-07-13,13.688738766939114,0.7271313676496544,2.9860061855562123,0.7492212403796205,-1.423740166455209e-17,9.953511341003281,True
2018-07-16,13.616776728156063,0.7260456694016356,2.9810963917194653,0.7492785617499159,-1.423849093875959e-17,9.886401774686682,True
2018-07-17,13.81495768664109,0.728878613104366,2.996194303068402,0.7493361848382302,-1.4239585946494643e-17,10.069427198734457,True
2018-07-18,13.751282288719826,0.727595220034186,2.996520113530872,0.7493949125756476,-1.4240701945803525e-17,10.005367262613307,True
2018-07-19,13.59025215740391,0.725330484638281,2.9833747748699273,0.7494531988477601,-1.4241809555976422e-17,9.857424183686222,True
2018-07-20,13.574544888466976,0.725158497451313,2.981337180792585,0.7495111327682779,-1.4242910470435276e-17,9.843696574906113,True
2018-07-23,13.667531111793398,0.7264740715241288,2.9888555122961193,0.749568625030026,-1.4244002992081746e-17,9.929106974467253,True
2018-07-24,13.807859228251285,0.7282590445701642,3.0025351241064513,0.7496257350192279,-1.4245088249428313e-17,10.055698369125606,True
2018-07-25,14.261127484598948,0.7345233956070059,3.0363116601827325,0.7496840392441975,-1.4246196200758166e-17,10.475131785172017,True
2018-07-26,13.777039732116927,0.7271206479097836,3.0097275360655016,0.7497421397557352,-1.424730028093515e-17,10.01757005629569,True
2018-07-27,13.32868466010527,0.7202258993895854,2.9792207563410336,0.7498000067597492,-1.424839992378411e-17,9.599663897004488,True
2018-07-30,12.886579241387803,0.7128603642996553,2.950389790565632,0.7498578782300857,-1.42494996515063e-17,9.186331572592085,True
2018-07-31,13.08822310931812,0.7158616504611215,2.968950358511171,0.7499157541670892,-1.4250599464108268e-17,9.36935699663986,True
2018-08-01,13.219554465223926,0.7184412940538107,2.9721058235011792,0.7499748249124364,-1.4251721981574142e-17,9.49747381681031,True
2018-08-02,13.626182630598535,0.724761080627031,3.0004220904393155,0.7500336919853449,-1.4252840628666142e-17,9.875726848173874,True
2018-08-03,13.725727663654187,0.7259498049034718,3.0114461673098756,0.7500921767563682,-1.425395201090071e-17,9.964189319587943,True
2018-08-06,13.923195358631322,0.728799191668059,3.025831318564204,0.7501505172601403,-1.4255060651634247e-17,10.147213522806977,True
2018-08-07,14.03290012172458,0.7301663114434411,3.036340100545715,0.7502091004450111,-1.425617390402065e-17,10.246350920733853,True
2018-08-08,14.061613402988314,0.7306278336531942,3.0375383856858806,0.7502688790083613,-1.425730987210521e-17,10.273806138294072,True
2018-08-09,14.049530943192842,0.7306048912510016,3.034546253978834,0.7503286623350189,-1.4258445930706588e-17,10.264656026878988,True
2018-08-10,13.78837340314936,0.7270762193309243,3.012786637357456,0.7503883611069971,-1.4259580382520987e-17,10.025198404684906,True
2018-08-13,13.75214400795025,0.7268843138810704,3.0054783305988284,0.7504479157388311,-1.426071209524976e-17,9.996217761612591,True
2018-08-14,13.955760100517594,0.7295029821267044,3.0244841631461648,0.750507326198969,-1.426184106829333e-17,10.18076861117246,True
2018-08-15,13.55539987524067,0.7237073186511825,2.9946899052062084,0.7505678730794625,-1.4262991636657736e-17,9.810142096955,True
2018-08-16,13.66249418911363,0.7246210741372828,3.011734936757229,0.7506280376464984,-1.42641349399448e-17,9.900131214709903,True
2018-08-17,13.666664240766877,0.7242883570425938,3.017370393463261,0.7506880581058081,-1.4265275504762276e-17,9.89860578919781,True
2018-08-20,13.648780657171486,0.7237845435796282,3.019256691224948,0.7507474875772168,-1.4266404839075767e-17,9.878776478369321,True
2018-08-21,13.760115323345637,0.7253548181544133,3.0283425130254145,0.7508068621710918,-1.4267533130555118e-17,9.98096594814913,True
2018-08-22,13.881067333060521,0.7273849864980819,3.033319865616167,0.7508674928071616,-1.42686852905212e-17,10.096879974637194,True
2018-08-23,13.826606514134829,0.7266099659871803,3.029128296841799,0.750928128339396,-1.4269837543528775e-17,10.046550088953634,True
2018-08-24,14.128967622416223,0.7308150415407552,3.0523168533441916,0.7509887091679351,-1.4270988757005645e-17,10.325662059904097,True
2018-08-27,14.467776992227506,0.735206584968173,3.079922335786792,0.7510497419040236,-1.427214855805178e-17,10.636804914536691,True
2018-08-28,14.518119398877886,0.7359139360487229,3.0829218707859796,0.7511111372383628,-1.427331524952848e-17,10.684086390853544,True
2018-08-29,14.917939278260542,0.7412394413642694,3.109001227233371,0.751173074103234,-1.427449223167406e-17,11.057764976923938,True
2018-08-30,14.846424291700448,0.740597722968488,3.09996119135502,0.7512350756880286,-1.427567044368806e-17,10.995228024657399,True
2018-08-31,14.880566205087735,0.741051111710924,3.102009649364306,0.7512964265551587,-1.4276836290157332e-17,11.02726012916827,True
2018-09-04,14.740139985977484,0.7392122366493722,3.092690445426288,0.7513576929919334,-1.4278000532202148e-17,10.896091847559262,True
2018-09-05,14.282911543532308,0.7325489632608826,3.0685601479404823,0.7514193520303408,-1.4279172234829814e-17,10.462932043561484,True
2018-09-06,13.979425861140136,0.728049768369972,3.0502264288670284,0.7514816721248349,-1.428035649946256e-17,10.177717760148273,True
2018-09-07,13.869987226284163,0.7265365815456399,3.0413904216367627,0.7515436991812112,-1.4281535195511344e-17,10.077053105466188,True
2018-09-10,13.966277269120043,0.7278615038924217,3.0491557222931647,0.751605969946621,-1.4282718522746767e-17,10.165515576880258,True
2018-09-11,14.20884264175633,0.7313224914020273,3.0659283443077023,0.7516680967400269,-1.4283899114091724e-17,10.391246200708602,True
2018-09-12,14.114770631312386,0.7298212917589397,3.061779521912758,0.7517309743740759,-1.4285093973611747e-17,10.30126013502555,True
2018-09-13,14.445276778426297,0.7342400031144645,3.0871829438697915,0.7517937677754805,-1.4286287232464403e-17,10.606300066781026,True
2018-09-14,14.360255315670116,0.7329581767731526,3.0829325530769838,0.7518562084225915,-1.4287473787950556e-17,10.52546655417054,True
2018-09-17,13.886118796613937,0.726022162137573,3.0525698515859956,0.7519189526110988,-1.428866611161378e-17,10.081629992416843,True
2018-09-18,14.146543716772424,0.7295836071637272,3.0734754717607986,0.7519818512294408,-1.428986136989694e-17,10.321086393782185,True
2018-09-19,14.124192585830393,0.7291185278202328,3.073936818602839,0.7520452623974513,-1.4291066368127535e-17,10.298210504830102,True
2018-09-20,14.477046513078683,0.7336822376476368,3.1033861031403074,0.7521085296938885,-1.4292268632376144e-17,10.621551880244487,True
2018-09-21,14.297909506677133,0.7310336836081697,3.0934843094886944,0.7521717426259855,-1.4293469863542792e-17,10.452253454562452,True
2018-09-24,14.387124327857668,0.7327553249463572,3.092647255846978,0.7522351101077036,-1.4294674031605665e-17,10.542241961902986,True
2018-09-25,14.430561172860408,0.733509088475718,3.0933149178345998,0.7522984829278804,-1.4295878301114915e-17,10.584947772097927,True
2018-09-26,14.416414534641302,0.7334884010289885,3.089778484576793,0.7523632044793913,-1.429710820047648e-17,10.574272845585117,True
2018-09-27,14.726713771299755,0.7379183152238455,3.1071742636418125,0.7524276927566235,-1.4298333666942358e-17,10.86711181490132,True
2018-09-28,14.709827296841848,0.7376249202238877,3.107000521104558,0.7524915893971565,-1.4299547890575185e-17,10.850335186340134,True
2018-10-01,14.78100078180504,0.738303844106591,3.11557529478453,0.7525557900713218,-1.430076789173901e-17,10.912869696949189,True
2018-10-02,14.714107951363479,0.7374103290668524,3.1111526194874966,0.7526201455358484,-1.4301990834373833e-17,10.850335186340134,True
2018-10-03,14.748731111089107,0.7378508392618722,3.11368237890353,0.7526851038207949,-1.4303225232365212e-17,10.882363628364782,True
2018-10-04,14.085978253734947,0.7284977848311782,3.07162438033521,0.7527499183736804,-1.4304456899025746e-17,10.261603955026057,True
2018-10-05,13.672791347183013,0.7222904670602289,3.0442497605013195,0.7528147385078193,-1.430568867174647e-17,9.875726848173874,True
2018-10-08,13.486637254177559,0.7191416461324227,3.0349553235651827,0.7528794148522697,-1.4306917712041256e-17,9.698802515760107,True
2018-10-09,13.564139948316221,0.7205424476939315,3.037657252340175,0.7529440967532393,-1.4308146857926208e-17,9.773538599222807,True
2018-10-10,12.181867173503218,0.6982582168178997,2.922768941635038,0.7530093817853155,-1.4309387465071678e-17,8.506088850082865,True
2018-10-11,11.786922219697319,0.6924108419659595,2.8724537630424756,0.7530757183269468,-1.4310648053983656e-17,8.161392738327896,True
2018-10-12,12.536297482867106,0.7060126782994638,2.932370609739967,0.7531419112893062,-1.431190591446823e-17,8.850784961837832,True
2018-10-15,12.176362744788358,0.6994507634801239,2.906388326805008,0.7532081997301949,-1.431316558932498e-17,8.516766218253155,True
2018-10-16,12.984105549822363,0.7124395479064056,2.98044040925927,0.7532748526785983,-1.431443219089392e-17,9.250390287884496,True
2018-10-17,13.015532156561592,0.7130630091484168,2.98129522305562,0.7533424082801805,-1.4315715945521497e-17,9.280894525225792,True
2018-10-18,12.315879681283675,0.7013106627886436,2.925211969237111,0.7534099699403206,-1.4316999815279448e-17,8.637257742106243,True
2018-10-19,12.278721812351632,0.7005760021364584,2.923066585531433,0.7534773881771634,-1.431828095957397e-17,8.602177838643035,True
2018-10-22,12.409390172261984,0.7036462859127495,2.924023905165021,0.7535449619426434,-1.4319565059368894e-17,8.73182130515432,True
2018-10-23,12.30054395235937,0.7020608616007276,2.9112009850479703,0.7536124819603598,-1.4320848137798623e-17,8.635730485351038,True
2018-10-24,11.015482809719279,0.6773484951932247,2.8004811397308362,0.7536809649982542,-1.4322149516437086e-17,7.461320704990188,True
2018-10-25,11.854767994297776,0.6939802661550628,2.8740436416852426,0.7537493047232426,-1.4323448171709877e-17,8.22697504788929,True
2018-10-26,11.153537580862873,0.68031449802048,2.811806759297536,0.7538175010880522,-1.4324744102718675e-17,7.587913320477284,True
2018-10-29,10.711176315111821,0.670533963956694,2.7750833076706645,0.7538854942301717,-1.4326036171900134e-17,7.182207513210984,True
2018-10-30,11.032260298165415,0.6761802476277091,2.8185106932629402,0.7539531045956389,-1.4327320967202196e-17,7.459796500306835,True
2018-10-31,11.583824615088318,0.6874340526914087,2.8666877051152255,0.7540214091564341,-1.4328618954252148e-17,7.963115500816659,True
2018-11-01,11.965800134901755,0.6945513354643753,2.9008481010043536,0.7540895703015844,-1.432991421598409e-17,8.310862463595816,True
2018-11-02,11.562533791499568,0.6865892266725252,2.869665159008218,0.7541574982107193,-1.433120504554746e-17,7.93871113428063,True
2018-11-05,11.489174575321059,0.6842028536951865,2.874023022264168,0.7542255220200397,-1.433249769749571e-17,7.860926031036851,True
2018-11-06,11.675469550301205,0.6875246396469975,2.8940031527072243,0.7542934023136534,-1.433378762222448e-17,8.027172995280328,True
2018-11-07,12.490107689217792,0.7017853472827532,2.9703705810672782,0.7543625458738193,-1.433510155272397e-17,8.765374562276694,True
2018-11-08,12.32853716637462,0.6988586001990399,2.9582012440080696,0.7544316957721449,-1.4336415603667085e-17,8.615904226594404,True
2018-11-09,11.851496745391923,0.6900536642896631,2.9188273464714447,0.7545006424457646,-1.4337725792744562e-17,8.178168756474713,True
2018-11-12,11.061763218183797,0.6743768017059074,2.847397212278751,0.7545695055982109,-1.4339034394674706e-17,7.459796500306835,True
2018-11-13,11.057314573687385,0.6743720981040368,2.8459317701976947,0.754638375035786,-1.4340343116040736e-17,7.456744428453905,True
2018-11-14,10.847674139125834,0.6699702664728578,2.8253479044920304,0.75470710103294,-1.4341649111617932e-17,7.2676191336008635,True
2018-11-15,11.276129931131221,0.6790050282750018,2.8648042766618262,0.7547767317490467,-1.4342972299509534e-17,7.656548922720348,True
2018-11-16,11.191009407585689,0.6766736789516757,2.8635019809574587,0.7548459196144098,-1.4344287071937755e-17,7.572661507013821,True
2018-11-19,10.394362064302278,0.6586899783681004,2.7927851267365593,0.7549148142802479,-1.4345596272714796e-17,6.846662123285471,True
2018-11-20,9.963824735069629,0.649036517604111,2.7419549117682434,0.754983715234091,-1.4346905592982383e-17,6.466886108067295,True
2018-11-21,10.123881815826005,0.6530873302026103,2.757049198373866,0.755053671067578,-1.4348234959058053e-17,6.61177894638456,True
2018-11-23,9.95835552151367,0.6492397322201743,2.737871366557048,0.7551240828157924,-1.4349572988851126e-17,6.46536007214083,True
2018-11-26,10.456003026610036,0.6607874343075656,2.791613172340207,0.7551944412040423,-1.4350910004648327e-17,6.909195413065786,True
2018-11-27,10.537169089611542,0.6625006390759194,2.8010231773885614,0.7552646563043108,-1.4352244297553495e-17,6.9808812559186695,True
2018-11-28,11.276499118115343,0.6777654335699176,2.878342626534282,0.7553351776408228,-1.4353584409845737e-17,7.642821313940239,True
2018-11-29,11.198572630251673,0.6762166712708667,2.870505957197482,0.7554051660403707,-1.4354914394772106e-17,7.572661507013821,True
2018-11-30,11.376425797410578,0.6795881169562104,2.8896676005440605,0.7554744115122091,-1.4356230261892365e-17,7.731283785354308,True
2018-12-03,11.817429508330319,0.6877837877860167,2.9340494758190396,0.755543603377608,-1.4357545110333e-17,8.127836429133671,True
2018-12-04,10.819923112837351,0.6685875491939123,2.8302450344159653,0.7556122019428949,-1.435884868433086e-17,7.234065876478491,True
2018-12-06,10.933076890644159,0.6712936394634033,2.8380887986417713,0.7556831155486411,-1.4360196250889406e-17,7.339304976453747,True
2018-12-07,10.134950832294354,0.6532771208282495,2.7582656568792743,0.7557536759579535,-1.436153710567949e-17,6.620931499457127,True
2018-12-10,10.359508215438037,0.6591394038412337,2.7753242931434148,0.7558238530824327,-1.4362870676933245e-17,6.828360069212191,True
2018-12-11,10.43769799160862,0.6612157318880982,2.7802341380666493,0.7558937367935445,-1.4364198672472192e-17,6.9015701167484265,True
2018-12-12,10.630875838125197,0.6655559226771149,2.799468634019623,0.7559648267963103,-1.4365549591091632e-17,7.075442377309264,True
2018-12-13,10.63242226291278,0.665602590625723,2.7994183866100446,0.7560360734813755,-1.4366903487134444e-17,7.0769678028213585,True
2018-12-14,10.0387435017103,0.6517891969104981,2.7394919698786007,0.7561069668614623,-1.4368250669346124e-17,6.5431445649702376,True
2018-12-17,9.558422635050839,0.6403424062383424,2.6815812681654814,0.7561780169138671,-1.43696008287915e-17,6.120663349971491,True
2018-12-18,9.667643032013595,0.6436782552185784,2.688543199649604,0.7562482334414335,-1.4370935148819517e-17,6.222851598922558,True
2018-12-19,9.164636122695711,0.6299120978810377,2.6354028599565793,0.7563180963755358,-1.4372262749534327e-17,5.772915166363595,True
2018-12-20,8.892322120430583,0.6231309363515781,2.594852845297238,0.7563882658895852,-1.437359617616759e-17,5.54108100924376,True
2018-12-21,8.28774782349194,0.0,2.5280575514807286,5.759690272011213,0.0,0.0,False
2018-12-24,8.223535483568977,0.0,2.463312668784178,5.7602228147847985,0.0,0.0,False
2018-12-26,8.363201763921767,0.0,2.6024456713787036,5.760756092543063,0.0,0.0,False
2018-12-27,8.378770686625613,0.0,2.6174705226476487,5.761300163977964,0.0,0.0,False
2018-12-28,8.376935672165828,0.0,2.6150987013199796,5.76183697084585,0.0,0.0,False
2018-12-31,8.399947572058963,0.0,2.6375783172105827,5.762369254848379,0.0,0.0,False
2019-01-02,8.407145471675175,0.0,2.644250286310472,5.7628951853647035,0.0,0.0,False
2019-01-03,8.332942128892523,0.0,2.569506100386217,5.763436028506305,0.0,0.0,False
2019-01-04,8.431482590046832,0.0,2.6675079547168337,5.7639746353299985,0.0,0.0,False
2019-01-07,8.458417481271024,0.0,2.693903502590986,5.7645139786800375,0.0,0.0,False
2019-01-08,8.483794130139742,0.0,2.718741901421488,5.765052228718253,0.0,0.0,False
2019-01-09,8.501774370318508,0.0,2.7361730889852263,5.765601281333281,0.0,0.0,False
2019-01-10,8.511060158088892,0.0,2.7449120597846894,5.766148098304202,0.0,0.0,False
2019-01-11,8.507113479760141,0.0,2.7404219448792135,5.766691534880928,0.0,0.0,False
2019-01-14,8.487187876504645,0.0,2.7199539980412686,5.767233878463378,0.0,0.0,False
2019-01-15,8.529869565397448,0.0,2.7620955809281895,5.767773984469257,0.0,0.0,False
2019-01-16,8.533501791385444,0.0,2.765182386090355,5.768319405295088,0.0,0.0,False
2019-01-17,8.555432866876718,0.0,2.7865725672058117,5.768860299670906,0.0,0.0,False
2019-01-18,8.588310533846844,0.0,2.818911120441186,5.769399413405659,0.0,0.0,False
2019-01-22,8.541574267934392,0.0,2.77163729301648,5.769936974917912,0.0,0.0,False
2019-01-23,8.546807643400925,0.0,2.7763337437857407,5.770473899615185,0.0,0.0,False
2019-01-24,8.557073521805828,0.0,2.7860608156566533,5.7710127061491745,0.0,0.0,False
2019-01-25,8.586032375639546,0.0,2.8144918050192227,5.771540570620322,0.0,0.0,False
2019-01-28,8.558487694133797,0.0,2.78641394308313,5.772073751050668,0.0,0.0,False
2019-01-29,8.54401996122635,0.0,2.77141183526529,5.772608125961061,0.0,0.0,False
2019-01-30,8.60174717934456,0.0,2.8285972986901284,5.773149880654432,0.0,0.0,False
2019-01-31,8.635880323395464,0.0,2.862188637204412,5.773691686191052,0.0,0.0,False
2019-02-01,8.631063243596547,0.0,2.8568354289114417,5.774227814685105,0.0,0.0,False
2019-02-04,8.659392782288304,0.0,2.8846287893257885,5.774763992962516,0.0,0.0,False
2019-02-05,8.678735226101683,0.0,2.9034361508318707,5.775299075269812,0.0,0.0,False
2019-02-06,8.673034516808823,0.0,2.897193434302181,5.775841082506641,0.0,0.0,False
2019-02-07,8.640313431562157,0.0,2.8639302909517372,5.77638314061042,0.0,0.0,False
2019-02-08,8.645411662908113,0.0,2.868488705535537,5.776922957372576,0.0,0.0,False
2019-02-11,8.645387561651525,0.0,2.867922444642073,5.777465117009452,0.0,0.0,False
2019-02-12,8.685574148678073,0.0,2.907564528507791,5.778009620170282,0.0,0.0,False
2019-02-13,8.691861047315399,0.0,2.9133061848039263,5.778554862511473,0.0,0.0,False
2019-02-14,8.690962707614958,0.0,2.911863697875363,5.7790990097395945,0.0,0.0,False
2019-02-15,8.713495377601674,0.0,2.933852169393428,5.779643208208245,0.0,0.0,False
2019-02-19,8.719478080992264,0.0,2.939291311127588,5.780186769864676,0.0,0.0,False
2019-02-20,8.722728290273292,0.0,2.941997219509224,5.780731070764067,0.0,0.0,False
2019-02-21,8.712664437345182,0.0,2.9313867204880104,5.781277716857171,0.0,0.0,False
2019-02-22,8.733147857156668,0.0,2.9513206895049895,5.781827167651679,0.0,0.0,False
2019-02-25,8.741082683636119,0.0,2.958706471866919,5.782376211769201,0.0,0.0,False
2019-02-26,8.742108116815789,0.0,2.9591828087916667,5.782925308024123,0.0,0.0,False
2019-02-27,8.741085612739534,0.0,2.957609549902285,5.783476062837249,0.0,0.0,False
2019-02-28,8.735473364330232,0.0,2.9514481007958593,5.784025263534373,0.0,0.0,False
2019-03-01,8.755459058712784,0.0,2.9708868375749478,5.784572221137836,0.0,0.0,False
2019-03-04,8.750857200977874,0.0,2.965739118218481,5.785118082759393,0.0,0.0,False
2019-03-05,8.750490283273276,0.0,2.9648269760913992,5.785663307181876,0.0,0.0,False
2019-03-06,8.733654955785823,0.0,2.9474406330289886,5.786214322756836,0.0,0.0,False
2019-03-07,8.70379240720543,0.0,2.9170258683660273,5.7867665388394025,0.0,0.0,False
2019-03-08,8.699213884327442,0.0,2.9118973730376365,5.787316511289805,0.0,0.0,False
2019-03-11,8.751156980175429,0.0,2.9632909034983124,5.787866076677116,0.0,0.0,False
2019-03-12,8.765431527503456,0.0,2.977018819003925,5.788412708499531,0.0,0.0,False
2019-03-13,8.787018134819302,0.0,2.9980552974179275,5.788962837401374,0.0,0.0,False
2019-03-14,8.784067354032747,0.0,2.994555943483676,5.789511410549071,0.0,0.0,False
2019-03-15,8.805908919872294,0.0,3.015848884191689,5.790060035680605,0.0,0.0,False
2019-03-18,8.81551583159623,0.0,3.0249071187953276,5.790608712800902,0.0,0.0,False
2019-03-19,8.821524803547938,0.0,3.0303680509960516,5.791156752551886,0.0,0.0,False
2019-03-20,8.82352490290658,0.0,3.031815462583893,5.791709440322687,0.0,0.0,False
2019-03-21,8.864896857266446,0.0,3.072633986932326,5.79226287033412,0.0,0.0,False
2019-03-22,8.80213756034809,0.0,3.009321207119225,5.792816353228866,0.0,0.0,False
2019-03-25,8.7986923081941,0.0,3.0053247179165794,5.793367590277521,0.0,0.0,False
2019-03-26,8.817441256808223,0.0,3.023524216167667,5.793917040640557,0.0,0.0,False
2019-03-27,8.800378888246822,0.0,3.00590889640321,5.794469991843611,0.0,0.0,False
2019-03-28,8.810086998709203,0.0,3.0150702112401078,5.795016787469095,0.0,0.0,False
2019-03-29,8.831550735529099,0.0,3.0359889405551175,5.795561794973981,0.0,0.0,False
2019-04-01,8.870197717540435,0.0,3.0741005230324596,5.796097194507975,0.0,0.0,False
2019-04-02,8.877310726937738,0.0,3.080679233480656,5.796631493457082,0.0,0.0,False
2019-04-03,8.889131350435514,0.0,3.0919546976143004,5.797176652821214,0.0,0.0,False
2019-04-04,8.893190293421638,0.0,3.095467739820449,5.797722553601188,0.0,0.0,False
2019-04-05,8.909231014001564,0.0,3.11096319842464,5.798267815576924,0.0,0.0,False
2019-04-08,8.914921431786189,0.0,3.116108302952941,5.798813128833248,0.0,0.0,False
2019-04-09,8.902009898077392,0.0,3.1026525552320408,5.799357342845352,0.0,0.0,False
2019-04-10,8.916170892062208,0.0,3.1162692841307003,5.799901607931508,0.0,0.0,False
2019-04-11,8.912586226309266,0.0,3.112140762543918,5.800445463765349,0.0,0.0,False
2019-04-12,8.9303863690291,0.0,3.129396538058309,5.80098983097079,0.0,0.0,False
2019-04-15,8.930161355715057,0.0,3.1286248044724996,5.801536551242559,0.0,0.0,False
2019-04-16,8.937115850908993,0.0,3.1350359811881674,5.802079869720826,0.0,0.0,False
2019-04-17,8.9392907793529,0.0,3.136663395899854,5.8026273834530455,0.0,0.0,False
2019-04-18,8.944938741121259,0.0,3.1417633317223146,5.8031754093989445,0.0,0.0,False
2019-04-22,8.951280775456949,0.0,3.1475607426493304,5.803720032807618,0.0,0.0,False
2019-04-23,8.985993758991505,0.0,3.181726748601429,5.804267010390076,0.0,0.0,False
2019-04-24,8.977998023947352,0.0,3.1731805294793514,5.804817494468001,0.0,0.0,False
2019-04-25,8.984007451858453,0.0,3.1786428763765873,5.805364575481865,0.0,0.0,False
2019-04-26,8.993371925407551,0.0,3.1874625210655125,5.805909404342039,0.0,0.0,False
2019-04-29,8.9995067248528,0.0,3.1930535925113497,5.806453132341451,0.0,0.0,False
2019-04-30,8.988496330125303,0.0,3.1814994188638828,5.80699691126142,0.0,0.0,False
2019-05-01,8.971965517644069,0.0,3.164422933015066,5.807542584629003,0.0,0.0,False
2019-05-02,8.962227140982046,0.0,3.1541399840260564,5.80808715695599,0.0,0.0,False
2019-05-03,9.00336149968998,0.0,3.194727414548252,5.808634085141729,0.0,0.0,False
2019-05-06,8.98755488828726,0.0,3.1783749759355766,5.809179912351684,0.0,0.0,False
2019-05-07,8.930603259845551,0.0,3.1208786216349242,5.809724638210627,0.0,0.0,False
2019-05-08,8.925042951165231,0.0,3.114772383267281,5.810270567897951,0.0,0.0,False
2019-05-09,8.912494495206133,0.0,3.101677485221634,5.810817009984499,0.0,0.0,False
2019-05-10,8.922761685904595,0.0,3.1113981824419734,5.811363503462621,0.0,0.0,False
2019-05-13,8.830226523712529,0.0,3.0183164753753773,5.811910048337151,0.0,0.0,False
2019-05-14,8.860979779439422,0.0,3.048527747449123,5.8124520319903,0.0,0.0,False
2019-05-15,8.891980234484329,0.0,3.078985476335343,5.812994758148986,0.0,0.0,False
2019-05-16,8.92225144475768,0.0,3.1087146018020553,5.8135368429556245,0.0,0.0,False
2019-05-17,8.896855704751028,0.0,3.0827794947524447,5.814076209998583,0.0,0.0,False
2019-05-20,8.861180711487746,0.0,3.046566930174651,5.814613781313096,0.0,0.0,False
2019-05-21,8.891363869482639,0.0,3.076214774535238,5.8151490949474,0.0,0.0,False
2019-05-22,8.880325715282162,0.0,3.0646389498209694,5.815686765461193,0.0,0.0,False
2019-05-23,8.838690334118294,0.0,3.022468156240132,5.816222177878162,0.0,0.0,False
2019-05-24,8.841886696356728,0.0,3.025132980402361,5.816753715954366,0.0,0.0,False
2019-05-28,8.822658736113661,0.0,3.0053768958290017,5.81728184028466,0.0,0.0,False
2019-05-29,8.800744107519183,0.0,2.9829317865109175,5.817812321008265,0.0,0.0,False
2019-05-30,8.81161810364667,0.0,2.993275253540007,5.818342850106663,0.0,0.0,False
2019-05-31,8.768108561291054,0.0,2.949232363103011,5.818876198188044,0.0,0.0,False
2019-06-03,8.732420174793198,0.0,2.9130145050566405,5.819405669736558,0.0,0.0,False
2019-06-04,8.805573069188984,0.0,2.9856408818032003,5.819932187385784,0.0,0.0,False
2019-06-05,8.830129450538678,0.0,3.00966723359678,5.820462216941897,0.0,0.0,False
2019-06-06,8.852398366484728,0.0,3.0314083814211914,5.820989985063536,0.0,0.0,False
2019-06-07,8.897358135342362,0.0,3.075847264045395,5.821510871296968,0.0,0.0,False
2019-06-10,8.92285151696674,0.0,3.1008289533649993,5.82202256360174,0.0,0.0,False
2019-06-11,8.92510479305404,0.0,3.102569336981753,5.822535456072286,0.0,0.0,False
2019-06-12,8.91391204169272,0.0,3.0908652653304127,5.8230467763623075,0.0,0.0,False
2019-06-13,8.929942558671614,0.0,3.1063955086565818,5.823547050015033,0.0,0.0,False
2019-06-14,8.922116478523531,0.0,3.098074889171277,5.8240415893522535,0.0,0.0,False
2019-06-17,8.932525491616268,0.0,3.1079927876458653,5.824532703970403,0.0,0.0,False
2019-06-18,8.971873303788643,0.0,3.1468464390647566,5.825026864723886,0.0,0.0,False
2019-06-19,8.981834923176805,0.0,3.156306921225033,5.825528001951772,0.0,0.0,False
2019-06-20,9.01207950780849,0.0,3.1860602658962343,5.826019241912255,0.0,0.0,False
2019-06-21,9.007882138777559,0.0,3.181382481453212,5.826499657324347,0.0,0.0,False
2019-06-24,9.006460786919455,0.0,3.1794859924052377,5.826974794514218,0.0,0.0,False
2019-06-25,8.964054692365952,0.0,3.1366040282232284,5.827450664142725,0.0,0.0,False
2019-06-26,8.97026560315911,0.0,3.1423332493572156,5.827932353801895,0.0,0.0,False
2019-06-27,8.982325306545167,0.0,3.1539089105988847,5.828416395946282,0.0,0.0,False
2019-06-28,8.99295142485223,0.0,3.1640527968262706,5.82889862802596,0.0,0.0,False
2019-07-01,9.029132980306137,0.0,3.1997636455655623,5.8293693347405755,0.0,0.0,False
2019-07-02,9.040117181521552,0.0,3.2102701623361423,5.829847019185409,0.0,0.0,False
2019-07-03,9.065528002800729,0.0,3.235184058559434,5.830343944241295,0.0,0.0,False
2019-07-05,9.060889356023322,0.0,3.2300479816218637,5.830841374401459,0.0,0.0,False
2019-07-08,9.041187720468091,0.0,3.2098458654906157,5.8313418549774765,0.0,0.0,False
2019-07-09,9.051729870078724,0.0,3.2198840205613886,5.831845849517335,0.0,0.0,False
2019-07-10,9.07597313369181,0.0,3.243619311902635,5.832353821789175,0.0,0.0,False
2019-07-11,9.079089729482211,0.0,3.246242934903041,5.83284679457917,0.0,0.0,False
2019-07-12,9.096205037777528,0.0,3.2628726355450137,5.833332402232514,0.0,0.0,False
2019-07-15,9.102457919688085,0.0,3.268641721256365,5.8338161984317205,0.0,0.0,False
2019-07-16,9.089251502167663,0.0,3.2549526248868847,5.834298877280779,0.0,0.0,False
2019-07-17,9.070658129320968,0.0,3.235872365924914,5.834785763396053,0.0,0.0,False
2019-07-18,9.078913860149905,0.0,3.243648116173676,5.83526574397623,0.0,0.0,False
2019-07-19,9.058486657300364,0.0,3.22275478673646,5.8357318705639045,0.0,0.0,False
2019-07-22,9.075733883923338,0.0,3.239535849537122,5.836198034386215,0.0,0.0,False
2019-07-23,9.09838473842027,0.0,3.2617177238127755,5.836667014607494,0.0,0.0,False
2019-07-24,9.117964839409208,0.0,3.2808269540082144,5.837137885400993,0.0,0.0,False
2019-07-25,9.095050386858146,0.0,3.257439971256219,5.837610415601927,0.0,0.0,False
2019-07-26,9.123207765462695,0.0,3.285120148387669,5.8380876170750255,0.0,0.0,False
2019-07-29,9.115059030628412,0.0,3.276493478055671,5.838565552572742,0.0,0.0,False
2019-07-30,9.10444155697224,0.0,3.2654010417366273,5.839040515235613,0.0,0.0,False
2019-07-31,9.06447119734687,0.0,3.2249579978879113,5.839513199458959,0.0,0.0,False
2019-08-01,9.042884143597387,0.0,3.202900538915101,5.839983604682286,0.0,0.0,False
2019-08-02,9.007714269119408,0.0,3.167260221320042,5.8404540477993665,0.0,0.0,False
2019-08-05,8.904596334712627,0.0,3.0636787588142287,5.840917575898398,0.0,0.0,False
2019-08-06,8.947973721950685,0.0,3.1066034749518714,5.841370246998815,0.0,0.0,False
2019-08-07,8.957744588527962,0.0,3.1159118997168216,5.841832688811141,0.0,0.0,False
2019-08-08,9.022675530308494,0.0,3.180386622170006,5.842288908138488,0.0,0.0,False
2019-08-09,8.997349779166465,0.0,3.1546041524043185,5.842745626762146,0.0,0.0,False
2019-08-12,8.960500972454916,0.0,3.117303228460597,5.84319774399432,0.0,0.0,False
2019-08-13,9.019345608070644,0.0,3.1757008130805136,5.84364479499013,0.0,0.0,False
2019-08-14,8.925397435013574,0.0,3.0812992937605466,5.844098141253027,0.0,0.0,False
2019-08-15,8.928139278368525,0.0,3.083598655400858,5.844540622967667,0.0,0.0,False
2019-08-16,8.976062408399917,0.0,3.131094345405034,5.844968062994883,0.0,0.0,False
2019-08-19,9.020246439229975,0.0,3.174855543833851,5.845390895396124,0.0,0.0,False
2019-08-20,8.996212906547411,0.0,3.1503921893421123,5.8458207172052985,0.0,0.0,False
2019-08-21,9.023453426703252,0.0,3.177191953179569,5.8462614735236835,0.0,0.0,False
2019-08-22,9.018274656010817,0.0,3.1715658970917033,5.846708758919114,0.0,0.0,False
2019-08-23,8.927806410628252,0.0,3.080648011972515,5.847158398655737,0.0,0.0,False
2019-08-26,8.968547561295473,0.0,3.1209459851656773,5.8476015761297955,0.0,0.0,False
2019-08-27,8.959581580937634,0.0,3.111531456646624,5.84805012429101,0.0,0.0,False
2019-08-28,8.976555062849297,0.0,3.128054035337983,5.848501027511315,0.0,0.0,False
2019-08-29,9.020895861664325,0.0,3.171944592393962,5.848951269270363,0.0,0.0,False
2019-08-30,9.016844299013798,0.0,3.1674427533229164,5.849401545690881,0.0,0.0,False
2019-09-03,8.992657539343352,0.0,3.1428073074221645,5.849850231921188,0.0,0.0,False
2019-09-04,9.033621198060747,0.0,3.183327584641635,5.850293613419113,0.0,0.0,False
2019-09-05,9.083682298851153,0.0,3.2329464311000495,5.850735867751104,0.0,0.0,False
2019-09-06,9.083774964215207,0.0,3.2325933261222377,5.851181638092969,0.0,0.0,False
2019-09-09,9.081657319184036,0.0,3.230032198681009,5.8516251205030265,0.0,0.0,False
2019-09-10,9.077075248871866,0.0,3.2250070767543444,5.852068172117521,0.0,0.0,False
2019-09-11,9.104126756319477,0.0,3.2516143379185958,5.852512418400882,0.0,0.0,False
2019-09-12,9.116961085101412,0.0,3.2640043866932347,5.8529566984081765,0.0,0.0,False
2019-09-13,9.110490327898612,0.0,3.257093496441552,5.85339683145706,0.0,0.0,False
2019-09-16,9.098627380636987,0.0,3.2447892216465863,5.853838158990401,0.0,0.0,False
2019-09-17,9.110974023597311,0.0,3.2566840504987242,5.854289973098587,0.0,0.0,False
2019-09-18,9.111722079430145,0.0,3.2569818835634745,5.854740195866671,0.0,0.0,False
2019-09-19,9.114756779897753,0.0,3.259579801827101,5.855176978070651,0.0,0.0,False
2019-09-20,9.09025341917428,0.0,3.234638929264555,5.855614489909724,0.0,0.0,False
2019-09-23,9.091017107963518,0.0,3.234972741587685,5.8560443663758335,0.0,0.0,False
2019-09-24,9.057272080228419,0.0,3.200798967740542,5.856473112487877,0.0,0.0,False
2019-09-25,9.085139773200384,0.0,3.228229749227445,5.856910023972938,0.0,0.0,False
2019-09-26,9.076261033423437,0.0,3.2189221999599513,5.857338833463486,0.0,0.0,False
2019-09-27,9.048031224902559,0.0,3.1902809831206786,5.85775024178188,0.0,0.0,False
2019-09-30,9.071012926098549,0.0,3.2128605451091286,5.85815238098942,0.0,0.0,False
2019-10-01,9.039212843394507,0.0,3.1806489969446656,5.858563846449842,0.0,0.0,False
2019-10-02,8.984183276918223,0.0,3.1252118883038684,5.858971388614355,0.0,0.0,False
2019-10-03,9.014538852881511,0.0,3.1551640787337005,5.859374774147811,0.0,0.0,False
2019-10-04,9.059505369756986,0.0,3.1997434583561817,5.859761911400804,0.0,0.0,False
2019-10-07,9.04815771081501,0.0,3.18801096188263,5.86014674893238,0.0,0.0,False
2019-10-08,8.99992016242952,0.0,3.1393843648708524,5.860535797558668,0.0,0.0,False
2019-10-09,9.030534216860138,0.0,3.1696135309452282,5.86092068591491,0.0,0.0,False
2019-10-10,9.053904867089464,0.0,3.1926055470872683,5.861299320002196,0.0,0.0,False
2019-10-11,9.091392015351353,0.0,3.2297128738458003,5.861679141505553,0.0,0.0,False
2019-10-14,9.089802312139673,0.0,3.2277456505786604,5.862056661561013,0.0,0.0,False
2019-10-15,9.126679525611705,0.0,3.2642464827865143,5.862433042825191,0.0,0.0,False
2019-10-16,9.120386325477337,0.0,3.2575768772219016,5.862809448255436,0.0,0.0,False
2019-10-17,9.12986837168192,0.0,3.266683191787006,5.863185179894914,0.0,0.0,False
2019-10-18,9.1074009402558,0.0,3.2438376779832163,5.863563262272585,0.0,0.0,False
2019-10-21,9.133158711403187,0.0,3.2692173423726185,5.863941369030569,0.0,0.0,False
2019-10-22,9.115179919290632,0.0,3.2508604191201957,5.864319500170438,0.0,0.0,False
2019-10-23,9.123420363695013,0.0,3.2587250351099444,5.864695328585069,0.0,0.0,False
2019-10-24,9.142309007404016,0.0,3.277237826318488,5.865071181085528,0.0,0.0,False
2019-10-25,9.162483270816534,0.0,3.2970343512120404,5.865448919604494,0.0,0.0,False
2019-10-28,9.188415988781976,0.0,3.322588840824533,5.865827147957444,0.0,0.0,False
2019-10-29,9.17543129882276,0.0,3.309230553536572,5.8662007452861875,0.0,0.0,False
2019-10-30,9.188895476045946,0.0,3.322323437491642,5.866572038554305,0.0,0.0,False
2019-10-31,9.185602390344181,0.0,3.318659035021252,5.866943355322929,0.0,0.0,False
2019-11-01,9.216393458858134,0.0,3.349101346340866,5.867292112517268,0.0,0.0,False
2019-11-04,9.233824957454905,0.0,3.3661870937919605,5.867637863662944,0.0,0.0,False
2019-11-05,9.233237089255038,0.0,3.36524926290034,5.867987826354697,0.0,0.0,False
2019-11-06,9.230192349585652,0.0,3.36185104681986,5.868341302765792,0.0,0.0,False
2019-11-07,9.242095349349094,0.0,3.373401247496409,5.868694101852686,0.0,0.0,False
2019-11-08,9.253340652470548,0.0,3.384293031662076,5.869047620808471,0.0,0.0,False
2019-11-11,9.248190425635244,0.0,3.3787911277691762,5.869399297866068,0.0,0.0,False
2019-11-12,9.256980258738693,0.0,3.387228563999418,5.869751694739276,0.0,0.0,False
2019-11-13,9.258304700980696,0.0,3.3881959296817676,5.870108771298929,0.0,0.0,False
2019-11-14,9.259783648200575,0.0,3.3893173127441845,5.870466335456389,0.0,0.0,False
2019-11-15,9.284854484457119,0.0,3.414032193741056,5.870822290716063,0.0,0.0,False
2019-11-18,9.28781558632262,0.0,3.416637318763565,5.871178267559056,0.0,0.0,False
2019-11-19,9.290202196213407,0.0,3.418669095141942,5.871533101071464,0.0,0.0,False
2019-11-20,9.273946800910156,0.0,3.4020583788926952,5.871888422017462,0.0,0.0,False
2019-11-21,9.267776685704803,0.0,3.395534086294901,5.872242599409901,0.0,0.0,False
2019-11-22,9.273003449683216,0.0,3.400404321265018,5.872599128418199,0.0,0.0,False
2019-11-25,9.306673276812369,0.0,3.433714568221379,5.87295870859099,0.0,0.0,False
2019-11-26,9.314201846370157,0.0,3.440883069487392,5.873318776882765,0.0,0.0,False
2019-11-27,9.334259306558017,0.0,3.4605757779204156,5.873683528637601,0.0,0.0,False
2019-11-29,9.320312816363488,0.0,3.4462645133188077,5.87404830304468,0.0,0.0,False
2019-12-02,9.28839156679689,0.0,3.4139842941425815,5.874407272654308,0.0,0.0,False
2019-12-03,9.263931529211895,0.0,3.3891657312277257,5.874765797984169,0.0,0.0,False
2019-12-04,9.2833282093994,0.0,3.4082038642039425,5.8751243451954585,0.0,0.0,False
2019-12-05,9.290109023303664,0.0,3.414635434599459,5.875473588704204,0.0,0.0,False
2019-12-06,9.32431756862318,0.0,3.448495881417101,5.875821687206079,0.0,0.0,False
2019-12-09,9.311419767045493,0.0,3.4352529918946084,5.876166775150885,0.0,0.0,False
2019-12-10,9.308422645143883,0.0,3.4319065645175826,5.876516080626301,0.0,0.0,False
2019-12-11,9.322735599027201,0.0,3.4458662278541503,5.87686937117305,0.0,0.0,False
2019-12-12,9.350800095396284,0.0,3.473576246392596,5.8772238490036885,0.0,0.0,False
2019-12-13,9.357916859435356,0.0,3.480336178990364,5.877580680444991,0.0,0.0,False
2019-12-16,9.387696623082006,0.0,3.5097607221851286,5.877935900896877,0.0,0.0,False
2019-12-17,9.389442964238615,0.0,3.5111513549247264,5.878291609313889,0.0,0.0,False
2019-12-18,9.391251249196296,0.0,3.512602743612801,5.878648505583495,0.0,0.0,False
2019-12-19,9.409784071960102,0.0,3.5307814477864983,5.879002624173603,0.0,0.0,False
2019-12-20,9.424997692350763,0.0,3.545637428852635,5.8793602634981275,0.0,0.0,False
2019-12-23,9.432745454238452,0.0,3.5530286961980297,5.879716758040422,0.0,0.0,False
2019-12-24,9.434077934985917,0.0,3.5540065273677146,5.880071407618202,0.0,0.0,False
2019-12-26,9.459576869068588,0.0,3.579146590428481,5.880430278640108,0.0,0.0,False
2019-12-27,9.45798530401887,0.0,3.577196832510452,5.880788471508418,0.0,0.0,False
2019-12-30,9.436755858647352,0.0,3.555613139641355,5.8811427190059975,0.0,0.0,False
2019-12-31,9.444773306677888,0.0,3.563282853437469,5.881490453240418,0.0,0.0,False
2020-01-02,9.491534919054068,0.0,3.6096932101349157,5.881841708919152,0.0,0.0,False
2020-01-03,9.461684877439744,0.0,3.579494225926031,5.882190651513712,0.0,0.0,False
2020-01-06,9.480388510179056,0.0,3.5978540306049704,5.882534479574085,0.0,0.0,False
2020-01-07,9.47542720895185,0.0,3.5925453797145432,5.882881829237307,0.0,0.0,False
2020-01-08,9.498852360252346,0.0,3.615620359477586,5.883232000774761,0.0,0.0,False
2020-01-09,9.526777086897017,0.0,3.6431965279652427,5.883580558931774,0.0,0.0,False
2020-01-10,9.517226846842252,0.0,3.63329607478197,5.883930772060282,0.0,0.0,False
2020-01-13,9.551029028840377,0.0,3.666748489778188,5.884280539062189,0.0,0.0,False
2020-01-14,9.541368013357976,0.0,3.656734884472063,5.8846331288859135,0.0,0.0,False
2020-01-15,9.546603885322678,0.0,3.6616134751463343,5.884990410176344,0.0,0.0,False
2020-01-16,9.57973149675224,0.0,3.694388921272961,5.885342575479279,0.0,0.0,False
2020-01-17,9.594976073638483,0.0,3.7092789763310736,5.885697097307409,0.0,0.0,False
2020-01-21,9.59087042912101,0.0,3.704817620833823,5.886052808287187,0.0,0.0,False
2020-01-22,9.596339478983161,0.0,3.7099356096842935,5.886403869298867,0.0,0.0,False
2020-01-23,9.604786708278391,0.0,3.718029421157239,5.886757287121153,0.0,0.0,False
2020-01-24,9.572964219378182,0.0,3.685853026018705,5.887111193359477,0.0,0.0,False
2020-01-27,9.505704041314939,0.0,3.61824476082315,5.887459280491788,0.0,0.0,False
2020-01-28,9.552802317239287,0.0,3.6649914245971402,5.887810892642148,0.0,0.0,False
2020-01-29,9.554625179348099,0.0,3.666456812479868,5.888168366868231,0.0,0.0,False
2020-01-30,9.567458721771978,0.0,3.6789351955463916,5.888523526225586,0.0,0.0,False
2020-01-31,9.505244392825997,0.0,3.6163638164444105,5.888880576381587,0.0,0.0,False
2020-02-03,9.5463493996393,0.0,3.6571159577968326,5.889233441842467,0.0,0.0,False
2020-02-04,9.616427551384508,0.0,3.7268393533355315,5.889588198048977,0.0,0.0,False
2020-02-05,9.64445030251828,0.0,3.754502652621065,5.8899476498972145,0.0,0.0,False
2020-02-06,9.667326031367047,0.0,3.7770231147906452,5.890302916576402,0.0,0.0,False
2020-02-07,9.649497134118446,0.0,3.7588365920145117,5.890660542103935,0.0,0.0,False
2020-02-10,9.686595597371358,0.0,3.795580213095113,5.891015384276246,0.0,0.0,False
2020-02-11,9.690567223583328,0.0,3.79919650822487,5.891370715358458,0.0,0.0,False
2020-02-12,9.721669450558771,0.0,3.829939174561932,5.891730275996839,0.0,0.0,False
2020-02-13,9.7175329034403,0.0,3.825443746261836,5.892089157178465,0.0,0.0,False
2020-02-14,9.7264363398135,0.0,3.833985941464599,5.892450398348901,0.0,0.0,False
2020-02-18,9.722590101476305,0.0,3.8297807780811826,5.892809323395122,0.0,0.0,False
2020-02-19,9.750458927434805,0.0,3.857290657130369,5.893168270304436,0.0,0.0,False
2020-02-20,9.72499246764822,0.0,3.831463357719183,5.893529109929036,0.0,0.0,False
2020-02-21,9.668822980505773,0.0,3.7749341782077694,5.8938888022980045,0.0,0.0,False
2020-02-24,9.533791930715836,0.0,3.6395480917812755,5.894243838934561,0.0,0.0,False
2020-02-25,9.429517680326217,0.0,3.5349222918434977,5.894595388482719,0.0,0.0,False
2020-02-26,9.432475099937292,0.0,3.537531181804374,5.894943918132919,0.0,0.0,False
2020-02-27,9.264813035531379,0.0,3.369523374248649,5.895289661282729,0.0,0.0,False
2020-02-28,9.25937194876937,0.0,3.363755941099139,5.895616007670231,0.0,0.0,False
2020-03-02,9.419285858915073,0.0,3.5233820890304814,5.895903769884591,0.0,0.0,False
2020-03-03,9.312617710472606,0.0,3.416448390956167,5.8961693195164395,0.0,0.0,False
2020-03-04,9.455905331854789,0.0,3.5595212233171547,5.896384108537634,0.0,0.0,False
2020-03-05,9.34282824997203,0.0,3.4462862025715566,5.896542047400473,0.0,0.0,False
2020-03-06,9.285409229003717,0.0,3.388727957687097,5.89668127131662,0.0,0.0,False
2020-03-09,9.035487353447753,0.0,3.1387089740883383,5.8967783793594135,0.0,0.0,False
2020-03-10,9.202223062874117,0.0,3.305367463794761,5.896855599079355,0.0,0.0,False
2020-03-11,9.049765911539993,0.0,3.152819051603524,5.896946859936469,0.0,0.0,False
2020-03-12,8.754482996944368,0.0,2.8574500228631106,5.897032974081258,0.0,0.0,False
2020-03-13,8.997703725160271,0.0,3.1006068665546804,5.89709685860559,0.0,0.0,False
2020-03-16,8.642413173072146,0.0,2.7452594496038243,5.897153723468322,0.0,0.0,False
2020-03-17,8.820670554450228,0.0,2.9234735383845685,5.89719701606566,0.0,0.0,False
2020-03-18,8.702236665315,0.0,2.8050010366482954,5.897235628666705,0.0,0.0,False
2020-03-19,8.713635474453213,0.0,2.816399143734641,5.897236330718571,0.0,0.0,False
2020-03-20,8.597782558168479,0.0,2.700546227449909,5.897236330718571,0.0,0.0,False
2020-03-23,8.564233616662946,0.0,2.6669972859443747,5.897236330718571,0.0,0.0,False
2020-03-24,8.788315675957618,0.0,2.891079345239046,5.897236330718571,0.0,0.0,False
2020-03-25,8.799251459271986,0.0,2.9020151285534137,5.897236330718571,0.0,0.0,False
2020-03-26,8.960385940223219,0.0,3.063149609504647,5.897236330718571,0.0,0.0,False
2020-03-27,8.86209186506039,0.0,2.9648555343418197,5.897236330718571,0.0,0.0,False
2020-03-30,8.964155359615962,0.0,3.0669190288973915,5.897236330718571,0.0,0.0,False
2020-03-31,8.928206491374585,0.0,3.030967118430859,5.897239372943726,0.0,0.0,False
2020-04-01,8.795617415431817,0.0,2.898371021965186,5.897246393466632,0.0,0.0,False
2020-04-02,8.85848366103949,0.0,2.9612225244566357,5.897261136582853,0.0,0.0,False
2020-04-03,8.816084258398602,0.0,2.918807910626868,5.897276347771735,0.0,0.0,False
2020-04-06,9.018460252765461,0.0,3.121170331897761,5.897289920867701,0.0,0.0,False
2020-04-07,9.019429601225212,0.0,3.122125639191346,5.897303962033866,0.0,0.0,False
2020-04-08,9.105006639924063,0.0,3.207672723328967,5.8973339165950955,0.0,0.0,False
2020-04-09,9.131774482349734,0.0,3.234397271834455,5.8973772105152795,0.0,0.0,False
2020-04-13,9.134530774204066,0.0,3.237104418880234,5.897426355323833,0.0,0.0,False
2020-04-14,9.252705476385632,0.0,3.355232316090029,5.897473160295604,0.0,0.0,False
2020-04-15,9.19785640636961,0.0,3.3003446316648737,5.897511774704736,0.0,0.0,False
2020-04-16,9.235942675793668,0.0,3.338403987840266,5.897538687953402,0.0,0.0,False
2020-04-17,9.297031576445688,0.0,3.3994671452679945,5.897564431177694,0.0,0.0,False
2020-04-20,9.246977131547476,0.0,3.349388595245294,5.897588536302182,0.0,0.0,False
2020-04-21,9.134348667041593,0.0,3.2367437485489625,5.89760491849263,0.0,0.0,False
2020-04-22,9.21831472487578,0.0,3.3206868712535114,5.897627853622269,0.0,0.0,False
2020-04-23,9.214675919002515,0.0,3.317026300324556,5.897649618677958,0.0,0.0,False
2020-04-24,9.263970872320145,0.0,3.3662994885061743,5.897671383813972,0.0,0.0,False
2020-04-27,9.301801121636032,0.0,3.4041063343638385,5.897694787272193,0.0,0.0,False
2020-04-28,9.261938834824317,0.0,3.3642222822494166,5.8977165525749,0.0,0.0,False
2020-04-29,9.36564280196237,0.0,3.4679063562957135,5.897736445666656,0.0,0.0,False
2020-04-30,9.348807154909313,0.0,3.4510496458973714,5.897757509011942,0.0,0.0,False
2020-05-01,9.254513547903674,0.0,3.3567349754712184,5.897778572432455,0.0,0.0,False
2020-05-04,9.278729648511492,0.0,3.3809293104671228,5.897800338044369,0.0,0.0,False
2020-05-05,9.313534668126922,0.0,3.41571326650908,5.897821401617842,0.0,0.0,False
2020-05-06,9.312498001724858,0.0,3.4146508556486577,5.8978471460762005,0.0,0.0,False
2020-05-07,9.355109807131438,0.0,3.457237384566812,5.8978724225646255,0.0,0.0,False
2020-05-08,9.407424973895782,0.0,3.509530317288574,5.8978946566072095,0.0,0.0,False
2020-05-11,9.423244783311418,0.05250137816117673,3.5255752592467426,4.4843930682365585,0.9185431179541477,0.49473333787396867,True
2020-05-12,9.321333751077342,0.1484110505627443,3.4535330632268946,4.484411753207093,-1.1102230246251565e-16,1.3833889346433546,True
2020-05-13,9.216815881258704,0.14441005062871043,3.4013813918027105,4.4844336414079216,-1.1102284435710216e-16,1.3310008480480717,True
2020-05-14,9.30063202227913,0.14785419859591237,3.4410404221039452,4.484454106085624,-1.1102335100898043e-16,1.3751374940895607,True
2020-05-15,9.343332683478856,0.14970469876729467,3.460119087305552,4.484472791310483,-1.1102381360626186e-16,1.3987408048628212,True
2020-05-18,9.5092632383415,0.15560845445141908,3.5450503621482206,4.484491120703263,-1.1102426739407198e-16,1.4797217554900173,True
2020-05-19,9.475311564238343,0.1549710799995192,3.522402491714044,4.484509806082349,-1.110247299951717e-16,1.4683992664419496,True
2020-05-20,9.626389233031132,0.16146962543607934,3.587488964294086,4.4845308049776005,-1.1102524987287878e-16,1.554369463759444,True
2020-05-21,9.546708752716503,0.15781221561808684,3.5555696886185504,4.484551803971179,-1.1102576975302022e-16,1.5065872601267736,True
2020-05-22,9.5698665121812,0.15885405251832982,3.5650830552661468,4.4845713793956135,-1.1102625438931411e-16,1.520212077519438,True
2020-05-26,9.580702526199866,0.15801339107171639,3.582232276280168,4.484590954905497,-1.1102673902772348e-16,1.5138792950142006,True
2020-05-27,9.638449486543237,0.15927663673847958,3.6186577147721746,4.48461195418073,-1.1102725891483794e-16,1.5351798175903322,True
2020-05-28,9.62299173848293,0.1585154725443157,3.6129626768786802,4.484635978888583,-1.110278537037486e-16,1.5253930827156679,True
2020-05-29,9.720478252189507,0.16340096753863761,3.6474821632346535,4.484660537608804,-1.110284617134084e-16,1.5883355513460504,True
2020-06-01,9.75291631627902,0.1648644489746852,3.66032382506145,4.484683316838013,-1.1102902566752644e-16,1.607909174379557,True
2020-06-02,9.81241538320574,0.16713071417540415,3.687753296241916,4.484706096182927,-1.11029589624509e-16,1.6399559907808974,True
2020-06-03,9.86753549869325,0.16845299611473624,3.720587678631165,4.48473190103869,-1.1103022848522457e-16,1.662215919023396,True
2020-06-04,9.815854551474953,0.16589917816526095,3.702654108454851,4.48475823994067,-1.1103088056752723e-16,1.6284422030794308,True
2020-06-05,9.996559571255673,0.17255602958720462,3.786809786843496,4.484783155264331,-1.1103149740575523e-16,1.7249666291478476,True
2020-06-08,10.072544508536735,0.17506460986851619,3.824389473202996,4.48480896056349,-1.1103213627744813e-16,1.7633460747702485,True
2020-06-09,10.111505693485425,0.17828059314537031,3.823984271097812,4.484836189760242,-1.1103281040112008e-16,1.8026852326273706,True
2020-06-10,10.188866429045987,0.1833116847789809,3.8362626031892972,4.484865554760271,-1.1103353740169327e-16,1.8677382710964188,True
2020-06-11,9.708286598425675,0.1640608264260389,3.6306421559545514,4.48489491995257,-1.1103426440702657e-16,1.5927495225185542,True
2020-06-12,9.779022735710862,0.1664062735426789,3.666809853700866,4.484922149671218,-1.110349385436193e-16,1.627290732338778,True
2020-06-15,9.875850117399233,0.17058458148205008,3.7062335127057757,4.484948845637454,-1.110355994658988e-16,1.6846677590560033,True
2020-06-16,10.032410437013688,0.17679781440190542,3.7737257669342528,4.484976431632551,-1.1103628242296426e-16,1.7737082384468847,True
2020-06-17,10.047853892175254,0.17824495118924463,3.771869757935064,4.485004907672749,-1.1103698741521784e-16,1.79097922656744,True
2020-06-18,10.067535410637495,0.17926891095187195,3.7777050278256272,4.485034273777479,-1.1103771444314052e-16,1.8047961090343907,True
2020-06-19,10.053962253033466,0.17926276796344748,3.766601959920008,4.485059190634661,-1.110383313193345e-16,1.802301102478798,True
2020-06-22,10.152748245731335,0.18383152521473456,3.801268409030353,4.485084641566971,-1.1103896141783133e-16,1.8663951951340119,True
2020-06-23,10.226441590592678,0.1872730549284087,3.826195074171478,4.485109558703974,-1.1103957830095294e-16,1.915136957717226,True
2020-06-24,10.025390802265568,0.17977365052657185,3.7379552238073632,4.4851344759794065,-1.1104019518750168e-16,1.802301102478798,True
2020-06-25,10.111025113405573,0.18297687378019573,3.775782843955088,4.485158503486483,-1.1104079004571383e-16,1.8500837659640006,True
2020-06-26,9.88864029462117,0.17364356013029572,3.6863599478071816,4.485181641208072,-1.1104136287516526e-16,1.7170987056059164,True
2020-06-29,9.990739571907657,0.17736236370354472,3.733553073287273,4.485205313000301,-1.1104194892680845e-16,1.7719811856200824,True
2020-06-30,10.153163980662129,0.1845610726678118,3.794057584376408,4.485227561042528,-1.1104249973012654e-16,1.8738788352431925,True
2020-07-01,10.255590269321615,0.18924811677620673,3.829487535375836,4.485251589048274,-1.1104309460068444e-16,1.9408511448975065,True
2020-07-02,10.320410735493496,0.19205717791699942,3.8530270474402437,4.485274727250067,-1.1104366744202445e-16,1.9821089608031852,True
2020-07-06,10.543187888804088,0.20181364012100164,3.930130362951292,4.485298399533583,-1.1104425350583061e-16,2.1277591263192113,True
2020-07-07,10.467571586433701,0.1992750236116494,3.8963248293877686,4.485321182002727,-1.1104481754016093e-16,2.085925575043206,True
2020-07-08,10.588371445963704,0.20457713788002066,3.93688662028407,4.485346100453843,-1.1104543445581654e-16,2.16613872522579,True
2020-07-09,10.64788575264065,0.20851592165262287,3.9422619121823312,4.485370129094622,-1.110460293420962e-16,2.2202537113636973,True
2020-07-10,10.728507260153926,0.21133125289418062,3.975846357208046,4.4853920219732375,-1.1104657135249246e-16,2.267268880972642,True
2020-07-13,10.53033705117823,0.20200529579092708,3.9177398193944253,4.485413380982388,-1.1104710014567757e-16,2.1271838508014174,True
2020-07-14,10.614704299124238,0.20464813540175247,3.9569892264107986,4.485435630056699,-1.1104765097454733e-16,2.172279442656741,True
2020-07-15,10.647678880029144,0.20502364077307264,3.9791936870735913,4.485459303189425,-1.110482370593777e-16,2.1830258897661277,True
2020-07-16,10.580751919748195,0.20189519182739563,3.959067428741024,4.485481552491525,-1.1104878789388692e-16,2.1362029385156465,True
2020-07-17,10.598779446842665,0.20249327726314365,3.967097975654829,4.485499886007415,-1.1104924178377449e-16,2.14618158518042,True
2020-07-20,10.853789808445585,0.21456724838875535,4.039403419067809,4.4855185755896905,-1.1104970448893415e-16,2.328867813788085,True
2020-07-21,10.762603350489009,0.20946713702293795,4.022654374498756,4.485537265249839,-1.1105016719602176e-16,2.2544117107404125,True
2020-07-22,10.80725474899078,0.21101656012262252,4.04118818251398,4.48555684497589,-1.1105065193881244e-16,2.280509721500911,True
2020-07-23,10.55172844314784,0.19919514027237303,3.964300770994114,4.485574644804905,-1.1105109261600924e-16,2.1018530273488225,True
2020-07-24,10.45798443200707,0.19503549839263098,3.9327132474269018,4.485592978701292,-1.110515465153169e-16,2.0396782058788747,True
2020-07-27,10.617000548141677,0.2024349542785108,3.9821381049301614,4.485610422673531,-1.1105197838243094e-16,2.1492520205379844,True
2020-07-28,10.498263802782947,0.19702905361861603,3.9441738443696615,4.485626976712388,-1.1105238821712277e-16,2.0684629817008973,True
2020-07-29,10.615693437051522,0.20148370489480796,3.991158882504212,4.4856453108226715,-1.1105284212172594e-16,2.1388892437246385,True
2020-07-30,10.65377066200161,0.20402381911826364,3.9944863525447967,4.485661330985133,-1.1105323873903501e-16,2.1736229784716805,True
2020-07-31,10.82245930535052,0.21167756981492758,4.04591095898081,4.4856764611921625,-1.1105361332337598e-16,2.2908718851775474,True
2020-08-03,10.94925710833122,0.21702540517140095,4.087298912626358,4.485691235443436,-1.1105397909518371e-16,2.3762669602614253,True
2020-08-04,10.995646356995362,0.2189195682076946,4.102779084631311,4.485705119726118,-1.1105432283369754e-16,2.4071621526379348,True
2020-08-05,11.032676648855436,0.2199241564491169,4.120603403377852,4.485721140102183,-1.1105471945629487e-16,2.4263521053754014,True
2020-08-06,11.166631822460424,0.22560340911075816,4.161663564470024,4.48573805055865,-1.1105513811495424e-16,2.51923020743175,True
2020-08-07,11.061799557891433,0.22029925312682688,4.139139662008639,4.485753715040646,-1.1105552592654555e-16,2.4369061808421466,True
2020-08-10,11.026343982861073,0.21803164079602233,4.136482732719183,4.485769379577343,-1.110559137394911e-16,2.4040918705645478,True
2020-08-11,10.83367257175779,0.20931520525145172,4.080235129604542,4.485785044168742,-1.1105630155379095e-16,2.2676523979845045,True
2020-08-12,11.083084330546045,0.21991079183804293,4.159991634504547,4.48580284490331,-1.1105674225340686e-16,2.437289851138187,True
2020-08-13,11.101164418110383,0.22109111096313563,4.160974998217412,4.485820645708515,-1.1105718295477157e-16,2.4543687741844558,True
2020-08-14,11.091698319363427,0.22063968329349298,4.158592848494939,4.485836666497172,-1.110575795875836e-16,2.447268804371315,True
2020-08-17,11.203250502380484,0.22565391917450248,4.189340787701073,4.485852331323541,-1.1105796740770068e-16,2.52805738335587,True
2020-08-18,11.302217960886729,0.23024884643071483,4.214027851109235,4.485867462174818,-1.1105834200799152e-16,2.6023226476026755,True
2020-08-19,11.228434483827128,0.22723284288494397,4.191080131683309,4.485885263236441,-1.1105878271570447e-16,2.5514690889073766,True
2020-08-20,11.369012737640274,0.23365589683304905,4.226673696008951,4.485902174311626,-1.1105920138968167e-16,2.6564368673196963,True
2020-08-21,11.446629985328569,0.2369165427628182,4.248816143552562,4.485917839366753,-1.110595892154622e-16,2.711896002409253,True
2020-08-24,11.531713251223696,0.23952835391561106,4.283607453854663,4.4859335044765825,-1.1105997704259703e-16,2.7621722928924513,True
2020-08-25,11.620541490703019,0.24324601092586892,4.307942492689301,4.485948635601658,-1.110603516496664e-16,2.82665036241206,True
2020-08-26,11.869075612963842,0.25339878883438266,4.37550068113935,4.485965546915747,-1.1106077032955824e-16,3.0076093849087453,True
2020-08-27,11.83980855872425,0.2517236695094762,4.373466399767299,4.485982102265181,-1.1106118019669653e-16,2.9803600566917714,True
2020-08-28,11.911125182984666,0.25408306612552,4.398710961781593,4.485999013705434,-1.1106159887971186e-16,3.026415207497639,True
2020-08-31,11.99088466298373,0.2582342565305043,4.408411551685661,4.48601592520944,-1.1106201756430556e-16,3.0964571860886303,True
2020-09-01,12.21014603115027,0.2667672940432077,4.4668455777707,4.486032836777199,-1.1106243625047763e-16,3.2572676166023697,True
2020-09-02,12.355535754892493,0.27106772159215065,4.5202981902683605,4.486050638495071,-1.1106287697443757e-16,3.349186926129061,True
2020-09-03,11.64889666190962,0.24336219290318928,4.3279271850810686,4.486068440283584,-1.110633177001464e-16,2.8349010365449665,True
2020-09-04,11.485544494818887,0.23664844633302098,4.2814219926884745,4.48608624214274,-1.1106375842760417e-16,2.718036259987672,True
2020-09-08,10.940002946213742,0.21333243983619282,4.120040847752646,4.486104578130179,-1.1106421237868082e-16,2.3338575203309153,True
2020-09-09,11.241749608354903,0.2254444869102845,4.221235331632285,4.486123804293156,-1.110646883681748e-16,2.534390472429463,True
2020-09-10,11.016431735891736,0.216747159638899,4.142508951306286,4.4861424964750904,-1.1106515113769523e-16,2.3877802881103594,True
2020-09-11,10.950934364603707,0.21327712585750222,4.1291897251744185,4.486160832692459,-1.110656050944643e-16,2.335583806736831,True
2020-09-14,11.134421246154826,0.22056863255047507,4.192338008664726,4.486179168984773,-1.1106605905308883e-16,2.4559040685053266,True
2020-09-15,11.279131944356392,0.22699410120800478,4.232638554957389,4.486196971283327,-1.1106649979142497e-16,2.5602964181156747,True
2020-09-16,11.113996895841174,0.2192991300951518,4.190492271050459,4.486214773652526,-1.1106694053151008e-16,2.437289851138187,True
2020-09-17,10.950593859283822,0.21231999540073335,4.139331245353013,4.48623257609237,-1.1106738127334415e-16,2.32503003783844,True
2020-09-18,10.810559749553084,0.20676284266073336,4.089089976755563,4.486247708226219,-1.110677559053881e-16,2.2352220645713015,True
2020-09-21,10.81920372504609,0.20904530528361084,4.071237495059271,4.4862624843589805,-1.1106812172377654e-16,2.2617037456278397,True
2020-09-22,11.001351635672311,0.21681751664703794,4.1297891678032235,4.486276726461788,-1.1106847432098048e-16,2.385285741407299,True
2020-09-23,10.66955590299359,0.20285866116282208,4.0188516844855515,4.486292392824875,-1.1106886217914267e-16,2.164411825683165,True
2020-09-24,10.71594700065523,0.20493519285657447,4.03356427619245,4.486308059242669,-1.1106925003865927e-16,2.1960746652201104,True
2020-09-25,10.949357456068686,0.21462232713535254,4.113056262354264,4.4863246158561365,-1.1106965993709176e-16,2.349976577858285,True
2020-09-28,11.165561650900688,0.22294393647780594,4.189926745018572,4.486340638444688,-1.1107005661446445e-16,2.489294267437429,True
2020-09-29,11.118622600616948,0.2215379097249358,4.169069885624881,4.4863563050309585,-1.110704444781521e-16,2.4631964099611086,True
2020-09-30,11.197461518243273,0.22433101126388655,4.199152214685158,4.486371437582147,-1.110708191205283e-16,2.511937865975968,True
2020-10-01,11.361915074333945,0.23143730954781278,4.245957448034982,4.4863865701843775,-1.110711937641682e-16,2.6295710561145853,True
2020-10-02,11.065206709781336,0.21804627766833992,4.1660782283082725,4.486401346774502,-1.1107155959387975e-16,2.4127271346985593,True
2020-10-05,11.298759406898,0.22700739985170718,4.247440932910453,4.486416479477617,-1.1107193424001724e-16,2.564901994509932,True
2020-10-06,11.092899330651502,0.2187993754942815,4.179348272452244,4.486431612231775,-1.1107230888741844e-16,2.427119445967482,True
2020-10-07,11.293049757412064,0.22622151480751004,4.251871655357991,4.486447279135732,-1.1107269675897116e-16,2.5547308229183407,True
2020-10-08,11.360835123096985,0.22818239973485574,4.2820295556222785,4.4864629460944,-1.1107308463187836e-16,2.5923426213803054,True
2020-10-09,11.528015506228371,0.23487766202493768,4.3338635632304445,4.486478613107777,-1.1107347250614004e-16,2.7076733298901483,True
2020-10-12,11.882323705899498,0.24912721717602088,4.435618297113422,4.48649517035067,-1.1107388242015543e-16,2.9602102384354056,True
2020-10-13,11.868175252404168,0.24945657656885736,4.421069690271845,4.486511193548345,-1.110742791126084e-16,2.9605943685839784,True
2020-10-14,11.762725637496928,0.24547724598610443,4.388716391802563,4.486527750911475,-1.1107468902960057e-16,2.8874814947828904,True
2020-10-15,11.685626393016069,0.24198975202927528,4.371279005270064,4.486545554593292,-1.1107512980218266e-16,2.827801833152713,True
2020-10-16,11.628973542589577,0.23943926126188547,4.357978240160249,4.48656246815767,-1.1107554853778578e-16,2.7844328342716596,True
2020-10-19,11.421929971188618,0.23166615073227592,4.289276929234042,4.486578491595694,-1.1107594523618918e-16,2.6460745503588825,True
2020-10-20,11.452225180104502,0.23254457700456607,4.302477804745117,4.486594515090943,-1.1107634193600938e-16,2.663152860268442,True
2020-10-21,11.43959877180046,0.23219738808300228,4.296742387430978,4.486611428839895,-1.1107676067618205e-16,2.6562449555295875,True
2020-10-22,11.452666824199918,0.23204976495196028,4.308450727118435,4.486627452452778,-1.1107715737891453e-16,2.6575886446287043,True
2020-10-23,11.479784057163343,0.2328555700095568,4.320009811027399,4.486642585918551,-1.1107753204393345e-16,2.673131660217393,True
2020-10-26,11.285636170006029,0.2260640722522557,4.247701936105215,4.486657363351902,-1.1107789789452108e-16,2.551276870548913,True
2020-10-27,11.35516743871741,0.22998626732823851,4.256963257891345,4.486671606708293,-1.110782505227605e-16,2.611532574117772,True
2020-10-28,10.892991433650545,0.21161061268293146,4.101231211889732,4.486687630536097,-1.1107864723081383e-16,2.305072591224716,True
2020-10-29,11.066957120790136,0.21887876959716382,4.15793150858589,4.486703654421129,-1.11079043940284e-16,2.4223219577831157,True
2020-10-30,10.824084746362121,0.20822417612831035,4.083530185652239,4.486718432055619,-1.1107940979585128e-16,2.253836128654264,True
2020-11-02,10.852299499822614,0.2077535244289191,4.110962820837488,4.48673320973878,-1.1107977565262358e-16,2.254603469246344,True
2020-11-03,11.037571128500993,0.21454130433246146,4.182808234459456,4.486747987470615,-1.1108014151060089e-16,2.3680149065709215,True
2020-11-04,11.497771730484896,0.23379314094243273,4.322907552204516,4.486764011571207,-1.1108053822540777e-16,2.688100166709174,True
2020-11-05,11.803732564537157,0.24530725014306454,4.421412598301912,4.486778789404492,-1.110809040858967e-16,2.895541176830753,True
2020-11-06,11.814681568890736,0.24590830947217202,4.422559273952059,4.486793923380727,-1.1108127876355333e-16,2.9053283715579497,True
2020-11-09,11.619983745794734,0.23476918728211002,4.405160904250645,4.486808701312531,-1.1108164462648136e-16,2.7280141402315583,True
2020-11-10,11.430126753154434,0.225791848380273,4.362472936805579,4.486824369533307,-1.110820325306351e-16,2.580829446815548,True
2020-11-11,11.668615310103291,0.23604387175113978,4.4274697804251915,4.486840393906693,-1.110824292521956e-16,2.7543051357714075,True
2020-11-12,11.596465977990718,0.23403734530385203,4.395603447258024,4.486856418337308,-1.11082825975173e-16,2.714006112395386,True
2020-11-13,11.717383144197509,0.2376981396433197,4.445311416758381,4.486871552575387,-1.1108320065931218e-16,2.78520017486374,True
2020-11-16,11.826578839093063,0.24092293747844984,4.490398394095413,4.486886330762874,-1.1108356652857025e-16,2.849294114234776,True
2020-11-17,11.781105569226288,0.23962131752507415,4.471201846234526,4.48689968459177,-1.1108389713443615e-16,2.8230040383999917,True
2020-11-18,11.672255043788436,0.23624964439317694,4.4277750117095165,4.486913928717435,-1.1108424978172075e-16,2.757566103361484,True
2020-11-19,11.767228084385412,0.24014857208128737,4.454417779936964,4.486927282628468,-1.1108458038962014e-16,2.8258830218199793,True
2020-11-20,11.67937547937537,0.2370422710891783,4.423931825052546,4.486937965788425,-1.110848448767104e-16,2.768505688534398,True
2020-11-23,11.693295762102323,0.23680924185413837,4.43726696503509,4.486948292867574,-1.1108510054817142e-16,2.7690805041996605,True
2020-11-24,11.873450259904086,0.24275169558352025,4.504189320272897,4.486960756612884,-1.1108540911789648e-16,2.882300183018306,True
2020-11-25,11.938142796155033,0.24598524056924084,4.514560867560458,4.4869750009324285,-1.1108576176998104e-16,2.936606927662145,True
2020-11-27,12.045456179073133,0.2504529918043667,4.541646396078678,4.486989245297193,-1.1108611442318513e-16,3.0168205376972614,True
2020-11-30,12.05559224973722,0.25153174589898364,4.536225839993158,4.4870022433214025,-1.110864362202579e-16,3.032364166422659,True
2020-12-01,12.228649541182474,0.25771715785564825,4.590101139520874,4.487015597495276,-1.1108676683466454e-16,3.151532804166324,True
2020-12-02,12.249106391167794,0.2583206764987588,4.597879099707142,4.487029841988918,-1.110871194910593e-16,3.1641974494717346,True
2020-12-03,12.264603704626001,0.2590426327140388,4.600505275540396,4.487043196244931,-1.110874501074995e-16,3.177055232840673,True
2020-12-04,12.332769141433083,0.26076949281215234,4.629702636911526,4.4870565505406885,-1.1108778072492366e-16,3.216009953980868,True
2020-12-07,12.395632763431193,0.26384366865078274,4.638053635003477,4.487069904876191,-1.110881113433318e-16,3.270509223551526,True
2020-12-08,12.440215570969992,0.26530446235956756,4.652688498317364,4.487082368959313,-1.1108841992142017e-16,3.3004447036933144,True
2020-12-09,12.145626679038863,0.2535380806239927,4.579153325899776,4.487094476960014,-1.1108871968383942e-16,3.0793788761790717,True
2020-12-10,12.19188869780173,0.2556767714158487,4.587599016975015,4.487106941111391,-1.1108902826361763e-16,3.1171827397153224,True
2020-12-11,12.162255199842939,0.2545010431201126,4.579829159492506,4.487119405297392,-1.11089336844253e-16,3.0953066350530416,True
2020-12-14,12.234640447350365,0.258390819593292,4.586190695514197,4.487130979216068,-1.1108962338419863e-16,3.1613187726201017,True
2020-12-15,12.388416396899778,0.26311438473277254,4.641704175955083,4.487141662861018,-1.1108988788329602e-16,3.2595705580836762,True
2020-12-16,12.459525682711824,0.2660022152749186,4.65811012269227,4.487154127143468,-1.1109019646631923e-16,3.3142614328760875,True
2020-12-17,12.555720662038217,0.2693746608379504,4.686360185356248,4.487167481769377,-1.1109052709191708e-16,3.382192994912591,True
2020-12-18,12.50245330619744,0.2675753796791708,4.669922889125365,4.487181726745192,-1.1109087976024918e-16,3.3453486903268836,True
2020-12-21,12.477276334223006,0.2671156151710268,4.657205018781905,4.487195971766228,-1.1109123242970085e-16,3.3328753436748726,True
2020-12-22,12.50598755853592,0.2686045952272857,4.659611971751481,4.487209860706427,-1.110915762835226e-16,3.359165726078012,True
2020-12-23,12.445701534835875,0.2658351798157492,4.649972479700018,4.4872237496896155,-1.1109192013840867e-16,3.308505305446241,True
2020-12-24,12.508003845387222,0.2679475959929446,4.669277179822475,4.487237104522734,-1.110922507691365e-16,3.351489561042013,True
2020-12-28,12.652158726287103,0.272842291667295,4.712864285472967,4.487250459395599,-1.1109258140084835e-16,3.4520439814185377,True
2020-12-29,12.659956845094909,0.27347755781350236,4.710478060439188,4.487264704634835,-1.1109293407570207e-16,3.4622140800208876,True
2020-12-30,12.662834853882469,0.2733699595045706,4.713915472082707,4.487280730580846,-1.110933308361967e-16,3.461638651218916,True
2020-12-31,12.707678273646346,0.2745345214986379,4.7316887041826154,4.4872931952495945,-1.1109363942878366e-16,3.488696374214136,True
2021-01-04,12.48951679366184,0.2671150452994099,4.666074179938579,4.4873047696165385,-1.1109392597982722e-16,3.336137844106723,True
2021-01-05,12.60849837755144,0.271230153207416,4.701376552675339,4.487316878217368,-1.1109422575710408e-16,3.4198049466587332,True
2021-01-06,12.448574774549764,0.2633535763421959,4.682867319777037,4.487330767531802,-1.110945696201909e-16,3.2783766872409252,True
2021-01-07,12.776822474808219,0.2751214601440597,4.774299762648316,4.487344656889226,-1.1109491348434207e-16,3.5151780552706753,True
2021-01-08,12.95737850872597,0.2818027818692841,4.818594296806215,4.487358902427501,-1.1109526616659922e-16,3.651425309492254,True
2021-01-11,12.744953700161759,0.27383701388173404,4.767540488837505,4.487373148011001,-1.11095618849976e-16,3.490040063313253,True
2021-01-12,12.726519665479668,0.27304243759786373,4.764252320240225,4.4873873936397235,-1.1109597153447242e-16,3.4748799515997177,True
2021-01-13,12.816584004106954,0.27639406014277024,4.786754674737277,4.487401639313671,-1.1109632422008847e-16,3.5424276900560043,True
2021-01-14,12.74149535133067,0.2737908201692906,4.765575003873801,4.487415885032842,-1.1109667690682416e-16,3.488504462424028,True
2021-01-15,12.620438001862196,0.2696963118126947,4.729323178861394,4.487429240437792,-1.1109700755170904e-16,3.403685582563009,True
2021-01-19,12.821087257144109,0.2769854569640443,4.782389948565672,4.487442595882491,-1.1109733819757797e-16,3.5512547126959464,True
2021-01-20,13.157361436133224,0.2887206942117341,4.871103313078163,4.487455595219978,-1.1109766002716405e-16,3.798802527835083,True
2021-01-21,13.273492481524933,0.29330761210613654,4.892807146716985,4.487468950743113,-1.110979906749749e-16,3.893216384064835,True
2021-01-22,13.222490681611818,0.2917685832946052,4.8771013576548725,4.487481950156947,-1.1109831250645109e-16,3.8579073737999985,True
2021-01-25,13.359356778588445,0.29679462326758765,4.906877101005355,4.487494415384639,-1.1109862111287603e-16,3.964985262198451,True
2021-01-26,13.363350962402128,0.2970219031053623,4.9066361470376165,4.487506880646956,-1.1109892972015822e-16,3.9692079347175553,True
2021-01-27,12.914927350534947,0.2825507942943642,4.778285379594125,4.487518989793164,-1.1109922951093724e-16,3.6491229811476575,True
2021-01-28,13.003352631714389,0.2847615074252841,4.812968660362914,4.487529674361949,-1.1109949403290634e-16,3.702854296989525,True
2021-01-29,12.673896484113714,0.27396416701515763,4.714163522433679,4.487539468573487,-1.1109973651195948e-16,3.472193493106549,True
2021-02-01,13.027261256753397,0.28612438894483816,4.81229607377228,4.4875480162677865,-1.1109994813050704e-16,3.72741716671333,True
2021-02-02,13.280930310424939,0.2942414235571683,4.885573905743592,4.487556563978368,-1.111001597494577e-16,3.907799840702979,True
2021-02-03,13.228264561300332,0.29201838603282354,4.877802626233638,4.4875654678605725,-1.1110038018628588e-16,3.8628964672061192,True
2021-02-04,13.421467021628327,0.2979948350751182,4.9343665790718525,4.487572590980204,-1.1110055653609174e-16,3.9995278515762713,True
2021-02-05,13.4813835817598,0.2997734556316365,4.952444705431651,4.4875779333284065,-1.111006887986561e-16,4.041360942999744,True
2021-02-08,13.594923233981277,0.3030854021614939,4.986918429121754,4.48758202913367,-1.111007902000786e-16,4.120422775725852,True
2021-02-09,13.590823207515381,0.30303562889018637,4.984733958983988,4.48758559070663,-1.1110087837530696e-16,4.118503657824763,True
2021-02-10,13.554895719005323,0.3016869773879114,4.977968733423489,4.487591467306777,-1.1110102386455166e-16,4.089335518275056,True
2021-02-11,13.638622416060063,0.30467500474099646,4.99567736671357,4.4875977000727305,-1.111011781715299e-16,4.15534734927376,True
2021-02-12,13.735546708687355,0.30766642826120966,5.021976179763164,4.487603932847341,-1.1110133247872248e-16,4.225966596076852,True
2021-02-16,13.691278655078625,0.3060822653154854,5.013010903636001,4.487610165630607,-1.1110148678612935e-16,4.190657585812017,True
2021-02-17,13.62149520148579,0.30336756081080485,5.001559029192433,4.487616398422531,-1.1110164109375054e-16,4.132319773870827,True
2021-02-18,13.544274344541162,0.3009884361141598,4.979981760053471,4.48762263122311,-1.1110179540158606e-16,4.076669953264581,True
2021-02-19,13.475290214373802,0.2985418921168415,4.964724849881919,4.48762672706917,-1.1110189680401857e-16,4.022938637422714,True
2021-02-22,13.080217403743445,0.2837336012793452,4.881289391343582,4.487630822918968,-1.1110199820654362e-16,3.711297189480895,True
2021-02-23,13.042913208308146,0.2820145598241582,4.876986506108686,4.48763527493374,-1.1110210842678158e-16,3.6782914272657203,True
2021-02-24,13.178544578319087,0.28583940315023526,4.92395789087225,4.48763937079134,-1.1110220982949979e-16,3.7669473166554965,True
2021-02-25,12.640005221637505,0.26689526771076444,4.778803287085641,4.4876443570574605,-1.111023332764034e-16,3.373557577494402,True
2021-02-26,12.688367160920208,0.2698707307570456,4.776498009354408,4.487650233734564,-1.1110247876755336e-16,3.4242189178312366,True
2021-03-01,13.116699970902511,0.28382220214478654,4.906232833706366,4.487656466582137,-1.111026330765523e-16,3.722810670614008,True
2021-03-02,12.879753703102681,0.2751874440374522,4.84774574884669,4.487661452867253,-1.1110275652392617e-16,3.544346501388737,True
2021-03-03,12.469892359396301,0.25957937029198763,4.745297867404932,4.4876676857304085,-1.111029108333109e-16,3.2369268062609597,True
2021-03-04,12.241662259597074,0.25134527955919356,4.6771043180871965,4.487673918602221,-1.1110306514290993e-16,3.076884022907656,True
2021-03-05,12.457691381012385,0.2580467337912864,4.755345904655551,4.487678904906728,-1.1110318859076388e-16,3.214666571450106,True
2021-03-08,12.103740353806751,0.24288935888629923,4.676186727927624,4.487683891216776,-1.11103312038755e-16,2.9398697346623504,True
2021-03-09,12.575528131441988,0.2613053070052983,4.801785768190679,4.487690124111095,-1.1110346634891126e-16,3.286052239140214,True
2021-03-10,12.555609318394437,0.2594884475704429,4.809877391049205,4.487696357014072,-1.1110362065928186e-16,3.2580355703311596,True
2021-03-11,12.861443207971583,0.270894281039715,4.889650097505378,4.487701699509616,-1.1110375292549398e-16,3.484091410956588,True
2021-03-12,12.758168514558296,0.2662883926516848,4.873109641792243,4.487706685844991,-1.1110387637411214e-16,3.397352186921062,True
2021-03-15,12.90734814448683,0.2716256556525654,4.913670104069649,4.487711137935023,-1.1110398659621337e-16,3.505966902482159,True
2021-03-16,12.975306340200083,0.27463989421613977,4.924055770313932,4.487713809191593,-1.1110405272953725e-16,3.5635367606945585,True
2021-03-17,13.038744366690302,0.2767475174534286,4.942588998636172,4.487715233862711,-1.1110408800066677e-16,3.6084401341914187,True
2021-03-18,12.595877152788422,0.2601823980430873,4.830934971185513,4.487716658534281,-1.1110412327180748e-16,3.2772255230686262,True
2021-03-19,12.641756335532598,0.262547318547805,4.834979915117521,4.487717192786269,-1.1110413649848893e-16,3.319059227628809,True
2021-03-22,12.883326125863698,0.27135759624086925,4.899619633555807,4.487718083206327,-1.1110415854295997e-16,3.4959884091015634,True
2021-03-23,12.807685805372481,0.26939423934495976,4.869650056438361,4.487718973626563,-1.111041805874354e-16,3.450316775307558,True
2021-03-24,12.580004418429183,0.2604191252079615,4.816209918202181,4.487720754467385,-1.1110422467639493e-16,3.2760737457596183,True
2021-03-25,12.571729405951432,0.25918624945656626,4.825586586310375,4.487723425729679,-1.1110429080986052e-16,3.2584193939113777,True
2021-03-26,12.790729669131707,0.26600068183599745,4.900660758969187,4.487726096993563,-1.1110435694336547e-16,3.402342813168956,True
2021-03-29,12.78687690783735,0.26593069649766987,4.8987250574471535,4.487728768259037,-1.111044230769098e-16,3.400423082131158,True
2021-03-30,12.719694866199447,0.2635334677186255,4.879899376852204,4.4877301929349045,-1.1110445834815687e-16,3.3520652964123383,True
2021-03-31,12.917373470125455,0.27114746751708596,4.927127858694684,4.4877325080338615,-1.1110451566395005e-16,3.5025131033969097,True
2021-04-01,13.164055734345455,0.2795942326934913,4.995726849032771,4.487734823134012,-1.1110457297977281e-16,3.6805940621786717,True
2021-04-05,13.470844671635465,0.28963736015072195,5.0814485341307485,4.487736247811801,-1.111046082510675e-16,3.901659889692915,True
2021-04-06,13.458370462247583,0.28922139926399015,5.078182806259865,4.487738919083317,-1.111046743847614e-16,3.8924487369044,True
2021-04-07,13.49623653702752,0.29054274910287187,5.087261280660498,4.487741590356424,-1.1110474051849469e-16,3.921233666010599,True
2021-04-08,13.657282220833523,0.29608117674254336,5.125874658577895,4.487743371206221,-1.1110478460767644e-16,4.043664191049405,True
2021-04-09,13.764746799971398,0.2990951031160593,5.1600341748360306,4.487744261631474,-1.1110480665227609e-16,4.116968363503893,True
2021-04-12,13.746201555936338,0.2983259985887198,5.157607454073069,4.487744795886748,-1.111048198790389e-16,4.100849305976522,True
2021-04-13,13.92441863589858,0.30459574151598273,5.195353439580266,4.487746576737817,-1.1110486396825213e-16,4.241318619580497,True
2021-04-14,13.73544335439433,0.2979449143496936,5.1552886125987625,4.487749248015482,-1.1110493010209824e-16,4.092405493780087,True
2021-04-15,13.982968308842999,0.3055983901346796,5.222043785061598,4.487751919294737,-1.1110499623598373e-16,4.273172604486664,True
2021-04-16,14.012793448513957,0.30623525629052295,5.2338283553134906,4.487753700148633,-1.1110504032526695e-16,4.2912113930518325,True
2021-04-19,13.858930742832879,0.3011887546754915,5.197021526432746,4.487755124832415,-1.1110507559670999e-16,4.174154091567719,True
2021-04-20,13.729624743816029,0.2973723312612966,5.159056430289507,4.487757796115167,-1.1110514173068207e-16,4.082810517411354,True
2021-04-21,13.879360244095544,0.30160266293243293,5.205547767278276,4.48776046739951,-1.1110520786469352e-16,4.186052009417758,True
2021-04-22,13.671850007070613,0.2950358136619675,5.150401833456073,4.487762782514085,-1.1110526518087337e-16,4.033685391100454,True
2021-04-23,13.884175812860565,0.30147041079388104,5.210742173221629,4.487765453801395,-1.111053313149583e-16,4.1856681858375415,True
2021-04-26,13.989481275914795,0.30512692003882985,5.233145816163737,4.487768125090296,-1.1110539744908261e-16,4.268567334660761,True
2021-04-27,13.9215506468931,0.30259083900358585,5.221247406640146,4.487769549778657,-1.1110543272063902e-16,4.212533690474297,True
2021-04-28,13.868606781264907,0.30061887714588037,5.211670452463759,4.48777133063955,-1.1110547681009545e-16,4.169164998161598,True
2021-04-29,13.936425727105764,0.3021577257453872,5.237654269055054,4.487772755328929,-1.1110551208167706e-16,4.210998702721781,True
2021-04-30,13.822993761509892,0.2989176764348546,5.203282404927104,4.48777418001876,-1.1110554735326986e-16,4.131937176564028,True
2021-05-03,13.747200872785154,0.2956520789951359,5.19503764010488,4.487774714277595,-1.1110556058012085e-16,4.064388518402677,True
2021-05-04,13.470275780329306,0.28583163143683743,5.132269273424594,4.487775604709067,-1.1110558262487444e-16,3.8502309021956442,True
2021-05-05,13.417548717914386,0.28360822845753947,5.124444110211595,4.487777385572362,-1.1110562671439035e-16,3.805327222130429,True
2021-05-06,13.540606030090796,0.2871814451309682,5.164216412156555,4.487778810263663,-1.1110566198601954e-16,3.888610807670577,True
2021-05-07,13.675533594031366,0.29130793061664595,5.203961967720251,4.487780234955416,-1.1110569725765994e-16,3.9837913913557,True
2021-05-10,13.284698726923509,0.27734406129314576,5.11248476929504,4.487781659647621,-1.1110573252931153e-16,3.684432297980849,True
2021-05-11,13.239931311316322,0.27689036242459414,5.086139381968744,4.48778255008047,-1.1110575457409924e-16,3.6660093792671082,True
2021-05-12,12.84106382768767,0.2637624521259672,4.9662890136441895,4.487784330946521,-1.111057986636834e-16,3.3869904830969584,True
2021-05-13,12.961478590130916,0.26681959417721723,5.015316020962217,4.487786111813279,-1.1110584275328505e-16,3.4583764573554205,True
2021-05-14,13.280250771871195,0.27735020048755527,5.109183021260357,4.4877875365073505,-1.1110587802498284e-16,3.683280214103487,True
2021-05-17,13.19607919019555,0.27440765047511995,5.087185677189001,4.487788426941366,-1.1110590006979942e-16,3.621105086065184,True
2021-05-18,13.081003253115833,0.2710124516513252,5.048099174054393,4.487789317375558,-1.1110592211462038e-16,3.5451147616858822,True
2021-05-19,13.090334383695225,0.27181602189373405,5.044380668016129,4.487791098244295,-1.1110596620427102e-16,3.558162617434801,True
2021-05-20,13.371971052327693,0.28147513380200423,5.12030172249821,4.487791988679017,-1.111059882491051e-16,3.7638773411504647,True
2021-05-21,13.29353143528922,0.27845890545574403,5.104036699237086,4.487792522939973,-1.1110600147600858e-16,3.7017022131121617,True
2021-05-24,13.547842910502649,0.2869146942771227,5.172974646520306,4.487793057200991,-1.1110601470291362e-16,3.8870752067813514,True
2021-05-25,13.564489652772618,0.2879490077343402,5.170814725371944,4.487793591462074,-1.1110602792982025e-16,3.9058813359386,True
2021-05-26,13.618159958227436,0.28971701935183675,5.184951873740744,4.487795372332506,-1.1110607201951287e-16,3.945412712154186,True
2021-05-27,13.563767973404914,0.2874833351931121,5.176614455856874,4.487796262768077,-1.1110609406436796e-16,3.8993572547799635,True
2021-05-28,13.614557700781436,0.289201685184406,5.189407517471289,4.487797153203823,-1.111061161092274e-16,3.937353030106323,True
2021-06-01,13.565268857799925,0.2874231651702799,5.178497768403844,4.487798577901399,-1.1110615138101197e-16,3.8989725114946814,True
2021-06-02,13.594741558847666,0.28829634050603964,5.187626958532701,4.487800358773811,-1.111061954707536e-16,3.919314241541155,True
2021-06-03,13.43492864414416,0.28255572991052064,5.151009544718757,4.487803030083488,-1.111062616053923e-16,3.7961160693419145,True
2021-06-04,13.696775955426974,0.291360552934971,5.218270038232599,4.487805701394755,-1.1110632774007033e-16,3.9907002157996185,True
2021-06-07,13.737330654938223,0.2930706860469179,5.2235133627345105,4.4878083727076135,-1.1110639387478774e-16,4.026008919496101,True
2021-06-08,13.743737493411878,0.2932691483123929,5.22531172580499,4.487811578284885,-1.1110647323649424e-16,4.030614189322003,True
2021-06-09,13.745070617967752,0.2935758423930123,5.2220347925064,4.487815140040026,-1.1110656141623293e-16,4.035220685421325,True
2021-06-10,13.90800002838914,0.2990223156559853,5.261378951958715,4.487818701797995,-1.1110664959604162e-16,4.15880237463243,True
2021-06-11,13.952236491536091,0.30043991531588576,5.272605477992988,4.487822263558789,-1.111067377759203e-16,4.191808749984315,True
2021-06-14,14.100846621749259,0.30560223064694414,5.3037709709862755,4.4878254691459825,-1.1110681713787242e-16,4.309250181617,True
2021-06-15,13.998836682932312,0.30212660552397297,5.281587534162892,4.487828140470607,-1.1110688327288114e-16,4.229421008298813,True
2021-06-16,13.929163261759838,0.30038652091927875,5.257198668004274,4.487831702238894,-1.1110697145294526e-16,4.18413289151667,True
2021-06-17,14.117876828396554,0.3074355215510152,5.289703313746752,4.487836688718716,-1.1110709490513958e-16,4.340336825931087,True
2021-06-18,13.957822042905565,0.30353678511060767,5.233267937651957,4.48784167520408,-1.1110721835747105e-16,4.236712430049529,True
2021-06-21,14.089075738969893,0.3062116386046341,5.286990108820142,4.4878466616949835,-1.111073418099397e-16,4.314238968454767,True
2021-06-22,14.248367757123885,0.31124624689111574,5.32576476402523,4.487852004369461,-1.1110747408058173e-16,4.434750988729194,True
2021-06-23,14.254142671566147,0.3116586489665559,5.323857052604184,4.487858771765124,-1.1110764162359282e-16,4.442426847196838,True
2021-06-24,14.368103757546464,0.3148762853302693,5.356062723780031,4.487865895350317,-1.1110781798492477e-16,4.524175138416115,True
2021-06-25,14.360132385546095,0.3140622085602013,5.3622839401076305,4.487873553216986,-1.1110800757366825e-16,4.509974892221479,True
2021-06-28,14.55781061907564,0.3207648229265612,5.400295862552709,4.487881211096721,-1.1110819716273524e-16,4.66963354542621,True
2021-06-29,14.621622483198877,0.3229609497431065,5.411521064522276,4.487888334717532,-1.1110837352494902e-16,4.722213083959069,True
2021-06-30,14.598913798769267,0.3220437160491893,5.409529890382176,4.48789545834965,-1.1110854988744272e-16,4.701488450037441,True
2021-07-01,14.617266281677967,0.32179688648608745,5.425572921302853,4.487902581993075,-1.1110872625021637e-16,4.7037907783820385,True
2021-07-02,14.828806954866678,0.3279730967540167,5.477447511063744,4.487909705647808,-1.1110890261326997e-16,4.863449738155125,True
2021-07-06,14.900906378705024,0.33076472687630437,5.484295677012794,4.48791647313048,-1.1110907015843518e-16,4.928694228561749,True
2021-07-07,14.94786228396569,0.3318311431473724,5.499772457860601,4.487923596807262,-1.1110924652203467e-16,4.960166229297828,True
2021-07-08,14.822885514751814,0.328829105535065,5.460758074714914,4.4879312547723895,-1.1110943611321573e-16,4.874196185264511,True
2021-07-09,14.95160318591492,0.3315170996722056,5.506952149520111,4.487938912750584,-1.111096257047203e-16,4.956712123644223,True
2021-07-12,15.03440227384754,0.33382685658297956,5.527568451423169,4.487946570741847,-1.1110981529654837e-16,5.018887251682525,True
2021-07-13,15.02230181469407,0.33391690224958753,5.518147099326893,4.487954228746176,-1.1111000488869995e-16,5.016200486621001,True
2021-07-14,15.058624039042476,0.3349210261018423,5.527211981254025,4.487962242950474,-1.1111020329943084e-16,5.043449814837976,True
2021-07-15,14.925390858527937,0.3309164571998858,5.498363136131226,4.487970257169083,-1.1111040171051604e-16,4.939057465227627,True
2021-07-16,14.760287791432829,0.32640136645285844,5.4545326623286465,4.487977024743063,-1.111105692579418e-16,4.817778104361119,True
2021-07-19,14.582150954680717,0.32246656284191755,5.391911065155593,4.487983792327247,-1.1111073680562024e-16,4.7022560971978775,True
2021-07-20,14.807162555883512,0.3280377683799809,5.461863078900987,4.487990916110885,-1.111109131718652e-16,4.857308560871641,True
2021-07-21,14.961280611527418,0.33207217487871266,5.505056689506095,4.487998930380696,-1.1111111158421802e-16,4.968224991640626,True
2021-07-22,15.089641038217797,0.3361656018263475,5.529015832596941,4.488006944664819,-1.1111130999692515e-16,5.0726182609560375,True
2021-07-23,15.318858356498724,0.34213412784417,5.589739510357489,4.488014602772167,-1.1111149959162722e-16,5.241104243369067,True
2021-07-26,15.349805090131486,0.3428695628553401,5.598801511879151,4.488022617084276,-1.111116980050272e-16,5.262980961168057,True
2021-07-27,15.134270099405347,0.33639154931780324,5.555199791942737,4.488029740929541,-1.1111187437279787e-16,5.091040566533069,True
2021-07-28,15.199459543866311,0.3386101318551786,5.564730788321604,4.4880377552686825,-1.1111207278686714e-16,5.146691000276024,True
2021-07-29,15.241280636544808,0.33934289474899015,5.581214576035828,4.488045769622135,-1.111122712012907e-16,5.172020290886846,True
2021-07-30,15.135666317336932,0.3365887481887475,5.553118445077754,4.4880528935041495,-1.111124475699712e-16,5.094494978755028,True
2021-08-02,15.128540508318238,0.3366457635815661,5.547521419623321,4.488060017397472,-1.1111262393893164e-16,5.0929590712974475,True
2021-08-03,15.256582224389803,0.33963149833838563,5.5868995588907095,4.488066785106804,-1.111127914897084e-16,5.181615880392289,True
2021-08-04,15.272601090573252,0.3409590025373995,5.5771954570677,4.488074799512096,-1.1111298990541535e-16,5.207330833993456,True
2021-08-05,15.405824101853733,0.3443631742277325,5.612542798613578,4.488082813931698,-1.1111318832147664e-16,5.305198489308458,True
2021-08-06,15.329086906813224,0.34158032821243733,5.604881897818483,4.488090472168506,-1.111133779193838e-16,5.2361145368262365,True
2021-08-09,15.360009331280871,0.3427166671647012,5.607779995227199,4.488098130418381,-1.1111356751761447e-16,5.264131205635291,True
2021-08-10,15.270454954648814,0.33957426405813396,5.596895306711412,4.488106144879646,-1.111137659347072e-16,5.185453503057756,True
2021-08-11,15.244596357930565,0.3383124559782584,5.599044473829574,4.488115049852289,-1.1111398639853178e-16,5.157436834248702,True
2021-08-12,15.316816053240206,0.34022526779772966,5.617525145374225,4.4881230643437675,-1.1111418481637251e-16,5.2111678435222135,True
2021-08-13,15.38398927322073,0.34213255515179775,5.632494992096616,4.488130722649257,-1.1111437441598004e-16,5.263363558474856,True
2021-08-16,15.401062904549708,0.34235147167121177,5.640347616707485,4.488138737168723,-1.1111457283451367e-16,5.2725765506735,True
2021-08-17,15.219196655289878,0.3373388336248207,5.597021539876069,4.488149067011551,-1.1111482857439617e-16,5.1340260484022595,True
2021-08-18,15.012346734618404,0.33204200517588484,5.539456735075664,4.4881602873843995,-1.111151063614721e-16,4.984729712158342,True
2021-08-19,15.101027973370439,0.3347938064533475,5.557127253834994,4.4881700829722755,-1.1111534887459976e-16,5.055730636563169,True
2021-08-20,15.308131486865275,0.3404684298116076,5.60801825482463,4.488177741357995,-1.1111553847619356e-16,5.21193549068265,True
2021-08-23,15.606938023551606,0.34882765476937533,5.674621034908328,4.488185399756782,-1.111157280781109e-16,5.4441315888864965,True
2021-08-24,15.673847434572924,0.35076666620919694,5.687791699415776,4.488192523860431,-1.111159044522785e-16,5.4978632112967185,True
2021-08-25,15.689228701381548,0.35081409379196615,5.697025079412827,4.488201072798646,-1.1111611610162217e-16,5.504002549170074,True
2021-08-26,15.561071900927955,0.3477100693578657,5.6621214235298245,4.488209087443737,-1.1111631452326593e-16,5.410741389954394,True
2021-08-27,15.772036236735334,0.3530847624844174,5.714953822296004,4.488216745896011,-1.1111650412650747e-16,5.568865668543319,True
2021-08-30,16.001282277737936,0.35956310304508127,5.759587164892864,4.488224404361354,-1.1111669373007253e-16,5.753470708483718,True
2021-08-31,15.97855609472932,0.359065771440633,5.752972351749337,4.488231172318572,-1.1111686128698625e-16,5.737352570661412,True
2021-09-01,16.016331443949056,0.3601837565367354,5.759270722035175,4.488238296494877,-1.111170376629526e-16,5.768822425419007,True
2021-09-02,16.01577662978392,0.3596930000046377,5.766768465730287,4.488245420682489,-1.111172140391989e-16,5.760762743371145,True
2021-09-03,16.075764357417835,0.3615738025668548,5.774936564656146,4.4882525448814095,-1.1111739041572518e-16,5.812575247880278,True
2021-09-07,16.093328122421134,0.3626577307633304,5.768698596022556,4.488259669091638,-1.111175667925314e-16,5.836369857306938,True
2021-09-08,16.019909501330826,0.36058241591627405,5.755145927795234,4.48826590278565,-1.1111772112248594e-16,5.776497670749942,True
2021-09-09,15.935910616171405,0.35860568895905004,5.732929383452338,4.488273027017082,-1.111178974998171e-16,5.714708205701986,True
2021-09-10,15.76298921161113,0.3543830696315461,5.688572913183814,4.48827979504762,-1.1111806505854605e-16,5.586136503379697,True
2021-09-13,15.755644550480037,0.353744277557295,5.693888888432581,4.488286563088363,-1.1111823261752767e-16,5.573469098959093,True
2021-09-14,15.684219969998164,0.35229651631353665,5.670430582333296,4.488293331139312,-1.1111840017676195e-16,5.525496056525555,True
2021-09-15,15.851416489951792,0.35630418089183835,5.715190956644061,4.4882995648800765,-1.1111855450787396e-16,5.647925968427653,True
2021-09-16,15.859989146070205,0.3568134126785433,5.712626495186742,4.488305798629499,-1.1111870883920033e-16,5.659056852253966,True
2021-09-17,15.598388299914628,0.34997843221222075,5.650977675822492,4.488311141850568,-1.1111884112337457e-16,5.459099482241569,True
2021-09-20,15.157076208965645,0.33801233238883566,5.545481398514735,4.488316128863102,-1.111189645887574e-16,5.123278681587808,True
2021-09-21,15.164398666265823,0.3382794202338825,5.546274095688219,4.4883205815577405,-1.111190748258271e-16,5.129803989019864,True
2021-09-22,15.36741997540517,0.34357543301832033,5.5992278592641,4.488324143716853,-1.1111916301556707e-16,5.279867972424217,True
2021-09-23,15.573881443419749,0.348434457407706,5.659075916530405,4.488328596419443,-1.111192732528336e-16,5.426476930469901,True
2021-09-24,15.596552367060156,0.3489122407437682,5.666391283665225,4.48833304912645,-1.1111938349020952e-16,5.441828034268481,True
2021-09-27,15.434579399951517,0.34406971960061816,5.635670491818845,4.488337501837875,-1.111194937276948e-16,5.3105714062947955,True
2021-09-28,14.855161297346577,0.3276754384241271,5.499147851823694,4.488341954553717,-1.1111960396528943e-16,4.8676714909691645,True
2021-09-29,14.823048043101997,0.3262104430401729,5.499267675938097,4.488347297817829,-1.111197362505293e-16,4.83543306934607,True
2021-09-30,14.724845271702439,0.3246848242923952,5.455558830838726,4.488352641088302,-1.1111986853592664e-16,4.780933799775412,True
2021-10-01,14.861305569259663,0.32756577040246776,5.504892933131691,4.488357628146946,-1.1111999200245103e-16,4.8680550079810265,True
2021-10-04,14.468683444555808,0.3157644318880239,5.411625221306855,4.4883626152111304,-1.111201154691126e-16,4.568695608037821,True
2021-10-05,14.709146358530834,0.3225526152023523,5.476305130911699,4.4883676022808565,-1.1112023893591137e-16,4.744473625338277,True
2021-10-06,14.831723489246432,0.32620074293986845,5.505230431850773,4.488373836124775,-1.1112039326957722e-16,4.838119221270884,True
2021-10-07,15.011658112541504,0.33100895415320053,5.554283900076202,4.48838096052753,-1.111205696511499e-16,4.968993251937771,True
2021-10-08,14.916376971181482,0.3280031404605894,5.535370395398347,4.488388084941593,-1.1112074603300254e-16,4.892618490841541,True
2021-10-11,14.766505005314237,0.3239767351940835,5.494105714098472,4.488395209366965,-1.1112092241513516e-16,4.784004081848799,True
2021-10-12,14.701427391609263,0.3220954228738619,5.477762585255855,4.488402333803646,-1.1112109879754775e-16,4.735262472549762,True
2021-10-13,14.844136690309716,0.3264708954016832,5.509548635307689,4.488409458251636,-1.111212751802403e-16,4.846178596750391,True
2021-10-14,15.20872145114238,0.33623367584075775,5.606619659517751,4.488417473268844,-1.1112147361109673e-16,5.113684318355785,True
2021-10-15,15.342539667337402,0.3394798404177577,5.645632151725721,4.488424597740864,-1.1112164999438422e-16,5.2084829178708185,True
2021-10-18,15.53549317436801,0.34531809142283465,5.682374956082815,4.48843136599996,-1.1112181755877168e-16,5.364686852285236,True
2021-10-19,15.696744876936759,0.3492769312496235,5.7257949708805205,4.48843902483152,-1.1112200717140332e-16,5.48251088122472,True
2021-10-20,15.686990840648527,0.3483931041184754,5.733303476932257,4.4884479304646385,-1.1112222765157959e-16,5.465239433251632,True
2021-10-21,15.809852797072754,0.35187607369796575,5.7582870329805615,4.488456836115428,-1.111224481321933e-16,5.563108927976763,True
2021-10-22,15.641831111818448,0.3466508240660655,5.731111725220473,4.4884657417838865,-1.1112266861324449e-16,5.422253644814087,True
2021-10-25,15.849275792299023,0.3523810870495876,5.775816112189965,4.4884746474700155,-1.1112288909473312e-16,5.584985032639043,True
2021-10-26,15.91317227451992,0.35424615766154915,5.7875085868911285,4.488483553173814,-1.1112310957665923e-16,5.637180134454976,True
2021-10-27,15.951598794777933,0.3561837704905603,5.78140573180597,4.488492458895283,-1.111233300590228e-16,5.681700604076682,True
2021-10-28,16.198125991584345,0.3622780045646624,5.841399865031754,4.488501364634422,-1.1112355054182383e-16,5.86822476191817,True
2021-10-29,16.305165345782786,0.36521936578114955,5.861693285078312,4.488509914160905,-1.1112376220573147e-16,5.954962146543568,True
2021-11-01,16.37895652762911,0.3671591702737014,5.876753975292108,4.488518463703673,-1.1112397387004226e-16,6.01368408863333,True
2021-11-02,16.483343532148716,0.36970030222608324,5.900920858280987,4.488525588335995,-1.1112415025729843e-16,6.093897085531735,True
2021-11-03,16.726116594139448,0.37589886409197865,5.9502547621718564,4.488533603560578,-1.1112434869328891e-16,6.287328228407013,True
2021-11-04,17.012782160576904,0.38334869744830263,6.002412660548553,4.4885416187994736,-1.1112454712963374e-16,6.521827881228876,True
2021-11-05,17.050245200739738,0.38392453970252394,6.015689807345486,4.488547852885081,-1.1112470146928318e-16,6.546007540509172,True
2021-11-08,17.021879135093197,0.38298598318250004,6.014183041361793,4.488554977564053,-1.1112487785769426e-16,6.519141116167352,True
2021-11-09,16.85691794593265,0.3787651273950157,5.983544060985927,4.488561211668215,-1.1112503219780307e-16,6.384812673278507,True
2021-11-10,16.50910058191709,0.36979762159998825,5.915506115600774,4.488568336368392,-1.1112520858673912e-16,6.105026129947921,True
2021-11-11,16.567775788546,0.37147631550925175,5.924663130764236,4.488576351669311,-1.1112540702461946e-16,6.1545363061124565,True
2021-11-12,16.8166617038216,0.37759498834316885,5.978191047402552,4.488583476393519,-1.1112558341415046e-16,6.349887180025532,True
2021-11-15,16.815093067631388,0.37751611898484383,5.978533256885601,4.488591135484631,-1.1112577303320796e-16,6.3479686752611535,True
2021-11-16,16.979476201280615,0.381591733394756,6.011650541504082,4.488597903994856,-1.111259406038127e-16,6.479227755781677,True
2021-11-17,16.981445821712157,0.3819995243922044,6.005936565572852,4.488605028753274,-1.1112611699419067e-16,6.486904227386031,True
2021-11-18,17.22118802424855,0.3882034062410416,6.0472511295981155,4.488613044119715,-1.1112631543369319e-16,6.685323850530721,True
2021-11-19,17.345867594852145,0.391940294244612,6.058702086297245,4.488621059500469,-1.1112651387355004e-16,6.79854444905443,True
2021-11-22,17.066528895261065,0.3845476709942447,6.015005881736907,4.488629074895536,-1.1112671231376127e-16,6.562893938628623,True
2021-11-23,16.96739144204087,0.38152412513837486,6.005286066532448,4.488636199703432,-1.1112688870536417e-16,6.473469175804992,True
2021-11-24,17.044959288899747,0.3833005327125322,6.022973098275515,4.488644215125536,-1.1112708714624474e-16,6.533341975498698,True
2021-11-26,16.560323756248163,0.37275587660076626,5.898712636529606,4.488653121165778,-1.111273076365003e-16,6.1729579985527785,True
2021-11-29,17.043929874202284,0.3846747911091839,5.998898929788213,4.488660780375729,-1.1112749725849995e-16,6.556370164038342,True
2021-11-30,16.659818309622764,0.37663462987362833,5.896486257825126,4.488667548990974,-1.111276648317047e-16,6.274664502806666,True
2021-12-01,16.254917869227377,0.3662067368919053,5.813581339057698,4.488676098833999,-1.1112787650344908e-16,5.95266043133568,True
2021-12-02,16.432464707953827,0.36906991377317855,5.879051370171006,4.488685004937502,-1.1112809699527083e-16,6.064728332845318,True
2021-12-03,16.0510486201137,0.3588548299122482,5.802359633427713,4.488692664201858,-1.1112828661861738e-16,5.759996322484128,True
2021-12-06,16.24337269431124,0.36289914953874075,5.8599662344256025,4.488700323479284,-1.111284762422875e-16,5.894706136406353,True
2021-12-07,16.9237758758301,0.3797179771388669,6.008805951938559,4.488707982769779,-1.1112866586628118e-16,6.426261941121761,True
2021-12-08,17.034610174471496,0.3824970377064096,6.030203930329909,4.488718313922776,-1.1112892163860002e-16,6.515687930218812,True
2021-12-09,16.68857748795098,0.3735708141650663,5.965483007173239,4.488729001347094,-1.1112918623126467e-16,6.234365479430645,True
2021-12-10,16.942135365097705,0.3793744936213982,6.0259828981707635,4.4887384419278185,-1.1112941995534406e-16,6.427414024999124,True
2021-12-13,16.59559560612077,0.37064548046462226,5.955765750938544,4.488747348155019,-1.1112964045022822e-16,6.1510825070272075,True
2021-12-14,16.3612219707245,0.3647656358316608,5.904455428064487,4.488755007525754,-1.1112983007620845e-16,5.96801153513426,True
2021-12-15,16.869587579915212,0.3771838842220354,6.017887453763623,4.488763557535366,-1.111300417520771e-16,6.362936568616226,True
2021-12-16,16.28018751240793,0.3610177415563495,5.913979411379642,4.488771573184894,-1.111302401985881e-16,5.877436527843395,True
2021-12-17,16.144160452670164,0.3584966431218535,5.867755316777444,4.488777807589884,-1.1113039454614458e-16,5.787627328302836,True
2021-12-20,15.911418039637383,0.352862099948963,5.808098505632254,4.488783151372869,-1.1113052684423035e-16,5.614536382632259,True
2021-12-21,16.403342814638982,0.3651626200515014,5.924665254669801,4.488789920172641,-1.1113069442200355e-16,5.989887639796541,True
2021-12-22,16.682825125608034,0.3718592024343337,5.990361581647782,4.488801498400185,-1.1113098106862548e-16,6.2036620455600655,True
2021-12-23,16.871430572294894,0.376437470643149,6.031578844871118,4.488813076657593,-1.1113126771598677e-16,6.351038650766186,True
2021-12-27,17.267545987208916,0.3853831363603328,6.124101549359594,4.488823408052473,-1.11131523494294e-16,6.654621029796851,True
2021-12-28,17.172564834481516,0.38295540596579614,6.1074072292657,4.488831067552993,-1.1113171312348736e-16,6.5763265376628235,True
2021-12-29,17.165661728407596,0.38250576244341894,6.110857227173258,4.488839973963974,-1.1113193362292148e-16,6.565964527270364,True
2021-12-30,17.086686219434796,0.3806799158790357,6.093279957018918,4.48884798974996,-1.1113213207281082e-16,6.504558272665917,True
2021-12-31,16.93909099209519,0.3768597267419402,6.066577346585098,4.488852442972239,-1.1113224232294348e-16,6.383661202537853,True
2022-01-03,17.17008272244675,0.3825190806868887,6.11334014290723,4.488858321231359,-1.1113238785326003e-16,6.567884258308163,True
2022-01-04,16.874197485119137,0.3741013447976785,6.0726697514703964,4.488867762084066,-1.11132621584073e-16,6.312659971564673,True
2022-01-05,16.14194581164612,0.3550983184523781,5.921085984923579,4.488882012457596,-1.111329743860384e-16,5.731977814264945,True
2022-01-06,16.121364471952994,0.3545755871777616,5.916225044675521,4.488897153528036,-1.1113334923932897e-16,5.716242273749438,True
2022-01-07,15.890733393563451,0.3479597436856383,5.8724846896580765,4.488913185304222,-1.1113374614416347e-16,5.529335518601152,True
2022-01-10,15.909367865345184,0.34883064805848163,5.870763901802049,4.48892886087399,-1.11134134230259e-16,5.549675102669143,True
2022-01-11,16.224309383187368,0.35710420591010744,5.941595371700921,4.488944892763417,-1.1113453113789704e-16,5.79376911872303,True
2022-01-12,16.310155257546715,0.3592719482899322,5.961408088830489,4.488965912426138,-1.1113505152975233e-16,5.859781256290089,True
2022-01-13,15.769296221854365,0.34462775948890173,5.8457725984130695,4.488986397786824,-1.1113555869368714e-16,5.434537225654473,True
2022-01-14,15.870831515774494,0.34759804160906715,5.865155569615205,4.489005992568612,-1.1113604380921847e-16,5.516669953590677,True
2022-01-18,15.348301953678835,0.33352598595986643,5.7402173992509224,4.489027012517434,-1.1113656420815692e-16,5.119057541910478,True
2022-01-19,15.108918205522187,0.3270238691140167,5.678891145629496,4.489050170195617,-1.111371375316814e-16,4.940976889697072,True
2022-01-20,14.849509792124564,0.31986556562372526,5.6105833804444085,4.489079562787186,-1.1113786521534893e-16,4.749846848892971,True
2022-01-21,14.316768069575419,0.3038347394182846,5.477727083860087,4.489109489983868,-1.1113860613444038e-16,4.3499314957314645,True
2022-01-24,14.403909609092363,0.306366444754205,5.501897395604697,4.489137635989108,-1.1113930295589186e-16,4.412874577498558,True
2022-01-25,13.981120703505542,0.2923525579282863,5.404539055382985,4.4891652477485895,-1.111399865508161e-16,4.087416400373967,True
2022-01-26,13.96247048143407,0.29219329349793843,5.393532042173641,4.48919820392246,-1.1114080245945804e-16,4.079740235337967,True
2022-01-27,13.799981632202478,0.2867897682301285,5.353058184984203,4.489229913338897,-1.111415875016478e-16,3.957693533879379,True
2022-01-28,14.319657381163182,0.3021653887980191,5.503489671142091,4.4892628699874955,-1.1114240342204277e-16,4.326904840033596,True
2022-01-31,14.876349779728804,0.31903043265287884,5.641047784074228,4.489293689132135,-1.1114316642343205e-16,4.746008306522439,True
2022-02-01,15.00520424545493,0.32232709717463603,5.6792958100165665,4.489324508488351,-1.1114392943005939e-16,4.836583926950013,True
2022-02-02,15.170269268129589,0.32635905681266675,5.729953825698337,4.489360672490295,-1.111448247561318e-16,4.950954769940957,True
2022-02-03,14.391154456423568,0.30263768290300086,5.546455187333514,4.4893936300988315,-1.1114564070029232e-16,4.355305638991223,True
2022-02-04,14.589660525533482,0.3088319383115107,5.594479372972165,4.489428013153879,-1.1114649193477905e-16,4.505753139407439,True
2022-02-07,14.456131151391844,0.3046225212004735,5.563000292220529,4.489467741029628,-1.1114747549304273e-16,4.403663118141687,True
2022-02-08,14.659984348947187,0.3105967770988468,5.617136551659264,4.48950390618539,-1.1114837084768066e-16,4.553343891102532,True
2022-02-09,15.043129132648719,0.32146347636294376,5.717759647502185,4.489552898788602,-1.1114958377635707e-16,4.835816586357932,True
2022-02-10,14.606259079128609,0.3091116122024389,5.601693785789655,4.489601001143001,-1.11150774664802e-16,4.5149642921959545,True
2022-02-11,14.037003342238458,0.291352736915648,5.457617080494477,4.489666919888708,-1.111524066404828e-16,4.0897193418552735,True
2022-02-14,14.043036958276353,0.2920474496892677,5.45207669028262,4.489727138436993,-1.111538974941888e-16,4.10123312955674,True
2022-02-15,14.45190123547808,0.3043398804712006,5.563820063492423,4.489791277398662,-1.1115548540707325e-16,4.398289894586995,True
2022-02-16,14.45362048180933,0.30425061084852695,5.566235077318123,4.489862543927936,-1.1115724977988376e-16,4.397522860563269,True
2022-02-17,13.92151924877167,0.28786996271325616,5.424003020696259,4.489929001019631,-1.111588950836027e-16,4.007587227055779,True
2022-02-18,13.737224951761467,0.2818417477650468,5.375510991629902,4.489990470285504,-1.1116041690180395e-16,3.871723489846062,True
2022-02-22,13.561698457086479,0.27665999470294084,5.3196719040989935,4.49004712968706,-1.1116181964034876e-16,3.7519794233004258,True
2022-02-23,13.15936512146951,0.2633030403138085,5.204358348461478,4.490105927925619,-1.111632753309019e-16,3.464900845082412,True
2022-02-24,13.625305879392496,0.27919926924906857,5.330963925850552,4.490166508720521,-1.1116477515288641e-16,3.8041754448214222,True
2022-02-25,13.905884400968201,0.28653762131365834,5.431108428450287,4.490216934001779,-1.1116602355092293e-16,3.984559038516135,True
2022-02-28,13.949296333180676,0.28867237962951514,5.432249733923881,4.490270032600257,-1.111673381332996e-16,4.026776566656536,True
2022-03-01,13.68063673574904,0.280763296570486,5.349294716666997,4.490321349969849,-1.1116860861710927e-16,3.841020669112193,True
2022-03-02,13.958229140018615,0.2883226946585698,5.443377779095809,4.490377122610867,-1.1116998940178315e-16,4.024474238311939,True
2022-03-03,13.737756134144577,0.2807134111561816,5.390948713878636,4.490435034218459,-1.1117142314167325e-16,3.8563723860474823,True
2022-03-04,13.511820530510379,0.27319335549549084,5.329986212432184,4.490494728495202,-1.1117290101578753e-16,3.6913395895829937,True
2022-03-07,12.922828596351252,0.2537481875544819,5.153135184211662,4.49054907773823,-1.1117424656085122e-16,3.27914433440136,True
2022-03-08,12.844468381385276,0.0,5.12162535782074,7.722843023564535,0.0,0.0,False
2022-03-09,13.005420809105399,0.0,5.282467459207572,7.722953349897827,0.0,0.0,False
2022-03-10,12.964277156828091,0.0,5.241210414359777,7.723066742468314,0.0,0.0,False
2022-03-11,12.876718957132226,0.0,5.153541885134636,7.72317707199759,0.0,0.0,False
2022-03-14,12.80851283933163,0.0,5.085223903853687,7.723288935477944,0.0,0.0,False
2022-03-15,12.944296312504347,0.0,5.220891527695074,7.723404784809273,0.0,0.0,False
2022-03-16,13.099130597332152,0.0,5.375588507544688,7.723542089787464,0.0,0.0,False
2022-03-17,13.165429139661548,0.0,5.441754339806147,7.7236747998554,0.0,0.0,False
2022-03-18,13.251032059900934,0.0,5.527246921829724,7.72378513807121,0.0,0.0,False
2022-03-21,13.242656677945549,0.0,5.518754150604383,7.723902527341166,0.0,0.0,False
2022-03-22,13.32931414844815,0.0,5.605272161751778,7.724041986696372,0.0,0.0,False
2022-03-23,13.253103199011722,0.0,5.528901827327818,7.724201371683903,0.0,0.0,False
2022-03-24,13.356366610469706,0.0,5.632018111143918,7.72434849932579,0.0,0.0,False
2022-03-25,13.36791839143783,0.0,5.643421842095993,7.724496549341835,0.0,0.0,False
2022-03-28,13.431806790451905,0.0,5.707150846742675,7.72465594370923,0.0,0.0,False
2022-03-29,13.516373018835857,0.0,5.791561355866917,7.724811662968939,0.0,0.0,False
2022-03-30,13.466677079997648,0.0,5.741695287245844,7.724981792751804,0.0,0.0,False
2022-03-31,13.387067504720717,0.0,5.661924774855539,7.725142729865178,0.0,0.0,False
2022-04-01,13.389855000715638,0.0,5.664561140081755,7.725293860633882,0.0,0.0,False
2022-04-04,13.472582972462387,0.0,5.7471358321884125,7.725447140273975,0.0,0.0,False
2022-04-05,13.372645805147442,0.0,5.647033732712131,7.725612072435311,0.0,0.0,False
2022-04-06,13.283315098638024,0.0,5.557498236173674,7.72581686246435,0.0,0.0,False
2022-04-07,13.304126943653547,0.0,5.578106818630306,7.72602012502324,0.0,0.0,False
2022-04-08,13.257884036433556,0.0,5.531661563256143,7.726222473177412,0.0,0.0,False
2022-04-11,13.145382424494986,0.0,5.418955145108072,7.726427279386915,0.0,0.0,False
2022-04-12,13.124106356983017,0.0,5.397470586699068,7.7266357702839485,0.0,0.0,False
2022-04-13,13.210099272148785,0.0,5.483237221824736,7.7268620503240495,0.0,0.0,False
2022-04-14,13.113495351134436,0.0,5.386406400890111,7.727088950244325,0.0,0.0,False
2022-04-18,13.116900759083403,0.0,5.389582449206786,7.727318309876616,0.0,0.0,False
2022-04-19,13.220864717044485,0.0,5.493314894259651,7.727549822784835,0.0,0.0,False
2022-04-20,13.179024623149964,0.0,5.451219361911337,7.727805261238625,0.0,0.0,False
2022-04-21,13.082115014059738,0.0,5.35406595895954,7.7280490551001995,0.0,0.0,False
2022-04-22,12.938804628017465,0.0,5.210510238022973,7.728294389994493,0.0,0.0,False
2022-04-25,12.987614253878059,0.0,5.259080654780269,7.72853359909779,0.0,0.0,False
2022-04-26,12.812453459014073,0.0,5.083675123025706,7.728778335988367,0.0,0.0,False
2022-04-27,12.816811011489726,0.0,5.087777196438381,7.729033815051344,0.0,0.0,False
2022-04-28,12.971664441433765,0.0,5.242382806559405,7.72928163487436,0.0,0.0,False
2022-04-29,12.757086681351815,0.0,5.0275642732121355,7.7295224081396805,0.0,0.0,False
2022-05-02,12.81443625950898,0.0,5.084666015880284,7.729770243628697,0.0,0.0,False
2022-05-03,12.829039245599983,0.0,5.099034348236135,7.730004897363848,0.0,0.0,False
2022-05-04,12.993159128789657,0.0,5.262879693559313,7.730279435230344,0.0,0.0,False
2022-05-05,12.76735634925863,0.0,5.0368213853456405,7.730534963912991,0.0,0.0,False
2022-05-06,12.722397323967623,0.0,4.991616025952664,7.73078129801496,0.0,0.0,False
2022-05-09,12.545084820892143,0.0,4.814053499593871,7.731031321298271,0.0,0.0,False
2022-05-10,12.5801341543925,0.0,4.848857403524817,7.731276750867683,0.0,0.0,False
2022-05-11,12.469984510441943,0.0,4.738438392068328,7.731546118373615,0.0,0.0,False
2022-05-12,12.462181028066189,0.0,4.730363998766071,7.731817029300117,0.0,0.0,False
2022-05-13,12.60665816235678,0.0,4.874563462652285,7.732094699704494,0.0,0.0,False
2022-05-16,12.568805692583002,0.0,4.8364216529798725,7.732384039603129,0.0,0.0,False
2022-05-17,12.681485150507086,0.0,4.948800407074342,7.732684743432745,0.0,0.0,False
2022-05-18,12.460587519219573,0.0,4.727584262823818,7.733003256395754,0.0,0.0,False
2022-05-19,12.43375190310885,0.0,4.700440860902446,7.733311042206405,0.0,0.0,False
2022-05-20,12.427780466353147,0.0,4.694162546724432,7.733617919628714,0.0,0.0,False
2022-05-23,12.511020500330421,0.0,4.777102442677457,7.733918057652963,0.0,0.0,False
2022-05-24,12.44230620997956,0.0,4.708083399135869,7.73422281084369,0.0,0.0,False
2022-05-25,12.496369674293636,0.0,4.761826752566655,7.73454292172698,0.0,0.0,False
2022-05-26,12.610232285562548,0.0,4.875368625858532,7.734863659704016,0.0,0.0,False
2022-05-27,12.749955557085098,0.0,5.014776364054889,7.735179193030208,0.0,0.0,False
2022-05-31,12.72955012224735,0.0,4.994056303880299,7.735493818367051,0.0,0.0,False
2022-06-01,12.691201257246892,0.0,4.955391265926998,7.7358099913198926,0.0,0.0,False
2022-06-02,12.806577184540219,0.0,5.070428598031153,7.736148586509065,0.0,0.0,False
2022-06-03,12.699347025773557,0.0,4.962856759357756,7.736490266415801,0.0,0.0,False
2022-06-06,12.715516756904087,0.0,4.978678041425643,7.736838715478444,0.0,0.0,False
2022-06-07,12.761223470153833,0.0,5.024028614490797,7.737194855663037,0.0,0.0,False
2022-06-08,12.716211698183038,0.0,4.978640728873864,7.737570969309174,0.0,0.0,False
2022-06-09,12.59071068017356,0.0,4.852761122558231,7.7379495576153285,0.0,0.0,False
2022-06-10,12.435156232869488,0.0,4.696826533118233,7.738329699751255,0.0,0.0,False
2022-06-13,12.237194473140338,0.0,4.49846925876379,7.738725214376547,0.0,0.0,False
2022-06-14,12.234960069579278,0.0,4.495774830973747,7.739185238605532,0.0,0.0,False
2022-06-15,12.32367580633115,0.0,4.583955274070575,7.7397205322605735,0.0,0.0,False
2022-06-16,12.155868335530865,0.0,4.415627214908857,7.7402411206220085,0.0,0.0,False
2022-06-17,12.187928943792269,0.0,4.447232316111057,7.740696627681212,0.0,0.0,False
2022-06-21,12.300470045012522,0.0,4.559309589877581,7.741160455134941,0.0,0.0,False
2022-06-22,12.293469366419513,0.0,4.551851814180192,7.741617552239322,0.0,0.0,False
2022-06-23,12.350148817868245,0.0,4.608056630756463,7.742092187111781,0.0,0.0,False
2022-06-24,12.502826930908078,0.0,4.760255471440388,7.7425714594676895,0.0,0.0,False
2022-06-27,12.476776094628896,0.0,4.733713657797071,7.743062436831825,0.0,0.0,False
2022-06-28,12.356805480896526,0.0,4.613241281323236,7.743564199573289,0.0,0.0,False
2022-06-29,12.357576336314075,0.0,4.613478076627609,7.744098259686467,0.0,0.0,False
2022-06-30,12.310748701717968,0.0,4.566126486163837,7.744622215554131,0.0,0.0,False
2022-07-01,12.350457363950099,0.0,4.605343426343207,7.745113937606891,0.0,0.0,False
2022-07-05,12.394719865674123,0.0,4.649113252750203,7.74560661292392,0.0,0.0,False
2022-07-06,12.417977165051024,0.0,4.671869546621465,7.746107618429559,0.0,0.0,False
2022-07-07,12.503514495143284,0.0,4.756841287893229,7.746673207250055,0.0,0.0,False
2022-07-08,12.505110470270687,0.0,4.757867636599986,7.7472428336707,0.0,0.0,False
2022-07-11,12.42767685552064,0.0,4.679867427843447,7.7478094276771925,0.0,0.0,False
2022-07-12,12.384903790847542,0.0,4.636493907955245,7.748409882892297,0.0,0.0,False
2022-07-13,12.36860038879869,0.0,4.61954080791305,7.749059580885641,0.0,0.0,False
2022-07-14,12.371953300914122,0.0,4.622179392050241,7.749773908863881,0.0,0.0,False
2022-07-15,12.458727669225533,0.0,4.708254743055714,7.750472926169819,0.0,0.0,False
2022-07-18,12.42005639781982,0.0,4.668894540720296,7.7511618570995235,0.0,0.0,False
2022-07-19,12.555618576948447,0.0,4.80376157597102,7.751857000977426,0.0,0.0,False
2022-07-20,12.609764698358116,0.0,4.857154044602039,7.752610653756078,0.0,0.0,False
2022-07-21,12.670089668485968,0.0,4.916747439003806,7.753342229482161,0.0,0.0,False
2022-07-22,12.604897382539349,0.0,4.8508290464362265,7.754068336103122,0.0,0.0,False
2022-07-25,12.594755472980067,0.0,4.839962500722999,7.754792972257068,0.0,0.0,False
2022-07-26,12.519310519297614,0.0,4.763781149472691,7.755529369824923,0.0,0.0,False
2022-07-27,12.682580224347657,0.0,4.926289150774691,7.756291073572966,0.0,0.0,False
2022-07-28,12.738291269834736,0.0,4.981266734324093,7.757024535510643,0.0,0.0,False
2022-07-29,12.820734059201015,0.0,5.0629990787178105,7.757734980483204,0.0,0.0,False
2022-08-01,12.812419450656067,0.0,5.053977038595887,7.75844241206018,0.0,0.0,False
2022-08-02,12.788911270028883,0.0,5.029771521743418,7.759139748285466,0.0,0.0,False
2022-08-03,12.897538977134197,0.0,5.137640865290843,7.759898111843355,0.0,0.0,False
2022-08-04,12.908563390066533,0.0,5.147917618206972,7.76064577185956,0.0,0.0,False
2022-08-05,12.883919309999552,0.0,5.1225412041793446,7.7613781058202065,0.0,0.0,False
2022-08-08,12.873409544621053,0.0,5.111289179995244,7.762120364625809,0.0,0.0,False
2022-08-09,12.835092618874675,0.0,5.072214523439616,7.762878095435059,0.0,0.0,False
2022-08-10,12.959937118884373,0.0,5.196267333124432,7.763669785759942,0.0,0.0,False
2022-08-11,12.945970856585419,0.0,5.181520082588442,7.764450773996976,0.0,0.0,False
2022-08-12,13.041040916070257,0.0,5.27582294038672,7.7652179756835364,0.0,0.0,False
2022-08-15,13.07399925463936,0.0,5.308010920029665,7.7659883346096965,0.0,0.0,False
2022-08-16,13.073757055933637,0.0,5.306994279705934,7.7667627762277025,0.0,0.0,False
2022-08-17,13.02545697496955,0.0,5.257893482468919,7.767563492500631,0.0,0.0,False
2022-08-18,13.040212108291463,0.0,5.271857064058445,7.768355044233019,0.0,0.0,False
2022-08-19,12.954187608041607,0.0,5.185041856223948,7.7691457518176605,0.0,0.0,False
2022-08-22,12.832746646950653,0.0,5.062805482615256,7.769941164335397,0.0,0.0,False
2022-08-23,12.825345547907947,0.0,5.054587923087708,7.770757624820238,0.0,0.0,False
2022-08-24,12.841590895639841,0.0,5.069999764534149,7.771591131105692,0.0,0.0,False
2022-08-25,12.923039304269022,0.0,5.150611493512607,7.772427810756415,0.0,0.0,False
2022-08-26,12.731152952593423,0.0,4.957883128818292,7.773269823775131,0.0,0.0,False
2022-08-29,12.69117972651729,0.0,4.9170600868987435,7.774119639618546,0.0,0.0,False
2022-08-30,12.637675637814343,0.0,4.862692824088342,7.774982813726002,0.0,0.0,False
2022-08-31,12.605925687194997,0.0,4.830056463750854,7.775869223444144,0.0,0.0,False
2022-09-01,12.615436245758374,0.0,4.838684522902989,7.776751722855386,0.0,0.0,False
2022-09-02,12.556627961862974,0.0,4.7789927136294175,7.7776352482335565,0.0,0.0,False
2022-09-06,12.531319843953085,0.0,4.752814241319496,7.778505602633588,0.0,0.0,False
2022-09-07,12.622897129000918,0.0,4.8435133577696305,7.779383771231289,0.0,0.0,False
2022-09-08,12.65218719110868,0.0,4.871897986016934,7.780289205091748,0.0,0.0,False
2022-09-09,12.744195873782203,0.0,4.96299588085212,7.781199992930082,0.0,0.0,False
2022-09-12,12.801277254706026,0.0,5.019160809352356,7.78211644535367,0.0,0.0,False
2022-09-13,12.555461495846288,0.0,4.772420152164712,7.7830413436815755,0.0,0.0,False
2022-09-14,12.58447194684498,0.0,4.800456796406969,7.784015150438011,0.0,0.0,False
2022-09-15,12.518214680790281,0.0,4.733233324020769,7.784981356769513,0.0,0.0,False
2022-09-16,12.486645015746276,0.0,4.700707527329068,7.785937488417208,0.0,0.0,False
2022-09-19,12.524123550537144,0.0,4.737237537216377,7.786886013320767,0.0,0.0,False
2022-09-20,12.478992670629545,0.0,4.691168831923111,7.787823838706433,0.0,0.0,False
2022-09-21,12.39707849478419,0.0,4.608252437310035,7.788826057474154,0.0,0.0,False
2022-09-22,12.35035074751059,0.0,4.5605387235456005,7.789812023964989,0.0,0.0,False
2022-09-23,12.275986533845249,0.0,4.485206965732383,7.790779568112865,0.0,0.0,False
2022-09-26,12.245482114285657,0.0,4.453741683347007,7.791740430938649,0.0,0.0,False
2022-09-27,12.241670054133706,0.0,4.448951017712253,7.792719036421454,0.0,0.0,False
2022-09-28,12.330694065603621,0.0,4.536970015814375,7.793724049789247,0.0,0.0,False
2022-09-29,12.21891157304973,0.0,4.424188565767253,7.794723007282479,0.0,0.0,False
2022-09-30,12.14819058403825,0.0,4.352472203020377,7.795718381017874,0.0,0.0,False
2022-10-03,12.257685138454143,0.0,4.46098301200087,7.796702126453273,0.0,0.0,False
2022-10-04,12.397903975157657,0.0,4.6002272609090715,7.7976767142485865,0.0,0.0,False
2022-10-05,12.39235051122112,0.0,4.593648031148965,7.798702480072154,0.0,0.0,False
2022-10-06,12.35159350016771,0.0,4.551871927749007,7.799721572418702,0.0,0.0,False
2022-10-07,12.202404347513905,0.0,4.4016650971046,7.800739250409305,0.0,0.0,False
2022-10-10,12.164619837984125,0.0,4.362861229074118,7.801758608910006,0.0,0.0,False
2022-10-11,12.121852128845713,0.0,4.319076504947616,7.802775623898098,0.0,0.0,False
2022-10-12,12.115023484546548,0.0,4.311213683270906,7.803809801275642,0.0,0.0,False
2022-10-13,12.22356061822259,0.0,4.418656735202172,7.804903883020418,0.0,0.0,False
2022-10-14,12.10791599998718,0.0,4.301902395927827,7.806013604059353,0.0,0.0,False
2022-10-17,12.235339688094403,0.0,4.428202265879523,7.807137422214881,0.0,0.0,False
2022-10-18,12.280006254604128,0.0,4.471726264034875,7.808279990569254,0.0,0.0,False
2022-10-19,12.257195877951924,0.0,4.447728223225053,7.809467654726871,0.0,0.0,False
2022-10-20,12.228408646998965,0.0,4.417734553514116,7.810674093484848,0.0,0.0,False
2022-10-21,12.335086689676368,0.0,4.523206900832671,7.811879788843697,0.0,0.0,False
2022-10-24,12.388845593874699,0.0,4.5757614735665095,7.813084120308188,0.0,0.0,False
2022-10-25,12.473919776666568,0.0,4.659622457985471,7.814297318681097,0.0,0.0,False
2022-10-26,12.406115443639198,0.0,4.5905886135216765,7.815526830117521,0.0,0.0,False
2022-10-27,12.353289961856126,0.0,4.536544281700347,7.816745680155779,0.0,0.0,False
2022-10-28,12.477883214492723,0.0,4.659918494216117,7.817964720276605,0.0,0.0,False
2022-10-31,12.435192649568345,0.0,4.615996289602724,7.819196359965621,0.0,0.0,False
2022-11-01,12.40274339660311,0.0,4.582313651526966,7.820429745076144,0.0,0.0,False
2022-11-02,12.267967016822702,0.0,4.446280416906908,7.821686599915794,0.0,0.0,False
2022-11-03,12.202896259979738,0.0,4.37996036286908,7.822935897110659,0.0,0.0,False
2022-11-04,12.270891904627184,0.0,4.446706510781133,7.824185393846052,0.0,0.0,False
2022-11-07,12.317850857669484,0.0,4.492419493344264,7.825431364325221,0.0,0.0,False
2022-11-08,12.347575609904936,0.0,4.520907392665526,7.826668217239409,0.0,0.0,False
2022-11-09,12.250113295230179,0.0,4.422174797268438,7.827938497961742,0.0,0.0,False
2022-11-10,12.536045881586448,0.0,4.706835964903893,7.829209916682555,0.0,0.0,False
2022-11-11,12.60344729298439,0.0,4.772977557061035,7.830469735923355,0.0,0.0,False
2022-11-14,12.563524225548719,0.0,4.731791981684086,7.831732243864633,0.0,0.0,False
2022-11-15,12.617706808103431,0.0,4.784710298940651,7.832996509162779,0.0,0.0,False
2022-11-16,12.568086518172631,0.0,4.733806267879724,7.834280250292908,0.0,0.0,False
2022-11-17,12.556901743333498,0.0,4.72133909597581,7.835562647357689,0.0,0.0,False
2022-11-18,12.568981472536631,0.0,4.732139949444379,7.836841523092252,0.0,0.0,False
2022-11-21,12.537324629969337,0.0,4.699197180627414,7.838127449341922,0.0,0.0,False
2022-11-22,12.604058288499122,0.0,4.764656210320847,7.839402078178275,0.0,0.0,False
2022-11-23,12.64428764106366,0.0,4.803579618061363,7.840708023002295,0.0,0.0,False
2022-11-25,12.629257224011681,0.0,4.787242416398231,7.842014807613451,0.0,0.0,False
2022-11-28,12.557239271650943,0.0,4.7139252412867965,7.843314030364146,0.0,0.0,False
2022-11-29,12.536651701555737,0.0,4.692035743283767,7.8446159582719694,0.0,0.0,False
2022-11-30,12.718822157365054,0.0,4.872882264570672,7.845939892794383,0.0,0.0,False
2022-12-01,12.721342790425783,0.0,4.8740787396687795,7.847264050757004,0.0,0.0,False
2022-12-02,12.710129279514625,0.0,4.861559531261292,7.848569748253334,0.0,0.0,False
2022-12-05,12.626915010459538,0.0,4.777034675581688,7.849880334877849,0.0,0.0,False
2022-12-06,12.544288959118736,0.0,4.693113393988009,7.851175565130728,0.0,0.0,False
2022-12-07,12.532032752216566,0.0,4.679542426798632,7.852490325417935,0.0,0.0,False
2022-12-08,12.579355643268661,0.0,4.72556186675072,7.853793776517941,0.0,0.0,False
2022-12-09,12.547931922513868,0.0,4.692844763260946,7.855087159252923,0.0,0.0,False
2022-12-12,12.612512963967934,0.0,4.75612503973061,7.856387924237323,0.0,0.0,False
2022-12-13,12.657378349827523,0.0,4.799691003899468,7.857687345928055,0.0,0.0,False
2022-12-14,12.625566521661998,0.0,4.76655459410757,7.859011927554427,0.0,0.0,False
2022-12-15,12.488562135747078,0.0,4.62823413562577,7.860328000121307,0.0,0.0,False
2022-12-16,12.44049143067468,0.0,4.578849321011499,7.8616421096631806,0.0,0.0,False
2022-12-19,12.390202046208724,0.0,4.5272612057145025,7.862940840494223,0.0,0.0,False
2022-12-20,12.39283633308682,0.0,4.5285965472132785,7.864239785873542,0.0,0.0,False
2022-12-21,12.46085912222425,0.0,4.595299267523554,7.865559854700695,0.0,0.0,False
2022-12-22,12.373180689975523,0.0,4.5063083480292345,7.866872341946288,0.0,0.0,False
2022-12-23,12.392522435965125,0.0,4.5243364511515605,7.8681859848135645,0.0,0.0,False
2022-12-27,12.352928839390344,0.0,4.483433675903221,7.869495163487123,0.0,0.0,False
2022-12-28,12.296781688454221,0.0,4.425976503794012,7.870805184660208,0.0,0.0,False
2022-12-29,12.391912687864936,0.0,4.519752600368225,7.872160087496711,0.0,0.0,False
2022-12-30,12.38594534790033,0.0,4.512443556904556,7.873501790995775,0.0,0.0,False
2023-01-03,12.362525815295943,0.0,4.487693027497321,7.8748327877986215,0.0,0.0,False
2023-01-04,12.391867704506971,0.0,4.515705257406236,7.876162447100736,0.0,0.0,False
2023-01-05,12.332128518342746,0.0,4.454590868245248,7.877537650097497,0.0,0.0,False
2023-01-06,12.446087260989309,0.0,4.567143532896096,7.878943728093214,0.0,0.0,False
2023-01-09,12.460980381520825,0.0,4.58063188777639,7.880348493744435,0.0,0.0,False
2023-01-10,12.497829642025085,0.0,4.616079259362624,7.881750382662462,0.0,0.0,False
2023-01-11,12.568378392605517,0.0,4.68520022458798,7.883178168017536,0.0,0.0,False
2023-01-12,12.590994239309328,0.0,4.70639115560917,7.884603083700158,0.0,0.0,False
2023-01-13,12.617714112587915,0.0,4.731710886108089,7.8860032264798265,0.0,0.0,False
2023-01-17,12.619583781805748,0.0,4.732176095729944,7.887407686075804,0.0,0.0,False
2023-01-18,12.552875179671027,0.0,4.664061218874022,7.8888139607970045,0.0,0.0,False
2023-01-19,12.51440633247077,0.0,4.624174263384181,7.89023206908659,0.0,0.0,False
2023-01-20,12.622169037905454,0.0,4.730520171165488,7.891648866739966,0.0,0.0,False
2023-01-23,12.704516469506022,0.0,4.811446479615255,7.893069989890766,0.0,0.0,False
2023-01-24,12.698442985981464,0.0,4.803952556757373,7.89449042922409,0.0,0.0,False
2023-01-25,12.695445140297185,0.0,4.799522111693274,7.89592302860391,0.0,0.0,False
2023-01-26,12.770032406029713,0.0,4.872685291284238,7.897347114745474,0.0,0.0,False
2023-01-27,12.801306316958655,0.0,4.9025354859556565,7.898770831002998,0.0,0.0,False
2023-01-30,12.722414772097883,0.0,4.822218401070103,7.90019637102778,0.0,0.0,False
2023-01-31,12.795421265182735,0.0,4.893803172355862,7.901618092826872,0.0,0.0,False
2023-02-01,12.87518303544724,0.0,4.972131990396533,7.903051045050708,0.0,0.0,False
2023-02-02,13.002014733991196,0.0,5.097546157568547,7.904468576422648,0.0,0.0,False
2023-02-03,12.930700464203294,0.05250137816117672,5.025156678566662,5.966227239833994,1.2604369508425954,0.6788795949600405,True
2023-02-06,12.87809748550999,0.05137313829644408,4.988547940269761,5.96729808286553,1.2606631792565064,0.6615882831181935,True
2023-02-07,13.004663976102362,0.05402332633041036,5.072847335628602,5.96837148612601,1.260889948549441,0.7025552057983099,True
2023-02-08,12.895365198463349,0.05155189288815405,5.0000122574501695,5.969453845598873,1.2611186099494933,0.6647804854648119,True
2023-02-09,12.835089647993465,0.050405363565291954,4.956244269845487,5.970539954571485,1.2613480634762684,0.6469573601002258,True
2023-02-10,12.812630593760085,0.049455598502336634,4.945762424053804,5.971632895059952,1.2615789602425764,0.6336563144037538,True
2023-02-13,12.912655799882494,0.05140046723269193,5.014397008861993,5.972731249021674,1.2618110006699366,0.6637165413288896,True
2023-02-14,12.945726517715368,0.052378789045556234,5.0317692798453315,5.973832175074761,1.2620435844823987,0.6780814783128766,True
2023-02-15,12.989671325482963,0.0533688925630326,5.0592131298311465,5.974936859877313,1.2622769623756969,0.6932443733988055,True
2023-02-16,12.869073628600146,0.050789036987999206,4.97691852185908,5.976037718313525,1.2625095319032846,0.653607856524258,True
2023-02-17,12.832540064557103,0.049834934990285476,4.953144021500709,5.977143996715428,1.2627432464635293,0.639508799877437,True
2023-02-21,12.680611457418925,0.04688667150608927,4.844827999900914,5.978254037702674,1.262977755914985,0.5945516639003531,True
2023-02-22,12.680964772837168,0.046927323931993545,4.843302138502296,5.979366182787492,1.26321270988225,0.5950837416651287,True
2023-02-23,12.731244541420407,0.04791210329681011,4.8773355837112,5.980480195694421,1.2634480584493033,0.6099807035654844,True
2023-02-24,12.63485005214176,0.04583533811998452,4.810450998210177,5.9815932295222,1.2636832001741614,0.5791226242352215,True
2023-02-27,12.674120402856406,0.046679803314349025,4.835866361463348,5.982709556243198,1.2639190375621452,0.5916254475877151,True
2023-02-28,12.659841435205303,0.14630676381920693,4.823803934626737,5.983817069729374,0.0,1.8522204308491919,True
2023-03-01,12.587122213011202,0.14356135245980686,4.795162450891308,5.984935473643131,0.0,1.8070242884767653,True
2023-03-02,12.670255988995608,0.14605443052775208,4.833651316860226,5.986057649021789,0.0,1.8505470231135936,True
2023-03-03,12.873094071336382,0.1525303694554863,4.922376716841393,5.98717955975882,0.0,1.9635377947361685,True
2023-03-06,12.88708299560962,0.15301427489744618,4.92687484268777,5.988300492805434,0.0,1.9719076601164145,True
2023-03-07,12.746574986933446,0.1489226930916692,4.858896700104678,5.989424012079731,0.0,1.8982542747490367,True
2023-03-08,12.789771819452756,0.15044837669068772,4.874995860872931,5.990575550098854,0.0,1.9242004084809707,True
2023-03-09,12.602455240139726,0.14464854520835715,4.787792080652251,5.991736342947827,0.0,1.8229268165396486,True
2023-03-10,12.460118538102847,0.14025540932318767,4.719630473422102,5.992889038903691,0.0,1.7475990257770535,True
2023-03-13,12.513062293113233,0.14267192394031272,4.7337683663591985,5.994031255010588,0.0,1.785262671743446,True
2023-03-14,12.729047925891715,0.14978529040267696,4.827284586405014,5.995139199357418,0.0,1.9066241401292834,True
2023-03-15,12.755346068017708,0.15164181650259348,4.824849637833545,5.9962525823107455,0.0,1.9342438478734185,True
2023-03-16,13.015517176108624,0.16037855778692195,4.930770159933289,5.997337142620121,0.0,2.0874098735552122,True
2023-03-17,12.945148165829746,0.15885814206683868,4.890290744007778,5.99841523541831,0.0,2.056442186403658,True
2023-03-20,13.000119978442267,0.1598603044800194,4.9224797320595535,5.999437108352152,0.0,2.078203138030564,True
2023-03-21,13.156536089221456,0.16463948386434285,4.989950674157434,6.000500103892001,0.0,2.1660853111720204,True
2023-03-22,12.992780777272449,0.15991118773640772,4.913493147324041,6.0015966238560035,0.0,2.077691006092404,True
2023-03-23,13.103724120651943,0.1642108658663554,4.949266895147296,6.002683341578545,0.0,2.151773883926102,True
2023-03-24,13.152031031631765,0.1652719416015277,4.974613363158962,6.003755963871479,0.0,2.173661704601325,True
2023-03-27,13.096095575966508,0.1625708741684593,4.962223092156151,6.004828777831791,0.0,2.129043705978568,True
2023-03-28,13.043081619209689,0.16052079399599586,4.943474955001893,6.005920846537677,0.0,2.0936858176701185,True
2023-03-29,13.23967212102379,0.16678493852105483,5.024470381663988,6.007023838615925,0.0,2.2081779007438764,True
2023-03-30,13.339037177227487,0.1700234673011871,5.06296031580926,6.008127510086569,0.0,2.2679493513316564,True
2023-03-31,13.52905330027016,0.17584924691746898,5.140739736991238,6.009239728920115,0.0,2.379073834358806,True
2023-04-03,13.516857499307168,0.17476226745971551,5.144287757085163,6.010333076713224,0.0,2.3622366655087808,True
2023-04-04,13.471428438954186,0.17360186698435306,5.121340265118107,6.011423045887524,0.0,2.3386651279485555,True
2023-04-05,13.36564699583165,0.16937004442072628,5.0893558670425385,6.012550903393358,0.0,2.2637402253957535,True
2023-04-06,13.439312762323258,0.17182430546334196,5.11643869622869,6.013673484803745,0.0,2.3092005812908214,True
2023-04-10,13.436562504875258,0.17148352469216596,5.117615937768952,6.014797469023699,0.0,2.3041490980826076,True
2023-04-11,13.377364710864114,0.16890702930063808,5.101881563058885,6.015952214621982,0.0,2.259530933183247,True
2023-04-12,13.285825685847854,0.1655718935603725,5.068949160958759,6.017117208570229,0.0,2.199759316318864,True
2023-04-13,13.496560594466471,0.17234296360397933,5.152245690520243,6.018277652635191,0.0,2.326037251311037,True
2023-04-14,13.473114143047528,0.17164313251397492,5.141109500446467,6.019437126370045,0.0,2.3125675162310166,True
2023-04-17,13.488212995005501,0.17163824879488265,5.152511448121928,6.020608289048449,0.0,2.3150932578351235,True
2023-04-18,13.492914744156897,0.17170321256545423,5.154353477865035,6.021784457848338,0.0,2.316776808443523,True
2023-04-19,13.487417801316617,0.17139867138142967,5.15270588461167,6.022986425193037,0.0,2.3117254915119116,True
2023-04-20,13.401030203308657,0.16848312020201214,5.119002553615989,6.024180267117821,0.0,2.2578473825748477,True
2023-04-21,13.411081766313742,0.16867069695993017,5.1236628647941,6.025362393008892,0.0,2.2620565085107502,True
2023-04-24,13.396127228477237,0.16785349490043114,5.12099450875602,6.0265459462904865,0.0,2.2485867734307305,True
2023-04-25,13.181226837045866,0.16094611971830078,5.032048206806519,6.027711317690084,0.0,2.121467312549263,True
2023-04-26,13.222371681436693,0.16311938983576962,5.036650430564673,6.028896050014307,0.0,2.1568252008577127,True
2023-04-27,13.516438632259465,0.172463210568091,5.155261559342041,6.030088670951381,0.0,2.331088401966044,True
2023-04-28,13.60456123844306,0.17481136908671638,5.195044145410501,6.031285117116252,0.0,2.378231975916305,True
2023-05-01,13.593402833768732,0.1744594396215661,5.189442021128521,6.0324633717107075,0.0,2.3714974409295015,True
2023-05-02,13.47963520471205,0.17124781366004466,5.137649174746632,6.033627972223511,0.0,2.308358057741907,True
2023-05-03,13.400939358922546,0.16886117505237278,5.103206294160471,6.034834697808822,0.0,2.262898366953252,True
2023-05-04,13.349824712075485,0.16761591712016868,5.076126763603116,6.036054835964345,0.0,2.237643112508024,True
2023-05-05,13.589187954445267,0.17476131641058332,5.1770579387953655,6.0372656397802045,0.0,2.374864375869697,True
2023-05-08,13.616871240895122,0.17582800365573859,5.184161278720077,6.038482675851215,0.0,2.394227286323829,True
2023-05-09,13.54400363624811,0.17335534363381758,5.156377555518261,6.0397006761903835,0.0,2.347925404539466,True
2023-05-10,13.661100073439751,0.17741560480356744,5.196479232603087,6.0409285090252896,0.0,2.423692331811373,True
2023-05-11,13.686458201186202,0.17856311442695852,5.200418911582563,6.042142687725443,0.0,2.4438966018781967,True
2023-05-12,13.649671402319475,0.17719408354905636,5.187685265397913,6.043345122041801,0.0,2.4186410148797624,True
2023-05-15,13.710913489454715,0.17910421910876445,5.210680122404561,6.044550913253543,0.0,2.4556824537966113,True
2023-05-16,13.70691205746058,0.17983210852530954,5.196218931885521,6.045750228910935,0.0,2.464942896664125,True
2023-05-17,13.859506269122148,0.18423003810092226,5.2592052037310175,6.046963697370787,0.0,2.5533373680203444,True
2023-05-18,14.072120794107285,0.19119783032717413,5.333377222078733,6.048184608093329,0.0,2.6905589639352234,True
2023-05-19,14.044940006601916,0.19024917466509575,5.323487116487483,6.049414645637634,0.0,2.672038244476799,True
2023-05-22,14.083962786930984,0.19169459717577503,5.333507882749574,6.050635331102071,0.0,2.6998195730793406,True
2023-05-23,13.917062454733346,0.1864926571993263,5.269773833271516,6.05185866386963,0.0,2.5954299575922004,True
2023-05-24,13.843601569952202,0.18444169713482733,5.237168029056033,6.053096172875827,0.0,2.5533373680203444,True
2023-05-25,14.115606756255568,0.19394862616672326,5.32356259695021,6.054341621419874,0.0,2.7377025378854842,True
2023-05-26,14.42642477112378,0.2041252723677265,5.426044844702651,6.055582040722972,0.0,2.9447978856981583,True
2023-05-30,14.482242271675563,0.20618695587289404,5.43938164382332,6.056811179641713,0.0,2.98604944821053,True
2023-05-31,14.392319206362778,0.20326367129608391,5.408836268090492,6.058047297921846,0.0,2.925435640350439,True
2023-06-01,14.556590847732918,0.20825680756640352,5.465772798387377,6.059308910346355,0.0,3.0315091389991853,True
2023-06-02,14.686048461043118,0.21106420711019583,5.5257893217372995,6.06055996529384,0.0,3.0996991740119775,True
2023-06-05,14.690690422646652,0.2114559143971073,5.5224428816555005,6.061814164545577,0.0,3.1064333764455743,True
2023-06-06,14.694106350254378,0.21117763365910738,5.52798843860097,6.063051303871425,0.0,3.1030666077819826,True
2023-06-07,14.480629077563362,0.20336118478864287,5.471538887256513,6.064292304608691,0.0,2.9447978856981583,True
2023-06-08,14.633399162791626,0.20814172188666355,5.522045907896317,6.065532356097,0.0,3.04582089879831,True
2023-06-09,14.687177196185448,0.2099016461154323,5.537554621628113,6.066759904288969,0.0,3.0828626702683652,True
2023-06-12,14.917731362632242,0.2172105100066976,5.609456828048432,6.0679864971635515,0.0,3.2402880374202576,True
2023-06-13,15.031399724543656,0.22038445697154252,5.649499520694121,6.069213338033786,0.0,3.3126868658157473,True
2023-06-14,15.127238682652612,0.22366302559405254,5.673393078820768,6.070441631186372,0.0,3.383403972645473,True
2023-06-15,15.31613333002592,0.22865463323150645,5.742363125808123,6.071665355115868,0.0,3.5021048491019284,True
2023-06-16,15.22215467750107,0.22564193959556433,5.7145148690139855,6.072883302232052,0.0,3.4347565062550336,True
2023-06-20,15.1876235836624,0.22504635557874403,5.695600342665291,6.0741039035921025,0.0,3.4179193374050074,True
2023-06-21,14.998465845161707,0.21875161834279824,5.64220000829113,6.075327160582269,0.0,3.280938676288309,True
2023-06-22,15.152115886125207,0.22372328306665634,5.685669645586214,6.076565129088624,0.0,3.38988111145037,True
2023-06-23,15.003182726587692,0.21924575988092293,5.635995179209002,6.077803349855635,0.0,3.2893841975230558,True
2023-06-26,14.825076115229672,0.21310709856580065,5.586704611865644,6.079042546430283,0.0,3.159328956933747,True
2023-06-27,15.061209330884239,0.22013932453044116,5.66535878551921,6.0802860966525945,0.0,3.315564448712434,True
2023-06-28,15.08968381482523,0.2210670731989989,5.672315645185802,6.081535933197711,0.0,3.335832236441718,True
2023-06-29,15.07362798279761,0.21978984734524912,5.677813976113855,6.082783613405592,0.0,3.3130303932781624,True
2023-06-30,15.301634243144612,0.22628361219367574,5.75509241762431,6.084032756515098,0.0,3.4625090690052045,True
2023-07-03,15.336611880704444,0.22730937083304417,5.76517943877854,6.085276844612386,0.0,3.4861555973135174,True
2023-07-05,15.33095623476274,0.22722802275000978,5.760814107373779,6.0865192552968885,0.0,3.483622872092072,True
2023-07-06,15.205799964963905,0.2237109776165993,5.716322076383221,6.087773512976158,0.0,3.4017043756045267,True
2023-07-07,15.155728739169843,0.22216544820999792,5.699616610199264,6.089032860683764,0.0,3.367079268286815,True
2023-07-10,15.1676691904267,0.22215762233579486,5.707763397799188,6.090292468906425,0.0,3.369613323721086,True
2023-07-11,15.249343449623517,0.22412442946587557,5.7400378113898745,6.091555237857584,0.0,3.4177504003760575,True
2023-07-12,15.436628789189854,0.22961150481087453,5.799378603922933,6.092822619774171,0.0,3.54442756549275,True
2023-07-13,15.686644800610873,0.2372037843275595,5.871626168252679,6.094087122251061,0.0,3.720931510107134,True
2023-07-14,15.682080898307435,0.2370573646211288,5.8691779344115345,6.0953501943677955,0.0,3.7175527695281048,True
2023-07-17,15.823968701918481,0.24144286910355817,5.906772704658005,6.096611593264371,0.0,3.820584403996105,True
2023-07-18,15.962548432414359,0.24506056336220303,5.952879713032336,6.09787760783811,0.0,3.9117911115439137,True
2023-07-19,15.969741609154308,0.24495018186778703,5.958802982527448,6.099147515082946,0.0,3.9117911115439137,True
2023-07-20,15.608097305226064,0.23304087422441988,5.870355703597128,6.100416960639241,0.0,3.637324640989694,True
2023-07-21,15.568471224704133,0.23157267912894566,5.861552446971004,6.101686186286495,0.0,3.605232591446634,True
2023-07-24,15.601872349974576,0.2319971494345011,5.879325552256587,6.102956886682928,0.0,3.6195899110350624,True
2023-07-25,15.703721405508755,0.23511736108241751,5.907275533437744,6.10422833603432,0.0,3.692217536036691,True
2023-07-26,15.657622829296917,0.2333824697170621,5.897904459789448,6.105503683707901,0.0,3.6542146857995683,True
2023-07-27,15.601071299588833,0.23222561127301364,5.87132295578138,6.106780024746566,0.0,3.622968319060886,True
2023-07-28,15.880487849822504,0.2404771862061702,5.953536183514622,6.1080566326012935,0.0,3.81889503370659,True
2023-07-31,15.896582189735911,0.24071186020522498,5.960755963595842,6.10933035634349,0.0,3.8264958697965796,True
2023-08-01,15.852855033752991,0.2395112973406726,5.945314509396486,6.110602648668715,0.0,3.7969378756877914,True
2023-08-02,15.499258240711455,0.2289561391259993,5.838729798816322,6.11187811578501,0.0,3.548650326110123,True
2023-08-03,15.462154189149828,0.22786702612829363,5.825685247401351,6.11315384912977,0.0,3.5233150926187085,True
2023-08-04,15.387636538963735,0.2257873058977094,5.7988741771908465,6.1144293635071145,0.0,3.474332998265775,True
2023-08-07,15.524908757754428,0.22933946414289205,5.8487305715703926,6.115703930813344,0.0,3.5604742553706923,True
2023-08-08,15.3973947512978,0.22531512253165012,5.811148403519834,6.116980462721116,0.0,3.46926588505685,True
2023-08-09,15.231607108052142,0.22017159943527584,5.759778906995586,6.118260902106998,0.0,3.353567298949556,True
2023-08-10,15.25444695266787,0.22083846428710813,5.766135490601734,6.119542823489807,0.0,3.368768638576329,True
2023-08-11,15.168102381388197,0.2176414279565987,5.746072820333698,6.120822099377287,0.0,3.3012074616772122,True
2023-08-14,15.32726911373073,0.2225441395702985,5.794174282891064,6.12210091396205,0.0,3.4109939168776173,True
2023-08-15,15.159339474017107,0.21810151511589612,5.729683356119691,6.123381210458074,0.0,3.306274907439343,True
2023-08-16,14.9994769895043,0.21310659410431576,5.678325330257546,6.124664204667437,0.0,3.196487454579317,True
2023-08-17,14.840016872313367,0.20811225476237394,5.62567881748684,6.12594868281772,0.0,3.088389372008807,True
2023-08-18,14.824767777318812,0.20735794508271016,5.623502665978993,6.127231728706613,0.0,3.074033382633205,True
2023-08-21,15.038281327684814,0.2142976293699941,5.687098246040577,6.128515043322333,0.0,3.222668038321903,True
2023-08-22,15.013443615550981,0.21369590255207715,5.675333118519135,6.129799113191958,0.0,3.2083113838398876,True
2023-08-23,15.242250612072429,0.22040573373039885,5.751684081453709,6.131087100762276,0.0,3.3594794298564445,True
2023-08-24,14.92094647589798,0.21032290556648797,5.650354300321748,6.132375358963319,0.0,3.1382168166129123,True
2023-08-25,15.038369646549636,0.21362243529734726,5.692170665139278,6.133665834612717,0.0,3.212533146797641,True
2023-08-28,15.150917845618807,0.21677347324959972,5.73164125866569,6.134959502638984,0.0,3.2843170843141314,True
2023-08-29,15.465667913873283,0.2259040337225063,5.8356557568191825,6.136255391097386,0.0,3.493756765956714,True
2023-08-30,15.553525316482688,0.2283745107208409,5.863945759513881,6.1375508228328615,0.0,3.5520287341359458,True
2023-08-31,15.591411724100908,0.22987784441817596,5.868446295275828,6.138845310252486,0.0,3.584120118572593,True
2023-09-01,15.582401664841012,0.22919777795093263,5.870813898757447,6.140135929363091,0.0,3.571451836720473,True
2023-09-05,15.58402052933473,0.22977010562580646,5.861858976044325,6.141419510190426,0.0,3.5807420430999772,True
2023-09-06,15.445201740894108,0.2257112374313155,5.816340347222501,6.142705796358088,0.0,3.4861555973135174,True
2023-09-07,15.340762292054166,0.22229340136238124,5.786614347974537,6.143997714687148,0.0,3.4101502293924804,True
2023-09-08,15.360584934515455,0.2226662681036121,5.795015051337858,6.145285759920474,0.0,3.420284123257123,True
2023-09-11,15.531615595621002,0.227717954084542,5.8482113547140635,6.1465765138445585,0.0,3.53682772706238,True
2023-09-12,15.371276611294217,0.22273113370824113,5.799747206239486,6.147867538878199,0.0,3.423661866176532,True
2023-09-13,15.42077920100673,0.22420676078613355,5.814174485012377,6.149161762538453,0.0,3.4574429534559,True
2023-09-14,15.551984864394731,0.22752826282601907,5.863012506049134,6.150456258653323,0.0,3.538516099692275,True
2023-09-15,15.286191721071626,0.2196064330987764,5.777497094859608,6.151748586683434,0.0,3.3569460395285855,True
2023-09-18,15.299790252780106,0.21990799579103998,5.7822021237137164,6.153041918554226,0.0,3.364546210512162,True
2023-09-19,15.268658048812123,0.21902890315782778,5.770044612938531,6.154336010750335,0.0,3.344277425123258,True
2023-09-20,15.056852489757798,0.2124795065808627,5.701947084820316,6.1556328172529104,0.0,3.199272587684571,True
2023-09-21,14.776575388608254,0.20417868268839345,5.602582572721673,6.156931118394812,0.0,3.017061697491769,True
2023-09-22,14.774506738164,0.20437939386921686,5.596674756219023,6.158227250082359,0.0,3.0196047318626187,True
2023-09-25,14.840693433330989,0.20615181988453243,5.6217338190751835,6.159523654626192,0.0,3.0594359596296132,True
2023-09-26,14.622043559847349,0.19990306842667238,5.53822989798594,6.16082228757946,0.0,2.9229913742819487,True
2023-09-27,14.648736995370452,0.20075370952564803,5.545824575727544,6.162124127956693,0.0,2.940788291686214,True
2023-09-28,14.76049963566038,0.2040565496260678,5.585095543153848,6.163427466096846,0.0,3.0119766264096883,True
2023-09-29,14.763829895736674,0.20446978020321974,5.580347142824207,6.164725699173466,0.0,3.018757053739002,True
2023-10-02,14.859339824801577,0.20800345780415488,5.602523511883133,6.166022248672729,0.0,3.090794064245713,True
2023-10-03,14.610414791721706,0.20035217866270164,5.515863615956831,6.16732274107767,0.0,2.9272284346872057,True
2023-10-04,14.787985378610502,0.20596969024209386,5.573478984701431,6.168629626172051,0.0,3.045876767737018,True
2023-10-05,14.747825512816073,0.204346892536205,5.564217633366794,6.169935564239152,0.0,3.0136723152101283,True
2023-10-06,14.980476345934369,0.21129985277245927,5.643864569238662,6.171239330338467,0.0,3.1653724463572406,True
2023-10-09,15.060857102440586,0.21326704132172258,5.676323663958672,6.17254900447516,0.0,3.2119844340067556,True
2023-10-10,15.145201396641399,0.21554870221002784,5.706813934332033,6.173858956553811,0.0,3.2645285057555546,True
2023-10-11,15.248047812422254,0.21865248066935353,5.738861271121251,6.175163061749967,0.0,3.334023479551035,True
2023-10-12,15.18290587873095,0.217022943998086,5.711396563496041,6.176470382986872,0.0,3.2950389322480373,True
2023-10-13,15.00951263810595,0.21122987760376752,5.661277139674643,6.177777980991984,0.0,3.1704575174393215,True
2023-10-16,15.179388376839524,0.21590070714781298,5.723063552426636,6.179084139781942,0.0,3.2772406846309465,True
2023-10-17,15.139834683297059,0.21439366038224253,5.713559533231781,6.180390574731191,0.0,3.245884575334086,True
2023-10-18,14.928308590045784,0.20823461883482122,5.638017711987182,6.18170022896183,0.0,3.1085906490967714,True
2023-10-19,14.7954159885388,0.20449150049620915,5.586871464974244,6.183007707602653,0.0,3.0255368159619027,True
2023-10-20,14.584275154786097,0.1980962740476065,5.510874031296606,6.184310555641286,0.0,2.8890905678482053,True
2023-10-23,14.614539859257874,0.19942577401178657,5.514412711821297,6.18561122417797,0.0,2.914515923258608,True
2023-10-24,14.745655117062606,0.20322748545471375,5.56202225818942,6.18691044805012,0.0,2.9967224108230663,True
2023-10-25,14.419477820756171,0.19260217761884732,5.454041364889001,6.188213627462861,0.0,2.7772228284043097,True
2023-10-26,14.174260982886041,0.1845141856564937,5.369389960034777,6.1895188003114345,0.0,2.61535222253983,True
2023-10-27,14.213572812766497,0.1866273606794781,5.370110668661349,6.190820564232951,0.0,2.652641579872197,True
2023-10-30,14.362822577017162,0.1906476668476114,5.432460133176098,6.192123830186544,0.0,2.738238613654519,True
2023-10-31,14.434008414145746,0.19246697992607018,5.462509070103873,6.193429336343755,0.0,2.7780700076981173,True
2023-11-01,14.655075937883707,0.19933682793388355,5.539042749161059,6.194736838134728,0.0,2.9212963505879217,True
2023-11-02,14.91482132846058,0.20626367532451034,5.642395764943157,6.196039699500746,0.0,3.076385864016675,True
2023-11-03,15.083480562860661,0.21114921315998433,5.701280051706769,6.197335458591945,0.0,3.184865052561946,True
2023-11-06,15.13940015781898,0.21277638905552052,5.719465951901306,6.198627307870375,0.0,3.2213068980473,True
2023-11-07,15.26654696660387,0.21694417940920036,5.754637314133422,6.1999211483885555,0.0,3.3119885040818935,True
2023-11-08,15.277737002359617,0.21717360711047345,5.758597291844222,6.201218457227805,0.0,3.3179212532875897,True
2023-11-09,15.155603705308579,0.21372320172704207,5.713984750091346,6.20251480721246,0.0,3.2391041480047718,True
2023-11-10,15.48182273366309,0.22317875025136358,5.822798686840882,6.2038101975101325,0.0,3.4552138493120776,True
2023-11-13,15.43990450324387,0.22175377277686298,5.810944770367119,6.205102657967947,0.0,3.4238570749088044,True
2023-11-14,15.77537485399326,0.23068356833864567,5.929857240707314,6.206397850087041,0.0,3.6391197631989067,True
2023-11-15,15.795346746065466,0.23103573675702171,5.9383655848131305,6.207691588442477,0.0,3.6492895728098604,True
2023-11-16,15.80874611743954,0.23121515329269912,5.944538371293962,6.208986089236433,0.0,3.6552216569091454,True
2023-11-17,15.81697034788561,0.23125566690226154,5.948928418417843,6.210277903294184,0.0,3.657764026173582,True
2023-11-20,16.007883424713924,0.23665072339793577,6.008038710516917,6.211567521668631,0.0,3.788277192528376,True
2023-11-21,15.916529248196696,0.23369610525721599,5.984039713354901,6.212858640325662,0.0,3.719630894516132,True
2023-11-22,15.984844559290725,0.23540127780539127,6.007837505899139,6.214154218613992,0.0,3.762852834777593,True
2023-11-24,15.965111238717245,0.23452438575037085,6.005450799076141,6.2154525329446,0.0,3.7442079066965044,True
2023-11-27,15.947360799769124,0.23409458144128695,5.997421889483824,6.216748158770159,0.0,3.73319075151514,True
2023-11-28,15.989148318668217,0.23533791542756868,6.008250195708619,6.218045288182004,0.0,3.762852834777593,True
2023-11-29,15.971847688821116,0.2347438682974648,6.003211196670851,6.2193431818184735,0.0,3.7492933103317916,True
2023-11-30,15.946055332166832,0.23315706993496846,6.007483383633062,6.220636410264872,0.0,3.7179355382688986,True
2023-12-01,16.005051475444738,0.2342568729681395,6.0338287511578015,6.221929413955145,0.0,3.7492933103317916,True
2023-12-04,15.855710627676663,0.22972851223515786,5.9899848070305595,6.2232170077187625,0.0,3.642508812927341,True
2023-12-05,15.890201681273526,0.23088321485090832,5.99691398893001,6.224506843541775,0.0,3.66878084880174,True
2023-12-06,15.79681475249346,0.22811714399926997,5.967488600090413,6.225801886778705,0.0,3.603524265624343,True
2023-12-07,16.013418914675476,0.2344519350430751,6.031944664017855,6.227097199456577,0.0,3.754377051201045,True
2023-12-08,16.086037813210346,0.23618588100644994,6.058352489889617,6.228390310504575,0.0,3.799295012816153,True
2023-12-11,16.221602915783834,0.24016794491452298,6.096010190202237,6.22968369007836,0.0,3.895909035503237,True
2023-12-12,16.355162975577024,0.24395841834315282,6.134205946077065,6.2309773382336955,0.0,3.9899796912662637,True
2023-12-13,16.57844494221584,0.2491586523454185,6.215506978404294,6.232274964026326,0.0,4.130662999785218,True
2023-12-14,16.580237548213134,0.24872284794937485,6.222786968325771,6.233566677218634,0.0,4.123883902668731,True
2023-12-15,16.640599102003257,0.2507745004521568,6.23270449572448,6.234856679249303,0.0,4.173037927029476,True
2023-12-18,16.76634136526017,0.2541000882516323,6.269863122363708,6.236149422326861,0.0,4.260328820569602,True
2023-12-19,16.866277474253707,0.25636307236179273,6.304944328204124,6.237442433443405,0.0,4.323890712606178,True
2023-12-20,16.584926132776694,0.2491281960954915,6.214414472555478,6.238738930385583,0.0,4.1317727298356335,True
2023-12-21,16.788881927515007,0.25426453408859284,6.2800309700596415,6.240033716287366,0.0,4.268817241168,True
2023-12-22,16.818203637896506,0.2548334964749767,6.29103818191755,6.241323818505616,0.0,4.2858416374733395,True
2023-12-26,16.930343533046113,0.2577710795301106,6.323576911577067,6.2426136921401225,0.0,4.364152929328923,True
2023-12-27,16.966768282761002,0.25857228323484566,6.335729675064581,6.2439025937063475,0.0,4.387136013990074,True
2023-12-28,16.956656709025243,0.25807384769457264,6.3353873779200125,6.2451996901710976,0.0,4.3760696409341335,True
2023-12-29,16.874634193004763,0.2557468031412842,6.312507600953683,6.246492843011508,0.0,4.315633749039572,True
2024-01-02,16.586083585868145,0.2470066694715768,6.241433475470091,6.247776844275577,0.0,4.096873266122478,True
2024-01-03,16.39778083279482,0.24184897248747897,6.182925096224642,6.249069291083872,0.0,3.9657864454863043,True
2024-01-04,16.306817752598466,0.23912651686568226,6.1570577613876,6.250367460868522,0.0,3.899392530342344,True
2024-01-05,16.330451028052934,0.23966649259337955,6.164924943564657,6.251664164126882,0.0,3.913861920361396,True
2024-01-08,16.675245291730743,0.24885077998230473,6.272638342835608,6.2529591516516865,0.0,4.14964779724345,True
2024-01-09,16.70521786104137,0.25003488521612505,6.2740762232216305,6.254254407423896,0.0,4.176887230395841,True
2024-01-10,16.82808535784712,0.25311577535449176,6.313079071361205,6.255552413402869,0.0,4.259453873083044,True
2024-01-11,16.854989117493027,0.2539238234944239,6.318256388262143,6.256849447560149,0.0,4.279883281670735,True
2024-01-12,16.865201267029185,0.25407288258346733,6.322065953124759,6.258145012639975,0.0,4.28499030126445,True
2024-01-16,16.8520243186941,0.2541200121839632,6.310151814296102,6.259435879207008,0.0,4.282436625190988,True
2024-01-17,16.743925523455435,0.25133777684480235,6.274816252714331,6.26072825402087,0.0,4.2083810167202325,True
2024-01-18,16.998111029388554,0.2581956125101335,6.347249463651194,6.262023876989126,0.0,4.388837688748233,True
2024-01-19,17.355562769585198,0.2674933888413376,6.449748428501417,6.263316040598886,0.0,4.642498300484895,True
2024-01-22,17.38661081582618,0.26809275372434915,6.460778470484761,6.264607973793026,0.0,4.661224371548394,True
2024-01-23,17.46605893043912,0.2700411081709932,6.483604350854378,6.26590067062909,0.0,4.716553908955652,True
2024-01-24,17.566348270179997,0.27290898047909584,6.505137952286901,6.267196120737543,0.0,4.794014197155552,True
2024-01-25,17.602925551337528,0.27311558153241383,6.526800464037024,6.268491838675167,0.0,4.8076332486253355,True
2024-01-26,17.492104405022303,0.2697850113262628,6.503212726707787,6.269784093285404,0.0,4.719107585029113,True
2024-01-29,17.69119279798022,0.27459164718809986,6.562261168651005,6.271077858209579,0.0,4.857853771119638,True
2024-01-30,17.57107031153633,0.27094627653510805,6.537882345787873,6.272371890101109,0.0,4.76081607564735,True
2024-01-31,17.17495105833053,0.2608897118166895,6.420516090466345,6.273666935790589,0.0,4.480768032073599,True
2024-02-01,17.41438737473666,0.26639432404259994,6.500334906854125,6.274958514573577,0.0,4.639093953308959,True
2024-02-02,17.73805867529601,0.2746820031549945,6.589479839049433,6.276253347235439,0.0,4.8723254890111365,True
2024-02-05,17.698374132500884,0.2739031296430399,6.573183130296757,6.277550937718713,0.0,4.847640064485414,True
2024-02-06,17.674530873109582,0.2726833314463308,6.576127632409049,6.278853280469987,0.0,4.819549960230546,True
2024-02-07,17.880945766392834,0.2775806656720317,6.637386290139043,6.280154647572973,0.0,4.96340482868082,True
2024-02-08,17.910287654444296,0.2782665100508417,6.644998130435622,6.281456284399786,0.0,4.98383323960889,True
2024-02-09,18.109902407903217,0.28328378964062073,6.696903679113477,6.282756944657113,0.0,5.130241784132625,True
2024-02-12,18.036197076920995,0.28109062407204205,6.682332811853877,6.284058372829055,0.0,5.0698058922380635,True
2024-02-13,17.69932911379627,0.2728784031005834,6.5842023836569545,6.285362065614925,0.0,4.829764664524391,True
2024-02-14,17.91964540999318,0.2780737445999226,6.649995233062978,6.286667275870584,0.0,4.98298290105962,True
2024-02-15,17.995497195547284,0.27921935162580197,6.682837121288644,6.2879690151339895,0.0,5.02469105912465,True
2024-02-16,17.81196465257005,0.2743546808007338,6.635897751940174,6.289271023940069,0.0,4.886795876689809,True
2024-02-20,17.656746404694427,0.2703547232970794,6.592587065882133,6.290574550244431,0.0,4.773584788567863,True
2024-02-21,17.588258628589063,0.26801972454622414,6.582382545303609,6.2918758504032635,0.0,4.71400023288219,True
2024-02-22,18.161758972226743,0.2820062433124228,6.746846639782153,6.293182912741236,0.0,5.121729419703352,True
2024-02-23,18.10864204443955,0.28024812127699467,6.7392393855437565,6.2944897470640155,0.0,5.074912911831779,True
2024-02-26,18.08902594767853,0.28017561031676874,6.725123461527737,6.295798601224091,0.0,5.068103884926698,True
2024-02-27,18.136167379096218,0.28118392173577517,6.739458484252831,6.29711022593268,0.0,5.099598668910709,True
2024-02-28,18.0325137608136,0.2782213707172193,6.717062190361735,6.298420874441186,0.0,5.017030696010679,True
2024-02-29,18.195549452338486,0.2823713656300867,6.757916759065764,6.299730546026126,0.0,5.137902147246595,True
2024-03-01,18.515240354224687,0.29023051220338647,6.840516422458267,6.301036240190979,0.0,5.373687691575442,True
2024-03-04,18.43683168004846,0.28800214766281257,6.824644355423441,6.302340204673283,0.0,5.309847119951737,True
2024-03-05,18.058480682293286,0.2782926841330346,6.72929118213237,6.303646439720962,0.0,5.0255430604399525,True
2024-03-06,18.19076167848464,0.28136947550586516,6.767483160202676,6.304953445754549,0.0,5.118325072527415,True
2024-03-07,18.50514132667369,0.2889169463311789,6.852430429348345,6.3062619737958805,0.0,5.346448923529464,True
2024-03-08,18.202344828635308,0.28086304812640384,6.782408504068911,6.307570272948,0.0,5.112366051618396,True
2024-03-11,18.128562132525243,0.2787193743770394,6.7669017930722335,6.3088788435202865,0.0,5.052781495932724,True
2024-03-12,18.42927775234833,0.2858108005533217,6.851800434631433,6.310190689698701,0.0,5.267286628018197,True
2024-03-13,18.276313512226025,0.2814961654257965,6.820098531756912,6.311502808657817,0.0,5.144712171811297,True
2024-03-14,18.22057734994547,0.28006811120882036,6.804759966834287,6.31281469957774,0.0,5.1030026835334406,True
2024-03-15,17.971668265941943,0.27357437915618843,6.740953414502346,6.3141268631835565,0.0,4.91658798825604,True
2024-03-18,18.16390487141937,0.2783176236188878,6.793130732434443,6.315439299531947,0.0,5.0553348394529785,True
2024-03-19,18.227455143546422,0.2792619665326559,6.8204681665942735,6.316752008679603,0.0,5.090234968272547,True
2024-03-20,18.481426052160963,0.2852007072552438,6.892445280315943,6.318064990683227,0.0,5.270915781161795,True
2024-03-21,18.57877448991767,0.2873848216354373,6.920140958434612,6.319375738493054,0.0,5.3392577929900025,True
2024-03-22,18.58859021615983,0.2878305102811417,6.91754005060446,6.320686758231047,0.0,5.350363407324322,True
2024-03-25,18.513116698457157,0.28605068239438064,6.895430990324058,6.321996043292628,0.0,5.295689664840473,True
2024-03-26,18.447347008021225,0.2843845728896618,6.877901010343833,6.323305097853895,0.0,5.246140899823496,True
2024-03-27,18.53540087384852,0.28552239315218186,6.918514434839678,6.324614423472568,0.0,5.292272015536272,True
2024-03-28,18.496355797872788,0.2843238723647032,6.9114770254572155,6.325923267329054,0.0,5.25895550508652,True
2024-04-01,18.53142791623996,0.2855375047333188,6.9127808602134015,6.327229369678034,0.0,5.291417686348523,True
2024-04-02,18.339121402078845,0.2807990220528598,6.860974539196313,6.328539507870124,0.0,5.14960735501241,True
2024-04-03,18.386069548427173,0.28194053008427533,6.8724426921246025,6.329848661652659,0.0,5.18377819464991,True
2024-04-04,18.04856897236889,0.2736756593694731,6.777957625425831,6.33115733275459,0.0,4.9394540141884695,True
2024-04-05,18.299489395649097,0.2794464777916294,6.853297022877749,6.332464515771934,0.0,5.113727856999413,True
2024-04-08,18.30714449916374,0.2795162571026706,6.856225006358288,6.333774984161458,0.0,5.117144508643993,True
2024-04-09,18.378070469747946,0.28131951794482696,6.872872810000925,6.335087734441473,0.0,5.170109925305551,True
2024-04-10,18.17914793639888,0.27692600985683513,6.808469033212531,6.336400002562291,0.0,5.03427890062406,True
2024-04-11,18.497154022334925,0.2849582035591678,6.88851991538041,6.33771832579272,0.0,5.270915781161795,True
2024-04-12,18.141445334471058,0.27651264234218836,6.786070683335054,6.339035665795045,0.0,5.0163389853409575,True
2024-04-15,17.792421565642947,0.2677727980825317,6.687743791097225,6.340351267249529,0.0,4.764326507296191,True
2024-04-16,17.78880490727315,0.2678752467504119,6.681955248814884,6.341669154527534,0.0,4.765180503930734,True
2024-04-17,17.552748121267328,0.2614031892307285,6.621417725163041,6.3429860574413315,0.0,4.588344338662958,True
2024-04-18,17.446352154205933,0.25829661611242943,6.595713433514352,6.344304995754395,0.0,4.506333724937186,True
2024-04-19,17.07130636501155,0.24760747391313126,6.4986983559113005,6.3456249636625826,0.0,4.226983045437669,True
2024-04-22,17.25824527300015,0.2520534038104988,6.561300098362053,6.346945709781956,0.0,4.349999464856139,True
2024-04-23,17.541374845892506,0.2590401981680058,6.649186898878527,6.348266730794712,0.0,4.543921216219267,True
2024-04-24,17.596804013077843,0.2607487322841652,6.65887164765682,6.349588026758066,0.0,4.588344338662958,True
2024-04-25,17.49593124899033,0.2580529317048389,6.630142779817369,6.350912117464704,0.0,4.514876351708259,True
2024-04-26,17.78740745215095,0.2654949417261978,6.71270678315661,6.35223396402539,0.0,4.722466704968953,True
2024-04-29,17.870624201373403,0.2674136459602696,6.738221106891551,6.353554321206757,0.0,4.778848773275093,True
2024-04-30,17.481676684835207,0.25772579738330187,6.621321408150476,6.354876213488502,0.0,4.505479063196231,True
2024-05-01,17.350923176440972,0.25405511924745766,6.586633434680803,6.356198885115982,0.0,4.408090856644188,True
2024-05-02,17.588252912149642,0.25990408344707533,6.659471066364988,6.357523093217048,0.0,4.571258752567606,True
2024-05-03,17.970286612223923,0.26954356575612204,6.7676669313239035,6.358844549781679,0.0,4.843775131118338,True
2024-05-06,18.202511996406898,0.2748341208120351,6.839675091233826,6.360165524070057,0.0,5.002671381103012,True
2024-05-07,18.20815192603184,0.27474899162889727,6.843992510307564,6.361488034621263,0.0,5.002671381103012,True
2024-05-08,18.1983884247814,0.2743799969253462,6.842303087187452,6.36281157755617,0.0,4.993273760037776,True
2024-05-09,18.25422521857905,0.2750382758600869,6.869478686489369,6.364135900809984,0.0,5.0206106312797,True
2024-05-10,18.302243443507425,0.27618372682413156,6.882002403089588,6.365459236947428,0.0,5.054781803470408,True
2024-05-13,18.34528694191511,0.2773518340234482,6.890404356775493,6.366783606113046,0.0,5.088098979026571,True
2024-05-14,18.479402672570956,0.28047029575268617,6.928371646856938,6.368107492805061,0.0,5.182923532908955,True
2024-05-15,18.816968397020382,0.2881507063997675,7.02541526975723,6.369430391359628,0.0,5.422122735903523,True
2024-05-16,18.77061397528199,0.28708737138540064,7.011052921413316,6.3707548284149,0.0,5.388806225453772,True
2024-05-17,18.763310723663654,0.28656166792804827,7.0143848074806145,6.372080299357749,0.0,5.376845616825291,True
2024-05-20,18.904187882351604,0.2903008473213403,7.042880834757506,6.373405287425613,0.0,5.4879017601684845,True
2024-05-21,18.949230665308207,0.29109857047423615,7.058406156043573,6.3747305510068575,0.0,5.516093958257778,True
2024-05-22,18.936280666814902,0.2911171807443441,7.047547935149351,6.37605609015877,0.0,5.512676641506783,True
2024-05-23,18.814006484050605,0.28865014476483775,7.0059576187647,6.377383170058104,0.0,5.430665695227803,True
2024-05-24,19.02370010903146,0.29346174915361073,7.062261273492251,6.3787105261691,0.0,5.582728309370108,True
2024-05-28,19.101488031989835,0.2954420102854735,7.078067849825596,6.38003815854925,0.0,5.64338202361499,True
2024-05-29,18.935198489998815,0.29181054450429156,7.02834108148534,6.38136682685008,0.0,5.5254905816633935,True
2024-05-30,18.69787716077316,0.28601111807139235,6.9673801301865375,6.38269627827234,0.0,5.347800752314282,True
2024-05-31,18.71847537400111,0.285376880793738,6.992629758417109,6.384025500137166,0.0,5.341820115446835,True
2024-06-03,18.79353870857044,0.2870098753919529,7.01425326690082,6.385354238748977,0.0,5.393931202920645,True
2024-06-04,18.848537192084798,0.28830263890509084,7.027771432925729,6.386682747180271,0.0,5.434083011978799,True
2024-06-05,19.29051199923686,0.29870267115922483,7.1403737654057196,6.38801077163001,0.0,5.7621274622011285,True
2024-06-06,19.283706514842432,0.29845366212503605,7.13907461391879,6.389339072224503,0.0,5.755292828699139,True
2024-06-07,19.256178693145976,0.29777124283814355,7.1315765571620195,6.390665874212502,0.0,5.733936261771456,True
2024-06-10,19.343580214104023,0.299561331545982,7.15699734855972,6.391994219740787,0.0,5.794588645803513,True
2024-06-11,19.497684059007785,0.30332775565712866,7.190173739783852,6.393321573093326,0.0,5.914188746130606,True
2024-06-12,19.808846734454125,0.3103364401831708,7.266787508207104,6.394652246542501,0.0,6.147406979704521,True
2024-06-13,19.935429083284227,0.31329394299960445,7.293797210917136,6.395982689475983,0.0,6.245649182891105,True
2024-06-14,20.048427278354005,0.3160449113077652,7.314911209583269,6.3973126477231625,0.0,6.336203421047571,True
2024-06-17,20.35347299319885,0.3225988181665003,7.388823777491915,6.398642882517204,0.0,6.566006333189731,True
2024-06-18,20.36875102588156,0.3225246183034632,7.399353220216162,6.399974155724676,0.0,6.569423649940725,True
2024-06-20,20.176885976549045,0.3179280022710774,7.360785251774221,6.4013036741992675,0.0,6.414797050575555,True
2024-06-21,20.10447372338535,0.31614121052169153,7.345990134965277,6.40263092860749,0.0,6.355852659812584,True
2024-06-24,19.836763827674933,0.309555147177566,7.292235563925638,6.403955917546762,0.0,6.140572346202531,True
2024-06-25,20.098852452100385,0.3157195859708339,7.347971167404487,6.405279910029885,0.0,6.345601374666013,True
2024-06-26,20.152058239566927,0.3168562811950132,7.360144526795249,6.4066074805571755,0.0,6.3853062322145,True
2024-06-27,20.2149954085015,0.31816052742816503,7.375444701530035,6.407937105844696,0.0,6.431613601126772,True
2024-06-28,20.08147852247331,0.31523683098897587,7.341791644368185,6.409265227107458,0.0,6.3304216509976685,True
2024-07-01,20.21565290643392,0.31827743889910365,7.370875593479177,6.410591080221735,0.0,6.434186232733009,True
2024-07-02,20.477714901385344,0.32383604524665316,7.434374212451758,6.411918479580501,0.0,6.6314222093530875,True
2024-07-03,20.6895568065181,0.3283954340519534,7.481952120433501,6.41324869826554,0.0,6.79435598781906,True
2024-07-05,20.957280621386495,0.33402084163981416,7.542532407879931,6.41457970186928,0.0,7.000168511637284,True
2024-07-08,21.018236641861044,0.33525529926754205,7.555851717472014,6.415909708945888,0.0,7.0464752154431425,True
2024-07-09,21.041941121811632,0.3356111633947082,7.562792572239001,6.417238209598476,0.0,7.061910339974153,True
2024-07-10,21.34136451194717,0.34126958701973326,7.639637090623926,6.418568767893442,0.0,7.283158653429802,True
2024-07-11,20.74747686832969,0.32797468446572803,7.52293008691122,6.41989960206805,0.0,6.804647179350422,True
2024-07-12,20.90524903250562,0.3307911007262366,7.568754860358718,6.421223833728275,0.0,6.915270338418626,True
2024-07-15,20.978605387356687,0.33208704019677365,7.589334078275761,6.422548338537553,0.0,6.966722970543373,True
2024-07-16,21.00903077587132,0.33185104887700906,7.61329003480115,6.423871842207911,0.0,6.971868898862261,True
2024-07-17,20.23208967471002,0.31428890272867127,7.448172792322776,6.425195618614553,0.0,6.358721263772693,True
2024-07-18,20.091983064797947,0.3117429080561734,7.401929657727988,6.42652017783446,0.0,6.263533229235499,True
2024-07-19,19.866133561799813,0.30674012078765944,7.344548853482171,6.427844499987391,0.0,6.093740208330249,True
2024-07-22,20.22586706435704,0.31442804879100944,7.437118053159644,6.429169095045272,0.0,6.359579916152127,True
2024-07-23,20.139646743239023,0.312367686233097,7.41817869075898,6.43049319774254,0.0,6.2909748547375015,True
2024-07-24,19.24554319837037,0.2916339668604754,7.201075855984809,6.43181323506017,0.0,5.612654107325392,True
2024-07-25,19.001451135630006,0.28554180511805266,7.142609700784178,6.433132777715565,0.0,5.425708657130263,True
2024-07-26,19.234610460133744,0.2901501895532302,7.219234550945631,6.434450038197764,0.0,5.58092587099035,True
2024-07-29,19.27788603277841,0.2911892284330401,7.2286069812529306,6.435766291820657,0.0,5.613512759704827,True
2024-07-30,18.98229354791298,0.2836615363596288,7.160666224977405,6.437080771505113,0.0,5.384546551430466,True
2024-07-31,19.618550962406367,0.2984593921853719,7.324817712118191,6.4383924544906295,0.0,5.855340795797547,True
2024-08-01,19.05737825674396,0.285108850958165,7.184246634930981,6.439704404757592,0.0,5.433427217055388,True
2024-08-02,18.51035850506645,0.2721308515144998,7.032107371877079,6.441011511366972,0.0,5.037239621822396,True
2024-08-05,17.865343678206525,0.2573795777049155,6.824871908990623,6.442297157765924,0.0,4.598174611449977,True
2024-08-06,18.04561670106236,0.2611762247970052,6.888939926828006,6.443590730117101,0.0,4.713086044117254,True
2024-08-07,17.834803523771733,0.2557527537751203,6.828613733363484,6.44488967616541,0.0,4.56130011424284,True
2024-08-08,18.437104087473724,0.27004922944063886,7.011989451469848,6.446188884064743,0.0,4.978925751939133,True
2024-08-09,18.53992086465616,0.27220570129806315,7.045759582344154,6.447489121337682,0.0,5.046672160974324,True
2024-08-12,18.584959803308063,0.27339173250318427,7.055197870220479,6.4487875739591525,0.0,5.08097435912843,True
2024-08-13,19.101404792045805,0.28534958778785535,7.200741032163467,6.4500857763031005,0.0,5.450577983579235,True
2024-08-14,19.124656410426706,0.2854958753535766,7.213266766818814,6.451379120876728,0.0,5.460010522731163,True
2024-08-15,19.689651296086907,0.2981655607834613,7.3662000908422005,6.452675284916147,0.0,5.870775920328558,True
2024-08-16,19.71938215470312,0.2984988573171362,7.379193052228995,6.4539760622953155,0.0,5.886213040178808,True
2024-08-19,20.032533740982743,0.30521953314198097,7.46293732359444,6.455275821314568,0.0,6.114320596073735,True
2024-08-20,19.98220073935323,0.30410009330383087,7.449038861849418,6.456572768250617,0.0,6.076589109253196,True
2024-08-21,20.09684320503895,0.30650438877260766,7.4792102729096746,6.457862289309877,0.0,6.159770642819398,True
2024-08-22,19.713629733963437,0.29745491276425245,7.390568828636683,6.459144892543887,0.0,5.863916012782868,True
2024-08-23,19.97863142938718,0.30273789537331103,7.469909721197682,6.4604328768177375,0.0,6.048288831371759,True
2024-08-26,19.757236964504827,0.2971455943397244,7.424746335438529,6.461714708737741,0.0,5.870775920328558,True
2024-08-27,19.824445491478233,0.2986472050821253,7.440933970953175,6.462996282192144,0.0,5.920515238332914,True
2024-08-28,19.56123617884674,0.2924072857886421,7.377117785391286,6.464270415728287,0.0,5.719847977727165,True
2024-08-29,19.527422895493928,0.29137654702123933,7.372048374276275,6.465541465705142,0.0,5.689833055512512,True
2024-08-30,19.801625263520656,0.29712909925625247,7.451170853806412,6.466815331354498,0.0,5.883639078359745,True
2024-09-03,19.076294076431346,0.2802858027917211,7.261389459138937,6.4680902177888955,0.0,5.346814399503514,True
2024-09-04,19.01525341811923,0.2787953563483037,7.244523196500047,6.469365868861329,0.0,5.301364352757851,True
2024-09-05,19.02824624026811,0.2795063394008278,7.239094664729696,6.470636123703511,0.0,5.318515451834904,True
2024-09-06,18.44029131166353,0.26502667006656583,7.081219790604201,6.471902519671718,0.0,4.88716900138761,True
2024-09-09,18.708523983797967,0.27094433145306923,7.166392460802193,6.473162999731923,0.0,5.068968523263852,True
2024-09-10,18.894854265692754,0.2754887083466586,7.215114883686136,6.474420385952567,0.0,5.205318996054049,True
2024-09-11,19.343317162431685,0.2862585610072582,7.330464425263428,6.475662601143561,0.0,5.537190136024695,True
2024-09-12,19.575212064745685,0.2912347284082691,7.397315162043208,6.476915333491997,0.0,5.700981569210482,True
2024-09-13,19.686950084016818,0.2933713887190872,7.433202885717489,6.478159312507964,0.0,5.7755878857913645,True
2024-09-16,19.600063801079912,0.2907342034922497,7.422271127440735,6.479383736034932,0.0,5.698408937604245,True
2024-09-17,19.60819207455456,0.2907886425634696,7.425748755247,6.480603762824058,0.0,5.701839556483503,True
2024-09-18,19.507716618790397,0.2884619122712859,7.398661931155694,6.481821447732083,0.0,5.627233239902622,True
2024-09-19,20.09090910392417,0.30125951026983866,7.555323170870519,6.483008495529612,0.0,6.052577437524039,True
2024-09-20,20.03977843524805,0.3001024181751039,7.541602366146899,6.484190100989911,0.0,6.01398596811124,True
2024-09-23,20.104959962526014,0.30134749679130923,7.5610210337194035,6.4853595710099,0.0,6.058579357796709,True
2024-09-24,20.22092768484553,0.3038601862854598,7.590074388719607,6.486518442943951,0.0,6.144334853181975,True
2024-09-25,20.23874021831037,0.30465541173262783,7.585223021379651,6.487675462771677,0.0,6.16584173415904,True
2024-09-26,20.414193443586136,0.3084427339081768,7.62875317788853,6.488830629427519,0.0,6.296609636270086,True
2024-09-27,20.280216131320962,0.30513533746272425,7.602024428892206,6.48998110938115,0.0,6.1882105930476055,True
2024-09-30,20.355087028874895,0.30637980408733617,7.6275640539414855,6.4911353988460405,0.0,6.236387576087368,True
2024-10-01,20.004829177573065,0.29854153895451785,7.540262673343033,6.492294015035126,0.0,5.972272489194904,True
2024-10-02,20.03527021375958,0.2992043840197438,7.547180814915729,6.493448715866797,0.0,5.994640682977057,True
2024-10-03,20.012940122297465,0.2988504239807309,7.537463178621244,6.494601303026641,0.0,5.980875640649578,True
2024-10-04,20.303954857970986,0.3049480375539904,7.616551636428859,6.495752033019062,0.0,6.191651188523062,True
2024-10-07,20.02600213557649,0.2989991772334817,7.5413306961547395,6.4969132776084315,0.0,5.987758161813318,True
2024-10-08,20.378956538354352,0.3065697367118358,7.633305311860333,6.49807988606878,0.0,6.247571340425238,True
2024-10-09,20.58714549956836,0.31078257830659306,7.689771863705239,6.4992474775342925,0.0,6.398126158328829,True
2024-10-10,20.554852655158978,0.31018264818613833,7.678676941371639,6.5004170841342495,0.0,6.375758629653089,True
2024-10-11,20.60135913263447,0.3102758210564692,7.7076699013319585,6.501585611545162,0.0,6.392103619757351,True
2024-10-14,20.82984001239366,0.3147197560462684,7.771527366277545,6.502750478932783,0.0,6.555562167183333,True
2024-10-15,20.487341773955645,0.30721553620463027,7.689395756232637,6.503916329229703,0.0,6.294029688493304,True
2024-10-16,20.502245200372293,0.306824335643532,7.706575823363041,6.505081614204231,0.0,6.290587762805022,True
2024-10-17,20.52533315349514,0.3074012645060559,7.709575777423258,6.506244010279403,0.0,6.309513365792479,True
2024-10-18,20.67843449920802,0.31053387213375266,7.749670452208005,6.507409712296773,0.0,6.421354334703243,True
2024-10-21,20.715953923710106,0.31167413032930014,7.750751893850479,6.508575106745427,0.0,6.4566269231142,True
2024-10-22,20.73821251367171,0.31225226629563474,7.75291665604229,6.509742001314935,0.0,6.475553856314483,True
2024-10-23,20.34516379969205,0.30356922051412205,7.658093828543658,6.5109044552437405,0.0,6.176165515904649,True
2024-10-24,20.53277163370381,0.3079602949336135,7.697424816954555,6.512068408629295,0.0,6.323278408119958,True
2024-10-25,20.662733408509713,0.31118619976531336,7.7195480037671445,6.5132279185846516,0.0,6.429957486157918,True
2024-10-28,20.682475306289824,0.3111802914885773,7.732103032101162,6.514393579672095,0.0,6.435978694516569,True
2024-10-29,20.905122459568815,0.3163848291186493,7.77550665142462,6.51555221106908,0.0,6.614063597075117,True
2024-10-30,20.718024531689753,0.31214128040866684,7.734363295362853,6.51671053146709,0.0,6.466950704859809,True
2024-10-31,20.053653359005697,0.2979433388025778,7.560936260490194,6.517864661543817,0.0,5.974852436971687,True
2024-11-01,20.226053135470593,0.30169895419682363,7.604863078869396,6.519010978100334,0.0,6.102179078500864,True
2024-11-04,20.15114430659787,0.30000276173036233,7.585596144454389,6.520149218137053,0.0,6.045398944006428,True
2024-11-05,20.476235315419245,0.3064577706017496,7.6798415761429375,6.521292314196113,0.0,6.275101425080195,True
2024-11-06,21.186469697255163,0.3202234616059607,7.879628127117016,6.522436904473305,0.0,6.784404665664839,True
2024-11-07,21.597563332830525,0.3288268765384623,7.972120533829861,6.523583507424383,0.0,7.101859291576283,True
2024-11-08,21.637837829496487,0.3290100263521243,7.994044511729308,6.524727723281547,0.0,7.119065594485631,True
2024-11-11,21.62755441406959,0.32856976793120785,7.9955209627916295,6.525872916527544,0.0,7.106160534750415,True
2024-11-12,21.570329354289548,0.32764667472970826,7.975866429437852,6.527016239094112,0.0,7.067446685757586,True
2024-11-13,21.537309504134036,0.32671100372479384,7.972671664495917,6.528161834010947,0.0,7.036476005627173,True
2024-11-14,21.336276432737375,0.3228136443873605,7.919336198612782,6.52929908121649,0.0,6.887641152908103,True
2024-11-15,20.694233501655887,0.3087586213987044,7.774275781930301,6.53043471285143,0.0,6.389523006874155,True
2024-11-18,20.86735093758079,0.31238123938108053,7.817208855592537,6.5315731335068135,0.0,6.518568948481441,True
2024-11-19,21.040437247305803,0.31602652109035967,7.858386717372061,6.532714344447668,0.0,6.649336185486076,True
2024-11-20,21.032906082961905,0.31577159716491265,7.8574546851388405,6.533857050986577,0.0,6.641594346836488,True
2024-11-21,21.134656077439693,0.31734500945794897,7.892677968723158,6.535000475930937,0.0,6.706977632785598,True
2024-11-22,21.179311611758344,0.3178539146107055,7.911239628182814,6.53614487901817,0.0,6.73192710455736,True
2024-11-25,21.231101086014036,0.31853727661993053,7.930913965216428,6.537290001216247,0.0,6.7628971195813605,True
2024-11-26,21.379199070590815,0.3212400775469552,7.972910773322889,6.538432729939538,0.0,6.867855567328386,True
2024-11-27,21.170832201307405,0.3165589183357149,7.929443395656527,6.539573063738085,0.0,6.701815741912794,True
2024-11-29,21.402638588157238,0.3211294142441781,7.988910793650515,6.540711001411945,0.0,6.873016793094777,True
2024-12-02,21.67724559843022,0.3273403618504498,8.039562157869067,6.541846022449934,0.0,7.095837418111218,True
2024-12-03,21.755375857539505,0.32905157801733215,8.053752043634324,6.5429830576216395,0.0,7.158640756283544,True
2024-12-04,22.09282959976433,0.33586344685151337,8.128541381096099,6.544114318588242,0.0,7.420173900079988,True
2024-12-05,22.01492388980229,0.33427741536339683,8.11058937361772,6.5452426588795625,0.0,7.359091857305008,True
2024-12-06,22.249298587822054,0.3392628533617213,8.1545707658437,6.546367297776928,0.0,7.548360524201426,True
2024-12-09,22.021301736900412,0.33476662756440045,8.101821782081537,6.54748303777865,0.0,7.371996917040225,True
2024-12-10,21.91601132629807,0.33272425796848215,8.075424271787337,6.548598448339357,0.0,7.291988606171375,True
2024-12-11,22.41034449094586,0.3427751727513879,8.178922816742839,6.549711969900939,0.0,7.681709704302082,True
2024-12-12,22.211709370823215,0.33898484804529355,8.13145856132987,6.550817883598617,0.0,7.52943292589473,True
2024-12-13,22.404859526077466,0.34328145773005664,8.161771022215254,6.551915665513192,0.0,7.6911728383490185,True
2024-12-16,22.816808971768047,0.3517508713373371,8.237964203430721,6.553012331380344,0.0,8.025832436956982,True
2024-12-17,22.675260800894097,0.34920410005255387,8.202854978191214,6.554111781269709,0.0,7.9182940414331755,True
2024-12-18,21.550151345790628,0.3277139302441257,7.9326520143800865,6.55521453652576,0.0,7.062284794884782,True
2024-12-19,21.432574747979015,0.3248554588045238,7.91377044853099,6.556315396331052,0.0,6.9624889031169745,True
2024-12-20,21.696418210906508,0.32923196580751507,7.9958504734136815,6.557413318934105,0.0,7.143154418558719,True
2024-12-23,21.959365731517842,0.33435004935366686,8.058740590993782,6.5585101244158475,0.0,7.342115016108211,True
2024-12-24,22.351639062223548,0.34153498020571227,8.158165344190431,6.559607113351371,0.0,7.633866604681744,True
2024-12-26,22.33383290409316,0.3410729561493729,8.155666112194027,6.560700381153947,0.0,7.6174664107451875,True
2024-12-27,21.92792036569042,0.33325498064680575,8.058533952161564,6.561797736435997,0.0,7.307588677092858,True
2024-12-30,21.5359619777803,0.3256929878368238,7.958964534465264,6.562885640831536,0.0,7.014111802483499,True
2024-12-31,21.30491243340227,0.3205953459291881,7.9106818944533295,6.563974767371277,0.0,6.830255771577661,True
2025-01-02,21.24539446228387,0.3194620381595797,7.89322659884337,6.565070847015046,0.0,6.787097016425452,True
2025-01-03,21.68583944647455,0.32797957019610324,8.007160035791397,6.5661671096867265,0.0,7.112512300996424,True
2025-01-06,21.998557371120746,0.3343429231956381,8.076235746678666,6.567259646894619,0.0,7.355061977547462,True
2025-01-07,21.485752060580037,0.323882948536738,7.958531747541482,6.568351584128598,0.0,6.958868728909956,True
2025-01-08,21.498534927548178,0.3239312479158463,7.965040588747955,6.569447091357134,0.0,6.96404724744309,True
2025-01-10,21.044057091675974,0.3151353752368181,7.841786960938113,6.570543302647528,0.0,6.631726828090331,True
2025-01-13,20.969581090628857,0.3129615921553159,7.835265822958433,6.571641782717211,0.0,6.562673484953213,True
2025-01-14,20.949045207067428,0.3121558728090536,7.836935965578377,6.5727417503605965,0.0,6.539367491128454,True
2025-01-15,21.55351304603035,0.32390590199788116,7.998362363660455,6.573840597972335,0.0,6.98131008439756,True
2025-01-16,21.37647899260235,0.31992584887722686,7.9626532625022906,6.574937542385547,0.0,6.838888187714514,True
2025-01-17,21.82224361442743,0.3288565214649081,8.069824428024054,6.576032060802967,0.0,7.176387125600408,True
2025-01-21,22.003052455602464,0.33156779988985186,8.130422522608303,6.5771262394290515,0.0,7.295503693565111,True
2025-01-22,22.362097436317228,0.33890486134811826,8.205252261057657,6.578221644151372,0.0,7.5786235311082,True
2025-01-23,22.440922922610902,0.33979147002291504,8.236366803992661,6.579321930073351,0.0,7.625234188544889,True
2025-01-24,22.269485403476462,0.33624447713248234,8.20107205019887,6.5804218777762,0.0,7.487991475501391,True
2025-01-27,21.436321772265273,0.3186702995165999,8.023682772188119,6.581519920375168,0.0,6.8311190797019865,True
2025-01-28,21.8341543823443,0.32674000346637433,8.117448997414176,6.582613706357596,0.0,7.134091678572528,True
2025-01-29,21.765410059812424,0.3257494159683705,8.091632248007793,6.583708196508639,0.0,7.0900696152959926,True
2025-01-30,21.894368882521636,0.3278914207703684,8.130590816599337,6.584802346161736,0.0,7.178975719760563,True
2025-01-31,21.829076651115642,0.3270927863485728,8.103048036054608,6.585895109831049,0.0,7.140133505229988,True
2025-02-03,21.59784608951984,0.32260157428885866,8.043357316863942,6.58698962292833,0.0,6.967499149727571,True
2025-02-04,21.92819773218369,0.3292750554311741,8.119704367750822,6.588084840662337,0.0,7.22040852377053,True
2025-02-05,22.058268085960506,0.3315987056764311,8.154588685821505,6.58918625337077,0.0,7.314493146768232,True
2025-02-06,22.204446022457798,0.3343526777602183,8.190042970820715,6.59028706584609,0.0,7.424115985790993,True
2025-02-07,21.83329207636343,0.3270691743772854,8.100906416281012,6.591388846728107,0.0,7.140996813354314,True
2025-02-10,22.162118115414618,0.3335501989270899,8.177444474028224,6.592494735344186,0.0,7.392178906042209,True
2025-02-11,22.103946929518248,0.3320459364223423,8.170820363172796,6.593600809503806,0.0,7.3395257568416445,True
2025-02-12,22.108963072779726,0.3326342945311598,8.160057454032431,6.594706284217748,0.0,7.354199334529547,True
2025-02-13,22.521716761434988,0.340297166697302,8.261827628933387,6.595812729426138,0.0,7.6640764030754625,True
2025-02-14,22.62973031958838,0.3426398092804055,8.278968404715021,6.596915434102586,0.0,7.753846480770772,True
2025-02-18,22.70070782336903,0.34369784767374706,8.30050508067451,6.598018323131995,0.0,7.802184419562527,True
2025-02-19,22.713601607080367,0.34354072055873547,8.311433147954743,6.5991213965451845,0.0,7.803047062580441,True
2025-02-20,22.58482848148321,0.34129541752649095,8.276504051378778,6.600225963752433,0.0,7.708098466351998,True
2025-02-21,21.946749886152038,0.32923266906426385,8.119835532886654,6.60132731096172,0.0,7.225587042303664,True
2025-02-24,21.62163711160174,0.3221667796305598,8.0534371667015,6.602426746314909,0.0,6.965773198585331,True
2025-02-25,21.28612005320253,0.3147552260094259,7.982677994215989,6.6035245307770065,0.0,6.699917528209536,True
2025-02-26,21.342030052574273,0.31595286866546146,7.994334032881392,6.604620401437551,0.0,6.743075618255331,True
2025-02-27,20.608987052156515,0.30005076875026226,7.819525307147065,6.605719336845688,0.0,6.183742408163764,True
2025-02-28,21.015961717537778,0.3077119349865522,7.942280492376028,6.6068189794548955,0.0,6.466862245706854,True
2025-03-03,20.442812533147002,0.29590287291728085,7.785807293397437,6.607918280681972,0.0,6.049086959067593,True
2025-03-04,20.31962129058149,0.294425937115103,7.727979985457487,6.609017764820551,0.0,5.982623540303454,True
2025-03-05,20.645678291444476,0.30106443586735115,7.8198808470186,6.610117956513326,0.0,6.215679487912549,True
2025-03-06,19.954503255214874,0.28566819920185016,7.6429152899794435,6.61122095435074,0.0,5.70036701088469,True
2025-03-07,20.123378328178195,0.28914735418904497,7.692434689773612,6.61232203746669,0.0,5.818621600937892,True
2025-03-10,19.216960494295115,0.26864880699812255,7.4409236794072715,6.613423303965412,0.0,5.162613510922434,True
2025-03-11,19.117814225546432,0.2668815339488276,7.401101034677652,6.6145216046062325,0.0,5.102191586262549,True
2025-03-12,19.35465901136431,0.2726243617754161,7.462484738496662,6.615622712513645,0.0,5.276551560354,True
2025-03-13,18.950596260175192,0.26322409428952015,7.34561819461227,6.6167245287319405,0.0,4.988253536830983,True
2025-03-14,19.470232953276977,0.2743753682310773,7.5102564517914745,6.617824165385277,0.0,5.342152336100225,True
2025-03-17,19.628216563914354,0.2774440900234849,7.563559895767482,6.618923984787761,0.0,5.445732683359111,True
2025-03-18,19.249485134172126,0.26864330271217296,7.458215885249486,6.620023986969765,0.0,5.171245261952875,True
2025-03-19,19.54221924226992,0.27491062968117397,7.548729434160741,6.6211260108492,0.0,5.372363797259978,True
2025-03-20,19.464369611167157,0.27317199734205005,7.525021983045637,6.622226904435086,0.0,5.317120723686434,True
2025-03-21,19.529176929735716,0.2748290058704413,7.5386667698693035,6.6233258787991875,0.0,5.367184281067224,True
2025-03-24,20.021448452169025,0.28510105712550615,7.688886509297074,6.624425823974734,0.0,5.708136118897218,True
2025-03-25,20.155580640304212,0.2882571310443656,7.720065627141981,6.625525163254783,0.0,5.80998984990745,True
2025-03-26,19.716486029776107,0.2782902130695051,7.602956246594987,6.62662468497281,0.0,5.486905098208313,True
2025-03-27,19.59233435592628,0.275281529305979,7.571200098930439,6.627726492822382,0.0,5.3934077641734595,True
2025-03-28,18.98813919421748,0.26142702479525676,7.395298500377544,6.6288279578974585,0.0,4.96401273594248,True
2025-03-31,19.010441238228065,0.2609381758813162,7.419961772800336,6.629929606025549,0.0,4.960549859402181,True
2025-04-01,19.166204365066722,0.2647798362167343,7.460347159783943,6.631032752603954,0.0,5.074824452678825,True
2025-04-02,19.33154846856924,0.26838166046765105,7.5111774664845505,6.632137924679198,0.0,5.188233077405489,True
2025-04-03,18.112842601264852,0.24041224346373505,7.125049405430976,6.633244070558278,0.0,4.3545491252755975,True
2025-04-04,16.886794798063267,0.21065129606183244,6.6952239246589516,6.634345662862076,0.0,3.5572252105422373,True
2025-04-07,16.90385588726746,0.21125811415567514,6.697339630415404,6.635439540148629,0.0,3.5710767167034305,True
2025-04-08,16.58875146750253,0.20300705819117412,6.584585551811196,6.636532281209122,0.0,3.3676336344822113,True
2025-04-09,18.517679595314824,0.24595576203917457,7.325517023134293,6.6376325761176,0.0,4.554529996062931,True
2025-04-10,17.642390169707227,0.22640987172792282,7.009232651005715,6.638746223404132,0.0,3.99441129529738,True
2025-04-11,17.981828944753147,0.2338831297207691,7.13633062226263,6.639851890788135,0.0,4.205646431702381,True
2025-04-14,18.13004367855793,0.23684162201855877,7.19513276841784,6.640961958043111,0.0,4.293948952096978,True
2025-04-15,18.14153219100619,0.23759832705523137,7.1890670247743165,6.6420674674301745,0.0,4.3103976988016965,True
2025-04-16,17.564779631478288,0.22322088103405147,7.000779568346269,6.6431744786244735,0.0,3.9208255845075453,True
2025-04-17,17.55899907144655,0.2226534270536753,7.005143969193212,6.64428378336346,0.0,3.909571318889877,True
2025-04-21,17.10437409685961,0.2118689336589073,6.835096113770746,6.645392482284179,0.0,3.623885500804681,True
2025-04-22,17.56114789589217,0.22213321799585892,7.013730917307974,6.646502684768461,0.0,3.900914293815734,True
2025-04-23,17.95497742897072,0.23167743232117122,7.147600496922178,6.64761386392002,0.0,4.159763068128521,True
2025-04-24,18.485946620464734,0.24417688061621362,7.323381929475904,6.648723909965916,0.0,4.513840781022915,True
2025-04-25,18.703233749459706,0.24930149524743228,7.390658370647292,6.64983123910987,0.0,4.662744139702544,True
2025-04-28,18.70111358898877,0.24914458922412158,7.390894628727756,6.650937697098765,0.0,4.659281263162245,True
2025-04-29,18.84080546486597,0.25212197179990137,7.438580101575635,6.652044339189969,0.0,4.750181024100366,True
2025-04-30,18.843783446431313,0.2521280651310448,7.439586412772705,6.65315037356147,0.0,4.751046660097138,True
2025-05-01,19.08345525710117,0.25753548097914414,7.514531836886508,6.654256591833134,0.0,4.914666828381527,True
2025-05-02,19.42638732728225,0.2648432361740694,7.626078366637578,6.65536167371631,0.0,5.144947286928361,True
2025-05-05,19.2938441947921,0.26204104684859414,7.58159205073159,6.6564730135235175,0.0,5.055779130536993,True
2025-05-06,19.08430047215075,0.25738801692587465,7.5146456802994965,6.657584538906841,0.0,4.912070252944416,True
2025-05-07,19.173102128102908,0.25917594613929096,7.545198465387888,6.6586967782386965,0.0,4.969206884476324,True
2025-05-08,19.387491683721834,0.26394565929859426,7.610436884530483,6.659810524585376,0.0,5.117244274605973,True
2025-05-09,19.369143611855165,0.2635699754128558,7.603094449091028,6.660924457219398,0.0,5.105124705544739,True
2025-05-12,20.26888608910012,0.2823660518948557,7.883602171642437,6.662038576171921,0.0,5.723245341285764,True
2025-05-13,20.618437071306573,0.29030121458729735,7.969709681295621,6.663170065318895,0.0,5.985557324692056,True
2025-05-14,20.75416007865768,0.29349172429540704,7.9986827822683715,6.664303068601163,0.0,6.0911742277881435,True
2025-05-15,20.79826965565905,0.2937850271295932,8.022613176083714,6.665436264538943,0.0,6.110220215036389,True
2025-05-16,20.91757972078429,0.295710001488693,8.065479678772059,6.666562511639256,0.0,6.185537530372976,True
2025-05-19,20.943426590984465,0.29613044695119134,8.073756920311737,6.667683393595031,0.0,6.201986277077696,True
2025-05-20,20.85259164253069,0.2943066916580158,8.046729125997386,6.668805257724505,0.0,6.137057258808797,True
2025-05-21,20.474620536334744,0.28726642420773313,7.923020080059617,6.669929427792026,0.0,5.881671028483101,True
2025-05-22,20.51501841922692,0.2881777223172388,7.931996791355039,6.671050346522867,0.0,5.911971281349015,True
2025-05-23,20.28179299357188,0.28308273148255275,7.868196974198847,6.672170659389006,0.0,5.741425359984029,True
2025-05-27,20.857216929982933,0.2944489889072323,8.042539862633054,6.673290630897597,0.0,6.141386436452282,True
2025-05-28,20.738464072094665,0.29233633484392635,8.001453854505774,6.67440364046029,0.0,6.062606577128602,True
2025-05-29,20.79267446996258,0.2929897676340383,8.025110946044084,6.675522662473958,0.0,6.092040861444537,True
2025-05-30,20.750945113777068,0.2920353091510648,8.014293245658193,6.676643196640213,0.0,6.060008671478664,True
2025-06-02,20.945669113813544,0.2959747431723587,8.068515628529331,6.677764448750041,0.0,6.19938903653417,True
2025-06-03,21.14590579766641,0.3000090550989976,8.123056690937068,6.678885889159028,0.0,6.343963217570314,True
2025-06-04,21.20833784975605,0.3015342413854071,8.133289472111436,6.680008313073008,0.0,6.395040064571606,True
2025-06-05,21.010297094740054,0.29728937234631153,8.083026807716271,6.6811322509189806,0.0,6.246138036104803,True
2025-06-06,21.270765647749105,0.30203308711991744,8.164036376850266,6.682254256904886,0.0,6.424475013993953,True
2025-06-09,21.31014341472918,0.30281557492004874,8.173723633652719,6.683376451316553,0.0,6.453043329759907,True
2025-06-10,21.4861339310174,0.3061372933040816,8.223926089941623,6.68450095586512,0.0,6.577706885210654,True
2025-06-11,21.3941507885027,0.3042971897155372,8.198342524954398,6.685628302256486,0.0,6.510179961291816,True
2025-06-12,21.463614594884135,0.3052887986068109,8.22425764267663,6.686755838775715,0.0,6.55260111343179,True
2025-06-13,21.119549793647455,0.29853884203188547,8.126658165810024,6.687885688207175,0.0,6.305005939630257,True
2025-06-16,21.472970951474593,0.30559923248528703,8.221836558072392,6.689010951452702,0.0,6.5621234419495,True
2025-06-17,21.204964495873607,0.30031660850167524,8.146622947451416,6.690138527622996,0.0,6.368203020799197,True
2025-06-18,21.19611979571672,0.3000334993865331,8.145315470627573,6.691258329364094,0.0,6.359545995725054,True
2025-06-20,21.08361040914261,0.2974874316880481,8.1191216516157,6.6923796461996785,0.0,6.272109111327232,True
2025-06-23,21.361350182635256,0.3027381125551732,8.20096163171429,6.693493714999863,0.0,6.466894835921102,True
2025-06-24,21.764800529941255,0.31065007945617384,8.30896537450642,6.694598141460812,0.0,6.761237013974025,True
2025-06-25,21.8307761470225,0.3120893723331049,8.32191379574926,6.695709126004471,0.0,6.8131532252687705,True
2025-06-26,22.09000021556025,0.3168765339431437,8.393375623303948,6.696821889146274,0.0,6.999802703110029,True
2025-06-27,22.194915707487976,0.3184686938742611,8.42859372561804,6.697936165856918,0.0,7.068385816013017,True
2025-06-30,22.38064182665405,0.3219546352835686,8.476038758756493,6.699051691184971,0.0,7.205551376712585,True
2025-07-01,22.161482451247338,0.3168729244443192,8.438943155437599,6.700165541461534,0.0,7.022373754348203,True
2025-07-02,22.3508954495411,0.32044108559962503,8.48746136488372,6.7012888826827135,0.0,7.162145201974669,True
2025-07-03,22.627764378099307,0.3253827748566797,8.56266773551815,6.7024118804320745,0.0,7.362684762149084,True
2025-07-07,22.400658082147565,0.32135691322760773,8.498512158834604,6.703539587766954,0.0,7.198606335546005,True
2025-07-08,22.411396020807544,0.3216290465232217,8.498571272440008,6.70466881494088,0.0,7.208155933426656,True
2025-07-09,22.61740787879772,0.32530145311736086,8.554132667419092,6.705799562657685,0.0,7.3574756487209445,True
2025-07-10,22.590591967095328,0.32418889609139095,8.560043724701899,6.706929170529752,0.0,7.323619071863678,True
2025-07-11,22.511481124226478,0.3228600569334759,8.535365408885273,6.708057637916576,0.0,7.268058077424628,True
2025-07-14,22.613495965323615,0.3248203124188601,8.558987644332472,6.709185496652094,0.0,7.34532282433905,True
2025-07-15,22.619356478490737,0.3255804983663852,8.544623974567706,6.710311148929093,0.0,7.3644213549939375,True
2025-07-16,22.659976129795286,0.32591633972565864,8.56328159618452,6.71143805511709,0.0,7.385256478493676,True
2025-07-17,22.89384526296434,0.3300951772552533,8.624134066558232,6.712563286273551,0.0,7.557147910132555,True
2025-07-18,22.86162702902546,0.32942118812232773,8.616831320852981,6.713691369861391,0.0,7.5311043383110885,True
2025-07-21,23.007854608730916,0.3323081463952879,8.647338780253422,6.714818310917843,0.0,7.645697517559652,True
2025-07-22,22.86828617852739,0.3291354293011936,8.625579413855004,6.715943575920224,0.0,7.526763188752165,True
2025-07-23,23.024743579863753,0.331197218183338,8.681941661802652,6.717070895025551,0.0,7.625731023035547,True
2025-07-24,23.08690270902001,0.3324864751583772,8.69261873617588,6.718201068797674,0.0,7.676082904046453,True
2025-07-25,23.16026225606794,0.33330749856953285,8.72144041155065,6.719332765732921,0.0,7.71948907878437,True
2025-07-28,23.249455855971856,0.33527743385693587,8.733973304706296,6.720464653305206,0.0,7.795017897960354,True
2025-07-29,23.19670832067108,0.33450536562253635,8.715690857863954,6.721594064761715,0.0,7.75942339804541,True
2025-07-30,23.225101507546746,0.3352552378091975,8.71604224614945,6.722722332341959,0.0,7.786336929055336,True
2025-07-31,23.058303921400793,0.3321082228495309,8.676600261319312,6.723851322820696,0.0,7.6578523372607865,True
2025-08-01,22.44362186832541,0.3207417402493921,8.520034229353552,6.724981303425849,0.0,7.198606335546005,True
2025-08-04,22.98222889474651,0.3303744723679392,8.663389819677656,6.72609733012777,0.0,7.592741744941084,True
2025-08-05,22.77396406963218,0.3264578960827106,8.612017872385273,6.727205801611539,0.0,7.434740395635366,True
2025-08-06,23.140043200500614,0.3332986302530909,8.699184842803037,6.728313654973373,0.0,7.7125447027242044,True
2025-08-07,23.23035541111392,0.33536623140402744,8.710261510927882,6.729417151784604,0.0,7.790676748401432,True
2025-08-08,23.516135176127705,0.3402245527013662,8.784846439754354,6.730522164810441,0.0,8.000766571562911,True
2025-08-11,23.425237393250654,0.3385428885005206,8.763163838494368,6.731626023834804,0.0,7.930447530921483,True
2025-08-12,23.82062459206854,0.3452054969229101,8.864881307507316,6.732732735242112,0.0,8.223010549319113,True
2025-08-13,23.851270463973528,0.34527150456183603,8.882270269806254,6.733836155359851,0.0,8.23516403880742,True
2025-08-14,23.82676773656815,0.3446792732597531,8.879240336992327,6.734934412006582,0.0,8.212592987569243,True
2025-08-15,23.68161892595581,0.341879606106475,8.849322993332784,6.736033382253609,0.0,8.096262550369415,True
2025-08-18,23.669574651145897,0.34161344712749586,8.846597130701683,6.7371325318246695,0.0,8.085844988619545,True
2025-08-19,23.256772509222046,0.33349214188626736,8.762586830157266,6.738234801602658,0.0,7.75595087746212,True
2025-08-20,23.078710853603887,0.3299337159952762,8.724932245646173,6.739333775647668,0.0,7.614444832310044,True
2025-08-21,22.936199427878627,0.3273660041398824,8.687233205015941,6.7404342660026,0.0,7.508531956860084,True
2025-08-22,23.408724570013852,0.33518433348954724,8.820948413901545,6.741538413271823,0.0,7.846237742840481,True
2025-08-25,23.309100694323053,0.333674590535865,8.788814023819105,6.742632040566456,0.0,7.777654629937492,True
2025-08-26,23.436526732549893,0.3357127495893846,8.824858719214287,6.743727183126169,0.0,7.86794083020944,True
2025-08-27,23.490050045630166,0.33646311160561676,8.841693550017887,6.744821165487896,0.0,7.903535330124385,True
2025-08-28,23.678578627190173,0.339870341197584,8.88502419898843,6.745907831104798,0.0,8.047646597096945,True
2025-08-29,23.311790902242944,0.33277955790005675,8.80710554778084,6.746997884155132,0.0,7.757687470306972,True
2025-09-02,23.04540468685628,0.32803730589978564,8.737571871015694,6.748080348993957,0.0,7.559752466846627,True
2025-09-03,23.280764873554013,0.3322908171168282,8.795620448748835,6.749160041867162,0.0,7.735984382938014,True
2025-09-04,23.56762343042188,0.33712374947691687,8.872181695323798,6.75023615797422,0.0,7.945205577123861,True
2025-09-05,23.588290865849906,0.3379325159458069,8.865733298418775,6.751307088272977,0.0,7.971250479158155,True
2025-09-08,23.73557871940489,0.3406268899200712,8.898247747230277,6.7523546125306995,0.0,8.084976359643914,True
2025-09-09,23.82550041198032,0.3421105443701085,8.921138373746244,6.753407122401244,0.0,8.150954915832832,True
2025-09-10,23.849592863201288,0.34212893828169944,8.935493162220457,6.754463816242979,0.0,8.159635884737853,True
2025-09-11,24.050944182604717,0.3449678335931878,8.998624881085815,6.755517190975072,0.0,8.296802110543831,True
2025-09-12,24.173674779359676,0.3474900349680571,9.01699349116729,6.756570193806254,0.0,8.400111094386133,True
2025-09-15,24.451740190637445,0.3523078795100322,9.079576092971575,6.757623360772161,0.0,8.614540736893709,True
2025-09-16,24.41925953982033,0.35181660781607427,9.069489299679722,6.758669183460711,0.0,8.5911010566799,True
2025-09-17,24.350925100328432,0.35055788049306374,9.054803923118197,6.759712485993753,0.0,8.536408691216481,True
2025-09-18,24.643996656629376,0.3557241869552945,9.11678093440087,6.760750048220028,0.0,8.766465674008481,True
2025-09-19,24.872099828138786,0.3594426323133168,9.170215805621813,6.761790989131171,0.0,8.9400930333858,True
2025-09-22,25.07303297778531,0.36258674208180924,9.219052082621353,6.762831553639017,0.0,9.09114934152494,True
2025-09-23,24.835178416683554,0.35868362085840466,9.163342470227082,6.763864227295913,0.0,8.907971719160559,True
2025-09-24,24.709788907707733,0.35662836805373194,9.132680961186841,6.764896253412876,0.0,8.812211693108017,True
2025-09-25,24.551891041950775,0.354108430186415,9.091927520151447,6.765931926826234,0.0,8.694031594973094,True
2025-09-26,24.701941901312562,0.35617878459477204,9.136659786780474,6.766974470991908,0.0,8.79830764354018,True
2025-09-29,24.85428437829678,0.35871555631584956,9.170654931110697,6.768010999593025,0.0,8.915618447593058,True
2025-09-30,24.95467172867808,0.3600582741659874,9.200487200986267,6.769048492685224,0.0,8.985136035006587,True
2025-10-01,25.120317079628702,0.3627345036906112,9.238230021384686,6.770081309814114,0.0,9.112005748429901,True
2025-10-02,25.256886630254805,0.36517694992038047,9.26253952160393,6.771114284529587,0.0,9.223232824121286,True
2025-10-03,25.11322392523654,0.3622832759681195,9.24297466853453,6.772148222946359,0.0,9.09810103375565,True
2025-10-06,25.3688822364813,0.3666476356831297,9.294256537949954,6.7731850066017305,0.0,9.301440691929617,True
2025-10-07,25.177889025501592,0.3634581652382413,9.252557189221582,6.774222486499149,0.0,9.15110934978086,True
2025-10-08,25.569765014638087,0.37002022791081607,9.33317918088478,6.775255555410907,0.0,9.461330278342396,True
2025-10-09,25.51426547307019,0.3693606076959545,9.314012091155401,6.776288781865671,0.0,9.423964600049116,True
2025-10-10,24.238882570753916,0.3479978517754536,9.026478651805682,6.777324854888387,0.0,8.435079064059847,True
2025-10-13,24.940232424849903,0.35967443561719403,9.191507316956994,6.778361086323376,0.0,8.970364021569532,True
2025-10-14,24.72255795648033,0.3554599860040217,9.155280375091357,6.779397476194859,0.0,8.787880105194112,True
2025-10-15,24.9560970245169,0.3593412916496301,9.207906860666444,6.78043402452706,0.0,8.967756139323393,True
2025-10-16,24.808802324897393,0.3574467553865199,9.15950435213806,6.781472076699211,0.0,8.867825896060124,True
2025-10-17,25.034488779487358,0.36095824353982814,9.215574739494826,6.782508942231238,0.0,9.036405097761293,True
2025-10-20,25.480402438916162,0.3679417064510431,9.32155937025146,6.783540314230566,0.0,9.375302754434134,True
2025-10-21,25.46970794337043,0.3676867662481092,9.32027070169895,6.7845626906898255,0.0,9.364874550981654,True
2025-10-22,25.126141437602044,0.3617512106324089,9.251147632768442,6.785581721259928,0.0,9.089412083573674,True
2025-10-23,25.42114561392207,0.3665091314510292,9.317461901773544,6.786601712699806,0.0,9.31708199944872,True
2025-10-24,25.800222553655484,0.37237344718739157,9.405282885686693,6.787621857462211,0.0,9.60731781050658,True
2025-10-27,26.45055135802523,0.38250252004887064,9.544513385105843,6.78863542179266,0.0,10.117402551126728,True
2025-10-28,26.73207162873268,0.38712105038981304,9.593886965831766,6.789637014890198,0.0,10.348547648010715,True
2025-10-29,26.889061805710288,0.3897730313662839,9.6177913804555,6.790639294647724,0.0,10.480631130607062,True
2025-10-30,26.283985433609153,0.38049631918281734,9.491381305609684,6.791644417056396,0.0,10.00095971094307,True
2025-10-31,26.465100112240968,0.3832444260514461,9.529841044343465,6.792656964987651,0.0,10.142602102909851,True
2025-11-03,26.636879211488463,0.3859925630215137,9.56158278232917,6.793659151422385,0.0,10.281637277736909,True
2025-11-04,25.855055850864446,0.37333138499809054,9.407873031796251,6.794679009061988,0.0,9.652503810006207,True
2025-11-05,26.09069003763731,0.37715374646510325,9.454786825982376,6.795701716100272,0.0,9.840201495554657,True
2025-11-06,25.401135325413737,0.36566892847308335,9.316006160217794,6.796723228752115,0.0,9.288405936443827,True
2025-11-07,25.29558309200354,0.36338162973554267,9.305894730772012,6.7977381521484475,0.0,9.191950209083084,True
2025-11-10,26.074340956004196,0.37562389605138813,9.481443810559407,6.798751608578216,0.0,9.794145536866573,True
2025-11-11,25.99277316829628,0.37369355394440257,9.479669155472298,6.799772230692636,0.0,9.713331782131347,True
2025-11-12,25.97270869829723,0.37321274850923625,9.478569692754098,6.800793006021875,0.0,9.693345999521256,True
2025-11-13,25.19960788598224,0.3609034933798387,9.303168782870417,6.801812585258701,0.0,9.094626517853122,True
2025-11-14,25.21033868880858,0.36102559578137716,9.30592477781773,6.802836366013429,0.0,9.10157754497742,True
2025-11-17,24.894521312693662,0.35621596353164015,9.222836465505779,6.803858951127758,0.0,8.867825896060124,True
2025-11-18,24.480018352305137,0.34914908869481526,9.12796488333016,6.804877370035288,0.0,8.547176098939692,True
2025-11-19,24.672771260980713,0.3523735336825522,9.17284372462527,6.80589594138235,0.0,8.694031594973094,True
2025-11-20,23.87400021753048,0.33813849270726754,8.994367103889983,6.806914665191761,0.0,8.072718448448734,True
2025-11-21,24.132610993456098,0.3419325764559814,9.072950788014719,6.807934351838993,0.0,8.251725853602384,True
2025-11-24,24.94206154016262,0.35592022439802967,9.255732664089129,6.808944735749343,0.0,8.877384140324144,True
2025-11-25,25.17675093824251,0.3590221658055446,9.327786720794032,6.809952567653875,0.0,9.039011649794602,True
2025-11-26,25.48752573121474,0.36391807030520934,9.40119346102549,6.810961089231209,0.0,9.275371180958038,True
2025-11-28,25.755645706337617,0.3680245598227495,9.464960096370074,6.811975435941954,0.0,9.47871017402559,True
2025-12-01,25.633983775149332,0.36644913882638347,9.427457700060108,6.812974795996263,0.0,9.393551279092959,True
2025-12-02,25.897845859890666,0.37110397940496936,9.473078982016338,6.8139732212523905,0.0,9.610793656621937,True
2025-12-03,25.99459434293835,0.3723302055875567,9.50105557259234,6.814966114474635,0.0,9.678572655871374,True
2025-12-04,25.963347799399045,0.37157339840242243,9.500109277381732,6.815949146290553,0.0,9.647289375726759,True
2025-12-05,26.103944318322313,0.3738331007658447,9.528499772586503,6.816926098998427,0.0,9.758518446737384,True
2025-12-08,26.02063822207145,0.3726922603453433,9.505046990356512,6.817900757102696,0.0,9.697690474612244,True
2025-12-09,26.059872636443515,0.37353163596090155,9.506806164757531,6.818879612862507,0.0,9.73418685882348,True
2025-12-10,26.223078178961313,0.3754484960742189,9.557800516825646,6.8198623974079755,0.0,9.845415264727691,True
2025-12-11,26.125865380678647,0.3732533492160773,9.553463857130998,6.820834769040977,0.0,9.75156675450667,True
2025-12-12,25.412366568303955,0.36123297383601394,9.41078130797295,6.821800512651666,0.0,9.179784747679339,True
2025-12-15,25.2435588312812,0.3581408746042424,9.38005384069236,6.8227547526301455,0.0,9.040750237958695,True
2025-12-16,25.294873360585047,0.3595442597480856,9.37653419696513,6.823712645766794,0.0,9.094626517853122,True
2025-12-17,24.648122963416203,0.3483190350417936,9.238039988351522,6.824672568856073,0.0,8.585410406208606,True
2025-12-18,25.11759681391985,0.3564080950150115,9.339849896799391,6.8256320853161645,0.0,8.952114831804295,True
2025-12-19,25.57107647729812,0.36374849921501706,9.443049736690744,6.82658604867776,0.0,9.301440691929617,True
2025-12-22,25.75094762672962,0.36613450277714416,9.495097076009596,6.827540145367095,0.0,9.42831040535293,True
2025-12-23,25.927918089066722,0.36872966525483875,9.539029530311302,6.828496001018969,0.0,9.560392557736451,True
2025-12-24,26.035504452013136,0.3701209837548653,9.569760792770147,6.829457138909713,0.0,9.636286520333277,True
2025-12-26,26.026972102082304,0.3699079132236035,9.568968584069337,6.830420580202757,0.0,9.62758293781021,True
2025-12-29,25.844988763572637,0.366989871537025,9.528758752547388,6.831380904805869,0.0,9.484849106219377,True
2025-12-30,25.76119338492221,0.3655484000344905,9.51189035105786,6.832340009026935,0.0,9.416963024837415,True
2025-12-31,25.447395310034402,0.3606165745349589,9.437342992379719,6.8332997901131,0.0,9.176752527541584,True
2026-01-02,25.38346099996739,0.358987594841302,9.4368517826849,6.834261604156207,0.0,9.112347613126284,True
2026-01-05,25.670904750150864,0.3634437488993281,9.505755133335457,6.835219756783006,0.0,9.3299298600324,True
2026-01-06,25.987318967448772,0.3684628947248679,9.575783033092154,6.83617316147198,0.0,9.575362772884638,True
2026-01-07,26.0052996640242,0.36927909168129547,9.564958169697736,6.83712805549571,0.0,9.603213438830755,True
2026-01-08,25.807975654581288,0.36549278670833585,9.537264986925411,6.838081726362073,0.0,9.432628941293803,True
2026-01-09,26.16124367262445,0.37100345749778585,9.616298458244662,6.839033359394043,0.0,9.705911854985745,True
2026-01-12,26.196366728149087,0.371369849545897,9.627839204452942,6.839986753214274,0.0,9.72854077048187,True
2026-01-13,26.13008294205308,0.370380066362913,9.611075379409156,6.840945708497881,0.0,9.67806185414604,True
2026-01-14,25.747996781336212,0.36391048282896354,9.536118712964829,6.841912127796722,0.0,9.36996594057466,True
2026-01-15,25.874846253116488,0.3658264064721248,9.566265546698695,6.842878683621462,0.0,9.465702022796327,True
2026-01-16,25.826029629215085,0.3649002767390208,9.558257536707861,6.8438467337364886,0.0,9.423925358770736,True
2026-01-20,25.03460054624594,0.35272626382031214,9.359426681221324,6.844812748113342,0.0,8.830361116911275,True
2026-01-21,25.500974155937584,0.35992715630778427,9.476698071746984,6.845782973165685,0.0,9.178493111024913,True
2026-01-22,25.764800514154572,0.36414603791726013,9.535892806915342,6.846757682281259,0.0,9.382150024957975,True
2026-01-23,25.86611117685503,0.3659499473297798,9.552676623881856,6.847732530176848,0.0,9.465702022796327,True
2026-01-26,26.03420193482411,0.36826741267056834,9.597947860895033,6.848705886448302,0.0,9.58754818748078,True
2026-01-27,26.351933823796728,0.3734710356953872,9.660572327381665,6.84967747866539,0.0,9.84168401774967,True
2026-01-28,26.458927675267823,0.3753817415210425,9.676081476123093,6.850647849623388,0.0,9.932198349521343,True
2026-01-29,26.24379649018067,0.3716935869623298,9.637524016949337,6.85162162028668,0.0,9.754650852944655,True
2026-01-30,25.817425735814957,0.3640779921701588,9.565274225357651,6.852594985559612,0.0,9.399556524897694,True
2026-02-02,26.06648526860195,0.3679448376146736,9.621890265547686,6.85356631371324,0.0,9.591028689341027,True
2026-02-03,25.503774285364024,0.3584543511193972,9.507296011446599,6.854539411361696,0.0,9.14193886255573,True
2026-02-04,24.918261797221298,0.34759716682258807,9.401228683164708,6.855515911198935,0.0,8.661517202857654,True
2026-02-05,24.42384597777289,0.33952464117994724,9.274854525534057,6.856493910401193,0.0,8.292497541837637,True
2026-02-06,25.125307726875636,0.35048296238850757,9.461848020115486,6.857467423721917,0.0,8.805992283038233,True
2026-02-09,25.385511575282443,0.35477591236624223,9.520899204593091,6.858444340684717,0.0,9.006168030004632,True
2026-02-10,25.22652222088076,0.352043771848034,9.486259974327062,6.859422213306596,0.0,8.880840033247106,True
2026-02-11,25.30527007410896,0.35356214357497917,9.497885134213893,6.860399408749334,0.0,8.946985531145737,True
2026-02-12,24.5897289151353,0.34162305743754917,9.327931075804507,6.861379465781764,0.0,8.40041837354903,True
2026-02-13,24.640487714679594,0.34240282577653197,9.341155974353502,6.86235911830788,0.0,8.436972622018214,True
2026-02-17,24.623302504807235,0.3417934815349134,9.34388066570556,6.863337549096255,0.0,8.416084290005418,True
2026-02-18,24.8637319389997,0.34576921013469714,9.402302866062263,6.864316119388669,0.0,8.597112953548768,True
2026-02-19,24.736833690439493,0.34360243490373565,9.371899849458341,6.86529755313738,0.0,8.49963628784377,True
2026-02-20,25.027268113982277,0.34816973742791457,9.447253798422784,6.866276947776267,0.0,8.713737367783228,True
2026-02-23,24.605797271658936,0.34125848936640624,9.341603582942218,6.8672564821343505,0.0,8.396937206582368,True
2026-02-24,24.958957183609392,0.34716988799174037,9.425724565116445,6.868234248668633,0.0,8.664998369824316,True
2026-02-25,25.431806049173467,0.35501986225188986,9.533797614360875,6.869212154418249,0.0,9.028796280394344,True
2026-02-26,25.031995918376595,0.34803441753511144,9.44980959978009,6.870190199403019,0.0,8.711996119193484,True
2026-02-27,24.902907887938554,0.34613394981153056,9.411997635250891,6.871168383642767,0.0,8.619741869044892,True
2026-03-02,24.944090695414417,0.34681856346633777,9.420873012950942,6.872143980505803,0.0,8.651073701957671,True
2026-03-03,24.574616274188852,0.34069983491041383,9.328925578290448,6.873122988295492,0.0,8.372567707602911,True
2026-03-04,25.055589070339856,0.34916559646616163,9.432935868482572,6.874103499301031,0.0,8.748549702556256,True
2026-03-05,24.935993012189012,0.3476292094144285,9.39242932521301,6.875084150185025,0.0,8.66847953679098,True
2026-03-06,24.411383266581645,0.33898492975718564,9.26022919345357,6.876063031230157,0.0,8.275091041897916,True
2026-03-09,24.836776910050823,0.3461444689334763,9.36262681636069,6.877037140141366,0.0,8.597112953548768,True
2026-03-10,24.832051848856572,0.346280427786238,9.35518064811174,6.878017663712738,0.0,8.598853537032097,True
2026-03-11,24.817842797710895,0.34612798640586745,9.348693970215406,6.878998872986461,0.0,8.590149954509032,True
2026-03-12,24.228973197438037,0.33643625309299047,9.197486651516352,6.87998158708514,0.0,8.151504958836545,True
2026-03-13,24.02001069714784,0.3328410311705463,9.144199761303097,6.880965806678501,0.0,7.994845129166239,True
2026-03-16,24.3851318382126,0.3387788002843289,9.24201650835172,6.881949620936024,0.0,8.261165708924857,True
2026-03-17,24.542670073149775,0.3415688614410585,9.276724077472904,6.882934122067561,0.0,8.383011873609309,True
2026-03-18,24.05569925122559,0.33357732110324934,9.147344773698862,6.883918764037455,0.0,8.024435713489273,True
2026-03-19,23.959593865495044,0.3319367254259065,9.121619822559099,6.884904912688884,0.0,7.953069130247063,True
2026-03-20,23.356594703770632,0.3210552586161541,8.97194540170228,6.885891749056577,0.0,7.4987575530117745,True
2026-03-23,23.715537920881697,0.3271321594986712,9.070542420770728,6.886880366380315,0.0,7.758115133730656,True
2026-03-24,23.504931632578224,0.32302805663642165,9.02431176003816,6.887867485896369,0.0,7.592752386643697,True
2026-03-25,23.70754239112267,0.3264597627673383,9.079126792824146,6.888856933496,0.0,7.739558664802522,True
2026-03-26,22.96815377258646,0.31298123527683097,8.889706109583583,6.88984652323056,0.0,7.188601139772317,True
2026-03-27,22.37934600414381,0.3021283351768539,8.727075198444597,6.890836255120465,0.0,6.7614345505787465,True
2026-03-30,22.177216683794487,0.29788498699913424,8.679134205813662,6.891822574451721,0.0,6.606259903529104,True
2026-03-31,23.112054477203014,0.31442727971123596,8.952187485820877,6.892806573577302,0.0,7.267060417804836,True
2026-04-01,23.472306251693773,0.3211149501080437,9.041206540555818,6.893791260204585,0.0,7.537308450933368,True
2026-04-02,23.499982256565822,0.3214787199868841,9.050460585662135,6.894777455348415,0.0,7.554744215555269,True
2026-04-06,23.68384075113321,0.3246515641552239,9.09908046727151,6.895764338803071,0.0,7.68899594505863,True
2026-04-07,23.696248143361238,0.32484949150396986,9.101778241716529,6.896755741721919,0.0,7.697714159922787,True
2026-04-08,24.619715653887052,0.3399298182610782,9.35299508826528,6.897745097756526,0.0,8.368975467865248,True
2026-04-09,24.846693974664888,0.34356099150660324,9.411608667180632,6.898730489887244,0.0,8.536354817597013,True
2026-04-10,24.88796276998249,0.3444624618284663,9.415281106618306,6.8997127377208,0.0,8.572968925643384,True
2026-04-13,25.243427828990818,0.34990319955522087,9.50997516952121,6.90069649436442,0.0,8.83275616510519,True
2026-04-14,25.868162346962524,0.3599880267121136,9.654250499370443,6.901683129640445,0.0,9.312228717951637,True
2026-04-15,26.36537182556777,0.3680123027769926,9.75991825558304,6.9026723708858935,0.0,9.702781199098837,True
2026-04-16,26.53785223018975,0.3707450306179976,9.79541363864957,6.903661753922586,0.0,9.838776837617594,True
2026-04-17,27.038719552294197,0.377805638588404,9.918688114391342,6.90465073083558,0.0,10.215380707067274,True
2026-04-20,26.925123340246515,0.3760970936846715,9.893025595393206,6.9056371094852835,0.0,10.126460635368028,True
2026-04-21,26.756351223150357,0.374038298903239,9.841828045766094,6.906623081019505,0.0,10.007900096364757,True
2026-04-22,27.379432751092015,0.3834204140865274,9.973990114885531,6.907609193328552,0.0,10.49783344287793,True
2026-04-23,27.160365223499188,0.38015776339338037,9.926546903094039,6.9085946240923475,0.0,10.3252236963128,True
2026-04-24,27.877088880069,0.3912734568333814,10.05994375207654,6.909580195436446,0.0,10.907564932556014,True
2026-04-27,27.90333919941697,0.3914052293560379,10.07126096129395,6.910565358975895,0.0,10.921512879147121,True
2026-04-28,27.49790673490318,0.3851290003528066,9.99611556200798,6.911549840287227,0.0,10.59024133260797,True
2026-04-29,27.723951310659665,0.38903246942586456,10.025899608183227,6.912534461848076,0.0,10.785517240628364,True
2026-04-30,28.114479422056107,0.39404718362030255,10.122528763165526,6.913519223678422,0.0,11.07843143521216,True
2026-05-01,28.484926975752202,0.3996953985939726,10.185129980156466,6.914502754102256,0.0,11.385294241493478,True
2026-05-04,28.38966022559206,0.39864148891898477,10.156880122760642,6.91548368059732,0.0,11.317296422234099,True
2026-05-05,28.929670083889306,0.4061467935542731,10.26350847816039,6.916468862574295,0.0,11.74969274315462,True
2026-05-06,29.837393870562874,0.4182165215508592,10.441445864344653,6.917456929528488,0.0,12.478491076689732,True
2026-05-07,29.776044937541556,0.41773140713292917,10.419210649293891,6.918445137635098,0.0,12.438389150612567,True
2026-05-08,30.803468758493562,0.431759706646067,10.584339185773953,6.919432937871141,0.0,13.29969663484847,True
2026-05-11,30.95039783826202,0.433540700961963,10.611720609014947,6.920420055395332,0.0,13.41825717385174,True
2026-05-12,30.54963774950789,0.42781357899738826,10.558679200011575,6.921408686805627,0.0,13.069549862690689,True
2026-05-13,31.033452118168682,0.4339535264494752,10.643977850156483,6.9223982834319635,0.0,13.467075984580235,True
2026-05-14,31.412426267388476,0.4382094034642613,10.723818493944822,6.923387197446257,0.0,13.765220575997397,True
2026-05-15,30.63859601989654,0.42873386771392363,10.578419291036493,6.924372955925375,0.0,13.13580377293467,True
2026-05-18,30.435265311628573,0.4257549095386152,10.55194282733467,6.925358854757727,0.0,12.957963629536177,True
2026-05-19,30.12623915262985,0.4220776476703456,10.48428760028159,6.926339397651987,0.0,12.715612154696274,True
2026-05-20,30.891964629800462,0.43182098389615436,10.62484406552138,6.92732200335345,0.0,13.339798560925635,True
2026-05-21,30.99032297979431,0.4329258934662898,10.645509914627368,6.928299800330601,0.0,13.416513264836343,True
2026-05-22,31.189980909681232,0.43512972807474193,10.689008389131164,6.929284608664082,0.0,13.571687911885986,True
2026-05-26,32.03793319283867,0.44598012789204466,10.819381268198061,6.930270381901637,0.0,14.288281542738973,True
2026-05-27,31.983013771821398,0.44521954164795263,10.812295569471702,6.931255470339214,0.0,14.239462732010479,True
2026-05-28,32.409853496847695,0.4501690806348754,10.887698020705459,6.932241523955308,0.0,14.589913952186928,True
2026-05-29,32.59789030585741,0.45227910615957834,10.921316522376332,6.933229093259911,0.0,14.743344690221173,True
2026-06-01,32.90455638417098,0.4559061216516063,10.968951445359437,6.934216253037551,0.0,15.001388685773994,True
2026-06-02,33.14399098336125,0.4588200033062319,11.00165257211956,6.935212358674156,0.0,15.207126052567528,True
2026-06-03,32.97693693682481,0.45765475520951654,10.948676878414252,6.9362080570283355,0.0,15.092052001382225,True
2026-06-04,32.59913704426647,0.4519949432504414,10.927286671395901,6.937205274533984,0.0,14.734645098336586,True
2026-06-05,30.09265178683229,0.4197183043017505,10.524013197308479,6.9382018096115186,0.0,12.63043677991229,True
2026-06-08,30.744474123244714,0.42892840952960454,10.618097247895165,6.939198487842114,0.0,13.187178387507439,True
2026-06-09,30.22789546088272,0.4216727546906897,10.541420204143776,6.940195309246332,0.0,12.746279947492612,True
2026-06-10,29.271095139789004,0.4091705044057202,10.35303410308897,6.941192273844741,0.0,11.976868762855293,True
2026-06-11,30.70027375342003,0.428081675876069,10.61585973354398,6.9421893816579106,0.0,13.142224638218142,True
2026-06-12,31.022292579592225,0.43205395217585424,10.67580183231731,6.943186632706414,0.0,13.403304114568497,True
2026-06-15,32.50751337145769,0.44991800467287785,10.937613791483722,6.944184027010827,0.0,14.62571555296314,True
2026-06-16,31.56625334435931,0.4378092469247314,10.801074174838352,6.945181564591729,0.0,13.819997604929233,True
2026-06-17,31.032189510402198,0.4320276177880244,10.679247356006918,6.9461792454697004,0.0,13.40676290892558,True
2026-06-18,32.1441071261181,0.445752828431678,10.868603387574773,6.947177069665327,0.0,14.328326668878,True
2026-06-22,32.06422216005709,0.4452996233293549,10.837861072635718,6.948175037199196,0.0,14.278186050222178,True
2026-06-23,30.40067066421284,0.4233712552965778,10.580727415155302,6.949173148091898,0.0,12.870770100965638,True
2026-06-24,30.20882743964003,0.42050101916529903,10.55581331111872,6.950171402364027,0.0,12.702842726157282,True
2026-06-25,30.546179293384288,0.42521801065919324,10.6062239009762,6.951169800036179,0.0,12.988785592371908,True
2026-06-26,29.895145890222892,0.4163917620266288,10.494885075820896,6.952168341128954,0.0,12.448092473273041,True
2026-06-29,31.041901122092263,0.4309329196978161,10.711757012915179,6.953167025662954,0.0,13.376977083514133,True
2026-06-30,31.836003890975093,0.44092365435668956,10.844590861593783,6.954165853658785,0.0,14.037247175722525,True
2026-07-01,31.133499761918017,0.4311679518310541,10.754567611102159,6.9551648251370555,0.0,13.423767325678803,True
2026-07-02,30.321963150581766,0.41921780714268686,10.654292310215146,6.956163940118376,0.0,12.711506900248244,True
2026-07-06,30.97788489158632,0.4275158194823408,10.77718584770681,6.957163198623362,0.0,13.24353584525615,True
2026-07-07,30.127332873093476,0.41548359191216183,10.651757795574616,6.95816260067263,0.0,12.517412476846228,True
2026-07-08,30.211884476235305,0.41713150323335885,10.650393542863894,6.9591621462868005,0.0,12.60232878708461,True
2026-07-09,30.973929819010905,0.42712279834726363,10.784096403416715,6.960161835486497,0.0,13.229671580107691,True
2026-07-10,31.13437170450255,0.4287624198720122,10.823961482992983,6.961161668292346,0.0,13.349248553217217,True
2026-07-13,30.230434381251804,0.41641692485051485,10.679808214590677,6.962161644724975,0.0,12.588464521936153,True
2026-07-14,30.722492361840832,0.4231725844607076,10.758414103201279,6.963161764805017,0.0,13.000916493834534,True
2026-07-15,30.62972617474299,0.421172680530475,10.765160269258926,6.964162028553107,0.0,12.900403876930959,True
2026-07-16,29.87185987270587,0.41039277597146334,10.64750194012566,6.9651624359898845,0.0,12.259195496590324,True
2026-07-17,29.183865913641338,0.40100597992354775,10.514798177848181,6.966162987135989,0.0,11.702904748657168,True
2026-07-20,29.20269496710813,0.4014595625364238,10.51183013871621,6.967163682012064,0.0,11.723701146379854,True
2026-07-21,29.989693381643292,0.4124208532086474,10.653153929081482,6.968164520638757,0.0,12.368374931923054,True
2026-07-22,29.768406495660212,0.4091410790502315,10.619763037383155,6.9691655030367174,0.0,12.17947795524034,True
2026-07-23,28.913304003736933,0.39738617522692293,10.453390083292035,6.9701666292266,0.0,11.489747291218297,True
2026-07-24,28.462638042215445,0.38967428970740536,10.400311880687106,6.971167899229058,0.0,11.09115826229928,True
2026-07-27,28.34475042486438,0.3876265888157529,10.385402193775583,6.972169313064752,0.0,10.987178918024043,True
2026-07-28,27.98884501523083,0.3811628556210208,10.347366052936927,6.973170870754343,0.0,10.668308091539556,True
2026-07-29,27.1445759955406,0.36869381713277705,10.162366084975485,6.974172572318496,0.0,10.008037338246615,True
2026-07-30,28.360127059152397,0.38680533989526944,10.415104054786049,6.975174417777879,0.0,10.969848586588471,True
2026-07-31,28.66120386018109,0.39072344583209784,10.486423119081747,6.976176407153162,0.0,11.198604333946179,True
2026-08-03,29.40776678718081,0.40048683758784,10.653164725597039,6.977178540465019,0.0,11.777423521118756,True
2026-08-04,30.874568939886892,0.41996560918398335,10.930130969020277,6.978180817734127,0.0,12.966257153132489,True
2026-08-05,30.47207411864141,0.4142522039520755,10.869767017022042,6.9791832389811645,0.0,12.623123862638202,True
2026-08-06,30.303942298825,0.4119184128217895,10.841004680623099,6.980185804226815,0.0,12.482751813975085,True
2026-08-07,30.824505052893386,0.4186799633497425,10.937713893582268,6.981188513491763,0.0,12.905602645819355,True
2026-08-10,30.691433057141985,0.4167121286343892,10.919749290263791,6.982191366796698,0.0,12.789492400081496,True
2026-08-11,30.528418899082588,0.41473651067767525,10.883974604208369,6.983194364162311,0.0,12.661249930711909,True
2026-08-12,30.849700301761956,0.4190682878147895,10.937371711093881,6.984197505609297,0.0,12.928131085058778,True
2026-08-13,31.394023374592173,0.42587867096259335,11.038777632493918,6.985200791158352,0.0,13.370044950939905,True
2026-08-14,31.31417270789958,0.42497233454243033,11.02031140712846,6.986204220830178,0.0,13.307657079940942,True
2026-08-17,31.21249649050842,0.4241913313175647,10.985218255809361,6.987207794645477,0.0,13.240070440053584,True
2026-08-18,30.4127099196418,0.4132943601905549,10.855096919117543,6.988211512624956,0.0,12.569401487899299,True
2026-08-19,30.332831923043592,0.4116974839192806,10.855665965390788,6.9892153747893255,0.0,12.487950582863482,True
2026-08-20,29.975393946439247,0.407472163332899,10.771035947168466,6.990219381159296,0.0,12.214138618111484,True
2026-08-21,30.137021416933017,0.4092545875194553,10.81208361612552,6.991223531755583,0.0,12.333714269051912,True
2026-08-24,29.693863369227493,0.40275622664920935,10.742247177401344,6.9922278265989055,0.0,11.959388365227243,True
2026-08-25,29.963848791022905,0.40641456564828654,10.792871933758414,6.993232265709984,0.0,12.177744591554509,True
2026-08-26,30.005647709938565,0.4070035538803124,10.799005606403368,6.994236849109543,0.0,12.212405254425653,True
2026-08-27,30.606401022774392,0.4150387599216591,10.908316719798801,6.995241576818309,0.0,12.702842726157282,True
2026-08-28,30.30834551175031,0.4108293497462022,10.860541184417691,6.996246448857013,0.0,12.451557878475606,True
2026-08-31,30.30774892818839,0.4112376940125073,10.846808683003765,6.997251465246388,0.0,12.463688779938233,True
