date,qqq,tqqq,equity,weight,state
1999-03-10,43.0743408203125,31.424291,1.0,0.0,GREEN
1999-03-11,43.28524398803711,31.87252,1.0001773809440553,0.0,GREEN
1999-03-12,42.23078155517578,29.529681,1.00035519025698,0.0,GREEN
1999-03-15,43.443397521972656,32.060926,1.0005326342050185,0.0,GREEN
1999-03-16,43.81245040893555,32.864503,1.0007097126013171,0.0,GREEN
1999-03-17,43.496131896972656,32.138916,1.0008856310082632,0.0,GREEN
1999-03-18,44.33968353271485,33.995416,1.0010603888206397,0.0,GREEN
1999-03-19,43.20612335205078,31.373922,1.0012339853993932,0.0,GREEN
1999-03-22,42.67892837524414,30.212352,1.0014080094061644,0.0,GREEN
1999-03-23,41.17631912231445,27.008667,1.0015824610342432,0.0,GREEN
1999-03-24,42.57347106933594,29.746692,1.0016814138684793,0.15001125084381328,GREEN
1999-03-25,44.12880325317383,32.994461,1.0182352924968074,0.16368454044826344,GREEN
1999-03-26,43.654293060302734,31.916321,1.0129374865240686,0.15916403915124525,GREEN
1999-03-29,45.235965728759766,35.37214,1.0305427056882344,0.17338443706668039,GREEN
1999-03-30,44.91963195800781,34.615346,1.0268682098458743,0.17028199870653066,GREEN
1999-03-31,44.26061630249024,33.07744,1.0192473271420126,0.1639332618276145,GREEN
1999-04-01,45.18323516845703,35.132366,1.0297750893130337,0.17233749967255124,GREEN
1999-04-05,46.81765365600586,38.930507,1.0491065850011922,0.18744990204563208,GREEN
1999-04-06,46.9099006652832,39.144668,1.0503335251228627,0.18826091164434827,GREEN
1999-04-07,46.42221832275391,37.907791,1.0442306657738933,0.18337782009987205,GREEN
1999-04-08,46.79127883911133,38.796423,1.048864363360953,0.18684742930158035,GREEN
1999-04-09,47.08125686645508,39.501907,1.0525725868694602,0.18957487498373526,GREEN
1999-04-12,46.76490783691406,38.689668,1.0486138172492987,0.18637780736727988,GREEN
1999-04-13,46.132232666015625,37.103898,1.0407462761584765,0.18008993566276751,GREEN
1999-04-14,44.550575256347656,33.272716,1.02153451308899,0.16453184970240295,GREEN
1999-04-15,45.15687561035156,34.617792,1.0284699656619243,0.17002881253637497,GREEN
1999-04-16,43.83880615234375,31.572451,1.01322855148338,0.1574039584330753,GREEN
1999-04-19,41.78263092041016,27.117173,0.9908659721095043,0.13824335613700464,GREEN
1999-04-20,42.73165130615234,28.953903,1.0002867474297668,0.14621683241863123,GREEN
1999-04-21,44.84055709838867,33.228975,1.0220260283621323,0.16423652969284155,GREEN
1999-04-22,46.05315017700195,35.911173,1.035718695107055,0.17514693703188688,GREEN
1999-04-23,46.65948867797852,37.314822,1.0429538958831766,0.18073032714087883,GREEN
1999-04-26,47.73371505737305,39.876609,1.0560407363299036,0.19074462986513852,GREEN
1999-04-27,47.002174377441406,38.026629,1.0468432039432085,0.18349361669730568,GREEN
1999-04-28,45.394134521484375,34.107865,1.0271960474407897,0.16773201601795693,GREEN
1999-04-29,45.02505493164063,33.261692,1.0230702496916027,0.1642304387253071,GREEN
1999-04-30,45.3150520324707,33.890383,1.0263946574352545,0.16679263327289018,GREEN
1999-05-03,45.07779312133789,33.343707,1.0237834977938376,0.16452069188474086,GREEN
1999-05-04,44.36604309082031,31.750081,1.0158847829626076,0.15787565075699894,GREEN
1999-05-05,45.710479736328125,34.622982,1.0305494842958234,0.16971115565412057,GREEN
1999-05-06,44.04970932006836,30.834461,1.0115641328453029,0.15397765817260953,GREEN
1999-05-07,44.682373046875,32.14996,1.0183614338330613,0.15947523992475535,GREEN
1999-05-10,45.13051986694336,33.103677,1.023330903928714,0.16340860302980043,GREEN
1999-05-11,45.84227752685547,34.655852,1.0313234726583136,0.16974478837045492,GREEN
1999-05-12,46.79127883911133,36.793429,1.0422735282851145,0.17832134357256868,GREEN
1999-05-13,45.921348571777344,34.72572,1.0319805421296486,0.1699787070676618,GREEN
1999-05-14,45.05143356323242,32.737417,1.022088017356473,0.16179715645599457,GREEN
1999-05-17,45.86204528808594,34.490458,1.0310963752571265,0.16897189413542976,GREEN
1999-05-18,45.65774154663086,34.014724,1.0288479485246247,0.16700540485080353,GREEN
1999-05-19,46.2904167175293,35.414231,1.0360715276159884,0.17266441754479248,GREEN
1999-05-20,45.01847839355469,32.479911,1.0214020684440877,0.16063229662188794,GREEN
1999-05-21,44.60330581665039,31.567543,1.0169457153355053,0.15680423247093833,GREEN
1999-05-24,43.46976852416992,29.147328,1.0048719176325072,0.14652199047027006,GREEN
1999-05-25,42.04624176025391,26.271363,0.9904973166020741,0.133981264748184,GREEN
1999-05-26,43.21931076049805,28.458988,1.001701479197416,0.14351454174689682,GREEN
1999-05-27,43.17977523803711,28.368703,1.0013992953550743,0.14310241739502896,GREEN
1999-05-28,43.89153289794922,29.759433,1.00857839015761,0.14904923964469396,GREEN
1999-06-01,42.91617965698242,27.76271,0.9986456732703759,0.14043171610480013,GREEN
1999-06-02,43.64110565185547,29.157522,1.0058461244601125,0.14643127242438966,GREEN
1999-06-03,43.02162551879883,27.903375,0.999667603424959,0.14099895335493864,GREEN
1999-06-04,44.33968353271485,30.456263,1.0127173748589318,0.15191586267080573,GREEN
1999-06-07,45.2623176574707,32.344767,1.0224080139154044,0.15980654168370484,GREEN
1999-06-08,44.12880325317383,29.900969,1.010212973929619,0.14951580110399335,GREEN
1999-06-09,44.86690902709961,31.38867,1.0178807402320167,0.15577249942312135,GREEN
1999-06-10,44.35286331176758,30.296334,1.012515303412336,0.15114829590778014,GREEN
1999-06-11,43.6806640625,28.905706,1.0056451373581368,0.14519564633824172,GREEN
1999-06-14,42.85685729980469,27.257751,0.9974771751924539,0.13803900632886848,GREEN
1999-06-15,43.496131896972656,28.465699,1.003734967618045,0.14325756656250657,GREEN
1999-06-16,45.730224609375,32.839696,1.0259865616220667,0.16168592921593536,GREEN
1999-06-17,46.23768997192383,33.918921,1.0315934922407903,0.16609180537908746,GREEN
1999-06-18,46.44858932495117,34.368531,1.0340186261541937,0.1678987175412951,GREEN
1999-06-21,47.83914566040039,37.440461,1.049690608138893,0.1801750483185034,GREEN
1999-06-22,46.39585494995117,34.035465,1.03264587144131,0.16649264258148436,GREEN
1999-06-23,47.12739562988281,35.630652,1.0408613116615104,0.1729201781770104,GREEN
1999-06-24,46.19155883789063,33.49258,1.0302177821831797,0.16422313282648257,GREEN
1999-06-25,46.132232666015625,33.348819,1.0296484137010593,0.16360865523751333,GREEN
1999-06-28,47.22624969482422,35.706725,1.041718474270102,0.17314678172822837,GREEN
1999-06-29,47.8720817565918,37.155825,1.0491981316415784,0.17888922036824276,GREEN
1999-06-30,48.61021041870117,38.858165,1.0579580695951565,0.18553617702112568,GREEN
1999-07-01,48.93972396850586,39.631595,1.0620246832207667,0.1885044954562213,GREEN
1999-07-02,49.559226989746094,41.119591,1.0696974902080953,0.19417914324859456,GREEN
1999-07-06,49.24287796020508,40.314554,1.065786192150301,0.19107617605256308,GREEN
1999-07-07,49.321964263916016,40.491502,1.0668346712556165,0.19172623174098702,GREEN
1999-07-08,49.98097229003906,42.097163,1.07510057117435,0.19779645674597998,GREEN
1999-07-09,50.481876373291016,43.344685,1.0815577253025843,0.20244213954243323,GREEN
1999-07-12,50.21823501586914,42.646886,1.0781889293959463,0.19980540308525468,GREEN
1999-07-13,49.98097229003906,42.02395,1.0751983273145014,0.19743450814474708,GREEN
1999-07-14,50.83113861083984,44.150213,1.086095838456072,0.20534277400290216,GREEN
1999-07-15,51.29906463623047,45.350408,1.092315405770623,0.2097238930724195,GREEN
1999-07-16,51.7735595703125,46.589336,1.0986126447814946,0.0,GREEN
1999-07-19,51.24633026123047,45.146078,1.0988105694388517,0.0,GREEN
1999-07-20,49.26924896240234,39.901653,1.0990076576830146,0.0,GREEN
1999-07-21,49.50648498535156,40.461117,1.0992034729263263,0.0,GREEN
1999-07-22,48.24773788452149,37.35764,1.0993984506760628,0.0,GREEN
1999-07-23,48.32023239135742,37.510039,1.0995938992903482,0.0,GREEN
1999-07-26,47.133975982666016,34.731228,1.0997911280365316,0.0,GREEN
1999-07-27,48.08298873901367,36.814065,1.0999905742922427,0.0,GREEN
1999-07-28,49.025386810302734,38.962758,1.1001904932107482,0.0,GREEN
1999-07-29,47.97754669189453,36.447587,1.1003900118910195,0.0,GREEN
1999-07-30,47.74029159545898,35.890978,1.1005900034057223,0.0,GREEN
1999-08-02,47.60848617553711,35.577968,1.1007917782346819,0.0,GREEN
1999-08-03,47.29873275756836,34.867815,1.10099490053126,0.0,GREEN
1999-08-04,46.44199752807617,32.957787,1.1011998079180256,0.0,GREEN
1999-08-05,47.18009567260742,34.514903,1.1014034424790125,0.0,GREEN
1999-08-06,46.67265701293945,33.386081,1.1016036181807,0.0,GREEN
1999-08-09,46.07291412353516,32.084171,1.1018073274145346,0.0,GREEN
1999-08-10,45.65774154663086,31.202343,1.1020145721161123,0.0,GREEN
1999-08-11,47.16033935546875,34.268975,1.1022249169585259,0.0,GREEN
1999-08-12,46.60675048828125,33.047128,1.1024335523884017,0.0,GREEN
1999-08-13,48.6365852355957,37.350611,1.1026374150941918,0.0,GREEN
1999-08-16,49.025386810302734,38.230036,1.1028386901737268,0.0,GREEN
1999-08-17,49.26924896240234,38.783673,1.1030413149063345,0.0,GREEN
1999-08-18,48.71563720703125,37.459356,1.1032461654287318,0.0,GREEN
1999-08-19,48.13570785522461,36.105198,1.1034488650268346,0.0,GREEN
1999-08-20,48.90018081665039,37.809479,1.1036516018669678,0.0,GREEN
1999-08-23,50.45550537109375,41.400257,1.103857003695377,0.0,GREEN
1999-08-24,50.79819107055664,42.224998,1.1040659480559551,0.0,GREEN
1999-08-25,51.87901306152344,44.90125,1.1042784369346368,0.0,GREEN
1999-08-26,51.01567459106445,42.639441,1.1044883374771286,0.0,GREEN
1999-08-27,50.50822830200195,41.347714,1.1046978396392269,0.0,GREEN
1999-08-30,49.79646301269531,39.580903,1.1049100117706718,0.0,GREEN
1999-08-31,50.35007095336914,40.883031,1.1051226630981208,0.0,GREEN
1999-09-01,50.712528228759766,41.747472,1.105335355352511,0.0,GREEN
1999-09-02,50.53458404541016,41.289274,1.1055467726780086,0.0,GREEN
1999-09-03,52.8543701171875,46.956919,1.1057564756067926,0.0,GREEN
1999-09-07,52.61712646484375,46.303863,1.1059657795102669,0.0,GREEN
1999-09-08,51.90538024902344,44.40437,1.1061716120328537,0.0,GREEN
1999-09-09,52.643463134765625,46.279054,1.1063774828631605,0.0,GREEN
1999-09-10,53.24979782104492,47.857964,1.1065829529595843,0.0,GREEN
1999-09-13,52.61053466796875,46.113452,1.1067858264959347,0.0,GREEN
1999-09-14,52.90050506591797,46.855567,1.1069891764365434,0.0,GREEN
1999-09-15,51.87901306152344,44.120835,1.1071951994246716,0.0,GREEN
1999-09-16,51.85265350341797,44.03455,1.1073981852062045,0.0,GREEN
1999-09-17,53.407962799072266,47.978012,1.1075985715419654,0.0,GREEN
1999-09-20,53.533199310302734,48.294904,1.107798554625766,0.0,GREEN
1999-09-21,52.2480583190918,44.795562,1.107998134204962,0.0,GREEN
1999-09-22,52.80165100097656,46.199703,1.108202586245824,0.0,GREEN
1999-09-23,50.6136589050293,40.436109,1.1084083952900063,0.0,GREEN
1999-09-24,50.67958450317383,40.576321,1.108613802722172,0.0,GREEN
1999-09-27,51.03545379638672,41.413238,1.1088192482199217,0.0,GREEN
1999-09-28,51.272705078125,41.972573,1.10902473179031,0.0,GREEN
1999-09-29,50.244590759277344,39.429181,1.1092302534403922,0.0,GREEN
1999-09-30,50.7718505859375,40.652997,1.1094362533370465,0.0,GREEN
1999-10-01,50.79160690307617,40.682434,1.1096436122575044,0.0,GREEN
1999-10-04,51.93175506591797,43.404099,1.1098510099343322,0.0,GREEN
1999-10-05,52.3007698059082,44.310049,1.110058005947626,0.0,GREEN
1999-10-06,53.34865188598633,46.953896,1.1102663620741855,0.0,GREEN
1999-10-07,53.22342300415039,46.602467,1.1104721138200424,0.0,GREEN
1999-10-08,53.78361129760742,48.053462,1.1106792256741356,0.0,GREEN
1999-10-11,54.541500091552734,50.063743,1.1108850539308275,0.0,GREEN
1999-10-12,53.302528381347656,46.629749,1.11109092033109,0.0,GREEN
1999-10-13,51.7208366394043,42.457545,1.1112990294148537,0.0,GREEN
1999-10-14,52.04376602172852,43.233463,1.111512469393899,0.0,GREEN
1999-10-15,50.50822830200195,39.386906,1.1117272735843253,0.0,GREEN
1999-10-18,49.86896896362305,37.873254,1.1119430016089045,0.0,GREEN
1999-10-19,50.13916397094727,38.471228,1.1121605364822003,0.0,GREEN
1999-10-20,51.66811752319336,41.972768,1.1123807619116641,0.0,GREEN
1999-10-21,52.51166534423828,44.009041,1.1126010309492567,0.0,GREEN
1999-10-22,52.2744255065918,43.392322,1.112820902106215,0.0,GREEN
1999-10-25,52.3007698059082,43.438038,1.1130381671428526,0.0,GREEN
1999-10-26,51.87901306152344,42.366957,1.1132545912351204,0.0,GREEN
1999-10-27,51.799930572509766,42.153488,1.1134750333047814,0.0,GREEN
1999-10-28,53.59249877929688,46.510242,1.1136955190254694,0.0,GREEN
1999-10-29,55.464134216308594,51.361599,1.1139142806368487,0.0,GREEN
1999-11-01,55.17416000366211,50.532156,1.1141335272588506,0.0,GREEN
1999-11-02,55.20711517333984,50.599222,1.1143537012662712,0.0,GREEN
1999-11-03,56.30770492553711,53.601935,1.1145739187842696,0.0,GREEN
1999-11-04,56.94037628173828,55.384005,1.1147937375200834,0.0,GREEN
1999-11-05,57.520294189453125,57.050469,1.1150122724854459,0.0,GREEN
1999-11-08,58.68022537231445,60.475058,1.1152326201496618,0.0,GREEN
1999-11-09,58.284786224365234,59.224065,1.1154556666720037,0.0,GREEN
1999-11-10,59.04928588867188,61.526676,1.1156787578036496,0.0,GREEN
1999-11-11,60.10372924804688,64.79379,1.1159023362933205,0.0,GREEN
1999-11-12,60.894569396972656,67.320822,1.1161259595874125,0.0,GREEN
1999-11-15,60.77595901489258,66.895462,1.116350956404458,0.0,GREEN
1999-11-16,62.31808471679688,71.955732,1.1165773275765325,0.0,GREEN
1999-11-17,61.47447967529297,68.999456,1.116805073898543,0.0,GREEN
1999-11-18,63.359352111816406,75.313634,1.1170306508031682,0.0,GREEN
1999-11-19,63.9261360168457,77.299203,1.117255829994472,0.0,GREEN
1999-11-22,62.95072937011719,73.724359,1.1174810545790406,0.0,GREEN
1999-11-23,63.2407455444336,74.708175,1.1177058811321574,0.0,GREEN
1999-11-24,65.32328796386719,82.053078,1.117933414120178,0.0,GREEN
1999-11-26,65.53412628173828,82.80848,1.118160993427415,0.0,GREEN
1999-11-29,64.4533462524414,78.671752,1.118388619063298,0.0,GREEN
1999-11-30,62.00175094604492,69.656882,1.1186180662555947,0.0,GREEN
1999-12-01,63.34616470336914,74.155061,1.1188466727297177,0.0,GREEN
1999-12-02,65.35625457763672,81.179183,1.1190731059806789,0.0,GREEN
1999-12-03,66.74676513671875,86.322223,1.1192991409917978,0.0,GREEN
1999-12-06,67.35307312011719,88.633734,1.1195252216584026,0.0,GREEN
1999-12-07,67.35307312011719,88.591914,1.1197513479897148,0.0,GREEN
1999-12-08,66.53590393066406,85.325629,1.1199766313042594,0.0,GREEN
1999-12-09,66.85221862792969,86.502092,1.1202015154983196,0.0,GREEN
1999-12-10,67.40580749511719,88.609851,1.1204282229436453,0.0,GREEN
1999-12-13,68.32186889648438,92.179747,1.1206558654981393,0.0,GREEN
1999-12-14,67.08946990966797,87.146978,1.1208875566529803,0.0,GREEN
1999-12-15,68.38116455078125,92.138703,1.1211192957090486,0.0,GREEN
1999-12-16,70.06832122802734,98.9141,1.1213497480010852,0.0,GREEN
1999-12-17,70.67460632324219,101.433424,1.1215820275824064,0.0,GREEN
1999-12-20,71.59725952148438,105.355694,1.1218170257308568,0.0,GREEN
1999-12-21,75.44597625732422,122.29327,1.1220565247676353,0.0,GREEN
1999-12-22,75.20877075195312,121.079074,1.1222978559759624,0.0,GREEN
1999-12-23,76.10502624511719,125.348398,1.1225374576661842,0.0,GREEN
1999-12-27,75.65690612792969,123.072944,1.122773546901888,0.0,GREEN
1999-12-28,75.18238830566406,120.69729,1.1230087947020153,0.0,GREEN
1999-12-29,78.02936553955078,134.351703,1.1232432005161888,0.0,GREEN
1999-12-30,77.18584442138672,129.931805,1.1234700778202371,0.0,GREEN
1999-12-31,77.08039093017578,129.336919,1.123693434381627,0.0,GREEN
2000-01-03,79.92745208740234,143.605506,1.1239239699031143,0.0,GREEN
2000-01-04,74.44425201416016,113.980504,1.1241590127324774,0.0,GREEN
2000-01-05,72.54627990722656,105.207044,1.1243941047156385,0.0,GREEN
2000-01-06,67.56396484375,83.479837,1.1246292458628768,0.0,GREEN
2000-01-07,75.92048645019531,114.414594,1.1248630973307703,0.0,GREEN
2000-01-10,78.02936553955078,123.893601,1.1250961046772805,0.0,GREEN
2000-01-11,74.23339080810547,105.75164,1.1253296067665235,0.0,GREEN
2000-01-12,72.59896087646484,98.714837,1.1255649435524837,0.0,GREEN
2000-01-13,76.9749755859375,116.517655,1.1258007762166944,0.0,GREEN
2000-01-14,78.76754760742188,124.601307,1.1260339777966804,0.0,GREEN
2000-01-18,79.18927764892578,126.542322,1.1262685682087215,0.0,GREEN
2000-01-19,80.98186492919922,135.073322,1.1265023136306744,0.0,GREEN
2000-01-20,80.19100189208984,131.049776,1.126741471855694,0.0,GREEN
2000-01-21,81.1927490234375,135.896779,1.1269784452690172,0.0,GREEN
2000-01-24,77.29129028320312,116.239595,1.1272154685219886,0.0,GREEN
2000-01-25,78.45115661621094,121.41473,1.1274538835363228,0.0,GREEN
2000-01-26,75.28783416748047,106.667044,1.1276954808013473,0.0,GREEN
2000-01-27,76.39494323730469,111.31946,1.127937577324326,0.0,GREEN
2000-01-28,72.54627990722656,94.439078,1.1281797258211999,0.0,GREEN
2000-01-31,75.65690612792969,106.539096,1.1284246124427688,0.0,GREEN
2000-02-01,77.68670654296875,115.059787,1.1286722389643387,0.0,GREEN
2000-02-02,78.34578704833984,117.930014,1.128920815596939,0.0,GREEN
2000-02-03,81.40365600585938,131.679576,1.1291672070447876,0.0,GREEN
2000-02-04,81.95723724365234,134.299497,1.1294105156852803,0.0,GREEN
2000-02-07,83.09077453613281,139.804291,1.1296565658230824,0.0,GREEN
2000-02-08,86.57048797607422,157.297699,1.1299017730126872,0.0,GREEN
2000-02-09,83.5125503540039,140.549514,1.1301492753049682,0.0,GREEN
2000-02-10,86.25413513183594,154.320457,1.1303954863868235,0.0,GREEN
2000-02-11,84.25064086914062,143.489046,1.1306421996874239,0.0,GREEN
2000-02-14,84.14520263671875,142.878181,1.1308880694999577,0.0,GREEN
2000-02-15,84.75154113769531,145.893664,1.1311330952500613,0.0,GREEN
2000-02-16,84.35613250732422,143.777268,1.1313835604320135,0.0,GREEN
2000-02-17,86.148681640625,152.86943,1.13163273420091,0.0,GREEN
2000-02-18,83.0380630493164,136.23201,1.1318828609677258,0.0,GREEN
2000-02-22,83.30162048339844,137.459177,1.1321330430204992,0.0,GREEN
2000-02-23,87.94123077392578,160.356095,1.132384628136886,0.0,GREEN
2000-02-24,89.83926391601562,170.656064,1.1326380665952789,0.0,GREEN
2000-02-25,87.78306579589844,158.850411,1.1328915617756112,0.0,GREEN
2000-02-28,87.73036193847656,158.481908,1.1331442145711481,0.0,GREEN
2000-02-29,90.05010986328125,170.9716,1.1333987223521627,0.0,GREEN
2000-03-01,90.78826904296876,175.088207,1.1336523877744937,0.0,GREEN
2000-03-02,88.68594360351562,162.835155,1.1339043105230424,0.0,GREEN
2000-03-03,93.68802642822266,190.303874,1.1341558393035522,0.0,GREEN
2000-03-06,94.42611694335938,194.703065,1.134409224125182,0.0,GREEN
2000-03-07,93.00261688232422,185.796627,1.134663565880122,0.0,GREEN
2000-03-08,93.84619140625,190.755887,1.1349179646600995,0.0,GREEN
2000-03-09,97.00953674316406,209.946815,1.1351733212055841,0.0,GREEN
2000-03-10,96.58771514892578,207.09889,1.135428284730378,0.0,GREEN
2000-03-13,94.05705261230467,190.712269,1.1356842066534876,0.0,GREEN
2000-03-14,90.57738494873048,169.446234,1.1359415382750477,0.0,GREEN
2000-03-15,86.7813491821289,148.053822,1.136198928204686,0.0,GREEN
2000-03-16,91.7372817993164,173.341856,1.1364554747112932,0.0,GREEN
2000-03-17,93.47714233398438,183.114044,1.1367125301076857,0.0,GREEN
2000-03-20,90.8409652709961,167.525892,1.1369696436475587,0.0,GREEN
2000-03-21,94.26795196533205,186.397746,1.1372281688888202,0.0,GREEN
2000-03-22,96.16597747802734,197.558889,1.137487204183627,0.0,GREEN
2000-03-23,97.85309600830078,207.853139,1.1377462984809152,0.0,GREEN
2000-03-24,99.17115783691406,216.143568,1.138005000318693,0.0,GREEN
2000-03-27,99.329345703125,217.065434,1.1382633093807193,0.0,GREEN
2000-03-28,96.79859924316406,200.360593,1.1385198703093655,0.0,GREEN
2000-03-29,92.79170989990234,175.374492,1.138777844456306,0.0,GREEN
2000-03-30,90.47193145751952,162.129832,1.1390363289416776,0.0,GREEN
2000-03-31,92.36994934082033,172.248975,1.1392944201115867,0.0,GREEN
2000-04-03,86.83405303955078,141.189661,1.139553021851428,0.0,GREEN
2000-04-04,85.99049377441406,137.001511,1.1398103256910923,0.0,GREEN
2000-04-05,84.46156311035156,129.622266,1.1400667830178235,0.0,GREEN
2000-04-06,86.46503448486328,138.778642,1.1403246552577342,0.0,GREEN
2000-04-07,89.94471740722656,155.46106,1.1405830383460287,0.0,GREEN
2000-04-10,84.46156311035156,126.948696,1.1408414799806503,0.0,GREEN
2000-04-11,82.45808410644531,117.848855,1.1410990747459824,0.0,GREEN
2000-04-12,77.60762786865234,96.990865,1.141355822041255,0.0,GREEN
2000-04-13,74.23339080810547,84.289761,1.1416126271046696,0.0,GREEN
2000-04-14,67.80123901367188,62.335639,1.1418681308770684,0.0,GREEN
2000-04-17,75.60417175292969,83.825173,1.1421236918336435,0.0,GREEN
2000-04-18,77.60762786865234,90.44575,1.1423793099871933,0.0,GREEN
2000-04-19,75.23509979248047,82.103985,1.1426349853505189,0.0,GREEN
2000-04-20,73.60070037841797,76.710807,1.1428907179364245,0.0,GREEN
2000-04-24,71.4917984008789,70.077336,1.1431456007024567,0.0,GREEN
2000-04-25,76.3159408569336,84.227248,1.1433996330538423,0.0,GREEN
2000-04-26,73.70618438720703,75.543139,1.1436550830564194,0.0,GREEN
2000-04-27,76.9749755859375,85.555213,1.1439087748059746,0.0,GREEN
2000-04-28,79.92745208740234,95.355656,1.1441620688883614,0.0,GREEN
2000-05-01,80.66551208496094,97.947702,1.1444185972930572,0.0,GREEN
2000-05-02,76.0259780883789,80.995685,1.1446760914809129,0.0,GREEN
2000-05-03,75.18238830566406,78.25696,1.144936823246909,0.0,GREEN
2000-05-04,75.34056091308594,78.709923,1.1451976144018052,0.0,GREEN
2000-05-05,77.13314056396484,84.286529,1.145457556073,0.0,GREEN
2000-05-08,74.12796020507812,74.389625,1.1457207385811732,0.0,GREEN
2000-05-09,72.54627990722656,69.587482,1.1459885280651918,0.0,GREEN
2000-05-10,67.27398681640625,54.378111,1.1462595634489612,0.0,GREEN
2000-05-11,71.38639831542969,64.321115,1.1465292983304882,0.0,GREEN
2000-05-12,71.38639831542969,64.286224,1.146798186742321,0.0,GREEN
2000-05-15,74.49697875976562,72.655099,1.1470694136167945,0.0,GREEN
2000-05-16,76.60588073730469,78.785682,1.1473393390702007,0.0,GREEN
2000-05-17,75.02417755126953,73.863126,1.147612970407122,0.0,GREEN
2000-05-18,72.33536529541016,65.882803,1.1478821129658519,0.0,GREEN
2000-05-19,68.90843963623047,56.484727,1.148143119494788,0.0,GREEN
2000-05-22,68.85565948486328,56.32546,1.1484028185250312,0.0,GREEN
2000-05-23,63.1088981628418,42.192774,1.1486625762967198,0.0,GREEN
2000-05-24,67.0631103515625,50.101637,1.148926039389259,0.0,GREEN
2000-05-25,65.58688354492188,46.767065,1.149187739198907,0.0,GREEN
2000-05-26,65.58688354492188,46.742846,1.1494458504063876,0.0,GREEN
2000-05-30,72.17720031738281,60.809303,1.1497035634684676,0.0,GREEN
2000-05-31,70.12103271484375,55.58162,1.1499590531448873,0.0,GREEN
2000-06-01,73.70618438720703,64.078573,1.1502095799281635,0.0,GREEN
2000-06-02,78.97842407226562,77.795851,1.1504633563249327,0.0,GREEN
2000-06-05,79.1761245727539,78.339414,1.1507235801706317,0.0,GREEN
2000-06-06,76.9749755859375,71.764125,1.1509843195232774,0.0,GREEN
2000-06-07,79.03113555908203,77.477294,1.1512501421001506,0.0,GREEN
2000-06-08,78.66209411621094,76.3512,1.151512828144479,0.0,GREEN
2000-06-09,79.08384704589844,77.539144,1.1517755741270916,0.0,GREEN
2000-06-12,76.55317687988281,70.055147,1.1520383800616645,0.0,GREEN
2000-06-13,79.50562286376953,78.123983,1.1522975887006661,0.0,GREEN
2000-06-14,77.7130355834961,72.799156,1.1525591419532695,0.0,GREEN
2000-06-15,79.08384704589844,76.613858,1.152818010388491,0.0,GREEN
2000-06-16,79.50562286376953,77.800051,1.1530764795102624,0.0,GREEN
2000-06-19,82.66898345947266,87.046322,1.1533345490019484,0.0,GREEN
2000-06-20,82.3526382446289,86.002165,1.1535926762520432,0.0,GREEN
2000-06-21,83.40715026855469,89.261427,1.1538499457246034,0.0,GREEN
2000-06-22,80.34919738769531,79.397368,1.1541081883253905,0.0,GREEN
2000-06-23,77.18584442138672,69.978361,1.1543674046813357,0.0,GREEN
2000-06-26,79.29474639892578,75.678051,1.154628053514617,0.0,GREEN
2000-06-27,78.34578704833984,72.921831,1.1548869284595562,0.0,GREEN
2000-06-28,79.29474639892578,75.533912,1.1551458614459027,0.0,GREEN
2000-06-29,77.30450439453125,69.807133,1.1554043940849634,0.0,GREEN
2000-06-30,78.82023620605469,73.876892,1.1556643600771306,0.0,GREEN
2000-07-03,80.34919738769531,78.136553,1.1559257603403057,0.0,GREEN
2000-07-05,77.23857116699219,69.020199,1.156195017645104,0.0,GREEN
2000-07-06,79.29474639892578,74.495595,1.1564615848271023,0.0,GREEN
2000-07-07,80.92913055419922,79.062234,1.1567295902172552,0.0,GREEN
2000-07-10,79.70330810546875,75.427213,1.1569981167248924,0.0,GREEN
2000-07-11,80.13827514648438,76.621429,1.1572680829573825,0.0,GREEN
2000-07-12,82.03632354736328,82.023942,1.157539949113708,0.0,GREEN
2000-07-13,83.09077453613281,85.142193,1.1578150945117338,0.0,GREEN
2000-07-14,84.88333892822266,90.606401,1.1580898458723397,0.0,GREEN
2000-07-17,85.83235931396484,93.596268,1.1583642028618986,0.0,GREEN
2000-07-18,83.93431091308594,87.336217,1.1586381651909956,0.0,GREEN
2000-07-19,82.03632354736328,81.36396,1.1589126520800075,0.0,GREEN
2000-07-20,84.67242431640625,89.163051,1.1591876638927672,0.0,GREEN
2000-07-21,81.82544708251953,80.120923,1.1594636609555986,0.0,GREEN
2000-07-24,80.13827514648438,75.121319,1.1597369631068852,0.0,GREEN
2000-07-25,80.77095031738281,76.859472,1.1600117103063465,0.0,GREEN
2000-07-26,80.66551208496094,76.516599,1.1602883639033483,0.0,GREEN
2000-07-27,77.502197265625,67.472885,1.1605641625951821,0.0,GREEN
2000-07-28,73.28439331054688,56.420095,1.1608414084775902,0.0,GREEN
2000-07-31,75.44597625732422,61.381691,1.1611177992891324,0.0,GREEN
2000-08-01,74.44425201416016,58.902944,1.1613951774291948,0.0,GREEN
2000-08-02,73.12621307373047,55.741933,1.1616744653144633,0.0,GREEN
2000-08-03,76.28956604003906,62.94533,1.1619533593913174,0.0,GREEN
2000-08-04,76.0259780883789,62.258338,1.16223185932173,0.0,GREEN
2000-08-07,77.81853485107422,66.627991,1.162510426003713,0.0,GREEN
2000-08-08,79.40018463134766,70.653878,1.162789059453265,0.0,GREEN
2000-08-09,77.29129028320312,64.985277,1.1630691439687606,0.0,GREEN
2000-08-10,75.7623519897461,61.092989,1.1633483728791911,0.0,GREEN
2000-08-11,76.8167953491211,63.610054,1.1636281304614562,0.0,GREEN
2000-08-14,78.45115661621094,67.635062,1.1639093406000303,0.0,GREEN
2000-08-15,78.45115661621094,67.597729,1.1641901568183657,0.0,GREEN
2000-08-16,79.2420425415039,69.604825,1.1644710407891845,0.0,GREEN
2000-08-17,80.77095031738281,73.595357,1.1647519925288337,0.0,GREEN
2000-08-18,80.34919738769531,72.401938,1.1650325498619525,0.0,GREEN
2000-08-21,80.56009674072266,72.932091,1.1653131747737642,0.0,GREEN
2000-08-22,80.56009674072266,72.891834,1.1655943296949436,0.0,GREEN
2000-08-23,81.87814331054688,76.429299,1.1658755524503253,0.0,GREEN
2000-08-24,83.14347839355469,79.930438,1.1661573057158936,0.0,GREEN
2000-08-25,82.69535827636719,78.593719,1.1664391270718362,0.0,GREEN
2000-08-28,83.09077453613281,79.677436,1.166721942279064,0.0,GREEN
2000-08-29,83.5125503540039,80.846551,1.1670057520266708,0.0,GREEN
2000-08-30,83.40715026855469,80.495562,1.167289167704006,0.0,GREEN
2000-08-31,85.72689056396484,87.167226,1.1675726522108616,0.0,GREEN
2000-09-01,86.57048797607422,89.692424,1.1678557422529605,0.0,GREEN
2000-09-05,83.93431091308594,81.449326,1.1681375106189842,0.0,GREEN
2000-09-06,80.98186492919922,72.809715,1.1684184198748377,0.0,GREEN
2000-09-07,82.7744140625,77.604959,1.168697078405428,0.0,GREEN
2000-09-08,80.24374389648438,70.444989,1.1689753396145721,0.0,GREEN
2000-09-11,78.29302215576172,65.269344,1.1692518115617427,0.0,GREEN
2000-09-12,77.08039093017578,62.20145,1.1695274209199802,0.0,GREEN
2000-09-13,78.87299346923828,66.507676,1.1698017029389953,0.0,GREEN
2000-09-14,78.45115661621094,65.404541,1.1700760492836726,0.0,GREEN
2000-09-15,77.02767944335938,61.808813,1.1703523172308974,0.0,GREEN
2000-09-18,75.81504821777344,58.856203,1.1706291148442047,0.0,GREEN
2000-09-19,78.60934448242188,65.331974,1.1709055133763493,0.0,GREEN
2000-09-20,79.82198333740234,68.319943,1.17118290645846,0.0,GREEN
2000-09-21,74.02249908447266,53.391479,1.1714603652563105,0.0,GREEN
2000-09-22,78.39848327636719,62.831498,1.1717374249317716,0.0,GREEN
2000-09-25,76.3159408569336,57.790231,1.1720150150976845,0.0,GREEN
2000-09-26,75.44597625732422,55.782449,1.1722931361219957,0.0,GREEN
2000-09-27,75.55146789550781,55.985959,1.1725713231448676,0.0,GREEN
2000-09-28,77.23857116699219,59.705775,1.172850972109966,0.0,GREEN
2000-09-29,74.86602020263672,54.171077,1.17313254943556,0.0,GREEN
2000-10-02,73.17888641357422,50.47918,1.1734132633053707,0.0,GREEN
2000-10-03,70.859130859375,45.650897,1.173693113066523,0.0,GREEN
2000-10-04,72.22989654541016,48.275186,1.1739748925727895,0.0,GREEN
2000-10-05,72.4407958984375,48.67152,1.1742562738547877,0.0,RED
2000-10-06,70.01557159423828,43.756391,1.174538188564343,0.0,RED
2000-10-09,69.69923400878906,43.139255,1.174820170955805,0.0,RED
2000-10-10,66.06137084960938,36.360783,1.1751022210454227,0.0,RED
2000-10-11,65.0069351196289,34.599715,1.1753838725283707,0.0,RED
2000-10-12,63.37253952026367,31.971132,1.175665591518261,0.0,RED
2000-10-13,68.5393295288086,39.773547,1.1759455118971938,0.0,RED
2000-10-16,69.17200469970703,40.853148,1.1762254989238359,0.0,RED
2000-10-17,66.00865173339844,35.225715,1.1765074196368768,0.0,RED
2000-10-18,65.7977294921875,34.868481,1.176791742270413,0.0,RED
2000-10-19,71.75540924072266,44.320662,1.1770775345453344,0.0,RED
2000-10-20,72.80986022949219,46.249943,1.1773633962269499,0.0,RED
2000-10-23,72.70440673828125,46.0232,1.1776493273321151,0.0,RED
2000-10-24,69.5937728881836,40.090241,1.1779367298509802,0.0,RED
2000-10-25,65.69232177734375,33.325375,1.1782246699333667,0.0,RED
2000-10-26,67.37943267822266,35.874357,1.1785136154991578,0.0,RED
2000-10-27,67.24761962890625,35.643815,1.1788016965980326,0.0,RED
2000-10-30,64.75653839111328,31.662751,1.1790893803498776,0.0,RED
2000-10-31,68.92157745361328,37.754594,1.179378537975598,0.0,RED
2000-11-01,68.3284683227539,36.758785,1.17966636250421,0.0,RED
2000-11-02,69.17200469970703,38.099629,1.1799551935179662,0.0,RED
2000-11-03,70.06832122802734,39.559327,1.1802440952494753,0.0,RED
2000-11-06,69.54107666015625,38.644033,1.1805340044168218,0.0,RED
2000-11-07,69.27743530273438,38.182755,1.180825390181099,0.0,RED
2000-11-08,63.86021041870117,29.204058,1.1811168478667808,0.0,RED
2000-11-09,63.847049713134766,29.16965,1.181407908806079,0.0,RED
2000-11-10,60.52549362182617,24.600806,1.181697635023286,0.0,RED
2000-11-13,60.617767333984375,24.699566,1.181986963376391,0.0,RED
2000-11-14,63.97885513305664,28.794364,1.1822763625690185,0.0,RED
2000-11-15,65.27051544189453,30.52224,1.182564894304834,0.0,RED
2000-11-16,61.47447967529297,25.179839,1.1828544349988055,0.0,RED
2000-11-17,61.43496322631836,25.117243,1.1831431078118233,0.0,RED
2000-11-20,58.930641174316406,22.031597,1.1834318510747548,0.0,RED
2000-11-21,58.838417053222656,21.915843,1.1837211344089629,0.0,RED
2000-11-22,56.2022590637207,18.95788,1.1840109581982332,0.0,RED
2000-11-24,59.41831970214844,22.201759,1.1843008529483292,0.0,RED
2000-11-27,58.68022537231445,21.362045,1.1845908186766247,0.0,RED
2000-11-28,55.21370697021485,17.564348,1.1848789750994047,0.0,RED
2000-11-29,53.09163665771485,15.529503,1.185165791037306,0.0,RED
2000-11-30,53.13115692138672,15.555697,1.1854503248969024,0.0,RED
2000-12-01,53.987911224365234,16.299679,1.1857330454018213,0.0,RED
2000-12-04,54.83144760131836,17.054837,1.1860172449077337,0.0,RED
2000-12-05,59.62922668457031,21.522586,1.1862986886834153,0.0,RED
2000-12-06,57.36215972900391,19.056187,1.18657643322216,0.0,RED
2000-12-07,56.0968017578125,17.784823,1.186854242788397,0.0,RED
2000-12-08,57.36215972900391,18.97876,1.1871330593442644,0.0,RED
2000-12-11,62.73984909057617,24.306333,1.1874109992316986,0.0,RED
2000-12-12,60.44643783569336,21.62778,1.1876885329867357,0.0,RED
2000-12-13,57.98165512084961,18.971254,1.18796613160978,0.0,RED
2000-12-14,55.14781188964844,16.179449,1.1882221100181416,0.0,RED
2000-12-15,53.88247299194336,15.057151,1.1884988903217062,0.0,RED
2000-12-18,53.987911224365234,15.13759,1.1887738485931307,0.0,RED
2000-12-19,49.87556076049805,11.670464,1.1890465118111577,0.0,RED
2000-12-20,47.01536178588867,9.656614,1.1893178220271465,0.0,RED
2000-12-21,47.2921257019043,9.822478,1.1895854185407033,0.0,RED
2000-12-22,51.03545379638672,12.15025,1.1898318326532111,0.0,RED
2000-12-26,51.35177993774414,12.369943,1.1900735762582515,0.0,RED
2000-12-27,51.93175506591797,12.782711,1.1903375648087624,0.0,RED
2000-12-28,51.82627487182617,12.69815,1.190602084263104,0.0,RED
2000-12-29,49.24287796020508,10.79259,1.1908713871064853,0.0,RED
2001-01-02,45.07779312133789,8.048383,1.1911421685775503,0.0,RED
2001-01-03,52.66985321044922,12.11085,1.19141064823283,0.0,RED
2001-01-04,51.7208366394043,11.450324,1.1916720966905558,0.0,RED
2001-01-05,47.766639709472656,8.818789,1.1919198888141236,0.0,RED
2001-01-08,48.29385757446289,9.10665,1.1921549618933827,0.0,RED
2001-01-09,48.29385757446289,9.102339,1.1923938659721502,0.0,RED
2001-01-10,50.7718505859375,10.499137,1.1926347106134099,0.0,RED
2001-01-11,52.2480583190918,11.409905,1.1928779702266368,0.0,RED
2001-01-12,52.9202766418457,11.844863,1.193122226184746,0.0,RED
2001-01-16,52.28761291503906,11.414326,1.1933651117862092,0.0,RED
2001-01-17,53.88247299194336,12.453273,1.1936118352893015,0.0,RED
2001-01-18,56.14954376220703,14.019218,1.1938590834452452,0.0,RED
2001-01-19,55.93867874145508,13.854637,1.1941025927916544,0.0,RED
2001-01-22,55.99138641357422,13.887231,1.1941944895957983,0.25003125390673836,RED
2001-01-23,57.16445541381836,14.753506,1.2128427041275704,0.0,RED
2001-01-24,56.624019622802734,14.328033,1.2129360431497878,0.25003125390673836,RED
2001-01-25,54.40968704223633,12.640284,1.1772639929503508,0.0,RED
2001-01-26,55.29279327392578,13.249842,1.1773559951917176,0.25003125390673836,RED
2001-01-29,56.51859664916992,14.124905,1.1968168747272188,0.0,RED
2001-01-30,56.30770492553711,13.960337,1.1969037568655152,0.25003125390673836,RED
2001-01-31,54.24098205566406,12.416801,1.163856203062029,0.0,RED
2001-02-01,54.95801544189453,12.903587,1.1639342273885265,0.25003125390673836,RED
2001-02-02,51.92119216918945,10.758606,1.115604263477205,0.0,RED
2001-02-05,51.87901306152344,10.727413,1.1158220719320233,0.0,RED
2001-02-06,51.96335983276367,10.774794,1.116041251259136,0.0,RED
2001-02-07,51.11980056762695,10.245084,1.116259587893149,0.0,RED
2001-02-08,49.592960357666016,9.322359,1.1164779672414304,0.0,RED
2001-02-09,47.576847076416016,8.181127,1.1166968323692898,0.0,RED
2001-02-12,48.15047836303711,8.473283,1.1169144109913747,0.0,RED
2001-02-13,46.60675048828125,7.65442,1.1171324752369023,0.0,RED
2001-02-14,48.46258163452149,8.565266,1.117350138740194,0.0,RED
2001-02-15,49.26398086547852,8.98623,1.1175687314382967,0.0,RED
2001-02-16,46.50551223754883,7.472611,1.1177878103905685,0.0,RED
2001-02-20,44.70029830932617,6.598983,1.11800427089226,0.0,RED
2001-02-21,43.443397521972656,6.03931,1.118222104257319,0.0,RED
2001-02-22,43.02162551879883,5.860658,1.1184386488603646,0.0,RED
2001-02-23,43.173458099365234,5.920092,1.1186547915624263,0.0,RED
2001-02-26,43.9917106628418,6.254077,1.1188656491124231,0.0,RED
2001-02-27,41.33449172973633,5.11803,1.1190743264274003,0.0,RED
2001-02-28,40.0269660949707,4.630065,1.1192821545089708,0.0,RED
2001-03-01,41.16576385498047,5.023203,1.11949179782383,0.0,RED
2001-03-02,39.39431381225586,4.372499,1.1197005919205063,0.0,RED
2001-03-05,40.11135482788086,4.609317,1.1199098692947387,0.0,RED
2001-03-06,41.67191696166992,5.145283,1.1201196301815683,0.0,RED
2001-03-07,41.68878936767578,5.149313,1.120326318927091,0.0,RED
2001-03-08,40.912723541259766,4.859522,1.1205290446394005,0.0,RED
2001-03-09,38.04458999633789,3.835399,1.1207313623920527,0.0,RED
2001-03-12,35.682640075683594,3.119403,1.1209359403349148,0.0,RED
2001-03-13,37.496280670166016,3.593719,1.121137886728818,0.0,RED
2001-03-14,36.90580368041992,3.422432,1.1213385348290463,0.0,RED
2001-03-15,35.55610275268555,3.045514,1.1215352140516455,0.0,RED
2001-03-16,34.75471878051758,2.838312,1.1217301475582286,0.0,RED
2001-03-19,36.49245834350586,3.262862,1.121926450327259,0.0,RED
2001-03-20,34.03767776489258,2.603041,1.1221241230853405,0.0,RED
2001-03-21,34.03767776489258,2.601995,1.122319158949925,0.0,RED
2001-03-22,36.10443115234375,3.074933,1.1225057667808862,0.0,RED
2001-03-23,36.10443115234375,3.073702,1.122690623885616,0.0,RED
2001-03-26,35.2692756652832,2.859177,1.122876402456539,0.0,RED
2001-03-27,36.48402404785156,3.153444,1.1230613205984945,0.0,RED
2001-03-28,33.4893684387207,2.37565,1.1232502801120774,0.0,RED
2001-03-29,32.856712341308594,2.240053,1.1234388256956607,0.0,RED
2001-03-30,33.02540969848633,2.273657,1.1236269571087054,0.0,RED
2001-04-02,31.54917907714844,1.967854,1.123813336493143,0.0,RED
2001-04-03,29.2377986907959,1.534575,1.1239984089317787,0.0,RED
2001-04-04,28.72325325012207,1.452962,1.124178605500398,0.0,RED
2001-04-05,31.4732723236084,1.869729,1.1243570465488901,0.0,RED
2001-04-06,30.32602882385254,1.664567,1.1245350697483527,0.0,RED
2001-04-09,31.25394821166992,1.816743,1.1247064274694365,0.0,RED
2001-04-10,33.5737419128418,2.220603,1.1248773649905237,0.0,RED
2001-04-11,34.58600234985352,2.420603,1.1250483284914004,0.0,RED
2001-04-12,36.10443115234375,2.738501,1.1252260146965136,0.0,RED
2001-04-16,33.95333480834961,2.247957,1.125400156822094,0.0,RED
2001-04-17,34.7968864440918,2.414635,1.1255801315390825,0.0,RED
2001-04-18,38.42421340942383,3.168864,1.1257587950520254,0.0,RED
2001-04-19,40.7440071105957,3.741642,1.125928552328514,0.0,RED
2001-04-20,40.82836532592773,3.763533,1.126096548016848,0.0,RED
2001-04-23,38.08677673339844,3.004034,1.1261197644332797,0.25003125390673836,RED
2001-04-24,37.36974334716797,2.833281,1.110104130339368,0.0,RED
2001-04-25,38.04458999633789,2.985738,1.1101278979686682,0.2500312539067383,RED
2001-04-26,37.07450485229492,2.75625,1.0887891817511586,0.0,RED
2001-04-27,38.08677673339844,2.981009,1.0888142210407707,0.2500312539067383,RED
2001-04-30,38.93034744262695,3.177971,1.1067776512533956,0.0,RED
2001-05-01,40.533111572265625,3.569301,1.1068074956521503,0.25003125390673836,RED
2001-05-02,41.31763458251953,3.775233,1.122753044850421,0.0,RED
2001-05-03,39.47867584228516,3.269765,1.1227815381044537,0.2500312539067383,RED
2001-05-04,40.65964889526367,3.56203,1.1478467724397938,0.0,RED
2001-05-07,39.81610107421875,3.33906,1.147869070962358,0.25003125390673836,RED
2001-05-08,40.65964889526367,3.550101,1.165979828782339,0.0,RED
2001-05-09,39.26775741577149,3.184243,1.1660001663930988,0.25003125390673836,RED
2001-05-10,38.60980224609375,3.023045,1.1512291012641453,0.0,RED
2001-05-11,38.42421340942383,2.978359,1.1512505519234586,0.25003125390673836,RED
2001-05-14,37.80841064453125,2.834101,1.1372976206544836,0.0,RED
2001-05-15,38.08677673339844,2.895707,1.1373183604791128,0.25003125390673836,RED
2001-05-16,39.77389907836914,3.279518,1.1749682813236102,0.0,RED
2001-05-17,40.40658187866211,3.434886,1.174983647531707,0.25003125390673836,RED
2001-05-18,40.52467727661133,3.463808,1.1774308810542613,0.0,RED
2001-05-21,43.06380081176758,4.113682,1.1774476809950611,0.25003125390673836,RED
2001-05-22,42.93724822998047,4.075967,1.174726776437981,0.0,RED
2001-05-23,41.03925323486328,3.534011,1.1747458683093188,0.2500312539067383,RED
2001-05-24,42.09369659423828,3.805159,1.1972481954430934,0.0,RED
2001-05-25,41.3260612487793,3.59564,1.1972695534911924,0.25003125390673836,RED
2001-05-29,38.9050407409668,2.962429,1.1445554931470987,0.0,RED
2001-05-30,37.47942733764648,2.635719,1.1445759111952258,0.25003125390673836,RED
2001-05-31,37.73250198364258,2.688187,1.1502491039685743,0.0,RED
2001-06-01,38.845985412597656,2.92523,1.1504106865790573,0.0,RED
2001-06-04,38.660400390625,2.882268,1.1505722918880497,0.0,RED
2001-06-05,40.36439514160156,3.262376,1.1507362027780943,0.0,RED
2001-06-06,40.05228805541992,3.185559,1.1507535349988,0.25003125390673836,RED
2001-06-07,41.08143997192383,3.430009,1.172798607488527,0.0,RED
2001-06-08,39.94262313842773,3.143561,1.1728158066722976,0.25003125390673836,RED
2001-06-11,38.845985412597656,2.883544,1.1485493745154791,0.0,RED
2001-06-12,38.63509750366211,2.835587,1.1487093510350663,0.0,RED
2001-06-13,37.58063888549805,2.602438,1.1488675264906598,0.0,RED
2001-06-14,35.64046096801758,2.198478,1.1490252678273853,0.0,RED
2001-06-15,35.93570709228516,2.252364,1.149182118898301,0.0,RED
2001-06-18,35.45486831665039,2.161186,1.1493385353564174,0.0,RED
2001-06-19,35.2777214050293,2.128057,1.149493604845696,0.0,RED
2001-06-20,36.07910537719727,2.272359,1.1496491514048701,0.0,RED
2001-06-21,36.56836318969727,2.364028,1.14980471901221,0.0,RED
2001-06-22,36.48402404785156,2.346877,1.149960763941843,0.0,RED
2001-06-25,36.576805114746094,2.363993,1.1501140920389148,0.0,RED
2001-06-26,36.70335006713867,2.387725,1.1502674405797322,0.0,RED
2001-06-27,36.93954849243164,2.433011,1.1504230918523952,0.0,RED
2001-06-28,37.41191864013672,2.525494,1.1505787641873937,0.0,RED
2001-06-29,38.55075073242188,2.755236,1.1507408496857272,0.0,RED
2001-07-02,38.339839935302734,2.709044,1.150903414660292,0.0,RED
2001-07-03,38.500125885009766,2.742065,1.1510660026003845,0.0,RED
2001-07-05,36.65271759033203,2.34637,1.1512290702810368,0.0,RED
2001-07-06,35.13431930541992,2.053945,1.1513917042264465,0.0,RED
2001-07-09,35.43800354003906,2.106484,1.1515525335429908,0.0,RED
2001-07-10,34.16423416137695,1.878604,1.1517147562191483,0.0,RED
2001-07-11,34.58600234985352,1.947529,1.1518760876896446,0.0,RED
2001-07-12,36.77927017211914,2.317358,1.1520356133863519,0.0,RED
2001-07-13,36.399662017822266,2.244796,1.152196075489209,0.0,RED
2001-07-16,35.72481918334961,2.119155,1.1523570171623736,0.0,RED
2001-07-17,36.52620315551758,2.261029,1.1525188958844688,0.0,RED
2001-07-18,35.13431930541992,2.001775,1.1526794253016737,0.0,RED
2001-07-19,35.96944046020508,2.143831,1.152836775194094,0.0,RED
2001-07-20,35.13431930541992,1.993773,1.1529946040404984,0.0,RED
2001-07-23,34.25701904296875,1.843735,1.1531519969573187,0.0,RED
2001-07-24,33.86899948120117,1.780448,1.1533103265586466,0.0,RED
2001-07-25,34.16423416137695,1.826396,1.1534691355612718,0.0,RED
2001-07-26,34.67036437988281,1.906937,1.1536275087062338,0.0,RED
2001-07-27,35.38739776611328,2.024595,1.1537868191725948,0.0,RED
2001-07-30,35.17649841308594,1.987699,1.1539452359360214,0.0,RED
2001-07-31,35.22710037231445,1.995597,1.1541041323646608,0.0,RED
2001-08-01,36.35747528076172,2.18702,1.1542616767409057,0.0,RED
2001-08-02,37.04075241088867,2.309577,1.1544187845832976,0.0,RED
2001-08-03,36.42497253417969,2.193602,1.1545759138098128,0.0,RED
2001-08-06,35.85135269165039,2.089218,1.154733064423362,0.0,RED
2001-08-07,35.6657600402832,2.05606,1.1548902364268563,0.0,RED
2001-08-08,34.16423416137695,1.795682,1.155046971533868,0.0,RED
2001-08-09,34.30763626098633,1.817689,1.1552028112090018,0.0,RED
2001-08-10,33.9786491394043,1.764788,1.1553572966590642,0.0,RED
2001-08-13,34.67036437988281,1.871976,1.1555108858191285,0.0,RED
2001-08-14,34.24858474731445,1.803028,1.155664495396799,0.0,RED
2001-08-15,32.983245849609375,1.602582,1.1558181253947897,0.0,RED
2001-08-16,33.371280670166016,1.658611,1.1559713171582664,0.0,RED
2001-08-17,31.85287475585937,1.431661,1.1561231530707128,0.0,RED
2001-08-20,32.2915153503418,1.490327,1.1562740913695024,0.0,RED
2001-08-21,30.950252532958984,1.304126,1.156427343566563,0.0,RED
2001-08-22,31.793825149536133,1.410329,1.1565787804784133,0.0,RED
2001-08-23,31.48170280456543,1.368325,1.1567302372212875,0.0,RED
2001-08-24,33.15193557739258,1.585654,1.1568821728172802,0.0,RED
2001-08-27,33.194129943847656,1.591177,1.1570350465294714,0.0,RED
2001-08-28,32.15655899047852,1.441436,1.1571888587237384,0.0,RED
2001-08-29,31.68414688110352,1.377427,1.1573417729622806,0.0,RED
2001-08-30,30.511592864990234,1.224047,1.1574947074073465,0.0,RED
2001-08-31,30.899639129638672,1.270345,1.157645365447314,0.0,RED
2001-09-04,29.92111587524414,1.149231,1.1577960430967404,0.0,RED
2001-09-05,29.80303001403809,1.135242,1.1579504158976668,0.0,RED
2001-09-06,28.596717834472656,0.997018,1.1581029712668525,0.0,RED
2001-09-07,28.42801284790039,0.979051,1.158253248913438,0.0,RED
2001-09-10,28.765438079833984,1.013599,1.158399409445536,0.0,RED
2001-09-17,26.3190975189209,0.754716,1.1585455884217015,0.0,RED
2001-09-18,25.72861862182617,0.703719,1.1586655806385366,0.0,RED
2001-09-19,25.281530380249023,0.66685,1.1587782286832913,0.0,RED
2001-09-20,24.43797492980957,0.599936,1.1588890483511716,0.0,RED
2001-09-21,23.779985427856445,0.55133,1.1589906810829598,0.0,RED
2001-09-24,24.977842330932617,0.634505,1.1590918628112792,0.0,RED
2001-09-25,25.05376434326172,0.640129,1.1591985728527214,0.0,RED
2001-09-26,24.18489646911621,0.573367,1.1593062127162523,0.0,RED
2001-09-27,24.02462577819824,0.561822,1.159413862574913,0.0,RED
2001-09-28,24.44639205932617,0.59127,1.1595210623452046,0.0,RED
2001-10-01,24.235515594482425,0.57582,1.1596268916463197,0.0,RED
2001-10-02,24.31142807006836,0.581087,1.1597327306064582,0.0,RED
2001-10-03,26.1503849029541,0.712809,1.1598371985936151,0.0,RED
2001-10-04,26.40346336364746,0.733332,1.159937533719423,0.0,RED
2001-10-05,26.791505813598636,0.765489,1.1600374172327828,0.0,RED
2001-10-08,26.875864028930664,0.772536,1.1601363886834843,0.0,RED
2001-10-09,26.226316452026367,0.716336,1.160235368578179,0.0,RED
2001-10-10,27.41572380065918,0.813624,1.1603352777384301,0.0,RED
2001-10-11,29.27159309387207,0.978655,1.1604356559520383,0.0,RED
2001-10-12,29.14504814147949,0.965724,1.160537884808761,0.0,RED
2001-10-15,29.018510818481445,0.952909,1.160638741079957,0.0,RED
2001-10-16,29.490894317626957,0.999216,1.1605954346911158,0.25003125390673836,RED
2001-10-17,27.373558044433597,0.783755,1.097983599411212,0.0,RED
2001-10-18,28.115890502929688,0.84733,1.0980781480022632,0.0,RED
2001-10-19,28.301485061645508,0.863906,1.0981718332452364,0.0,RED
2001-10-22,29.06068420410156,0.93322,1.098265526481197,0.0,RED
2001-10-23,29.2125301361084,0.947625,1.0982232401016438,0.25003125390673836,RED
2001-10-24,29.84518241882324,1.008968,1.1159224841378423,0.0,RED
2001-10-25,31.04304313659668,1.130217,1.1158768612804688,0.25003125390673836,RED
2001-10-26,30.37663459777832,1.057162,1.0977818410605096,0.0,RED
2001-10-29,28.71481132507324,0.883412,1.0977360887110839,0.25003125390673836,RED
2001-10-30,28.1580753326416,0.831827,1.0816471615802474,0.0,RED
2001-10-31,28.596717834472656,0.870511,1.0815973607962455,0.25003125390673836,RED
2001-11-01,29.81146049499512,0.981246,1.1159106039168636,0.0,RED
2001-11-02,30.030771255493164,1.002681,1.1158601111203699,0.25003125390673836,RED
2001-11-05,31.009300231933597,1.10047,1.1429819341482506,0.0,RED
2001-11-06,32.21559143066406,1.228662,1.1429284023978974,0.25003125390673836,RED
2001-11-07,32.17341613769531,1.22358,1.1416660207491498,0.0,RED
2001-11-08,31.84443664550781,1.185785,1.1416030379338222,0.25003125390673836,RED
2001-11-09,31.82755279541016,1.183647,1.1410074225070037,0.0,RED
2001-11-12,32.055320739746094,1.208808,1.1409462869196445,0.25003125390673836,RED
2001-11-13,33.20256805419922,1.338339,1.1714181101340697,0.0,RED
2001-11-14,33.438777923583984,1.366615,1.171208907408292,0.5001250312578145,RED
2001-11-15,33.30379867553711,1.349767,1.1637410946424953,0.0,RED
2001-11-16,33.21100616455078,1.338189,1.163536494757865,0.5001250312578145,RED
2001-11-19,34.155784606933594,1.452099,1.2127983467281906,0.0,RED
2001-11-20,32.578311920166016,1.250586,1.2125865654252648,0.5001250312578145,RED
2001-11-21,32.409603118896484,1.23088,1.2027778195268988,0.0,RED
2001-11-23,33.13507080078125,1.313264,1.202718623824535,0.25003125390673836,RED
2001-11-26,33.95333480834961,1.410263,1.2248375196527181,0.0,RED
2001-11-27,33.911163330078125,1.404702,1.2246255797494716,0.5001250312578144,RED
2001-11-28,32.68798828125,1.252398,1.1579914723106848,0.0,RED
2001-11-29,33.70027542114258,1.368489,1.1577860456593896,0.5001250312578145,RED
2001-11-30,33.447200775146484,1.337376,1.1443789352562348,0.0,RED
2001-12-03,32.873573303222656,1.268289,1.1441713834047986,0.5001250312578145,RED
2001-12-04,34.44260787963867,1.449633,1.2257029395030883,0.0,RED
2001-12-05,36.146583557128906,1.664486,1.22578611220441,0.0,GREEN
2001-12-06,36.19720458984375,1.671137,1.2258702633947867,0.0,GREEN
2001-12-07,35.201805114746094,1.532937,1.2259534474502298,0.0,GREEN
2001-12-10,34.58600234985352,1.452177,1.22603371821051,0.0,GREEN
2001-12-11,34.7800178527832,1.476329,1.2261154537891723,0.0,GREEN
2001-12-12,35.05838394165039,1.511482,1.2261937889438606,0.0,GREEN
2001-12-13,33.539974212646484,1.314787,1.2262735888564131,0.0,RED
2001-12-14,33.835227966308594,1.349243,1.2260477786025736,0.5001250312578145,RED
2001-12-17,34.417274475097656,1.418597,1.2572849183594097,0.0,RED
2001-12-18,34.80533599853516,1.466294,1.2573702341236301,0.0,GREEN
2001-12-19,34.17267227172852,1.386039,1.2574540588032879,0.0,GREEN
2001-12-20,32.72173309326172,1.209212,1.2575373900820275,0.0,RED
2001-12-21,33.30379867553711,1.273499,1.2573048250087697,0.5001250312578144,RED
2001-12-24,33.168827056884766,1.257756,1.2492623606419242,0.0,RED
2001-12-26,33.480934143066406,1.293003,1.2490338040060336,0.5001250312578144,RED
2001-12-27,33.750877380371094,1.324014,1.2637383172438685,0.0,RED
2001-12-28,34.02082061767578,1.355514,1.2635076135419694,0.5001250312578144,RED
2001-12-31,32.82296371459961,1.212059,1.1966740513071552,0.4721721135992494,GREEN
2002-01-02,33.835227966308594,1.323952,1.2488780456374418,0.49420217933746036,GREEN
2002-01-03,35.00778579711914,1.461326,1.312961494769222,0.518856867018509,GREEN
2002-01-04,35.15119552612305,1.478989,1.3212379750550651,0.5218387720326744,GREEN
2002-01-07,34.76313781738281,1.429709,1.2983068052653168,0.513360873040737,GREEN
2002-01-08,34.99936294555664,1.458568,1.3118018760395707,0.5183354126831599,GREEN
2002-01-09,34.678794860839844,1.418198,1.2930236120489742,0.5113083207386395,GREEN
2002-01-10,34.90654373168945,1.445855,1.3059580907159931,0.5161167433084238,GREEN
2002-01-11,34.45945739746094,1.390016,1.2799685134863825,0.5062592369811054,GREEN
2002-01-14,33.70870590209961,1.298899,1.237531581301765,0.4892958575743678,RED
2002-01-15,34.02925109863281,1.335703,1.254416107827458,0.0,RED
2002-01-16,32.71331024169922,1.180485,1.2544937621550944,0.0,RED
2002-01-17,33.447200775146484,1.259702,1.25425827613057,0.5001250312578145,RED
2002-01-18,32.55302047729492,1.158426,1.2035778778307797,0.0,RED
2002-01-22,31.54917907714844,1.051027,1.2033524269202647,0.5001250312578144,RED
2002-01-23,32.41804885864258,1.137651,1.2526674717099415,0.0,RED
2002-01-24,32.848262786865234,1.182714,1.252437298160877,0.5001250312578144,RED
2002-01-25,32.75547409057617,1.172452,1.2467334758194308,0.0,RED
2002-01-28,32.941043853759766,1.19214,1.2465048872340452,0.5001250312578144,RED
2002-01-29,32.03845977783203,1.093902,1.1948888505712096,0.0,RED
2002-01-30,32.2830924987793,1.118737,1.1946707157901213,0.5001250312578145,RED
2002-01-31,32.48554611206055,1.139555,1.2055247489157486,0.0,RED
2002-02-01,32.17341613769531,1.106473,1.2053056290073678,0.5001250312578145,RED
2002-02-04,31.144262313842773,1.000065,1.1471033044221073,0.0,RED
2002-02-05,30.629697799682617,0.95029,1.1471815987759337,0.0,RED
2002-02-06,30.41881561279297,0.930468,1.1472598984736604,0.0,RED
2002-02-07,29.68490982055664,0.862931,1.1473372929927916,0.0,RED
2002-02-08,30.511592864990234,0.934851,1.1474142374408396,0.0,RED
2002-02-11,30.899639129638672,0.970328,1.1474902763982715,0.0,RED
2002-02-12,30.646577835083008,0.946289,1.1475676864587712,0.0,RED
2002-02-13,31.169588088989254,0.994542,1.1476455571249464,0.0,RED
2002-02-14,31.11055564880371,0.988687,1.1474365022169342,0.5001250312578144,RED
2002-02-15,30.18261337280273,0.900016,1.0957470860535392,0.0,RED
2002-02-19,29.25470352172852,0.816824,1.095821005501894,0.0,RED
2002-02-20,29.65117835998535,0.849866,1.0958949299368783,0.0,RED
2002-02-21,28.242429733276367,0.728557,1.09596972911588,0.0,RED
2002-02-22,28.385820388793945,0.739504,1.0960445334002227,0.0,RED
2002-02-25,29.5330810546875,0.829016,1.0961193427902547,0.0,RED
2002-02-26,29.42340660095215,0.819609,1.096194592253903,0.0,RED
2002-02-27,29.018510818481445,0.785604,1.0962698468834866,0.0,RED
2002-02-28,28.495506286621094,0.742965,1.0963451066793604,0.0,RED
2002-03-01,30.14889335632324,0.872137,1.0964199365847118,0.0,RED
2002-03-04,31.338314056396484,0.975176,1.0964960768580858,0.0,RED
2002-03-05,31.56605529785156,0.996233,1.096298079363374,0.5001250312578144,RED
2002-03-06,31.71791648864746,1.010405,1.1038577850569529,0.0,RED
2002-03-07,31.785369873046875,1.016641,1.1036580203082438,0.5001250312578145,RED
2002-03-08,32.62052536010742,1.096564,1.1467914120814404,0.0,RED
2002-03-11,32.502403259277344,1.084419,1.1468719605249924,0.0,GREEN
2002-03-12,32.055320739746094,1.039439,1.1469534248410873,0.0,RED
2002-03-13,31.279239654541016,0.963723,1.1467485912460278,0.5001250312578144,RED
2002-03-14,31.093679428100582,0.946366,1.1361784537481945,0.0,RED
2002-03-15,31.40578269958496,0.974661,1.1362600602139195,0.0,RED
2002-03-18,31.58292388916016,0.990945,1.1360580379119947,0.5001250312578145,RED
2002-03-19,31.53232192993164,0.985972,1.132965058593547,0.0,RED
2002-03-20,30.41881561279297,0.881308,1.1327627231708504,0.5001250312578145,RED
2002-03-21,31.22862243652344,0.951507,1.1776229370623503,0.0,RED
2002-03-22,30.94182777404785,0.92509,1.1777075202944414,0.0,RED
2002-03-25,29.99703025817871,0.840153,1.1777916422579484,0.0,RED
2002-03-26,30.2754020690918,0.863365,1.1778748354757866,0.0,RED
2002-03-27,30.03921127319336,0.842977,1.1779585019801744,0.0,RED
2002-03-28,30.41881561279297,0.87476,1.1780417069841356,0.0,RED
2002-04-01,31.00087547302246,0.924792,1.1781230479595874,0.0,RED
2002-04-02,29.600547790527344,0.799278,1.1782053295688404,0.0,RED
2002-04-03,29.549938201904297,0.795012,1.1782876169247454,0.0,RED
2002-04-04,29.322189331054688,0.776465,1.1783694424536986,0.0,RED
2002-04-05,28.99318504333496,0.750169,1.1784508060585044,0.0,RED
2002-04-08,29.35593605041504,0.778172,1.1785312400037478,0.0,RED
2002-04-09,28.335208892822266,0.696841,1.1786112117682463,0.0,RED
2002-04-10,28.54610061645508,0.712259,1.178690253554569,0.0,RED
2002-04-11,27.837520599365234,0.659076,1.178768365168571,0.0,RED
2002-04-12,28.27616310119629,0.690098,1.1788464819590172,0.0,RED
2002-04-15,28.50392723083496,0.706635,1.1789246039262504,0.0,RED
2002-04-16,29.693347930908203,0.794951,1.179002731070614,0.0,RED
2002-04-17,29.5415153503418,0.782594,1.1790822669713694,0.0,RED
2002-04-18,28.97631072998047,0.737517,1.1791613403483,0.0,RED
2002-04-19,29.06910514831543,0.744452,1.1792394831811481,0.0,RED
2002-04-22,28.335208892822266,0.687916,1.1793190350532765,0.0,RED
2002-04-23,27.84595489501953,0.652142,1.1793976563198254,0.0,RED
2002-04-24,27.41572380065918,0.621782,1.1794772188623643,0.0,RED
2002-04-25,27.34824562072754,0.617064,1.1795558506745,0.0,RED
2002-04-26,26.18414306640625,0.53814,1.1796354238888807,0.0,RED
2002-04-29,26.25162124633789,0.54219,1.1797150024712957,0.0,RED
2002-04-30,26.766197204589844,0.573961,1.1797955227029624,0.0,RED
2002-05-01,26.622787475585938,0.564617,1.1798765166028347,0.0,RED
2002-05-02,25.737037658691406,0.508145,1.179957047858482,0.0,RED
2002-05-03,25.08751106262207,0.469569,1.1800380528471843,0.0,RED
2002-05-06,24.43797492980957,0.432999,1.1801185951283215,0.0,RED
2002-05-07,24.21019744873047,0.420803,1.1801996112073723,0.0,RED
2002-05-08,26.79993057250977,0.555754,1.1802796961827764,0.0,RED
2002-05-09,26.108211517333984,0.512606,1.1803607233215425,0.0,RED
2002-05-10,24.9356689453125,0.443435,1.1804417560228861,0.0,RED
2002-05-13,25.947946548461918,0.497348,1.180522794287189,0.0,RED
2002-05-14,27.47478675842285,0.58504,1.1806038381148332,0.0,RED
2002-05-15,27.67724609375,0.597853,1.1806853559993402,0.0,RED
2002-05-16,27.719409942626957,0.600461,1.180766410986975,0.0,RED
2002-05-17,27.778465270996094,0.604175,1.180847940096752,0.0,RED
2002-05-20,27.17110061645508,0.564421,1.1809285376559087,0.0,RED
2002-05-21,26.42877578735352,0.518045,1.1810086720941801,0.0,RED
2002-05-22,26.487817764282227,0.521411,1.1810883901783844,0.0,RED
2002-05-23,27.019258499145508,0.552689,1.1811679261716252,0.0,RED
2002-05-24,26.352855682373047,0.511681,1.1812477956216925,0.0,RED
2002-05-28,26.2347469329834,0.504696,1.1813278110981769,0.0,RED
2002-05-29,25.54303359985352,0.464671,1.1814085351654027,0.0,RED
2002-05-30,25.762361526489254,0.476545,1.1814890303425414,0.0,RED
2002-05-31,25.340574264526367,0.453041,1.1815693434686858,0.0,RED
2002-06-03,24.44639205932617,0.404989,1.1816492869520716,0.0,RED
2002-06-04,24.76695251464844,0.420838,1.181729704752332,0.0,RED
2002-06-05,25.0200252532959,0.433652,1.181810128025471,0.0,RED
2002-06-06,24.362049102783203,0.399351,1.181890697464526,0.0,RED
2002-06-07,23.87277603149414,0.375208,1.1819706626903157,0.0,RED
2002-06-10,23.830596923828125,0.373142,1.1820507271324387,0.0,RED
2002-06-11,23.16419219970703,0.341761,1.1821309846226586,0.0,RED
2002-06-12,23.501611709594727,0.356626,1.1822113882929703,0.0,RED
2002-06-13,23.34976577758789,0.349641,1.1822912344758594,0.0,RED
2002-06-14,23.299156188964844,0.347297,1.1823702884704008,0.0,RED
2002-06-17,24.092103958129883,0.382685,1.1824488785567822,0.0,RED
2002-06-18,24.48014259338379,0.401098,1.1825281777104495,0.0,RED
2002-06-19,23.06295585632324,0.331357,1.18260757603243,0.0,RED
2002-06-20,22.32063102722168,0.299294,1.1826859472467641,0.0,RED
2002-06-21,21.780738830566406,0.277515,1.1827652622990863,0.0,RED
2002-06-24,22.21096420288086,0.293903,1.1828440194450607,0.0,RED
2002-06-25,21.477052688598636,0.264709,1.182923438973558,0.0,RED
2002-06-26,21.637348175048828,0.270583,1.183002769952905,0.0,RED
2002-06-27,22.1097354888916,0.288251,1.183080791799481,0.0,RED
2002-06-28,22.01694679260254,0.284564,1.1831587248976911,0.0,RED
2002-07-01,20.962495803833008,0.24362,1.1832366161822492,0.0,RED
2002-07-02,20.20329093933105,0.217101,1.1833153577639755,0.0,RED
2002-07-03,20.878137588500977,0.238813,1.1833943393703361,0.0,RED
2002-07-05,22.21940803527832,0.28479,1.1834733262484056,0.0,RED
2002-07-08,21.40958404541016,0.253593,1.1835524592836046,0.0,RED
2002-07-09,20.80221176147461,0.231959,1.183631832447252,0.0,RED
2002-07-10,20.161109924316406,0.210466,1.1837108821431548,0.0,RED
2002-07-11,20.92030906677246,0.234199,1.183790125012245,0.0,RED
2002-07-12,20.92030906677246,0.234152,1.183869138307436,0.0,RED
2002-07-15,21.569862365722656,0.255915,1.1839476870875587,0.0,RED
2002-07-16,21.249303817749023,0.244453,1.184026382020869,0.0,RED
2002-07-17,21.637348175048828,0.257796,1.184105082184894,0.0,RED
2002-07-18,20.861270904541016,0.230004,1.184184492409364,0.0,RED
2002-07-19,20.23702812194824,0.20931,1.1842639079593613,0.0,RED
2002-07-22,19.739337921142575,0.193825,1.1843424829321378,0.0,RED
2002-07-23,18.895761489868164,0.168936,1.184420969118474,0.0,RED
2002-07-24,19.9249267578125,0.196506,1.184499084498658,0.0,RED
2002-07-25,18.76923942565918,0.162273,1.184576311959124,0.0,RED
2002-07-26,19.123519897460938,0.171429,1.1846543435717554,0.0,RED
2002-07-29,20.102069854736328,0.197711,1.1847317691928174,0.0,RED
2002-07-30,20.50697135925293,0.209618,1.1848106102734193,0.0,RED
2002-07-31,20.11893653869629,0.197676,1.1848896916819538,0.0,RED
2002-08-01,19.17413902282715,0.169788,1.1849679790347891,0.0,RED
2002-08-02,18.76923942565918,0.158998,1.1850451900416985,0.0,RED
2002-08-05,18.08595085144043,0.141602,1.1851200548016823,0.0,RED
2002-08-06,18.980121612548828,0.162577,1.185195394576505,0.0,RED
2002-08-07,19.233198165893555,0.169049,1.1852712094559692,0.0,RED
2002-08-08,19.88273811340332,0.186143,1.1853444893173595,0.0,RED
2002-08-09,19.680274963378903,0.18042,1.1854187144580035,0.0,RED
2002-08-12,19.739337921142575,0.182009,1.1854928031299001,0.0,RED
2002-08-13,19.064483642578125,0.163305,1.1855696249460403,0.0,RED
2002-08-14,20.279205322265625,0.194489,1.1856447580688352,0.0,RED
2002-08-15,20.692554473876957,0.206344,1.1857201311997942,0.0,RED
2002-08-16,20.83595848083496,0.210594,1.185794568075505,0.0,RED
2002-08-19,21.34209251403809,0.225899,1.1858691507912047,0.0,RED
2002-08-20,21.249303817749023,0.222908,1.185797377325545,0.2500312539067383,RED
2002-08-21,21.721698760986328,0.237731,1.205410695990621,0.0,RED
2002-08-22,22.06757164001465,0.24904,1.20533630496179,0.25003125390673836,RED
2002-08-23,21.215559005737305,0.220145,1.1702940724723392,0.0,RED
2002-08-26,21.299917221069336,0.222728,1.170222870195444,0.2500312539067383,RED
2002-08-27,20.557579040527344,0.199396,1.1394978185,0.0,RED
2002-08-28,19.806804656982425,0.17751,1.13942962022072,0.2500312539067383,RED
2002-08-29,20.06831741333008,0.184506,1.150565235460111,0.0,RED
2002-08-30,19.81525039672852,0.177489,1.150640113514464,0.0,RED
2002-09-03,19.098228454589844,0.158186,1.1507152247432253,0.0,RED
2002-09-04,19.17413902282715,0.160042,1.1507885143447196,0.0,RED
2002-09-05,18.701744079589844,0.148182,1.1508612149527997,0.0,RED
2002-09-06,19.275375366210938,0.161788,1.1509332351179278,0.0,RED
2002-09-09,19.469392776489254,0.166641,1.1510073150259919,0.0,RED
2002-09-10,19.950218200683597,0.178954,1.1510820848249634,0.0,RED
2002-09-11,19.781513214111328,0.174378,1.1511565854173702,0.0,RED
2002-09-12,19.241626739501957,0.160066,1.1512321871680025,0.0,RED
2002-09-13,19.39347076416016,0.163823,1.15130765683134,0.0,RED
2002-09-16,19.11509132385254,0.156735,1.151383040069686,0.0,RED
2002-09-17,18.710187911987305,0.146744,1.1514587480710674,0.0,RED
2002-09-18,18.49929428100586,0.141752,1.15153446105055,0.0,RED
2002-09-19,18.204042434692383,0.134937,1.1516094935719359,0.0,RED
2002-09-20,18.27997398376465,0.136599,1.1516833885136992,0.0,RED
2002-09-23,17.731647491455078,0.12428,1.1517570596886637,0.0,RED
2002-09-24,17.740089416503906,0.124433,1.1518309640992528,0.0,RED
2002-09-25,18.448686599731445,0.139319,1.1519047361283488,0.0,RED
2002-09-26,18.220932006835938,0.134131,1.1519788785671516,0.0,RED
2002-09-27,17.97628402709961,0.128702,1.1520527972111185,0.0,RED
2002-09-30,17.478591918945312,0.117988,1.1521258062714534,0.0,RED
2002-10-01,18.54147720336914,0.13949,1.152195619606733,0.0,RED
2002-10-02,17.925676345825195,0.125565,1.1522665802279382,0.0,RED
2002-10-03,17.495458602905273,0.1165,1.152336996517208,0.0,RED
2002-10-04,17.16646385192871,0.109906,1.1524069598335454,0.0,RED
2002-10-07,17.006183624267578,0.106806,1.1524786194264949,0.0,RED
2002-10-08,17.039936065673828,0.107421,1.152550969473944,0.0,RED
2002-10-09,16.92184066772461,0.105167,1.1526228667023086,0.0,RED
2002-10-10,17.782268524169922,0.121189,1.1526927558982223,0.0,RED
2002-10-11,18.74393081665039,0.140827,1.152763106749186,0.0,RED
2002-10-14,18.9632568359375,0.145744,1.1528338278510684,0.0,RED
2002-10-15,19.87429428100586,0.166721,1.152904507542122,0.0,RED
2002-10-16,19.2163200378418,0.150129,1.152978851582787,0.0,RED
2002-10-17,19.86586570739746,0.165323,1.1530529716520357,0.0,RED
2002-10-18,20.08517837524414,0.170765,1.1529832758501444,0.25003125390673836,RED
2002-10-21,20.490100860595703,0.181059,1.1702645582291273,0.0,RED
2002-10-22,20.36356735229492,0.177668,1.1701954472428457,0.25003125390673836,RED
2002-10-23,20.75160026550293,0.187789,1.186765890959469,0.0,RED
2002-10-24,20.22860145568848,0.173554,1.1866948637136439,0.25003125390673836,RED
2002-10-25,20.83595848083496,0.189152,1.2132570591155518,0.0,RED
2002-10-28,20.65881729125977,0.184291,1.2131825208264824,0.25003125390673836,RED
2002-10-29,20.177976608276367,0.171389,1.1918614760339183,0.0,RED
2002-10-30,20.71785926818848,0.185114,1.191782104492018,0.2500312539067383,RED
2002-10-31,20.709423065185547,0.184854,1.1912668610320505,0.0,RED
2002-11-01,21.299917221069336,0.200633,1.191184929428581,0.25003125390673836,RED
2002-11-04,21.84823226928711,0.216091,1.2140209847580434,0.0,RED
2002-11-05,22.01694679260254,0.221058,1.2137852454018416,0.5001250312578145,RED
2002-11-06,22.32906913757324,0.230423,1.239219551930292,0.0,RED
2002-11-07,21.5445499420166,0.206098,1.2389690868869896,0.5001250312578145,RED
2002-11-08,21.148080825805664,0.194686,1.2043952913572125,0.0,RED
2002-11-11,20.50697135925293,0.176948,1.2041513870097944,0.5001250312578145,RED
2002-11-12,21.02998161315918,0.190458,1.2498359182494223,0.0,RED
2002-11-13,21.28305053710937,0.197302,1.2495824645471627,0.5001250312578145,RED
2002-11-14,22.01694679260254,0.217681,1.3138169373639235,0.0,RED
2002-11-15,22.303747177124023,0.226152,1.313550561096383,0.5001250312578145,RED
2002-11-18,21.974760055541992,0.216107,1.2840885683396062,0.0,RED
2002-11-19,21.637348175048828,0.206117,1.283828779872866,0.5001250312578145,RED
2002-11-20,22.55682373046875,0.23236,1.3652467218679853,0.0,RED
2002-11-21,23.39194869995117,0.25813,1.3649701890305044,0.5001250312578145,RED
2002-11-22,23.383520126342773,0.257808,1.3641510313293554,0.49980110351353724,GREEN
2002-11-25,23.611276626586918,0.265299,1.3839943182380434,0.5069493638301291,GREEN
2002-11-26,22.818328857421875,0.238526,1.3132224556095982,0.48035321467676106,RED
2002-11-27,23.54378700256348,0.261237,1.37297153390605,0.0,RED
2002-11-29,23.383520126342773,0.255859,1.3730372948848195,0.0,GREEN
2002-12-02,23.619705200195312,0.26357,1.3731027865855565,0.0,GREEN
2002-12-03,22.919553756713867,0.240088,1.3731684448759043,0.0,GREEN
2002-12-04,22.413423538208008,0.224143,1.3732338338520682,0.0,RED
2002-12-05,22.10130882263184,0.214742,1.3729557376950159,0.5001250312578145,RED
2002-12-06,22.32906913757324,0.221346,1.393750840416888,0.0,RED
2002-12-09,21.27461242675781,0.189951,1.3934678152067264,0.5001250312578144,RED
2002-12-10,21.59515953063965,0.198506,1.4245240544407776,0.0,RED
2002-12-11,21.696399688720703,0.201266,1.4242352888323082,0.5001250312578144,RED
2002-12-12,21.81448745727539,0.204519,1.435419393028741,0.0,RED
2002-12-13,21.12277603149414,0.18503,1.435128020190628,0.5001250312578144,RED
2002-12-16,21.806053161621094,0.202956,1.5043042954354267,0.0,RED
2002-12-17,21.873537063598636,0.204807,1.5039999543517528,0.5001250312578145,RED
2002-12-18,21.40958404541016,0.191741,1.4556963414861321,0.0,RED
2002-12-19,21.139636993408203,0.184457,1.4554006794236591,0.5001250312578145,RED
2002-12-20,21.35896873474121,0.190169,1.4775994641246348,0.0,RED
2002-12-23,21.65421867370605,0.198024,1.4772990602845262,0.5001250312578145,RED
2002-12-24,21.384279251098636,0.190586,1.4492261408512186,0.0,RED
2002-12-26,21.32522392272949,0.188977,1.4489308155188514,0.5001250312578144,RED
2002-12-27,20.93719291687012,0.178631,1.4089490069967037,0.0,RED
2002-12-30,20.77690696716309,0.174499,1.408660212495757,0.5001250312578145,RED
2002-12-31,20.557579040527344,0.168945,1.3859285147337301,0.0,RED
2003-01-02,21.42645072937012,0.190338,1.3856470230026403,0.5001250312578145,RED
2003-01-03,21.662647247314453,0.196602,1.408128267432243,0.0,RED
2003-01-06,22.20252990722656,0.211269,1.4078428254176414,0.5001250312578145,RED
2003-01-07,22.48090171813965,0.219181,1.4342442032952922,0.5093036487485234,GREEN
2003-01-08,21.84823226928711,0.200641,1.3724885676935985,0.4872007350664248,GREEN
2003-01-09,22.52308464050293,0.2192,1.434372849149074,0.5093021160988062,GREEN
2003-01-10,22.860506057739254,0.229016,1.4671195639696926,0.5202322884508591,GREEN
2003-01-13,22.72553825378418,0.224923,1.4535115346812266,0.515718097291518,GREEN
2003-01-14,22.8436279296875,0.228393,1.4651087614322087,0.51952913836381,GREEN
2003-01-15,22.55682373046875,0.219753,1.4363469215845541,0.5098852531295759,GREEN
2003-01-16,22.303747177124023,0.212321,1.4116108522766095,0.5012737345460371,GREEN
2003-01-17,21.350536346435547,0.185064,1.320803834671334,0.4669610001711014,RED
2003-01-21,21.11432838439941,0.178892,1.2999684614963705,0.0,RED
2003-01-22,21.02998161315918,0.17672,1.299702881651325,0.5001250312578145,RED
2003-01-23,21.51924514770508,0.189026,1.3446487840137344,0.0,RED
2003-01-24,20.93719291687012,0.173657,1.3447097200795077,0.0,RED
2003-01-27,20.692554473876957,0.167542,1.3444336660204383,0.5001250312578145,RED
2003-01-28,20.903440475463867,0.172638,1.3645691340639425,0.0,RED
2003-01-29,21.215559005737305,0.180343,1.3642902482152688,0.5001250312578145,RED
2003-01-30,20.667245864868164,0.166332,1.3109970878842163,0.0,RED
2003-01-31,20.616640090942383,0.165083,1.3107292549222884,0.5001250312578145,RED
2003-02-03,20.65881729125977,0.16607,1.3143486599014058,0.0,RED
2003-02-04,20.405746459960938,0.15994,1.3144087444089863,0.0,RED
2003-02-05,20.312952041625977,0.157732,1.3144685708681498,0.0,RED
2003-02-06,20.422611236572266,0.160262,1.3145284000503668,0.0,RED
2003-02-07,20.08517837524414,0.152292,1.3145879711368829,0.0,RED
2003-02-10,20.262338638305664,0.156298,1.3146472840923111,0.0,RED
2003-02-11,20.37200355529785,0.15881,1.31470727791554,0.0,RED
2003-02-12,20.09363174438477,0.152275,1.3147673788170862,0.0,RED
2003-02-13,20.19485664367676,0.154551,1.3148273781208282,0.0,RED
2003-02-14,20.65881729125977,0.165179,1.3148872236344697,0.0,RED
2003-02-18,21.299917221069336,0.18053,1.3146185437676758,0.5001250312578145,RED
2003-02-19,21.15652656555176,0.176855,1.3012646512311656,0.4949720473904716,GREEN
2003-02-20,21.072154998779297,0.17471,1.2934829313784235,0.4919104231307753,GREEN
2003-02-21,21.23244285583496,0.178669,1.3079314189728861,0.4975001289668069,GREEN
2003-02-24,20.86969947814941,0.169483,1.2745072889002897,0.4842981194876591,GREEN
2003-02-25,20.8950138092041,0.170072,1.2766829407542515,0.48515300650769616,GREEN
2003-02-26,20.431053161621094,0.158715,1.2353524400332003,0.46790324757936075,RED
2003-02-27,20.8950138092041,0.169502,1.2743598774038858,0.0,RED
2003-02-28,21.2239933013916,0.17748,1.2744196509525902,0.0,GREEN
2003-03-03,20.79378318786621,0.166659,1.2744790732950149,0.0,GREEN
2003-03-04,20.667245864868164,0.163589,1.2745383466893927,0.0,RED
2003-03-05,20.709423065185547,0.164564,1.2745972687975384,0.0,RED
2003-03-06,20.65881729125977,0.163332,1.2746555360987466,0.0,GREEN
2003-03-07,20.700984954833984,0.164306,1.2747135531559994,0.0,GREEN
2003-03-10,20.253910064697266,0.153636,1.2747690436628034,0.0,RED
2003-03-11,20.07675552368164,0.149581,1.2748226648974599,0.0,RED
2003-03-12,20.43949508666992,0.157665,1.2748763895687423,0.0,RED
2003-03-13,21.612035751342773,0.184775,1.2749303694555594,0.0,RED
2003-03-14,21.696399688720703,0.186909,1.274986122362889,0.0,GREEN
2003-03-17,22.43872833251953,0.206065,1.2750419283053538,0.0,GREEN
2003-03-18,22.71709251403809,0.213701,1.2750984450439748,0.0,GREEN
2003-03-19,22.52308464050293,0.208192,1.2751553690817,0.0,GREEN
2003-03-20,22.60743904113769,0.210498,1.2752128016742295,0.0,GREEN
2003-03-21,22.919553756713867,0.219182,1.275270338059567,0.0,GREEN
2003-03-24,21.966331481933597,0.1918,1.275328889159242,0.0,GREEN
2003-03-25,22.27845573425293,0.199945,1.2753873417318806,0.0,GREEN
2003-03-26,22.40498352050781,0.203319,1.2754456451507072,0.0,GREEN
2003-03-27,22.244701385498047,0.198923,1.2755037994010372,0.0,GREEN
2003-03-28,22.00006484985352,0.192329,1.2755610958400054,0.0,GREEN
2003-03-31,21.299917221069336,0.173936,1.2756173318837862,0.0,GREEN
2003-04-01,21.468624114990234,0.178042,1.2755768319589986,0.15001125084381328,GREEN
2003-04-02,22.05911636352539,0.192705,1.2913830228959484,0.1603784091737222,GREEN
2003-04-03,22.33748817443848,0.199971,1.2992395814854159,0.1654191429085507,GREEN
2003-04-04,21.974760055541992,0.190198,1.2887828088260838,0.15861132835137245,GREEN
2003-04-07,22.00850486755371,0.191044,1.2897386073943915,0.15919876454921547,GREEN
2003-04-08,21.983200073242188,0.190355,1.2890468162844935,0.1587097432292264,GREEN
2003-04-09,21.477052688598636,0.177176,1.2749311680932327,0.14935719372479817,GREEN
2003-04-10,21.738569259643555,0.183621,1.2819057105375087,0.15394807289768742,GREEN
2003-04-11,21.51924514770508,0.178033,1.2759480736096653,0.1499600236914751,GREEN
2003-04-14,21.95790100097656,0.188892,1.2876681651174222,0.1576585750337254,GREEN
2003-04-15,22.168785095214844,0.194304,1.2935345188020744,0.16144020834820466,GREEN
2003-04-16,22.118173599243164,0.192942,1.2921206384033979,0.16048398636151792,GREEN
2003-04-17,22.62430953979492,0.206156,1.306371776077131,0.1696044258067911,GREEN
2003-04-21,22.708660125732425,0.208429,1.3088640617080656,0.17114790702568408,GREEN
2003-04-22,23.13888359069824,0.220242,1.3216096925133498,0.17910384853583325,GREEN
2003-04-23,23.307600021362305,0.225024,1.3267987489918858,0.18227696041333497,GREEN
2003-04-24,23.18106460571289,0.221323,1.3228704769457096,0.17981139690046996,GREEN
2003-04-25,22.73396873474121,0.208482,1.3091182049979544,0.17115819313142613,GREEN
2003-04-28,23.18106460571289,0.22075,1.3223513496568335,0.17941627686777667,GREEN
2003-04-29,23.39194869995117,0.226739,1.3288359175556461,0.1833845987726375,GREEN
2003-04-30,23.15575408935547,0.219835,1.3214639339900696,0.17879258928173786,GREEN
2003-05-01,23.358203887939453,0.225567,1.3276718213344707,0.18259665462690036,GREEN
2003-05-02,23.855905532836918,0.239951,1.3431774256863704,0.19199820604635678,GREEN
2003-05-05,23.830596923828125,0.23915,1.3423637513615538,0.19147327247070983,GREEN
2003-05-06,24.13427734375,0.248255,1.3521963934807502,0.1973177805056584,GREEN
2003-05-07,23.86434364318848,0.239887,1.3432493908191567,0.19193671243094143,GREEN
2003-05-08,23.425689697265625,0.226622,1.3290396344004032,0.18326187524122062,GREEN
2003-05-09,23.96556663513184,0.242255,1.3458871824161962,0.19345149177231863,GREEN
2003-05-12,24.32829475402832,0.253217,1.3577152150646774,0.2004435865813592,GREEN
2003-05-13,24.17646026611328,0.248437,1.3526238681220324,0.1974000327836577,GREEN
2003-05-14,24.12584686279297,0.246839,1.3509521664545403,0.19637300999621016,GREEN
2003-05-15,24.395782470703125,0.255087,1.3598613912506319,0.2016051738895644,GREEN
2003-05-16,24.21019744873047,0.249227,1.3536077245525235,0.19788380680944237,GREEN
2003-05-19,23.358203887939453,0.222878,1.325333135005817,0.18073827656430738,GREEN
2003-05-20,23.425689697265625,0.224777,1.327417907349931,0.18199195455370648,GREEN
2003-05-21,23.358203887939453,0.2228,1.325336212803061,0.18067460450991643,GREEN
2003-05-22,23.69563865661621,0.232421,1.3357215111368437,0.18701112211191667,GREEN
2003-05-23,23.704065322875977,0.232634,1.3359956801150439,0.18714409363828444,GREEN
2003-05-27,24.547630310058597,0.257434,1.362694977373941,0.20303702458126757,GREEN
2003-05-28,24.62354278564453,0.259783,1.3652653792180085,0.20450392190379504,GREEN
2003-05-29,24.72477149963379,0.262946,1.3687116649243203,0.20647267805572536,GREEN
2003-05-30,25.12969017028809,0.275824,1.382598644618403,0.21440944681319105,GREEN
2003-06-02,24.952537536621094,0.269948,1.3761851073939306,0.0,GREEN
2003-06-03,25.188739776611328,0.277572,1.3762452881870149,0.0,GREEN
2003-06-04,25.66112899780273,0.293147,1.3763032870975676,0.0,GREEN
2003-06-05,25.84671401977539,0.299463,1.3763591038395406,0.0,GREEN
2003-06-06,25.41649055480957,0.284464,1.3764146497583294,0.0,GREEN
2003-06-09,25.079071044921875,0.273093,1.3764707441145614,0.0,GREEN
2003-06-10,25.45867156982422,0.285454,1.3765257483208042,0.0,GREEN
2003-06-11,25.74548721313477,0.295061,1.3765780235257554,0.0,GREEN
2003-06-12,25.85515022277832,0.29879,1.3766277332891488,0.0,GREEN
2003-06-13,25.273088455200195,0.27857,1.3766764615417284,0.0,GREEN
2003-06-16,26.04916763305664,0.304195,1.3767219683472192,0.0,GREEN
2003-06-17,25.947946548461918,0.300607,1.3767676951847023,0.0,GREEN
2003-06-18,26.08290672302246,0.305256,1.3768150625485678,0.0,GREEN
2003-06-19,25.66112899780273,0.290407,1.3768621583647647,0.0,GREEN
2003-06-20,25.62738609313965,0.289223,1.3769054311752218,0.0,GREEN
2003-06-23,25.23091125488281,0.27576,1.376949524931466,0.0,GREEN
2003-06-24,25.036888122558597,0.269362,1.3769943304314896,0.0,GREEN
2003-06-25,24.90192413330078,0.264968,1.3770380445378687,0.0,GREEN
2003-06-26,25.492416381835938,0.28378,1.3770870605357381,0.0,GREEN
2003-06-27,25.16342544555664,0.272755,1.3771348760586732,0.0,GREEN
2003-06-30,25.26466178894043,0.27601,1.3771808898513773,0.0,GREEN
2003-07-01,25.60207748413086,0.28703,1.3772266865809424,0.0,GREEN
2003-07-02,26.125093460083008,0.304582,1.3772741243874462,0.0,GREEN
2003-07-03,25.79609489440918,0.293033,1.3773204161012278,0.0,GREEN
2003-07-07,26.901161193847656,0.330652,1.3773664360933255,0.0,GREEN
2003-07-08,27.23015594482422,0.342737,1.377413550769998,0.0,GREEN
2003-07-09,27.16266441345215,0.340141,1.3774619242215573,0.0,GREEN
2003-07-10,26.656530380249023,0.32108,1.377509479454916,0.0,GREEN
2003-07-11,26.858983993530277,0.328352,1.3775566536869506,0.0,GREEN
2003-07-14,27.179540634155277,0.340063,1.377603993530502,0.0,GREEN
2003-07-15,27.213275909423828,0.341282,1.3776513896670124,0.0,GREEN
2003-07-16,27.12892341613769,0.33806,1.377699935478512,0.0,GREEN
2003-07-17,26.302234649658203,0.307109,1.3777481549778439,0.0,GREEN
2003-07-18,26.386592864990234,0.310021,1.3777957747648206,0.0,GREEN
2003-07-21,26.04916763305664,0.298084,1.377843724243352,0.0,GREEN
2003-07-22,26.437204360961918,0.311363,1.3778922221567218,0.0,GREEN
2003-07-23,26.656530380249023,0.319069,1.3779415419503005,0.0,GREEN
2003-07-24,26.302234649658203,0.306302,1.377990316707537,0.0,GREEN
2003-07-25,26.825244903564453,0.32453,1.3780395853308263,0.0,GREEN
2003-07-28,26.901161193847656,0.327239,1.378088910399071,0.0,GREEN
2003-07-29,26.698715209960938,0.319804,1.3781401512433902,0.0,GREEN
2003-07-30,26.50469398498535,0.312785,1.3781924877572154,0.0,GREEN
2003-07-31,26.825244903564453,0.324089,1.3782442793573226,0.0,GREEN
2003-08-01,26.53843307495117,0.313648,1.3782949790568426,0.0,GREEN
2003-08-04,26.529993057250977,0.313303,1.378345188372998,0.0,GREEN
2003-08-05,25.483980178833008,0.2762,1.378396438746383,0.0,GREEN
2003-08-06,25.467119216918945,0.275612,1.3784475816302526,0.0,GREEN
2003-08-07,25.568336486816406,0.278859,1.3784980153071484,0.0,GREEN
2003-08-08,25.365880966186523,0.272195,1.3785483414260806,0.0,GREEN
2003-08-11,25.644268035888672,0.281118,1.3785990523107408,0.0,GREEN
2003-08-12,26.03228759765625,0.293839,1.3786497103552298,0.0,GREEN
2003-08-13,26.04072380065918,0.294082,1.3787004249688184,0.0,GREEN
2003-08-14,26.066036224365234,0.294898,1.3787511414479803,0.0,GREEN
2003-08-15,26.29380416870117,0.302586,1.378802297492446,0.0,GREEN
2003-08-18,26.968647003173828,0.32584,1.3788530177190614,0.0,GREEN
2003-08-19,27.306072235107425,0.338024,1.3789042869748307,0.0,GREEN
2003-08-20,27.23859405517578,0.33547,1.378955558136921,0.0,GREEN
2003-08-21,27.533832550048828,0.346329,1.3790068312054033,0.0,GREEN
2003-08-22,27.36511993408203,0.339913,1.3790585986829709,0.0,GREEN
2003-08-25,27.42416763305664,0.342063,1.3791106417263501,0.0,GREEN
2003-08-26,27.44949531555176,0.342961,1.3791638359941163,0.0,GREEN
2003-08-27,27.668806076049805,0.351131,1.3792173059570185,0.0,GREEN
2003-08-28,27.913440704345703,0.360393,1.3792707779929427,0.0,GREEN
2003-08-29,28.16650390625,0.370143,1.3793234311082416,0.0,GREEN
2003-09-02,28.571422576904297,0.386053,1.3793759767615856,0.0,GREEN
2003-09-03,28.554548263549805,0.385313,1.3794280865219084,0.0,GREEN
2003-09-04,28.816041946411133,0.395843,1.3794801982508222,0.0,GREEN
2003-09-05,28.630451202392575,0.388138,1.3795317645328835,0.0,GREEN
2003-09-08,29.102861404418945,0.407295,1.3795825115934646,0.0,GREEN
2003-09-09,28.756999969482425,0.392716,1.3796335342472403,0.0,GREEN
2003-09-10,28.065275192260746,0.36432,1.3796845587880444,0.0,GREEN
2003-09-11,28.377410888671875,0.376424,1.3797355852159465,0.0,GREEN
2003-09-12,28.529224395751957,0.382411,1.3797866135310166,0.0,GREEN
2003-09-15,28.25086784362793,0.371163,1.3798376437333242,0.0,GREEN
2003-09-16,29.018510818481445,0.401366,1.3798883472911327,0.0,GREEN
2003-09-17,28.90041160583496,0.396408,1.3799391074688652,0.0,GREEN
2003-09-18,29.33905792236328,0.414401,1.3799898695138468,0.0,GREEN
2003-09-19,29.170345306396484,0.407193,1.3800409072333994,0.0,GREEN
2003-09-22,28.61359214782715,0.383819,1.380091673023158,0.0,GREEN
2003-09-23,29.11972999572754,0.404132,1.380142166852921,0.0,GREEN
2003-09-24,28.023096084594727,0.358417,1.3801928268339048,0.0,GREEN
2003-09-25,27.66036605834961,0.344448,1.3802430505170904,0.0,GREEN
2003-09-26,27.48322486877441,0.337781,1.3802932760278601,0.0,GREEN
2003-09-29,27.95560646057129,0.35515,1.3803435033662803,0.0,GREEN
2003-09-30,27.34824562072754,0.331952,1.3803939516350052,0.0,GREEN
2003-10-01,27.964061737060547,0.354329,1.3804446756349218,0.0,GREEN
2003-10-02,28.056846618652344,0.357806,1.380494525027423,0.0,GREEN
2003-10-03,28.84134101867676,0.387768,1.3805444857816882,0.0,GREEN
2003-10-06,29.0522403717041,0.39622,1.3805944483440569,0.0,GREEN
2003-10-07,29.229389190673828,0.403412,1.380644029214543,0.0,GREEN
2003-10-08,29.043813705444336,0.395673,1.3806934475053436,0.0,GREEN
2003-10-09,29.26313591003418,0.404581,1.380741497827483,0.0,GREEN
2003-10-10,29.5330810546875,0.415721,1.3807897141969872,0.0,GREEN
2003-10-13,29.72710609436035,0.423856,1.3808383158045299,0.0,GREEN
2003-10-14,29.80303001403809,0.427045,1.380886919122772,0.0,GREEN
2003-10-15,29.676483154296875,0.421545,1.3809355241517738,0.0,GREEN
2003-10-16,29.912673950195312,0.43155,1.3809850076745658,0.0,GREEN
2003-10-17,29.195655822753903,0.400456,1.3810344381702304,0.0,GREEN
2003-10-20,29.55837821960449,0.415325,1.3810841444497013,0.0,GREEN
2003-10-21,29.735530853271484,0.422733,1.3811341265425743,0.0,GREEN
2003-10-22,29.16191291809082,0.398208,1.3811854258095566,0.0,GREEN
2003-10-23,28.82449150085449,0.384328,1.3812365077457143,0.0,GREEN
2003-10-24,28.84979057312012,0.385285,1.381287481950559,0.0,GREEN
2003-10-27,28.85822296142578,0.385567,1.3813382935964584,0.0,GREEN
2003-10-28,29.828330993652344,0.424396,1.3813898745215853,0.0,GREEN
2003-10-29,29.79457664489746,0.422894,1.3814416766414879,0.0,GREEN
2003-10-30,29.85363006591797,0.425348,1.3814930421501677,0.0,GREEN
2003-10-31,29.676483154296875,0.417715,1.3815441354632467,0.0,GREEN
2003-11-03,30.165746688842773,0.438316,1.3815952306659673,0.0,GREEN
2003-11-04,29.96328353881836,0.429427,1.3816457246823448,0.0,GREEN
2003-11-05,30.233217239379883,0.440972,1.3816966043329642,0.0,GREEN
2003-11-06,30.31757354736328,0.4446,1.3817477600064052,0.0,GREEN
2003-11-07,30.05608367919922,0.433032,1.3817985885839614,0.0,GREEN
2003-11-10,29.68490982055664,0.416927,1.3818496931974085,0.0,GREEN
2003-11-11,29.575244903564453,0.412247,1.3819002513483851,0.0,GREEN
2003-11-12,30.207931518554688,0.438645,1.3819508113491479,0.0,GREEN
2003-11-13,30.174196243286133,0.437112,1.3820017022347044,0.0,GREEN
2003-11-14,29.55837821960449,0.410287,1.3820525401537067,0.0,GREEN
2003-11-17,29.25470352172852,0.397583,1.3821033799428182,0.0,GREEN
2003-11-18,28.57986640930176,0.370012,1.3821542764467736,0.0,GREEN
2003-11-19,28.85822296142578,0.38077,1.3822056136050376,0.0,GREEN
2003-11-20,28.57986640930176,0.369698,1.3822564590250652,0.0,GREEN
2003-11-21,28.875110626220703,0.381103,1.3823070320585056,0.0,GREEN
2003-11-24,29.676483154296875,0.412779,1.3823570584082634,0.0,GREEN
2003-11-25,29.676483154296875,0.41272,1.382407360845431,0.0,GREEN
2003-11-26,29.81146049499512,0.418293,1.3824578296865044,0.0,GREEN
2003-11-28,29.84518241882324,0.419653,1.3825078614937003,0.0,GREEN
2003-12-01,30.28384780883789,0.438098,1.382557675665434,0.0,GREEN
2003-12-02,30.115131378173828,0.430714,1.3826068881358908,0.0,GREEN
2003-12-03,29.735530853271484,0.414365,1.3826571996640846,0.0,GREEN
2003-12-04,30.05608367919922,0.427708,1.3827072386865749,0.0,GREEN
2003-12-05,29.55837821960449,0.4064,1.3827566759585472,0.0,GREEN
2003-12-08,29.72710609436035,0.413303,1.3828057857680158,0.0,GREEN
2003-12-09,29.043813705444336,0.384745,1.382854732704045,0.0,GREEN
2003-12-10,29.153478622436523,0.389049,1.3829036813726405,0.0,GREEN
2003-12-11,29.777708053588867,0.413986,1.3829523573884743,0.0,GREEN
2003-12-12,29.72710609436035,0.411818,1.3830002119292135,0.0,GREEN
2003-12-15,29.33905792236328,0.395633,1.383048342530414,0.0,GREEN
2003-12-16,29.398099899291992,0.397967,1.3830966394563995,0.0,GREEN
2003-12-17,29.44870948791504,0.399967,1.383144828300783,0.0,GREEN
2003-12-18,29.99703025817871,0.422254,1.3831926895016267,0.0,GREEN
2003-12-19,29.912673950195312,0.418633,1.3832400583610474,0.0,GREEN
2003-12-22,30.005470275878903,0.422472,1.3832871543905327,0.0,GREEN
2003-12-23,30.233217239379883,0.432033,1.3833344167017196,0.0,GREEN
2003-12-24,30.295669555664062,0.43465,1.3833828334079008,0.0,GREEN
2003-12-26,30.253467559814453,0.432774,1.3834307028444766,0.0,GREEN
2003-12-29,30.75138092041016,0.454083,1.3834772014877015,0.0,GREEN
2003-12-30,30.8526554107666,0.458504,1.3835242506921634,0.0,GREEN
2003-12-31,30.76824951171875,0.454677,1.3835743210936433,0.0,GREEN
2004-01-02,30.68387031555176,0.450872,1.3836241187887421,0.0,GREEN
2004-01-05,31.299938201904297,0.477966,1.3836736437478294,0.0,GREEN
2004-01-06,31.510881423950195,0.487562,1.3837231704795958,0.0,GREEN
2004-01-07,31.797792434692383,0.500812,1.383772644075162,0.0,GREEN
2004-01-08,32.05097579956055,0.512706,1.3838212957629255,0.0,GREEN
2004-01-09,31.84000587463379,0.502512,1.3838678075344124,0.0,GREEN
2004-01-12,32.3463249206543,0.526416,1.3839140462925275,0.0,GREEN
2004-01-13,32.02565383911133,0.510687,1.3839605611814627,0.0,GREEN
2004-01-14,32.1353645324707,0.515866,1.3840079014190778,0.0,GREEN
2004-01-15,32.219764709472656,0.519859,1.3840550235917906,0.0,GREEN
2004-01-16,32.54887771606445,0.535718,1.3841018178329596,0.0,GREEN
2004-01-20,32.523563385009766,0.534395,1.384149162902449,0.0,GREEN
2004-01-21,32.38851547241211,0.527664,1.3841962349589318,0.0,GREEN
2004-01-22,32.194427490234375,0.518105,1.3842438578999348,0.0,GREEN
2004-01-23,32.07627868652344,0.51233,1.3842906585255017,0.0,GREEN
2004-01-26,32.56574630737305,0.535712,1.3843382847151249,0.0,GREEN
2004-01-27,31.848424911499023,0.500236,1.3843867365566878,0.0,GREEN
2004-01-28,31.308347702026367,0.474717,1.3844360141330037,0.0,GREEN
2004-01-29,31.426490783691406,0.480023,1.3844863922210597,0.0,GREEN
2004-01-30,31.283031463623047,0.473382,1.3845367721423185,0.0,GREEN
2004-02-02,31.19864273071289,0.469484,1.3845860550591869,0.0,GREEN
2004-02-03,31.16488265991211,0.467894,1.3846356144494856,0.0,GREEN
2004-02-04,30.65855407714844,0.445022,1.384685725071749,0.0,GREEN
2004-02-05,30.776708602905277,0.450104,1.3847358375075398,0.0,GREEN
2004-02-06,31.33367347717285,0.474477,1.3847858968077962,0.0,GREEN
2004-02-09,31.32524299621582,0.474027,1.3848357381100054,0.0,GREEN
2004-02-10,31.375850677490234,0.476257,1.3848858559748394,0.0,GREEN
2004-02-11,31.713428497314453,0.491561,1.3849364702557376,0.0,GREEN
2004-02-12,31.43492317199707,0.478542,1.3849864818519382,0.0,GREEN
2004-02-13,31.173320770263672,0.466527,1.3850358357354042,0.0,GREEN
2004-02-17,31.59528160095215,0.485406,1.3850851364165602,0.0,GREEN
2004-02-18,31.688112258911133,0.489616,1.3851344388525857,0.0,GREEN
2004-02-19,31.20708656311035,0.467249,1.3851845675275418,0.0,GREEN
2004-02-20,31.105823516845703,0.462634,1.3852346980166785,0.0,GREEN
2004-02-23,30.75982666015625,0.44713,1.3852850501990306,0.0,GREEN
2004-02-24,30.68387031555176,0.443754,1.3853360088983313,0.0,GREEN
2004-02-25,30.86952018737793,0.451744,1.3853875741843915,0.0,GREEN
2004-02-26,30.94547843933105,0.455014,1.3854391413898264,0.0,GREEN
2004-02-27,30.861082077026367,0.451226,1.385490380645938,0.0,GREEN
2004-03-01,31.266143798828125,0.468929,1.3855413468984656,0.0,GREEN
2004-03-02,30.90328598022461,0.452535,1.3855928098622021,0.0,GREEN
2004-03-03,30.7345027923584,0.445055,1.3856446046395001,0.0,GREEN
2004-03-04,31.02141571044922,0.457455,1.3856964013529363,0.0,GREEN
2004-03-05,30.91171646118164,0.452536,1.3857481450153384,0.0,GREEN
2004-03-08,30.185970306396484,0.420598,1.3857993407103812,0.0,GREEN
2004-03-09,30.0931396484375,0.416657,1.3858503183282254,0.0,GREEN
2004-03-10,29.69650650024414,0.400122,1.3859015727913568,0.0,GREEN
2004-03-11,29.42646789550781,0.389149,1.3859531041302982,0.0,GREEN
2004-03-12,29.966571807861328,0.410521,1.3860046373853054,0.0,GREEN
2004-03-15,29.44334602355957,0.388959,1.3860558975557924,0.0,GREEN
2004-03-16,29.49399185180664,0.39091,1.386107159622092,0.0,GREEN
2004-03-17,29.95811653137207,0.409309,1.3861587536120965,0.0,GREEN
2004-03-18,29.82310676574707,0.403717,1.3862092493943197,0.0,GREEN
2004-03-19,29.3252010345459,0.383439,1.3862596920084365,0.0,GREEN
2004-03-22,28.95389175415039,0.368819,1.3863101364581039,0.0,GREEN
2004-03-23,28.71760368347168,0.359737,1.3863609128162604,0.0,GREEN
2004-03-24,29.046714782714844,0.372054,1.3864116910342017,0.0,GREEN
2004-03-25,29.82310676574707,0.401835,1.3864621960305736,0.0,GREEN
2004-03-26,29.721824645996094,0.397683,1.3865126478491374,0.0,GREEN
2004-03-29,30.20284652709961,0.416935,1.3865633766050405,0.0,GREEN
2004-03-30,30.30410385131836,0.421069,1.3866141622386197,0.0,GREEN
2004-03-31,30.245044708251957,0.418547,1.3866654999787933,0.0,GREEN
2004-04-01,30.51510238647461,0.429699,1.3867162893528435,0.0,GREEN
2004-04-02,31.308347702026367,0.463148,1.3867666953898652,0.0,GREEN
2004-04-05,31.60369682312012,0.476189,1.3868177085925417,0.0,GREEN
2004-04-06,31.20708656311035,0.458194,1.3868678981858313,0.0,GREEN
2004-04-07,31.173320770263672,0.456641,1.386918419801178,0.0,GREEN
2004-04-08,31.173320770263672,0.456577,1.3869689432569545,0.0,GREEN
2004-04-12,31.367416381835938,0.46504,1.3870191933612401,0.0,GREEN
2004-04-13,30.91171646118164,0.444706,1.3870693902463596,0.0,GREEN
2004-04-14,31.063623428344727,0.451198,1.3871201393719643,0.0,GREEN
2004-04-15,30.50665283203125,0.426864,1.387171550889081,0.0,GREEN
2004-04-16,30.456016540527344,0.424677,1.387222578984656,0.0,GREEN
2004-04-19,30.827335357666016,0.44015,1.3872730584727104,0.0,GREEN
2004-04-20,30.11002349853516,0.409361,1.387323815049986,0.0,GREEN
2004-04-21,30.371627807617188,0.419971,1.387375949799585,0.0,GREEN
2004-04-22,31.15643119812012,0.452467,1.3874291875993485,0.0,GREEN
2004-04-23,31.40117454528809,0.463064,1.3874807757388867,0.0,GREEN
2004-04-26,31.173320770263672,0.452917,1.3875331916805111,0.0,GREEN
2004-04-27,31.114255905151367,0.450276,1.3875851140545412,0.0,GREEN
2004-04-28,30.548847198486328,0.425664,1.3876380845663239,0.0,GREEN
2004-04-29,30.076271057128903,0.405848,1.3876902861902665,0.0,GREEN
2004-04-30,29.34208106994629,0.376068,1.3877425448443506,0.0,GREEN
2004-05-03,29.620555877685547,0.38672,1.3877949706750303,0.0,GREEN
2004-05-04,29.747159957885746,0.391622,1.3878477839831638,0.0,GREEN
2004-05-05,29.98343086242676,0.400896,1.387902086281457,0.0,GREEN
2004-05-06,29.755586624145508,0.391698,1.3879553442706642,0.0,GREEN
2004-05-07,29.51084899902344,0.381974,1.3880088246143598,0.0,GREEN
2004-05-10,29.257701873779297,0.372086,1.3880659422758304,0.0,GREEN
2004-05-11,29.69650650024414,0.388772,1.3881225114684448,0.0,GREEN
2004-05-12,29.755586624145508,0.391034,1.3881793033071144,0.0,GREEN
2004-05-13,29.54461479187012,0.382659,1.3882347753910853,0.0,GREEN
2004-05-14,29.3252010345459,0.374077,1.3882887623000681,0.0,GREEN
2004-05-17,29.046714782714844,0.363365,1.3883421453074296,0.0,GREEN
2004-05-18,29.308326721191406,0.373128,1.3883959711119263,0.0,GREEN
2004-05-19,29.274564743041992,0.371783,1.3884525537545247,0.0,GREEN
2004-05-20,29.40958404541016,0.376872,1.3885085326370499,0.0,GREEN
2004-05-21,29.553058624267575,0.382331,1.388563852577338,0.0,GREEN
2004-05-24,29.755586624145508,0.390134,1.388619174721643,0.0,GREEN
2004-05-25,30.34630584716797,0.41331,1.3886749399024294,0.0,GREEN
2004-05-26,30.54040908813477,0.421177,1.3887331871035573,0.0,GREEN
2004-05-27,30.7345027923584,0.429143,1.3887911612057957,0.0,GREEN
2004-05-28,30.844200134277344,0.433673,1.3888484212877072,0.0,GREEN
2004-06-01,30.802005767822266,0.431825,1.3889064002005158,0.0,GREEN
2004-06-02,30.7345027923584,0.428917,1.3889666412628536,0.0,GREEN
2004-06-03,30.363201141357425,0.413303,1.3890295857012938,0.0,GREEN
2004-06-04,30.54040908813477,0.420472,1.3890928085930612,0.0,GREEN
2004-06-07,31.266143798828125,0.450379,1.3891576880493826,0.0,GREEN
2004-06-08,31.308347702026367,0.452127,1.38922295641144,0.0,GREEN
2004-06-09,30.86952018737793,0.43304,1.389291425256255,0.0,GREEN
2004-06-10,31.08894157409668,0.4422,1.3893598974756058,0.0,GREEN
2004-06-14,30.650129318237305,0.423398,1.3894297514015763,0.0,GREEN
2004-06-15,31.046741485595703,0.439761,1.3895035786404089,0.0,GREEN
2004-06-16,30.99610137939453,0.437534,1.3895759210509457,0.0,GREEN
2004-06-17,30.709178924560547,0.42531,1.3896463372565915,0.0,GREEN
2004-06-18,30.75138092041016,0.426992,1.3897148269680335,0.0,GREEN
2004-06-21,30.50665283203125,0.416726,1.3897835957918458,0.0,GREEN
2004-06-22,30.95391273498535,0.434983,1.3898518716704422,0.0,GREEN
2004-06-23,31.32524299621582,0.450564,1.3899231843071966,0.0,GREEN
2004-06-24,31.266143798828125,0.447937,1.389992514997683,0.0,GREEN
2004-06-25,31.50243759155273,0.458017,1.3900616836699935,0.0,GREEN
2004-06-28,31.240833282470703,0.446528,1.3901318486858396,0.0,GREEN
2004-06-29,31.536195755004883,0.459114,1.3902025688824446,0.0,GREEN
2004-06-30,31.848424911499023,0.472671,1.3902771543534953,0.0,GREEN
2004-07-01,31.257719039916992,0.446293,1.3903490405080587,0.0,GREEN
2004-07-02,31.07205581665039,0.438265,1.390415082088956,0.0,GREEN
2004-07-06,30.40538787841797,0.409981,1.3904847683692971,0.0,GREEN
2004-07-07,30.464452743530277,0.412301,1.390553961537072,0.0,GREEN
2004-07-08,30.12690544128418,0.398526,1.3906239306812191,0.0,GREEN
2004-07-09,30.16908836364746,0.400133,1.3906929652289284,0.0,GREEN
2004-07-12,30.042503356933597,0.395028,1.3907617824550578,0.0,GREEN
2004-07-13,30.000320434570312,0.393296,1.3908314309201524,0.0,GREEN
2004-07-14,29.69650650024414,0.381279,1.3909040080396462,0.0,GREEN
2004-07-15,29.59525489807129,0.377312,1.3909766993341843,0.0,GREEN
2004-07-16,29.257701873779297,0.364336,1.3910493944277083,0.0,GREEN
2004-07-19,29.198610305786133,0.362066,1.3911218173188153,0.0,GREEN
2004-07-20,29.89905548095703,0.388059,1.3911936919485703,0.0,GREEN
2004-07-21,29.029848098754883,0.354147,1.3912672264732353,0.0,GREEN
2004-07-22,29.42646789550781,0.368601,1.3913402127950825,0.0,GREEN
2004-07-23,28.869495391845703,0.347606,1.3914138654868256,0.0,GREEN
2004-07-26,28.74291229248047,0.342971,1.3914877429405674,0.0,GREEN
2004-07-27,29.139551162719727,0.357106,1.391564606070823,0.0,GREEN
2004-07-28,29.012964248657227,0.352387,1.3916439583878608,0.0,GREEN
2004-07-29,29.35053062438965,0.364624,1.3917223764180666,0.0,GREEN
2004-07-30,29.44334602355957,0.368017,1.3918003570495434,0.0,YELLOW
2004-08-02,29.502429962158203,0.370165,1.391878342050411,0.0,YELLOW
2004-08-03,28.886388778686523,0.346908,1.391957436091796,0.0,YELLOW
2004-08-04,28.894821166992188,0.347148,1.392037915536569,0.0,YELLOW
2004-08-05,28.35472869873047,0.327617,1.3921181234367235,0.0,YELLOW
2004-08-06,27.612110137939453,0.301817,1.392197894015224,0.0,RED
2004-08-09,27.679628372192383,0.303975,1.3922755698193594,0.0,RED
2004-08-10,28.025609970092773,0.315317,1.3923553494197876,0.0,RED
2004-08-11,27.78089141845703,0.307,1.3924366806530544,0.0,RED
2004-08-12,27.401124954223636,0.294354,1.3925148670756737,0.0,RED
2004-08-13,27.44333267211914,0.295661,1.3925926710805236,0.0,RED
2004-08-16,27.755565643310547,0.305699,1.392670092602907,0.0,RED
2004-08-17,28.06781578063965,0.31596,1.3927489553126646,0.0,RED
2004-08-18,28.56571388244629,0.332716,1.3928293147164628,0.0,RED
2004-08-19,28.413795471191406,0.327347,1.3929092918615258,0.0,RED
2004-08-20,28.70073509216309,0.337203,1.3929889972282998,0.0,RED
2004-08-23,28.768238067626957,0.33952,1.3930693704821355,0.0,RED
2004-08-24,28.759803771972656,0.339157,1.393151019825689,0.0,RED
2004-08-25,29.156435012817383,0.353124,1.3932348853035172,0.0,RED
2004-08-26,29.029848098754883,0.348458,1.3933184793946845,0.0,RED
2004-08-27,29.164875030517575,0.353254,1.3934022996669044,0.0,RED
2004-08-30,28.67540168762207,0.3354,1.3934864567398266,0.0,RED
2004-08-31,28.70915412902832,0.33652,1.3935717248427382,0.0,RED
2004-09-01,28.920135498046875,0.343874,1.393658435970016,0.0,RED
2004-09-02,29.35053062438965,0.35916,1.3937439911156861,0.0,RED
2004-09-03,28.810436248779297,0.339262,1.3938304364255119,0.0,RED
2004-09-07,29.05517196655273,0.347841,1.3939195973242249,0.0,RED
2004-09-08,28.945453643798828,0.343832,1.39400793421315,0.0,RED
2004-09-09,29.190183639526367,0.352486,1.3940971064660865,0.0,RED
2004-09-10,29.63744735717773,0.368619,1.3940117898829176,0.25003125390673836,RED
2004-09-13,30.02563095092773,0.38303,1.40770539775756,0.2572788250252156,RED
2004-09-14,30.06783103942871,0.384569,1.4090571482209762,0.5000604989360719,RED
2004-09-15,29.747159957885746,0.372188,1.3864178403019887,0.49186408550237826,RED
2004-09-16,29.80622100830078,0.374331,1.3903899051452544,0.4932829139656879,RED
2004-09-17,29.89905548095703,0.377753,1.3967053783568315,0.4955414655885449,RED
2004-09-20,29.89905548095703,0.377677,1.3966096062535858,0.5000011313472009,RED
2004-09-21,30.0172061920166,0.382078,1.404792923430683,0.502880962810336,RED
2004-09-22,29.49399185180664,0.362021,1.367755146801085,0.4893852551485933,RED
2004-09-23,29.46867179870605,0.361015,1.365941495230794,0.4886733134711245,RED
2004-09-24,29.36740493774414,0.35722,1.3589714541347635,0.4860163797101505,RED
2004-09-27,29.11423683166504,0.347909,1.3418027393388,0.47940489445980633,RED
2004-09-28,29.17329978942871,0.349955,1.345632318218184,0.48085182427224465,RED
2004-09-29,29.603679656982425,0.365373,1.3741862157085716,0.49160505218308925,RED
2004-09-30,29.6543083190918,0.367173,1.377560903350268,0.49281668562612985,RED
2004-10-01,30.464452743530277,0.397193,1.4331128336613956,0.512444309796008,RED
2004-10-04,30.64167022705078,0.404045,1.4458277917878037,0.516700215275664,GREEN
2004-10-05,30.68387031555176,0.405632,1.448807857926966,0.5176627203467355,GREEN
2004-10-06,30.928611755371094,0.415257,1.466650352293511,0.5234989867446612,GREEN
2004-10-07,30.582599639892575,0.401236,1.4407726025665304,0.514908338569463,GREEN
2004-10-08,30.02563095092773,0.379234,1.4001380704506898,0.5007971821936956,YELLOW
2004-10-11,30.16908836364746,0.384593,1.4100895357085954,0.5000010721749494,GREEN
2004-10-12,30.118471145629883,0.38258,1.406445609105519,0.49867267470769805,GREEN
2004-10-13,30.05094146728516,0.379929,1.401631974793764,0.49691796521205556,YELLOW
2004-10-14,29.91592788696289,0.37473,1.3921482324410008,0.49345690753316224,YELLOW
2004-10-15,30.06783103942871,0.380362,1.4025204549479127,0.49716914554140657,GREEN
2004-10-18,30.49822998046875,0.396617,1.4323674710773147,0.5076134554155589,GREEN
2004-10-19,30.2788028717041,0.387972,1.4165678373171586,0.5020873233774764,GREEN
2004-10-20,30.422260284423828,0.393405,1.4265776364220515,0.5055460409680334,GREEN
2004-10-21,30.886409759521484,0.411328,1.459484584502801,0.5166602046587182,GREEN
2004-10-22,30.211299896240234,0.384268,1.4099277649759316,0.49963586676878424,GREEN
2004-10-25,30.06783103942871,0.378711,1.399791109621443,0.4959763164710741,GREEN
2004-10-26,30.228179931640625,0.384687,1.410797765056232,0.49987221451888725,GREEN
2004-10-27,30.99610137939453,0.413921,1.4644427942394622,0.5181569159109363,GREEN
2004-10-28,31.190187454223636,0.421607,1.4785855354788524,0.5227302216403726,GREEN
2004-10-29,31.13956451416016,0.419462,1.4747055457556582,0.5214390594299082,GREEN
2004-11-01,31.257719039916992,0.424145,1.483342834005826,0.5241904009168176,GREEN
2004-11-02,31.35898208618164,0.428173,1.4907797825428812,0.5265286814908368,GREEN
2004-11-03,31.569955825805664,0.436719,1.5065009632819,0.5314334945219749,GREEN
2004-11-04,31.74716567993164,0.443976,1.519858418294032,0.5355161968462491,GREEN
2004-11-05,32.03409957885742,0.455914,1.5417977453461063,0.5420904697843938,GREEN
2004-11-08,32.06785583496094,0.457251,1.5443042976386805,0.5427977438747587,GREEN
2004-11-09,32.00033950805664,0.454257,1.53887170843769,0.5411472589607261,GREEN
2004-11-10,31.8906364440918,0.449481,1.530173293853077,0.5385015657839087,GREEN
2004-11-11,32.31259536743164,0.467219,1.5627479328558795,0.548084868680772,GREEN
2004-11-12,32.62482452392578,0.480655,1.58743603379199,0.5550773165396796,GREEN
2004-11-15,32.76826858520508,0.486883,1.5989104351283108,0.5582345652971415,GREEN
2004-11-16,32.56574630737305,0.477741,1.5822087303779497,0.5535348740409389,GREEN
2004-11-17,33.00456619262695,0.496941,1.6174653036504656,0.5632304241858251,GREEN
2004-11-18,33.156463623046875,0.503686,1.6298887308594538,0.5665238171511057,GREEN
2004-11-19,32.64168167114258,0.480106,1.586719749721386,0.5546936012711912,GREEN
2004-11-22,32.953941345214844,0.493771,1.6118295661796385,0.56159432635895,GREEN
2004-11-23,32.903289794921875,0.491376,1.6074984906362368,0.5603761160311149,GREEN
2004-11-24,33.19023132324219,0.504114,1.6309099811369883,0.5666501629101657,GREEN
2004-11-26,33.088966369628906,0.499379,1.6222894448720133,0.5643105670520562,GREEN
2004-11-29,33.080528259277344,0.498877,1.6214295246092407,0.564042274248161,GREEN
2004-11-30,33.01301956176758,0.495701,1.615667700702768,0.5624501047953728,GREEN
2004-12-01,33.68811798095703,0.525992,1.6712591920102438,0.5769678048025341,GREEN
2004-12-02,33.814701080322266,0.531794,1.6819565115448418,0.5796220792599863,GREEN
2004-12-03,33.865333557128906,0.534055,1.6861623794499407,0.5806345039322561,GREEN
2004-12-06,33.98347091674805,0.539514,1.6962307723232537,0.5830879024170431,GREEN
2004-12-07,33.401180267333984,0.511649,1.6452091902392483,0.5701212816410919,GREEN
2004-12-08,33.595298767089844,0.520445,1.6613960544552082,0.574272362345987,GREEN
2004-12-09,33.79783248901367,0.529731,1.6784810649773187,0.5785690427881804,GREEN
2004-12-10,33.696556091308594,0.52484,1.6695764213976834,0.5762844140650139,GREEN
2004-12-13,33.991920471191406,0.538514,1.6947057551291909,0.5825308688781037,GREEN
2004-12-14,34.160701751708984,0.546405,1.7092329247446398,0.5860432454524004,GREEN
2004-12-15,34.03411102294922,0.540199,1.6979170421831074,0.5832484031642386,GREEN
2004-12-16,33.71343231201172,0.524799,1.6697461948730508,0.5761808054350489,GREEN
2004-12-17,33.62738037109375,0.520654,1.6622079859294248,0.5742223533464753,GREEN
2004-12-20,33.397361755371094,0.509845,1.6424530730382325,0.5690644353277811,GREEN
2004-12-21,33.80630874633789,0.528451,1.676622706656175,0.5778107672459792,GREEN
2004-12-22,33.848899841308594,0.530321,1.6801118512892788,0.5786512286657616,GREEN
2004-12-23,33.874446868896484,0.531395,1.6821410501814067,0.579123654796979,GREEN
2004-12-27,33.729644775390625,0.524451,1.6694714399571198,0.5758934962405959,GREEN
2004-12-28,34.05337905883789,0.539424,1.6969816548686336,0.5827326711400788,GREEN
2004-12-29,34.09597396850586,0.541317,1.7005140805253123,0.5835629135523863,GREEN
2004-12-30,34.07042694091797,0.539969,1.6981042079136168,0.5829358155587073,GREEN
2004-12-31,34.01076889038086,0.537002,1.6927260088215696,0.5815746740121323,GREEN
2005-01-03,33.65296173095703,0.519922,1.6614758193041714,0.5736677285206868,GREEN
2005-01-04,33.039527893066406,0.49136,1.609177140835814,0.5597733190569749,GREEN
2005-01-05,32.8350715637207,0.482115,1.592293387940822,0.5550649471762233,GREEN
2005-01-06,32.673194885253906,0.474864,1.5790648144485155,0.5512968867212877,GREEN
2005-01-07,32.84358596801758,0.482174,1.592529443671987,0.5550505889690347,GREEN
2005-01-10,32.82652282714844,0.481302,1.5909948963312912,0.5545811829647497,GREEN
2005-01-11,32.59650421142578,0.471063,1.572288404785314,0.5492411046225302,GREEN
2005-01-12,32.869136810302734,0.482765,1.5938055686694024,0.5552859522061929,GREEN
2005-01-13,32.434627532958984,0.463498,1.5585492495871272,0.5451846055170396,GREEN
2005-01-14,32.74134826660156,0.476529,1.5825027839852035,0.5520279951272777,GREEN
2005-01-18,32.9884147644043,0.487197,1.602124915213699,0.5574738252344091,GREEN
2005-01-19,32.44314193725586,0.462914,1.5576734284243998,0.5448038322725453,GREEN
2005-01-20,31.821199417114254,0.436175,1.5087202454031576,0.5299907642615916,GREEN
2005-01-21,31.565603256225582,0.425554,1.4893144587664882,0.5238229489650166,GREEN
2005-01-24,31.12258529663086,0.407529,1.4563353245025077,0.5129952986120158,GREEN
2005-01-25,31.27592086791992,0.413448,1.467250955806556,0.5165742386540128,GREEN
2005-01-26,31.65081214904785,0.428209,1.4943776751685882,0.5253051638232604,GREEN
2005-01-27,31.608211517333984,0.426369,1.4910711115774518,0.5242078433955872,GREEN
2005-01-28,31.454837799072266,0.420052,1.4795578162153062,0.5204600105639108,GREEN
2005-01-31,31.863794326782227,0.436325,1.50945768872496,0.5299140121290705,GREEN
2005-02-01,31.966039657592773,0.44041,1.5170146191370222,0.5322107659131867,GREEN
2005-02-02,32.01716613769531,0.442407,1.5207449045002197,0.5333126314041771,GREEN
2005-02-03,31.65081214904785,0.427104,1.4927602565210005,0.5245173095877859,GREEN
2005-02-04,32.1619987487793,0.447687,1.5305620678572796,0.5362160232637624,GREEN
2005-02-07,32.09383010864258,0.444722,1.5251947742256906,0.534539195284876,GREEN
2005-02-08,32.15346908569336,0.447084,1.529593510065932,0.5358328628471715,GREEN
2005-02-09,31.616737365722656,0.424576,1.4884006854022853,0.5229399605458495,GREEN
2005-02-10,31.65081214904785,0.425836,1.4907800637252513,0.5236547501155184,GREEN
2005-02-11,32.11936950683594,0.444634,1.5253105843488926,0.5343928454003295,GREEN
2005-02-14,32.26422882080078,0.450532,1.536193244128716,0.5376455334746617,GREEN
2005-02-15,32.47722625732422,0.459333,1.5523974306894293,0.5424266045701238,GREEN
2005-02-16,32.357948303222656,0.454148,1.5429635204184415,0.5395826759029174,GREEN
2005-02-17,31.92344856262207,0.43573,1.509270383191692,0.5292570627434899,GREEN
2005-02-18,31.821199417114254,0.431425,1.5014495860569919,0.5267575914054168,GREEN
2005-02-22,31.429296493530277,0.415367,1.4720835838009108,0.5172681880586565,GREEN
2005-02-23,31.47189140319824,0.41694,1.4750398066225978,0.5181864724843381,GREEN
2005-02-24,31.8723201751709,0.432739,1.5040769909673868,0.527438975955279,GREEN
2005-02-25,32.051239013671875,0.439905,1.5172882726141423,0.5315046239152322,GREEN
2005-02-28,31.71043968200684,0.425748,1.4914107341751857,0.5233251443647644,GREEN
2005-03-01,32.059749603271484,0.439697,1.517058305568813,0.5313338442744682,GREEN
2005-03-02,32.04271697998047,0.438872,1.5156218454777566,0.5308395439103661,GREEN
2005-03-03,31.77859115600586,0.427895,1.4955740495302656,0.5245000583087249,GREEN
2005-03-04,31.966039657592773,0.435346,1.5093093924485408,0.5287769722435445,GREEN
2005-03-07,32.426109313964844,0.45402,1.543619050339713,0.5392015160256649,GREEN
2005-03-08,32.10234832763672,0.440292,1.5185280710226836,0.5315378799815889,GREEN
2005-03-09,32.00864791870117,0.436312,1.5113078201664603,0.5292495263684562,GREEN
2005-03-10,31.966039657592773,0.434446,1.507963019350742,0.5281549588275863,GREEN
2005-03-11,31.6678466796875,0.422165,1.485525026057256,0.5209769420088123,GREEN
2005-03-14,31.812686920166016,0.427837,1.4959991067498328,0.5242799581080066,GREEN
2005-03-15,31.55709648132324,0.417403,1.476947805983781,0.5180917397204934,GREEN
2005-03-16,31.19926643371582,0.403084,1.450775132590591,0.5093446006647502,GREEN
2005-03-17,31.27592086791992,0.40594,1.4560880004477643,0.5110818691638525,GREEN
2005-03-18,31.10553932189941,0.399189,1.443788923425037,0.506863606891085,GREEN
2005-03-21,31.16517639160156,0.40137,1.4478646622947209,0.508198278893972,GREEN
2005-03-22,30.781795501708984,0.386441,1.4205743191061897,0.4986955442765313,GREEN
2005-03-23,30.892541885375977,0.3905,1.428094570797973,0.5012799336744673,GREEN
2005-03-24,30.901071548461918,0.390711,1.4285594149437704,0.5013875902810208,GREEN
2005-03-28,30.96072006225586,0.39286,1.4325773159997357,0.5027313775365885,GREEN
2005-03-29,30.713638305664062,0.383341,1.415205189320544,0.49657186448276447,GREEN
2005-03-30,31.292970657348636,0.404922,1.4548464316165863,0.5102352631154371,GREEN
2005-03-31,31.15666389465332,0.399515,1.44501226893779,0.506848079472613,GREEN
2005-04-01,30.84143447875977,0.387275,1.4226505434499654,0.4990424372705211,GREEN
2005-04-04,31.06293487548828,0.395509,1.437822457715495,0.5042749068136456,GREEN
2005-04-05,31.148155212402344,0.398652,1.443660318473377,0.5062268520195319,GREEN
2005-04-06,31.09701919555664,0.396575,1.4399298737830113,0.5048940362446236,GREEN
2005-04-07,31.47189140319824,0.410805,1.4660931349282396,0.51367734317254,GREEN
2005-04-08,31.2163200378418,0.40068,1.4476081035885295,0.507414541949692,GREEN
2005-04-11,31.079988479614254,0.395316,1.4378514138341547,0.5040186809925615,GREEN
2005-04-12,31.23333740234375,0.401055,1.4484486274647335,0.5075947113325157,GREEN
2005-04-13,30.72216415405273,0.38125,1.41221818126242,0.494907806073374,GREEN
2005-04-14,30.28765296936035,0.364965,1.3824409854597595,0.48397270247653185,GREEN
2005-04-15,29.597558975219727,0.339914,1.3365935883358233,0.46621466321572685,GREEN
2005-04-18,29.606069564819336,0.340108,1.3370263553636086,0.46632975721321,GREEN
2005-04-19,29.810548782348636,0.347054,1.3498395712719726,0.47133658259347555,GREEN
2005-04-20,29.5634822845459,0.338324,1.3339161204044236,0.4649652921884854,GREEN
2005-04-21,30.3472843170166,0.365134,1.3831444341317525,0.4839505539665715,GREEN
2005-04-22,29.895736694335938,0.348727,1.3531464677864795,0.4724512642188808,GREEN
2005-04-25,30.14281845092773,0.357271,1.3688905191907983,0.47845962979879897,GREEN
2005-04-26,29.861661911010746,0.347168,1.350449658918147,0.47127840290102374,GREEN
2005-04-27,29.904253005981445,0.348551,1.3530658199017391,0.47224096716132297,GREEN
2005-04-28,29.606069564819336,0.338023,1.3338455161964715,0.46457621202825533,GREEN
2005-04-29,29.80202293395996,0.344635,1.3460464775181342,0.4693702668972495,GREEN
2005-05-02,29.92130470275879,0.348672,1.3535276250677324,0.4722437282067958,GREEN
2005-05-03,30.07466125488281,0.35393,1.3632467266683324,0.47594762332963525,GREEN
2005-05-04,30.44101333618164,0.366761,1.3868496592460104,0.4848082638190746,GREEN
2005-05-05,30.4665641784668,0.36758,1.3884303185787186,0.48533770790686626,GREEN
2005-05-06,30.55176544189453,0.370556,1.3939638962916487,0.48732486819012427,GREEN
2005-05-09,30.69659996032715,0.375718,1.4035064765189675,0.4907539804256897,GREEN
2005-05-10,30.475082397460938,0.367474,1.3884726823224165,0.4851829459232604,GREEN
2005-05-11,30.62844467163086,0.372915,1.3985273178532611,0.48882695807059656,GREEN
2005-05-12,30.54323005676269,0.369693,1.392700149292497,0.4866310938842245,GREEN
2005-05-13,30.875513076782227,0.381652,1.4147036345500772,0.4945592433361501,GREEN
2005-05-16,31.079988479614254,0.389125,1.4284815698296924,0.4993795367353198,GREEN
2005-05-17,31.267412185668945,0.396051,1.4412564547071591,0.5037628054002327,GREEN
2005-05-18,31.69341468811035,0.412123,1.470799887193636,0.513676283351354,GREEN
2005-05-19,31.95750999450684,0.422306,1.489546745047819,0.5197438569395071,GREEN
2005-05-20,32.0853271484375,0.427249,1.4986879278752956,0.5226200845151517,GREEN
2005-05-23,32.2471923828125,0.433589,1.510390790679708,0.526265835137901,GREEN
2005-05-24,32.34943771362305,0.437584,1.5177953129861879,0.5285237119441235,GREEN
2005-05-25,32.21310806274414,0.431921,1.5074955885304224,0.5252481361768946,GREEN
2005-05-26,32.53685760498047,0.444816,1.5312165596860536,0.532549563580002,GREEN
2005-05-27,32.553897857666016,0.445382,1.5323355989774843,0.5328377919602236,GREEN
2005-05-31,32.44314193725586,0.440703,1.523839939941773,0.5301794674711453,GREEN
2005-06-01,32.70724868774414,0.451334,1.543410853941011,0.5360838834442209,GREEN
2005-06-02,32.93729782104492,0.460722,1.5607037864502167,0.5411712503918298,GREEN
2005-06-03,32.46018600463867,0.440561,1.5238267316562453,0.5300132310677911,GREEN
2005-06-06,32.46871566772461,0.440776,1.5243041454167983,0.530105803275358,GREEN
2005-06-07,32.19607925415039,0.429538,1.5037856766287874,0.523638893771463,GREEN
2005-06-08,32.12791442871094,0.42668,1.4986300863723527,0.521944215898175,GREEN
2005-06-09,32.3323860168457,0.434698,1.5134126829938856,0.5265583727179884,GREEN
2005-06-10,31.99161148071289,0.420821,1.488056215126603,0.5184350029215178,GREEN
2005-06-13,32.14495849609375,0.426746,1.4990016027602948,0.5218955716230305,GREEN
2005-06-14,32.01716613769531,0.421526,1.4895156849778561,0.5187947069505955,GREEN
2005-06-15,32.11936950683594,0.425435,1.4967660174759003,0.5210693779826873,GREEN
2005-06-16,32.289791107177734,0.432079,1.5090300366557603,0.5249059851686164,GREEN
2005-06-17,32.29404830932617,0.43212,1.5091877598417478,0.524900931101347,GREEN
2005-06-20,32.29404830932617,0.43199,1.5090323237013574,0.5247970692188275,GREEN
2005-06-21,32.27699661254883,0.431174,1.5076195025980588,0.5242966320239274,GREEN
2005-06-22,32.24288558959961,0.429676,1.5049572840790368,0.5233993428525843,GREEN
2005-06-23,31.88471031188965,0.415225,1.4785496273338512,0.5148299899809322,GREEN
2005-06-24,31.526567459106445,0.401105,1.4527498603602362,0.5061549440498024,GREEN
2005-06-27,31.38160896301269,0.395448,1.4424647038324896,0.5025744873372991,GREEN
2005-06-28,31.68006706237793,0.406606,1.4630062663881107,0.5094995990496972,GREEN
2005-06-29,31.611846923828125,0.403853,1.4580469573158328,0.5077711855768045,GREEN
2005-06-30,31.36454391479492,0.394248,1.440526045619311,0.5017237201669251,GREEN
2005-07-01,31.321897506713867,0.392516,1.4374380554121995,0.5005926583727612,GREEN
2005-07-05,31.64596176147461,0.404574,1.459631131012225,0.508125630556243,GREEN
2005-07-06,31.492456436157227,0.398559,1.4486936445019283,0.504350337330661,GREEN
2005-07-07,31.60332298278809,0.402643,1.4562694444023707,0.506867757395218,GREEN
2005-07-08,32.208778381347656,0.425657,1.4985471029253294,0.520721646044484,GREEN
2005-07-11,32.50724411010742,0.437356,1.5200822359480783,0.5274535930156306,GREEN
2005-07-12,32.660736083984375,0.443413,1.5312743129516528,0.5308498198012771,GREEN
2005-07-13,32.73748016357422,0.446397,1.536834034467125,0.5324888857054447,GREEN
2005-07-14,33.0615348815918,0.45951,1.5609628087110103,0.5396580519113043,GREEN
2005-07-15,33.16387939453125,0.46363,1.5686055831488583,0.5418436941143797,GREEN
2005-07-18,33.02744674682617,0.457759,1.5579333391431531,0.5386470312026409,GREEN
2005-07-19,33.41117477416992,0.473565,1.5870000257498957,0.5470397858538112,GREEN
2005-07-20,33.649940490722656,0.483564,1.605422372565324,0.5521802899777962,GREEN
2005-07-21,33.65846633911133,0.483772,1.6058957765460533,0.5522549566372267,GREEN
2005-07-22,33.615814208984375,0.481773,1.6023244016072566,0.5511987964105745,GREEN
2005-07-25,33.4879150390625,0.476114,1.59204414128418,0.5482417398357431,GREEN
2005-07-26,33.615814208984375,0.481409,1.6018456899214577,0.5509469436052947,GREEN
2005-07-27,33.871665954589844,0.492241,1.6217990849623654,0.5564126348627122,GREEN
2005-07-28,34.0336799621582,0.49914,1.6345414402798764,0.5598126255786917,GREEN
2005-07-29,33.75226211547852,0.486592,1.611632756725563,0.5534968180047254,GREEN
2005-08-01,33.81196594238281,0.489011,1.6161624798893004,0.5546893891913462,GREEN
2005-08-02,34.17866134643555,0.504755,1.6451206225533337,0.5624697012109829,GREEN
2005-08-03,34.16161346435547,0.503829,1.6435202259962667,0.5619845269882191,GREEN
2005-08-04,33.82901763916016,0.488943,1.6163275077060364,0.5545556300272737,GREEN
2005-08-05,33.6670036315918,0.481751,1.6032395082546977,0.5508590239222371,GREEN
2005-08-08,33.419700622558594,0.47097,1.5835736987286695,0.5452192915363999,GREEN
2005-08-09,33.64139938354492,0.480182,1.6005593532214148,0.5499843636932007,GREEN
2005-08-10,33.35147476196289,0.467603,1.577597371100521,0.5433721369214527,GREEN
2005-08-11,33.624366760253906,0.478922,1.598445833128033,0.5492665019933771,GREEN
2005-08-12,33.43675994873047,0.470741,1.5835460385367086,0.5449637081130497,GREEN
2005-08-15,33.64139938354492,0.479224,1.5991954668494666,0.5493552252741506,GREEN
2005-08-16,33.09564208984375,0.455736,1.5562346358551313,0.5368519183602152,GREEN
2005-08-17,33.29179382324219,0.463683,1.5709020246389052,0.5411134440477461,GREEN
2005-08-18,33.12124252319336,0.456399,1.5576470598923762,0.5371454167866639,GREEN
2005-08-19,33.10414505004883,0.455537,1.556164377231044,0.5366417261049127,GREEN
2005-08-22,33.12124252319336,0.456087,1.5572707393657212,0.5369079320801888,GREEN
2005-08-23,33.02744674682617,0.452056,1.549978930153931,0.5346661545635165,GREEN
2005-08-24,32.83127975463867,0.443847,1.5350284269338488,0.530069866685877,GREEN
2005-08-25,32.90804672241211,0.446809,1.5405566299542786,0.5316924520227444,GREEN
2005-08-26,32.79717254638672,0.442138,1.532091967628987,0.5290409099260531,GREEN
2005-08-29,33.05299758911133,0.452332,1.550879154636005,0.5346820494807119,GREEN
2005-08-30,32.93362808227539,0.447275,1.5417083254646153,0.531849379230019,GREEN
2005-08-31,33.24061584472656,0.45963,1.564457429861326,0.5385932014603938,GREEN
2005-09-01,33.189453125,0.457353,1.5603814239179523,0.5373249546032827,GREEN
2005-09-02,33.0615348815918,0.45191,1.5504995724259485,0.5343139964873259,GREEN
2005-09-06,33.547607421875,0.471688,1.5868538963392163,0.5449217405033289,GREEN
2005-09-07,33.60730743408203,0.474046,1.5912743641747735,0.5461245125280644,GREEN
2005-09-08,33.598785400390625,0.473525,1.5904168413347208,0.5458184311144852,GREEN
2005-09-09,33.78639221191406,0.481297,1.6047620827179405,0.5498177424960149,GREEN
2005-09-12,33.880184173583984,0.485141,1.6119063928300474,0.551752629177625,GREEN
2005-09-13,33.79490661621094,0.481313,1.6049867144557983,0.5497590660709601,GREEN
2005-09-14,33.41117477416992,0.464756,1.574731587167563,0.5410466547762791,GREEN
2005-09-15,33.394126892089844,0.463889,1.5732381129229767,0.540549992143441,GREEN
2005-09-16,33.598785400390625,0.47226,1.5886802894678906,0.5449553309833576,GREEN
2005-09-19,33.334415435791016,0.46095,1.56804428693549,0.538904418966897,GREEN
2005-09-20,33.1979866027832,0.45513,1.5574736034095047,0.5357115602320031,GREEN
2005-09-21,32.83127975463867,0.439895,1.5296455400392839,0.5271988701486038,GREEN
2005-09-22,32.9506721496582,0.444546,1.538267791415426,0.5297866495415051,GREEN
2005-09-23,33.04448699951172,0.448192,1.545048753069942,0.5317875461197442,GREEN
2005-09-26,33.05299758911133,0.448386,1.5455017151277666,0.5318618045044161,GREEN
2005-09-27,32.97626495361328,0.445111,1.5395962306091726,0.5300022800495132,GREEN
2005-09-28,32.98477935791016,0.445305,1.540049649701031,0.5300771691218288,GREEN
2005-09-29,33.4282341003418,0.463112,1.5727911925975682,0.5397979313342532,GREEN
2005-09-30,33.649940490722656,0.472167,1.5894903849578417,0.544570329617759,GREEN
2005-10-03,33.7352180480957,0.475593,1.5958707007628279,0.5463286832812988,GREEN
2005-10-04,33.51349258422852,0.466049,1.5784745067792294,0.541265390271709,GREEN
2005-10-05,33.05299758911133,0.446676,1.5430609749656676,0.5306715198890323,GREEN
2005-10-06,32.618099212646484,0.428889,1.5105536622354114,0.5205051124625705,GREEN
2005-10-07,32.69483947753906,0.431766,1.515928798888869,0.5221387037190617,GREEN
2005-10-10,32.51577377319336,0.424521,1.5027486293699686,0.5178799388030769,GREEN
2005-10-11,32.353759765625,0.418026,1.4909433943554613,0.5139944022113079,GREEN
2005-10-12,31.97001838684082,0.403003,1.463505189908834,0.5048126882426834,GREEN
2005-10-13,32.21731948852539,0.41221,1.4804876723525056,0.5104226968383189,GREEN
2005-10-14,32.456085205078125,0.421225,1.4971195419537175,0.5157911778676991,GREEN
2005-10-17,32.55841827392578,0.425056,1.5042491286468382,0.5180153538608075,GREEN
2005-10-18,32.32816696166992,0.415882,1.4875374697247308,0.512529018929875,GREEN
2005-10-19,32.97626495361328,0.440741,1.5332181421930553,0.5269819657499563,GREEN
2005-10-20,32.66925048828125,0.428269,1.5104622588348189,0.5197841246925068,GREEN
2005-10-21,32.87393951416016,0.436161,1.5250383130052634,0.5243029790931562,GREEN
2005-10-24,33.394126892089844,0.456705,1.562808515537468,0.5357303459361582,GREEN
2005-10-25,33.266212463378906,0.451286,1.552982661114933,0.532723069064851,GREEN
2005-10-26,33.09564208984375,0.444177,1.540060742567925,0.5287306247304709,GREEN
2005-10-27,32.430477142333984,0.417231,1.4907721948027952,0.5130758045377004,GREEN
2005-10-28,32.67778015136719,0.42662,1.508093592926372,0.5185960045186336,GREEN
2005-10-31,33.14680099487305,0.444831,1.5415886869833986,0.5289842977560577,GREEN
2005-11-01,33.12124252319336,0.443635,1.5395057846894904,0.5282758126559577,GREEN
2005-11-02,33.556148529052734,0.460945,1.5713502408449866,0.5377647880563043,GREEN
2005-11-03,34.05926513671875,0.481506,1.609153814531012,0.5485552729885255,GREEN
2005-11-04,34.17866134643555,0.486388,1.6182145268638164,0.5510144727569376,GREEN
2005-11-07,34.22128677368164,0.488026,1.6213287866412145,0.5518081573333513,GREEN
2005-11-08,34.22981643676758,0.488208,1.6217727891971028,0.5518628154742514,GREEN
2005-11-09,34.24688720703125,0.488754,1.622885112562317,0.5521013363938573,GREEN
2005-11-10,34.62208557128906,0.504634,1.6521085888128635,0.5599563435589875,GREEN
2005-11-11,34.715877532958984,0.508545,1.6593900438039626,0.5618199524063304,GREEN
2005-11-14,34.715877532958984,0.508353,1.6591497854910093,0.5616891639290057,GREEN
2005-11-15,34.55388641357422,0.501044,1.6458627562155264,0.5580826202425487,GREEN
2005-11-16,34.767051696777344,0.510126,1.6626251207627551,0.5624700094298926,GREEN
2005-11-17,35.2275505065918,0.530203,1.6995437473599737,0.5719078827866674,GREEN
2005-11-18,35.34693908691406,0.535392,1.7091693075980814,0.5742526950987885,GREEN
2005-11-21,35.432220458984375,0.539064,1.7160138799786173,0.5758850219218719,GREEN
2005-11-22,35.56013107299805,0.544701,1.726460270025301,0.5783860821731499,GREEN
2005-11-23,35.64540100097656,0.548415,1.733379562149048,0.5800052214284517,GREEN
2005-11-25,35.722145080566406,0.551752,1.739608322302749,0.581445065745732,GREEN
2005-11-28,35.423683166503906,0.537716,1.7139884464294686,0.5751237722277582,GREEN
2005-11-29,35.25313949584961,0.529746,1.6994883069177549,0.5714335765384745,GREEN
2005-11-30,35.16786193847656,0.525703,1.692188914187934,0.5695185310462825,GREEN
2005-12-01,35.824485778808594,0.554951,1.745918632336754,0.582702509573391,GREEN
2005-12-02,35.9097785949707,0.558705,1.7529126561026498,0.5843035585628816,GREEN
2005-12-05,35.64540100097656,0.546153,1.7300145310417223,0.578736432138089,GREEN
2005-12-06,35.764793395996094,0.551432,1.7398052149442926,0.581042081034783,GREEN
2005-12-07,35.696563720703125,0.548066,1.7337483051358051,0.5795128379114722,GREEN
2005-12-08,35.440731048583984,0.536077,1.7118834386159791,0.5740757925506301,GREEN
2005-12-09,35.577186584472656,0.542068,1.722977552288762,0.5767537154160743,GREEN
2005-12-12,35.70509338378906,0.547713,1.7334372995714458,0.5792434901702257,GREEN
2005-12-13,35.850074768066406,0.55418,1.7454034843920492,0.5820646971460502,GREEN
2005-12-14,35.73069763183594,0.548438,1.734987875205776,0.5794918658241635,GREEN
2005-12-15,35.790382385253906,0.550982,1.739761678157731,0.5805824459799024,GREEN
2005-12-16,35.543331146240234,0.539366,1.718578103415581,0.5753479131876174,GREEN
2005-12-19,34.979156494140625,0.513479,1.6712323311200816,0.5632511770069613,GREEN
2005-12-20,35.004817962646484,0.514415,1.6730600350924518,0.5636614695629196,GREEN
2005-12-21,35.15864944458008,0.521003,1.685249937483754,0.5667508162546735,GREEN
2005-12-22,35.38946914672852,0.531066,1.7038104660059281,0.5714042498267898,GREEN
2005-12-23,35.38946914672852,0.530865,1.703555059579552,0.5712736181148763,GREEN
2005-12-27,35.08170700073242,0.516815,1.6779111067699124,0.5646540028700732,GREEN
2005-12-28,35.03898620605469,0.514733,1.674206710634334,0.5636236184254562,GREEN
2005-12-29,34.808197021484375,0.504366,1.655313611044468,0.5585753500383452,GREEN
2005-12-30,34.543190002441406,0.492652,1.63395262160901,0.5527350955244661,GREEN
2006-01-03,35.312538146972656,0.525378,1.6940623756258186,0.5685370029680665,GREEN
2006-01-04,35.68010711669922,0.541577,1.723875420116814,0.5759311715961537,GREEN
2006-01-05,35.833953857421875,0.548369,1.7364451152101257,0.578932705396331,GREEN
2006-01-06,36.48363876342773,0.577979,1.7908456357772777,0.5916572033049865,GREEN
2006-01-09,36.628944396972656,0.584656,1.802669370056538,0.0,GREEN
2006-01-10,36.65458679199219,0.585649,1.8029638775955137,0.0,GREEN
2006-01-11,36.93667984008789,0.598935,1.803262726016119,0.0,GREEN
2006-01-12,36.75716400146485,0.589961,1.8035626973331527,0.0,GREEN
2006-01-13,36.74008560180664,0.5889,1.8038636489603228,0.0,GREEN
2006-01-17,36.50074005126953,0.577152,1.8041657245246143,0.0,GREEN
2006-01-18,36.08184051513672,0.557047,1.804468709807117,0.0,GREEN
2006-01-19,36.346866607666016,0.569095,1.8047728200850104,0.0,GREEN
2006-01-20,35.26124572753906,0.51787,1.8050766235171012,0.0,GREEN
2006-01-23,35.26979064941406,0.518036,1.8053811943719238,0.0,GREEN
2006-01-24,35.42364501953125,0.524602,1.805685458432442,0.0,GREEN
2006-01-25,35.26979064941406,0.517551,1.8059932131618757,0.0,GREEN
2006-01-26,35.51770782470703,0.528251,1.8063018803467341,0.0,GREEN
2006-01-27,35.99641036987305,0.549392,1.8066123922255444,0.0,GREEN
2006-01-30,36.06475830078125,0.552294,1.8069233159458662,0.0,GREEN
2006-01-31,35.9023551940918,0.544603,1.807234651701883,0.0,GREEN
2006-02-01,36.03056716918945,0.550211,1.8075480491312925,0.0,GREEN
2006-02-02,35.41510009765625,0.521787,1.8078609270904047,0.0,GREEN
2006-02-03,34.979156494140625,0.502301,1.8081738592072014,0.0,GREEN
2006-02-06,34.885108947753906,0.498041,1.8084868454910572,0.0,GREEN
2006-02-07,34.73124694824219,0.491243,1.8087988094806648,0.0,GREEN
2006-02-08,35.13301086425781,0.508086,1.8091133394936785,0.0,GREEN
2006-02-09,34.79963684082031,0.49341,1.8094286421185166,0.0,GREEN
2006-02-10,35.01333236694336,0.502292,1.8097443586836988,0.0,GREEN
2006-02-13,34.61157989501953,0.48479,1.810062141188951,0.0,GREEN
2006-02-14,34.96206283569336,0.499313,1.81037976399308,0.0,GREEN
2006-02-15,35.18431091308594,0.508625,1.8106992385509697,0.0,GREEN
2006-02-16,35.50914764404297,0.522498,1.8110176916984047,0.0,GREEN
2006-02-17,35.22703552246094,0.509825,1.8113360570977437,0.0,GREEN
2006-02-21,34.83383560180664,0.492538,1.8116542628440804,0.0,GREEN
2006-02-22,35.26979064941406,0.510822,1.8119738185388954,0.0,GREEN
2006-02-23,35.175743103027344,0.506519,1.8122939339236526,0.0,GREEN
2006-02-24,35.26979064941406,0.510366,1.812615903779637,0.0,GREEN
2006-02-27,35.66300964355469,0.527219,1.8129382904563258,0.0,GREEN
2006-02-28,35.13301086425781,0.503488,1.8132613100003419,0.0,GREEN
2006-03-01,35.61172103881836,0.523855,1.8135856103443433,0.0,GREEN
2006-03-02,35.63737487792969,0.524764,1.813908529336917,0.0,GREEN
2006-03-03,35.43220520019531,0.515477,1.8142315058270113,0.0,GREEN
2006-03-06,35.12448501586914,0.501829,1.8145548997996714,0.0,GREEN
2006-03-07,34.91929626464844,0.492821,1.8148764072561985,0.0,GREEN
2006-03-08,34.9364013671875,0.493335,1.8151991959795657,0.0,GREEN
2006-03-09,34.63722610473633,0.480452,1.8155222582270387,0.0,GREEN
2006-03-10,34.67142868041992,0.48167,1.8158446575100715,0.0,GREEN
2006-03-13,34.77399826049805,0.48574,1.8161681948948576,0.0,GREEN
2006-03-14,35.36381912231445,0.51025,1.8164919340900374,0.0,GREEN
2006-03-15,35.66300964355469,0.522983,1.8168146497574398,0.0,GREEN
2006-03-16,35.36381912231445,0.509598,1.8171390809448964,0.0,GREEN
2006-03-17,35.457061767578125,0.513411,1.817462993204371,0.0,GREEN
2006-03-20,35.542606353759766,0.516907,1.8177887662480547,0.0,GREEN
2006-03-21,35.166221618652344,0.500262,1.8181155354342649,0.0,GREEN
2006-03-22,35.25175476074219,0.503696,1.8184450327950112,0.0,GREEN
2006-03-23,35.14912033081055,0.49908,1.8187745898706154,0.0,GREEN
2006-03-24,35.328758239746094,0.506518,1.8191027632013796,0.0,GREEN
2006-03-27,35.33730697631836,0.506669,1.8194301295011235,0.0,GREEN
2006-03-28,35.1918830871582,0.500196,1.8197562551461977,0.0,GREEN
2006-03-29,35.859100341796875,0.528433,1.8200831613555948,0.0,GREEN
2006-03-30,35.97031021118164,0.533125,1.8204083206464117,0.0,GREEN
2006-03-31,35.8676643371582,0.528332,1.8207323099940762,0.0,GREEN
2006-04-03,35.910430908203125,0.529996,1.8210585245233035,0.0,GREEN
2006-04-04,36.1071662902832,0.538478,1.8213856646760898,0.0,GREEN
2006-04-05,36.44934844970703,0.553556,1.8217146705343825,0.0,GREEN
2006-04-06,36.55198287963867,0.557994,1.8220433743630269,0.0,GREEN
2006-04-07,36.20127487182617,0.541691,1.8223724990266579,0.0,GREEN
2006-04-10,36.14994430541992,0.539153,1.8227024062874562,0.0,GREEN
2006-04-11,35.859100341796875,0.525907,1.8230327349275193,0.0,GREEN
2006-04-12,35.8676643371582,0.526056,1.8233634851542164,0.0,GREEN
2006-04-13,36.01307678222656,0.532226,1.8236950189274526,0.0,GREEN
2006-04-17,35.63669967651367,0.515309,1.824026251163922,0.0,GREEN
2006-04-18,36.32101821899414,0.544771,1.8243575435611057,0.0,GREEN
2006-04-19,36.48357391357422,0.551849,1.8246903440313618,0.0,GREEN
2006-04-20,36.355255126953125,0.545786,1.825023567261314,0.0,GREEN
2006-04-21,35.92753601074219,0.526284,1.8253568513441782,0.0,GREEN
2006-04-24,35.893333435058594,0.524551,1.8256918622742364,0.0,GREEN
2006-04-25,35.81632232666016,0.520945,1.8260267173609193,0.0,GREEN
2006-04-26,35.80776596069336,0.520343,1.8263640250891904,0.0,GREEN
2006-04-27,36.14994430541992,0.535032,1.826701540064717,0.0,GREEN
2006-04-28,35.799224853515625,0.519225,1.8270391174135479,0.0,GREEN
2006-05-01,35.44851303100586,0.503737,1.8273762496385564,0.0,GREEN
2006-05-02,35.542606353759766,0.507526,1.8277132265088867,0.0,GREEN
2006-05-03,35.49127578735352,0.505103,1.8280528040334638,0.0,GREEN
2006-05-04,35.78213119506836,0.517299,1.8283935327663747,0.0,GREEN
2006-05-05,36.06440734863281,0.529313,1.8287325111179435,0.0,GREEN
2006-05-08,36.09862518310547,0.530585,1.829073221413722,0.0,GREEN
2006-05-09,35.96175765991211,0.524313,1.8294143580721258,0.0,GREEN
2006-05-10,35.64525604248047,0.510235,1.829759551146808,0.0,GREEN
2006-05-11,34.84973907470703,0.475848,1.8301045915087848,0.0,GREEN
2006-05-12,34.37923812866211,0.456364,1.8304455574362168,0.0,GREEN
2006-05-15,34.35356903076172,0.45514,1.8307874585010524,0.0,GREEN
2006-05-16,34.09696960449219,0.444739,1.831128696943174,0.0,GREEN
2006-05-17,33.635005950927734,0.426466,1.8314707256087044,0.0,GREEN
2006-05-18,33.40403747558594,0.417491,1.8318128181603004,0.0,GREEN
2006-05-19,33.660667419433594,0.426929,1.832154974609895,0.0,GREEN
2006-05-22,33.33560562133789,0.414372,1.8324964679418263,0.0,GREEN
2006-05-23,33.01055145263672,0.402067,1.8328369341623223,0.0,GREEN
2006-05-24,33.23297500610352,0.410016,1.8331796455685923,0.0,GREEN
2006-05-25,33.66923522949219,0.425982,1.8335216936222511,0.0,GREEN
2006-05-26,33.780460357666016,0.430015,1.8338634416954218,0.0,GREEN
2006-05-30,33.05332565307617,0.402056,1.8342063450423023,0.0,GREEN
2006-05-31,33.20730209350586,0.407497,1.8345482207268913,0.0,GREEN
2006-06-01,33.99430084228516,0.436288,1.83489147053406,0.0,GREEN
2006-06-02,33.90876388549805,0.432803,1.8352342020319103,0.0,GREEN
2006-06-05,33.17308044433594,0.404441,1.8355751769060353,0.0,GREEN
2006-06-06,33.14744567871094,0.403323,1.8359176719354358,0.0,GREEN
2006-06-07,32.899356842041016,0.394088,1.8362627807446004,0.0,GREEN
2006-06-08,32.848052978515625,0.392069,1.8366075900798118,0.0,GREEN
2006-06-09,32.634178161621094,0.384235,1.836952682825218,0.0,GREEN
2006-06-12,31.99261283874512,0.361402,1.837298715157948,0.0,GREEN
2006-06-13,31.86430549621582,0.356891,1.837647364466481,0.0,YELLOW
2006-06-14,32.189361572265625,0.367654,1.8379953506935367,0.0,YELLOW
2006-06-15,33.06187438964844,0.397387,1.838342527609806,0.0,YELLOW
2006-06-16,32.81880187988281,0.388445,1.838686852067926,0.0,YELLOW
2006-06-19,32.553428649902344,0.378849,1.839033065119618,0.0,YELLOW
2006-06-20,32.596221923828125,0.380172,1.8393800731527572,0.0,YELLOW
2006-06-21,33.10982894897461,0.397972,1.8397304312758513,0.0,YELLOW
2006-06-22,32.69038391113281,0.382669,1.8400797610311266,0.0,YELLOW
2006-06-23,32.6561393737793,0.381293,1.8404284269451905,0.0,YELLOW
2006-06-26,32.741729736328125,0.384117,1.840781540894178,0.0,YELLOW
2006-06-27,32.12543869018555,0.362251,1.841135818286947,0.0,YELLOW
2006-06-28,32.365116119384766,0.370193,1.8414945475165843,0.0,YELLOW
2006-06-29,33.34950637817383,0.403803,1.841850423637047,0.0,YELLOW
2006-06-30,33.18687438964844,0.397712,1.8422060030771035,0.0,YELLOW
2006-07-03,33.383731842041016,0.404607,1.8425612856731715,0.0,YELLOW
2006-07-05,32.6561393737793,0.377968,1.8429184647327843,0.0,YELLOW
2006-07-06,32.62192153930664,0.376607,1.843274616030893,0.0,YELLOW
2006-07-07,32.26239776611328,0.363984,1.8436308361566518,0.0,YELLOW
2006-07-10,31.97991371154785,0.354257,1.8439874909315035,0.0,YELLOW
2006-07-11,32.2195930480957,0.362059,1.8443442147020706,0.0,YELLOW
2006-07-12,31.6118278503418,0.341404,1.844703935009408,0.0,YELLOW
2006-07-13,31.081100463867188,0.324051,1.8450644575186053,0.0,RED
2006-07-14,30.76439094543457,0.313996,1.8454243183018721,0.0,RED
2006-07-17,30.841432571411133,0.316211,1.8457842492722714,0.0,RED
2006-07-18,30.94415855407715,0.319223,1.846146081585645,0.0,RED
2006-07-19,31.346485137939453,0.331526,1.8465123804113563,0.0,RED
2006-07-20,30.88423538208008,0.316706,1.8468765536710081,0.0,RED
2006-07-21,30.5589542388916,0.306553,1.8472389665628708,0.0,RED
2006-07-24,31.166719436645508,0.324702,1.8476014505710752,0.0,RED
2006-07-25,31.346485137939453,0.330169,1.8479640057095765,0.0,RED
2006-07-26,31.32080078125,0.329204,1.8483306652345188,0.0,RED
2006-07-27,31.11536026000977,0.322574,1.848695197100329,0.0,RED
2006-07-28,31.76590156555176,0.342658,1.8490587004559076,0.0,RED
2006-07-31,31.75735092163086,0.342224,1.8494197071601663,0.0,RED
2006-08-01,31.226646423339844,0.324907,1.8497818851819527,0.0,RED
2006-08-02,31.57758903503418,0.335711,1.8501478043464212,0.0,RED
2006-08-03,31.77446746826172,0.341835,1.8505123275262183,0.0,RED
2006-08-04,31.628963470458984,0.336981,1.8508772896642955,0.0,RED
2006-08-07,31.423524856567383,0.330258,1.8512404876212443,0.0,RED
2006-08-08,31.226646423339844,0.323897,1.8516055933686675,0.0,RED
2006-08-09,31.269441604614254,0.32508,1.8519711385135256,0.0,RED
2006-08-10,31.49199676513672,0.331871,1.8523338161906129,0.0,RED
2006-08-11,31.269441604614254,0.324682,1.8526950947872762,0.0,RED
2006-08-14,31.47488021850586,0.330932,1.8530579142391321,0.0,RED
2006-08-15,32.27095031738281,0.355888,1.8534222754226113,0.0,RED
2006-08-16,33.03278350830078,0.380929,1.853787076000262,0.0,RED
2006-08-17,33.15263366699219,0.384899,1.8541497414751216,0.0,RED
2006-08-18,33.2039794921875,0.386509,1.8542825030516261,0.2500312539067384,RED
2006-08-21,32.88727188110352,0.375271,1.8410759172481912,0.24450283299138809,RED
2006-08-22,32.89582061767578,0.375389,1.8414859140610185,0.2500006844280558,RED
2006-08-23,32.6475715637207,0.366717,1.8311227854941046,0.24560750468958237,RED
2006-08-24,32.741729736328125,0.36972,1.8350748472402025,0.2500003643610073,RED
2006-08-25,32.801666259765625,0.371579,1.8376522178366252,0.2509050013772395,RED
2006-08-28,33.04990768432617,0.379843,1.848177872331325,0.25502446248559557,RED
2006-08-29,33.15263366699219,0.38321,1.8526268339141396,0.25666719429309814,RED
2006-08-30,33.30670547485352,0.388377,1.8593080239297803,0.259193221177787,RED
2006-08-31,33.27245330810547,0.387,1.8578682834562503,0.25847439297786134,RED
2006-09-01,33.452232360839844,0.393096,1.865700694370985,0.26144366998288415,RED
2006-09-05,33.77751159667969,0.404385,1.8799758305034016,0.2669096351800713,RED
2006-09-06,33.101261138916016,0.379913,1.8496480831446798,0.5000612981460224,RED
2006-09-07,32.94719314575195,0.374437,1.8364934319974875,0.49638377046880167,RED
2006-09-08,33.14406204223633,0.38098,1.8526003111890978,0.5006666238951257,RED
2006-09-11,33.34950637817383,0.387893,1.869606926298867,0.5051144934048962,RED
2006-09-12,33.965824127197266,0.409224,1.921716051667938,0.5184418771645866,RED
2006-09-13,34.19694519042969,0.417394,1.9417822957964401,0.5233278663076786,RED
2006-09-14,34.231170654296875,0.418459,1.9445507171848464,0.5239162080694255,GREEN
2006-09-15,34.35364532470703,0.422762,1.9552035192702384,0.5264197439055875,GREEN
2006-09-18,34.362205505371094,0.422887,1.9556847664612298,0.5264458152761468,GREEN
2006-09-19,34.13095474243164,0.414158,1.9346097028326708,0.5211957782104055,YELLOW
2006-09-20,34.62771987915039,0.432055,1.9783276186748378,0.5000079237405048,GREEN
2006-09-21,34.41361999511719,0.423847,1.9597244026454992,0.49516527225340906,GREEN
2006-09-22,34.14808654785156,0.413845,1.9370129215032263,0.4891491014249557,GREEN
2006-09-25,34.74762725830078,0.435458,1.986683451127817,0.5018265848129216,GREEN
2006-09-26,34.91893005371094,0.441703,2.001168566272294,0.5053389130049257,GREEN
2006-09-27,34.876121520996094,0.439882,1.997186215511325,0.5042590443940147,GREEN
2006-09-28,34.97032165527344,0.44325,2.0050837936907913,0.5061185823460752,GREEN
2006-09-29,34.81616973876953,0.43719,1.9913958358303612,0.5026303287038407,GREEN
2006-10-02,34.37934494018555,0.420539,1.953460860455945,0.4928759519994653,GREEN
2006-10-03,34.52493667602539,0.425693,1.9654479411638954,0.49587364761518454,GREEN
2006-10-04,35.37287902832031,0.456867,2.0370078084135956,0.5134913844579538,GREEN
2006-10-05,35.54417419433594,0.463298,2.0519199969942328,0.5169351536074895,GREEN
2006-10-06,35.467079162597656,0.460075,2.0447298183460614,0.515144147038666,GREEN
2006-10-09,35.586997985839844,0.464534,2.055127822484197,0.5175052176035094,GREEN
2006-10-10,35.64694595336914,0.46667,2.0602074103595758,0.5186029746347819,GREEN
2006-10-11,35.57843017578125,0.463766,2.053749847149909,0.5169962909573563,GREEN
2006-10-12,36.143699645996094,0.485657,2.1040610551884646,0.5284542320932437,GREEN
2006-10-13,36.34070587158203,0.493375,2.1219249373837807,0.5323327530809518,GREEN
2006-10-16,36.37495422363281,0.494543,2.124792790630429,0.5328727848312351,GREEN
2006-10-17,35.972415924072266,0.477896,2.0868740634297547,0.5242919859695747,GREEN
2006-10-18,35.80110549926758,0.470847,2.070930551242647,0.5205354816577497,GREEN
2006-10-19,35.88677978515625,0.47401,2.078367204662386,0.5221572211233327,GREEN
2006-10-20,35.972415924072266,0.477184,2.0858294747374018,0.5237730378326968,GREEN
2006-10-23,36.34070587158203,0.491619,2.119073176561094,0.5311519378466889,GREEN
2006-10-24,36.09231948852539,0.48131,2.095666914976814,0.5258219280148149,GREEN
2006-10-25,36.34070587158203,0.491023,2.1181013660192898,0.5307514147351954,GREEN
2006-10-26,36.67472839355469,0.504334,2.148773192915492,0.5373580205265561,GREEN
2006-10-27,36.15228271484375,0.482547,2.0990886410903022,0.5263139810776101,GREEN
2006-10-30,36.38351821899414,0.491584,2.1199745368197247,0.5308883068960113,GREEN
2006-10-31,36.46917343139648,0.494829,2.1275990377785727,0.5324776997485192,GREEN
2006-11-01,35.972415924072266,0.47438,2.08097653905643,0.521909560121485,GREEN
2006-11-02,36.006675720214844,0.475517,2.0837745066889894,0.5224580110084728,GREEN
2006-11-03,35.91246032714844,0.471564,2.0749190804385997,0.520326019615971,GREEN
2006-11-06,36.43491744995117,0.491927,2.1217353768423504,0.5308178366733756,GREEN
2006-11-07,36.68330383300781,0.501761,2.144445228038661,0.5356955137594064,GREEN
2006-11-08,36.85458755493164,0.508557,2.16019988743969,0.5389913094422366,GREEN
2006-11-09,36.68330383300781,0.501231,2.143623200109009,0.535334878773585,GREEN
2006-11-10,36.85458755493164,0.50802,2.15936250287421,0.5386309690534027,GREEN
2006-11-13,37.23144912719727,0.52337,2.1947018492383945,0.5459707304012672,GREEN
2006-11-14,37.62542724609375,0.539743,2.2323829724966666,0.5535468487413885,GREEN
2006-11-15,37.77960586547852,0.546128,2.2471972448988544,0.5564028105238816,GREEN
2006-11-16,37.94233703613281,0.552933,2.262972937895375,0.5594086985185895,GREEN
2006-11-17,37.94233703613281,0.552677,2.2625828782624535,0.5592460953858628,GREEN
2006-11-20,38.01940155029297,0.55579,2.2699057055693426,0.560581778939333,GREEN
2006-11-21,38.07079315185547,0.557788,2.274675014095384,0.5614174083209,GREEN
2006-11-22,38.31062316894531,0.568073,2.298417444953725,0.5658630085150181,GREEN
2006-11-24,38.24209213256836,0.564764,2.2910363834390903,0.5643793106076441,GREEN
2006-11-27,37.37704849243164,0.52618,2.202893505562663,0.5468609334572301,GREEN
2006-11-28,37.488407135009766,0.530641,2.2133011531336786,0.5489039522578149,GREEN
2006-11-29,37.74534606933594,0.541309,2.2379196150768266,0.5537794433854728,GREEN
2006-11-30,37.71965026855469,0.539956,2.2350163257440334,0.5531128357876143,GREEN
2006-12-01,37.3941650390625,0.525731,2.20264234666329,0.5464565892547163,GREEN
2006-12-04,37.9080810546875,0.547167,2.251913403207996,0.55629387279232,GREEN
2006-12-05,38.04510498046875,0.552851,2.2651198808942508,0.5587955938349982,GREEN
2006-12-06,37.9080810546875,0.546626,2.2510602349313493,0.5559544797658126,GREEN
2006-12-07,37.42844009399414,0.52563,2.203182976650819,0.5462175406215802,GREEN
2006-12-08,37.5997314453125,0.532608,2.219350957594001,0.5494368276010831,GREEN
2006-12-11,37.73678207397461,0.538192,2.2323270492748764,0.5519700094921725,GREEN
2006-12-12,37.51407623291016,0.528421,2.2101476808083538,0.5473874549773181,GREEN
2006-12-13,37.58259963989258,0.531078,2.2164215576554134,0.5485825777300178,GREEN
2006-12-14,38.00229644775391,0.54863,2.256797610589661,0.5565741143676431,GREEN
2006-12-15,38.10005569458008,0.552618,2.26611924972516,0.5583137609523104,GREEN
2006-12-18,37.72272872924805,0.53595,2.228147923644151,0.5507015780767222,GREEN
2006-12-19,37.6026725769043,0.53059,2.2160672181052354,0.5481661284004454,GREEN
2006-12-20,37.46548080444336,0.524542,2.2024123829348987,0.5452776449289061,GREEN
2006-12-21,37.19964599609375,0.513139,2.176497640124232,0.5397751518953873,GREEN
2006-12-22,36.813743591308594,0.496936,2.1395934501369194,0.5317472658885953,GREEN
2006-12-26,36.96811294555664,0.502962,2.153582651870681,0.5346993985346042,GREEN
2006-12-27,37.156768798828125,0.510434,2.1708824727828238,0.538318553305305,GREEN
2006-12-28,36.9766731262207,0.502779,2.1535492308793405,0.5345131460498961,GREEN
2006-12-29,37.01097869873047,0.503948,2.1564191564508826,0.5350429059113705,GREEN
2007-01-03,37.07959365844727,0.50652,2.162502049757176,0.5362609038115455,GREEN
2007-01-04,37.78275680541992,0.535104,2.2281400201956734,0.5498342429435559,GREEN
2007-01-05,37.6026725769043,0.527207,2.2102550635378844,0.5461033481434362,GREEN
2007-01-08,37.62841033935547,0.528047,2.2123736933347455,0.5464496589336927,GREEN
2007-01-09,37.81705093383789,0.535745,2.2301935865444884,0.5499859934096549,GREEN
2007-01-10,38.26296615600586,0.554449,2.2732128828961367,0.5584156243786043,GREEN
2007-01-11,38.65742874145508,0.57134,2.3120815973463698,0.5657538770705014,GREEN
2007-01-12,38.85467529296875,0.579821,2.3316964563334808,0.5693220353857592,GREEN
2007-01-16,38.828948974609375,0.578401,2.3279807379154116,0.0,GREEN
2007-01-17,38.511661529541016,0.563953,2.3284384817399655,0.0,GREEN
2007-01-18,37.79990768432617,0.532423,2.3288986255369286,0.0,GREEN
2007-01-19,37.877071380615234,0.535435,2.329358860267071,0.0,GREEN
2007-01-22,37.46548080444336,0.517731,2.329821034644108,0.0,GREEN
2007-01-23,37.37113571166992,0.513579,2.3302823761690927,0.0,GREEN
2007-01-24,37.98857498168945,0.538795,2.330745196151609,0.0,GREEN
2007-01-25,37.49976348876953,0.517745,2.331206720675233,0.0,GREEN
2007-01-26,37.3625602722168,0.511821,2.33166926169124,0.0,GREEN
2007-01-29,37.396854400634766,0.512992,2.332131431837879,0.0,GREEN
2007-01-30,37.41402053833008,0.51346,2.3325936935932416,0.0,GREEN
2007-01-31,37.79133605957031,0.528756,2.3330560469754857,0.0,GREEN
2007-02-01,37.73130798339844,0.52599,2.3335166403727556,0.0,GREEN
2007-02-02,37.86851119995117,0.531483,2.3339787136863017,0.0,GREEN
2007-02-05,37.83419799804688,0.52979,2.334441804700922,0.0,GREEN
2007-02-06,37.78275680541992,0.527382,2.334904524405181,0.0,GREEN
2007-02-07,38.125755310058594,0.541499,2.335368725683026,0.0,GREEN
2007-02-08,38.11717224121094,0.54088,2.33583301924851,0.0,GREEN
2007-02-09,37.62841033935547,0.51982,2.336297868545322,0.0,GREEN
2007-02-12,37.48262405395508,0.513535,2.336762810350831,0.0,GREEN
2007-02-13,37.61125564575195,0.518582,2.337228308337474,0.0,GREEN
2007-02-14,38.24582290649414,0.544588,2.33769436280066,0.0,GREEN
2007-02-15,38.46879196166992,0.553858,2.338159118724973,0.0,GREEN
2007-02-16,38.34015274047852,0.548042,2.338624894865108,0.0,GREEN
2007-02-20,38.6317138671875,0.560288,2.3390916918378,0.0,GREEN
2007-02-21,38.75176239013672,0.565248,2.33955904605651,0.0,GREEN
2007-02-22,38.94902420043945,0.573615,2.340026493653332,0.0,GREEN
2007-02-23,38.811790466308594,0.567282,2.3404949632501184,0.0,GREEN
2007-02-26,38.62312698364258,0.558743,2.3409630622392257,0.0,GREEN
2007-02-27,37.03670120239258,0.489633,2.341431719335559,0.0,GREEN
2007-02-28,37.156768798828125,0.494166,2.341895359960304,0.0,GREEN
2007-03-01,36.98527145385742,0.487094,2.342359557065661,0.0,GREEN
2007-03-02,36.4278564453125,0.464845,2.3428233814169954,0.0,GREEN
2007-03-05,36.14487075805664,0.453796,2.3431096918231793,0.15001125084381328,GREEN
2007-03-06,36.74513244628906,0.476194,2.360850316410094,0.15623245445626396,GREEN
2007-03-07,36.59935760498047,0.470306,2.3566829631767776,0.15457353761429726,GREEN
2007-03-08,36.848052978515625,0.479676,2.3643323624940358,0.15714307677152864,GREEN
2007-03-09,36.813743591308594,0.478115,2.363514318595352,0.15668590152532727,GREEN
2007-03-12,37.053855895996094,0.487249,2.3709806798864532,0.15917641919785552,GREEN
2007-03-13,36.333534240722656,0.458608,2.3491880653051136,0.1512096923675321,GREEN
2007-03-14,36.86520004272461,0.47853,2.3650093607572074,0.15672276857049697,GREEN
2007-03-15,36.77943420410156,0.474971,2.3626416761762377,0.1557130540729218,GREEN
2007-03-16,36.75115585327149,0.473658,2.3620121489903716,0.15532399029308414,GREEN
2007-03-19,37.128684997558594,0.488038,2.373537095712709,0.15926245439906617,GREEN
2007-03-20,37.39469909667969,0.498304,2.3818763641090466,0.1620432510698438,GREEN
2007-03-21,38.11546325683594,0.526889,2.404406084125009,0.16973331871525824,GREEN
2007-03-22,37.978172302246094,0.520953,2.400197249575869,0.1681153615370573,GREEN
2007-03-23,37.85805130004883,0.51577,2.3965725278190986,0.1666945074946564,GREEN
2007-03-26,38.01251220703125,0.521845,2.4016682894435526,0.16830006825720456,GREEN
2007-03-27,37.74648666381836,0.510649,2.3933870755798075,0.16525908110020163,GREEN
2007-03-28,37.34318542480469,0.494047,2.3809178670433604,0.16072359637709815,GREEN
2007-03-29,37.38609313964844,0.495523,2.3824504607109596,0.16110006947262284,GREEN
2007-03-30,37.35177612304688,0.493932,2.3816071542316326,0.16063967856387815,GREEN
2007-04-02,37.40325546264648,0.495747,2.3834012859477953,0.16110859666342972,GREEN
2007-04-03,37.892372131347656,0.514968,2.3986783003629233,0.16628919308774207,GREEN
2007-04-04,38.04681015014648,0.521029,2.4037621639344158,0.1678905263947925,GREEN
2007-04-05,38.23559188842773,0.528546,2.4099738645102677,0.16987373941523162,GREEN
2007-04-09,38.14120101928711,0.52439,2.407143393011947,0.16873618609923344,GREEN
2007-04-10,38.33856964111328,0.532291,2.4136510884710307,0.1708167374574127,GREEN
2007-04-11,37.93526840209961,0.515249,2.400838579729271,0.16623022228019937,GREEN
2007-04-12,38.23559188842773,0.527251,2.410522901364528,0.16941893194790233,GREEN
2007-04-13,38.31282806396485,0.530206,2.4131998422183063,0.1701794591629591,GREEN
2007-04-16,38.66464614868164,0.544571,2.4247134106356283,0.17396019467695217,GREEN
2007-04-17,38.75042724609375,0.547947,2.4277150023997223,0.17482222396360544,GREEN
2007-04-18,38.62172317504883,0.542239,2.423680156592579,0.17328909463417405,GREEN
2007-04-19,38.74185562133789,0.547052,2.427793749510862,0.17453101343514427,GREEN
2007-04-20,38.95639419555664,0.555893,2.435026951887025,0.17682481894342647,GREEN
2007-04-23,39.01643753051758,0.558211,2.437206969641441,0.17740333026643523,GREEN
2007-04-24,39.21380233764648,0.566429,2.4439573705972295,0.17951785204315118,GREEN
2007-04-25,39.73722076416016,0.588855,2.461712414463791,0.18527927409103376,GREEN
2007-04-26,39.94314193725586,0.597744,2.4689811021433554,0.18752244158083606,GREEN
2007-04-27,39.9603157043457,0.598246,2.469752025591073,0.18762134394775398,GREEN
2007-04-30,39.4368782043457,0.574471,2.451718599251142,0.18149024104763592,GREEN
2007-05-01,39.40258026123047,0.572715,2.4507347362910137,0.1810081129396088,GREEN
2007-05-02,39.83159637451172,0.591167,2.4654056679143443,0.1857280855793302,GREEN
2007-05-03,39.97747421264648,0.597398,2.4706107574591423,0.1872902742316086,GREEN
2007-05-04,40.01180267333984,0.59867,2.4719744706362485,0.18758551666079046,GREEN
2007-05-07,40.01180267333984,0.598404,2.472146979886196,0.18748908487813412,GREEN
2007-05-08,40.09761047363281,0.601986,2.475298478174938,0.1883712439528651,GREEN
2007-05-09,40.18341445922852,0.605583,2.4784636587354534,0.18925480258705044,GREEN
2007-05-10,39.63424301147461,0.580485,2.459400881109874,0.18281737418987812,GREEN
2007-05-11,40.1405029296875,0.602472,2.476807595126674,0.1884084541706758,GREEN
2007-05-14,39.86592864990234,0.589842,2.4674009926187295,0.18516195078706477,GREEN
2007-05-15,39.55702972412109,0.575871,2.4569545770171737,0.18154482363624377,GREEN
2007-05-16,39.94314193725586,0.592483,2.470195841364151,0.18578057247640897,GREEN
2007-05-17,39.75436019897461,0.583822,2.4638553028349004,0.18353590881471518,GREEN
2007-05-18,40.08043670654297,0.59793,2.475154809000709,0.18711291560709395,GREEN
2007-05-21,40.337867736816406,0.609187,2.484248105775301,0.18993781991821101,GREEN
2007-05-22,40.3721809387207,0.610468,2.485616445082372,0.19023244044611926,GREEN
2007-05-23,40.18341445922852,0.601632,2.479153809782679,0.1879677077527455,GREEN
2007-05-24,39.6085205078125,0.57554,2.4593246182192954,0.18126562157630652,GREEN
2007-05-25,39.85735321044922,0.586131,2.4679087304819722,0.18395914670906227,GREEN
2007-05-29,40.16625595092773,0.5995,2.4786426480651773,0.1873402341724458,GREEN
2007-05-30,40.49232864379883,0.613835,2.4901204668466512,0.19093567422094682,GREEN
2007-05-31,40.68107986450195,0.622153,2.49693941890066,0.1929945225750499,GREEN
2007-06-01,40.70682907104492,0.623061,2.4980097463981243,0.19319337460467884,GREEN
2007-06-04,40.82696914672852,0.628306,2.5024446115518297,0.19447443688792332,GREEN
2007-06-05,40.82696914672852,0.628028,2.5025992437057147,0.1943763788226367,GREEN
2007-06-06,40.38933944702149,0.607557,2.4871184280037473,0.1892109877613843,GREEN
2007-06-07,39.76295852661133,0.579023,2.4653895937229047,0.18191396755256428,GREEN
2007-06-08,40.25205993652344,0.600137,2.4821166473895113,0.18727681076139857,GREEN
2007-06-11,40.17483139038086,0.596422,2.4796097862293016,0.18630568286565152,GREEN
2007-06-12,39.93458557128906,0.585464,2.47148964312596,0.1834835735991461,GREEN
2007-06-13,40.3721809387207,0.604459,2.4865700013175434,0.18828769884366356,GREEN
2007-06-14,40.63818740844727,0.616149,2.4959862491213487,0.19120504579091857,GREEN
2007-06-15,41.0134391784668,0.632958,2.5093671404517264,0.19537386853384395,GREEN
2007-06-18,41.02203750610352,0.633091,2.5098251024674774,0.19537926446404924,GREEN
2007-06-19,41.0134391784668,0.632422,2.50966032598239,0.1951856177022253,GREEN
2007-06-20,40.62702560424805,0.614272,2.49596392128998,0.19062427523677072,GREEN
2007-06-21,40.99628448486328,0.630756,2.509100551274183,0.19471486768048307,GREEN
2007-06-22,40.60986709594727,0.612647,2.4954396426175394,0.19015993947942594,GREEN
2007-06-25,40.43811798095703,0.604606,2.4895790880772584,0.18810585544934902,GREEN
2007-06-26,40.206241607666016,0.593939,2.4816890139841954,0.1853746203433451,GREEN
2007-06-27,40.82453536987305,0.62108,2.503086429587219,0.19218854015494422,GREEN
2007-06-28,40.8073616027832,0.620024,2.5026404004819796,0.19189596314674082,GREEN
2007-06-29,40.87606048583984,0.622883,2.5052272484760447,0.19258175524223237,GREEN
2007-07-02,41.24531555175781,0.639486,2.518462143493897,0.19667601642962546,GREEN
2007-07-03,41.485782623291016,0.650382,2.527281503687312,0.19932908977726493,GREEN
2007-07-05,41.786319732666016,0.664224,2.5383896180922623,0.20268054811907704,GREEN
2007-07-06,41.95805740356445,0.672115,2.5448879905500092,0.20456470548695524,GREEN
2007-07-09,41.98383712768555,0.673052,2.545998530943471,0.2047605369280749,GREEN
2007-07-10,41.63175201416016,0.655815,2.5330318658362767,0.20053790877545558,GREEN
2007-07-11,41.91512298583984,0.668911,2.543561648567888,0.2036956989812405,GREEN
2007-07-12,42.559200286865234,0.699445,2.567598304721535,0.2109999143473524,GREEN
2007-07-13,42.85118103027344,0.713525,2.5786148725260336,0.0,GREEN
2007-07-16,42.8082275390625,0.711058,2.579108083800963,0.0,GREEN
2007-07-17,43.13454818725586,0.726998,2.5795983190240985,0.0,GREEN
2007-07-18,43.08301162719727,0.724064,2.5800906947291344,0.0,GREEN
2007-07-19,43.211822509765625,0.730231,2.580583676349879,0.0,GREEN
2007-07-20,42.97998046875,0.718147,2.5810782882133667,0.0,GREEN
2007-07-23,42.99715042114258,0.718681,2.5815724827470308,0.0,GREEN
2007-07-24,42.36168670654297,0.686488,2.5820698452253232,0.0,GREEN
2007-07-25,42.42179489135742,0.689099,2.5825693527846676,0.0,GREEN
2007-07-26,42.06113052368164,0.671215,2.5830648576624147,0.0,GREEN
2007-07-27,41.21095657348633,0.630216,2.5835537949370884,0.0,GREEN
2007-07-30,41.69186019897461,0.651999,2.584036160826298,0.0,GREEN
2007-07-31,40.8159408569336,0.61061,2.5845201548793515,0.0,GREEN
2007-08-01,41.13368606567383,0.624599,2.5850134700300296,0.0,GREEN
2007-08-02,41.511531829833984,0.641533,2.5854996987306755,0.0,GREEN
2007-08-03,40.72148513793945,0.60462,2.5859865318963338,0.0,GREEN
2007-08-06,41.19380187988281,0.62539,2.586468838888662,0.0,GREEN
2007-08-07,41.485782623291016,0.638407,2.5869527754350914,0.0,GREEN
2007-08-08,41.94091033935547,0.659131,2.5874439884761915,0.0,GREEN
2007-08-09,40.97052383422852,0.613087,2.587937348314305,0.0,GREEN
2007-08-10,40.60126495361328,0.596253,2.588422073065935,0.0,GREEN
2007-08-13,40.87606048583984,0.608104,2.5888755605006115,0.0,GREEN
2007-08-14,40.18049621582031,0.576801,2.589340941724113,0.0,GREEN
2007-08-15,39.41621398925781,0.543658,2.589803324035135,0.0,GREEN
2007-08-16,39.02973937988281,0.527469,2.5902277640361127,0.0,GREEN
2007-08-17,39.76827621459961,0.557223,2.5906080752603367,0.0,GREEN
2007-08-20,39.95721054077149,0.564996,2.590980218154621,0.0,GREEN
2007-08-21,40.37799835205078,0.582653,2.5912835273517287,0.0,GREEN
2007-08-22,40.927581787109375,0.606239,2.591635201552572,0.0,GREEN
2007-08-23,40.8159408569336,0.601058,2.592001835665343,0.0,GREEN
2007-08-24,41.39129638671875,0.62624,2.5923834359395173,0.0,GREEN
2007-08-27,41.116493225097656,0.613505,2.5928031551546304,0.0,GREEN
2007-08-28,40.13755416870117,0.569434,2.593253809048134,0.0,GREEN
2007-08-29,41.28823852539063,0.618195,2.5936932214971486,0.0,GREEN
2007-08-30,41.50293350219727,0.627613,2.5940894801739507,0.0,GREEN
2007-08-31,41.96665573120117,0.648408,2.5944734465950035,0.0,GREEN
2007-09-04,42.6622428894043,0.680384,2.59488423822503,0.0,GREEN
2007-09-05,42.232887268066406,0.659567,2.5953249566807455,0.0,GREEN
2007-09-06,42.19852066040039,0.657693,2.595759570600296,0.0,GREEN
2007-09-07,41.41705322265625,0.620903,2.5961880769263916,0.0,GREEN
2007-09-10,41.39129638671875,0.61951,2.5965939888776473,0.0,GREEN
2007-09-11,42.0181770324707,0.647419,2.5969927515141475,0.0,GREEN
2007-09-12,42.02676773071289,0.647571,2.5974039420341204,0.0,GREEN
2007-09-13,42.232887268066406,0.656851,2.597805921225455,0.0,GREEN
2007-09-14,42.26721954345703,0.658205,2.5982131169997693,0.0,GREEN
2007-09-17,41.91512298583984,0.641502,2.5986131593486306,0.0,GREEN
2007-09-18,42.97137451171875,0.689758,2.599024606433178,0.0,GREEN
2007-09-19,43.08301162719727,0.694877,2.59942271098509,0.0,GREEN
2007-09-20,42.96280670166016,0.68881,2.5998157189366817,0.0,GREEN
2007-09-21,43.2686653137207,0.703276,2.6001943429004455,0.0,GREEN
2007-09-24,43.46628189086914,0.712658,2.6005678628696414,0.0,GREEN
2007-09-25,43.87866973876953,0.732684,2.6009465963718292,0.0,GREEN
2007-09-26,44.093482971191406,0.743183,2.601327449272204,0.0,GREEN
2007-09-27,44.3168830871582,0.754215,2.601701648161236,0.0,GREEN
2007-09-28,44.170806884765625,0.746483,2.602073319815413,0.0,GREEN
2007-10-01,44.677734375,0.771908,2.6024553702680873,0.0,GREEN
2007-10-02,44.68632888793945,0.772064,2.602847287662084,0.0,GREEN
2007-10-03,44.37703323364258,0.755743,2.603244944876738,0.0,GREEN
2007-10-04,44.480106353759766,0.760727,2.6036416298118525,0.0,GREEN
2007-10-05,45.382266998291016,0.806728,2.604037858611442,0.0,GREEN
2007-10-08,45.66581344604492,0.821546,2.604437764413617,0.0,GREEN
2007-10-09,45.863426208496094,0.831899,2.6048372148891845,0.0,GREEN
2007-10-10,45.97510147094727,0.837659,2.6052413781325887,0.0,GREEN
2007-10-11,45.24479675292969,0.797416,2.6056481886355205,0.0,GREEN
2007-10-12,45.99228286743164,0.836625,2.6060623005916184,0.0,GREEN
2007-10-15,45.6400260925293,0.817067,2.6064842344800145,0.0,GREEN
2007-10-16,45.42522430419922,0.805207,2.606914511226749,0.0,GREEN
2007-10-17,46.00949478149414,0.835972,2.60734123830448,0.0,GREEN
2007-10-18,46.20708847045898,0.846443,2.6077437207525165,0.0,GREEN
2007-10-19,45.0557746887207,0.782862,2.60812039485637,0.0,GREEN
2007-10-22,45.5970573425293,0.810783,2.608507473042943,0.0,GREEN
2007-10-23,46.55076217651367,0.861353,2.6089070301291453,0.0,GREEN
2007-10-24,46.198516845703125,0.841487,2.6093066484173444,0.0,GREEN
2007-10-25,45.57988357543945,0.807369,2.6096907963445335,0.0,GREEN
2007-10-26,46.33597946166992,0.847245,2.610086392323415,0.0,GREEN
2007-10-29,46.52498626708984,0.857295,2.610484119764784,0.0,GREEN
2007-10-30,46.61949920654297,0.862198,2.6108839796230554,0.0,GREEN
2007-10-31,47.28109359741211,0.898584,2.611282864665617,0.0,GREEN
2007-11-01,46.39610290527344,0.847799,2.6116787019818353,0.0,GREEN
2007-11-02,46.7569694519043,0.867287,2.6120626809259457,0.0,GREEN
2007-11-05,46.45627212524414,0.850248,2.6124254674094076,0.0,GREEN
2007-11-06,46.98034286499024,0.878719,2.6127965976861542,0.0,GREEN
2007-11-07,45.83763885498047,0.814304,2.613172964826972,0.0,GREEN
2007-11-08,44.44575881958008,0.739855,2.6135213878780705,0.0,GREEN
2007-11-09,42.95936965942383,0.665389,2.6138615605001925,0.0,GREEN
2007-11-12,41.86819839477539,0.614473,2.614190367696471,0.0,GREEN
2007-11-13,43.59516525268555,0.690303,2.6145202536307486,0.0,GREEN
2007-11-14,43.03669357299805,0.663544,2.614868856320349,0.0,GREEN
2007-11-15,42.80471420288086,0.6526,2.615212836098457,0.0,GREEN
2007-11-16,43.19991683959961,0.67046,2.6155438888403935,0.0,GREEN
2007-11-19,42.70161056518555,0.647038,2.615885362621922,0.0,GREEN
2007-11-20,42.87343597412109,0.654642,2.6162253239239877,0.0,GREEN
2007-11-21,42.36653137207031,0.631218,2.6165533902830416,0.0,GREEN
2007-11-23,42.821895599365234,0.65137,2.6168690379896544,0.0,GREEN
2007-11-26,42.08297729492188,0.617448,2.6171951081902023,0.0,GREEN
2007-11-27,42.92498779296875,0.654317,2.6175123911755294,0.0,GREEN
2007-11-28,44.23096084594727,0.713839,2.6178317900139296,0.0,GREEN
2007-11-29,44.41996383666992,0.722777,2.6181392813710054,0.0,GREEN
2007-11-30,44.08489990234375,0.706195,2.618439016759965,0.0,GREEN
2007-12-03,43.7154541015625,0.688226,2.6187580091253087,0.0,GREEN
2007-12-04,43.53501129150391,0.679493,2.619065609276377,0.0,GREEN
2007-12-05,44.3168830871582,0.715895,2.6193753241797735,0.0,GREEN
2007-12-06,44.95268630981445,0.74649,2.6196850757081864,0.0,GREEN
2007-12-07,44.96126937866211,0.746686,2.619992784752791,0.0,GREEN
2007-12-10,45.14169692993164,0.755448,2.6203067680131076,0.0,GREEN
2007-12-11,44.093482971191406,0.702598,2.6206155898851695,0.0,GREEN
2007-12-12,44.488731384277344,0.721286,2.620914048871005,0.0,GREEN
2007-12-13,44.2481575012207,0.709376,2.6212063015824083,0.0,GREEN
2007-12-14,43.79277801513672,0.687267,2.621495466401591,0.0,GREEN
2007-12-17,42.72737503051758,0.6369,2.621786223545583,0.0,GREEN
2007-12-18,42.86483001708984,0.642852,2.6220910582205836,0.0,GREEN
2007-12-19,42.85626983642578,0.642278,2.6224000903839935,0.0,GREEN
2007-12-20,43.73263549804688,0.681492,2.6226951103981317,0.0,GREEN
2007-12-21,44.59528732299805,0.721616,2.6229870413489156,0.0,GREEN
2007-12-24,44.93072128295898,0.737666,2.623288893042172,0.0,GREEN
2007-12-26,45.15435409545898,0.748441,2.6236220090970455,0.0,GREEN
2007-12-27,44.61249542236328,0.721262,2.62395777023709,0.0,GREEN
2007-12-28,44.569480895996094,0.718949,2.6242779555652094,0.0,GREEN
2007-12-31,44.05344772338867,0.693748,2.6245987006407225,0.0,GREEN
2008-01-02,43.35677337646485,0.660612,2.6249257339818075,0.0,GREEN
2008-01-03,43.537391662597656,0.668657,2.6252559329808944,0.0,GREEN
2008-01-04,41.62800216674805,0.580471,2.625584089982452,0.0,GREEN
2008-01-07,41.43018341064453,0.572009,2.625908641350124,0.0,GREEN
2008-01-08,40.355098724365234,0.527296,2.6262384429671757,0.0,GREEN
2008-01-09,41.21517181396485,0.560844,2.6265677649396038,0.0,GREEN
2008-01-10,41.27537155151367,0.563123,2.6268919167441047,0.0,GREEN
2008-01-11,40.46689224243164,0.529859,2.627218193410773,0.0,GREEN
2008-01-14,41.17215347290039,0.557396,2.627532000027325,0.0,GREEN
2008-01-15,40.03684997558594,0.511111,2.6278536641670196,0.0,GREEN
2008-01-16,39.6068115234375,0.494482,2.628175367685043,0.0,GREEN
2008-01-17,39.05636215209961,0.473714,2.62849241740796,0.0,GREEN
2008-01-18,39.00474166870117,0.471698,2.628803247068833,0.0,GREEN
2008-01-22,37.99845504760742,0.435074,2.6290942931386363,0.0,GREEN
2008-01-23,37.852237701416016,0.429948,2.6293269471197416,0.0,GREEN
2008-01-24,38.626312255859375,0.456217,2.6295471010714317,0.0,GREEN
2008-01-25,37.83504104614258,0.428068,2.629787099412982,0.0,GREEN
2008-01-28,38.1274642944336,0.437888,2.6300187711366303,0.0,GREEN
2008-01-29,38.19628143310547,0.440152,2.6302499414283895,0.0,GREEN
2008-01-30,38.161869049072266,0.438857,2.630480088290301,0.0,GREEN
2008-01-31,38.815547943115234,0.461314,2.6307034703404955,0.0,GREEN
2008-02-01,39.21116638183594,0.475312,2.6308986852413714,0.0,RED
2008-02-04,38.66073226928711,0.45518,2.6311127067564226,0.0,RED
2008-02-05,37.55981063842773,0.416185,2.6313392748030258,0.0,RED
2008-02-06,36.82013702392578,0.391501,2.631563251894068,0.0,RED
2008-02-07,37.07815933227539,0.399639,2.631776283200952,0.0,RED
2008-02-08,37.49961471557617,0.41317,2.631995597881259,0.0,RED
2008-02-11,37.90384292602539,0.426431,2.632221197512899,0.0,RED
2008-02-12,37.68882369995117,0.419068,2.6324499500753262,0.0,RED
2008-02-13,38.514495849609375,0.446508,2.6326849902494405,0.0,RED
2008-02-14,37.81784057617188,0.422169,2.6329158725482054,0.0,RED
2008-02-15,37.68882369995117,0.417748,2.6331478199018714,0.0,RED
2008-02-19,37.62002182006836,0.415359,2.633370383598607,0.0,RED
2008-02-20,37.79203414916992,0.420956,2.633597146056278,0.0,RED
2008-02-21,37.43080139160156,0.408784,2.633824450566877,0.0,RED
2008-02-22,37.56842422485352,0.413195,2.634048116622453,0.0,RED
2008-02-25,37.757625579833984,0.41934,2.6342718016718933,0.0,RED
2008-02-26,37.90384292602539,0.424114,2.6344923696570195,0.0,RED
2008-02-27,38.093055725097656,0.430371,2.6347092971091093,0.0,RED
2008-02-28,37.94686126708984,0.425322,2.634911082379158,0.0,RED
2008-02-29,36.9405403137207,0.391395,2.635105041113605,0.0,RED
2008-03-03,36.69974136352539,0.383663,2.6352916943838602,0.0,RED
2008-03-04,36.90614318847656,0.390061,2.6354626746177963,0.0,RED
2008-03-05,37.08678436279297,0.395716,2.6356294826749953,0.0,RED
2008-03-06,36.26968383789063,0.36949,2.6357842736148616,0.0,RED
2008-03-07,36.18366241455078,0.366794,2.635927045264013,0.0,RED
2008-03-10,35.48701477050781,0.345545,2.6360734856529224,0.0,RED
2008-03-11,36.837345123291016,0.384927,2.6362094735658452,0.0,RED
2008-03-12,36.73413848876953,0.381621,2.636360114113178,0.0,RED
2008-03-13,37.017974853515625,0.390401,2.636510763268542,0.0,RED
2008-03-14,36.33849334716797,0.368841,2.6366467737394363,0.0,RED
2008-03-17,35.676239013671875,0.348621,2.6367639580409903,0.0,RED
2008-03-18,37.26738739013672,0.395217,2.6368675451974823,0.0,RED
2008-03-19,36.34709167480469,0.36589,2.6369617190358876,0.0,RED
2008-03-20,37.08992385864258,0.388284,2.63702973590313,0.0,RED
2008-03-24,38.372467041015625,0.428505,2.6370820579217,0.0,RED
2008-03-25,38.58764266967773,0.435641,2.6371882737253136,0.0,RED
2008-03-26,38.47574996948242,0.431777,2.6373196098868594,0.0,RED
2008-03-27,37.62358474731445,0.403015,2.6371228408554557,0.25003125390673836,RED
2008-03-28,37.43422317504883,0.396859,2.6268246150246313,0.0,RED
2008-03-31,37.632205963134766,0.403088,2.626636967107128,0.25003125390673836,RED
2008-04-01,39.2418327331543,0.45474,2.710521515485847,0.0,RED
2008-04-02,39.15574645996094,0.451666,2.7103284263920693,0.25003125390673836,RED
2008-04-03,39.2418327331543,0.454565,2.714447097814246,0.0,RED
2008-04-04,39.47421646118164,0.462562,2.7142542675871715,0.25003125390673836,RED
2008-04-07,39.38814163208008,0.459454,2.709463944359219,0.0,RED
2008-04-08,39.08689498901367,0.448831,2.709271468127849,0.2500312539067383,RED
2008-04-09,38.64788055419922,0.433631,2.6861123398477056,0.0,RED
2008-04-10,39.19878768920898,0.452102,2.6859124633080076,0.25003125390673836,RED
2008-04-11,38.11422348022461,0.414502,2.629851476458043,0.0,RED
2008-04-14,37.94208908081055,0.408822,2.6296437865431868,0.25003125390673836,RED
2008-04-15,37.99370956420898,0.410426,2.6319775328090573,0.0,RED
2008-04-16,39.05244445800781,0.444672,2.631763409167136,0.2500312539067383,RED
2008-04-17,38.96637344360352,0.441659,2.6270653367794163,0.0,RED
2008-04-18,40.205867767333984,0.483728,2.6268630786843064,0.2500312539067383,RED
2008-04-21,40.48991775512695,0.493898,2.640774930197508,0.253943082900966,RED
2008-04-22,39.88739013671875,0.471766,2.6108237572644746,0.24534634407055125,RED
2008-04-23,40.32636642456055,0.487264,2.6316340080292857,0.0,RED
2008-04-24,40.68788909912109,0.500288,2.6314303540239172,0.25003125390673836,RED
2008-04-25,40.584598541259766,0.496392,2.6260719876375056,0.5000628681332889,RED
2008-04-28,40.66205596923828,0.499147,2.6334272642317855,0.5014337926084924,RED
2008-04-29,40.971927642822266,0.510467,2.663443528190406,0.5070264777096676,RED
2008-04-30,40.6362419128418,0.497831,2.6300901196192292,0.5007463216941843,RED
2008-05-01,41.91876220703125,0.544878,2.7546224067563685,0.5232914733069248,RED
2008-05-02,41.979000091552734,0.547126,2.76064086249884,0.5243048827639859,GREEN
2008-05-05,41.85851287841797,0.542309,2.747973871428951,0.5220843485718311,GREEN
2008-05-06,42.11674499511719,0.55224,2.7743270313385664,0.5265949232411308,GREEN
2008-05-07,41.35066223144531,0.521995,2.694397252911525,0.5125204242046991,YELLOW
2008-05-08,41.6605339050293,0.533627,2.7252300352594823,0.5000045022528955,GREEN
2008-05-09,41.49698257446289,0.527235,2.7089955304690227,0.4969757873280094,GREEN
2008-05-12,42.25445556640625,0.555997,2.7825291002674417,0.5102370834194103,GREEN
2008-05-13,42.36637115478516,0.560298,2.793606427823743,0.5121452358093916,GREEN
2008-05-14,42.27165985107422,0.556422,2.783805520714431,0.5103929739823979,GREEN
2008-05-15,43.01193618774414,0.585537,2.8582478031071936,0.5231108778302305,GREEN
2008-05-16,43.04636001586914,0.586819,2.861618236963203,0.523638726785136,GREEN
2008-05-19,42.73647689819336,0.574021,2.8290356551802383,0.5181179589657716,GREEN
2008-05-20,42.40939331054688,0.560718,2.7951638231738265,0.512243572030048,GREEN
2008-05-21,41.47117233276367,0.523384,2.699929437913745,0.49500241074023305,GREEN
2008-05-22,41.61750411987305,0.528812,2.7138878760870293,0.497563698105871,GREEN
2008-05-23,41.48838806152344,0.523778,2.701132205322697,0.49515446333657726,GREEN
2008-05-27,42.220027923583984,0.551375,2.7716991042894685,0.5079725863541853,GREEN
2008-05-28,42.39217376708984,0.558,2.7887162918731008,0.5109391147554838,GREEN
2008-05-29,42.77089691162109,0.572834,2.826695604172788,0.5174745908076451,GREEN
2008-05-30,43.04636001586914,0.583778,2.8547422718008866,0.5221798444480004,GREEN
2008-06-02,42.52129364013672,0.562292,2.7999774770936456,0.5127983898532478,GREEN
2008-06-03,42.28888320922852,0.552952,2.7762244972692116,0.5085950596711523,GREEN
2008-06-04,42.83115005493164,0.574106,2.8303396499602855,0.5179559381628074,GREEN
2008-06-05,43.51115798950195,0.601328,2.899949299144575,0.5294931032731952,GREEN
2008-06-06,42.202823638916016,0.546956,2.7612073044279635,0.5058161170658573,GREEN
2008-06-09,41.979000091552734,0.538136,2.738782724303113,0.5017342549244852,GREEN
2008-06-10,41.78105545043945,0.530402,2.7191339816293447,0.49809689188921086,GREEN
2008-06-11,40.7739486694336,0.49193,2.621001643273546,0.47926454437673366,GREEN
2008-06-12,40.8170051574707,0.493378,2.6248023164688394,0.4799792531498957,GREEN
2008-06-13,41.634727478027344,0.522921,2.7003465829809317,0.4944881183736148,GREEN
2008-06-16,42.00482940673828,0.536749,2.7357612054126283,0.5009937908483935,GREEN
2008-06-17,41.78105545043945,0.52805,2.7136532295818405,0.4968896876105257,GREEN
2008-06-18,41.33344650268555,0.510963,2.670127147635392,0.48864875524589596,YELLOW
2008-06-19,41.979000091552734,0.534794,2.7310819470414707,0.5000242657594209,GREEN
2008-06-20,40.845481872558594,0.491358,2.6202680316403835,0.4788412978016474,YELLOW
2008-06-23,40.52676773071289,0.47975,2.5907243110555314,0.4728605347711673,YELLOW
2008-06-24,40.32004928588867,0.472307,2.5718187184589043,0.4689465179540446,YELLOW
2008-06-25,40.97467803955078,0.495213,2.630406934840617,0.4807379224169632,YELLOW
2008-06-26,39.32086563110352,0.43515,2.477130249306431,0.4485691802475289,RED
2008-06-27,39.32086563110352,0.435063,2.4764436863852093,0.0,RED
2008-06-30,38.90741729736328,0.42125,2.4766038690517567,0.0,RED
2008-07-01,39.458683013916016,0.439066,2.4767714329288606,0.0,RED
2008-07-02,38.511192321777344,0.407344,2.476950802293273,0.0,RED
2008-07-03,38.44228744506836,0.405071,2.4771267444298455,0.0,RED
2008-07-07,38.67484664916992,0.412337,2.477304665035626,0.0,RED
2008-07-08,39.59651565551758,0.441728,2.477479157722982,0.0,RED
2008-07-09,38.5456657409668,0.406466,2.477038672256724,0.5001250312578145,RED
2008-07-10,39.00216674804688,0.420827,2.520254850515321,0.0,RED
2008-07-11,38.38198852539063,0.40067,2.5204178669992223,0.0,RED
2008-07-14,38.09775161743164,0.391696,2.520574893038246,0.0,RED
2008-07-15,38.10634994506836,0.391891,2.5207174255423093,0.0,RED
2008-07-16,39.05384826660156,0.421054,2.520854964687552,0.0,RED
2008-07-17,39.312255859375,0.429337,2.5209895103224578,0.0,RED
2008-07-18,38.407840728759766,0.399627,2.5211285649011597,0.0,RED
2008-07-21,38.57149505615234,0.404663,2.5212706284906026,0.0,RED
2008-07-22,38.57149505615234,0.404587,2.521408698072162,0.0,RED
2008-07-23,39.079689025878906,0.420501,2.5215587819232375,0.0,RED
2008-07-24,38.493953704833984,0.401511,2.5217133774871208,0.0,RED
2008-07-25,38.99357223510742,0.417063,2.5218744869543364,0.0,RED
2008-07-28,38.26140594482422,0.393485,2.5220436126697034,0.0,RED
2008-07-29,39.05384826660156,0.417854,2.5222102476902943,0.0,RED
2008-07-30,39.25195693969727,0.424129,2.5223783950348904,0.0,RED
2008-07-31,39.157222747802734,0.420974,2.522545552646456,0.0,RED
2008-08-01,38.65764999389648,0.404777,2.5227092178033814,0.0,RED
2008-08-04,38.270015716552734,0.392519,2.522872393041992,0.0,RED
2008-08-05,39.56204605102539,0.432194,2.5230385822518424,0.0,RED
2008-08-06,40.165000915527344,0.45187,2.5225789859980603,0.5001250312578144,RED
2008-08-07,39.85493087768555,0.441315,2.4925737971316173,0.0,RED
2008-08-08,40.75933456420898,0.47127,2.4921118393789063,0.5001250312578144,RED
2008-08-11,41.12972259521485,0.484018,2.5259087761207604,0.5067808276788348,GREEN
2008-08-12,41.17277526855469,0.485435,2.5297438197356805,0.5074939483254916,GREEN
2008-08-13,41.0866584777832,0.482285,2.52150324635184,0.5058485956326984,GREEN
2008-08-14,41.56040573120117,0.498864,2.565439460579773,0.5142765473779201,GREEN
2008-08-15,41.48287963867188,0.495967,2.5578682564320676,0.5128034450868014,GREEN
2008-08-18,41.00050735473633,0.478562,2.511926275623133,0.5038574070690423,GREEN
2008-08-19,40.4923210144043,0.460667,2.464685431124644,0.4943128838568821,GREEN
2008-08-20,40.56121826171875,0.462926,2.4707471018254186,0.49551819302783034,GREEN
2008-08-21,40.37171936035156,0.456343,2.4534196471616356,0.4919215855377682,GREEN
2008-08-22,40.90576934814453,0.474361,2.501155191214669,0.5015851403325425,GREEN
2008-08-25,40.04441833496094,0.444301,2.4217378911292267,0.48520635379385935,GREEN
2008-08-26,39.992713928222656,0.44249,2.4170297219149353,0.4841699093221545,GREEN
2008-08-27,40.25114822387695,0.450979,2.439563446643154,0.4889005516919548,GREEN
2008-08-28,40.57845306396485,0.461889,2.468498262509492,0.4948585966391975,GREEN
2008-08-29,39.725711822509766,0.432675,2.3913201316839787,0.4785203457239168,RED
2008-09-02,39.234745025634766,0.416547,2.348199227922577,0.0,RED
2008-09-03,38.86435317993164,0.404665,2.348352979060279,0.0,RED
2008-09-04,37.60676574707031,0.365301,2.3485081380928405,0.0,RED
2008-09-05,37.4259033203125,0.359958,2.348661909456803,0.0,RED
2008-09-08,37.35697555541992,0.357896,2.348814758881323,0.0,RED
2008-09-09,36.56453704833984,0.335049,2.348970414458566,0.0,RED
2008-09-10,36.86601257324219,0.34327,2.3491232839603957,0.0,RED
2008-09-11,37.55509948730469,0.362452,2.349274299029095,0.0,RED
2008-09-12,37.40868377685547,0.358146,2.3494215948026382,0.0,RED
2008-09-15,36.245849609375,0.3247,2.349557712089068,0.0,RED
2008-09-16,36.53007888793945,0.332293,2.349633233587179,0.0,RED
2008-09-17,34.63509750366211,0.280557,2.3497134194845795,0.0,RED
2008-09-18,35.8065299987793,0.309003,2.349715284336458,0.0,RED
2008-09-19,36.97705841064453,0.339263,2.349721811323387,0.0,RED
2008-09-22,35.23595428466797,0.291293,2.349807594819642,0.0,RED
2008-09-23,34.96873092651367,0.284627,2.349889185361129,0.0,RED
2008-09-24,35.21009063720703,0.29049,2.3499637850189186,0.0,RED
2008-09-25,35.770355224609375,0.304321,2.3500048161324028,0.0,RED
2008-09-26,35.40833282470703,0.29504,2.3500710265835547,0.0,RED
2008-09-29,32.598426818847656,0.224768,2.350148429715017,0.0,RED
2008-09-30,33.537933349609375,0.24417,2.35019039665015,0.0,RED
2008-10-01,33.18454360961914,0.236419,2.3502743320192354,0.0,RED
2008-10-02,31.67615127563477,0.204153,2.3503489439039034,0.0,RED
2008-10-03,31.184850692749023,0.194632,2.3504039719124457,0.0,RED
2008-10-06,30.047100067138672,0.173309,2.350447808811811,0.0,RED
2008-10-07,28.142210006713867,0.140324,2.3504860502242395,0.0,RED
2008-10-08,27.918109893798828,0.136955,2.3505592697326154,0.0,RED
2008-10-09,27.168214797973636,0.125903,2.3506189664746393,0.0,RED
2008-10-10,26.995832443237305,0.123496,2.3506730680207233,0.0,RED
2008-10-13,30.27981376647949,0.168554,2.350692656962345,0.0,RED
2008-10-14,28.96966552734375,0.146661,2.350712246067208,0.0,RED
2008-10-15,26.375244140625,0.107245,2.350734167391669,0.0,RED
2008-10-16,27.806060791015625,0.124687,2.350752824012323,0.0,RED
2008-10-17,27.840545654296875,0.125135,2.3507934024839128,0.0,RED
2008-10-20,28.61627960205078,0.135576,2.350866165134178,0.0,RED
2008-10-21,27.133745193481445,0.114483,2.350961319239082,0.0,RED
2008-10-22,26.38385772705078,0.104974,2.3510634741085994,0.0,RED
2008-10-23,26.280426025390625,0.103725,2.351157703239013,0.0,RED
2008-10-24,25.435731887817383,0.093709,2.351242606158521,0.0,RED
2008-10-27,24.72894096374512,0.085886,2.351319114845832,0.0,RED
2008-10-28,27.461280822753903,0.114343,2.351387228456891,0.0,RED
2008-10-29,27.392332077026367,0.113469,2.351457210219643,0.0,RED
2008-10-30,28.305986404418945,0.124812,2.3515099313830623,0.0,RED
2008-10-31,28.34907341003418,0.125369,2.3515449240903745,0.0,RED
2008-11-03,28.288742065429688,0.124556,2.3515855162351205,0.0,RED
2008-11-04,29.090347290039062,0.135131,2.3516247093258342,0.0,RED
2008-11-05,27.57333374023437,0.113977,2.3516681024011614,0.0,RED
2008-11-06,26.340763092041016,0.098681,2.351703564062578,0.0,RED
2008-11-07,26.8837890625,0.104775,2.351732960356906,0.0,RED
2008-11-10,26.52176856994629,0.100533,2.351760023949719,0.0,RED
2008-11-11,25.94427490234375,0.093958,2.351778688712092,0.0,RED
2008-11-12,24.746187210083008,0.080933,2.351796886998897,0.0,RED
2008-11-13,26.25457763671875,0.095726,2.351809952537214,0.0,RED
2008-11-14,24.978900909423828,0.081765,2.351827684437427,0.0,RED
2008-11-17,24.453125,0.076596,2.3518398168813857,0.0,RED
2008-11-18,24.42727470397949,0.076347,2.3518482163096373,0.0,RED
2008-11-19,23.15159034729004,0.06438,2.3518584823137,0.0,RED
2008-11-20,22.031085968017575,0.055028,2.351864548615118,0.0,RED
2008-11-21,22.98782730102539,0.062193,2.351865015254899,0.0,RED
2008-11-24,24.39278793334961,0.073592,2.351865948534646,0.0,RED
2008-11-25,24.280738830566406,0.072572,2.351866881814763,0.0,RED
2008-11-26,25.29781913757324,0.081686,2.3518762146199887,0.0,RED
2008-11-28,25.099586486816406,0.07976,2.3518790144725625,0.0,RED
2008-12-01,23.211936950683597,0.061759,2.3518808810431673,0.0,RED
2008-12-02,23.987672805786133,0.067947,2.35188181432921,0.0,RED
2008-12-03,24.668615341186523,0.073728,2.351886480761451,0.0,RED
2008-12-04,23.970443725585938,0.067463,2.3518878806938486,0.0,RED
2008-12-05,24.944429397583008,0.075682,2.3518883473382592,0.0,RED
2008-12-08,25.927032470703125,0.08462,2.351889280627265,0.0,RED
2008-12-09,25.866701126098636,0.084024,2.351889747271953,0.0,RED
2008-12-10,25.780502319335938,0.083178,2.3518906805615143,0.0,RED
2008-12-11,25.073713302612305,0.076331,2.3518911472064805,0.0,RED
2008-12-12,25.582263946533203,0.08097,2.3518920804965973,0.0,RED
2008-12-15,25.13405418395996,0.076708,2.3518930137870844,0.0,RED
2008-12-16,26.340763092041016,0.087752,2.3518934804325133,0.0,RED
2008-12-17,26.0218563079834,0.084558,2.3518958136602075,0.0,RED
2008-12-18,25.565021514892575,0.080099,2.351896280306192,0.0,RED
2008-12-19,25.7747802734375,0.082065,2.351896746952269,0.0,RED
2008-12-22,25.213703155517575,0.0767,2.3518972135984386,0.0,RED
2008-12-23,25.0842227935791,0.075513,2.3518976802447007,0.0,RED
2008-12-24,25.15327835083008,0.076131,2.3518981468910556,0.0,RED
2008-12-26,25.1446475982666,0.076048,2.351898613537503,0.0,RED
2008-12-29,24.9374942779541,0.074163,2.351899080184043,0.0,RED
2008-12-30,25.455400466918945,0.078778,2.351900013477308,0.0,RED
2008-12-31,25.671186447143555,0.080775,2.351908413120547,0.0,RED
2009-01-02,26.784706115722656,0.09128,2.351919146036119,0.0,RED
2009-01-05,26.776071548461918,0.091185,2.351633088211927,0.25003125390673836,RED
2009-01-06,27.043663024902344,0.093911,2.368914129720137,0.0,RED
2009-01-07,26.27542495727539,0.085901,2.3686302345146646,0.2500312539067383,RED
2009-01-08,26.55164337158203,0.088603,2.3869603882425454,0.0,RED
2009-01-09,25.95604705810547,0.082634,2.386669594898666,0.25003125390673836,RED
2009-01-12,25.48128318786621,0.078093,2.353599374910865,0.0,RED
2009-01-13,25.48992919921875,0.078167,2.3533112450219678,0.2500312539067383,RED
2009-01-14,24.71305656433105,0.071014,2.2992071796025373,0.0,RED
2009-01-15,25.118749618530277,0.074506,2.2992172158242985,0.0,RED
2009-01-16,25.39497184753418,0.076958,2.299226339702275,0.0,RED
2009-01-20,24.134721755981445,0.065494,2.2992368322036185,0.0,RED
2009-01-21,25.161909103393555,0.073852,2.299245956159438,0.0,RED
2009-01-22,24.82527732849121,0.070882,2.299255992550462,0.0,RED
2009-01-23,24.94610977172852,0.071911,2.299265116582314,0.0,RED
2009-01-26,25.12738037109375,0.073473,2.299273328243771,0.0,RED
2009-01-27,25.30866241455078,0.075058,2.299282452344416,0.0,RED
2009-01-28,26.197734832763672,0.082962,2.299294313721711,0.0,RED
2009-01-29,25.53308868408203,0.07664,2.299310737253176,0.0,RED
2009-01-30,25.0842227935791,0.072592,2.2993308106007735,0.0,RED
2009-02-02,25.3863468170166,0.075208,2.2993508841236143,0.0,RED
2009-02-03,25.783411026000977,0.07873,2.2993732389243116,0.0,RED
2009-02-04,25.81793785095215,0.079039,2.299401524865167,0.0,RED
2009-02-05,26.387645721435547,0.084264,2.29942798623116,0.0,RED
2009-02-06,27.07818603515625,0.090872,2.2991651913826927,0.25003125390673836,RED
2009-02-09,27.190410614013672,0.091993,2.305984219622812,0.0,RED
2009-02-10,26.189111709594727,0.081822,2.3057211329606737,0.25003125390673836,RED
2009-02-11,26.06825828552246,0.080681,2.297418560131649,0.0,RED
2009-02-12,26.387645721435547,0.083639,2.297158729614896,0.2500312539067383,RED
2009-02-13,26.266801834106445,0.082483,2.288956577827677,0.0,RED
2009-02-17,25.222335815429688,0.072636,2.288696796129012,0.25003125390673836,RED
2009-02-18,25.239599227905277,0.072778,2.2895482399243297,0.0,RED
2009-02-19,24.851163864135746,0.069411,2.2895754964520787,0.0,RED
2009-02-20,24.920223236083984,0.069983,2.2896027533043104,0.0,RED
2009-02-23,24.04839324951172,0.062632,2.289626830474821,0.0,RED
2009-02-24,24.842533111572266,0.068831,2.2896513621918366,0.0,RED
2009-02-25,24.678524017333984,0.067461,2.2896781656490517,0.0,RED
2009-02-26,23.987977981567383,0.061792,2.2897049694200375,0.0,RED
2009-02-27,23.763545989990234,0.060052,2.28972904766544,0.0,RED
2009-03-02,22.99530792236328,0.054223,2.289751763231389,0.0,RED
2009-03-03,22.97804450988769,0.054096,2.289772661759766,0.0,RED
2009-03-04,23.59090614318848,0.058419,2.289796740717012,0.0,RED
2009-03-05,22.883102416992188,0.053156,2.289819456954519,0.0,RED
2009-03-06,22.70182991027832,0.051888,2.289837630125083,0.0,RED
2009-03-09,22.218446731567383,0.048569,2.2898544404412355,0.0,RED
2009-03-10,23.59090614318848,0.057566,2.2898726138894463,0.0,RED
2009-03-11,23.953449249267575,0.060215,2.289893967860196,0.0,RED
2009-03-12,24.74758720397949,0.066199,2.2899139589979023,0.0,RED
2009-03-13,24.80800437927246,0.066678,2.2899321329184827,0.0,RED
2009-03-16,24.39366912841797,0.063331,2.2899493982795858,0.0,RED
2009-03-17,25.317283630371094,0.070519,2.2899693899012084,0.0,RED
2009-03-18,25.63666343688965,0.073182,2.2899898360559336,0.0,RED
2009-03-19,25.619403839111328,0.073028,2.2900084649413426,0.0,RED
2009-03-20,25.22945785522461,0.069687,2.2897394776616053,0.25003125390673836,RED
2009-03-23,26.716598510742188,0.082004,2.3906053145551303,0.0,RED
2009-03-24,26.22376251220703,0.077459,2.3900256831253133,0.5001250312578145,RED
2009-03-25,26.34481430053711,0.078525,2.4058795429969426,0.0,RED
2009-03-26,27.15755271911621,0.085786,2.405295730906799,0.5001250312578145,RED
2009-03-27,26.64742851257324,0.080945,2.3368511420783102,0.0,RED
2009-03-30,25.99032592773437,0.074951,2.336278517918432,0.5001250312578145,RED
2009-03-31,26.215118408203125,0.076889,2.3658967624373908,0.0,RED
2009-04-01,26.60420227050781,0.080306,2.3653240605112535,0.5001250312578145,RED
2009-04-02,27.46017265319824,0.088051,2.4787741000876835,0.0,RED
2009-04-03,27.97028923034668,0.09295,2.4781730910599364,0.5001250312578145,RED
2009-04-06,27.901124954223636,0.092253,2.468274065118713,0.0,RED
2009-04-07,27.16619873046875,0.084955,2.467675112338555,0.5001250312578144,RED
2009-04-08,27.624452590942383,0.089247,2.5293862915346357,0.0,RED
2009-04-09,28.480417251586918,0.097536,2.528772007490648,0.5001250312578144,RED
2009-04-13,28.43717193603516,0.097084,2.5222904995180992,0.0,RED
2009-04-14,28.09134292602539,0.093534,2.5216769380913178,0.5001250312578145,RED
2009-04-15,28.013521194458008,0.092749,2.5104754594994403,0.0,RED
2009-04-16,28.739809036254883,0.099955,2.509861784233739,0.5001250312578145,RED
2009-04-17,28.80031394958496,0.100579,2.517072720316989,0.0,RED
2009-04-20,27.875186920166016,0.090878,2.5164564337891626,0.5001250312578144,RED
2009-04-21,28.26426124572754,0.094676,2.568404245335769,0.0,RED
2009-04-22,28.350719451904297,0.095538,2.567776409619742,0.5001250312578144,RED
2009-04-23,28.627403259277344,0.098328,2.604625243663854,0.0,RED
2009-04-24,29.12887191772461,0.103487,2.6039839039217947,0.5001250312578145,RED
2009-04-27,29.163454055786133,0.103848,2.6085317644969632,0.500994660149508,GREEN
2009-04-28,28.947301864624023,0.101531,2.579378454158001,0.49535287216907975,GREEN
2009-04-29,29.34501838684082,0.105708,2.6319495190077653,0.50543043567675,GREEN
2009-04-30,29.63899803161621,0.108876,2.6718216745825774,0.5128091644534011,GREEN
2009-05-01,29.716815948486328,0.109725,2.6825122519207767,0.5147483520642778,GREEN
2009-05-04,30.304746627807617,0.116228,2.764355826610352,0.5291123638192149,GREEN
2009-05-05,30.27880477905273,0.11592,2.7604888837131325,0.5284494612439121,GREEN
2009-05-06,30.287458419799805,0.11601,2.7616305156511216,0.5286411224743536,GREEN
2009-05-07,29.57847213745117,0.107853,2.658989199527343,0.5104424048721474,GREEN
2009-05-08,29.595775604248047,0.108034,2.6612762665165848,0.5108596306104333,GREEN
2009-05-11,29.699522018432617,0.109161,2.67546736208194,0.5134509215910397,GREEN
2009-05-12,29.336387634277344,0.105148,2.6249743372918877,0.5040887952263186,GREEN
2009-05-13,28.54958724975586,0.096679,2.5184067014969016,0.48310037311399145,GREEN
2009-05-14,28.869483947753903,0.099921,2.5592139742202846,0.49133902862285417,GREEN
2009-05-15,28.852197647094727,0.099733,2.5568561217126904,0.4908668258777429,GREEN
2009-05-18,29.60441398620605,0.107525,2.6549214518775055,0.509669757241666,GREEN
2009-05-19,29.742753982543945,0.109024,2.673793670928069,0.5131275238325391,GREEN
2009-05-20,29.63899803161621,0.107874,2.659330698648289,0.5104762313912439,GREEN
2009-05-21,29.094301223754883,0.101917,2.5843744557471107,0.4962748665518641,GREEN
2009-05-22,28.99918365478516,0.100909,2.571698462530005,0.49378847211432086,GREEN
2009-05-26,30.079946517944336,0.112183,2.713583563232529,0.520253414688306,GREEN
2009-05-27,29.87244033813477,0.109852,2.684257946948512,0.5150089901747468,GREEN
2009-05-28,30.218286514282227,0.113659,2.7321748662702534,0.5235117436842603,GREEN
2009-05-29,30.590063095092773,0.117845,2.7848599660844995,0.5325236356491455,GREEN
2009-06-01,31.46333694458008,0.127929,2.9117673553891,0.5528959668819027,GREEN
2009-06-02,31.506553649902344,0.128446,2.918277860054141,0.5538919247133316,GREEN
2009-06-03,31.411449432373047,0.127272,2.9035105388932916,0.5516206957600257,GREEN
2009-06-04,31.76594352722168,0.131571,2.9576174130674078,0.5598211095366793,GREEN
2009-06-05,31.800525665283203,0.13199,2.9628972337345054,0.5606031451791111,GREEN
2009-06-08,31.7054386138916,0.130795,2.94786822425689,0.5583598296063419,GREEN
2009-06-09,31.9475154876709,0.13378,2.9854413176888928,0.5639151237762547,GREEN
2009-06-10,31.83512115478516,0.132357,2.967542816236033,0.5612818654588666,GREEN
2009-06-11,31.83512115478516,0.132346,2.967413429365244,0.5612596894313814,GREEN
2009-06-12,31.688138961791992,0.130502,2.9442166546968673,0.5577999770063713,GREEN
2009-06-15,31.039674758911133,0.122479,2.8432608692080477,0.5420957636830135,GREEN
2009-06-16,30.7370662689209,0.118887,2.7980658606406106,0.5346967263171161,GREEN
2009-06-17,31.031024932861328,0.122288,2.8408737893310905,0.541705184336717,GREEN
2009-06-18,30.970508575439453,0.121563,2.8317586539792465,0.5402269707913976,GREEN
2009-06-19,31.30291557312012,0.125467,2.880896773546278,0.5480660572815993,GREEN
2009-06-22,30.368009567260746,0.114214,2.7392937679821796,0.5247009153174599,GREEN
2009-06-23,30.298736572265625,0.113423,2.729349098445616,0.5229656112680161,GREEN
2009-06-24,30.809476852416992,0.119149,2.8014172114516827,0.53523400640246,GREEN
2009-06-25,31.415462493896484,0.12617,2.889781294082888,0.5494424590356961,GREEN
2009-06-26,31.484743118286133,0.126994,2.9001593307558924,0.5510518111668301,GREEN
2009-06-29,31.553964614868164,0.127822,2.9105882215942316,0.5526573250641444,GREEN
2009-06-30,31.493370056152344,0.127074,2.901183388127145,0.5512043144627677,GREEN
2009-07-01,31.51067352294922,0.127273,2.903696975789357,0.5515896119064588,GREEN
2009-07-02,30.81814193725586,0.118871,2.7979717190982605,0.5346427541614793,GREEN
2009-07-06,30.65365028381348,0.116958,2.7739058495382762,0.5306025177347856,GREEN
2009-07-07,29.89186668395996,0.108229,2.664064990959951,0.5112459962643486,GREEN
2009-07-08,30.04769515991211,0.109912,2.685253767211363,0.5150991884042301,GREEN
2009-07-09,30.09963035583496,0.110473,2.6923226346900133,0.5163689683701681,GREEN
2009-07-10,30.22947883605957,0.111894,2.710214050734704,0.5195583111823296,GREEN
2009-07-13,30.809476852416992,0.118325,2.791152587347187,0.533487224185108,GREEN
2009-07-14,30.92202377319336,0.119612,2.807357441090184,0.5361769376952225,GREEN
2009-07-15,31.960845947265625,0.131657,2.9589450844091605,0.5599356761802007,GREEN
2009-07-16,32.341739654541016,0.136353,3.018050275523062,0.5685508552015623,GREEN
2009-07-17,32.5148811340332,0.138532,3.0454801190698424,0.5724340053756573,GREEN
2009-07-20,32.82651138305664,0.142504,3.0954737178658465,0.5793366764367208,GREEN
2009-07-21,33.05160140991211,0.145423,3.132215728616491,0.5842685681268126,GREEN
2009-07-22,33.32861328125,0.149067,3.1780824329563337,0.5902655584269562,GREEN
2009-07-23,34.06443786621094,0.158928,3.3021860955541156,0.6056614937882832,GREEN
2009-07-24,33.80473327636719,0.15528,3.2553106065948834,0.0,GREEN
2009-07-27,34.06443786621094,0.158846,3.2553338588144256,0.0,GREEN
2009-07-28,33.8306999206543,0.155563,3.2553571112000554,0.0,GREEN
2009-07-29,34.0557746887207,0.158654,3.2553810096553466,0.0,GREEN
2009-07-30,34.25489044189453,0.161424,3.255403616467529,0.0,GREEN
2009-07-31,34.15101623535156,0.159942,3.255426223436703,0.0,GREEN
2009-08-03,34.66176223754883,0.167105,3.25544883056287,0.0,GREEN
2009-08-04,34.66176223754883,0.167091,3.2554714378460305,0.0,GREEN
2009-08-05,34.39339065551758,0.163196,3.2554940452861865,0.0,GREEN
2009-08-06,34.09040832519531,0.158869,3.2555166528833386,0.0,GREEN
2009-08-07,34.523250579833984,0.164908,3.2555386147022594,0.0,GREEN
2009-08-10,34.280853271484375,0.161421,3.2555605766693354,0.0,GREEN
2009-08-11,33.98653030395508,0.157249,3.255581246894757,0.0,GREEN
2009-08-12,34.51459503173828,0.164566,3.2556045010474444,0.0,GREEN
2009-08-13,34.705047607421875,0.167277,3.255626463458992,0.0,GREEN
2009-08-14,34.30683135986328,0.161505,3.2556477800616834,0.0,GREEN
2009-08-17,33.31131362915039,0.147432,3.2556697427651926,0.0,GREEN
2009-08-18,33.78740692138672,0.153741,3.255691705616863,0.0,GREEN
2009-08-19,34.021148681640625,0.156919,3.255714314586656,0.0,GREEN
2009-08-20,34.41934967041016,0.162416,3.255735631764563,0.0,GREEN
2009-08-21,34.8781852722168,0.168898,3.255756303101445,0.0,GREEN
2009-08-24,34.84355926513672,0.168381,3.255776974569574,0.0,GREEN
2009-08-25,34.94743347167969,0.169873,3.2557970001820715,0.0,GREEN
2009-08-26,34.88682556152344,0.168976,3.2558170259177426,0.0,GREEN
2009-08-27,34.97340774536133,0.17022,3.2558357597850116,0.0,GREEN
2009-08-28,35.008026123046875,0.170712,3.2558538477615317,0.0,GREEN
2009-08-31,34.6530876159668,0.165506,3.255870643832352,0.0,GREEN
2009-09-01,34.00384521484375,0.15619,3.255887439989819,0.0,GREEN
2009-09-02,33.97787094116211,0.15582,3.255904236233933,0.0,GREEN
2009-09-03,34.20295715332031,0.158904,3.255921032564694,0.0,GREEN
2009-09-04,34.93877029418945,0.169147,3.2559371829666413,0.0,GREEN
2009-09-08,35.26771926879883,0.173911,3.2559533334486996,0.0,GREEN
2009-09-09,35.57072448730469,0.17838,3.2559694840108695,0.0,GREEN
2009-09-10,35.90834045410156,0.183445,3.255986926705227,0.0,GREEN
2009-09-11,35.94296646118164,0.183961,3.256004369493027,0.0,GREEN
2009-09-14,36.08146667480469,0.186073,3.256021812374271,0.0,GREEN
2009-09-15,36.19402313232422,0.187799,3.2560386093115756,0.0,GREEN
2009-09-16,36.72206115722656,0.196004,3.256054760296741,0.0,GREEN
2009-09-17,36.713409423828125,0.195851,3.256067035106199,0.0,GREEN
2009-09-18,36.77494430541992,0.196821,3.2560793099619314,0.0,GREEN
2009-09-21,36.88759613037109,0.198614,3.256089646721415,0.0,GREEN
2009-09-22,36.95692443847656,0.199719,3.2561012756134726,0.0,GREEN
2009-09-23,36.783599853515625,0.196894,3.256113550598286,0.0,GREEN
2009-09-24,36.45433044433594,0.191591,3.2561258256293746,0.0,GREEN
2009-09-25,36.13371276855469,0.186521,3.2561374546506427,0.0,GREEN
2009-09-28,36.74893569946289,0.196034,3.256149083713443,0.0,GREEN
2009-09-29,36.58430099487305,0.193384,3.256160712817776,0.0,GREEN
2009-09-30,36.610294342041016,0.193781,3.2561762183446334,0.0,GREEN
2009-10-01,35.527156829833984,0.176567,3.2561910778792322,0.0,GREEN
2009-10-02,35.423179626464844,0.175003,3.256203353202586,0.0,GREEN
2009-10-05,35.709129333496094,0.179228,3.2562149825007385,0.0,GREEN
2009-10-06,36.3416748046875,0.188739,3.256226611840424,0.0,GREEN
2009-10-07,36.44565582275391,0.190345,3.256235656914384,0.0,GREEN
2009-10-08,36.60163497924805,0.192774,3.256243409856251,0.0,GREEN
2009-10-09,36.80958938598633,0.196046,3.2562511628165773,0.0,GREEN
2009-10-12,36.88759613037109,0.197278,3.256259561876808,0.0,GREEN
2009-10-13,36.89624786376953,0.197402,3.2562673148755916,0.0,GREEN
2009-10-14,37.39882659912109,0.205454,3.256275067892835,0.0,GREEN
2009-10-15,37.31216812133789,0.20401,3.256283467014726,0.0,GREEN
2009-10-16,37.069557189941406,0.200016,3.256290573982572,0.0,GREEN
2009-10-19,37.442161560058594,0.206032,3.256298327055194,0.0,GREEN
2009-10-20,37.45083236694336,0.20616,3.2563060801462758,0.0,GREEN
2009-10-21,37.381492614746094,0.204999,3.2563157715338042,0.0,GREEN
2009-10-22,37.52878952026367,0.207408,3.2563241707606845,0.0,GREEN
2009-10-23,37.37283706665039,0.204807,3.2563306317214376,0.0,GREEN
2009-10-26,37.25151443481445,0.202797,3.2563370926950097,0.0,GREEN
2009-10-27,36.68829345703125,0.193583,3.2563435536814014,0.0,GREEN
2009-10-28,35.86509323120117,0.180538,3.2563525990802,0.0,GREEN
2009-10-29,36.47166061401367,0.189685,3.2563603523005007,0.0,GREEN
2009-10-30,35.49249267578125,0.174394,3.2563668133330426,0.0,GREEN
2009-11-02,35.639801025390625,0.176552,3.2563726282740113,0.0,GREEN
2009-11-03,35.75244140625,0.178213,3.2563777971193373,0.0,GREEN
2009-11-04,35.81309127807617,0.179107,3.2563842581864915,0.0,GREEN
2009-11-05,36.69696044921875,0.192356,3.2563900731586117,0.0,GREEN
2009-11-06,36.91357803344727,0.195748,3.2563945959226213,0.0,GREEN
2009-11-09,37.70211410522461,0.208278,3.256400410913202,0.0,GREEN
2009-11-10,37.79742050170898,0.209842,3.2564062259141666,0.0,GREEN
2009-11-11,38.0400276184082,0.213867,3.2564139792621503,0.0,GREEN
2009-11-12,37.82342529296875,0.210198,3.2564217326285942,0.0,GREEN
2009-11-13,38.135372161865234,0.215383,3.2564288398982106,0.0,GREEN
2009-11-16,38.525299072265625,0.221974,3.2564359471833386,0.0,GREEN
2009-11-17,38.6466178894043,0.224055,3.2564430544839786,0.0,GREEN
2009-11-18,38.429969787597656,0.220271,3.2564501618001307,0.0,GREEN
2009-11-19,37.83208084106445,0.209975,3.256454038526427,0.0,GREEN
2009-11-20,37.641448974609375,0.206786,3.256454684648246,0.0,GREEN
2009-11-23,38.24800109863281,0.216767,3.256455976892139,0.0,GREEN
2009-11-24,38.11802291870117,0.214542,3.2564585613809522,0.0,GREEN
2009-11-25,38.28268051147461,0.217306,3.2564637303626798,0.0,GREEN
2009-11-27,37.70211410522461,0.207404,3.2564688993526123,0.0,GREEN
2009-11-30,37.74544525146485,0.208104,3.2564721299765687,0.0,GREEN
2009-12-01,38.135372161865234,0.214538,3.2564785912308913,0.0,GREEN
2009-12-02,38.18736267089844,0.2154,3.256485052498034,0.0,GREEN
2009-12-03,38.031375885009766,0.212745,3.256490221521811,0.0,GREEN
2009-12-04,38.230690002441406,0.216074,3.256495390553793,0.0,GREEN
2009-12-07,38.04870223999024,0.212973,3.2565005595939795,0.0,GREEN
2009-12-08,37.81476211547852,0.20903,3.2565024979871264,0.0,GREEN
2009-12-09,38.19601821899414,0.215337,3.256505728644415,0.0,GREEN
2009-12-10,38.38665771484375,0.218546,3.256508959304908,0.0,GREEN
2009-12-11,38.23934555053711,0.216015,3.2565121899686065,0.0,GREEN
2009-12-14,38.603294372558594,0.222167,3.256514774502033,0.0,GREEN
2009-12-15,38.38665771484375,0.218411,3.2565173590375105,0.0,GREEN
2009-12-16,38.43865203857422,0.219282,3.256522528112568,0.0,GREEN
2009-12-17,37.97073745727539,0.211259,3.2565270510605426,0.0,GREEN
2009-12-18,38.589576721191406,0.221572,3.256532220150984,0.0,GREEN
2009-12-21,39.023555755615234,0.229032,3.2565373892496305,0.0,GREEN
2009-12-22,39.257911682128906,0.233141,3.256543204495199,0.0,GREEN
2009-12-23,39.54433822631836,0.238227,3.2565522504485833,0.0,GREEN
2009-12-24,39.90887451171875,0.244797,3.25655935800306,0.0,GREEN
2009-12-28,40.11719512939453,0.248613,3.256564527144782,0.0,GREEN
2009-12-29,39.9522705078125,0.245528,3.256571634726053,0.0,GREEN
2009-12-30,40.07379531860352,0.24775,3.256583911484046,0.0,GREEN
2009-12-31,39.70926284790039,0.240971,3.256589080664742,0.0,GREEN
2010-01-04,40.29078674316406,0.25154,3.2565955421511097,0.0,GREEN
2010-01-05,40.29078674316406,0.251521,3.256602649800072,0.0,GREEN
2010-01-06,40.04775619506836,0.246951,3.2566104036157317,0.0,GREEN
2010-01-07,40.07379531860352,0.247415,3.256616218991683,0.0,GREEN
2010-01-08,40.40361404418945,0.253506,3.2566220343780192,0.0,GREEN
2010-01-11,40.23873519897461,0.250384,3.256627203619228,0.0,GREEN
2010-01-12,39.73528671264648,0.240968,3.2566304344002326,0.0,GREEN
2010-01-13,40.23002624511719,0.249951,3.256635603654775,0.0,GREEN
2010-01-14,40.2647590637207,0.25058,3.25664206523345,0.0,GREEN
2010-01-15,39.79605865478516,0.241811,3.2566478806659402,0.0,GREEN
2010-01-19,40.43833923339844,0.253502,3.2566549884291334,0.0,GREEN
2010-01-20,39.85679244995117,0.242546,3.2566614500462707,0.0,GREEN
2010-01-21,39.48359298706055,0.235715,3.2566679116762285,0.0,GREEN
2010-01-22,38.32918548583984,0.215023,3.256673080990258,0.0,GREEN
2010-01-25,38.45940017700195,0.217199,3.256678896478134,0.0,GREEN
2010-01-26,38.49411010742188,0.21777,3.256684711976394,0.0,GREEN
2010-01-27,38.79789733886719,0.22291,3.2566931121549065,0.0,GREEN
2010-01-28,37.79973220825195,0.205689,3.2567021585247007,0.0,GREEN
2010-01-29,37.14008712768555,0.194905,3.256711204919624,0.0,GREEN
2010-02-01,37.54803085327149,0.201312,3.2567202513396762,0.0,GREEN
2010-02-02,37.88653945922852,0.206742,3.2567312363088936,0.0,GREEN
2010-02-03,38.09484100341797,0.210136,3.256742867492343,0.0,GREEN
2010-02-04,36.99253463745117,0.191878,3.2567544987173322,0.0,GREEN
2010-02-05,37.30501174926758,0.196726,3.256765483802067,0.0,GREEN
2010-02-08,37.035926818847656,0.192454,3.2567764689238543,0.0,GREEN
2010-02-09,37.4178352355957,0.198393,3.2567881002688486,0.0,GREEN
2010-02-10,37.33971405029297,0.197135,3.256801024031344,0.0,GREEN
2010-02-11,37.90388488769531,0.2060552686452865,3.256813947845124,0.0,GREEN
2010-02-12,37.98201751708984,0.2068984508514404,3.2568262255165985,0.0,GREEN
2010-02-16,38.46807098388672,0.2149129509925842,3.256837857039295,0.0,GREEN
2010-02-17,38.68505096435547,0.2185600250959396,3.2568488424051987,0.0,GREEN
2010-02-18,38.92809677124024,0.222703531384468,3.2568604740086697,0.0,GREEN
2010-02-19,38.91073226928711,0.222703531384468,3.2568714594508608,0.0,GREEN
2010-02-22,38.83261489868164,0.221140056848526,3.256883737339145,0.0,GREEN
2010-02-23,38.32918548583984,0.2125063240528106,3.2568947228598035,0.0,GREEN
2010-02-24,38.71978759765625,0.218932569026947,3.2569095856732924,0.0,GREEN
2010-02-25,38.71109771728516,0.2188077419996261,3.2569238023420413,0.0,GREEN
2010-02-26,38.84995269775391,0.2215373218059539,3.2569386652882337,0.0,GREEN
2010-03-01,39.414154052734375,0.2310400307178497,3.2569535283022533,0.0,GREEN
2010-03-02,39.53566360473633,0.2324291169643402,3.2569690376044225,0.0,GREEN
2010-03-03,39.57904815673828,0.2337200790643692,3.2569851932048075,0.0,GREEN
2010-03-04,39.70926284790039,0.2363001108169555,3.2570026413404647,0.0,GREEN
2010-03-05,40.30814743041992,0.2467450201511383,3.2570200895695938,0.0,GREEN
2010-03-08,40.38624954223633,0.2480607479810714,3.2570388303592526,0.0,GREEN
2010-03-09,40.61194610595703,0.2524518966674804,3.257057571256745,0.0,GREEN
2010-03-10,40.94176483154297,0.2586294710636139,3.257076958504963,0.0,GREEN
2010-03-11,41.09799957275391,0.2610113322734833,3.257095699621844,0.0,GREEN
2010-03-12,41.10668563842773,0.2616068422794342,3.2571144408465607,0.0,GREEN
2010-03-15,41.00252532958984,0.2598451673984527,3.2571325359268646,0.0,GREEN
2010-03-16,41.262882232666016,0.2647584974765777,3.257151277363536,0.0,GREEN
2010-03-17,41.37572860717773,0.2665944993495941,3.2571713114290866,0.0,GREEN
2010-03-18,41.514625549316406,0.2692983746528625,3.2571906993543296,0.0,GREEN
2010-03-19,41.26350402832031,0.264534592628479,3.2572094411256716,0.0,GREEN
2010-03-22,41.63713455200195,0.2716801166534424,3.257228183004853,0.0,GREEN
2010-03-23,41.923858642578125,0.2773623764514923,3.2572462787170577,0.0,GREEN
2010-03-24,41.72402191162109,0.2734170854091644,3.2572630819710535,0.0,GREEN
2010-03-25,41.66318893432617,0.2717049121856689,3.2572805315954003,0.0,GREEN
2010-03-26,41.70664596557617,0.2731197774410248,3.2572973350260974,0.0,GREEN
2010-03-29,41.90648651123047,0.2768659293651581,3.257314138543479,0.0,GREEN
2010-03-30,42.04549407958984,0.2797690033912658,3.2573302958556742,0.0,GREEN
2010-03-31,41.84565734863281,0.2759979963302612,3.257349684727253,0.0,GREEN
2010-04-01,41.84565734863281,0.2754521071910858,3.257369073714242,0.0,GREEN
2010-04-05,42.23666763305664,0.2834160923957824,3.2573884628166416,0.0,GREEN
2010-04-06,42.358306884765625,0.2855749726295471,3.257409144647689,0.0,GREEN
2010-04-07,42.25403594970703,0.2839619815349579,3.257430472922698,0.0,GREEN
2010-04-08,42.349609375,0.2849795222282409,3.2574511550204766,0.0,GREEN
2010-04-09,42.60160446166992,0.2901147305965423,3.257471190930513,0.0,GREEN
2010-04-12,42.636348724365234,0.2912809252738952,3.257490580640753,0.0,GREEN
2010-04-13,42.85356903076172,0.2956730723381042,3.2575080314838427,0.0,GREEN
2010-04-14,43.36621475219727,0.3060931861400604,3.257527421413372,0.0,GREEN
2010-04-15,43.55736923217773,0.3101871311664581,3.2575474577925068,0.0,GREEN
2010-04-16,43.03605270385742,0.2991458177566528,3.257566847956716,0.0,GREEN
2010-04-19,43.00996398925781,0.2986751496791839,3.2575862382363434,0.0,GREEN
2010-04-20,43.22719955444336,0.3030911684036255,3.257605628631389,0.0,GREEN
2010-04-21,43.47048568725586,0.3084254860877991,3.2576243727902208,0.0,GREEN
2010-04-22,43.713775634765625,0.3129910826683044,3.257643117056906,0.0,GREEN
2010-04-23,43.89622497558594,0.3171344995498657,3.2576625077905157,0.0,GREEN
2010-04-26,43.8006477355957,0.3147774338722229,3.2576825450005393,0.0,GREEN
2010-04-27,42.87094497680664,0.2953501045703888,3.2577019359688393,0.0,GREEN
2010-04-28,42.89701843261719,0.296044647693634,3.2577206806818206,0.0,GREEN
2010-04-29,43.64425659179688,0.3111551105976105,3.2577407182496536,0.0,GREEN
2010-04-30,42.78406524658203,0.2928196787834167,3.2577614023172434,0.0,GREEN
2010-05-03,43.38359451293945,0.3047784566879272,3.2577814401355467,0.0,GREEN
2010-05-04,42.080265045166016,0.2778339385986328,3.2578021244616884,0.0,GREEN
2010-05-05,41.86304473876953,0.2732684016227722,3.2578221625304655,0.0,GREEN
2010-05-06,40.464134216308594,0.2464973181486129,3.2578409079352264,0.0,GREEN
2010-05-07,39.45621871948242,0.22855906188488,3.25785383587553,0.0,GREEN
2010-05-10,41.50680160522461,0.2626491189002991,3.257869349464878,0.0,GREEN
2010-05-11,41.46335220336914,0.2624757885932922,3.257888095141151,0.0,GREEN
2010-05-12,42.24535369873047,0.2766182422637939,3.2579074873329636,0.0,GREEN
2010-05-13,41.57630920410156,0.2641135454177856,3.2579268796402063,0.0,GREEN
2010-05-14,40.77692794799805,0.2478616535663604,3.2579469184763266,0.0,GREEN
2010-05-17,40.907257080078125,0.2512114644050598,3.2579656645989292,0.0,GREEN
2010-05-18,40.342472076416016,0.2416097074747085,3.257985057252465,0.0,GREEN
2010-05-19,40.02100372314453,0.2352330386638641,3.258006389298331,0.0,GREEN
2010-05-20,38.53519058227539,0.2114392071962356,3.2580277214838707,0.0,GREEN
2010-05-21,38.96095275878906,0.2130770236253738,3.2580477609402485,0.0,GREEN
2010-05-24,38.80454635620117,0.2148386090993881,3.258067154082453,0.0,GREEN
2010-05-25,38.83930206298828,0.2133246958255767,3.258086547340093,0.0,GREEN
2010-05-26,38.40488052368164,0.2067250460386276,3.258107233603423,0.0,GREEN
2010-05-27,39.85590362548828,0.2291049659252166,3.2581279199980946,0.0,GREEN
2010-05-28,39.62130737304688,0.2259037792682647,3.258148606524108,0.0,GREEN
2010-06-01,39.256385803222656,0.2196518778800964,3.258168000266584,0.0,GREEN
2010-06-02,40.18608474731445,0.2351091504096985,3.2581867476612842,0.0,GREEN
2010-06-03,40.56838607788086,0.2412124574184417,3.2582054951638564,0.0,GREEN
2010-06-04,39.17817687988281,0.2173938900232315,3.258222303366191,0.0,GREEN
2010-06-07,38.4656867980957,0.2047900706529617,3.2582378187101457,0.0,GREEN
2010-06-08,38.39617538452149,0.2036486715078354,3.2582513947006335,0.0,GREEN
2010-06-09,38.074703216552734,0.1991574317216873,3.2582656172264852,0.0,GREEN
2010-06-10,39.16080093383789,0.2156818360090255,3.258277900370523,0.0,GREEN
2010-06-11,39.534423828125,0.221314400434494,3.2582888905937155,0.0,GREEN
2010-06-14,39.5257453918457,0.2214382737874984,3.258297941396228,0.0,GREEN
2010-06-15,40.58577346801758,0.2376148849725723,3.2583050527607442,0.0,GREEN
2010-06-16,40.75086212158203,0.242403358221054,3.258315396586078,0.0,GREEN
2010-06-17,40.88119888305664,0.244834691286087,3.2583270334272427,0.0,GREEN
2010-06-18,40.9151496887207,0.2455045729875564,3.2583386703099677,0.0,GREEN
2010-06-21,40.566925048828125,0.2390535175800323,3.258350953729404,0.0,GREEN
2010-06-22,40.25354766845703,0.2333971112966537,3.2583645301912876,0.0,GREEN
2010-06-23,40.0881462097168,0.2302711457014084,3.2583806927137586,0.0,GREEN
2010-06-24,39.4787712097168,0.2191059440374374,3.2583962088119485,0.0,GREEN
2010-06-25,39.48662567138672,0.2189573049545288,3.2584123714915556,0.0,GREEN
2010-06-28,39.34706497192383,0.2169965803623199,3.258428534251335,0.0,GREEN
2010-06-29,37.82934188842773,0.1927816569805145,3.2584459901191765,0.0,GREEN
2010-06-30,37.2536735534668,0.1832542568445205,3.258466678664683,0.0,GREEN
2010-07-01,37.14899063110352,0.1814678460359573,3.2584886603845717,0.0,GREEN
2010-07-02,37.04432678222656,0.1804751306772232,3.258509995727839,0.0,GREEN
2010-07-06,37.15773010253906,0.1814183443784713,3.25853068467973,0.0,GREEN
2010-07-07,38.34395980834961,0.1985619962215423,3.25855137376298,0.0,GREEN
2010-07-08,38.55331802368164,0.2019118070602417,3.2585714164402346,0.0,GREEN
2010-07-09,38.91964721679688,0.2075692117214203,3.258590166156179,0.0,GREEN
2010-07-12,39.03305816650391,0.2099262923002243,3.2586089159800085,0.0,GREEN
2010-07-13,39.5389404296875,0.2170966267585754,3.258627019362952,0.0,GREEN
2010-07-14,39.73956298828125,0.220569372177124,3.2586457693988335,0.0,GREEN
2010-07-15,39.77445983886719,0.2213391959667205,3.2586645195426023,0.0,GREEN
2010-07-16,38.6754150390625,0.2035248130559921,3.2586832697942585,0.0,GREEN
2010-07-19,39.00688552856445,0.2081150859594345,3.258702020153803,0.0,GREEN
2010-07-20,39.47787094116211,0.2146899700164795,3.258720770621237,0.0,GREEN
2010-07-21,38.93710708618164,0.2071718871593475,3.2587401677694516,0.0,GREEN
2010-07-22,39.92274856567383,0.221140056848526,3.2587595650331256,0.0,GREEN
2010-07-23,40.17567825317383,0.2268965393304824,3.2587783158316705,0.0,GREEN
2010-07-26,40.50713348388672,0.2318832129240036,3.258797066738107,0.0,GREEN
2010-07-27,40.48971557617188,0.2318336516618728,3.258815817752436,0.0,GREEN
2010-07-28,40.16695785522461,0.2270946949720382,3.2588352154664073,0.0,GREEN
2010-07-29,39.87038803100586,0.2216859757900238,3.2588539667002427,0.0,GREEN
2010-07-30,39.9576416015625,0.2231998890638351,3.258872718041972,0.0,GREEN
2010-08-02,40.70774459838867,0.2352082282304763,3.258890822890482,0.0,GREEN
2010-08-03,40.5333137512207,0.2327768802642822,3.258908927839575,0.0,GREEN
2010-08-04,40.94327163696289,0.2395003736019134,3.2589283261077733,0.0,GREEN
2010-08-05,40.847312927246094,0.2380864769220352,3.258947077877364,0.0,GREEN
2010-08-06,40.7862663269043,0.2369698882102966,3.2589651831389848,0.0,GREEN
2010-08-09,41.06538009643555,0.2411133646965026,3.2589832885011902,0.0,GREEN
2010-08-10,40.70774459838867,0.2360018938779831,3.259001393963981,0.0,GREEN
2010-08-11,39.60001754760742,0.216575488448143,3.2590201461540023,0.0,GREEN
2010-08-12,39.28599166870117,0.2104712426662445,3.259038898451923,0.0,GREEN
2010-08-13,39.00688552856445,0.2062782198190689,3.259058297493756,0.0,GREEN
2010-08-16,39.076656341552734,0.207444354891777,3.259077050011198,0.0,GREEN
2010-08-17,39.57384490966797,0.2153349816799163,3.2590964492801233,0.0,GREEN
2010-08-18,39.73084259033203,0.2172700315713882,3.259116495310025,0.0,GREEN
2010-08-19,39.12899398803711,0.209280326962471,3.259135894813744,0.0,GREEN
2010-08-20,39.18132019042969,0.2085609883069992,3.2591546477776787,0.0,GREEN
2010-08-23,38.79752731323242,0.2028054594993591,3.2591734008495172,0.0,GREEN
2010-08-24,38.07357406616211,0.1911686956882476,3.2591928006919595,0.0,GREEN
2010-08-25,38.439918518066406,0.1969004124403,3.2592128473144992,0.0,GREEN
2010-08-26,37.977630615234375,0.1904741376638412,3.259232247391742,0.0,GREEN
2010-08-27,38.439918518066406,0.1967756003141403,3.2592510009100866,0.0,GREEN
2010-08-30,38.03867721557617,0.1903998404741287,3.2592691078601685,0.0,GREEN
2010-08-31,37.907840728759766,0.1894565820693969,3.259285921549394,0.0,GREEN
2010-09-01,39.04176330566406,0.2053359895944595,3.2593033820103816,0.0,GREEN
2010-09-02,39.47787094116211,0.2123824656009674,3.259320195876418,0.0,GREEN
2010-09-03,40.132083892822266,0.2231998890638351,3.2593363631392944,0.0,GREEN
2010-09-07,39.8616828918457,0.2177664190530777,3.2593525304823654,0.0,GREEN
2010-09-08,40.34141159057617,0.2254578769207,3.2593680512083543,0.0,GREEN
2010-09-09,40.498416900634766,0.2283104062080383,3.2593848654080015,0.0,GREEN
2010-09-10,40.64669036865234,0.2307675033807754,3.2594023263990457,0.0,GREEN
2010-09-13,41.21365737915039,0.2409399598836898,3.259419787483631,0.0,GREEN
2010-09-14,41.38810729980469,0.2439915686845779,3.259437248661758,0.0,GREEN
2010-09-15,41.6497802734375,0.2481351047754287,3.259456003359673,0.0,GREEN
2010-09-16,41.815528869628906,0.2516334950923919,3.2594754048842733,0.0,GREEN
2010-09-17,41.95714569091797,0.2543126344680786,3.259494806524359,0.0,GREEN
2010-09-20,42.691551208496094,0.2675614655017853,3.2595135615534603,0.0,GREEN
2010-09-21,42.68281173706055,0.2667182385921478,3.2595329634206687,0.0,GREEN
2010-09-22,42.569149017333984,0.265453040599823,3.2595530121354788,0.0,GREEN
2010-09-23,42.55167007446289,0.2646584212779999,3.2595730609736044,0.0,GREEN
2010-09-24,43.417213439941406,0.2796451151371002,3.259592463194976,0.0,GREEN
2010-09-27,43.18115234375,0.2764438390731811,3.259610572042071,0.0,GREEN
2010-09-28,43.16366958618164,0.2771385014057159,3.2596273874928174,0.0,GREEN
2010-09-29,43.093746185302734,0.2749061584472656,3.259646790037561,0.0,GREEN
2010-09-30,42.90138244628906,0.2711838185787201,3.2596668394524957,0.0,GREEN
2010-10-01,42.848907470703125,0.2703406512737274,3.2596868889907498,0.0,GREEN
2010-10-04,42.38555908203125,0.2609618902206421,3.2597062918896693,0.0,GREEN
2010-10-05,43.417213439941406,0.2803891897201538,3.2597250481356506,0.0,GREEN
2010-10-06,43.041282653808594,0.2732435762882232,3.259739923865306,0.0,GREEN
2010-10-07,43.19862747192383,0.2759226560592651,3.2597547996628475,0.0,GREEN
2010-10-08,43.49589920043945,0.2814810574054718,3.259769675528274,0.0,GREEN
2010-10-11,43.51338195800781,0.2820517718791961,3.259784551461587,0.0,GREEN
2010-10-12,43.81066131591797,0.2879073023796081,3.2597994274627857,0.0,GREEN
2010-10-13,44.16910171508789,0.2949032187461853,3.259814303531871,0.0,GREEN
2010-10-14,44.08167266845703,0.2932664155960083,3.2598311200336134,0.0,GREEN
2010-10-15,45.01717376708984,0.311973512172699,3.2598485834153075,0.0,GREEN
2010-10-18,44.85105514526367,0.311973512172699,3.2598660468905556,0.0,GREEN
2010-10-19,44.4313850402832,0.299567848443985,3.2598835104593578,0.0,GREEN
2010-10-20,44.7548713684082,0.3057960271835327,3.259900974121715,0.0,GREEN
2010-10-21,44.84228897094727,0.307929128408432,3.2599184378776274,0.0,GREEN
2010-10-22,45.1483039855957,0.3139333724975586,3.259933961298413,0.0,GREEN
2010-10-25,45.36688232421875,0.3186970949172973,3.25994948479312,0.0,GREEN
2010-10-26,45.48927688598633,0.3206072747707367,3.2599643615469907,0.0,GREEN
2010-10-27,45.62916564941406,0.3239075839519501,3.2599811788228417,0.0,GREEN
2010-10-28,45.725345611572266,0.3257683217525482,3.2599979961854486,0.0,GREEN
2010-10-29,45.62042617797852,0.3242048919200897,3.26001416681043,0.0,GREEN
2010-11-01,45.655399322509766,0.3249498903751373,3.2600283970309216,0.0,GREEN
2010-11-02,46.14497756958008,0.3347993195056915,3.260041980482152,0.0,GREEN
2010-11-03,46.35482406616211,0.3396373987197876,3.2600581513253095,0.0,GREEN
2010-11-04,46.923095703125,0.3516715168952942,3.2600736754113973,0.0,GREEN
2010-11-05,46.923095703125,0.3520925641059875,3.260088552732011,0.0,GREEN
2010-11-08,46.98429870605469,0.3529863059520721,3.2601040769628673,0.0,GREEN
2010-11-09,46.73076629638672,0.3472793102264404,3.260118307575824,0.0,GREEN
2010-11-10,46.96685028076172,0.3525889217853546,3.260134478797588,0.0,GREEN
2010-11-11,46.66958236694336,0.3466590940952301,3.2601506500995665,0.0,GREEN
2010-11-12,45.908935546875,0.3290190100669861,3.2601668214817594,0.0,GREEN
2010-11-15,45.734073638916016,0.3254958391189575,3.2601829929441677,0.0,GREEN
2010-11-16,44.982200622558594,0.3093439936637878,3.260199811347879,0.0,GREEN
2010-11-17,45.11332321166992,0.312270849943161,3.2602172767047053,0.0,GREEN
2010-11-18,45.8390007019043,0.3267858028411865,3.260234742155096,0.0,GREEN
2010-11-19,45.87397766113281,0.3275547325611114,3.2602522076990517,0.0,GREEN
2010-11-22,46.25865936279297,0.3361894488334656,3.2602690264598233,0.0,GREEN
2010-11-23,45.52424240112305,0.320309966802597,3.2602851984292007,0.0,GREEN
2010-11-24,46.4422607421875,0.3390171229839325,3.2603033111248245,0.0,GREEN
2010-11-26,46.136260986328125,0.336883932352066,3.2603227176929237,0.0,GREEN
2010-11-29,46.10128784179688,0.3321945667266845,3.2603427712653494,0.0,GREEN
2010-11-30,45.54174041748047,0.3195659518241882,3.2603628249611205,0.0,GREEN
2010-12-01,46.503448486328125,0.3398860096931457,3.2603835256770064,0.0,GREEN
2010-12-02,46.97557830810547,0.3502071499824524,3.26040357962345,0.0,GREEN
2010-12-03,47.09798049926758,0.3531348705291748,3.2604223398816026,0.0,GREEN
2010-12-06,47.08047866821289,0.3525146245956421,3.26043915952004,0.0,GREEN
2010-12-07,47.10670852661133,0.3528376519680023,3.2604553323333314,0.0,GREEN
2010-12-08,47.28157424926758,0.3577252626419067,3.2604734459741436,0.0,GREEN
2010-12-09,47.32529067993164,0.358096718788147,3.2604909127968695,0.0,GREEN
2010-12-10,47.64002227783203,0.3656148314476013,3.2605083797131678,0.0,GREEN
2010-12-13,47.47392272949219,0.3613227605819702,3.260523259017551,0.0,GREEN
2010-12-14,47.56134414672852,0.3628357350826263,3.2605387853184373,0.0,GREEN
2010-12-15,47.35150909423828,0.3591390252113342,3.2605562524911957,0.0,GREEN
2010-12-16,47.71872329711914,0.3666323721408844,3.260573719757528,0.0,GREEN
2010-12-17,47.76077651977539,0.3677490353584289,3.260589893238281,0.0,GREEN
2010-12-20,47.79581069946289,0.3687407970428467,3.260603479029079,0.0,GREEN
2010-12-21,48.08489608764648,0.374819278717041,3.2606164179319665,0.0,GREEN
2010-12-22,48.07614135742188,0.3752165734767914,3.2606332385716006,0.0,GREEN
2010-12-23,47.953495025634766,0.3723631203174591,3.260650059298008,0.0,GREEN
2010-12-27,47.979774475097656,0.3725126981735229,3.2606668801111884,0.0,GREEN
2010-12-28,47.892189025878906,0.3708997368812561,3.260682407095985,0.0,GREEN
2010-12-29,47.99728775024414,0.3731080889701843,3.2607005219983236,0.0,GREEN
2010-12-30,47.883399963378906,0.3703042566776275,3.2607166961080556,0.0,GREEN
2010-12-31,47.70820236206055,0.3669047951698303,3.2607309293951436,0.0,GREEN
2011-01-03,48.452823638916016,0.3834787309169769,3.2607458097151305,0.0,GREEN
2011-01-04,48.417781829833984,0.3828832507133484,3.260761337075782,0.0,GREEN
2011-01-05,48.82951354980469,0.3923859298229217,3.260778805440782,0.0,GREEN
2011-01-06,48.9871940612793,0.395933985710144,3.2607962738993623,0.0,GREEN
2011-01-07,48.943389892578125,0.3950155675411224,3.260814389434294,0.0,GREEN
2011-01-10,49.12736511230469,0.3994572460651397,3.260831858083503,0.0,GREEN
2011-01-11,49.19743728637695,0.4012931287288666,3.260849326826294,0.0,GREEN
2011-01-12,49.54785537719727,0.409431517124176,3.2608680896492617,0.0,GREEN
2011-01-13,49.56539535522461,0.410721480846405,3.26088685258019,0.0,GREEN
2011-01-14,49.93330764770508,0.4196286797523498,3.260904968618337,0.0,GREEN
2011-01-18,50.07346725463867,0.4229775071144104,3.260923731761466,0.0,GREEN
2011-01-19,49.50405883789063,0.4088112115859985,3.2609424950125576,0.0,GREEN
2011-01-20,49.15365219116211,0.399630606174469,3.260962552397106,0.0,GREEN
2011-01-21,48.77695083618164,0.3905004858970642,3.260982609905023,0.0,GREEN
2011-01-24,49.45149612426758,0.4066275656223297,3.2610020205165675,0.0,GREEN
2011-01-25,49.52156448364258,0.4080414175987243,3.2610214312436514,0.0,GREEN
2011-01-26,49.78437423706055,0.4143686592578888,3.2610408420862753,0.0,GREEN
2011-01-27,50.09098434448242,0.422357439994812,3.2610609000757362,0.0,GREEN
2011-01-28,48.82075881958008,0.3905004858970642,3.2610790170808137,0.0,GREEN
2011-01-31,49.05728530883789,0.3962817192077636,3.261096487147671,0.0,GREEN
2011-02-01,49.97711944580078,0.4182881414890289,3.2611152513927912,0.0,GREEN
2011-02-02,49.89825439453125,0.416402667760849,3.2611346627938684,0.0,GREEN
2011-02-03,49.985870361328125,0.4180156886577606,3.2611540743104896,0.0,GREEN
2011-02-04,50.26618957519531,0.4255585074424743,3.2611728388869645,0.0,GREEN
2011-02-07,50.50270462036133,0.4317361712455749,3.2611916035714104,0.0,GREEN
2011-02-08,50.83560943603516,0.4409415125846863,3.261209721302618,0.0,GREEN
2011-02-09,50.748008728027344,0.4382615089416504,3.2612284861992844,0.0,GREEN
2011-02-10,50.82683181762695,0.4403955638408661,3.261245309996413,0.0,GREEN
2011-02-11,51.19476318359375,0.449426531791687,3.261259545590943,0.0,GREEN
2011-02-14,51.31741714477539,0.4522553086280823,3.261273781247612,0.0,GREEN
2011-02-15,51.247337341308594,0.4510892033576965,3.261288016966421,0.0,GREEN
2011-02-16,51.58022689819336,0.4594256579875946,3.261304193990315,0.0,GREEN
2011-02-17,51.56270217895508,0.459028422832489,3.261318429841878,0.0,GREEN
2011-02-18,51.44882583618164,0.4564236104488373,3.2613300774081617,0.0,GREEN
2011-02-22,49.95957565307617,0.416229248046875,3.2613417250160444,0.0,GREEN
2011-02-23,49.54785537719727,0.4059577584266662,3.2613546668484794,0.0,GREEN
2011-02-24,49.8106575012207,0.4117380380630493,3.2613695500148876,0.0,GREEN
2011-02-25,50.50270462036133,0.4293790757656097,3.261385080345731,0.0,GREEN
2011-02-28,50.60784530639648,0.4325049817562103,3.26140125785109,0.0,GREEN
2011-03-01,49.79314422607422,0.4117132723331451,3.261418729644237,0.0,GREEN
2011-03-02,50.055946350097656,0.4175193309783935,3.26143555442278,0.0,GREEN
2011-03-03,51.04584503173828,0.4424297213554382,3.2614510850679306,0.0,GREEN
2011-03-04,50.78304672241211,0.4358796179294586,3.2614672629006938,0.0,GREEN
2011-03-07,50.09973907470703,0.4185120463371277,3.2614814994640655,0.0,GREEN
2011-03-08,50.30122375488281,0.4228784143924713,3.261494441851161,0.0,GREEN
2011-03-09,49.95957565307617,0.414343774318695,3.2615080314109113,0.0,GREEN
2011-03-10,49.17992401123047,0.3953879773616791,3.2615203267783355,0.0,GREEN
2011-03-11,49.48651885986328,0.4019876718521118,3.2615287394296635,0.0,GREEN
2011-03-14,49.31133270263672,0.3980681002140045,3.261537799231756,0.0,GREEN
2011-03-15,48.61051177978516,0.3817913830280304,3.2615475061898773,0.0,GREEN
2011-03-16,47.4366455078125,0.3537551164627075,3.2615598017061154,0.0,GREEN
2011-03-17,47.87464141845703,0.3629853725433349,3.261570802999213,0.0,GREEN
2011-03-18,47.76675796508789,0.36099973320961,3.2615798629181487,0.0,GREEN
2011-03-21,48.687870025634766,0.3811464607715606,3.261588275723042,0.0,GREEN
2011-03-22,48.60015487670898,0.380104124546051,3.261597335690513,0.0,GREEN
2011-03-23,48.872100830078125,0.3858605623245239,3.2616089842528893,0.0,GREEN
2011-03-24,49.7405891418457,0.4068505465984344,3.2616199857118806,0.0,GREEN
2011-03-25,49.8634033203125,0.4098277688026428,3.2616303400608104,0.0,GREEN
2011-03-28,49.59144592285156,0.4028813540935516,3.2616406944426113,0.0,GREEN
2011-03-29,50.073951721191406,0.4144428670406341,3.261651048857283,0.0,GREEN
2011-03-30,50.31079864501953,0.4205461740493774,3.2616633447638606,0.0,GREEN
2011-03-31,50.3809928894043,0.4223325550556183,3.2616756407167915,0.0,GREEN
2011-04-01,50.40729522705078,0.4229775071144104,3.2616872895588287,0.0,GREEN
2011-04-04,50.24061584472656,0.4191570580005646,3.2616944083207318,0.0,GREEN
2011-04-05,50.109031677246094,0.4143933057785034,3.2616989384518735,0.0,GREEN
2011-04-06,50.23183822631836,0.4175193309783935,3.261707351563906,0.0,GREEN
2011-04-07,50.19677734375,0.4174202382564544,3.2617138232055733,0.0,GREEN
2011-04-08,49.95991134643555,0.4111682772636413,3.26171835336368,0.0,GREEN
2011-04-11,49.79320907592773,0.4074459671974182,3.261722883528079,0.0,GREEN
2011-04-12,49.45108795166016,0.3994076550006866,3.2617274136987695,0.0,GREEN
2011-04-13,49.87217712402344,0.4089350700378418,3.2617332382122397,0.0,GREEN
2011-04-14,49.78444290161133,0.4067018628120422,3.2617397099052696,0.0,GREEN
2011-04-15,49.69673156738281,0.4040723741054535,3.2617481231224668,0.0,GREEN
2011-04-18,49.34581756591797,0.3962817192077636,3.261755889189253,0.0,GREEN
2011-04-19,49.65283966064453,0.4034273326396942,3.2617630081008775,0.0,GREEN
2011-04-20,50.77574920654297,0.4302726984024048,3.2617701270280395,0.0,GREEN
2011-04-21,51.179290771484375,0.4411892592906952,3.261777245970739,0.0,GREEN
2011-04-25,51.31087112426758,0.444463849067688,3.261783070573195,0.0,GREEN
2011-04-26,51.60037612915039,0.4521057307720184,3.2617888951860525,0.0,GREEN
2011-04-27,51.95127868652344,0.4614845216274261,3.2617960141697138,0.0,GREEN
2011-04-28,51.872337341308594,0.4607900083065033,3.261802485987299,0.0,GREEN
2011-04-29,51.82845306396485,0.4585568010807037,3.261807016268549,0.0,GREEN
2011-05-02,51.73196029663086,0.4560758173465729,3.261812193739887,0.0,GREEN
2011-05-03,51.486328125,0.4492275416851043,3.2618160768495548,0.0,GREEN
2011-05-04,51.40737533569336,0.4465979039669037,3.261819312778251,0.0,GREEN
2011-05-05,51.12665939331055,0.4398992359638214,3.2618219015236796,0.0,GREEN
2011-05-06,51.29332733154297,0.4437197744846344,3.2618231958974206,0.0,GREEN
2011-05-09,51.486328125,0.4485329091548919,3.2618238430845485,0.0,GREEN
2011-05-10,51.92495727539063,0.4600458741188049,3.2618244902718048,0.0,GREEN
2011-05-11,51.547733306884766,0.4501211941242218,3.2618277262088475,0.0,GREEN
2011-05-12,51.85478210449219,0.4580604434013366,3.2618303149609535,0.0,GREEN
2011-05-13,51.24070739746094,0.4418342411518097,3.2618329037151144,0.0,GREEN
2011-05-16,50.35466003417969,0.4188588559627533,3.2618354924713295,0.0,GREEN
2011-05-17,50.495025634765625,0.4222829937934875,3.261838081229599,0.0,GREEN
2011-05-18,50.916107177734375,0.4325545132160187,3.2618426115602865,0.0,GREEN
2011-05-19,51.065242767333984,0.4362768232822418,3.2618477890881254,0.0,GREEN
2011-05-20,50.67924118041992,0.4266504049301147,3.2618529666241827,0.0,GREEN
2011-05-23,49.9335823059082,0.4081405699253082,3.261858144168458,0.0,GREEN
2011-05-24,49.62654113769531,0.4004499018192291,3.2618639689153754,0.0,GREEN
2011-05-25,49.81953430175781,0.4049155414104461,3.2618704408677917,0.0,GREEN
2011-05-26,50.1265754699707,0.4125079214572906,3.2618762656366673,0.0,GREEN
2011-05-27,50.3809928894043,0.4186606407165527,3.2618820904159445,0.0,GREEN
2011-05-31,51.19684982299805,0.4388073086738586,3.261886620807756,0.0,GREEN
2011-06-01,50.082706451416016,0.4107710719108581,3.261891798405451,0.0,GREEN
2011-06-02,50.1879768371582,0.4131528735160827,3.2618969760113643,0.0,GREEN
2011-06-03,49.43354797363281,0.3943952918052673,3.2619015064238503,0.0,GREEN
2011-06-06,49.030006408691406,0.3848678767681122,3.2619053896398427,0.0,GREEN
2011-06-07,48.94229507446289,0.3826355636119842,3.261909272860458,0.0,GREEN
2011-06-08,48.59138107299805,0.37439826130867,3.2619144504941087,0.0,GREEN
2011-06-09,48.67910385131836,0.3760359287261963,3.2619189809308646,0.0,GREEN
2011-06-10,47.93342590332031,0.3587675392627716,3.261924158579925,0.0,GREEN
2011-06-13,47.93342590332031,0.3590151965618133,3.261928689030164,0.0,GREEN
2011-06-14,48.54750442504883,0.3723631203174591,3.261933866694634,0.0,GREEN
2011-06-15,47.62638092041016,0.3520182371139526,3.261940338785736,0.0,GREEN
2011-06-16,47.44215393066406,0.3471059799194336,3.261946163679429,0.0,GREEN
2011-06-17,47.293582916259766,0.3445259034633636,3.261950694160231,0.0,GREEN
2011-06-20,47.53976058959961,0.3490903973579407,3.261953930222476,0.0,GREEN
2011-06-21,48.55965805053711,0.3723631203174591,3.261955871861677,0.0,GREEN
2011-06-22,48.20797348022461,0.3639770746231079,3.261958460715486,0.0,GREEN
2011-06-23,48.65636444091797,0.3740504086017608,3.2619597551434176,0.0,GREEN
2011-06-24,47.81232070922852,0.3543505370616913,3.2619604023576407,0.0,GREEN
2011-06-27,48.577239990234375,0.3715694844722748,3.2619616967863427,0.0,GREEN
2011-06-28,49.29821395874024,0.3882425129413605,3.2619636384301667,0.0,GREEN
2011-06-29,49.50042343139648,0.3931052982807159,3.2619668745052532,0.0,GREEN
2011-06-30,50.15985870361328,0.4080414175987243,3.2619694633677945,0.0,GREEN
2011-07-01,50.91598129272461,0.426947683095932,3.2619714050162414,0.0,GREEN
2011-07-05,51.17097473144531,0.4331004619598388,3.2619726994493092,0.0,GREEN
2011-07-06,51.33800506591797,0.4377155303955078,3.261973993882891,0.0,GREEN
2011-07-07,52.041412353515625,0.455430805683136,3.261974641099939,0.0,GREEN
2011-07-08,51.900726318359375,0.4516598880290985,3.261977229968644,0.0,GREEN
2011-07-11,50.9599494934082,0.4274439513683319,3.261979818839404,0.0,GREEN
2011-07-12,50.573089599609375,0.4170228540897369,3.261981760494015,0.0,GREEN
2011-07-13,50.78410720825195,0.4225811958312988,3.2619856438055477,0.0,GREEN
2011-07-14,50.195011138916016,0.4080414175987243,3.261986291024907,0.0,GREEN
2011-07-15,50.863224029541016,0.4242686033248901,3.261986938244395,0.0,GREEN
2011-07-18,50.59067535400391,0.4172715544700622,3.2619875854640115,0.0,GREEN
2011-07-19,51.74245834350586,0.4466970264911651,3.2619882326837564,0.0,GREEN
2011-07-20,51.52265167236328,0.4404451251029968,3.261991468783242,0.0,GREEN
2011-07-21,51.86554718017578,0.4493770897388458,3.2619940576653024,0.0,GREEN
2011-07-22,52.40187454223633,0.4633205235004425,3.261998588212624,0.0,GREEN
2011-07-25,52.29636764526367,0.4605917930603027,3.2620024715441898,0.0,GREEN
2011-07-26,52.42823028564453,0.4631222784519195,3.2620070021031973,0.0,GREEN
2011-07-27,51.074249267578125,0.4279899597167969,3.2620154160098385,0.0,GREEN
2011-07-28,51.16217803955078,0.4302726984024048,3.26202447716381,0.0,GREEN
2011-07-29,50.99512100219727,0.4261044561862945,3.262032891115526,0.0,GREEN
2011-08-01,50.757720947265625,0.4203480184078216,3.2620445412334576,0.0,GREEN
2011-08-02,49.47406005859375,0.3884406387805938,3.2620542496997396,0.0,GREEN
2011-08-03,49.9488410949707,0.3985140025615692,3.262060722029697,0.0,GREEN
2011-08-04,47.627685546875,0.3442772328853607,3.2620620164982084,0.0,GREEN
2011-08-05,47.3287467956543,0.3366847932338714,3.2620633109672332,0.0,GREEN
2011-08-08,44.48004150390625,0.2775357365608215,3.262064605436772,0.0,GREEN
2011-08-09,46.6253547668457,0.3155463337898254,3.262066547141851,0.0,GREEN
2011-08-10,44.71744155883789,0.2783293426036834,3.26207043055432,0.0,GREEN
2011-08-11,46.68691635131836,0.3140572309494018,3.2620723722628666,0.0,GREEN
2011-08-12,47.10013198852539,0.3220469057559967,3.262073666736001,0.0,GREEN
2011-08-15,47.79473876953125,0.3359408378601074,3.2620743139728257,0.0,GREEN
2011-08-16,47.39028549194336,0.3273069560527801,3.2620749612097786,0.0,GREEN
2011-08-17,47.10894012451172,0.3219973742961883,3.2620775501581027,0.0,GREEN
2011-08-18,44.79656982421875,0.2753025591373443,3.262078197395698,0.0,GREEN
2011-08-19,43.98767852783203,0.2598700225353241,3.2620794918711438,0.0,GREEN
2011-08-22,44.14594650268555,0.2622023820877075,3.2620807863471035,0.0,GREEN
2011-08-23,45.965946197509766,0.2946555912494659,3.2620814335853408,0.0,GREEN
2011-08-24,46.32641220092773,0.3016029596328735,3.2620820808237063,0.0,GREEN
2011-08-25,45.57029342651367,0.2871127128601074,3.2620833753006933,0.0,GREEN
2011-08-26,46.71327972412109,0.3078548312187195,3.262084669778194,0.0,GREEN
2011-08-29,48.0145378112793,0.3340552449226379,3.2620859642562086,0.0,GREEN
2011-08-30,48.33105850219727,0.3408531546592712,3.262086611495473,0.0,GREEN
2011-08-31,48.41019821166992,0.3428385853767395,3.2620885532136508,0.0,YELLOW
2011-09-01,47.97057342529297,0.3331625163555145,3.262090494932984,0.0,YELLOW
2011-09-02,46.845176696777344,0.3098394274711609,3.26209178941331,0.0,YELLOW
2011-09-06,46.853946685791016,0.3097898364067077,3.26209373113457,0.0,YELLOW
2011-09-07,48.04092788696289,0.3332121074199676,3.2620956728569857,0.0,YELLOW
2011-09-08,47.82110595703125,0.3285970687866211,3.262097614580557,0.0,YELLOW
2011-09-09,46.75724411010742,0.3069621324539184,3.2620989090637083,0.0,YELLOW
2011-09-12,47.35511779785156,0.3184742033481598,3.2620995563055413,0.0,YELLOW
2011-09-13,47.988162994384766,0.3308302164077759,3.2621002035475026,0.0,YELLOW
2011-09-14,48.6739616394043,0.3451213538646698,3.2621008507895923,0.0,YELLOW
2011-09-15,49.39492416381836,0.360801637172699,3.2621014980318104,0.0,YELLOW
2011-09-16,49.847686767578125,0.3702298700809479,3.2621021452741568,0.0,GREEN
2011-09-19,49.86531066894531,0.3711722195148468,3.2621027925166315,0.0,GREEN
2011-09-20,49.64508438110352,0.365913063287735,3.262103439759235,0.0,GREEN
2011-09-21,48.781856536865234,0.347304105758667,3.262104087001967,0.0,GREEN
2011-09-22,47.19629669189453,0.3135122060775757,3.262104734244827,0.0,GREEN
2011-09-23,47.69839096069336,0.3232873380184173,3.2621053814878156,0.0,GREEN
2011-09-26,48.25333404541016,0.3342534303665161,3.2621060287309325,0.0,GREEN
2011-09-27,48.75541687011719,0.3444763422012329,3.262106675974178,0.0,GREEN
2011-09-28,48.03310775756836,0.3282492756843567,3.2621079704609253,0.0,GREEN
2011-09-29,47.4605712890625,0.318523645401001,3.2621092649481858,0.0,YELLOW
2011-09-30,46.23617935180664,0.2937619388103485,3.26211055943596,0.0,YELLOW
2011-10-03,45.04702377319336,0.270737886428833,3.262111853924248,0.0,YELLOW
2011-10-04,45.97192001342773,0.2872117757797241,3.2621144429018525,0.0,YELLOW
2011-10-05,47.15227890014648,0.3090458214282989,3.2621150901467675,0.0,YELLOW
2011-10-06,47.945045471191406,0.3249250948429107,3.262115737391811,0.0,YELLOW
2011-10-07,47.62791442871094,0.3182254433631897,3.2621163846369825,0.0,YELLOW
2011-10-10,49.2751350402832,0.350876897573471,3.2621170318822825,0.0,YELLOW
2011-10-11,49.60983657836914,0.3583702445030212,3.2621176791277113,0.0,GREEN
2011-10-12,49.856483459472656,0.3641267120838165,3.2621183263732685,0.0,GREEN
2011-10-13,50.31453704833984,0.3739018738269806,3.262120268110324,0.0,GREEN
2011-10-14,51.24825286865234,0.3944953680038452,3.2621222098485356,0.0,GREEN
2011-10-17,50.45547866821289,0.3762341439723968,3.2621241515879027,0.0,GREEN
2011-10-18,51.08088302612305,0.3898802995681762,3.262126740575267,0.0,GREEN
2011-10-19,50.09431838989258,0.3674012422561645,3.262129976812161,0.0,GREEN
2011-10-20,49.847686767578125,0.3627366125583648,3.2621325658041487,0.0,GREEN
2011-10-21,50.47308349609375,0.3756386339664459,3.26213450754968,0.0,GREEN
2011-10-24,51.52130889892578,0.3991094827651977,3.2621364492963676,0.0,GREEN
2011-10-25,50.508338928222656,0.3764818012714386,3.262137096545649,0.0,GREEN
2011-10-26,50.4466667175293,0.3749936521053314,3.2621390382938773,0.0,GREEN
2011-10-27,51.83842468261719,0.4052136838436126,3.2621409800432613,0.0,GREEN
2011-10-28,51.91768646240234,0.4065532684326172,3.262142274543621,0.0,GREEN
2011-10-31,51.04565048217773,0.3864065110683441,3.2621435690444947,0.0,GREEN
2011-11-01,49.71556091308594,0.3564847409725189,3.2621442162951886,0.0,GREEN
2011-11-02,50.13836669921875,0.3652670085430145,3.262144863546011,0.0,GREEN
2011-11-03,51.17778015136719,0.3874984383583069,3.2621455107969615,0.0,GREEN
2011-11-04,50.913516998291016,0.3814942240715027,3.262146158048041,0.0,GREEN
2011-11-07,51.2746696472168,0.3899792432785034,3.2621468052992486,0.0,GREEN
2011-11-08,51.864845275878906,0.4029804170131683,3.2621474525505847,0.0,GREEN
2011-11-09,50.041481018066406,0.3612980246543884,3.262148099802049,0.0,GREEN
2011-11-10,50.01505661010742,0.35980886220932,3.262148747053642,0.0,GREEN
2011-11-11,50.95756530761719,0.3800050318241119,3.262149394305363,0.0,GREEN
2011-11-14,50.64044952392578,0.3735540509223938,3.262150041557213,0.0,GREEN
2011-11-15,51.204200744628906,0.385563313961029,3.262150688809191,0.0,GREEN
2011-11-16,50.35857391357422,0.3665581047534942,3.2621519833134034,0.0,GREEN
2011-11-17,49.17823028564453,0.3413494527339935,3.2621526305657667,0.0,GREEN
2011-11-18,48.79948043823242,0.3331625163555145,3.2621532778182587,0.0,GREEN
2011-11-21,47.865760803222656,0.3138094544410705,3.262153925070879,0.0,YELLOW
2011-11-22,48.02429962158203,0.3165390789508819,3.262154572323628,0.0,YELLOW
2011-11-23,46.94085311889648,0.2954986989498138,3.2621565140822586,0.0,YELLOW
2011-11-25,46.5797119140625,0.2888000011444092,3.262158455842045,0.0,YELLOW
2011-11-28,48.20047378540039,0.3186227083206177,3.2621591030956925,0.0,YELLOW
2011-11-29,47.9010009765625,0.3128663003444671,3.262160397603244,0.0,YELLOW
2011-11-30,49.671504974365234,0.3472049534320831,3.262162339365342,0.0,GREEN
2011-12-01,50.01505661010742,0.3546487987041473,3.262164281128596,0.0,GREEN
2011-12-02,49.87409210205078,0.351274162530899,3.2621662228930055,0.0,GREEN
2011-12-05,50.42024230957031,0.362786203622818,3.262168164658571,0.0,GREEN
2011-12-06,50.2793083190918,0.3600079715251922,3.2621701064252924,0.0,GREEN
2011-12-07,50.2793083190918,0.36055389046669,3.2621707536812514,0.0,GREEN
2011-12-08,49.433692932128906,0.342193603515625,3.2621714009373393,0.0,YELLOW
2011-12-09,50.22645950317383,0.3584197759628296,3.2621720481935554,0.0,GREEN
2011-12-12,49.66271209716797,0.3466590940952301,3.2621726954499,0.0,GREEN
2011-12-13,49.11655807495117,0.3349489271640777,3.262173342706373,0.0,YELLOW
2011-12-14,48.35024642944336,0.319366842508316,3.262173989962974,0.0,YELLOW
2011-12-15,48.21809387207031,0.3168858885765075,3.262174637219704,0.0,YELLOW
2011-12-16,48.466346740722656,0.3208559155464172,3.2621752844765624,0.0,YELLOW
2011-12-19,47.98927688598633,0.311973512172699,3.262175931733549,0.0,YELLOW
2011-12-20,49.41163635253906,0.3396622240543365,3.262176578990664,0.0,GREEN
2011-12-21,48.70488357543945,0.3255206048488617,3.2621772262479074,0.0,YELLOW
2011-12-22,49.12010192871094,0.3334597647190094,3.2621778735052795,0.0,YELLOW
2011-12-23,49.54417037963867,0.3420945107936859,3.26217852076278,0.0,GREEN
2011-12-27,49.72897338867188,0.3447240889072418,3.262179168020409,0.0,GREEN
2011-12-28,49.15423202514648,0.3336579203605652,3.262179815278166,0.0,YELLOW
2011-12-29,49.50790786743164,0.3401585817337036,3.2621804625360515,0.0,GREEN
2011-12-30,49.36642837524414,0.3373803198337555,3.2621811097940654,0.0,YELLOW
2012-01-03,50.31254959106445,0.3565838038921356,3.262181757052208,0.0,GREEN
2012-01-04,50.5247802734375,0.3608510792255401,3.262182404310479,0.0,GREEN
2012-01-05,50.940372467041016,0.3697334825992584,3.2621836988272768,0.0,GREEN
2012-01-06,51.11720657348633,0.3735540509223938,3.2621849933445883,0.0,GREEN
2012-01-09,50.94919204711914,0.3704280853271484,3.262186935121327,0.0,GREEN
2012-01-10,51.320579528808594,0.3780204355716705,3.262187582380625,0.0,GREEN
2012-01-11,51.42669677734375,0.3806501030921936,3.2621888768994776,0.0,GREEN
2012-01-12,51.63006591796875,0.3851660788059234,3.2621908186785276,0.0,GREEN
2012-01-13,51.444366455078125,0.3807490766048431,3.262193407718802,0.0,GREEN
2012-01-17,51.91300964355469,0.3909721076488495,3.2621959967611316,0.0,GREEN
2012-01-18,52.60271072387695,0.4065036177635193,3.262198585805516,0.0,GREEN
2012-01-19,52.92986679077149,0.4146410226821899,3.2622018221136853,0.0,GREEN
2012-01-20,52.850284576416016,0.4128051698207855,3.2622070002116996,0.0,GREEN
2012-01-23,52.86797332763672,0.4127556383609772,3.262212178317933,0.0,GREEN
2012-01-24,52.77073669433594,0.4104728996753692,3.2622167091682,0.0,GREEN
2012-01-25,53.433876037597656,0.4261540472507477,3.26222124002476,0.0,GREEN
2012-01-26,53.24820327758789,0.421638011932373,3.2622257708876123,0.0,GREEN
2012-01-27,53.40736389160156,0.4258061945438385,3.262231596291006,0.0,GREEN
2012-01-30,53.45157241821289,0.4265007674694061,3.262238068972841,0.0,GREEN
2012-01-31,53.52230453491211,0.4279899597167969,3.2622438943981957,0.0,GREEN
2012-02-01,53.9555892944336,0.438509076833725,3.262251014374911,0.0,GREEN
2012-02-02,54.12358093261719,0.4430252015590668,3.262258134367166,0.0,GREEN
2012-02-03,54.86631774902344,0.4606413841247558,3.262267843469142,0.0,GREEN
2012-02-06,54.82210922241211,0.4601945281028747,3.2622769053243013,0.0,GREEN
2012-02-07,54.93706512451172,0.4621790945529938,3.262285319927121,0.0,GREEN
2012-02-08,55.22887802124024,0.4698705375194549,3.262295676388223,0.0,GREEN
2012-02-09,55.62677764892578,0.4802916049957275,3.2623053856019313,0.0,GREEN
2012-02-10,55.23770904541016,0.4700191915035248,3.2623163894098957,0.0,GREEN
2012-02-13,55.75057601928711,0.4826735854148865,3.262326745969631,0.0,GREEN
2012-02-14,55.892032623291016,0.4868912696838379,3.262339044423479,0.0,GREEN
2012-02-15,55.50298309326172,0.4760234355926513,3.2623532847922463,0.0,GREEN
2012-02-16,56.26341247558594,0.4959223866462707,3.262366877930509,0.0,GREEN
2012-02-17,56.086570739746094,0.4917045533657074,3.2623791765356485,0.0,GREEN
2012-02-21,56.245723724365234,0.4958728551864624,3.262388885997869,0.0,GREEN
2012-02-22,55.98929214477539,0.4893225729465484,3.2623979481892573,0.0,GREEN
2012-02-23,56.360687255859375,0.498601496219635,3.2624083050079093,0.0,GREEN
2012-02-24,56.555206298828125,0.5034652352333069,3.2624193091630223,0.0,GREEN
2012-02-27,56.6347770690918,0.5058966279029846,3.2624309606610185,0.0,GREEN
2012-02-28,57.20952987670898,0.5210309028625488,3.2624439068158173,0.0,GREEN
2012-02-29,56.95312881469727,0.514183521270752,3.2624562057113433,0.0,GREEN
2012-03-01,57.4040641784668,0.526688277721405,3.2624659154028173,0.0,GREEN
2012-03-02,57.35985565185547,0.52510005235672,3.2624749778081763,0.0,GREEN
2012-03-05,56.76741790771485,0.508724570274353,3.2624827456055687,0.0,GREEN
2012-03-06,56.21035385131836,0.4941360056400299,3.262490513421456,0.0,GREEN
2012-03-07,56.64362716674805,0.5053507685661316,3.262499575895143,0.0,GREEN
2012-03-08,57.25375747680664,0.5213788151741028,3.262509285715695,0.0,GREEN
2012-03-09,57.49248123168945,0.527679979801178,3.2625189955651455,0.0,GREEN
2012-03-12,57.51900863647461,0.5285242795944214,3.2625293527680745,0.0,GREEN
2012-03-13,58.58892440795898,0.5582974553108215,3.262539062677248,0.0,GREEN
2012-03-14,58.79230499267578,0.5645493268966675,3.2625494199438827,0.0,GREEN
2012-03-15,58.96030807495117,0.5688661932945251,3.262559777243397,0.0,GREEN
2012-03-16,58.91868209838867,0.5676258206367493,3.26256948724312,0.0,GREEN
2012-03-19,59.3349723815918,0.5799818634986877,3.2625798446063405,0.0,GREEN
2012-03-20,59.44126129150391,0.5831573605537415,3.2625895546657877,0.0,GREEN
2012-03-21,59.45013046264648,0.5829592943191528,3.262601854110383,0.0,GREEN
2012-03-22,59.32610321044922,0.5794359445571899,3.2626128589183403,0.0,GREEN
2012-03-23,59.29067611694336,0.5786423087120056,3.262621921731876,0.0,GREEN
2012-03-26,60.32698440551758,0.6088622212409973,3.2626309845705856,0.0,GREEN
2012-03-27,60.415565490722656,0.611193835735321,3.2626400474344703,0.0,GREEN
2012-03-28,60.176414489746094,0.6040481328964233,3.262650405021691,0.0,GREEN
2012-03-29,59.94610977172852,0.5978458523750305,3.2626601152911396,0.0,GREEN
2012-03-30,59.83098220825195,0.5936774611473083,3.2626672361762736,0.0,GREEN
2012-04-02,60.450984954833984,0.611789345741272,3.2626756517858992,0.0,GREEN
2012-04-03,60.43328857421875,0.611839771270752,3.2626834200610872,0.0,GREEN
2012-04-04,59.60954666137695,0.5868796706199646,3.2626931304287945,0.0,GREEN
2012-04-05,59.9815559387207,0.5975978970527649,3.2627021934653064,0.0,GREEN
2012-04-09,59.52984619140625,0.5838528275489807,3.2627112565269933,0.0,GREEN
2012-04-10,58.57324981689453,0.555666983127594,3.262720966977547,0.0,GREEN
2012-04-11,58.8566780090332,0.56370609998703,3.2627319721872743,0.0,GREEN
2012-04-12,59.52984619140625,0.5826114416122437,3.262742977434122,0.0,GREEN
2012-04-13,58.62638854980469,0.5562623143196106,3.2627539827180905,0.0,GREEN
2012-04-16,57.970947265625,0.5387463569641113,3.262764340667011,0.0,GREEN
2012-04-17,59.148956298828125,0.5705040097236633,3.2627740512755534,0.0,GREEN
2012-04-18,58.99839019775391,0.5663357973098755,3.2627837619129965,0.0,GREEN
2012-04-19,58.3341064453125,0.5480249524116516,3.2627921778231848,0.0,GREEN
2012-04-20,58.1746711730957,0.5421198606491089,3.2628005937550806,0.0,GREEN
2012-04-23,57.64323806762695,0.5284746885299683,3.2628090097086844,0.0,GREEN
2012-04-24,57.333229064941406,0.5191454291343689,3.2628180730670833,0.0,GREEN
2012-04-25,58.8566780090332,0.5603811740875244,3.262828431219465,0.0,GREEN
2012-04-26,59.20210266113281,0.5704048871994019,3.2628394367916704,0.0,GREEN
2012-04-27,59.556400299072266,0.5801799893379211,3.262850442400998,0.0,GREEN
2012-04-30,59.131256103515625,0.5681220889091492,3.2628614480474476,0.0,GREEN
2012-05-01,59.22868347167969,0.5713480710983276,3.262873101124511,0.0,GREEN
2012-05-02,59.39695739746094,0.575119137763977,3.262884106847389,0.0,GREEN
2012-05-03,58.76810073852539,0.5572550892829895,3.2628944652094014,0.0,GREEN
2012-05-04,57.3066635131836,0.5163662433624268,3.2629041762052196,0.0,GREEN
2012-05-07,57.35980224609375,0.517110288143158,3.2629132398279697,0.0,GREEN
2012-05-08,57.1472053527832,0.5114043951034546,3.2629229508796644,0.0,GREEN
2012-05-09,56.97006607055664,0.5085756182670593,3.262934604176381,0.0,GREEN
2012-05-10,56.85493469238281,0.5033652782440186,3.262946257514716,0.0,GREEN
2012-05-11,56.846073150634766,0.5028698444366455,3.2629579108946705,0.0,GREEN
2012-05-14,56.31464385986328,0.4889750182628631,3.262969564316244,0.0,GREEN
2012-05-15,56.128639221191406,0.4847076535224914,3.2629805703644936,0.0,GREEN
2012-05-16,55.74776840209961,0.4741874039173126,3.262992223866994,0.0,GREEN
2012-05-17,54.56975936889648,0.445009708404541,3.2630045248295882,0.0,GREEN
2012-05-18,53.861175537109375,0.4271458387374878,3.26301617841764,0.0,GREEN
2012-05-21,55.36690139770508,0.4630727469921112,3.2630258897756996,0.0,GREEN
2012-05-22,55.30491256713867,0.4613854885101318,3.2630336588847872,0.0,GREEN
2012-05-23,55.41118621826172,0.4639654755592346,3.263044665149229,0.0,GREEN
2012-05-24,55.04804992675781,0.4556289911270141,3.2630550240209506,0.0,GREEN
2012-05-25,54.9771842956543,0.453048974275589,3.263066677789357,0.0,GREEN
2012-05-29,55.67691040039063,0.4699201285839081,3.26307703673096,0.0,GREEN
2012-05-30,55.20746612548828,0.4585071802139282,3.2630867482701458,0.0,GREEN
2012-05-31,54.96834182739258,0.4519571363925934,3.2630951649618463,0.0,GREEN
2012-06-01,53.50688552856445,0.4164274930953979,3.263102934235875,0.0,GREEN
2012-06-04,53.914310455322266,0.4253594875335693,3.263111350969325,0.0,GREEN
2012-06-05,54.1357421875,0.4312149584293365,3.263119767724485,0.0,GREEN
2012-06-06,55.375762939453125,0.4606909155845642,3.2631301268346276,0.0,GREEN
2012-06-07,55.15433120727539,0.4555299580097198,3.2631404859776563,0.0,GREEN
2012-06-08,55.68577575683594,0.4689283072948456,3.263150845153571,0.0,GREEN
2012-06-11,54.74689483642578,0.446498841047287,3.263161204362372,0.0,GREEN
2012-06-12,55.41118621826172,0.4605917930603027,3.2631709161520566,0.0,GREEN
2012-06-13,55.030311584472656,0.451559841632843,3.2631825703343633,0.0,GREEN
2012-06-14,55.23406219482422,0.456621766090393,3.2631942245582923,0.0,GREEN
2012-06-15,55.92028427124024,0.4734929203987121,3.263206526282397,0.0,GREEN
2012-06-18,56.444068908691406,0.485700398683548,3.2632175331299234,0.0,GREEN
2012-06-19,57.02998733520508,0.5016789436340332,3.263227245087253,0.0,GREEN
2012-06-20,57.074363708496094,0.5034652352333069,3.263238899470734,0.0,GREEN
2012-06-21,55.653953552246094,0.4657518565654754,3.2632492589590725,0.0,GREEN
2012-06-22,56.23988723754883,0.4802421331405639,3.263258971010824,0.0,GREEN
2012-06-25,55.15680694580078,0.4517588913440704,3.2632686830914808,0.0,GREEN
2012-06-26,55.503055572509766,0.4604918360710144,3.2632783952010422,0.0,GREEN
2012-06-27,55.84039688110352,0.4689283072948456,3.263290697242457,0.0,GREEN
2012-06-28,55.21895980834961,0.4520561695098877,3.2633010568952328,0.0,GREEN
2012-06-29,56.9589729309082,0.4962196052074432,3.263310769101145,0.0,GREEN
2012-07-02,57.12765502929688,0.5001897811889648,3.2633211288176414,0.0,GREEN
2012-07-03,57.60704803466797,0.5120989680290222,3.263330193598593,0.0,GREEN
2012-07-05,57.64254379272461,0.5138853192329407,3.263339905891222,0.0,GREEN
2012-07-06,56.923465728759766,0.4936395585536957,3.263349618212756,0.0,GREEN
2012-07-09,56.81692886352539,0.4919523298740387,3.263358683072845,0.0,GREEN
2012-07-10,56.25763702392578,0.476867526769638,3.2633677479581142,0.0,GREEN
2012-07-11,55.946922302246094,0.470317393541336,3.263379402843392,0.0,GREEN
2012-07-12,55.42314910888672,0.4567207992076874,3.2633910577702943,0.0,GREEN
2012-07-13,56.26652908325195,0.4765693843364715,3.263403360236429,0.0,GREEN
2012-07-16,56.106719970703125,0.4729965329170227,3.2634150152488934,0.0,GREEN
2012-07-17,56.399688720703125,0.4802421331405639,3.2634260227996563,0.0,GREEN
2012-07-18,57.16315841674805,0.4997923672199249,3.263438325397604,0.0,GREEN
2012-07-19,57.79348373413086,0.5160689949989319,3.2634493330269922,0.0,GREEN
2012-07-20,57.02998733520508,0.4962196052074432,3.263459693183374,0.0,GREEN
2012-07-23,56.3375358581543,0.4778602123260498,3.2634707008848363,0.0,GREEN
2012-07-24,55.89365005493164,0.4669428467750549,3.263482356137803,0.0,GREEN
2012-07-25,55.520790100097656,0.4565227031707763,3.263494658948118,0.0,GREEN
2012-07-26,56.25763702392578,0.474386602640152,3.2635069618048127,0.0,GREEN
2012-07-27,57.58928680419922,0.5103124976158142,3.2635199122294574,0.0,GREEN
2012-07-30,57.544898986816406,0.5072361826896667,3.2635328627054925,0.0,GREEN
2012-07-31,57.52716445922852,0.5075335502624512,3.2635445181804656,0.0,GREEN
2012-08-01,57.35847473144531,0.5025714635848999,3.2635574687541435,0.0,GREEN
2012-08-02,57.15427780151367,0.4973113238811493,3.2635691243169953,0.0,GREEN
2012-08-03,58.23735427856445,0.5255964398384094,3.2635801323875704,0.0,GREEN
2012-08-06,58.681243896484375,0.5374066829681396,3.2635898454240646,0.0,GREEN
2012-08-07,59.16952133178711,0.550705075263977,3.263599558489467,0.0,GREEN
2012-08-08,59.142852783203125,0.5498113632202148,3.2636125092815584,0.0,GREEN
2012-08-09,59.320411682128906,0.5544759631156921,3.26362610766659,0.0,GREEN
2012-08-10,59.35594177246094,0.5567587614059448,3.26364035365349,0.0,GREEN
2012-08-13,59.49797821044922,0.5601333975791931,3.263652657059431,0.0,GREEN
2012-08-14,59.52461242675781,0.5609272122383118,3.2636649605117536,0.0,GREEN
2012-08-15,59.675540924072266,0.5648971199989319,3.2636785591153314,0.0,GREEN
2012-08-16,60.385738372802734,0.585142970085144,3.2636889199994146,0.0,GREEN
2012-08-17,60.65205764770508,0.5931811332702637,3.2636986333596814,0.0,GREEN
2012-08-20,60.7408332824707,0.5954638719558716,3.2637089943074926,0.0,GREEN
2012-08-21,60.50116729736328,0.5886165499687195,3.263720002849851,0.0,GREEN
2012-08-22,60.74972152709961,0.5949674248695374,3.2637336016827723,0.0,GREEN
2012-08-23,60.2525634765625,0.5817683339118958,3.2637465530067815,0.0,GREEN
2012-08-24,60.62544631958008,0.5920892953872681,3.263758856813077,0.0,GREEN
2012-08-27,60.72311019897461,0.5949674248695374,3.263770513095172,0.0,GREEN
2012-08-28,60.72311019897461,0.594868540763855,3.2637828169917933,0.0,GREEN
2012-08-29,60.72311019897461,0.5950667858123779,3.2637957685111014,0.0,GREEN
2012-08-30,60.11052703857422,0.5769054889678955,3.2638080725029313,0.0,GREEN
2012-08-31,60.51004409790039,0.5892120003700256,3.2638197289607964,0.0,GREEN
2012-09-04,60.44790649414063,0.5867301225662231,3.263830737876665,0.0,GREEN
2012-09-05,60.385738372802734,0.5840510129928589,3.263842394415478,0.0,GREEN
2012-09-06,61.72623825073242,0.6226570010185242,3.2638553461712045,0.0,GREEN
2012-09-07,61.637474060058594,0.6199771761894226,3.263868297978327,0.0,GREEN
2012-09-10,60.84738159179688,0.5971511602401733,3.263881249836845,0.0,GREEN
2012-09-11,60.74972152709961,0.5945711731910706,3.263893554150926,0.0,GREEN
2012-09-12,60.92730331420898,0.5997312664985657,3.263906506109667,0.0,GREEN
2012-09-13,61.75289535522461,0.6236488819122314,3.2639188105189603,0.0,GREEN
2012-09-14,62.30332565307617,0.6396273374557495,3.263931114974639,0.0,GREEN
2012-09-17,62.3299446105957,0.6408182978630066,3.263943419476704,0.0,GREEN
2012-09-18,62.38321685791016,0.6420091986656189,3.2639550764179512,0.0,GREEN
2012-09-19,62.49861907958984,0.6462765336036682,3.2639680286208286,0.0,GREEN
2012-09-20,62.43647003173828,0.6447882652282715,3.26398162848719,0.0,GREEN
2012-09-21,62.45426940917969,0.6447882652282715,3.263995228410218,0.0,GREEN
2012-09-24,62.0892448425293,0.6328790783882141,3.264008180772428,0.0,GREEN
2012-09-25,61.216793060302734,0.60747230052948,3.264020485565019,0.0,GREEN
2012-09-26,60.71820831298828,0.5914939045906067,3.2640340856499512,0.0,GREEN
2012-09-27,61.55509948730469,0.6166034936904907,3.264047038166357,0.0,GREEN
2012-09-28,61.04761505126953,0.6018158197402954,3.264058047848943,0.0,GREEN
2012-10-01,60.95858383178711,0.599234938621521,3.2640697051995775,0.0,GREEN
2012-10-02,61.13664627075195,0.603105902671814,3.2640800673253945,0.0,GREEN
2012-10-03,61.52839660644531,0.6145187020301819,3.2640917247546697,0.0,GREEN
2012-10-04,61.742034912109375,0.6216643452644348,3.2641027345879845,0.0,GREEN
2012-10-05,61.41264724731445,0.6109458804130554,3.2641150397370278,0.0,GREEN
2012-10-08,60.85175704956055,0.594769299030304,3.26412799257468,0.0,GREEN
2012-10-09,59.881309509277344,0.564202606678009,3.264140297818942,0.0,GREEN
2012-10-10,59.57861709594727,0.5573543310165405,3.264152603109593,0.0,GREEN
2012-10-11,59.39167785644531,0.5523924827575684,3.264164908446633,0.0,GREEN
2012-10-12,59.36496353149414,0.5522931814193726,3.264177213830062,0.0,GREEN
2012-10-15,59.80119323730469,0.5633089542388916,3.264190166914437,0.0,GREEN
2012-10-16,60.647003173828125,0.5878218412399292,3.2642024723930865,0.0,GREEN
2012-10-17,60.61137008666992,0.5860355496406555,3.2642154255776936,0.0,GREEN
2012-10-18,59.908050537109375,0.5659890174865723,3.264229026474876,0.0,GREEN
2012-10-19,58.47466659545898,0.52510005235672,3.2642413321000197,0.0,GREEN
2012-10-22,58.77735137939453,0.5333374738693237,3.264252990105241,0.0,GREEN
2012-10-23,58.21647644042969,0.5175571441650391,3.2642646481520976,0.0,GREEN
2012-10-24,58.0117073059082,0.5123971700668335,3.264277601583434,0.0,GREEN
2012-10-25,58.0117073059082,0.5123971700668335,3.264291202739683,0.0,GREEN
2012-10-26,58.18087387084961,0.5177564024925232,3.264305451629776,0.0,GREEN
2012-10-31,57.82475662231445,0.5077325105667114,3.2643190529020667,0.0,GREEN
2012-11-01,58.643836975097656,0.5292683243751526,3.2643326542310294,0.0,GREEN
2012-11-02,58.020599365234375,0.509915292263031,3.2643443125624008,0.0,GREEN
2012-11-05,58.403438568115234,0.5224200487136841,3.264355970935409,0.0,GREEN
2012-11-06,58.510284423828125,0.5255964398384094,3.2643676293500548,0.0,GREEN
2012-11-07,57.13032150268555,0.487883061170578,3.264380583190047,0.0,GREEN
2012-11-08,56.23112487792969,0.4650573134422302,3.2643922416925935,0.0,GREEN
2012-11-09,56.47148895263672,0.470119297504425,3.2644032525395565,0.0,GREEN
2012-11-12,56.46259307861328,0.4708137810230255,3.264414911123065,0.0,GREEN
2012-11-13,56.07086563110352,0.4605917930603027,3.2644261811266,0.0,GREEN
2012-11-14,55.41204833984375,0.4441169798374176,3.2644371920880415,0.0,GREEN
2012-11-15,55.225074768066406,0.4401469528675079,3.2644494984979366,0.0,GREEN
2012-11-16,55.46546936035156,0.4451097548007965,3.26445921412183,0.0,GREEN
2012-11-19,56.78309631347656,0.4771648347377777,3.264468929774639,0.0,GREEN
2012-11-20,56.8009147644043,0.4772647619247436,3.2644786454563635,0.0,GREEN
2012-11-21,56.916648864746094,0.4806385636329651,3.2644896565947676,0.0,GREEN
2012-11-23,57.78022766113281,0.5026706457138062,3.264501315486862,0.0,GREEN
2012-11-26,58.02952194213867,0.5091216564178467,3.264512974420595,0.0,GREEN
2012-11-27,57.83364868164063,0.5033652782440186,3.2645246333959674,0.0,GREEN
2012-11-28,58.33223342895508,0.5168628692626953,3.2645369401355024,0.0,GREEN
2012-11-29,58.6794319152832,0.5257945656776428,3.2645488582862594,0.0,GREEN
2012-11-30,58.58149719238281,0.5239091515541077,3.2645592219331974,0.0,GREEN
2012-12-03,58.465763092041016,0.5213291645050049,3.2645689378836487,0.0,GREEN
2012-12-04,58.43013381958008,0.5179545283317566,3.2645789129553493,0.0,GREEN
2012-12-05,57.78022766113281,0.5019761323928833,3.2645905721662163,0.0,YELLOW
2012-12-06,58.154144287109375,0.5112061500549316,3.2646022314187233,0.0,YELLOW
2012-12-07,57.80693054199219,0.5024725198745728,3.2646138907128703,0.0,YELLOW
2012-12-10,57.9760971069336,0.5069379806518555,3.2646242545662605,0.0,YELLOW
2012-12-11,58.73285675048828,0.5264890789985657,3.2646339707102614,0.0,GREEN
2012-12-12,58.60820388793945,0.5229164361953735,3.264643686883179,0.0,GREEN
2012-12-13,58.14525985717773,0.5111062526702881,3.2646514598441647,0.0,YELLOW
2012-12-14,57.59326553344727,0.4966168999671936,3.264658196426681,0.0,YELLOW
2012-12-17,58.358917236328125,0.5159699320793152,3.2646614351749403,0.0,GREEN
2012-12-18,59.24922180175781,0.5398876070976257,3.2646642852761776,0.0,GREEN
2012-12-19,58.99104690551758,0.5321465730667114,3.264671410535492,0.0,GREEN
2012-12-20,58.99104690551758,0.5325430631637573,3.2646772403060997,0.0,GREEN
2012-12-21,58.37062072753906,0.5159699320793152,3.2646837178404033,0.0,GREEN
2012-12-24,58.25423431396485,0.5116027593612671,3.2646901953875593,0.0,GREEN
2012-12-26,57.74394226074219,0.4994951486587524,3.2646966729475677,0.0,YELLOW
2012-12-27,57.654422760009766,0.4967160820960998,3.2647037982775693,0.0,YELLOW
2012-12-28,57.099365234375,0.482325792312622,3.2647128668992695,0.0,YELLOW
2012-12-31,58.30794143676758,0.5137863755226135,3.264714162420219,0.0,GREEN
2013-01-02,60.16115188598633,0.561720609664917,3.2647186967454638,0.0,GREEN
2013-01-03,59.8477897644043,0.5535833239555359,3.264725822123533,0.0,GREEN
2013-01-04,59.65082931518555,0.5481250286102295,3.2647342430430033,0.0,GREEN
2013-01-07,59.66875076293945,0.5487205386161804,3.2647426639841943,0.0,GREEN
2013-01-08,59.552371978759766,0.5455440878868103,3.264750178074237,0.0,GREEN
2013-01-09,59.776161193847656,0.5511022806167603,3.264757951288773,0.0,GREEN
2013-01-10,60.134273529052734,0.5608279705047607,3.264765076752517,0.0,GREEN
2013-01-11,60.214820861816406,0.5629116892814636,3.264772202231813,0.0,GREEN
2013-01-14,59.94625473022461,0.555666983127594,3.26478036416245,0.0,GREEN
2013-01-15,59.65082931518555,0.547429621219635,3.2647881374488574,0.0,GREEN
2013-01-16,59.89257049560547,0.5535833239555359,3.2647985018554118,0.0,GREEN
2013-01-17,60.17902755737305,0.562117874622345,3.2648078298507297,0.0,GREEN
2013-01-18,60.044734954833984,0.5589424967765808,3.264816898761407,0.0,GREEN
2013-01-22,60.14321517944336,0.5612251162528992,3.2648259676972753,0.0,GREEN
2013-01-23,60.51025772094727,0.570355236530304,3.2648337410922625,0.0,GREEN
2013-01-24,59.67768096923828,0.5476287007331848,3.264842810074915,0.0,GREEN
2013-01-25,59.982059478759766,0.5557659864425659,3.2648525268693787,0.0,GREEN
2013-01-28,60.11636734008789,0.5597361326217651,3.264861595904214,0.0,GREEN
2013-01-29,60.12532424926758,0.5597361326217651,3.264869369384031,0.0,GREEN
2013-01-30,59.99998474121094,0.5566596984863281,3.264877531557586,0.0,GREEN
2013-01-31,59.86567687988281,0.5530869364738464,3.2648853050753446,0.0,GREEN
2013-02-01,60.57294845581055,0.5712481737136841,3.2648937264061795,0.0,GREEN
2013-02-04,59.51654052734375,0.5421704053878784,3.2649014999624972,0.0,GREEN
2013-02-05,60.39389801025391,0.5659890174865723,3.264908625739542,0.0,GREEN
2013-02-06,60.19693756103516,0.560728907585144,3.2649176949302077,0.0,GREEN
2013-02-07,60.25066375732422,0.562117874622345,3.2649261163445877,0.0,GREEN
2013-02-08,60.86838912963867,0.5791882872581482,3.26493453778069,0.0,GREEN
2013-02-11,60.88627243041992,0.5789889693260193,3.264942959238514,0.0,GREEN
2013-02-12,60.63561630249024,0.5722408294677734,3.26495138071806,0.0,GREEN
2013-02-13,60.8504753112793,0.5788901448249817,3.264962134327357,0.0,GREEN
2013-02-14,60.83258438110352,0.5776990056037903,3.264973147096577,0.0,GREEN
2013-02-15,60.65351486206055,0.5727371573448181,3.2649854555269373,0.0,GREEN
2013-02-19,61.09218978881836,0.585241973400116,3.2649977640036987,0.0,GREEN
2013-02-20,60.15216827392578,0.5585451126098633,3.265010720344225,0.0,GREEN
2013-02-21,59.50758361816406,0.5403841137886047,3.2650256201950043,0.0,GREEN
2013-02-22,60.10739517211914,0.5562623143196106,3.2650411679357054,0.0,GREEN
2013-02-25,59.364349365234375,0.5355201959609985,3.2650567157504433,0.0,GREEN
2013-02-26,59.588165283203125,0.5419712662696838,3.2650716158111224,0.0,GREEN
2013-02-27,60.19693756103516,0.5584460496902466,3.2650858681077803,0.0,GREEN
2013-02-28,60.071590423583984,0.5563614368438721,3.265098824797926,0.0,GREEN
2013-03-01,60.3222770690918,0.562117874622345,3.2651117815394874,0.0,GREEN
2013-03-04,60.590850830078125,0.5693625807762146,3.265124738332464,0.0,GREEN
2013-03-05,61.48611831665039,0.5943721532821655,3.26513575165015,0.0,GREEN
2013-03-06,61.333892822265625,0.5906011462211609,3.265146765004984,0.0,GREEN
2013-03-07,61.49506759643555,0.5957620739936829,3.2651586853820853,0.0,GREEN
2013-03-08,61.56666946411133,0.5964565873146057,3.2651703466635684,0.0,GREEN
2013-03-11,61.7457160949707,0.6026095747947693,3.265181619275155,0.0,GREEN
2013-03-12,61.52191162109375,0.5952655673027039,3.2651928919256585,0.0,GREEN
2013-03-13,61.44135665893555,0.5933802127838135,3.26520481247116,0.0,GREEN
2013-03-14,61.64726257324219,0.5994340181350708,3.2652158260589372,0.0,GREEN
2013-03-15,61.47584915161133,0.5937766432762146,3.265227487544494,0.0,GREEN
2013-03-18,61.34125518798828,0.5897074341773987,3.26523824206319,0.0,GREEN
2013-03-19,61.2246322631836,0.5873256325721741,3.2652475713149087,0.0,GREEN
2013-03-20,61.65532302856445,0.5985403656959534,3.2652566414470896,0.0,GREEN
2013-03-21,60.95542526245117,0.5793864130973816,3.265264804588825,0.0,GREEN
2013-03-22,61.54763412475586,0.5953648090362549,3.2652725790286623,0.0,GREEN
2013-03-25,61.32332992553711,0.5893111824989319,3.265281001358418,0.0,GREEN
2013-03-26,61.65532302856445,0.5983421206474304,3.265288516687491,0.0,GREEN
2013-03-27,61.736083984375,0.6015177369117737,3.2652978460828512,0.0,GREEN
2013-03-28,61.88862228393555,0.6049913763999939,3.265308212107528,0.0,GREEN
2013-04-01,61.4669075012207,0.5932803750038147,3.265316634529195,0.0,GREEN
2013-04-02,61.951454162597656,0.6066787242889404,3.265325056972586,0.0,GREEN
2013-04-03,61.38613128662109,0.5906011462211609,3.2653338681676627,0.0,GREEN
2013-04-04,61.404052734375,0.5908983945846558,3.2653409948883683,0.0,GREEN
2013-04-05,60.8925895690918,0.5764089822769165,3.2653494173945936,0.0,GREEN
2013-04-08,61.21564483642578,0.585241973400116,3.2653571920358897,0.0,GREEN
2013-04-09,61.62840270996094,0.5967538356781006,3.2653643188075003,0.0,GREEN
2013-04-10,62.8308219909668,0.6316882371902466,3.265372482218429,0.0,GREEN
2013-04-11,62.80390930175781,0.630596399307251,3.2653809048058715,0.0,GREEN
2013-04-12,62.7590217590332,0.6299017071723938,3.265389068258265,0.0,GREEN
2013-04-15,61.52072143554688,0.5915939211845398,3.2653961950994472,0.0,GREEN
2013-04-16,62.33729553222656,0.6163052320480347,3.265403321956184,0.0,GREEN
2013-04-17,61.1169319152832,0.5802800059318542,3.265410060090162,0.0,GREEN
2013-04-18,60.2734603881836,0.555170476436615,3.265416539078473,0.0,GREEN
2013-04-19,61.09898376464844,0.5781955122947693,3.2654230180796397,0.0,GREEN
2013-04-22,61.72711944580078,0.5959601998329163,3.2654288491924035,0.0,GREEN
2013-04-23,62.31936264038086,0.6135260462760925,3.26543468031558,0.0,GREEN
2013-04-24,62.29241561889648,0.6120378375053406,3.265440511449169,0.0,GREEN
2013-04-25,62.62445068359375,0.6219624876976013,3.2654467313359117,0.0,GREEN
2013-04-26,62.427024841308594,0.6167025566101074,3.2654532103969833,0.0,GREEN
2013-04-29,63.00133895874024,0.6330772638320923,3.265459041563662,0.0,GREEN
2013-04-30,63.45893859863281,0.646972119808197,3.2654648727407536,0.0,GREEN
2013-05-01,63.162841796875,0.6387346982955933,3.265470703928258,0.0,GREEN
2013-05-02,63.961456298828125,0.6618586778640747,3.2654771830368943,0.0,GREEN
2013-05-03,64.71519470214844,0.6849815845489502,3.265483662158386,0.0,GREEN
2013-05-06,64.96646118164062,0.6938143372535706,3.2654894933794427,0.0,GREEN
2013-05-07,64.9305648803711,0.6921272873878479,3.265493380866848,0.0,GREEN
2013-05-08,65.24463653564453,0.7029456496238708,3.2654979162743407,0.0,GREEN
2013-05-09,65.15489196777344,0.7004637122154236,3.2655024516881324,0.0,GREEN
2013-05-10,65.54972076416016,0.7123730778694153,3.2655069871082234,0.0,GREEN
2013-05-13,65.63046264648438,0.7151522636413574,3.2655115225346134,0.0,GREEN
2013-05-14,65.97145080566406,0.7256724238395691,3.265516057967303,0.0,GREEN
2013-05-15,66.1060562133789,0.731031596660614,3.265521241326009,0.0,GREEN
2013-05-16,66.0342788696289,0.7283514142036438,3.265526035940592,0.0,GREEN
2013-05-17,66.67138671875,0.7488954663276672,3.2655292755498033,0.0,GREEN
2013-05-20,66.57266998291016,0.745520830154419,3.265533163084568,0.0,GREEN
2013-05-21,66.64443969726562,0.7482999563217163,3.265537698547314,0.0,GREEN
2013-05-22,66.06121063232422,0.7300389409065247,3.26554288194037,0.0,GREEN
2013-05-23,65.90865325927734,0.7220994830131531,3.2655474174166144,0.0,GREEN
2013-05-24,65.87276458740234,0.7217021584510803,3.2655526008250972,0.0,GREEN
2013-05-28,66.30348205566406,0.7365887761116028,3.265557395485724,0.0,GREEN
2013-05-29,65.98941040039062,0.7254732251167297,3.265561930982126,0.0,GREEN
2013-05-30,66.33937072753906,0.7372834086418152,3.2655671144136464,0.0,GREEN
2013-05-31,65.72917938232422,0.7162439823150635,3.26557035406361,0.0,GREEN
2013-06-03,65.8458251953125,0.7204121351242065,3.2655742416472777,0.0,GREEN
2013-06-04,65.5048828125,0.7095947265625,3.265578129235574,0.0,GREEN
2013-06-05,64.65241241455078,0.682401716709137,3.2655833126928058,0.0,GREEN
2013-06-06,64.96646118164062,0.6907381415367126,3.26558914409181,0.0,GREEN
2013-06-07,65.85482025146484,0.7196186780929565,3.2655949755012275,0.0,GREEN
2013-06-10,65.88174438476562,0.7199158668518066,3.2656001589851993,0.0,GREEN
2013-06-11,65.22672271728516,0.6990746259689331,3.265605342477399,0.0,GREEN
2013-06-12,64.47296142578125,0.6748589277267456,3.265611173915742,0.0,GREEN
2013-06-13,65.28950500488281,0.6990746259689331,3.2656163574254258,0.0,GREEN
2013-06-14,64.85881042480469,0.6867679953575134,3.265621929707495,0.0,GREEN
2013-06-17,65.4869155883789,0.7058229446411133,3.265627113234251,0.0,GREEN
2013-06-18,66.02530670166016,0.722495973110199,3.2656322967692355,0.0,GREEN
2013-06-19,65.28950500488281,0.6997693181037903,3.2656381282557114,0.0,GREEN
2013-06-20,63.737117767333984,0.6481629014015198,3.26564331180818,0.0,GREEN
2013-06-21,63.39865112304688,0.6390319466590881,3.2656484953688762,0.0,GREEN
2013-06-24,62.76855850219727,0.6192824840545654,3.2656536789378006,0.0,GREEN
2013-06-25,63.227638244628906,0.6324816346168518,3.2656588625149525,0.0,GREEN
2013-06-26,63.79474639892578,0.649750292301178,3.2656663787137057,0.0,GREEN
2013-06-27,64.06478118896484,0.6569947004318237,3.2656735061601285,0.0,GREEN
2013-06-28,64.15478515625,0.6587812900543213,3.2656793377201923,0.0,GREEN
2013-07-01,64.55089569091797,0.6728742718696594,3.2656832254336026,0.0,GREEN
2013-07-02,64.577880859375,0.6731724143028259,3.2656845213396153,0.0,GREEN
2013-07-03,64.83895111083984,0.6823025345802307,3.265689057012581,0.0,GREEN
2013-07-05,65.33401489257812,0.6973873972892761,3.265693592691846,0.0,GREEN
2013-07-08,65.39705657958984,0.6996700167655945,3.2656981283774105,0.0,GREEN
2013-07-09,65.7930908203125,0.7124730944633484,3.265702664069275,0.0,GREEN
2013-07-10,66.17118072509766,0.724481463432312,3.2657071997674385,0.0,GREEN
2013-07-11,67.48542785644531,0.7696375846862793,3.265711087514018,0.0,GREEN
2013-07-12,67.78247833251953,0.7776758670806885,3.2657149752652255,0.0,GREEN
2013-07-15,67.9355239868164,0.7837295532226562,3.2657188630210614,0.0,GREEN
2013-07-16,67.84551239013672,0.7806532382965088,3.2657214548613713,0.0,GREEN
2013-07-17,68.01652526855469,0.7862105965614319,3.2657259905856333,0.0,GREEN
2013-07-18,67.84551239013672,0.7804549932479858,3.265729230393212,0.0,GREEN
2013-07-19,67.14335632324219,0.7567355632781982,3.2657320814266515,0.0,GREEN
2013-07-22,67.34139251708984,0.7621937394142151,3.265734673277452,0.0,GREEN
2013-07-23,66.84628295898438,0.7452235817909241,3.265735321240667,0.0,GREEN
2013-07-24,67.06233978271484,0.7522690892219543,3.2657379130940387,0.0,GREEN
2013-07-25,67.48542785644531,0.765865683555603,3.2657405049494677,0.0,GREEN
2013-07-26,67.84551239013672,0.778569757938385,3.265742448842582,0.0,GREEN
2013-07-29,67.71947479248047,0.7749968767166138,3.2657443927368535,0.0,GREEN
2013-07-30,68.07952117919922,0.7865089178085327,3.265746984597425,0.0,GREEN
2013-07-31,68.20555114746094,0.7914705872535706,3.2657508723913673,0.0,GREEN
2013-08-01,68.89867401123047,0.8155874013900757,3.265754760189938,0.0,GREEN
2013-08-02,69.28575134277344,0.8291839361190796,3.2657592959604576,0.0,GREEN
2013-08-05,69.33075714111328,0.8309703469276428,3.265763183769056,0.0,GREEN
2013-08-06,68.9166488647461,0.8161828517913818,3.265767719551275,0.0,GREEN
2013-08-07,68.79064178466797,0.8115181922912598,3.265772903309444,0.0,GREEN
2013-08-08,69.1327133178711,0.8223356008529663,3.265778087075841,0.0,GREEN
2013-08-09,68.85366821289062,0.8135027885437012,3.2657839188226565,0.0,GREEN
2013-08-12,69.01570129394531,0.8185646533966064,3.2657901393635083,0.0,GREEN
2013-08-13,69.40274810791016,0.8321612477302551,3.2657963599162088,0.0,GREEN
2013-08-14,69.14169311523438,0.8229309916496277,3.2658030988612174,0.0,GREEN
2013-08-15,67.97149658203125,0.7816459536552429,3.2658095786293675,0.0,GREEN
2013-08-16,67.94449615478516,0.7788667678833008,3.265815410432418,0.0,GREEN
2013-08-19,67.82746887207031,0.7757903337478638,3.265820594266287,0.0,GREEN
2013-08-20,68.12454223632812,0.7864095568656921,3.265825778108384,0.0,GREEN
2013-08-21,67.89048767089844,0.778569757938385,3.265831609940362,0.0,GREEN
2013-08-22,68.5566177368164,0.8007997870445251,3.2658358866245902,0.0,GREEN
2013-08-23,69.01570129394531,0.8176711797714233,3.265838478557776,0.0,GREEN
2013-08-26,69.05170440673828,0.8183655738830566,3.265841329686591,0.0,GREEN
2013-08-27,67.6384506225586,0.7668585777282715,3.265843014446042,0.0,GREEN
2013-08-28,67.89949798583984,0.7767831683158875,3.265847291145205,0.0,GREEN
2013-08-29,68.37657165527344,0.7928606867790222,3.2658511790585596,0.0,GREEN
2013-08-30,67.9355239868164,0.7780731916427612,3.265853771003882,0.0,GREEN
2013-09-03,68.32261657714844,0.7908750772476196,3.265856362951262,0.0,GREEN
2013-09-04,69.05170440673828,0.8166791200637817,3.2658583069133393,0.0,GREEN
2013-09-05,69.16873931884766,0.820252001285553,3.2658602508765737,0.0,GREEN
2013-09-06,69.24974060058594,0.8232293725013733,3.2658621948409654,0.0,GREEN
2013-09-09,70.05989074707031,0.8522079586982727,3.265864138806514,0.0,GREEN
2013-09-10,70.40196228027344,0.8651099801063538,3.2658654347843177,0.0,GREEN
2013-09-11,70.26688385009766,0.8607436418533325,3.265867378751795,0.0,GREEN
2013-09-12,70.22191619873047,0.85687255859375,3.2658693227204294,0.0,GREEN
2013-09-13,70.26688385009766,0.8596518039703369,3.26587061870029,0.0,GREEN
2013-09-16,70.0779037475586,0.8524069786071777,3.265871914680665,0.0,GREEN
2013-09-17,70.54598999023438,0.869476318359375,3.2658723034749437,0.0,GREEN
2013-09-18,71.39214324951172,0.9014334082603456,3.265872951465466,0.0,GREEN
2013-09-19,71.56315612792969,0.9069905877113342,3.2658735994561168,0.0,GREEN
2013-09-20,71.31759643554688,0.8970667719841003,3.265874247446896,0.0,GREEN
2013-09-23,71.17314910888672,0.8920049667358398,3.265874895437804,0.0,GREEN
2013-09-24,71.17314910888672,0.8922030925750732,3.2658755434288405,0.0,GREEN
2013-09-25,70.9293441772461,0.8837676048278809,3.2658774874023346,0.0,GREEN
2013-09-26,71.4801025390625,0.9040133357048036,3.265879431376986,0.0,GREEN
2013-09-27,71.38982391357422,0.8997460007667542,3.2658798201721595,0.0,GREEN
2013-09-30,71.21827697753906,0.8940896987915039,3.265880468164173,0.0,GREEN
2013-10-01,71.9405517578125,0.9208853840827942,3.265881116156315,0.0,GREEN
2013-10-02,71.91351318359375,0.9191981554031372,3.2658828009362906,0.0,GREEN
2013-10-03,71.07382202148438,0.8872411847114563,3.2658840969215,0.0,GREEN
2013-10-04,71.68775939941406,0.910067081451416,3.2658866888929476,0.0,GREEN
2013-10-07,71.09186553955078,0.8875395059585571,3.2658890216690533,0.0,GREEN
2013-10-08,69.71951293945312,0.8373212814331055,3.265891354446825,0.0,GREEN
2013-10-09,69.5028305053711,0.8280921578407288,3.265897186395904,0.0,GREEN
2013-10-10,70.9745101928711,0.8806911706924438,3.26590198156247,0.0,GREEN
2013-10-11,71.5342788696289,0.9005396366119385,3.2659071655337533,0.0,GREEN
2013-10-14,72.03988647460938,0.9191981554031372,3.265915330301799,0.0,GREEN
2013-10-15,71.75999450683594,0.9093722701072692,3.2659228470908355,0.0,GREEN
2013-10-16,72.5726089477539,0.9404357075691224,3.2659347703012527,0.0,GREEN
2013-10-17,72.98788452148438,0.955620527267456,3.265946693555199,0.0,GREEN
2013-10-18,74.17066192626953,1.002860188484192,3.265951488794454,0.0,GREEN
2013-10-21,74.33319091796875,1.008616924285889,3.2659547288257413,0.0,GREEN
2013-10-22,74.44148254394531,1.0120903253555298,3.265957968860243,0.0,GREEN
2013-10-23,73.99007415771484,0.99581378698349,3.2659622457099413,0.0,GREEN
2013-10-24,74.31510925292969,1.008219599723816,3.265966133760147,0.0,GREEN
2013-10-25,74.84781646728516,1.028366208076477,3.265970021814981,0.0,GREEN
2013-10-28,74.8658447265625,1.030450701713562,3.265973909874444,0.0,GREEN
2013-10-29,74.99227905273438,1.0354127883911133,3.265976501917172,0.0,GREEN
2013-10-30,74.9200439453125,1.032137155532837,3.2659816860067417,0.0,GREEN
2013-10-31,74.74848175048828,1.0254878997802734,3.265986222092436,0.0,GREEN
2013-11-01,74.76654052734375,1.0249913930892944,3.265990498979132,0.0,GREEN
2013-11-04,74.87489318847656,1.0299543142318726,3.2659947758714294,0.0,GREEN
2013-11-05,74.95614624023438,1.0343207120895386,3.2659990527693274,0.0,GREEN
2013-11-06,74.93810272216797,1.0325345993041992,3.266004884910725,0.0,GREEN
2013-11-07,73.52962493896484,0.9752708673477172,3.2660107170625365,0.0,GREEN
2013-11-08,74.52276611328125,1.013777732849121,3.266016938035385,0.0,GREEN
2013-11-11,74.40541076660156,1.008914351463318,3.266023677435555,0.0,GREEN
2013-11-12,74.52276611328125,1.0138767957687378,3.2660304168496315,0.0,GREEN
2013-11-13,75.42564392089844,1.05020010471344,3.2660379339035495,0.0,GREEN
2013-11-14,75.66038513183594,1.0583375692367554,3.266047006231182,0.0,GREEN
2013-11-15,75.80484771728516,1.0656821727752686,3.266055819374376,0.0,GREEN
2013-11-18,75.06449890136719,1.036206603050232,3.266064891751691,0.0,GREEN
2013-11-19,74.84781646728516,1.0259841680526731,3.2660733161251105,0.0,GREEN
2013-11-20,74.667236328125,1.018838882446289,3.266083684611597,0.0,GREEN
2013-11-21,75.42564392089844,1.0500012636184692,3.2660936643116902,0.0,GREEN
2013-11-22,75.8319091796875,1.0665748119354248,3.2661027367941298,0.0,GREEN
2013-11-25,76.01251983642578,1.0736218690872192,3.2661111612651657,0.0,GREEN
2013-11-26,76.40975189208984,1.0913861989974976,3.2661189377201376,0.0,GREEN
2013-11-27,76.94245910644531,1.1132203340530396,3.2661277510574322,0.0,GREEN
2013-11-29,77.40289306640625,1.131480693817139,3.2661359163769417,0.0,GREEN
2013-12-02,77.17718505859375,1.1244338750839231,3.266143044848149,0.0,GREEN
2013-12-03,77.114013671875,1.1211597919464111,3.2661495252907953,0.0,GREEN
2013-12-04,77.18624877929688,1.124037742614746,3.2661540616096,0.0,GREEN
2013-12-05,77.0869369506836,1.1205642223358154,3.266160801292723,0.0,GREEN
2013-12-06,77.6467056274414,1.1436879634857178,3.2661670225514463,0.0,GREEN
2013-12-09,77.96269226074219,1.157383918762207,3.2661737622613143,0.0,GREEN
2013-12-10,77.90850830078125,1.155299186706543,3.26618050198509,0.0,GREEN
2013-12-11,76.90634155273438,1.1121286153793335,3.266189574708745,0.0,GREEN
2013-12-12,76.70770263671875,1.1030973196029663,3.2661983882366474,0.0,GREEN
2013-12-13,76.6083984375,1.0978373289108276,3.26620655373275,0.0,GREEN
2013-12-16,77.03274536132812,1.1166930198669434,3.2662143304148468,0.0,GREEN
2013-12-17,76.87925720214844,1.109647512435913,3.266221847892058,0.0,GREEN
2013-12-18,77.77311706542969,1.1479551792144775,3.2662300134468096,0.0,GREEN
2013-12-19,77.5564193725586,1.137634515762329,3.2662377901847632,0.0,GREEN
2013-12-20,78.34619903564453,1.1718732118606567,3.266245307715969,0.0,GREEN
2013-12-23,79.17041015625,1.2097842693328855,3.2662524364259276,0.0,GREEN
2013-12-24,79.2066650390625,1.2114720344543457,3.266259953990843,0.0,GREEN
2013-12-26,79.46934509277344,1.2232811450958252,3.2662687677086577,0.0,GREEN
2013-12-27,79.27007293701172,1.214349389076233,3.2662765445388833,0.0,GREEN
2013-12-30,79.1523208618164,1.2079980373382568,3.266284062159286,0.0,GREEN
2013-12-31,79.66860961914062,1.2317174673080444,3.2662911909538277,0.0,GREEN
2014-01-02,79.04362487792969,1.2029361724853516,3.266299356681937,0.0,GREEN
2014-01-03,78.47303771972656,1.176735758781433,3.2663068743548433,0.0,GREEN
2014-01-06,78.18318176269531,1.1642311811447144,3.2663143920450524,0.0,GREEN
2014-01-07,78.90774536132812,1.1944016218185425,3.2663202247495553,0.0,GREEN
2014-01-08,79.07988739013672,1.2033334970474243,3.2663257982326677,0.0,GREEN
2014-01-09,78.81717681884766,1.1909277439117432,3.2663309828766756,0.0,GREEN
2014-01-10,79.07080841064453,1.202837347984314,3.2663352602148445,0.0,GREEN
2014-01-13,77.90237426757812,1.149344563484192,3.266339537558615,0.0,GREEN
2014-01-14,79.38780212402344,1.2151434421539309,3.2663434260579773,0.0,GREEN
2014-01-15,80.0399398803711,1.243526816368103,3.266347703412441,0.0,GREEN
2014-01-16,80.04900360107422,1.246108055114746,3.266352240006493,0.0,GREEN
2014-01-17,79.59613037109375,1.223976731300354,3.2663561285209775,0.0,GREEN
2014-01-21,80.20298767089844,1.251367688179016,3.2663600170400913,0.0,GREEN
2014-01-22,80.4112777709961,1.2629789113998413,3.266363646329111,0.0,GREEN
2014-01-23,80.13954162597656,1.2477948665618896,3.2663675348571743,0.0,GREEN
2014-01-24,78.5635757446289,1.1738576889038086,3.266371423389867,0.0,GREEN
2014-01-27,77.80278015136719,1.139717936515808,3.2663757007809937,0.0,GREEN
2014-01-28,77.75747680664062,1.139320731163025,3.266381922449049,0.0,GREEN
2014-01-29,76.92420959472656,1.103394627571106,3.2663877552741423,0.0,GREEN
2014-01-30,78.34619903564453,1.1615519523620603,3.266392940016495,0.0,GREEN
2014-01-31,78.13790893554688,1.1534135341644287,3.2663948842979633,0.0,GREEN
2014-02-03,76.34453582763672,1.076996088027954,3.2663961804863804,0.0,GREEN
2014-02-04,76.90608978271484,1.098035454750061,3.266398772864244,0.0,GREEN
2014-02-05,76.70682525634766,1.0879125595092771,3.2664059019091463,0.0,GREEN
2014-02-06,77.68505096435547,1.129595160484314,3.2664130309696082,0.0,GREEN
2014-02-07,79.07080841064453,1.189538598060608,3.2664208081433177,0.0,GREEN
2014-02-10,79.52369689941406,1.211371898651123,3.2664301407737963,0.0,GREEN
2014-02-11,80.42938995361328,1.2528563737869265,3.2664372698871604,0.0,GREEN
2014-02-12,80.58338928222656,1.2588108777999878,3.2664431028110883,0.0,GREEN
2014-02-13,81.18116760253906,1.2911640405654907,3.266448676503874,0.0,GREEN
2014-02-14,81.34420013427734,1.2949358224868774,3.266451917028403,0.0,GREEN
2014-02-18,81.74271392822266,1.3151816129684448,3.266453213239452,0.0,GREEN
2014-02-19,81.18116760253906,1.2864004373550415,3.2664551575567975,0.0,GREEN
2014-02-20,81.56156921386719,1.3050585985183716,3.2664609905126674,0.0,GREEN
2014-02-21,81.45287322998047,1.2983096837997437,3.2664661753712663,0.0,GREEN
2014-02-24,81.88764190673828,1.321136474609375,3.2664707121298626,0.0,GREEN
2014-02-25,81.79708099365234,1.3163727521896362,3.26647498965101,0.0,GREEN
2014-02-26,81.724609375,1.3120052814483645,3.26648017453183,0.0,GREEN
2014-02-27,82.25485229492188,1.3378093242645264,3.2664853594208796,0.0,GREEN
2014-02-28,82.16390991210938,1.3310600519180298,3.2664898962061204,0.0,GREEN
2014-03-03,81.5545425415039,1.3018823862075806,3.266495469978752,0.0,GREEN
2014-03-04,82.59134674072266,1.354283094406128,3.266501043760894,0.0,GREEN
2014-03-05,82.81876373291016,1.36539888381958,3.266507265667698,0.0,GREEN
2014-03-06,82.7459945678711,1.3602378368377686,3.2665137468330046,0.0,GREEN
2014-03-07,82.33670806884766,1.3407864570617676,3.2665195798934983,0.0,GREEN
2014-03-10,82.40946197509766,1.3435649871826172,3.266525412964408,0.0,GREEN
2014-03-11,82.05476379394531,1.3268914222717283,3.266530597925265,0.0,GREEN
2014-03-12,82.36398315429688,1.34177827835083,3.26653643101585,0.0,GREEN
2014-03-13,81.1998291015625,1.2848128080368042,3.266541615994196,0.0,GREEN
2014-03-14,80.64502716064453,1.2584134340286257,3.266546800980772,0.0,GREEN
2014-03-17,81.35443878173828,1.2919586896896362,3.266551985975578,0.0,GREEN
2014-03-18,82.33670806884766,1.338404655456543,3.266557559854156,0.0,GREEN
2014-03-19,81.89108276367188,1.3163727521896362,3.2665640411192527,0.0,GREEN
2014-03-20,82.11841583251953,1.326693773269653,3.266570522397209,0.0,GREEN
2014-03-21,81.13030242919922,1.2780638933181765,3.2665772629396956,0.0,GREEN
2014-03-24,80.41921997070312,1.2459087371826172,3.266583096113611,0.0,GREEN
2014-03-25,80.68360900878906,1.257421851158142,3.266588670045274,0.0,GREEN
2014-03-26,79.64441680908203,1.209585428237915,3.2665945032395594,0.0,GREEN
2014-03-27,79.19772338867188,1.1881486177444458,3.2665992994299637,0.0,GREEN
2014-03-28,79.35272216796875,1.1958898305892944,3.2666035771194997,0.0,GREEN
2014-03-31,79.91785430908203,1.2197082042694092,3.2666078548146373,0.0,GREEN
2014-04-01,81.32169342041016,1.2858047485351562,3.266611484379032,0.0,GREEN
2014-04-02,81.53138732910156,1.2959280014038086,3.266615373202141,0.0,GREEN
2014-04-03,80.88416290283203,1.265360951423645,3.2666177064987356,0.0,GREEN
2014-04-04,78.7328109741211,1.1649258136749268,3.2666196509139938,0.0,GREEN
2014-04-07,77.98534393310547,1.1299922466278076,3.2666222434692145,0.0,GREEN
2014-04-08,78.70548248291016,1.1615519523620603,3.2666248360264927,0.0,GREEN
2014-04-09,80.0545883178711,1.2210981845855713,3.2666280767257834,0.0,GREEN
2014-04-10,77.57514190673828,1.1083563566207886,3.266631706312647,0.0,GREEN
2014-04-11,76.67263793945312,1.069651484489441,3.2666353359035436,0.0,GREEN
2014-04-14,77.2743148803711,1.093669295310974,3.266639224755047,0.0,GREEN
2014-04-15,77.5295639038086,1.1045852899551392,3.26664311361118,0.0,GREEN
2014-04-16,78.55963897705078,1.1474589109420776,3.266647002471943,0.0,GREEN
2014-04-17,78.57786560058594,1.148054599761963,3.266650243193224,0.0,GREEN
2014-04-21,79.1612777709961,1.1740566492080688,3.26665348391772,0.0,GREEN
2014-04-22,79.79022216796875,1.202837347984314,3.266656724645431,0.0,GREEN
2014-04-23,79.08834838867188,1.1700867414474487,3.2666599653763573,0.0,GREEN
2014-04-24,79.84495544433594,1.2046233415603638,3.2666619098167695,0.0,GREEN
2014-04-25,78.5687484741211,1.1464661359786987,3.2666628172228833,0.0,GREEN
2014-04-28,78.82401275634766,1.1587728261947632,3.2666637246292494,0.0,GREEN
2014-04-29,79.45297241210938,1.1843775510787964,3.266664113517791,0.0,GREEN
2014-04-30,79.66265869140625,1.1948976516723633,3.2666660579606726,0.0,GREEN
2014-05-01,79.8996353149414,1.2056163549423218,3.2666686505527243,0.0,GREEN
2014-05-02,79.75377655029297,1.1996616125106812,3.266670983887374,0.0,GREEN
2014-05-05,80.17312622070312,1.2167311906814575,3.2666729283343447,0.0,GREEN
2014-05-06,79.13390350341797,1.1696891784667969,3.266674872782473,0.0,GREEN
2014-05-07,78.90604400634766,1.1591700315475464,3.266677465381521,0.0,GREEN
2014-05-08,78.8331298828125,1.1552000045776367,3.2666800579826263,0.0,GREEN
2014-05-09,79.12483215332031,1.1686975955963137,3.2666829098461534,0.0,GREEN
2014-05-12,80.42835998535156,1.2256630659103394,3.26668576171217,0.0,GREEN
2014-05-13,80.4830322265625,1.228244066238403,3.26668835431986,0.0,GREEN
2014-05-14,80.06373596191406,1.2099827527999878,3.2666909469296073,0.0,GREEN
2014-05-15,79.43476867675781,1.181995868682861,3.266693539541412,0.0,GREEN
2014-05-16,79.95433807373047,1.2040282487869265,3.26669587289384,0.0,GREEN
2014-05-19,80.51040649414062,1.2298312187194824,3.2666978173556256,0.0,GREEN
2014-05-20,80.21868896484375,1.2163348197937012,3.2667001507111086,0.0,GREEN
2014-05-21,80.98443603515625,1.2506722211837769,3.266703391485116,0.0,GREEN
2014-05-22,81.33995056152344,1.2661545276641846,3.2667066322623386,0.0,GREEN
2014-05-23,81.93245697021484,1.2945386171340942,3.266710261936486,0.0,GREEN
2014-05-27,82.95343017578125,1.343168020248413,3.2667138916146667,0.0,GREEN
2014-05-28,82.69818115234375,1.330464243888855,3.26671752129688,0.0,GREEN
2014-05-29,83.2269058227539,1.3574596643447876,3.266721150983127,0.0,GREEN
2014-05-30,83.23602294921875,1.3562685251235962,3.2667250399367913,0.0,GREEN
2014-06-02,83.15396881103516,1.352893948554993,3.2667289288950854,0.0,GREEN
2014-06-03,83.11750793457031,1.3509093523025513,3.266732169697643,0.0,GREEN
2014-06-04,83.42744445800781,1.3652005195617676,3.2667360586644247,0.0,GREEN
2014-06-05,84.12936401367188,1.400729417800903,3.2667399476358363,0.0,GREEN
2014-06-06,84.61248016357422,1.4233571290969849,3.2667438366118775,0.0,GREEN
2014-06-09,84.54872131347656,1.4207770824432373,3.2667474663273635,0.0,GREEN
2014-06-10,84.69453430175781,1.42891526222229,3.2667513553123557,0.0,GREEN
2014-06-11,84.67630004882812,1.426731824874878,3.2667558924670352,0.0,GREEN
2014-06-12,83.91058349609375,1.3894157409667969,3.2667601703616334,0.0,GREEN
2014-06-13,84.15670776367188,1.398942947387695,3.2667644482618337,0.0,GREEN
2014-06-16,84.22962188720703,1.4041038751602173,3.266768337267042,0.0,GREEN
2014-06-17,84.27521514892578,1.4060887098312378,3.266771578108695,0.0,GREEN
2014-06-18,84.74922943115234,1.4316935539245603,3.266775856023834,0.0,GREEN
2014-06-19,84.69453430175781,1.4261362552642822,3.266778189435059,0.0,GREEN
2014-06-20,84.79414367675781,1.4312970638275146,3.266779485775581,0.0,GREEN
2014-06-23,84.81246948242188,1.4328844547271729,3.266780782116618,0.0,GREEN
2014-06-24,84.73019409179688,1.42891526222229,3.2667814302873937,0.0,GREEN
2014-06-25,85.26945495605469,1.4551591873168943,3.2667842822394206,0.0,GREEN
2014-06-26,85.31517028808594,1.4591299295425415,3.2667868749253013,0.0,GREEN
2014-06-27,85.68988800048828,1.473621845245361,3.2667901157853447,0.0,GREEN
2014-06-30,85.83612823486328,1.484540939331055,3.2667924492067555,0.0,GREEN
2014-07-01,86.777587890625,1.5343691110610962,3.2667950418991176,0.0,GREEN
2014-07-02,86.9238510131836,1.5403248071670532,3.266798282767263,0.0,GREEN
2014-07-03,87.47224426269531,1.5699048042297363,3.2667991902112585,0.0,GREEN
2014-07-07,87.20719146728516,1.5548173189163208,3.266799579115927,0.0,GREEN
2014-07-08,86.15608215332031,1.5006208419799805,3.2668004865602827,0.0,GREEN
2014-07-09,86.79589080810547,1.5345680713653564,3.2668037274338295,0.0,GREEN
2014-07-10,86.52168273925781,1.520075798034668,3.266805671959814,0.0,GREEN
2014-07-11,87.0792236328125,1.5464799404144287,3.2668076164869566,0.0,GREEN
2014-07-14,87.60023498535156,1.5760581493377686,3.2668095610152563,0.0,GREEN
2014-07-15,87.29859161376953,1.5595818758010864,3.2668115055447133,0.0,GREEN
2014-07-16,87.64591217041016,1.577249526977539,3.2668140982522,0.0,GREEN
2014-07-17,86.4851303100586,1.5143190622329712,3.266816431690741,0.0,GREEN
2014-07-18,87.85615539550781,1.5859845876693726,3.2668173391397777,0.0,GREEN
2014-07-21,87.74647521972656,1.5802273750305176,3.2668186354958353,0.0,GREEN
2014-07-22,88.30404663085938,1.6115938425064087,3.266820320759452,0.0,GREEN
2014-07-23,88.87073516845703,1.6417696475982666,3.2668229134739346,0.0,GREEN
2014-07-24,88.77019500732422,1.6360121965408323,3.2668255061904747,0.0,GREEN
2014-07-25,88.42285919189453,1.6159610748291016,3.2668280989090728,0.0,GREEN
2014-07-28,88.45028686523438,1.6179472208023071,3.2668306916297283,0.0,GREEN
2014-07-29,88.29489135742188,1.6098076105117798,3.2668339325332405,0.0,GREEN
2014-07-30,88.64221954345703,1.629063606262207,3.266837562348833,0.0,GREEN
2014-07-31,86.8507308959961,1.5298036336898804,3.2668411921684584,0.0,GREEN
2014-08-01,86.53080749511719,1.5121349096298218,3.2668435256263524,0.0,GREEN
2014-08-04,87.12494659423828,1.5431041717529297,3.266845859085913,0.0,GREEN
2014-08-05,86.45767211914062,1.5069732666015625,3.2668478036369764,0.0,GREEN
2014-08-06,86.39370727539062,1.5043928623199463,3.266851044557465,0.0,GREEN
2014-08-07,86.11949920654297,1.4899009466171265,3.2668536372963315,0.0,GREEN
2014-08-08,86.74103546142578,1.5216641426086426,3.2668562300372557,0.0,GREEN
2014-08-11,87.2529067993164,1.5492578744888306,3.2668588227802378,0.0,GREEN
2014-08-12,87.21632385253906,1.5456849336624146,3.266862063711658,0.0,GREEN
2014-08-13,88.13951110839844,1.5959115028381348,3.266865304646293,0.0,GREEN
2014-08-14,88.59651184082031,1.6205273866653442,3.266869193771569,0.0,GREEN
2014-08-15,89.02609252929688,1.6425634622573853,3.2668728236263402,0.0,GREEN
2014-08-18,89.71161651611328,1.6822677850723269,3.266875675658155,0.0,GREEN
2014-08-19,90.21434020996094,1.7112513780593872,3.2668785276924592,0.0,GREEN
2014-08-20,90.21434020996094,1.7112513780593872,3.266881768643428,0.0,GREEN
2014-08-21,90.39716339111328,1.7209794521331787,3.2668850095976123,0.0,GREEN
2014-08-22,90.5342788696289,1.727729082107544,3.266886954171979,0.0,GREEN
2014-08-25,90.85414123535156,1.7469849586486816,3.2668888987475038,0.0,GREEN
2014-08-26,90.94554901123048,1.7529407739639282,3.2668908433241857,0.0,GREEN
2014-08-27,90.96383666992188,1.7531399726867676,3.2668940842873724,0.0,GREEN
2014-08-28,90.8633041381836,1.7459930181503296,3.2668973252537743,0.0,GREEN
2014-08-29,91.20149993896484,1.766440749168396,3.266900177306979,0.0,GREEN
2014-09-02,91.466552734375,1.781131148338318,3.266902510807005,0.0,GREEN
2014-09-03,90.92727661132812,1.750558376312256,3.266905103586718,0.0,GREEN
2014-09-04,90.84500885009766,1.7450001239776611,3.2669076963684884,0.0,GREEN
2014-09-05,91.302001953125,1.7719990015029907,3.2669102891523165,0.0,GREEN
2014-09-08,91.4757080078125,1.7809321880340576,3.2669128819382025,0.0,GREEN
2014-09-09,90.71704864501952,1.7376552820205688,3.2669154747261464,0.0,GREEN
2014-09-10,91.466552734375,1.7779544591903689,3.266917419318647,0.0,GREEN
2014-09-11,91.3934097290039,1.7765650749206543,3.2669193639123058,0.0,GREEN
2014-09-12,90.92727661132812,1.748573899269104,3.2669206603088496,0.0,GREEN
2014-09-15,90.04981994628906,1.6959657669067385,3.266921956705908,0.0,GREEN
2014-09-16,90.83586120605467,1.7418243885040283,3.2669232531034806,0.0,GREEN
2014-09-17,90.97297668457033,1.7503600120544434,3.2669251977006115,0.0,GREEN
2014-09-18,91.65850830078124,1.788079023361206,3.2669268830192006,0.0,GREEN
2014-09-19,91.60169982910156,1.784109115600586,3.2669281794187284,0.0,GREEN
2014-09-22,90.74964904785156,1.735669493675232,3.266929086898806,0.0,GREEN
2014-09-23,90.50225830078124,1.720582127571106,3.2669294758189387,0.0,GREEN
2014-09-24,91.473388671875,1.776366949081421,3.2669303832993766,0.0,GREEN
2014-09-25,89.5494155883789,1.6636061668395996,3.2669312907800667,0.0,GREEN
2014-09-26,90.50225830078124,1.7168104648590088,3.266931938980705,0.0,GREEN
2014-09-29,90.38316345214844,1.7110530138015747,3.2669325871814725,0.0,GREEN
2014-09-30,90.51142120361328,1.717406153678894,3.2669332353823686,0.0,GREEN
2014-10-01,89.06383514404297,1.6352181434631348,3.266934920705104,0.0,GREEN
2014-10-02,89.06383514404297,1.634423851966858,3.2669366060287093,0.0,GREEN
2014-10-03,89.94337463378906,1.6836572885513306,3.2669379024320953,0.0,GREEN
2014-10-06,89.75101470947266,1.6721431016921997,3.2669391988359955,0.0,GREEN
2014-10-07,88.47745513916016,1.60146963596344,3.2669404952404104,0.0,GREEN
2014-10-08,90.1999053955078,1.693980097770691,3.2669417916453396,0.0,GREEN
2014-10-09,88.74315643310547,1.6096088886260986,3.2669424398480618,0.0,GREEN
2014-10-10,86.52593231201172,1.489106297492981,3.2669430880509127,0.0,GREEN
2014-10-13,85.16995239257812,1.419425368309021,3.266943736253892,0.0,GREEN
2014-10-14,85.17913818359375,1.4220068454742432,3.266944384457,0.0,GREEN
2014-10-15,84.62942504882812,1.391633152961731,3.2669450326602365,0.0,GREEN
2014-10-16,84.0979995727539,1.369993805885315,3.2669463290669665,0.0,GREEN
2014-10-17,85.20661163330078,1.4235942363739014,3.266948921881456,0.0,GREEN
2014-10-20,86.48013305664062,1.4849374294281006,3.2669517739797054,0.0,GREEN
2014-10-21,88.75231170654297,1.6010723114013672,3.2669543667985157,0.0,GREEN
2014-10-22,88.29423522949219,1.576257586479187,3.2669567003372486,0.0,GREEN
2014-10-23,89.62271881103516,1.6483206748962402,3.266958644954289,0.0,GREEN
2014-10-24,90.35565185546876,1.6862376928329468,3.2669605895724865,0.0,GREEN
2014-10-27,90.4197998046875,1.6925907135009766,3.2669612377789385,0.0,GREEN
2014-10-28,91.78495025634766,1.768227219581604,3.266961885985519,0.0,GREEN
2014-10-29,91.4459457397461,1.7469849586486816,3.2669638306056457,0.0,GREEN
2014-10-30,91.63833618164062,1.7579045295715332,3.26696577522693,0.0,GREEN
2014-10-31,92.90272521972656,1.8303639888763428,3.2669661641514303,0.0,GREEN
2014-11-03,93.17755889892578,1.8492238521575928,3.2669665530759766,0.0,GREEN
2014-11-04,92.86605072021484,1.8295702934265137,3.266966942000569,0.0,GREEN
2014-11-05,92.8751983642578,1.829371809959412,3.2669697941145506,0.0,GREEN
2014-11-06,93.16838836669922,1.8450549840927124,3.266972386947663,0.0,GREEN
2014-11-07,93.08595275878906,1.84048855304718,3.266974720499267,0.0,GREEN
2014-11-10,93.415771484375,1.8593482971191408,3.2669770540525382,0.0,GREEN
2014-11-11,93.70896911621094,1.8770172595977783,3.2669789986816937,0.0,GREEN
2014-11-12,93.87384796142578,1.887340068817139,3.2669809433120065,0.0,GREEN
2014-11-13,94.27698516845705,1.911559581756592,3.2669826286593535,0.0,GREEN
2014-11-14,94.57018280029295,1.9292277097702024,3.266983276870178,0.0,GREEN
2014-11-17,94.28617095947266,1.911162495613098,3.266983665796762,0.0,GREEN
2014-11-18,94.99162292480467,1.9540432691574097,3.2669849622188223,0.0,GREEN
2014-11-19,94.56104278564452,1.9292277097702024,3.266986906852685,0.0,GREEN
2014-11-20,94.98249053955078,1.9548369646072388,3.2669888514877052,0.0,GREEN
2014-11-21,95.16573333740234,1.968932628631592,3.266990796123883,0.0,GREEN
2014-11-24,95.90782165527344,2.01340126991272,3.2669911850513618,0.0,GREEN
2014-11-25,96.05441284179688,2.0199520587921143,3.266991833263884,0.0,GREEN
2014-11-26,96.67745971679688,2.061244010925293,3.2669941668293787,0.0,GREEN
2014-11-28,97.12638092041016,2.092015266418457,3.266995463255606,0.0,GREEN
2014-12-01,96.02696990966795,2.0147900581359863,3.2669961114689774,0.0,GREEN
2014-12-02,96.41175079345705,2.036428928375244,3.2669970189679254,0.0,GREEN
2014-12-03,96.58582305908205,2.054891347885132,3.2669989636089647,0.0,GREEN
2014-12-04,96.5399932861328,2.0487375259399414,3.2669996118230307,0.0,GREEN
2014-12-05,96.54917907714844,2.0501270294189453,3.267001297180008,0.0,GREEN
2014-12-08,95.86202239990234,2.005857229232788,3.267002593609065,0.0,GREEN
2014-12-09,96.16437530517578,2.0253124237060547,3.2670032418238515,0.0,GREEN
2014-12-10,94.65264129638672,1.9272422790527344,3.267006871827565,0.0,GREEN
2014-12-11,95.1015625,1.9574182033538816,3.2670101129058593,0.0,GREEN
2014-12-12,94.06625366210938,1.892699956893921,3.2670129650575297,0.0,GREEN
2014-12-15,93.09510040283205,1.8359228372573853,3.2670149097080605,0.0,GREEN
2014-12-16,91.60169982910156,1.7448019981384275,3.2670162061425194,0.0,GREEN
2014-12-17,93.26920318603516,1.8385038375854488,3.2670200954474398,0.0,GREEN
2014-12-18,95.51387786865234,1.9732990264892576,3.267022688320474,0.0,GREEN
2014-12-19,95.93413543701172,1.995335340499878,3.2670269665644476,0.0,GREEN
2014-12-22,96.17322540283205,2.0137414932250977,3.2670302076626774,0.0,GREEN
2014-12-23,95.83294677734376,1.994481086730957,3.267032152323472,0.0,GREEN
2014-12-24,95.91577911376952,1.9986505508422847,3.267034745206075,0.0,GREEN
2014-12-26,96.59626770019533,2.039155960083008,3.2670373380907356,0.0,GREEN
2014-12-29,96.57787322998048,2.03955340385437,3.2670386345340945,0.0,GREEN
2014-12-30,95.93413543701172,1.997459888458252,3.267039023467268,0.0,GREEN
2014-12-31,94.95014190673828,1.9349148273468015,3.2670416163553244,0.0,GREEN
2015-01-02,94.6650619506836,1.9190309047698972,3.267046413202204,0.0,GREEN
2015-01-05,93.27645874023438,1.8326596021652224,3.267048357872645,0.0,GREEN
2015-01-06,92.0257797241211,1.7599886655807495,3.267048746806976,0.0,GREEN
2015-01-07,93.21208953857422,1.8276952505111692,3.2670513397027494,0.0,GREEN
2015-01-08,94.9961166381836,1.931936264038086,3.2670539326005805,0.0,GREEN
2015-01-09,94.3708267211914,1.8928215503692627,3.2670562662104317,0.0,GREEN
2015-01-12,93.38681030273438,1.8346449136734009,3.267058210886737,0.0,GREEN
2015-01-13,93.3592300415039,1.8330563306808472,3.267059896273944,0.0,GREEN
2015-01-14,92.8442153930664,1.804861545562744,3.267062878114331,0.0,GREEN
2015-01-15,91.6395263671875,1.7331840991973877,3.267066119248187,0.0,GREEN
2015-01-16,92.71548461914062,1.7949336767196655,3.267069101094254,0.0,GREEN
2015-01-20,93.45116424560548,1.8346449136734009,3.26707143471494,0.0,GREEN
2015-01-21,93.92937469482422,1.8628392219543457,3.2670724718805237,0.0,GREEN
2015-01-22,95.66742706298828,1.9664852619171145,3.2670750647951263,0.0,GREEN
2015-01-23,95.87894439697266,1.979589343070984,3.2670770094826214,0.0,GREEN
2015-01-26,95.76860809326172,1.975221037864685,3.267078694879526,0.0,GREEN
2015-01-27,93.2856674194336,1.822334170341492,3.2670793431094114,0.0,GREEN
2015-01-28,92.80743408203124,1.790963053703308,3.267081676737413,0.0,GREEN
2015-01-29,93.69947052001952,1.8427859544754028,3.267083621428844,0.0,GREEN
2015-01-30,92.97297668457033,1.800493836402893,3.2670849178905694,0.0,GREEN
2015-02-02,93.78224182128906,1.8477494716644287,3.2670855661216898,0.0,GREEN
2015-02-03,94.68347930908205,1.89818274974823,3.2670862143529384,0.0,GREEN
2015-02-04,94.6007080078125,1.893218278884888,3.2670881590470704,0.0,GREEN
2015-02-05,95.41911315917967,1.9434529542922971,3.2670888072788338,0.0,GREEN
2015-02-06,94.83979034423828,1.908109664916992,3.2670898444499326,0.0,GREEN
2015-02-09,94.53633880615234,1.887063145637512,3.267091789146225,0.0,GREEN
2015-02-10,96.0077133178711,1.9774057865142824,3.267092178085727,0.0,GREEN
2015-02-11,96.3571548461914,1.999644160270691,3.267092826318288,0.0,GREEN
2015-02-12,97.47908020019533,2.0695347785949707,3.267093474550977,0.0,GREEN
2015-02-13,98.3159408569336,2.1217544078826904,3.267094511723558,0.0,GREEN
2015-02-17,98.40789031982422,2.1275131702423096,3.2670951599565816,0.0,GREEN
2015-02-18,98.54583740234376,2.136646509170532,3.2670961971296975,0.0,GREEN
2015-02-19,99.03321838378906,2.168811798095703,3.2670978825365005,0.0,GREEN
2015-02-20,99.6953582763672,2.2105095386505127,3.267099567944173,0.0,GREEN
2015-02-23,99.79650115966795,2.219245672225952,3.2671008644122264,0.0,GREEN
2015-02-24,99.87008666992188,2.223811149597168,3.2671028091150784,0.0,GREEN
2015-02-25,99.621826171875,2.205941677093506,3.2671051427598417,0.0,GREEN
2015-02-26,100.12757873535156,2.2394981384277344,3.26710708746524,0.0,GREEN
2015-02-27,99.68612670898438,2.20991325378418,3.2671087728776613,0.0,GREEN
2015-03-02,100.5874252319336,2.269479513168335,3.2671098100550986,0.0,GREEN
2015-03-03,100.1183853149414,2.2369158267974854,3.2671104582911576,0.0,GREEN
2015-03-04,99.73213958740234,2.212097406387329,3.267112143705318,0.0,GREEN
2015-03-05,99.9068832397461,2.2218260765075684,3.2671134401783615,0.0,GREEN
2015-03-06,98.77574920654295,2.145382881164551,3.267113829120441,0.0,GREEN
2015-03-09,99.06080627441406,2.166032552719116,3.2671144773572975,0.0,GREEN
2015-03-10,97.22159576416016,2.046105146408081,3.267115125594283,0.0,GREEN
2015-03-11,96.66063690185548,2.010167121887207,3.26711642206851,0.0,GREEN
2015-03-12,97.29515838623048,2.0486867427825928,3.2671181074857465,0.0,GREEN
2015-03-13,96.87213134765624,2.0222787857055664,3.267120441141437,0.0,GREEN
2015-03-16,98.12281036376952,2.0997154712677,3.2671234230370834,0.0,GREEN
2015-03-17,98.27914428710938,2.1114304065704346,3.267127312469643,0.0,GREEN
2015-03-18,99.24473571777344,2.172187566757202,3.26713353556934,0.0,GREEN
2015-03-19,99.3918914794922,2.182710886001587,3.267138462199116,0.0,GREEN
2015-03-20,100.03522491455078,2.2279813289642334,3.2671397586826036,0.0,GREEN
2015-03-23,99.84169006347656,2.209317207336426,3.267140147627816,0.0,GREEN
2015-03-24,99.4822006225586,2.186880588531494,3.267140536573075,0.0,GREEN
2015-03-25,97.2055435180664,2.034395456314087,3.2671424812995413,0.0,GREEN
2015-03-26,96.87371063232422,2.0177154541015625,3.2671448149726414,0.0,GREEN
2015-03-27,97.26084899902344,2.0371758937835693,3.2671484451336585,0.0,GREEN
2015-03-30,98.37614440917967,2.1104495525360107,3.2671523345960063,0.0,GREEN
2015-03-31,97.3345718383789,2.04511833190918,3.267155316520762,0.0,GREEN
2015-04-01,96.82763671875,2.010566234588623,3.2671585577463227,0.0,GREEN
2015-04-02,96.89218139648438,2.0139424800872803,3.267162836168221,0.0,GREEN
2015-04-06,97.6848373413086,2.062394142150879,3.2671641326613807,0.0,GREEN
2015-04-07,97.5189208984375,2.0528621673583984,3.267164521609495,0.0,GREEN
2015-04-08,98.2931900024414,2.1017117500305176,3.267166466350238,0.0,GREEN
2015-04-09,98.91073608398438,2.14083194732666,3.2671688000404706,0.0,GREEN
2015-04-10,99.3162841796875,2.166447401046753,3.267171393031524,0.0,GREEN
2015-04-13,99.06745910644533,2.1503634452819824,3.267173337776357,0.0,GREEN
2015-04-14,98.78168487548828,2.1318955421447754,3.2671739860250213,0.0,GREEN
2015-04-15,99.39926147460938,2.1696245670318604,3.2671752825226057,0.0,GREEN
2015-04-16,99.26099395751952,2.1620781421661377,3.2671772272697543,0.0,GREEN
2015-04-17,97.71248626708984,2.061004877090454,3.267178523768625,0.0,GREEN
2015-04-20,99.17804718017578,2.1531431674957275,3.267180209217898,0.0,GREEN
2015-04-21,99.60199737548828,2.1807448863983154,3.2671818946680404,0.0,GREEN
2015-04-22,100.14582824707033,2.216090679168701,3.2671844876694864,0.0,GREEN
2015-04-23,100.52375793457033,2.2427003383636475,3.2671870806729904,0.0,GREEN
2015-04-24,101.88790893554688,2.330469846725464,3.267189673678552,0.0,GREEN
2015-04-27,101.62982940673828,2.3155767917633057,3.267191618434267,0.0,GREEN
2015-04-28,101.42706298828124,2.300485849380493,3.2671933038902954,0.0,GREEN
2015-04-29,100.79105377197266,2.2565996646881104,3.2671949893471934,0.0,GREEN
2015-04-30,99.2056655883789,2.1505613327026367,3.267195378298981,0.0,GREEN
2015-05-01,100.51454162597656,2.237537145614624,3.267196026552018,0.0,GREEN
2015-05-04,100.6804656982422,2.2454800605773926,3.2671964155039293,0.0,GREEN
2015-05-05,99.03976440429688,2.139044523239136,3.2671968044558866,0.0,GREEN
2015-05-06,98.3576889038086,2.093371868133545,3.2671978416612704,0.0,GREEN
2015-05-07,98.94759368896484,2.129313707351685,3.267199138168321,0.0,GREEN
2015-05-08,100.18273162841795,2.2073538303375244,3.267199786422104,0.0,GREEN
2015-05-11,99.79558563232422,2.1831278800964355,3.267200175374463,0.0,GREEN
2015-05-12,99.34393310546876,2.1549291610717773,3.2672008236284515,0.0,GREEN
2015-05-13,99.54673767089844,2.166050434112549,3.2672025090892287,0.0,GREEN
2015-05-14,101.0030517578125,2.2619614601135254,3.2672038055981316,0.0,GREEN
2015-05-15,101.0030517578125,2.26176381111145,3.267205102107549,0.0,GREEN
2015-05-18,101.44547271728516,2.289562940597534,3.267206398617481,0.0,GREEN
2015-05-19,101.33489227294922,2.2830097675323486,3.2672074358259104,0.0,GREEN
2015-05-20,101.39942169189452,2.2867839336395264,3.2672087323367687,0.0,GREEN
2015-05-21,101.9247817993164,2.322725534439087,3.2672104178016257,0.0,GREEN
2015-05-22,101.82341766357422,2.316370248794556,3.2672121032673522,0.0,GREEN
2015-05-26,100.6528091430664,2.236147165298462,3.2672133997800623,0.0,GREEN
2015-05-27,102.27500915527344,2.3437740802764893,3.267214696293287,0.0,GREEN
2015-05-28,102.04460144042967,2.326498031616211,3.2672163817612208,0.0,GREEN
2015-05-29,101.43629455566406,2.287179946899414,3.267216770715555,0.0,GREEN
2015-06-01,101.77730560302734,2.307236671447754,3.2672171596699355,0.0,GREEN
2015-06-02,101.45469665527344,2.286188125610352,3.2672181968817813,0.0,GREEN
2015-06-03,101.75888061523438,2.306243419647217,3.2672194933969094,0.0,GREEN
2015-06-04,100.984619140625,2.256005048751831,3.2672207899125523,0.0,GREEN
2015-06-05,100.74495697021484,2.238927125930786,3.267221438170631,0.0,GREEN
2015-06-08,99.72186279296876,2.1704180240631104,3.2672227346870457,0.0,GREEN
2015-06-09,99.55592346191406,2.1596949100494385,3.2672240312039746,0.0,GREEN
2015-06-10,100.92009735107422,2.245280504226685,3.267225716676724,0.0,GREEN
2015-06-11,101.06757354736328,2.2575936317443848,3.267227402150343,0.0,GREEN
2015-06-12,100.23802185058594,2.200204610824585,3.2672284393654403,0.0,GREEN
2015-06-15,99.7402801513672,2.169822931289673,3.267229087625037,0.0,GREEN
2015-06-16,100.28411865234376,2.2029848098754883,3.2672294765808836,0.0,GREEN
2015-06-17,100.56062316894533,2.221452474594116,3.2672305137966395,0.0,GREEN
2015-06-18,102.02619934082033,2.3153786659240723,3.2672309027526563,0.0,GREEN
2015-06-19,101.52175903320312,2.280031204223633,3.267231291708719,0.0,GREEN
2015-06-22,102.2700653076172,2.3350367546081543,3.2672316806648283,0.0,GREEN
2015-06-23,102.3532257080078,2.340795516967773,3.267232069620984,0.0,GREEN
2015-06-24,101.82662200927734,2.304853200912476,3.267233106837563,0.0,GREEN
2015-06-25,101.62338256835938,2.289762258529663,3.267233755098086,0.0,GREEN
2015-06-26,100.9489517211914,2.2472665309906006,3.2672344033587373,0.0,GREEN
2015-06-29,98.56546020507812,2.088408231735229,3.2672350516195174,0.0,GREEN
2015-06-30,98.91650390625,2.112236738204956,3.267235699880426,0.0,GREEN
2015-07-01,99.70177459716795,2.1555254459381104,3.2672369964024996,0.0,GREEN
2015-07-02,99.72949981689452,2.1636672019958496,3.267237385359288,0.0,GREEN
2015-07-06,99.49854278564452,2.145397663116455,3.267237774316123,0.0,GREEN
2015-07-07,99.74795532226562,2.156320333480835,3.267238422577572,0.0,GREEN
2015-07-08,98.01114654541016,2.048295259475708,3.267239719100726,0.0,GREEN
2015-07-09,97.95571899414062,2.0423378944396973,3.267241015624395,0.0,GREEN
2015-07-10,99.4523468017578,2.1372570991516118,3.267242052843814,0.0,GREEN
2015-07-13,101.19841003417967,2.2464730739593506,3.2672430900635625,0.0,GREEN
2015-07-14,101.86359405517578,2.2915499210357666,3.2672441272836403,0.0,GREEN
2015-07-15,101.97444152832033,2.3024706840515137,3.2672454238090585,0.0,GREEN
2015-07-16,103.41564178466795,2.3924248218536377,3.2672471092928435,0.0,GREEN
2015-07-17,104.93997955322266,2.501840114593506,3.267248405819445,0.0,GREEN
2015-07-20,105.3003158569336,2.529839038848877,3.2672500913047684,0.0,GREEN
2015-07-21,105.23562622070312,2.522887706756592,3.2672530733187464,0.0,GREEN
2015-07-22,104.04387664794922,2.440082550048828,3.2672569629056514,0.0,GREEN
2015-07-23,103.6558609008789,2.4108924865722656,3.267260852497187,0.0,GREEN
2015-07-24,102.63961029052734,2.3423843383789062,3.267264742093353,0.0,GREEN
2015-07-27,101.78968048095705,2.2822165489196777,3.2672686316941495,0.0,GREEN
2015-07-28,102.66734313964844,2.3423843383789062,3.267272261992741,0.0,GREEN
2015-07-29,103.05535125732422,2.368596315383911,3.2672778371003615,0.0,GREEN
2015-07-30,103.54499816894533,2.4015591144561768,3.267283671525302,0.0,GREEN
2015-07-31,103.42488861083984,2.394211769104004,3.2672914507719653,0.0,GREEN
2015-08-03,103.10154724121094,2.372170209884644,3.267298970728263,0.0,GREEN
2015-08-04,102.90752410888672,2.356879472732544,3.2673071389758213,0.0,GREEN
2015-08-05,103.70207214355467,2.4120841026306152,3.2673168631045972,0.0,GREEN
2015-08-06,102.03910064697266,2.296315193176269,3.267326587262314,0.0,GREEN
2015-08-07,101.9097900390625,2.287179946899414,3.2673302176253007,0.0,GREEN
2015-08-10,103.0738525390625,2.3644258975982666,3.2673373487031183,0.0,GREEN
2015-08-11,101.75272369384766,2.274273157119751,3.2673457763586686,0.0,GREEN
2015-08-12,102.10379028320312,2.2943286895751958,3.267358482703022,0.0,GREEN
2015-08-13,101.9375,2.2840030193328857,3.2673701518409244,0.0,GREEN
2015-08-14,102.09452056884766,2.296315193176269,3.267380913416808,0.0,GREEN
2015-08-17,102.94448852539062,2.3527097702026367,3.267391286054397,0.0,GREEN
2015-08-18,102.41790771484376,2.3151795864105225,3.267399065557285,0.0,GREEN
2015-08-19,101.74347686767578,2.27169132232666,3.2674100865463127,0.0,GREEN
2015-08-20,98.9257354736328,2.084634304046631,3.267415272911413,0.0,GREEN
2015-08-21,94.60211944580078,1.8252962827682493,3.267417217801413,0.0,GREEN
2015-08-24,90.96217346191406,1.609048843383789,3.2674198109896233,0.0,GREEN
2015-08-25,90.6203384399414,1.5878008604049685,3.2674217558823244,0.0,GREEN
2015-08-26,95.18415832519533,1.8169561624526975,3.267428627840698,0.0,GREEN
2015-08-27,97.5954132080078,1.95893657207489,3.2674357591332996,0.0,GREEN
2015-08-28,97.57693481445312,1.9573488235473635,3.2674422421408553,0.0,GREEN
2015-08-31,96.36669158935548,1.884670615196228,3.267448725161274,0.0,GREEN
2015-09-01,93.35494232177734,1.713697910308838,3.267449114143268,0.0,GREEN
2015-09-02,95.98792266845705,1.8530970811843872,3.267454041248917,0.0,GREEN
2015-09-03,95.51675415039062,1.8225160837173464,3.267457282770832,0.0,GREEN
2015-09-04,94.38043212890624,1.7615537643432615,3.267459227685838,0.0,GREEN
2015-09-08,97.04109954833984,1.911080837249756,3.267462469212898,0.0,GREEN
2015-09-09,95.95095825195312,1.844557762145996,3.2674657107431737,0.0,GREEN
2015-09-10,96.9949188232422,1.903534293174744,3.2674702488900134,0.0,GREEN
2015-09-11,97.53073120117188,1.9343138933181765,3.267472193812737,0.0,GREEN
2015-09-14,97.235107421875,1.9170377254486084,3.2674751760294276,0.0,GREEN
2015-09-15,98.38067626953124,1.983957290649414,3.2674784175723093,0.0,GREEN
2015-09-16,98.93498229980467,2.0171194076538086,3.267485937958927,0.0,GREEN
2015-09-17,98.97190856933594,2.02267861366272,3.267492810052287,0.0,GREEN
2015-09-18,97.5642547607422,1.9370942115783687,3.2674931990395293,0.0,GREEN
2015-09-21,97.8698959350586,1.9535750150680544,3.2674944956637852,0.0,GREEN
2015-09-22,96.40666198730467,1.86739444732666,3.26749618127606,0.0,GREEN
2015-09-23,96.4807586669922,1.870373010635376,3.2674965702637038,0.0,GREEN
2015-09-24,96.12882995605467,1.8487279415130613,3.267496959251394,0.0,GREEN
2015-09-25,95.3138427734375,1.8038502931594849,3.2674976075642683,0.0,GREEN
2015-09-28,92.60040283203124,1.6483665704727173,3.26750020081628,0.0,GREEN
2015-09-29,92.11882781982422,1.6239417791366575,3.2675018864314977,0.0,GREEN
2015-09-30,94.2396011352539,1.7313703298568726,3.2675022754198206,0.0,GREEN
2015-10-01,94.66560363769533,1.75559663772583,3.26750292373375,0.0,GREEN
2015-10-02,96.32330322265624,1.8467425107955933,3.267505257664309,0.0,GREEN
2015-10-05,97.70318603515624,1.9309377670288088,3.2675062949676144,0.0,GREEN
2015-10-06,97.24015045166016,1.9033359289169312,3.267507332271249,0.0,GREEN
2015-10-07,97.8236083984375,1.9339162111282349,3.2675079805861817,0.0,GREEN
2015-10-08,98.21253967285156,1.9575468301773071,3.267508628901243,0.0,GREEN
2015-10-09,98.65703582763672,1.9813754558563232,3.2675090178903683,0.0,GREEN
2015-10-12,98.89787292480467,1.9980566501617432,3.2675094068795403,0.0,GREEN
2015-10-13,98.25886535644533,1.95893657207489,3.267510703510228,0.0,GREEN
2015-10-14,98.10142517089844,1.950596570968628,3.2675113518258296,0.0,GREEN
2015-10-15,99.71283721923828,2.045912504196167,3.267512648457289,0.0,GREEN
2015-10-16,100.1295394897461,2.0713298320770264,3.2675132967732767,0.0,GREEN
2015-10-19,100.7037353515625,2.108463287353516,3.2675139450893926,0.0,GREEN
2015-10-20,100.18512725830078,2.073514699935913,3.2675145934056373,0.0,GREEN
2015-10-21,99.57392120361328,2.040154218673706,3.2675158900383834,0.0,GREEN
2015-10-22,101.60204315185548,2.161085844039917,3.267516538355014,0.0,GREEN
2015-10-23,104.44515991210938,2.340795516967773,3.2675171866717734,0.0,GREEN
2015-10-26,104.51000213623048,2.347745895385742,3.267517575661918,0.0,GREEN
2015-10-27,104.72301483154295,2.363036632537842,3.267518612969134,0.0,GREEN
2015-10-28,105.59351348876952,2.417843103408813,3.267519909603475,0.0,GREEN
2015-10-29,105.42684173583984,2.4089064598083496,3.2675244478255907,0.0,GREEN
2015-10-30,104.9545440673828,2.3759429454803467,3.2675313199999434,0.0,GREEN
2015-11-02,106.13992309570312,2.4569616317749023,3.2675401371484285,0.0,GREEN
2015-11-03,106.5103759765625,2.480393886566162,3.2675470093557784,0.0,GREEN
2015-11-04,106.51961517333984,2.4813857078552246,3.2675545299002664,0.0,GREEN
2015-11-05,106.23252868652344,2.459543466567993,3.267561661467654,0.0,GREEN
2015-11-06,106.30663299560548,2.4676849842071533,3.2675668480733497,0.0,GREEN
2015-11-09,105.1767807006836,2.388254880905152,3.267576313643842,0.0,GREEN
2015-11-10,104.90821838378906,2.371376037597656,3.267586038573733,0.0,GREEN
2015-11-11,104.77857971191406,2.360852003097534,3.2676022468378134,0.0,GREEN
2015-11-12,103.75984191894533,2.292343139648437,3.2676181958492205,0.0,GREEN
2015-11-13,101.7224578857422,2.1575114727020264,3.267634144938474,0.0,GREEN
2015-11-16,103.1856689453125,2.2474660873413086,3.267648797424662,0.0,GREEN
2015-11-17,103.2505111694336,2.2552101612091064,3.267661504947431,0.0,GREEN
2015-11-18,105.23236846923828,2.384482145309448,3.267679010277617,0.0,GREEN
2015-11-19,105.30642700195312,2.3880574703216557,3.267694959663703,0.0,GREEN
2015-11-20,106.01953887939452,2.4355151653289795,3.2677063706619127,0.0,GREEN
2015-11-23,105.71394348144533,2.4158565998077397,3.2677184300547566,0.0,GREEN
2015-11-24,105.62130737304688,2.408311367034912,3.2677320455477905,0.0,GREEN
2015-11-25,105.71394348144533,2.413672685623169,3.2677518853491248,0.0,GREEN
2015-11-27,105.86209106445312,2.4224092960357666,3.2677745780701644,0.0,GREEN
2015-11-30,105.59351348876952,2.4071199893951416,3.267795325844799,0.0,GREEN
2015-12-01,106.64928436279295,2.4786064624786377,3.2678173704960387,0.0,GREEN
2015-12-02,105.9917449951172,2.4335293769836426,3.2678436945796543,0.0,GREEN
2015-12-03,104.19513702392578,2.309421300888061,3.267869629847458,0.0,GREEN
2015-12-04,106.63075256347656,2.468081474304199,3.267895305965839,0.0,GREEN
2015-12-07,106.14920043945312,2.437898635864258,3.267921890034565,0.0,GREEN
2015-12-08,106.158447265625,2.4380972385406494,3.2679523647029063,0.0,GREEN
2015-12-09,104.54704284667967,2.324512720108032,3.2679871191178096,0.0,GREEN
2015-12-10,105.01936340332033,2.357475757598877,3.268018891215419,0.0,GREEN
2015-12-11,102.60224151611328,2.195836544036865,3.2680487183725067,0.0,GREEN
2015-12-14,103.3801498413086,2.2450830936431885,3.2680763411651834,0.0,GREEN
2015-12-15,104.00992584228516,2.2832093238830566,3.268102018907725,0.0,GREEN
2015-12-16,105.55648040771484,2.3840854167938232,3.268134440554738,0.0,GREEN
2015-12-17,104.01915740966795,2.284797430038452,3.268164917205197,0.0,GREEN
2015-12-18,102.02384185791016,2.159298896789551,3.2681925409800305,0.0,GREEN
2015-12-21,103.15716552734376,2.223437786102295,3.2682152367611788,0.0,GREEN
2015-12-22,103.83522033691406,2.265535593032837,3.268235079496174,0.0,GREEN
2015-12-23,104.6062469482422,2.317363739013672,3.268260110027222,0.0,GREEN
2015-12-24,104.5876693725586,2.312597751617432,3.2682847516705995,0.0,GREEN
2015-12-28,104.53194427490234,2.312002182006836,3.2683084856429843,0.0,GREEN
2015-12-29,106.17613983154295,2.417444944381714,3.2683331276510983,0.0,GREEN
2015-12-30,105.21932220458984,2.355688095092773,3.2683610122397546,0.0,GREEN
2015-12-31,103.90953063964844,2.2683162689208984,3.2683863031276124,0.0,GREEN
2016-01-04,101.71727752685548,2.129711151123047,3.268405498412497,0.0,GREEN
2016-01-05,101.54080200195312,2.110647678375244,3.26842560170044,0.0,GREEN
2016-01-06,100.56544494628906,2.054054021835327,3.2684521900830794,0.0,GREEN
2016-01-07,97.41637420654295,1.8586571216583248,3.268478778682013,0.0,GREEN
2016-01-08,96.61749267578124,1.8147714138031008,3.2685034219740827,0.0,GREEN
2016-01-11,96.91476440429688,1.8306574821472168,3.268528065451955,0.0,GREEN
2016-01-12,98.03874969482422,1.892414927482605,3.2685507635631343,0.0,GREEN
2016-01-13,94.65744018554688,1.694435715675354,3.2685780014853134,0.0,GREEN
2016-01-14,96.6732177734375,1.804048776626587,3.2686058881631714,0.0,GREEN
2016-01-15,93.67278289794922,1.6382393836975098,3.268637017742363,0.0,GREEN
2016-01-19,93.8771743774414,1.6451895236968994,3.2686659425864475,0.0,GREEN
2016-01-20,93.58919525146484,1.6302967071533203,3.2686957756491632,0.0,GREEN
2016-01-21,93.68209075927734,1.6362537145614624,3.268728592315925,0.0,YELLOW
2016-01-22,96.3945541381836,1.7772411108016968,3.2687640035425893,0.0,YELLOW
2016-01-25,94.9640121459961,1.6972156763076782,3.2688013608438786,0.0,YELLOW
2016-01-26,95.8186264038086,1.745667576789856,3.2688370322880735,0.0,YELLOW
2016-01-27,93.43126678466795,1.615799903869629,3.2688759470161948,0.0,YELLOW
2016-01-28,94.7503433227539,1.6795423030853271,3.2689148622075868,0.0,YELLOW
2016-01-29,96.72894287109376,1.7889573574066162,3.268956112798442,0.0,YELLOW
2016-02-01,96.9890594482422,1.7990845441818235,3.2689950289441887,0.0,YELLOW
2016-02-02,94.88970184326172,1.684903860092163,3.2690332969398503,0.0,YELLOW
2016-02-03,94.4345474243164,1.661074995994568,3.2690761057109166,0.0,YELLOW
2016-02-04,94.4252471923828,1.658096194267273,3.2691193042171562,0.0,YELLOW
2016-02-05,91.14610290527344,1.4875211715698242,3.269156016944861,0.0,YELLOW
2016-02-08,89.75272369384766,1.419608473777771,3.269192081443407,0.0,RED
2016-02-09,89.47406005859375,1.403126835823059,3.2692258112017405,0.0,RED
2016-02-10,89.8177719116211,1.419807195663452,3.2692647305581826,0.0,RED
2016-02-11,89.68773651123047,1.4164317846298218,3.269303390911969,0.0,RED
2016-02-12,91.05322265625,1.4767982959747314,3.269338808365618,0.0,RED
2016-02-16,93.10618591308594,1.5750925540924072,3.2693738369970995,0.0,RED
2016-02-17,95.21481323242188,1.6839118003845217,3.2694092552139145,0.0,RED
2016-02-18,94.1279754638672,1.6267223358154297,3.269447268585069,0.0,RED
2016-02-19,94.40664672851562,1.643600583076477,3.269484633695101,0.0,RED
2016-02-22,95.93934631347656,1.7212432622909546,3.2695213505255136,0.0,RED
2016-02-23,94.36021423339844,1.6354585886001587,3.2695593651999983,0.0,RED
2016-02-24,95.26126098632812,1.684109807014465,3.269600623923867,0.0,RED
2016-02-25,96.19947814941406,1.7305762767791748,3.2696414939313567,0.0,RED
2016-02-26,96.0787124633789,1.726604461669922,3.2696817157119487,0.0,RED
2016-02-29,95.21481323242188,1.680933117866516,3.269721029742504,0.0,RED
2016-03-01,98.27098846435548,1.84177839756012,3.2693522728751927,0.25003125390673836,RED
2016-03-02,98.30813598632812,1.843764066696167,3.2702647118323505,0.2502309824816546,RED
2016-03-03,98.12236785888672,1.8334380388259888,3.265711171600489,0.24917651535252197,RED
2016-03-04,98.1595230102539,1.8366150856018064,3.267146017706972,0.2500000626733611,RED
2016-03-07,97.55569458007812,1.8024606704711916,3.2519824990834043,0.2464949990125079,RED
2016-03-08,96.7475357055664,1.7548028230667114,3.2308000307461273,0.2500010562625001,RED
2016-03-09,97.3698959350586,1.7883613109588623,3.2462757118192376,0.2535674253340656,RED
2016-03-10,97.22130584716795,1.7816102504730225,3.243196015882379,0.25285008409949,RED
2016-03-11,98.92123413085938,1.8739473819732664,3.2857262324246554,0.26251227441270003,RED
2016-03-14,99.08843231201172,1.884868621826172,3.2907826946643746,0.2636364635500125,RED
2016-03-15,99.0512924194336,1.8836772441864011,3.290263942519138,0.2635113650133994,RED
2016-03-16,99.93374633789062,1.9317326545715328,3.312414214983504,0.2684268649319759,RED
2016-03-17,99.8780288696289,1.9261720180511477,3.3098836048988054,0.26785881630248476,GREEN
2016-03-18,100.03455352783205,1.9372920989990237,3.3150284181198364,0.2689870976938438,GREEN
2016-03-21,100.42587280273438,1.9603271484375,3.325657952999645,0.27131547943942597,GREEN
2016-03-22,100.73330688476562,1.977801322937012,3.3337286891799,0.2730712687012134,GREEN
2016-03-23,99.90412902832033,1.930739164352417,3.312095213322206,0.2683146529904709,GREEN
2016-03-24,99.93203735351562,1.9301437139511108,3.311849315437904,0.26825181895798456,GREEN
2016-03-28,99.79228973388672,1.923193454742432,3.3086766853982885,0.2675421658999368,GREEN
2016-03-29,101.39482879638672,2.015133857727051,3.351019682742602,0.27679007844271036,GREEN
2016-03-30,101.88858795166016,2.045316696166992,3.3649339256911515,0.2797741727708629,GREEN
2016-03-31,101.73951721191406,2.0334019660949707,3.3594675865374724,0.27859696531309264,GREEN
2016-04-01,102.82028198242188,2.101116180419922,3.390653753423697,0.2852267293359639,GREEN
2016-04-04,102.42897033691406,2.075102567672729,3.378701132202582,0.2826919150842488,GREEN
2016-04-05,101.44140625,2.0193030834198,3.353035257023425,0.27719601716143777,GREEN
2016-04-06,103.10907745361328,2.11600923538208,3.3975682836322414,0.28666387192188103,GREEN
2016-04-07,101.6277084350586,2.024664878845215,3.3555453171433163,0.2777241450356076,GREEN
2016-04-08,101.55318450927734,2.019899845123291,3.3533732185503675,0.27724999171786197,GREEN
2016-04-11,101.18050384521484,1.9982540607452397,3.3434310291638685,0.27509451613047536,GREEN
2016-04-12,102.02833557128906,2.0449202060699463,3.3649307936417525,0.279720198162202,GREEN
2016-04-13,103.33271026611328,2.124746799468994,3.401695625367662,0.2874983322541777,GREEN
2016-04-14,103.3420181274414,2.126136302947998,3.402356636171847,0.2876304534291092,GREEN
2016-04-15,103.08114624023438,2.109853982925415,3.3948828628401495,0.2860560935971518,GREEN
2016-04-18,103.63085174560548,2.1410298347473145,3.409252731215914,0.2890594150885331,GREEN
2016-04-19,102.9972915649414,2.1040940284729004,3.3922709038106897,0.2854948076009759,GREEN
2016-04-20,103.08114624023438,2.10925817489624,3.39466854450355,0.28599336806340675,GREEN
2016-04-21,103.09044647216795,2.109853982925415,3.3949637518963414,0.2860492779699109,GREEN
2016-04-22,101.5345458984375,2.014338493347168,3.3510213726060027,0.27668069110313587,GREEN
2016-04-25,101.5345458984375,2.0127508640289307,3.350312257663936,0.27652113638657166,GREEN
2016-04-26,101.0407485961914,1.9851478338241575,3.337629983442849,0.2737652138940682,GREEN
2016-04-27,100.23018646240234,1.937490701675415,3.315717848967238,0.2689587373650036,GREEN
2016-04-28,99.0189971923828,1.8687841892242432,3.2841170726458966,0.261917259590668,YELLOW
2016-04-29,98.4972915649414,1.8389981985092163,3.2704273292890185,0.25882152871004266,YELLOW
2016-05-02,99.42893981933594,1.8876489400863647,3.292838934143712,0.26386047377300786,YELLOW
2016-05-03,98.50658416748048,1.837409257888794,3.269732328877656,0.2586528668812541,YELLOW
2016-05-04,97.873046875,1.8010700941085815,3.2530256077885804,0.25483949188860705,YELLOW
2016-05-05,97.84507751464844,1.8000776767730713,3.2525878622871134,0.2547333497657591,YELLOW
2016-05-06,98.3668441772461,1.8260903358459477,3.2645786133541344,0.25746531145274903,YELLOW
2016-05-09,98.64631652832033,1.8421748876571653,3.271999351049961,0.25914405274484886,YELLOW
2016-05-10,99.9972686767578,1.919420838356018,3.307573766786177,0.26710638163401035,GREEN
2016-05-11,99.0935516357422,1.8669970035552976,3.2834674163941164,0.2617185512193273,YELLOW
2016-05-12,98.65568542480467,1.8407849073410036,3.2714263277186895,0.2589938776524348,YELLOW
2016-05-13,98.2922821044922,1.8185449838638303,3.2612145191933344,0.25666596231943206,YELLOW
2016-05-16,99.5220947265625,1.888641119003296,3.2935032980977885,0.26394590933168005,YELLOW
2016-05-17,98.27366638183594,1.816162109375,3.260167364006988,0.2564119802214579,YELLOW
2016-05-18,98.62770080566406,1.8368133306503296,3.2696985222175488,0.2585716513988558,YELLOW
2016-05-19,98.11528778076172,1.8078221082687376,3.256380370580991,0.2555313341983006,GREEN
2016-05-20,99.1960220336914,1.8681883811950684,3.284193752589802,0.2618276414726638,GREEN
2016-05-23,99.06559753417967,1.8590543270111084,3.2800181839986537,0.26087918403636884,GREEN
2016-05-24,101.05006408691406,1.9728378057479856,3.332420735360139,0.27249287506778574,GREEN
2016-05-25,101.77677917480467,2.015331983566284,3.352013021001036,0.27673525989083797,GREEN
2016-05-26,102.07491302490234,2.032210111618042,3.359812017399311,0.2784051253963945,GREEN
2016-05-27,102.60595703125,2.0627920627593994,3.3739147832635816,0.2814135080078081,GREEN
2016-05-31,102.80165100097656,2.075102567672729,3.3796097520248636,0.282615912380833,GREEN
2016-06-01,102.81092834472656,2.075897455215454,3.380002851395832,0.2826912898198,GREEN
2016-06-02,103.0252456665039,2.087612628936768,3.3854235122013656,0.2838314440989391,GREEN
2016-06-03,102.54076385498048,2.059018135070801,3.372287970465477,0.2810341624942239,GREEN
2016-06-06,102.91343688964844,2.08106017112732,3.382459491129565,0.28318851156008273,GREEN
2016-06-07,102.6525650024414,2.066365957260132,3.3757200685489415,0.2817503150084038,GREEN
2016-06-08,102.82958984375,2.075500011444092,3.3799498023509567,0.2826416028259356,GREEN
2016-06-09,102.6618881225586,2.066365957260132,3.3757681761240828,0.2817462998261569,GREEN
2016-06-10,101.49728393554688,1.996864676475525,3.343801108603686,0.27487281789226636,GREEN
2016-06-13,100.6494369506836,1.9456323385238647,3.3202428992197444,0.26972084838114896,GREEN
2016-06-14,100.6494369506836,1.946625828742981,3.32072375798313,0.26981949784447373,GREEN
2016-06-15,100.3606185913086,1.9291505813598635,3.312705529155632,0.26804449551138837,GREEN
2016-06-16,100.65876770019533,1.9430512189865112,3.3191282728303424,0.26945348787658846,GREEN
2016-06-17,99.4789047241211,1.87652850151062,3.2885326653897398,0.262649514553022,GREEN
2016-06-20,100.10482788085938,1.9102863073349,3.3040946247961234,0.2661151402390295,GREEN
2016-06-21,100.42243957519533,1.9293497800827024,3.312893053556108,0.26805699896965757,GREEN
2016-06-22,100.1795425415039,1.9168397188186648,3.3071604021627268,0.2667805342830526,GREEN
2016-06-23,101.60877227783205,1.9976592063903809,3.344385912140936,0.2749341029519717,GREEN
2016-06-24,97.42375946044922,1.753015637397766,3.2318074452777275,0.24966859111320153,GREEN
2016-06-27,95.49004364013672,1.6509478092193604,3.184850405893649,0.2385986069348655,GREEN
2016-06-28,97.5825424194336,1.754405498504639,3.232492688449408,0.2498135701796864,GREEN
2016-06-29,99.3107452392578,1.845550894737244,3.2744702552118596,0.25942305780260183,GREEN
2016-06-30,100.45979309082033,1.9126691818237305,3.305388105263605,0.26634282258085795,GREEN
2016-07-01,100.9642333984375,1.938881278038025,3.317476915680618,0.26900905883844495,GREEN
2016-07-05,100.34769439697266,1.9045274257659912,3.301687854562262,0.26550629130726333,GREEN
2016-07-06,101.16974639892578,1.9494049549102783,3.3223670581220563,0.27007106131026515,GREEN
2016-07-07,101.46867370605467,1.9678728580474851,3.330892803293825,0.2719317872474937,GREEN
2016-07-08,103.03809356689452,2.0588197708129883,3.3727799756182324,0.28096609589272864,GREEN
2016-07-11,103.62660217285156,2.093967914581299,3.3889842912358485,0.28439638029022113,GREEN
2016-07-12,104.14972686767578,2.126930952072144,3.404183035437059,0.2875835800116715,GREEN
2016-07-13,103.89749908447266,2.112037420272827,3.3973562072411827,0.28614365602563563,GREEN
2016-07-14,104.60746002197266,2.1549291610717773,3.4171271648097132,0.290265523186893,GREEN
2016-07-15,104.4393310546875,2.1428167819976807,3.4115812205823994,0.28910321505228764,GREEN
2016-07-18,105.13059997558594,2.185510635375977,3.431261094899789,0.29317217951462626,GREEN
2016-07-19,104.74757385253906,2.1628735065460205,3.4208693592567267,0.29101691285054565,GREEN
2016-07-20,105.97135162353516,2.236941337585449,3.4549912532487097,0.29801027649664624,GREEN
2016-07-21,105.72848510742188,2.2236368656158447,3.4488977669413043,0.2967612160247464,GREEN
2016-07-22,106.16753387451172,2.2494513988494877,3.4608088836798068,0.299173136763389,GREEN
2016-07-25,106.17684173583984,2.251436710357666,3.4617518488850045,0.2993556144486434,GREEN
2016-07-26,106.29832458496094,2.2589826583862305,3.4652537917767816,0.3000554000283227,GREEN
2016-07-27,107.03630065917967,2.303066730499268,3.485574523073877,0.3041275382712757,GREEN
2016-07-28,107.4099578857422,2.328087091445923,3.4971181733248096,0.3064167572794183,GREEN
2016-07-29,107.64349365234376,2.343377590179444,3.5041772836495335,0.3078079269788011,GREEN
2016-08-01,108.21331787109376,2.380113124847412,3.521109074284551,0.311129877650118,GREEN
2016-08-02,107.39127349853516,2.326498031616211,3.496453942650461,0.30626578044050096,GREEN
2016-08-03,107.74625396728516,2.3485398292541504,3.506626327366453,0.3082705506943533,GREEN
2016-08-04,108.05453491210938,2.369589328765869,3.516340820765553,0.310174235534939,GREEN
2016-08-05,109.0914306640625,2.4380972385406494,3.547897621484647,0.3163031673422374,GREEN
2016-08-08,108.97000885009766,2.4303529262542725,3.5443571215194893,0.315613425062535,GREEN
2016-08-09,109.22222900390624,2.446437358856201,3.5517845541976527,0.3170378275132976,GREEN
2016-08-10,108.9419937133789,2.42757248878479,3.5431296059264756,0.3153615675645229,GREEN
2016-08-11,109.40904998779295,2.458948135375977,3.5575975172854264,0.31813844409687786,GREEN
2016-08-12,109.48377990722656,2.4635140895843506,3.559725613817882,0.31853864216357564,GREEN
2016-08-15,109.95087432861328,2.494492292404175,3.5740096270760295,0.3212551110710454,GREEN
2016-08-16,109.34367370605467,2.455173969268799,3.5559385995539228,0.3177983331505459,GREEN
2016-08-17,109.5398406982422,2.4666919708251958,3.5612678477326023,0.3188114267871321,GREEN
2016-08-18,109.56786346435548,2.4690749645233154,3.5623924203555823,0.31901868118830984,GREEN
2016-08-19,109.5398406982422,2.465698719024658,3.560865832764839,0.3187190311281841,GREEN
2016-08-22,109.62390899658205,2.468081474304199,3.561990777620265,0.31892627395454465,GREEN
2016-08-23,109.82008361816406,2.4827771186828613,3.568781867384656,0.32021474651064635,GREEN
2016-08-24,109.11014556884766,2.434919834136963,3.54678340308917,0.31599018800484907,GREEN
2016-08-25,108.93267059326172,2.423402547836304,3.5415115710470015,0.3149636919754731,GREEN
2016-08-26,109.0914306640625,2.4351189136505127,3.54693376152135,0.31600262715574406,GREEN
2016-08-29,109.24091339111328,2.4418699741363525,3.5500705137572792,0.31659871865534495,GREEN
2016-08-30,108.88592529296876,2.419827461242676,3.539954114829568,0.3146374153298297,GREEN
2016-08-31,108.77384948730467,2.4134738445281982,3.5370609517329488,0.3140679721044651,GREEN
2016-09-01,109.05406951904295,2.424196720123291,3.5420273025573907,0.31502103376283086,GREEN
2016-09-02,109.40904998779295,2.4525928497314453,3.5551278457056825,0.31753663072972854,GREEN
2016-09-06,110.09098815917967,2.4980664253234863,3.576087667740443,0.32152846185611955,GREEN
2016-09-07,110.1563949584961,2.502633810043335,3.578219123860002,0.3219244575203731,GREEN
2016-09-08,109.51182556152344,2.4597413539886475,3.5585082893277855,0.3181596193511265,GREEN
2016-09-09,106.75601959228516,2.273280143737793,3.472715690690778,0.3013056855413183,GREEN
2016-09-12,108.67105865478516,2.3898441791534424,3.5264000320700477,0.3119332039887373,GREEN
2016-09-13,107.69953918457033,2.333447933197021,3.5004755787202964,0.3068277675601237,GREEN
2016-09-14,108.21331787109376,2.363433122634888,3.514310428180182,0.30954713873265366,GREEN
2016-09-15,109.8948211669922,2.473046064376831,3.564793577281227,0.3193165414110162,GREEN
2016-09-16,109.84236907958984,2.470266342163086,3.5635408908295396,0.3190697499580809,GREEN
2016-09-19,109.36476135253906,2.437898635864258,3.5486689190849874,0.3162086595040132,GREEN
2016-09-20,109.57076263427734,2.451401472091675,3.5549069433195584,0.3174021055245617,GREEN
2016-09-21,110.64775848388672,2.522690534591675,3.5877477180674124,0.32364259766755865,GREEN
2016-09-22,111.5281219482422,2.581666946411133,3.6149149477080864,0.3287196973093612,GREEN
2016-09-23,110.81635284423828,2.535200357437134,3.593542639723247,0.3247230238504499,GREEN
2016-09-26,109.88919067382812,2.472252130508423,3.5645846189138375,0.3192327422293277,GREEN
2016-09-27,110.97552490234376,2.542349100112915,3.596865622168467,0.325337832941391,GREEN
2016-09-28,111.162841796875,2.556248664855957,3.603287891403806,0.3265334927469112,GREEN
2016-09-29,110.35746002197266,2.502037763595581,3.5783609381958232,0.32183503034663896,GREEN
2016-09-30,111.18157958984376,2.553468704223633,3.602056283052079,0.32628990874010627,GREEN
2016-10-03,111.02237701416016,2.547710418701172,3.599430888089632,0.3257915541542153,GREEN
2016-10-04,110.85381317138672,2.53321385383606,3.592786120749107,0.3245369031436628,GREEN
2016-10-05,111.24710083007812,2.5596249103546143,3.6049729785674645,0.3268119376144984,GREEN
2016-10-06,111.19095611572266,2.5556528568267822,3.6031748581880834,0.3264676257431966,GREEN
2016-10-07,110.94744110107422,2.538972854614258,3.5955272145425736,0.3250267272488293,GREEN
2016-10-10,111.64983367919922,2.5844459533691406,3.616487498930728,0.32893045350817013,GREEN
2016-10-11,110.05774688720705,2.4776132106781006,3.5673440173589235,0.3196775314405171,GREEN
2016-10-12,109.9641342163086,2.472450494766236,3.5649985326488354,0.31922128881586576,GREEN
2016-10-13,109.57076263427734,2.4434585571289062,3.5516868226178935,0.3166605130055731,GREEN
2016-10-14,109.701904296875,2.449018716812134,3.554272546920772,0.3171501891039479,GREEN
2016-10-17,109.40221405029295,2.43213963508606,3.5465313466301183,0.3156518216030166,GREEN
2016-10-18,110.3761749267578,2.494492292404175,3.575259538446594,0.321142800227074,GREEN
2016-10-19,110.3668212890625,2.495485305786133,3.5757486764875153,0.3212266938778326,GREEN
2016-10-20,110.23568725585938,2.484960556030273,3.570935437566053,0.3203030682048343,GREEN
2016-10-21,110.64775848388672,2.511967182159424,3.583396911177676,0.3226581532227477,GREEN
2016-10-24,111.97761535644533,2.6035091876983643,3.6255623501545413,0.33052729840439304,GREEN
2016-10-25,111.6217269897461,2.5774965286254883,3.6136193498242157,0.32830635052073603,GREEN
2016-10-26,110.86317443847656,2.5280520915985107,3.590892289862909,0.32404642725695054,GREEN
2016-10-27,110.35746002197266,2.4927048683166504,3.5746527623104116,0.320967158943361,GREEN
2016-10-28,109.6644515991211,2.449615001678467,3.5548457787730356,0.3171762544686015,GREEN
2016-10-31,109.5614242553711,2.4357142448425293,3.5484738125284405,0.3159427027509731,GREEN
2016-11-01,108.73729705810548,2.385673761367798,3.5254695151245548,0.311471050690114,GREEN
2016-11-02,107.86637115478516,2.323519229888916,3.496894161115113,0.3058351378888388,GREEN
2016-11-03,106.80811309814452,2.2565996646881104,3.4661255502987602,0.29966348578787566,GREEN
2016-11-04,106.43351745605467,2.2309839725494385,3.454369604250303,0.29727011029877837,GREEN
2016-11-07,108.96208953857422,2.390836238861084,3.527981144097928,0.3119228370034484,GREEN
2016-11-08,109.67381286621094,2.4377005100250244,3.5495894737997746,0.3161009622477564,GREEN
2016-11-09,110.17952728271484,2.471854448318481,3.565350361909643,0.3191128392799141,GREEN
2016-11-10,108.40015411376952,2.354299068450928,3.51128205299653,0.30861676287807727,GREEN
2016-11-11,108.44701385498048,2.352313756942749,3.510412372096198,0.3084329086324791,GREEN
2016-11-14,107.35126495361328,2.2728829383850098,3.47389595146064,0.30115068792589333,GREEN
2016-11-15,108.84033203125,2.3781280517578125,3.522386797046694,0.31075762145421065,GREEN
2016-11-16,109.48651123046876,2.4168498516082764,3.5402567424756293,0.31422338974881237,GREEN
2016-11-17,110.28253936767578,2.472846984863281,3.5660748346323055,0.3191761183064118,GREEN
2016-11-18,109.8704605102539,2.4450466632843018,3.5533193231043723,0.31672074614346063,GREEN
2016-11-21,111.01300048828124,2.5185203552246094,3.5871781827641294,0.32315889410317417,GREEN
2016-11-22,111.35015106201172,2.541157484054565,3.5976381020699337,0.32511552156947615,GREEN
2016-11-23,110.90062713623048,2.510576009750366,3.583607778370156,0.32246048397416116,GREEN
2016-11-25,111.25651550292967,2.5348026752471924,3.594805596359117,0.32455801996648903,GREEN
2016-11-28,111.00363159179688,2.520703792572021,3.5883623895223833,0.3233323183517508,GREEN
2016-11-29,111.38761901855467,2.544930219650269,3.599556727157425,0.32542465572082363,GREEN
2016-11-30,110.03903198242188,2.462522268295288,3.561670959529083,0.3182364848711042,GREEN
2016-12-01,108.13792419433594,2.327293634414673,3.49947280540011,0.3061062212520032,GREEN
2016-12-02,108.35334014892578,2.336625099182129,3.503812039475788,0.30695296610878353,GREEN
2016-12-05,109.19617462158205,2.3906381130218506,3.5287170793828486,0.3118319403150739,GREEN
2016-12-06,109.45842742919922,2.4079136848449707,3.536712359408982,0.31337530694983895,GREEN
2016-12-07,110.8444366455078,2.497272253036499,3.5778891995302757,0.32126439928468137,GREEN
2016-12-08,111.0411148071289,2.5125627517700195,3.5849741614324064,0.32259266239325357,GREEN
2016-12-09,111.91205596923828,2.571340084075928,3.6120755055544445,0.32766216571400236,GREEN
2016-12-12,111.40631866455078,2.53559684753418,3.5956736647033383,0.32458132695755604,GREEN
2016-12-13,112.81110382080078,2.63468599319458,3.641330759682867,0.3330368807990107,GREEN
2016-12-14,112.57699584960938,2.6154239177703857,3.6325151849047095,0.33140438465549243,GREEN
2016-12-15,112.75489044189452,2.631309747695923,3.6398775446662186,0.33274290128695316,GREEN
2016-12-16,112.33692169189452,2.5993385314941406,3.6252088153102626,0.3300299964799136,GREEN
2016-12-19,112.79715728759766,2.631111860275269,3.639880237761553,0.3327176312128109,GREEN
2016-12-20,113.22925567626952,2.662883758544922,3.65455032799718,0.33538362868586447,GREEN
2016-12-21,113.14472198486328,2.653549671173096,3.6503034644267567,0.33459685026613034,GREEN
2016-12-22,112.82534790039062,2.630516529083252,3.63975021542186,0.332654231461562,GREEN
2016-12-23,112.9004898071289,2.638657093048096,3.6435446862581484,0.3333361786030804,GREEN
2016-12-27,113.48284912109376,2.677180528640747,3.6613245089833395,0.33656041335827086,GREEN
2016-12-28,112.59990692138672,2.615225553512573,3.632855488820418,0.331348208012933,GREEN
2016-12-29,112.44025421142578,2.602516889572144,3.627053639637227,0.33026547475082063,GREEN
2016-12-30,111.28496551513672,2.52646279335022,3.592089753835411,0.3237347539103855,GREEN
2017-01-03,112.28057861328124,2.5876240730285645,3.620287435008583,0.32898926520542704,GREEN
2017-01-04,112.89110565185548,2.631707191467285,3.640623871988744,0.3327249375881764,GREEN
2017-01-05,113.52982330322266,2.6783716678619385,3.6621526065878984,0.33663401885823063,GREEN
2017-01-06,114.5254135131836,2.746284484863281,3.6934605980261845,0.3422438482707063,GREEN
2017-01-09,114.9011459350586,2.774085283279419,3.706305285040065,0.34451030495152263,GREEN
2017-01-10,115.15474700927734,2.789970874786377,3.7130218013076353,0.0,GREEN
2017-01-11,115.4646987915039,2.8114166259765625,3.713095914404618,0.0,GREEN
2017-01-12,115.28622436523438,2.797119379043579,3.7131692922518527,0.0,GREEN
2017-01-13,115.68074798583984,2.8292882442474365,3.713243408292801,0.0,GREEN
2017-01-17,115.33323669433594,2.8026797771453857,3.7133189993210136,0.0,GREEN
2017-01-18,115.56804656982422,2.8217432498931885,3.713394591888043,0.0,GREEN
2017-01-19,115.51166534423828,2.814197301864624,3.713470480703984,0.0,GREEN
2017-01-20,115.76528930664062,2.8324663639068604,3.71354460275675,0.0,GREEN
2017-01-23,115.8591766357422,2.838820219039917,3.7136153369380787,0.0,GREEN
2017-01-24,116.6388168334961,2.8979954719543457,3.7136850409070146,0.0,GREEN
2017-01-25,117.8128890991211,2.982588291168213,3.713757693554944,0.0,GREEN
2017-01-26,117.9350128173828,2.994899272918701,3.713828873912248,0.0,GREEN
2017-01-27,118.160400390625,3.009196519851685,3.713900792503948,0.0,GREEN
2017-01-30,117.23991394042967,2.940887928009033,3.713974186257107,0.0,GREEN
2017-01-31,117.00511169433594,2.924604177474976,3.7140471393221826,0.0,GREEN
2017-02-01,117.8128890991211,2.980205774307251,3.7141208307336773,0.0,GREEN
2017-02-02,117.70957946777344,2.9726598262786865,3.7141945236073033,0.0,GREEN
2017-02-03,118.04773712158205,2.998473644256592,3.714266449279839,0.0,GREEN
2017-02-06,118.18858337402344,3.009593963623047,3.714338376345221,0.0,GREEN
2017-02-07,118.62066650390624,3.040571928024292,3.71441251572146,0.0,GREEN
2017-02-08,118.81790161132812,3.0576493740081787,3.7144898993120234,0.0,GREEN
2017-02-09,119.2499771118164,3.089421033859253,3.714567284514745,0.0,GREEN
2017-02-10,119.64445495605467,3.1200008392333984,3.714645113543141,0.0,GREEN
2017-02-13,120.32076263427734,3.1748085021972656,3.7147222071701838,0.0,GREEN
2017-02-14,120.72462463378906,3.2045938968658447,3.714799302397225,0.0,GREEN
2017-02-15,121.43843841552734,3.259798288345337,3.7148781681799314,0.0,GREEN
2017-02-16,121.4009017944336,3.2570178508758545,3.714954824393289,0.0,GREEN
2017-02-17,121.9268798828125,3.297924518585205,3.715029713167536,0.0,GREEN
2017-02-21,122.52803802490234,3.350348711013794,3.715104603451446,0.0,GREEN
2017-02-22,122.57498931884766,3.350745677947998,3.715179052967598,0.0,GREEN
2017-02-23,122.11473846435548,3.314604997634888,3.715254241113693,0.0,GREEN
2017-02-24,122.34960174560548,3.3324763774871826,3.715327661613574,0.0,GREEN
2017-02-27,122.49984741210938,3.3424055576324463,3.7154010835643843,0.0,GREEN
2017-02-28,122.12413024902344,3.3161933422088623,3.7154733274757485,0.0,GREEN
2017-03-01,123.45792388916016,3.423424005508423,3.7155504382915168,0.0,GREEN
2017-03-02,122.83800506591795,3.3694112300872803,3.7156411154167146,0.0,GREEN
2017-03-03,123.06340789794922,3.38688588142395,3.7157362181329274,0.0,GREEN
2017-03-06,122.79100036621094,3.363454341888428,3.7158369263845747,0.0,GREEN
2017-03-07,122.58436584472656,3.346773862838745,3.715940881343745,0.0,GREEN
2017-03-08,122.80044555664062,3.363851308822632,3.7160492629548934,0.0,GREEN
2017-03-09,122.89437103271484,3.3741772174835205,3.716153666244343,0.0,GREEN
2017-03-10,123.41096496582033,3.4111123085021973,3.716258809798401,0.0,GREEN
2017-03-13,123.6175765991211,3.430968999862671,3.7163657259779925,0.0,GREEN
2017-03-14,123.3170166015625,3.405552387237549,3.7164730876523406,0.0,GREEN
2017-03-15,124.07785034179688,3.4651246070861816,3.7165841394107924,0.0,GREEN
2017-03-16,123.99329376220705,3.4631381034851074,3.716689590107705,0.0,GREEN
2017-03-17,123.94998931884766,3.454797744750977,3.7167940113872984,0.0,GREEN
2017-03-20,124.06295013427734,3.4651246070861816,3.7168984356006325,0.0,GREEN
2017-03-21,122.18047332763672,3.310633420944214,3.717003157735931,0.0,GREEN
2017-03-22,123.00877380371094,3.3757660388946533,3.7171142253333818,0.0,GREEN
2017-03-23,122.69815063476562,3.3487589359283447,3.7172245587276773,0.0,GREEN
2017-03-24,122.9522705078125,3.36702823638916,3.7173348953969487,0.0,GREEN
2017-03-27,123.14997100830078,3.384899854660034,3.717445235341293,0.0,GREEN
2017-03-28,123.90292358398438,3.448444128036499,3.7175570537360807,0.0,GREEN
2017-03-29,124.47710418701172,3.4941160678863525,3.7176710883237645,0.0,GREEN
2017-03-30,124.6841812133789,3.5115909576416016,3.7177824709290803,0.0,GREEN
2017-03-31,124.59944152832033,3.50325083732605,3.7178942994677007,0.0,GREEN
2017-04-03,124.52416229248048,3.495704174041748,3.718003180654311,0.0,GREEN
2017-04-04,124.7218017578125,3.5115909576416016,3.718112360114198,0.0,GREEN
2017-04-05,124.21354675292967,3.471478223800659,3.7182274445401706,0.0,GREEN
2017-04-06,124.2794418334961,3.4742586612701416,3.71834253252828,0.0,GREEN
2017-04-07,124.21354675292967,3.4702868461608887,3.7184588045072298,0.0,GREEN
2017-04-10,124.26058197021484,3.4742586612701416,3.718576555699469,0.0,GREEN
2017-04-11,123.72408294677734,3.430572271347046,3.7186928349962862,0.0,GREEN
2017-04-12,123.22525787353516,3.385297536849976,3.7188108887388385,0.0,GREEN
2017-04-13,122.73583221435548,3.345184326171875,3.7189279132218123,0.0,GREEN
2017-04-17,123.75232696533205,3.4246151447296143,3.719044498663528,0.0,GREEN
2017-04-18,123.56411743164062,3.4146862030029297,3.719161087760105,0.0,GREEN
2017-04-19,123.7617416381836,3.426600456237793,3.7192798942959087,0.0,GREEN
2017-04-20,124.7970962524414,3.509604454040528,3.7193957528202963,0.0,GREEN
2017-04-21,124.7688217163086,3.508016347885132,3.7195094010210394,0.0,GREEN
2017-04-24,126.27484130859376,3.635501146316528,3.719622019501815,0.0,GREEN
2017-04-25,127.1877899169922,3.716122627258301,3.719735674616262,0.0,GREEN
2017-04-26,127.00899505615234,3.699839353561402,3.719854942335696,0.0,GREEN
2017-04-27,127.7713623046875,3.7645745277404794,3.7199734758047187,0.0,GREEN
2017-04-28,127.9972915649414,3.7860207557678223,3.7200893559347215,0.0,GREEN
2017-05-01,129.1361541748047,3.881336212158203,3.7202045015534195,0.0,GREEN
2017-05-02,129.35260009765625,3.9043707847595215,3.720320388880058,0.0,GREEN
2017-05-03,128.93846130371094,3.865847110748291,3.720444842454197,0.0,GREEN
2017-05-04,128.9855499267578,3.869818687438965,3.7205700383744014,0.0,GREEN
2017-05-05,129.45619201660156,3.911916494369507,3.7206962720035195,0.0,GREEN
2017-05-08,129.73854064941406,3.935348510742188,3.7208244293152606,0.0,GREEN
2017-05-09,130.19033813476562,3.978637933731079,3.720952886349834,0.0,GREEN
2017-05-10,130.26560974121094,3.9849915504455566,3.7210843009536285,0.0,GREEN
2017-05-11,130.16212463378906,3.975461006164551,3.7212135052696333,0.0,GREEN
2017-05-12,130.45396423339844,4.001276016235352,3.721340499065973,0.0,GREEN
2017-05-15,130.86801147460938,4.038605213165283,3.7214667588357226,0.0,GREEN
2017-05-16,131.4138946533203,4.089443206787109,3.721594204300896,0.0,GREEN
2017-05-17,128.07260131835938,3.780063152313232,3.7217256415544115,0.0,GREEN
2017-05-18,129.1926727294922,3.8757753372192383,3.721854868139187,0.0,GREEN
2017-05-19,129.73854064941406,3.922639846801758,3.7219867576797463,0.0,GREEN
2017-05-22,130.830322265625,4.0243096351623535,3.722117913405279,0.0,GREEN
2017-05-23,130.9621124267578,4.034238815307617,3.72224759672298,0.0,GREEN
2017-05-24,131.5644989013672,4.089839458465576,3.722382454342411,0.0,GREEN
2017-05-25,132.68455505371094,4.1974687576293945,3.7225161351366443,0.0,GREEN
2017-05-26,132.91989135742188,4.215339183807373,3.722650263891498,0.0,GREEN
2017-05-30,133.03285217285156,4.224075794219971,3.722784692932679,0.0,GREEN
2017-05-31,132.98574829101562,4.218912124633789,3.7229191268282427,0.0,GREEN
2017-06-01,133.50341796875,4.269350528717041,3.723059474968168,0.0,GREEN
2017-06-02,135.0282745361328,4.415102958679199,3.723199532921888,0.0,GREEN
2017-06-05,135.0,4.411529541015625,3.723340334873817,0.0,GREEN
2017-06-06,134.46353149414062,4.3614888191223145,3.723480403393219,0.0,GREEN
2017-06-07,134.99061584472656,4.409147262573242,3.7236219547520455,0.0,GREEN
2017-06-08,135.13182067871094,4.4210615158081055,3.7237657279315965,0.0,GREEN
2017-06-09,131.7527618408203,4.101356506347656,3.7239095066623897,0.0,GREEN
2017-06-12,131.04685974121094,4.027089595794678,3.7240543253682454,0.0,GREEN
2017-06-13,132.1104736328125,4.121213436126709,3.7241981152421064,0.0,GREEN
2017-06-14,131.53628540039062,4.066009998321533,3.72434338852284,0.0,GREEN
2017-06-15,130.95274353027344,4.011203765869141,3.724488667470384,0.0,GREEN
2017-06-16,130.3845672607422,3.963149309158325,3.724635430055244,0.0,GREEN
2017-06-19,132.56471252441406,4.154972076416016,3.7247810160057155,0.0,GREEN
2017-06-20,131.52655029296875,4.060847759246826,3.7249266076467493,0.0,GREEN
2017-06-21,132.82899475097656,4.1788010597229,3.7250733874885373,0.0,GREEN
2017-06-22,132.79119873046875,4.174035549163818,3.7252164776083605,0.0,GREEN
2017-06-23,133.30087280273438,4.220897674560547,3.7253543993178213,0.0,GREEN
2017-06-26,132.67799377441406,4.164900779724121,3.7254923261336694,0.0,GREEN
2017-06-27,130.2713165283203,3.935746669769287,3.7256302580560936,0.0,GREEN
2017-06-28,132.14942932128906,4.100959300994873,3.7257766221033553,0.0,GREEN
2017-06-29,129.85601806640625,3.8920586109161377,3.725922252659945,0.0,GREEN
2017-06-30,129.90321350097656,3.878556489944458,3.7260705502828655,0.0,GREEN
2017-07-03,128.5347442626953,3.7729146480560303,3.7262173752014394,0.0,GREEN
2017-07-05,129.79940795898438,3.880542516708374,3.726365240970296,0.0,GREEN
2017-07-06,128.62913513183594,3.778076887130737,3.726516070036753,0.0,GREEN
2017-07-07,130.01646423339844,3.8912646770477295,3.7266651306819516,0.0,GREEN
2017-07-10,130.86590576171875,3.97268009185791,3.7268141972895763,0.0,GREEN
2017-07-11,131.23399353027344,4.005247116088867,3.726964009306422,0.0,GREEN
2017-07-12,132.79119873046875,4.147822856903076,3.727116785250596,0.0,GREEN
2017-07-13,133.0837860107422,4.175226211547852,3.7272680884441844,0.0,GREEN
2017-07-14,134.13143920898438,4.273321628570557,3.7274179187067342,0.0,GREEN
2017-07-17,134.19747924804688,4.275705814361572,3.72756701542588,0.0,GREEN
2017-07-18,135.09405517578125,4.360694408416748,3.727717893135588,0.0,GREEN
2017-07-19,135.8868865966797,4.440522193908691,3.727871735455693,0.0,GREEN
2017-07-20,136.06614685058594,4.457202434539795,3.7280322410499465,0.0,GREEN
2017-07-21,136.00955200195312,4.450451850891113,3.7281968958124794,0.0,GREEN
2017-07-24,136.63241577148438,4.508434295654297,3.7283652564517693,0.0,GREEN
2017-07-25,136.2832489013672,4.478250503540039,3.728535400100818,0.0,GREEN
2017-07-26,136.72679138183594,4.518362998962402,3.728704515814596,0.0,GREEN
2017-07-27,135.86801147460938,4.437740802764893,3.7288665369079097,0.0,GREEN
2017-07-28,135.75474548339844,4.423443794250488,3.7290260495245096,0.0,GREEN
2017-07-31,135.17897033691406,4.365858554840088,3.7291818695376273,0.0,GREEN
2017-08-01,135.490478515625,4.39445161819458,3.7293376960617954,0.0,GREEN
2017-08-02,135.8585662841797,4.426621913909912,3.7294942690445363,0.0,GREEN
2017-08-03,135.33001708984375,4.380551338195801,3.729649664632023,0.0,GREEN
2017-08-04,135.5753936767578,4.397629737854004,3.7298062507124916,0.0,GREEN
2017-08-07,136.43426513671875,4.475471496582031,3.7299621033268724,0.0,GREEN
2017-08-08,136.1982879638672,4.458791732788086,3.7301150021691063,0.0,GREEN
2017-08-09,136.01901245117188,4.4413161277771,3.730267463214563,0.0,GREEN
2017-08-10,133.10269165039062,4.152985572814941,3.7304191903598354,0.0,GREEN
2017-08-11,134.112548828125,4.247905254364014,3.7305698874535134,0.0,GREEN
2017-08-14,135.83969116210938,4.413118362426758,3.730719850443144,0.0,GREEN
2017-08-15,135.93405151367188,4.4210615158081055,3.7308683390180755,0.0,GREEN
2017-08-16,136.16995239257812,4.444096565246582,3.7310175737540363,0.0,GREEN
2017-08-17,133.38584899902344,4.170856475830078,3.731163409165287,0.0,GREEN
2017-08-18,133.29144287109375,4.156163692474365,3.7313082138382634,0.0,GREEN
2017-08-21,133.12159729003906,4.148616790771484,3.7314545048074907,0.0,GREEN
2017-08-22,135.15069580078125,4.333291053771973,3.731597395819367,0.0,GREEN
2017-08-23,134.6693572998047,4.284840106964111,3.731744734685503,0.0,GREEN
2017-08-24,134.27297973632812,4.249096393585205,3.731889858094677,0.0,GREEN
2017-08-25,133.98983764648438,4.220501899719238,3.7320376527841397,0.0,GREEN
2017-08-28,134.40512084960938,4.257437229156494,3.732185009033438,0.0,GREEN
2017-08-29,134.93359375,4.309859275817871,3.732333852125354,0.0,GREEN
2017-08-30,136.5191650390625,4.459186553955078,3.7324834416949986,0.0,GREEN
2017-08-31,137.98207092285156,4.585877418518066,3.732631259892257,0.0,GREEN
2017-09-01,137.79331970214844,4.582701206207275,3.7327761215318205,0.0,GREEN
2017-09-05,136.55690002441406,4.459982872009277,3.73292202567996,0.0,GREEN
2017-09-06,136.97222900390625,4.49850606918335,3.7330676392624307,0.0,GREEN
2017-09-07,137.2930908203125,4.52630615234375,3.7332214060943065,0.0,GREEN
2017-09-08,136.10389709472656,4.414708614349365,3.733372957106432,0.0,GREEN
2017-09-11,137.6706085205078,4.555298328399658,3.733524069818537,0.0,GREEN
2017-09-12,138.00096130371094,4.593820095062256,3.733675188647108,0.0,GREEN
2017-09-13,138.18972778320312,4.612883567810059,3.733826017272781,0.0,GREEN
2017-09-14,137.37803649902344,4.5350446701049805,3.733976851991452,0.0,GREEN
2017-09-15,137.84996032714844,4.57158088684082,3.7341291745387997,0.0,GREEN
2017-09-18,137.66929626464844,4.560461521148682,3.734278836063826,0.0,GREEN
2017-09-19,137.90573120117188,4.579922199249268,3.7344270217319235,0.0,GREEN
2017-09-20,137.48011779785156,4.541794776916504,3.7345778807292667,0.0,GREEN
2017-09-21,136.6383514404297,4.4544219970703125,3.7347290422120882,0.0,GREEN
2017-09-22,136.50587463378906,4.443302154541016,3.7348784313761794,0.0,GREEN
2017-09-25,135.06817626953125,4.30390214920044,3.7350270854692362,0.0,GREEN
2017-09-26,135.4181365966797,4.333291053771973,3.735175004402866,0.0,GREEN
2017-09-27,136.6383514404297,4.450847148895264,3.735329599143559,0.0,GREEN
2017-09-28,136.59103393554688,4.443302154541016,3.7354834591466384,0.0,GREEN
2017-09-29,137.57470703125,4.537426471710205,3.7356361396171165,0.0,GREEN
2017-10-02,137.69769287109375,4.550134181976318,3.735788529852864,0.0,GREEN
2017-10-03,137.9908905029297,4.578729629516602,3.735938702623638,0.0,GREEN
2017-10-04,138.12330627441406,4.590643405914307,3.736092142958262,0.0,GREEN
2017-10-05,139.47584533691406,4.722894668579102,3.7362467756583,0.0,GREEN
2017-10-06,139.6650390625,4.739972114562988,3.7364014147584137,0.0,GREEN
2017-10-09,139.5042266845703,4.728057861328125,3.736556060258868,0.0,GREEN
2017-10-10,139.60829162597656,4.737985610961914,3.7367110087081783,0.0,GREEN
2017-10-11,140.0244140625,4.779290676116943,3.7368674464033442,0.0,GREEN
2017-10-12,139.76910400390625,4.753474235534668,3.737025818398563,0.0,GREEN
2017-10-13,140.3081817626953,4.8066935539245605,3.737181972687729,0.0,GREEN
2017-10-16,140.79055786132812,4.85633659362793,3.7373376885961864,0.0,GREEN
2017-10-17,140.9702911376953,4.873413562774658,3.737494152527354,0.0,GREEN
2017-10-18,140.80003356933594,4.854748249053955,3.737653292648567,0.0,GREEN
2017-10-19,140.27984619140625,4.8011322021484375,3.7378116979486973,0.0,GREEN
2017-10-20,140.65821838378906,4.836082935333252,3.737969664999181,0.0,GREEN
2017-10-23,139.74069213867188,4.745930194854736,3.7381291220455353,0.0,GREEN
2017-10-24,139.97715759277344,4.770154476165772,3.7382878442025453,0.0,GREEN
2017-10-25,139.44749450683594,4.71217155456543,3.738450726751685,0.0,GREEN
2017-10-26,139.00296020507812,4.668484687805176,3.7386113911139978,0.0,GREEN
2017-10-27,143.05120849609375,5.070796966552734,3.7387716173228407,0.0,GREEN
2017-10-30,143.3728485107422,5.106938362121582,3.738930811837691,0.0,GREEN
2017-10-31,143.9119110107422,5.160949230194092,3.7390903098853507,0.0,GREEN
2017-11-01,143.86463928222656,5.154199600219727,3.7392569368105204,0.0,GREEN
2017-11-02,143.59033203125,5.127987384796143,3.739425796907222,0.0,GREEN
2017-11-03,144.97129821777344,5.270960330963135,3.739594664629432,0.0,GREEN
2017-11-06,145.46315002441406,5.324574947357178,3.739765023942215,0.0,GREEN
2017-11-07,145.5482635498047,5.333312511444092,3.739936875048135,0.0,GREEN
2017-11-08,146.13467407226562,5.400032997131348,3.74011318635258,0.0,GREEN
2017-11-09,145.3685760498047,5.3134541511535645,3.7402905449023365,0.0,GREEN
2017-11-10,145.3590850830078,5.311866760253906,3.7404690992410856,0.0,GREEN
2017-11-13,145.53878784179688,5.327751636505127,3.740647216824318,0.0,GREEN
2017-11-14,145.0091094970703,5.274137496948242,3.7408231162980443,0.0,GREEN
2017-11-15,144.32806396484375,5.196692943572998,3.7410071885480396,0.0,GREEN
2017-11-16,146.17251586914062,5.391296863555908,3.7411897853303118,0.0,GREEN
2017-11-17,145.6144561767578,5.330929279327393,3.7413723910250463,0.0,GREEN
2017-11-20,145.5009765625,5.317824363708496,3.7415564903028455,0.0,GREEN
2017-11-21,147.0805206298828,5.48542070388794,3.7417405986394985,0.0,GREEN
2017-11-22,147.26025390625,5.507264137268066,3.741930358340862,0.0,GREEN
2017-11-24,147.7993927001953,5.56921911239624,3.7421181973031548,0.0,GREEN
2017-11-27,147.73316955566406,5.560083866119385,3.742302333279359,0.0,GREEN
2017-11-28,148.1114959716797,5.600991249084473,3.742483953753136,0.0,GREEN
2017-11-29,145.5293426513672,5.313058376312256,3.7426718205050395,0.0,GREEN
2017-11-30,146.74949645996094,5.444911479949951,3.7428586570610265,0.0,GREEN
2017-12-01,146.12525939941406,5.372233867645264,3.743042532424102,0.0,GREEN
2017-12-04,144.4416046142578,5.186764240264893,3.7432259712170026,0.0,GREEN
2017-12-05,144.53614807128906,5.194310188293457,3.743410904405575,0.0,GREEN
2017-12-06,145.18882751464844,5.263017177581787,3.743601491554852,0.0,GREEN
2017-12-07,145.68067932128906,5.315043926239014,3.7437891172979745,0.0,GREEN
2017-12-08,146.32382202148438,5.385340213775635,3.7439763067524225,0.0,GREEN
2017-12-11,147.4589080810547,5.508852481842041,3.744162465577459,0.0,GREEN
2017-12-12,147.26025390625,5.488201141357422,3.7443501194360653,0.0,GREEN
2017-12-13,147.54400634765625,5.515604972839356,3.7445447661996454,0.0,GREEN
2017-12-14,147.43997192382812,5.507659912109375,3.74473392514784,0.0,GREEN
2017-12-15,149.11416625976562,5.686775207519531,3.744924579655673,0.0,GREEN
2017-12-18,150.3643035888672,5.832925319671631,3.745115541082651,0.0,GREEN
2017-12-19,149.4733428955078,5.738007545471191,3.7453109707314933,0.0,GREEN
2017-12-20,149.3122100830078,5.714178085327148,3.745512058267655,0.0,GREEN
2017-12-21,149.3312225341797,5.711398124694824,3.7457127107028914,0.0,GREEN
2017-12-22,149.1605987548828,5.69233512878418,3.74590891470982,0.0,GREEN
2017-12-26,148.3549346923828,5.600196361541748,3.746101858745103,0.0,GREEN
2017-12-27,148.3738555908203,5.600196361541748,3.746295555992004,0.0,GREEN
2017-12-28,148.553955078125,5.615288257598877,3.7465048728219346,0.0,GREEN
2017-12-29,147.63455200195312,5.509249210357666,3.746708551857396,0.0,GREEN
2018-01-02,150.22218322753906,5.792019844055176,3.7469100117843492,0.0,GREEN
2018-01-03,151.68179321289062,5.961601257324219,3.7471149023428754,0.0,GREEN
2018-01-04,151.94720458984375,5.996551513671875,3.7473186145426407,0.0,GREEN
2018-01-05,153.4732208251953,6.177651882171631,3.747522337817236,0.0,GREEN
2018-01-08,154.07034301757812,6.2463579177856445,3.7477260721672634,0.0,GREEN
2018-01-09,154.07981872558594,6.251123428344727,3.7479313047847924,0.0,GREEN
2018-01-10,153.71961975097656,6.2066426277160645,3.7481417540964315,0.0,GREEN
2018-01-11,154.771728515625,6.33095121383667,3.748349240512125,0.0,GREEN
2018-01-12,155.90914916992188,6.465187072753906,3.748557928368225,0.0,GREEN
2018-01-16,155.4636688232422,6.4151458740234375,3.7487676691044896,0.0,GREEN
2018-01-17,157.1413116455078,6.617294788360596,3.748975190169049,0.0,GREEN
2018-01-18,157.1697235107422,6.623649597167969,3.7491856980956793,0.0,GREEN
2018-01-19,157.66259765625,6.687192440032959,3.7493947300718125,0.0,GREEN
2018-01-22,159.3497772216797,6.896092891693115,3.7496034761351287,0.0,GREEN
2018-01-23,160.6672821044922,7.070838451385498,3.7498102994993427,0.0,GREEN
2018-01-24,159.62460327148438,6.927468299865723,3.750020556717863,0.0,GREEN
2018-01-25,159.56776428222656,6.91873025894165,3.7502303792916645,0.0,GREEN
2018-01-26,162.01316833496094,7.227714061737059,3.75043768369418,0.0,GREEN
2018-01-29,161.22647094726562,7.13200044631958,3.7506442554222708,0.0,GREEN
2018-01-30,159.89952087402344,6.949709892272949,3.7508489036703345,0.0,GREEN
2018-01-31,160.56301879882812,7.035492897033691,3.7510610052381472,0.0,GREEN
2018-02-01,159.19813537597656,6.859555721282959,3.751273863057224,0.0,GREEN
2018-02-02,156.02284240722656,6.440564155578613,3.751490156737121,0.0,GREEN
2018-02-05,149.8714599609375,5.697100162506104,3.7517060162968887,0.0,GREEN
2018-02-06,153.84286499023438,6.136348247528076,3.751923079279597,0.0,GREEN
2018-02-07,151.85240173339844,5.893688201904297,3.7521446214095318,0.0,GREEN
2018-02-08,145.44509887695312,5.163332462310791,3.7523701967685694,0.0,GREEN
2018-02-09,147.9568328857422,5.406387805938721,3.7525957856889827,0.0,GREEN
2018-02-12,150.58230590820312,5.709013938903809,3.7528228772954786,0.0,GREEN
2018-02-13,151.35952758789062,5.7785162925720215,3.7530514718586283,0.0,GREEN
2018-02-14,154.1935577392578,6.116886615753174,3.7532852929303613,0.0,GREEN
2018-02-15,157.0560302734375,6.436592102050781,3.753516149756753,0.0,GREEN
2018-02-16,156.35467529296875,6.364707946777344,3.753748510271787,0.0,GREEN
2018-02-20,156.66741943359375,6.396479606628418,3.753982374770121,0.0,GREEN
2018-02-21,156.221923828125,6.338893890380859,3.754216700726616,0.0,GREEN
2018-02-22,156.2029571533203,6.340085983276367,3.7544562555125345,0.0,GREEN
2018-02-23,159.39720153808594,6.717774391174316,3.754695378622126,0.0,GREEN
2018-02-26,161.51084899902344,6.987437725067139,3.7549345169615824,0.0,GREEN
2018-02-27,159.51095581054688,6.737234115600586,3.7551741175510145,0.0,GREEN
2018-02-28,158.48728942871094,6.601805686950684,3.7554177568226965,0.0,GREEN
2018-03-01,155.89964294433594,6.284087657928467,3.7556588784911544,0.0,GREEN
2018-03-02,157.33091735839844,6.456847190856934,3.755895842687272,0.0,GREEN
2018-03-05,159.0748748779297,6.659393310546875,3.7561350574848573,0.0,GREEN
2018-03-06,159.74786376953125,6.743588447570801,3.7563772685748735,0.0,GREEN
2018-03-07,160.11752319335938,6.794025897979736,3.756622178411276,0.0,GREEN
2018-03-08,160.9990234375,6.895299434661865,3.7568681477170225,0.0,GREEN
2018-03-09,164.1268768310547,7.296816825866699,3.7571118968989943,0.0,GREEN
2018-03-12,164.99887084960938,7.406032562255859,3.757355661895645,0.0,GREEN
2018-03-13,162.75247192382812,7.137162685394287,3.7576006355217393,0.0,GREEN
2018-03-14,162.7240447998047,7.112936496734619,3.7578526333506694,0.0,GREEN
2018-03-15,162.5819091796875,7.081164360046387,3.7581088234708426,0.0,GREEN
2018-03-16,162.09854125976562,7.034300327301025,3.7583672680240805,0.0,GREEN
2018-03-19,158.63995361328125,6.592671871185303,3.7586264760575903,0.0,GREEN
2018-03-20,159.162109375,6.641124248504639,3.7588842104512055,0.0,GREEN
2018-03-21,158.4690399169922,6.545013427734375,3.7591464373759247,0.0,GREEN
2018-03-22,154.5576629638672,6.0668463706970215,3.759401522318437,0.0,GREEN
2018-03-23,150.48487854003906,5.57676362991333,3.7596525966296963,0.0,GREEN
2018-03-26,156.07662963867188,6.204260349273682,3.7599044336712386,0.0,GREEN
2018-03-27,151.02598571777344,5.609330177307129,3.760158824037142,0.0,GREEN
2018-03-28,149.28858947753906,5.415918827056885,3.7604174095685967,0.0,GREEN
2018-03-29,152.0228271484375,5.715767860412598,3.7606703424140915,0.0,GREEN
2018-04-02,147.63671875,5.208210468292236,3.760919561434347,0.0,GREEN
2018-04-03,149.2981414794922,5.382956027984619,3.761170737128931,0.0,GREEN
2018-04-04,151.65257263183594,5.637528419494629,3.761426407196197,0.0,GREEN
2018-04-05,152.5164794921875,5.726093292236328,3.7616753777986824,0.0,GREEN
2018-04-06,148.7000274658203,5.298761367797852,3.7619254097859227,0.0,GREEN
2018-04-09,149.74432373046875,5.404799461364746,3.7621762048054115,0.0,GREEN
2018-04-10,153.0481414794922,5.761836051940918,3.7624262700817472,0.0,GREEN
2018-04-11,152.1652069091797,5.664931774139404,3.7626793380470307,0.0,GREEN
2018-04-12,153.99749755859375,5.863506317138672,3.7629321243948484,0.0,GREEN
2018-04-13,153.2000274658203,5.776531219482422,3.763186719610467,0.0,GREEN
2018-04-16,154.36778259277344,5.904016017913818,3.763443273379866,0.0,GREEN
2018-04-17,157.6905517578125,6.281705379486084,3.7636990979254943,0.0,GREEN
2018-04-18,158.01333618164062,6.32539176940918,3.7639612126833875,0.0,GREEN
2018-04-19,156.56080627441406,6.153425216674805,3.764225586146668,0.0,GREEN
2018-04-20,154.08297729492188,5.858343124389648,3.764491920043151,0.0,GREEN
2018-04-23,153.6937255859375,5.812274932861328,3.764755583860017,0.0,GREEN
2018-04-24,150.4373779296875,5.441734790802002,3.7650219552559414,0.0,GREEN
2018-04-25,150.61773681640625,5.463180541992188,3.7652943217183257,0.0,GREEN
2018-04-26,153.78863525390625,5.801948547363281,3.7655655125679037,0.0,GREEN
2018-04-27,153.88357543945312,5.815450668334961,3.7658322401200564,0.0,GREEN
2018-04-30,152.79183959960938,5.691539764404297,3.7660967450007385,0.0,GREEN
2018-05-01,154.53868103027344,5.876611709594727,3.7663602223263153,0.0,GREEN
2018-05-02,153.6272735595703,5.774148941040039,3.7666307426353187,0.0,GREEN
2018-05-03,153.60826110839844,5.774544715881348,3.766897545641266,0.0,GREEN
2018-05-04,156.52285766601562,6.0994133949279785,3.76716481598908,0.0,GREEN
2018-05-07,157.82347106933594,6.244372367858887,3.767432852752985,0.0,GREEN
2018-05-08,157.66207885742188,6.223720550537109,3.7677009085879183,0.0,GREEN
2018-05-09,159.38046264648438,6.432223796844482,3.7679752630050207,0.0,GREEN
2018-05-10,161.0323486328125,6.632385730743408,3.7682511326267685,0.0,GREEN
2018-05-11,160.88050842285156,6.612529277801514,3.768527022446114,0.0,GREEN
2018-05-14,161.15579223632812,6.641917705535889,3.768805175633243,0.0,GREEN
2018-05-15,159.37094116210938,6.427060604095459,3.7690826015726353,0.0,GREEN
2018-05-16,160.42471313476562,6.545411109924316,3.7693630392662048,0.0,GREEN
2018-05-17,159.8076629638672,6.471541404724121,3.7696420020481165,0.0,GREEN
2018-05-18,158.98171997070312,6.367884635925293,3.7699206863014036,0.0,GREEN
2018-05-21,159.87405395507812,6.4790873527526855,3.7701981943547764,0.0,GREEN
2018-05-22,159.6652374267578,6.445329189300537,3.770476919726567,0.0,GREEN
2018-05-23,161.01339721679688,6.60736608505249,3.7707601543628453,0.0,GREEN
2018-05-24,160.96592712402344,6.601805686950684,3.7710404176115047,0.0,GREEN
2018-05-25,161.1272735595703,6.618486404418945,3.7713187563111354,0.0,GREEN
2018-05-29,160.4152374267578,6.533893585205078,3.771596067970837,0.0,GREEN
2018-05-30,161.56402587890625,6.673293113708496,3.771871454355399,0.0,GREEN
2018-05-31,161.45960998535156,6.658997058868408,3.772152548588352,0.0,GREEN
2018-06-01,163.99440002441406,6.968771934509277,3.7724324662583455,0.0,GREEN
2018-06-04,165.47543334960938,7.147488117218018,3.77271210530446,0.0,GREEN
2018-06-05,165.98805236816406,7.221358776092529,3.77299131594384,0.0,GREEN
2018-06-06,166.95640563964844,7.340502738952637,3.773276236676517,0.0,GREEN
2018-06-07,165.59884643554688,7.170125961303711,3.7735607297225378,0.0,GREEN
2018-06-08,165.6083526611328,7.165360927581787,3.773842998053472,0.0,GREEN
2018-06-11,166.05450439453125,7.221358776092529,3.774124538720866,0.0,GREEN
2018-06-12,166.92799377441406,7.33573579788208,3.7744043031952113,0.0,GREEN
2018-06-13,166.91844177246094,7.32739782333374,3.7746870839637676,0.0,GREEN
2018-06-14,168.60838317871094,7.550198078155518,3.774970934438058,0.0,GREEN
2018-06-15,168.01974487304688,7.475136756896973,3.7752530086575327,0.0,GREEN
2018-06-18,167.9226837158203,7.458456516265869,3.775535853011642,0.0,GREEN
2018-06-19,167.4469757080078,7.391735553741455,3.775817969443088,0.0,GREEN
2018-06-20,168.63621520996094,7.5466227531433105,3.776102354463453,0.0,GREEN
2018-06-21,167.1710662841797,7.351226329803467,3.7763852624510896,0.0,GREEN
2018-06-22,166.79998779296875,7.277355670928955,3.7766684913436297,0.0,GREEN
2018-06-25,163.0419921875,6.812691688537598,3.7769487441252494,0.0,GREEN
2018-06-26,163.7079620361328,6.887752532958984,3.7772264697677955,0.0,GREEN
2018-06-27,161.48165893554688,6.611338138580322,3.777510211423847,0.0,GREEN
2018-06-28,162.8707733154297,6.773374557495117,3.777792025677,0.0,GREEN
2018-06-29,163.30838012695312,6.804351806640625,3.778073860954391,0.0,GREEN
2018-07-02,164.40249633789062,6.95685625076294,3.7783557172575883,0.0,GREEN
2018-07-03,162.49969482421875,6.717377185821533,3.7786398436072766,0.0,GREEN
2018-07-05,164.5166473388672,6.9640069007873535,3.7789296892699262,0.0,GREEN
2018-07-06,167.07591247558594,7.277355670928955,3.779216108142163,0.0,GREEN
2018-07-09,168.57913208007812,7.479902267456055,3.779501798879381,0.0,GREEN
2018-07-10,168.70285034179688,7.497773170471191,3.779789011014329,0.0,GREEN
2018-07-11,167.84657287597656,7.3881611824035645,3.780079244804806,0.0,GREEN
2018-07-12,170.7388458251953,7.752744674682617,3.780367250836068,0.0,GREEN
2018-07-13,170.88156127929688,7.775380611419678,3.7806564789296657,0.0,GREEN
2018-07-16,170.47239685058594,7.722956657409668,3.780945729151508,0.0,GREEN
2018-07-17,171.5094757080078,7.865930557250977,3.7812365018771463,0.0,GREEN
2018-07-18,171.1859893798828,7.81588888168335,3.7815328487891047,0.0,GREEN
2018-07-19,170.3297119140625,7.700320243835449,3.7818269680164014,0.0,GREEN
2018-07-20,170.2917022705078,7.689596652984619,3.7821193092370593,0.0,GREEN
2018-07-23,170.83401489257812,7.756316661834717,3.7824094217968103,0.0,GREEN
2018-07-24,171.53805541992188,7.85520601272583,3.782697605365363,0.0,GREEN
2018-07-25,173.93557739257812,8.182854652404785,3.7829918151848396,0.0,GREEN
2018-07-26,171.30014038085938,7.825421333312988,3.7832849970429288,0.0,GREEN
2018-07-27,168.98825073242188,7.498965740203857,3.7835770005952183,0.0,GREEN
2018-07-30,166.60025024414062,7.176083087921143,3.783869026685084,0.0,GREEN
2018-07-31,167.8751220703125,7.319056987762451,3.7841610753142656,0.0,GREEN
2018-08-01,168.51254272460938,7.419137954711914,3.7844591530836555,0.0,GREEN
2018-08-02,170.80538940429688,7.714617729187012,3.784756203098514,0.0,GREEN
2018-08-03,171.32867431640625,7.783721923828125,3.785051323974126,0.0,GREEN
2018-08-06,172.3372039794922,7.926694869995117,3.785345716860609,0.0,GREEN
2018-08-07,172.9651336669922,8.004137992858887,3.7856413343438056,0.0,GREEN
2018-08-08,173.17440795898438,8.025585174560547,3.7859429838441807,0.0,GREEN
2018-08-09,173.06976318359375,8.018437385559082,3.786244657380753,0.0,GREEN
2018-08-10,171.74732971191406,7.831380367279053,3.786545904244696,0.0,GREEN
2018-08-13,171.5570068359375,7.808741569519043,3.786846423760906,0.0,GREEN
2018-08-14,172.6321258544922,7.952907085418701,3.78714621577017,0.0,GREEN
2018-08-15,170.52003479003906,7.663384914398193,3.787451742287145,0.0,GREEN
2018-08-16,171.08135986328125,7.733681678771973,3.787755339606478,0.0,GREEN
2018-08-17,171.119384765625,7.732490062713623,3.788058209741663,0.0,GREEN
2018-08-20,170.9671630859375,7.717000007629394,3.788358097683984,0.0,GREEN
2018-08-21,171.59512329101562,7.79682731628418,3.788657708707964,0.0,GREEN
2018-08-22,172.26109313964844,7.887375831604004,3.7889636578652017,0.0,GREEN
2018-08-23,172.0137481689453,7.84805965423584,3.789269631729049,0.0,GREEN
2018-08-24,173.61209106445312,8.066093444824219,3.7895753295517633,0.0,GREEN
2018-08-27,175.3816680908203,8.309148788452148,3.7898833077519045,0.0,GREEN
2018-08-28,175.63858032226562,8.346083641052246,3.790193115664488,0.0,GREEN
2018-08-29,177.6650390625,8.63798999786377,3.790505656202369,0.0,GREEN
2018-08-30,177.35110473632812,8.58913803100586,3.7908185233244205,0.0,GREEN
2018-08-31,177.57940673828125,8.614160537719727,3.7911281068503575,0.0,GREEN
2018-09-04,176.81832885742188,8.511695861816406,3.7914372643310186,0.0,GREEN
2018-09-05,174.5349578857422,8.173324584960938,3.791748402924635,0.0,GREEN
2018-09-06,172.97467041015625,7.950523853302002,3.7920628772832328,0.0,GREEN
2018-09-07,172.30870056152344,7.871887683868408,3.7923758729378134,0.0,GREEN
2018-09-10,172.88900756835938,7.9409918785095215,3.792690098376183,0.0,GREEN
2018-09-11,174.220947265625,8.117325782775879,3.793003597315276,0.0,GREEN
2018-09-12,173.7072296142578,8.04703140258789,3.79332088508254,0.0,GREEN
2018-09-13,175.56239318847656,8.285319328308105,3.793637747802201,0.0,GREEN
2018-09-14,175.04873657226562,8.222174644470215,3.7939528304831582,0.0,GREEN
2018-09-17,172.52749633789062,7.875463008880615,3.7942694448688834,0.0,GREEN
2018-09-18,173.95455932617188,8.062519073486328,3.7945868385253023,0.0,GREEN
2018-09-19,173.82130432128906,8.044649124145508,3.7949068185662496,0.0,GREEN
2018-09-20,175.74317932128906,8.297233581542969,3.795226072614705,0.0,GREEN
2018-09-21,174.7823028564453,8.164982795715332,3.7955450523344516,0.0,GREEN
2018-09-24,175.2683868408203,8.235279083251953,3.795864811929347,0.0,GREEN
2018-09-25,175.50669860839844,8.26863956451416,3.7961845984627187,0.0,GREEN
2018-09-26,175.6305694580078,8.260300636291504,3.7965111908493974,0.0,GREEN
2018-09-27,177.117431640625,8.489057540893555,3.796836606107258,0.0,GREEN
2018-09-28,177.07933044433594,8.4759521484375,3.797159035898345,0.0,GREEN
2018-10-01,177.4414825439453,8.524802207946777,3.797482999878079,0.0,GREEN
2018-10-02,177.04116821289062,8.4759521484375,3.7978077449477645,0.0,GREEN
2018-10-03,177.23184204101562,8.500971794128418,3.7981355319185646,0.0,GREEN
2018-10-04,173.82920837402344,8.016053199768066,3.7984625936008674,0.0,GREEN
2018-10-05,171.7037811279297,7.714617729187012,3.7987896834468162,0.0,GREEN
2018-10-08,170.6553192138672,7.576409816741943,3.7991160477134724,0.0,GREEN
2018-10-09,171.20816040039062,7.634791374206543,3.799442440018963,0.0,GREEN
2018-10-10,163.67849731445312,6.644698143005371,3.799771875793329,0.0,GREEN
2018-10-11,161.64837646484375,6.375432014465332,3.8001066176057487,0.0,GREEN
2018-10-12,166.1470489501953,6.91396427154541,3.8004406349006628,0.0,GREEN
2018-10-15,164.13600158691406,6.65303897857666,3.800775133991208,0.0,GREEN
2018-10-16,168.91114807128906,7.226123809814453,3.8011114724285613,0.0,GREEN
2018-10-17,168.9778289794922,7.249952793121338,3.801452365757587,0.0,GREEN
2018-10-18,165.0605010986328,6.74716329574585,3.801793289658792,0.0,GREEN
2018-10-19,164.90806579589844,6.719759941101074,3.802133489829557,0.0,GREEN
2018-10-22,165.75628662109375,6.821033477783203,3.8024744748156984,0.0,GREEN
2018-10-23,165.1462860107422,6.745970249176025,3.802815188584448,0.0,GREEN
2018-10-24,157.58816528320312,5.828557014465332,3.8031607618636856,0.0,GREEN
2018-10-25,163.03993225097656,6.426662921905518,3.80350561196953,0.0,GREEN
2018-10-26,158.84620666503906,5.927447319030762,3.803849738663437,0.0,GREEN
2018-10-29,155.5770263671875,5.610522270202637,3.8041928398722957,0.0,GREEN
2018-10-30,158.14089965820312,5.827366352081299,3.8045340095461784,0.0,GREEN
2018-10-31,161.85801696777344,6.22054386138916,3.804878682209463,0.0,GREEN
2018-11-01,163.99302673339844,6.492193222045898,3.8052226311809223,0.0,GREEN
2018-11-02,161.4386749267578,6.201479911804199,3.805565403216644,0.0,GREEN
2018-11-05,161.03836059570312,6.140716552734375,3.8059086591757225,0.0,GREEN
2018-11-06,162.2583770751953,6.270583629608154,3.8062511909380525,0.0,GREEN
2018-11-07,167.34800720214844,6.8472442626953125,3.806600097288579,0.0,GREEN
2018-11-08,166.28050231933594,6.730482578277588,3.806949035622187,0.0,GREEN
2018-11-09,163.47833251953125,6.3885369300842285,3.8072969484605754,0.0,GREEN
2018-11-12,158.5316925048828,5.827366352081299,3.8076444398415243,0.0,GREEN
2018-11-13,158.6651153564453,5.824982166290283,3.8079919629379555,0.0,GREEN
2018-11-14,157.4546661376953,5.677243232727051,3.8083387622175375,0.0,GREEN
2018-11-15,160.20913696289062,5.981063365936279,3.8086901268129245,0.0,GREEN
2018-11-16,159.64683532714844,5.915533065795898,3.8090392567325675,0.0,GREEN
2018-11-19,154.4619140625,5.348404407501221,3.8093869071337125,0.0,GREEN
2018-11-20,151.69786071777344,5.051734924316406,3.8097345892648535,0.0,GREEN
2018-11-21,152.85108947753906,5.164920806884766,3.8100875944399037,0.0,GREEN
2018-11-23,151.74551391601562,5.050542831420898,3.8104429002130615,0.0,GREEN
2018-11-26,155.2529296875,5.397253513336182,3.8107979367257068,0.0,GREEN
2018-11-27,155.7772216796875,5.45325231552124,3.811152250190731,0.0,GREEN
2018-11-28,160.79054260253906,5.970339775085449,3.8115081089590324,0.0,GREEN
2018-11-29,160.26632690429688,5.915533065795898,3.811861278466168,0.0,YELLOW
2018-11-30,161.42916870117188,6.0394439697265625,3.812210699074705,0.0,YELLOW
2018-12-03,164.25033569335938,6.349218845367432,3.8125598491789883,0.0,YELLOW
2018-12-04,157.9503173828125,5.651032447814941,3.8129060054227244,0.0,YELLOW
2018-12-06,159.0654296875,5.733242034912109,3.8132638436266606,0.0,YELLOW
2018-12-07,153.8137969970703,5.172070503234863,3.8136198995608033,0.0,YELLOW
2018-12-10,155.424560546875,5.334107398986816,3.8139740213956306,0.0,YELLOW
2018-12-11,155.93919372558594,5.391296863555908,3.814326662632887,0.0,YELLOW
2018-12-12,157.31166076660156,5.527120590209961,3.814685390956456,0.0,YELLOW
2018-12-13,157.3593292236328,5.528312206268311,3.8150449099169137,0.0,YELLOW
2018-12-14,153.52780151367188,5.1113057136535645,3.8154026460598485,0.0,YELLOW
2018-12-17,150.04888916015625,4.781276226043701,3.8157611727893053,0.0,RED
2018-12-18,150.99253845214844,4.86110258102417,3.8161154934566395,0.0,RED
2018-12-19,147.28488159179688,4.509625911712647,3.8164680298507183,0.0,RED
2018-12-20,145.14991760253906,4.328524112701416,3.8168221132824423,0.0,RED
2018-12-21,140.6512451171875,3.910327911376953,3.8171757751784785,0.0,RED
2018-12-24,137.16336059570312,3.620806455612183,3.8175287124508968,0.0,RED
2018-12-26,145.7277374267578,4.278298854827881,3.817882136826888,0.0,RED
2018-12-27,146.29164123535156,4.339145660400391,3.8182427146015927,0.0,RED
2018-12-28,146.2152099609375,4.321249485015869,3.8185984778588637,0.0,RED
2018-12-31,147.44827270507812,4.419079780578613,3.818951243633413,0.0,RED
2019-01-02,148.04086303710938,4.48231315612793,3.8192997987000106,0.0,RED
2019-01-03,143.20428466796875,4.04803991317749,3.819658236956374,0.0,RED
2019-01-04,149.3312530517578,4.565825939178467,3.820015193115933,0.0,RED
2019-01-07,151.109130859375,4.711378574371338,3.8203726374007894,0.0,RED
2019-01-08,152.4759521484375,4.847387790679932,3.8207293571044247,0.0,RED
2019-01-09,153.71856689453125,4.961920738220215,3.8210932361052747,0.0,RED
2019-01-10,154.15821838378906,5.0096435546875,3.821455633455875,0.0,RED
2019-01-11,153.5943145751953,4.949991226196289,3.821815790484822,0.0,RED
2019-01-14,152.23703002929688,4.821140766143799,3.821697451240107,0.25003125390673836,RED
2019-01-15,155.20965576171875,5.088384628295898,3.874933253379896,0.26026543540954633,RED
2019-01-16,155.18096923828125,5.095542907714844,3.876623073883791,0.26051796441423347,RED
2019-01-17,156.40447998046875,5.214848041534424,3.90053800500184,0.26498295169862196,RED
2019-01-18,157.95289611816406,5.358015537261963,3.9291815401686945,0.2702730005390792,RED
2019-01-22,154.7891082763672,5.062137603759766,3.870806073030823,0.25919900027206566,RED
2019-01-23,154.9898223876953,5.066911220550537,3.8720190341771827,0.25936215192339507,RED
2019-01-24,155.99346923828125,5.1563897132873535,3.890021326372818,0.2627208500140899,RED
2019-01-25,157.85731506347656,5.3401198387146,3.926698731222279,0.26954061232644827,RED
2019-01-28,155.90744018554688,5.143265247344971,3.887947383943826,0.2621919374814046,RED
2019-01-29,154.4355010986328,4.997712135314941,3.8593645165188284,0.25665884017938073,RED
2019-01-30,158.36395263671875,5.3723320960998535,3.9338829405781928,0.2706712995478365,RED
2019-01-31,160.7344512939453,5.608558654785156,3.9809719982835277,0.2792305506818789,RED
2019-02-01,160.0557861328125,5.53697395324707,3.9670504447332258,0.27663399400346866,RED
2019-02-04,162.04396057128906,5.739795207977295,4.0075158182155795,0.2838715973797445,RED
2019-02-05,163.47772216796875,5.8913116455078125,4.0378120992416395,0.28917895341701483,RED
2019-02-06,162.99024963378906,5.844782829284668,4.028230067330263,0.6000937548768999,RED
2019-02-07,160.8013458251953,5.606170654296875,3.929694784976383,0.5900278184676981,RED
2019-02-08,161.1167755126953,5.634805202484131,3.9416881683803555,0.5912370454390657,RED
2019-02-11,160.9638214111328,5.621681213378906,3.936411492004411,0.5906506938385307,RED
2019-02-12,163.34388732910156,5.8650641441345215,4.037222936371946,0.6008347313509592,RED
2019-02-13,163.4585723876953,5.876994609832764,4.042309271614016,0.6012993710187001,RED
2019-02-14,163.6593017578125,5.898470401763916,4.051343107132997,0.6021509479177639,RED
2019-02-15,164.34756469726562,5.968860626220703,4.08060724256341,0.6049669328590619,RED
2019-02-19,164.6725311279297,6.004652976989746,4.095562031689892,0.6063723648335857,GREEN
2019-02-20,164.6438446044922,5.999880313873291,4.093739937397951,0.6061600808967532,GREEN
2019-02-21,164.04165649414062,5.931876659393311,4.065767094646764,0.6034129277724024,GREEN
2019-02-22,165.25558471679688,6.060725688934326,4.119210391884854,0.6085211096525204,GREEN
2019-02-25,165.85775756835938,6.127537727355957,4.146995993987728,0.611107161151311,GREEN
2019-02-26,166.0298309326172,6.146625995635986,4.155043765358444,0.6118235373938496,GREEN
2019-02-27,165.9246368408203,6.127537727355957,4.147302748597985,0.6110619607040787,GREEN
2019-02-28,165.5423583984375,6.089359760284424,4.131666081391341,0.6095529157556929,GREEN
2019-03-01,166.6893310546875,6.2110514640808105,4.182148519226743,0.6142295002996792,GREEN
2019-03-04,166.71804809570312,6.212244987487793,4.182794386707324,0.6142526696822824,GREEN
2019-03-05,166.84226989746094,6.227753162384033,4.189360404545064,0.6148209563616287,GREEN
2019-03-06,165.89596557617188,6.120378494262695,4.145105511705519,0.6106715472391536,GREEN
2019-03-07,163.8600311279297,5.897277355194092,4.052988197444359,0.6017847936067565,GREEN
2019-03-08,163.6115264892578,5.863872051239014,4.039325648339052,0.6003999027390203,GREEN
2019-03-11,167.0143280029297,6.230140686035156,4.190962213728689,0.6148215811836106,GREEN
2019-03-12,167.93190002441406,6.331549167633057,4.233055720084036,0.6186157791842738,GREEN
2019-03-13,169.19361877441406,6.468750476837158,4.28995358574956,0.6236383309920481,GREEN
2019-03-14,168.90692138671875,6.440117835998535,4.2782645492259395,0.6225742767804002,GREEN
2019-03-15,170.47447204589844,6.599987506866455,4.34453729449495,0.6282964106952823,GREEN
2019-03-18,170.8804473876953,6.659640789031982,4.369362038564095,0.6303732395957988,GREEN
2019-03-19,171.45504760742188,6.726451873779297,4.3971469661179405,0.6326740954662194,GREEN
2019-03-20,172.13490295410156,6.804027080535889,4.429385071641994,0.6353127785733853,GREEN
2019-03-21,174.82569885253906,7.119106292724609,4.559851527036619,0.6457133572112166,GREEN
2019-03-22,170.98577880859375,6.653648853302002,4.367499585849317,0.6300746395404995,GREEN
2019-03-25,170.6602020263672,6.611877918243408,4.350377488189791,0.6285833571724695,GREEN
2019-03-26,171.45504760742188,6.702581882476807,4.388044550639616,0.6317366818352713,GREEN
2019-03-27,170.353759765625,6.5712995529174805,4.333902342592557,0.6271004882201453,GREEN
2019-03-28,170.7464141845703,6.613070964813232,4.351330884914909,0.6285590283162109,GREEN
2019-03-29,172.03915405273438,6.7622551918029785,4.413183279707134,0.6337304672836844,GREEN
2019-04-01,174.31817626953125,7.028401851654053,4.523406926594491,0.642622490126182,GREEN
2019-04-02,174.97891235351562,7.105978965759277,4.5556406922245705,0.645118429709584,GREEN
2019-04-03,175.984375,7.228907108306885,4.6066340012957845,0.6490137983450658,GREEN
2019-04-04,175.91734313964844,7.218163967132568,4.6023430518259465,0.6486534777831332,GREEN
2019-04-05,176.8270721435547,7.3267717361450195,4.647413694887041,0.6520281154010822,GREEN
2019-04-08,177.2771453857422,7.384057998657227,4.67125853644636,0.6537718089853078,GREEN
2019-04-09,176.6547088623047,7.302901744842529,4.637845294877597,0.6512446892198046,GREEN
2019-04-10,177.6027069091797,7.421056270599365,4.686864057249064,0.6548598474414592,GREEN
2019-04-11,177.181396484375,7.364963531494141,4.663816614660018,0.6531217254369172,GREEN
2019-04-12,177.9474334716797,7.455667018890381,4.701482062175986,0.655868412166333,GREEN
2019-04-15,177.97616577148438,7.461635112762451,4.704102860845119,0.6560277233655137,GREEN
2019-04-16,178.5889892578125,7.534436702728271,4.734364055940496,0.6581943243047502,GREEN
2019-04-17,179.21141052246094,7.609625816345215,4.765613865575151,0.6604036215651622,GREEN
2019-04-18,179.44126892089844,7.633495330810547,4.775638791116024,0.6610844898323402,GREEN
2019-04-22,179.9487762451172,7.697943687438965,4.802445576438689,0.6629446539234611,GREEN
2019-04-23,182.2373962402344,7.990345001220703,4.9235309889454975,0.6712029406294114,GREEN
2019-04-24,181.6628570556641,7.912770748138428,4.89160095864158,0.6690253236803289,GREEN
2019-04-25,182.4001922607422,8.001087188720703,4.9282799158071775,0.6714576575225324,GREEN
2019-04-26,182.56295776367188,8.029731750488281,4.940278838581975,0.672224860853594,GREEN
2019-04-29,182.917236328125,8.072698593139648,4.9582009378008,0.6733790637305953,GREEN
2019-04-30,181.50003051757807,7.887707233428955,4.880211791781107,0.0,GREEN
2019-05-01,180.91590881347656,7.797002792358398,4.880670376768086,0.0,GREEN
2019-05-02,180.13070678710938,7.701523780822754,4.881128036438352,0.0,GREEN
2019-05-03,183.0034637451172,8.06434154510498,4.881587675977014,0.0,GREEN
2019-05-06,181.88311767578125,7.919930458068848,4.8820463902534295,0.0,GREEN
2019-05-07,178.34007263183594,7.459248065948486,4.8825041789522565,0.0,GREEN
2019-05-08,177.88995361328125,7.393607139587402,4.882962979350858,0.0,GREEN
2019-05-09,176.9324188232422,7.276645183563232,4.883422210370789,0.0,GREEN
2019-05-10,177.15264892578125,7.296934127807617,4.883881484580302,0.0,GREEN
2019-05-13,171.0050048828125,6.542654514312744,4.884340801983458,0.0,GREEN
2019-05-14,172.8817901611328,6.747933864593506,4.884429926405604,0.1500112508438133,GREEN
2019-05-15,175.3236846923828,7.028401851654053,4.915271994517963,0.15526584371444171,GREEN
2019-05-16,177.08560180664062,7.248002052307129,4.939504320641251,0.15933157028261918,GREEN
2019-05-17,175.2757568359375,7.022433757781982,4.915396411412359,0.15513007464755904,GREEN
2019-05-20,172.3168487548828,6.670358180999756,4.87755051919761,0.14849583647321102,GREEN
2019-05-21,174.11712646484375,6.870862007141113,4.89970444301522,0.15226785894426123,GREEN
2019-05-22,173.3414764404297,6.781351566314697,4.89036906411301,0.1505710652640954,GREEN
2019-05-23,170.68896484375,6.461498260498047,4.856020461472157,0.14448395528332988,GREEN
2019-05-24,170.60276794433594,6.451951503753662,4.855363500210316,0.14429000333550748,GREEN
2019-05-28,169.961181640625,6.3827290534973145,4.848224259229187,0.14295212219151618,GREEN
2019-05-29,168.56312561035156,6.222803115844727,4.8312377298043945,0.13986033062715436,GREEN
2019-05-30,169.27174377441406,6.296798706054688,4.839651432240714,0.14127737764203321,GREEN
2019-05-31,166.57138061523438,5.993655204772949,4.807115776942524,0.1353860981913265,GREEN
2019-06-03,162.90386962890625,5.61054801940918,4.7658945548099005,0.12782851765266226,YELLOW
2019-06-04,167.4906768798828,6.065263748168945,4.8151321667157525,0.3500373208150075,GREEN
2019-06-05,168.73553466796875,6.198931694030762,4.8525621704959185,0.35499204007943286,GREEN
2019-06-06,170.0761260986328,6.342151165008545,4.892645231225546,0.360218269620073,GREEN
2019-06-07,173.36061096191406,6.703775405883789,4.9934170862605685,0.3730735719532274,GREEN
2019-06-10,175.38113403320312,6.94843864440918,5.061681707807452,0.38147428467088806,GREEN
2019-06-11,175.62046813964844,6.974694728851318,5.069253817173422,0.382343788878347,GREEN
2019-06-12,174.60548400878906,6.856540679931641,5.036694953427736,0.3782964630008101,GREEN
2019-06-13,175.6396484375,6.9687275886535645,5.068139591260486,0.3821006639538875,GREEN
2019-06-14,174.8927459716797,6.878024101257324,5.043199939320204,0.3789922938625566,GREEN
2019-06-17,175.94610595703125,7.0033392906188965,5.07828786941892,0.38323108057409816,GREEN
2019-06-18,178.50279235839844,7.306482791900635,5.1627941418933485,0.3932750813681113,GREEN
2019-06-19,179.1731414794922,7.39241361618042,5.186942941585269,0.39604785006973736,GREEN
2019-06-20,180.8393096923828,7.595304489135742,5.243588443498564,0.40252185347068903,GREEN
2019-06-21,180.5711975097656,7.56069278717041,5.23422854103648,0.401404080431373,GREEN
2019-06-24,180.5769805908203,7.55830717086792,5.2338211062102005,0.40130866394089715,GREEN
2019-06-25,177.4771270751953,7.171618461608887,5.1266200901527705,0.38873971670436575,GREEN
2019-06-26,178.302490234375,7.262323379516602,5.152085104692422,0.3917106933277873,GREEN
2019-06-27,178.98385620117188,7.341093063354492,5.1742347024345,0.3942643213666783,GREEN
2019-06-28,179.2141876220703,7.37212324142456,5.1831169969768425,0.39525233754231565,GREEN
2019-07-01,181.63259887695312,7.665719032287598,5.264957444126611,0.40460468237934644,GREEN
2019-07-02,182.35240173339844,7.758812427520752,5.291084038763833,0.4074961084466894,GREEN
2019-07-03,183.7247772216797,7.930671691894531,5.339109225037196,0.41277562009843355,GREEN
2019-07-05,183.35047912597656,7.8793511390686035,5.325115250149983,0.4111822094694262,GREEN
2019-07-08,182.06448364257807,7.713459014892578,5.279284625054576,0.40601957443220815,GREEN
2019-07-09,182.97622680664065,7.829226493835449,5.311726268338954,0.4095963173079408,GREEN
2019-07-10,184.79962158203125,8.060761451721191,5.376340671928606,0.4166411500543186,GREEN
2019-07-11,184.6653289794922,8.039280891418457,5.370636534736873,0.4159722062592438,GREEN
2019-07-12,185.7305603027344,8.174141883850098,5.408374186408825,0.4199990546631274,GREEN
2019-07-15,186.32557678222656,8.243363380432129,5.427870306421189,0.42203440315760915,GREEN
2019-07-16,185.36587524414065,8.1264009475708,5.395627178952401,0.4185324973895915,GREEN
2019-07-17,184.4541473388672,8.005861282348633,5.362392236937497,0.41487986254970344,GREEN
2019-07-18,184.6653289794922,8.040472984313965,5.372268590309735,0.4159075000569798,GREEN
2019-07-19,183.31211853027344,7.845934867858887,5.31845905748545,0.4099508117022006,GREEN
2019-07-22,184.77085876464844,8.030923843383789,5.3701163170128225,0.41558004646387775,GREEN
2019-07-23,185.9800567626953,8.186076164245605,5.413483783973776,0.4202152538288965,GREEN
2019-07-24,187.28526306152344,8.36032485961914,5.4621589585323616,0.4253355577539541,GREEN
2019-07-25,185.5098419189453,8.121628761291504,5.396081808965249,0.41825147493813475,GREEN
2019-07-26,187.41964721679688,8.362711906433105,5.463333011096282,0.4253655705805313,GREEN
2019-07-29,186.7766571044922,8.285135269165039,5.442032250469096,0.4230691565470655,GREEN
2019-07-30,185.970458984375,8.174141883850098,5.411443712083082,0.41976081918475155,GREEN
2019-07-31,183.3985137939453,7.829226493835449,5.315849369526081,0.40927862450952995,GREEN
2019-08-01,182.48675537109372,7.719426155090332,5.285589916062493,0.4058489476576127,GREEN
2019-08-02,179.79959106445312,7.366156578063965,5.18767282357455,0.39458560755874894,GREEN
2019-08-05,173.44642639160156,6.592782497406006,4.973009184501652,0.36840232233828896,GREEN
2019-08-06,175.87445068359375,6.863700866699219,5.048538105030951,0.3778031561816707,GREEN
2019-08-07,176.82455444335938,6.963954448699951,5.076646247063216,0.38119912259615024,GREEN
2019-08-08,180.6729431152344,7.424636840820312,5.2049105943167,0.39640106664678315,GREEN
2019-08-09,178.97425842285156,7.20503568649292,5.1441312355290405,0.3892216316916022,GREEN
2019-08-12,176.92051696777344,6.963954448699951,5.0773803025959765,0.3811440112378614,GREEN
2019-08-13,180.79769897460935,7.421056270599365,5.204644715046145,0.39623014052699723,GREEN
2019-08-14,175.39459228515625,6.756288528442383,5.020156212895856,0.3739933059991554,GREEN
2019-08-15,175.1930389404297,6.727645397186279,5.0124345176056195,0.37298146703596924,GREEN
2019-08-16,178.00497436523438,7.037949562072754,5.098894787747497,0.3835685332575919,GREEN
2019-08-19,180.83612060546875,7.367349624633789,5.19065913858643,0.3944224642613705,GREEN
2019-08-20,179.43495178222656,7.215778350830078,5.148770137573876,0.3894507577972976,GREEN
2019-08-21,181.02798461914065,7.39957332611084,5.200081933577426,0.3954297717410661,GREEN
2019-08-22,180.442626953125,7.327965259552002,5.180423296859956,0.393089122615218,GREEN
2019-08-23,174.73240661621094,6.657230377197266,4.994274593120522,0.3704196710631828,GREEN
2019-08-26,177.37152099609375,6.926955699920654,5.069466872796472,0.3797108378872297,GREEN
2019-08-27,176.9972686767578,6.885183334350586,5.058099957191098,0.378269193704279,GREEN
2019-08-28,177.63072204589844,6.954406261444092,5.0775787865985365,0.3806065510473238,GREEN
2019-08-29,180.34664916992188,7.270678997039795,5.1657099242606845,0.3911270281088401,GREEN
2019-08-30,179.914794921875,7.219358444213867,5.151690592549876,0.3894230967107542,GREEN
2019-09-03,178.1681365966797,7.009305477142334,5.093560259832922,0.382407509030551,GREEN
2019-09-04,180.74012756347656,7.304095268249512,5.175717813597721,0.39216489199445903,GREEN
2019-09-05,184.05108642578125,7.707490921020508,5.288055240906582,0.4050325357370778,GREEN
2019-09-06,183.86875915527344,7.686009407043457,5.282325455681841,0.4043417892328194,GREEN
2019-09-09,183.4848480224609,7.637077331542969,5.268966204399396,0.4027862602875593,GREEN
2019-09-10,182.9569854736328,7.573821067810059,5.251626173214676,0.40076898895327434,GREEN
2019-09-11,184.6748809814453,7.777907848358154,5.308578735103129,0.4071527783695125,GREEN
2019-09-12,185.44259643554688,7.874578952789307,5.335681576077707,0.4101193971813181,GREEN
2019-09-13,184.78045654296875,7.791034698486328,5.312702146342993,0.40752339234253515,GREEN
2019-09-16,183.955078125,7.683621406555176,5.2830903927815225,0.4041576361428598,GREEN
2019-09-17,184.8380279541016,7.785067558288574,5.311524222956027,0.4073015770916837,GREEN
2019-09-18,184.76126098632807,7.780293941497803,5.3104397890673845,0.40713495273844874,GREEN
2019-09-19,185.06832885742188,7.814903259277344,5.320292250063025,0.4081887108377203,GREEN
2019-09-20,183.1105499267578,7.569046974182129,5.2522065253576296,0.40047211184635817,GREEN
2019-09-23,183.19134521484372,7.576209545135498,5.254428097146247,0.40068159783865714,GREEN
2019-09-24,180.75840759277344,7.276645183563232,5.171412722911157,0.39101630879039173,GREEN
2019-09-25,182.78744506835935,7.509374141693115,5.236320714405684,0.3985202341927805,GREEN
2019-09-26,182.11427307128903,7.43418550491333,5.21565713775705,0.3960930588045086,GREEN
2019-09-27,179.85447692871094,7.164458274841309,5.140923879747419,0.38727107111073067,GREEN
2019-09-30,181.5662078857422,7.355415344238281,5.194205183602862,0.3935147110109529,GREEN
2019-10-01,180.08522033691406,7.177587032318115,5.145009743959585,0.3876726277877096,GREEN
2019-10-02,176.98876953125,6.809995174407959,5.043078808407841,0.3752527828420648,GREEN
2019-10-03,178.93128967285156,7.034368515014648,5.10564682908733,0.3828663680327063,GREEN
2019-10-04,181.5662078857422,7.330350875854492,5.188105540796199,0.3926348397047088,GREEN
2019-10-07,181.01808166503903,7.262323379516602,5.169408327424699,0.39039803022258585,GREEN
2019-10-08,178.3062744140625,6.931729316711426,5.07774876319586,0.37935276910531635,GREEN
2019-10-09,180.04678344726562,7.141782760620117,5.1363274813889905,0.3863908223581053,GREEN
2019-10-10,181.44114685058597,7.2981276512146,5.179977768075421,0.3915222356632055,GREEN
2019-10-11,183.7779541015625,7.571433067321777,5.256130850256542,0.40029926391811094,GREEN
2019-10-14,183.7586975097656,7.579789161682129,5.258655935680407,0.4005486213572337,GREEN
2019-10-15,186.0955047607422,7.867418766021728,5.338787716123073,0.40950809129225046,GREEN
2019-10-16,185.6339263916016,7.808937072753906,5.322738651338838,0.4076896187437914,GREEN
2019-10-17,186.12432861328125,7.862642288208008,5.33786484096092,0.40933022795924034,GREEN
2019-10-18,184.33567810058597,7.637077331542969,5.275385914843932,0.4022961025618832,GREEN
2019-10-21,185.97048950195312,7.838773727416992,5.331638646416588,0.4085641850428527,GREEN
2019-10-22,184.48953247070312,7.657365798950195,5.281430541777128,0.4029031789446469,GREEN
2019-10-23,184.8453826904297,7.693168640136719,5.291581893185834,0.4040104543946135,GREEN
2019-10-24,186.6436004638672,7.91396427154541,5.353140898532288,0.4108263425675763,GREEN
2019-10-25,188.13414001464844,8.09417724609375,5.4034234047704635,0.4162714091138955,GREEN
2019-10-28,189.9901123046875,8.341229438781738,5.472280122761369,0.42357919354255624,GREEN
2019-10-29,188.518798828125,8.149080276489258,5.419084698925483,0.41788379441261114,GREEN
2019-10-30,189.43235778808597,8.263651847839355,5.451122651656652,0.42126844570177957,GREEN
2019-10-31,189.5189208984375,8.269620895385742,5.452981064907861,0.4214290638248421,GREEN
2019-11-01,191.2402191162109,8.493995666503906,5.515520106838516,0.42795532570000144,GREEN
2019-11-04,192.4230499267578,8.645566940307617,5.557826170564418,0.43227626535552827,GREEN
2019-11-05,192.5287933349609,8.6563081741333,5.560999243409581,0.43256636377116897,GREEN
2019-11-06,192.09603881835935,8.601407051086426,5.545932853146331,0.43099056795204815,GREEN
2019-11-07,192.7404022216797,8.688532829284668,5.570333950026143,0.4334490807518643,GREEN
2019-11-08,193.50965881347656,8.791170120239258,5.599045927833524,0.43632040803831734,GREEN
2019-11-11,193.2500457763672,8.754173278808594,5.588953990258808,0.43526873846702957,GREEN
2019-11-12,193.8077850341797,8.82578182220459,5.609042786930301,0.4372575396294994,GREEN
2019-11-13,193.85589599609372,8.812653541564941,5.605586586576353,0.4368763185349423,GREEN
2019-11-14,193.70199584960935,8.810266494750977,5.6051155295761905,0.43679468904526664,GREEN
2019-11-15,195.125244140625,8.976163864135742,5.651408158818706,0.441374227406921,GREEN
2019-11-18,195.279052734375,9.022704124450684,5.6645326561698095,0.4426347474026403,GREEN
2019-11-19,195.56761169433597,9.059703826904297,5.675005313356323,0.4436296864268007,GREEN
2019-11-20,194.39442443847656,8.900969505310059,5.631085710524468,0.4392563492851777,GREEN
2019-11-21,193.9616241455078,8.83174991607666,5.612040739068743,0.4373194772149877,GREEN
2019-11-22,194.086669921875,8.855618476867676,5.618865295437591,0.4379687759674403,GREEN
2019-11-25,196.38497924804688,9.162341117858888,5.704293804517537,0.44635195672357403,GREEN
2019-11-26,196.760009765625,9.217243194580078,5.719744166949573,0.4478136369531992,GREEN
2019-11-27,198.13514709472656,9.403425216674805,5.7716784280284,0.45274829272350803,GREEN
2019-11-29,197.23123168945312,9.278108596801758,5.737050352914931,0.44941096278698145,GREEN
2019-12-02,195.21176147460935,8.979741096496582,5.654330052255492,0.4413219539349293,GREEN
2019-12-03,193.68276977539065,8.778042793273926,5.598472912994399,0.4357134685236918,GREEN
2019-12-04,194.66360473632807,8.90813159942627,5.634816095479273,0.43931876105493234,GREEN
2019-12-05,195.04830932617188,8.954675674438477,5.647938032060262,0.44058814798197843,GREEN
2019-12-06,197.13504028320312,9.231563568115234,5.7250695898500545,0.4480921822449826,GREEN
2019-12-09,196.24078369140625,9.118184089660645,5.693748140257776,0.44502353172265263,GREEN
2019-12-10,196.07725524902344,9.09789752960205,5.6882985469644165,0.4444588225583312,GREEN
2019-12-11,197.11575317382807,9.23514461517334,5.726628116744398,0.44814400564568097,GREEN
2019-12-12,198.5871124267578,9.446391105651855,5.785522017417701,0.4537286931324394,GREEN
2019-12-13,199.24099731445312,9.531129837036133,5.809261946319252,0.45592803562249656,GREEN
2019-12-16,201.24124145507807,9.804435729980469,5.884039654668287,0.0,GREEN
2019-12-17,201.3566131591797,9.817562103271484,5.884395732459282,0.0,GREEN
2019-12-18,201.51046752929688,9.840237617492676,5.884752999336358,0.0,GREEN
2019-12-19,202.77023315429688,10.04074478149414,5.885107485649544,0.0,GREEN
2019-12-20,203.5875701904297,10.160091400146484,5.885465496353139,0.0,GREEN
2019-12-23,204.12535095214844,10.235283851623535,5.885822361085742,0.0,GREEN
2019-12-24,204.2313232421875,10.24853229522705,5.886177378937988,0.0,GREEN
2019-12-26,206.0335235595703,10.514777183532717,5.886536622617982,0.0,GREEN
2019-12-27,205.86007690429688,10.48373317718506,5.886895187440173,0.0,GREEN
2019-12-30,204.5108337402344,10.274799346923828,5.88724980279469,0.0,GREEN
2019-12-31,204.8963165283203,10.33330249786377,5.887597898122559,0.0,GREEN
2020-01-02,208.3175506591797,10.845489501953123,5.887949518551472,0.0,GREEN
2020-01-03,206.40936279296875,10.550593376159668,5.888298823494263,0.0,GREEN
2020-01-06,207.73928833007807,10.75117015838623,5.888643008591843,0.0,GREEN
2020-01-07,207.7103729248047,10.738038063049316,5.888990718949167,0.0,GREEN
2020-01-08,209.2716522216797,10.98517608642578,5.889341254111009,0.0,GREEN
2020-01-09,211.0448760986328,11.262164115905762,5.889690174217046,0.0,GREEN
2020-01-10,210.5051727294922,11.170233726501465,5.89004075101313,0.0,GREEN
2020-01-13,212.9337615966797,11.560643196105955,5.890390881219347,0.0,GREEN
2020-01-14,212.09532165527344,11.42573070526123,5.890743837178651,0.0,GREEN
2020-01-15,212.18202209472656,11.432894706726074,5.891101489476363,0.0,GREEN
2020-01-16,214.21548461914065,11.751667976379396,5.891454020474048,0.0,GREEN
2020-01-17,215.27560424804688,11.927172660827637,5.891808910443985,0.0,GREEN
2020-01-21,215.17921447753903,11.921201705932615,5.892164990800407,0.0,GREEN
2020-01-22,215.74778747558597,12.002389907836914,5.892516416360121,0.0,GREEN
2020-01-23,216.44171142578125,12.113422393798828,5.892870201177795,0.0,GREEN
2020-01-24,214.6202850341797,11.799424171447754,5.893224474918687,0.0,GREEN
2020-01-27,210.1871490478516,11.069944381713867,5.893572923510902,0.0,GREEN
2020-01-28,213.41563415527344,11.58452320098877,5.893924900781609,0.0,GREEN
2020-01-29,213.76255798339844,11.626306533813477,5.894282746215322,0.0,GREEN
2020-01-30,214.52389526367188,11.757638931274414,5.894638274376505,0.0,GREEN
2020-01-31,211.1219482421875,11.17978572845459,5.894995695299775,0.0,GREEN
2020-02-03,214.3118896484375,11.693167686462402,5.895348927182461,0.0,GREEN
2020-02-04,219.21725463867188,12.49189281463623,5.89570405177416,0.0,GREEN
2020-02-05,219.9400329589844,12.63635540008545,5.896063876883627,0.0,GREEN
2020-02-06,221.8385162353516,12.944385528564451,5.896419512478087,0.0,GREEN
2020-02-07,220.8844451904297,12.77723789215088,5.896777509370365,0.0,GREEN
2020-02-10,223.55393981933597,13.238086700439451,5.897132720017134,0.0,GREEN
2020-02-11,223.5924835205078,13.247640609741213,5.897488420081497,0.0,GREEN
2020-02-12,225.7705078125,13.635660171508787,5.897848354094076,0.0,GREEN
2020-02-13,225.48141479492188,13.58312702178955,5.8982076079443395,0.0,GREEN
2020-02-14,226.12710571289065,13.675057411193848,5.898569224234067,0.0,GREEN
2020-02-18,226.21380615234372,13.698936462402344,5.898928521994476,0.0,GREEN
2020-02-19,228.38217163085935,14.095316886901855,5.89928784164068,0.0,GREEN
2020-02-20,226.26199340820312,13.694161415100098,5.8996490559676,0.0,GREEN
2020-02-21,221.9156036376953,12.910958290100098,5.900009121847558,0.0,GREEN
2020-02-24,213.35775756835935,11.423343658447266,5.900364527160509,0.0,GREEN
2020-02-25,207.55616760253903,10.499255180358888,5.900716441764005,0.0,GREEN
2020-02-26,208.6259307861328,10.643717765808104,5.901065333333628,0.0,GREEN
2020-02-27,198.1791839599609,9.052234649658203,5.901411435509309,0.0,GREEN
2020-02-28,198.3334197998047,9.193117141723633,5.9017381207807365,0.0,GREEN
2020-03-02,208.568115234375,10.447919845581056,5.902026181812527,0.0,GREEN
2020-03-03,201.87989807128903,9.46413230895996,5.902292007195863,0.0,GREEN
2020-03-04,210.30279541015625,10.612676620483398,5.902507019257819,0.0,GREEN
2020-03-05,203.9133453369141,9.681427001953123,5.902665122127198,0.0,GREEN
2020-03-06,200.4729461669922,9.174015045166016,5.90280449061595,0.0,GREEN
2020-03-09,186.54714965820312,7.310318470001221,5.902901699497472,0.0,GREEN
2020-03-10,196.70474243164065,8.448116302490234,5.902978999403753,0.0,GREEN
2020-03-11,188.13723754882807,7.361656665802002,5.903070355027773,0.0,GREEN
2020-03-12,170.88673400878906,5.343946933746338,5.90315655859503,0.0,GREEN
2020-03-13,185.36175537109372,6.786191940307617,5.903220509458195,0.0,GREEN
2020-03-16,163.15765380859375,4.447320461273193,5.903277433370418,0.0,GREEN
2020-03-17,175.5318603515625,5.172023296356201,5.903320770923563,0.0,GREEN
2020-03-18,170.19285583496094,4.693265914916992,5.903359423620623,0.0,GREEN
2020-03-19,171.21434020996094,4.801910400390625,5.9033601264015125,0.0,GREEN
2020-03-20,164.50686645507812,4.239579200744629,5.9033601264015125,0.0,GREEN
2020-03-23,164.62567138671875,4.252711296081543,5.9033601264015125,0.0,GREEN
2020-03-24,177.37387084960938,5.200678825378418,5.9033601264015125,0.0,GREEN
2020-03-25,176.0604248046875,5.080091953277588,5.9033601264015125,0.0,GREEN
2020-03-26,185.331787109375,5.907472133636475,5.9033601264015125,0.0,GREEN
2020-03-27,178.95773315429688,5.293802738189697,5.9033601264015125,0.0,GREEN
2020-03-30,185.46697998046875,5.850165843963623,5.9033601264015125,0.0,GREEN
2020-03-31,183.8831787109375,5.687792778015137,5.9033631717857675,0.0,GREEN
2020-04-01,176.07008361816406,4.98219108581543,5.9033701995989105,0.0,RED
2020-04-02,179.64341735839844,5.277087688446045,5.903384958024647,0.0,RED
2020-04-03,177.09381103515625,5.064571380615234,5.903400185009099,0.0,RED
2020-04-06,189.75509643554688,6.124764442443848,5.9034137721996105,0.0,RED
2020-04-07,189.6777801513672,6.112825393676758,5.903427827946373,0.0,RED
2020-04-08,193.70509338378903,6.503234386444092,5.903457813612955,0.0,RED
2020-04-09,193.98513793945312,6.527113437652588,5.90350115249032,0.0,GREEN
2020-04-13,196.08090209960935,6.753955841064453,5.903550348331722,0.0,GREEN
2020-04-14,204.60862731933597,7.63028621673584,5.903597201906613,0.0,GREEN
2020-04-15,202.2618408203125,7.3771772384643555,5.903635856413637,0.0,GREEN
2020-04-16,205.95106506347656,7.772360801696777,5.903662797609502,0.0,GREEN
2020-04-17,207.92127990722656,7.966969013214111,5.903688567566018,0.0,GREEN
2020-04-20,205.45852661132807,7.709084510803223,5.9037126977217,0.0,GREEN
2020-04-21,197.87725830078125,6.856632709503174,5.9037290969237075,0.0,GREEN
2020-04-22,203.74913024902344,7.463138580322266,5.903752055869595,0.0,GREEN
2020-04-23,203.31451416015625,7.414188385009766,5.9037738435265075,0.0,GREEN
2020-04-24,206.52088928222656,7.772360801696777,5.903795631263828,0.0,GREEN
2020-04-27,208.1820526123047,7.923989772796631,5.9038190590246185,0.0,GREEN
2020-04-28,204.2610321044922,7.49537467956543,5.903840846928805,0.0,GREEN
2020-04-29,211.5043029785156,8.274998664855957,5.903860760677904,0.0,GREEN
2020-04-30,211.41734313964844,8.32991886138916,5.903881845895745,0.0,GREEN
2020-05-01,205.45852661132807,7.58253002166748,5.90390293118889,0.0,GREEN
2020-05-04,207.8536529541016,7.849966526031494,5.903924719402605,0.0,GREEN
2020-05-05,210.21011352539065,8.100687026977539,5.9039458048488695,0.0,GREEN
2020-05-06,211.5043029785156,8.26067066192627,5.9039715760407345,0.0,GREEN
2020-05-07,214.22775268554688,8.583027839660645,5.903996878776717,0.0,GREEN
2020-05-08,217.1637420654297,8.929261207580566,5.904019135907529,0.0,GREEN
2020-05-11,219.10491943359372,9.15132999420166,5.904041393122246,0.0,GREEN
2020-05-12,214.5175018310547,8.606905937194824,5.90406599329395,0.0,GREEN
2020-05-13,211.8326416015625,8.280967712402344,5.904094810759713,0.0,GREEN
2020-05-14,214.2373809814453,8.55556869506836,5.904121754050013,0.0,GREEN
2020-05-15,215.62814331054688,8.70241928100586,5.904146354556554,0.0,GREEN
2020-05-18,219.645751953125,9.20625114440918,5.904170486583348,0.0,GREEN
2020-05-19,219.0952911376953,9.135807037353516,5.904195087292941,0.0,GREEN
2020-05-20,223.47018432617188,9.670680046081545,5.904222733920898,0.0,GREEN
2020-05-21,221.0364227294922,9.373397827148438,5.904250380678311,0.0,GREEN
2020-05-22,221.79942321777344,9.458166122436523,5.904276153199674,0.0,GREEN
2020-05-26,221.2006072998047,9.418766021728516,5.904301925833535,0.0,GREEN
2020-05-27,222.40782165527344,9.551289558410645,5.904329572961768,0.0,GREEN
2020-05-28,222.11813354492188,9.490400314331056,5.904361203300024,0.0,GREEN
2020-05-29,225.3727569580078,9.882003784179688,5.904393536705803,0.0,GREEN
2020-06-01,226.04884338378903,10.003783226013184,5.904423527277572,0.0,GREEN
2020-06-02,227.56504821777344,10.203166007995604,5.904453518001675,0.0,GREEN
2020-06-03,228.58876037597656,10.34165859222412,5.904487492038797,0.0,GREEN
2020-06-04,226.985595703125,10.131531715393066,5.904522169188007,0.0,GREEN
2020-06-05,231.4861297607422,10.73206901550293,5.904554972089086,0.0,GREEN
2020-06-08,233.282470703125,10.970850944519045,5.904588946709971,0.0,GREEN
2020-06-09,234.9725799560547,11.215603828430176,5.904624795999335,0.0,GREEN
2020-06-10,237.7926483154297,11.620338439941406,5.904663457234655,0.0,GREEN
2020-06-11,226.01019287109372,9.909465789794922,5.9047021187231135,0.0,GREEN
2020-06-12,227.8065185546875,10.124367713928224,5.904737968699593,0.0,GREEN
2020-06-15,230.57830810546875,10.481345176696776,5.904773115950803,0.0,GREEN
2020-06-16,234.5380096435547,11.035320281982422,5.904809434992074,0.0,GREEN
2020-06-17,235.28158569335935,11.142773628234863,5.904846925844791,0.0,GREEN
2020-06-18,235.9190368652344,11.228736877441406,5.904885588534532,0.0,GREEN
2020-06-19,235.8804168701172,11.213213920593262,5.904918393454608,0.0,GREEN
2020-06-22,238.7092437744141,11.611982345581056,5.904951901524834,0.0,GREEN
2020-06-23,240.7408599853516,11.915234565734863,5.904984706813315,0.0,GREEN
2020-06-24,235.7778778076172,11.213213920593262,5.905017512284048,0.0,GREEN
2020-06-25,238.0223388671875,11.510499000549316,5.905049146307692,0.0,GREEN
2020-06-26,232.40139770507807,10.683117866516112,5.905079608861694,0.0,GREEN
2020-06-29,234.9361267089844,11.024575233459473,5.905110774559938,0.0,GREEN
2020-06-30,239.5412750244141,11.65854263305664,5.905140065784018,0.0,GREEN
2020-07-01,242.3371734619141,12.075218200683594,5.905171700464199,0.0,GREEN
2020-07-02,243.9818420410156,12.331908226013184,5.905202163650425,0.0,GREEN
2020-07-06,249.9800720214844,13.238086700439451,5.905233329995485,0.0,GREEN
2020-07-07,248.2579498291016,12.97781467437744,5.905263324832871,0.0,GREEN
2020-07-08,251.5279083251953,13.476869583129885,5.905296131851482,0.0,GREEN
2020-07-09,253.6466827392578,13.813551902770996,5.905327767367731,0.0,GREEN
2020-07-10,255.3784942626953,14.106061935424805,5.905356590992153,0.0,GREEN
2020-07-13,250.1251678466797,13.23450756072998,5.905384711737196,0.0,GREEN
2020-07-14,251.8955078125,13.515074729919434,5.905414004320091,0.0,GREEN
2020-07-15,252.40830993652344,13.581934928894045,5.9054451717831995,0.0,GREEN
2020-07-16,250.686279296875,13.290620803833008,5.905474464665996,0.0,GREEN
2020-07-17,250.97650146484372,13.352704048156738,5.9054986021211775,0.0,GREEN
2020-07-20,258.0969543457031,14.489306449890137,5.905523208364586,0.0,GREEN
2020-07-21,255.4074859619141,14.02606964111328,5.90554781471052,0.0,GREEN
2020-07-22,256.3072204589844,14.188441276550291,5.905573592895285,0.0,GREEN
2020-07-23,249.6123962402344,13.076909065246582,5.9055970277114795,0.0,GREEN
2020-07-24,247.24215698242188,12.690081596374512,5.905621165667613,0.0,GREEN
2020-07-27,251.65370178222656,13.371807098388672,5.905644131971545,0.0,GREEN
2020-07-28,248.45147705078125,12.869169235229492,5.90566592661112,0.0,GREEN
2020-07-29,251.31509399414065,13.307333946228027,5.905690064848864,0.0,GREEN
2020-07-30,252.6308441162109,13.523433685302734,5.905711156599934,0.0,GREEN
2020-07-31,257.13916015625,14.252910614013672,5.9057310766576165,0.0,GREEN
2020-08-03,260.6123962402344,14.784205436706545,5.905750528072724,0.0,GREEN
2020-08-04,261.57977294921875,14.976423263549805,5.905768807777116,0.0,GREEN
2020-08-05,262.2279663085937,15.095815658569336,5.905789899809411,0.0,GREEN
2020-08-06,265.7011108398437,15.673666954040527,5.905812163699627,0.0,GREEN
2020-08-07,262.63433837890625,15.161478996276855,5.905832787170563,0.0,GREEN
2020-08-10,261.5120849609375,14.957321166992188,5.905853410713517,0.0,GREEN
2020-08-11,256.5587463378906,14.108448028564451,5.90587403432849,0.0,GREEN
2020-08-12,263.0116271972656,15.16386604309082,5.905897470336912,0.0,GREEN
2020-08-13,263.61151123046875,15.270124435424805,5.905920906438334,0.0,GREEN
2020-08-14,263.30181884765625,15.225951194763184,5.905941999013839,0.0,GREEN
2020-08-17,266.3590087890625,15.728586196899414,5.905962622938167,0.0,GREEN
2020-08-18,268.9228210449219,16.190635681152344,5.9059825438440505,0.0,GREEN
2020-08-19,267.1136474609375,15.874244689941406,5.906005980283066,0.0,GREEN
2020-08-20,270.8190002441406,16.527313232421875,5.906028244987871,0.0,GREEN
2020-08-21,272.6958312988281,16.872358322143555,5.906048869213376,0.0,GREEN
2020-08-24,274.3984680175781,17.185157775878906,5.906069493510903,0.0,GREEN
2020-08-25,276.55596923828125,17.586315155029297,5.906089414777262,0.0,GREEN
2020-08-26,282.4573974609375,18.71217155456543,5.906111679796601,0.0,GREEN
2020-08-27,281.5770263671875,18.54263687133789,5.90613347616165,0.0,GREEN
2020-08-28,283.0089111328125,18.829174041748047,5.906155741347094,0.0,GREEN
2020-08-31,285.2823791503906,19.26494789123535,5.906178006616474,0.0,GREEN
2020-09-01,290.1583251953125,20.26544761657715,5.906200271969791,0.0,GREEN
2020-09-02,292.9059143066406,20.83733367919922,5.9062237092728065,0.0,GREEN
2020-09-03,278.0555114746094,17.63764762878418,5.906247146668828,0.0,GREEN
2020-09-04,274.35015869140625,16.910560607910156,5.906270584157854,0.0,GREEN
2020-09-08,261.16375732421875,14.520350456237791,5.90585175276265,0.1500112508438133,GREEN
2020-09-09,268.83575439453125,15.767988204956056,5.9814307816083145,0.3500331083781507,GREEN
2020-09-10,263.47607421875,14.855836868286133,5.860330060410803,0.3365991110774755,GREEN
2020-09-11,261.6476135253906,14.53109073638916,5.817225637631666,0.33168071791727644,GREEN
2020-09-14,266.2042236328125,15.27967643737793,5.916639940261655,0.34290746241564996,GREEN
2020-09-15,269.977294921875,15.92916488647461,6.002895487795331,0.3523466487260528,GREEN
2020-09-16,265.6721496582031,15.16386604309082,5.90129330548824,0.34119342887738047,GREEN
2020-09-17,261.521728515625,14.465429306030272,5.8085691811505145,0.33067402412715985,GREEN
2020-09-18,258.1841125488281,13.906679153442385,5.734390551819034,0.32201350532971046,GREEN
2020-09-21,258.8031921386719,14.07143783569336,5.756280279558647,0.3245894977891904,GREEN
2020-09-22,263.61151123046875,14.840316772460938,5.858385602564736,0.33635906534244897,GREEN
2020-09-23,255.56224060058597,13.46612548828125,5.675931852542073,0.31502382788497707,GREEN
2020-09-24,256.7522277832031,13.663119316101074,5.702102586236405,0.31816525720854183,GREEN
2020-09-25,262.7213134765625,14.62063694000244,5.8292576629993125,0.3330358300839835,GREEN
2020-09-28,268.1778564453125,15.487417221069336,5.94436402679584,0.34594855458343826,GREEN
2020-09-29,266.9684753417969,15.32504653930664,5.922817763645659,0.3435669277999339,GREEN
2020-09-30,268.7969970703125,15.628296852111816,5.96309694148813,0.34799876425249,GREEN
2020-10-01,273.0635070800781,16.360164642333984,6.060288636706472,0.3584530503565157,GREEN
2020-10-02,265.3818664550781,15.011046409606934,5.88116335565319,0.3389109842218764,GREEN
2020-10-05,271.0414733886719,15.957818984985352,6.006890453629806,0.35274571117527165,GREEN
2020-10-06,266.2042236328125,15.100589752197266,5.893079292986293,0.3402432701903637,GREEN
2020-10-07,270.80926513671875,15.894537925720217,5.99851458427951,0.35183748487045835,GREEN
2020-10-08,272.2508239746094,16.128543853759766,6.029599844578857,0.3551767982299425,GREEN
2020-10-09,276.4108581542969,16.846086502075195,6.1248898875654305,0.36520663623682287,GREEN
2020-10-12,284.9437255859375,18.417272567749023,6.333528846582798,0.3861157188505002,GREEN
2020-10-13,284.9340515136719,18.419662475585938,6.3338600682923545,0.3861456288725149,GREEN
2020-10-14,282.5541687011719,17.96478271484375,6.273474751605506,0.3802346878246972,GREEN
2020-10-15,280.6579895019531,17.59347915649414,6.2241878974338585,0.37532453537386334,GREEN
2020-10-16,279.1196594238281,17.323654174804688,6.188374760334533,0.37170706771323675,GREEN
2020-10-19,274.56298828125,16.46284294128418,6.0740887477563685,0.3598832398009582,GREEN
2020-10-20,275.1531066894531,16.5690975189209,6.08821128746416,0.36136580795972834,GREEN
2020-10-21,274.9403381347656,16.526119232177734,6.082519219165194,0.3607657593651084,GREEN
2020-10-22,274.9306030273437,16.53447914123535,6.083643147588948,0.36088157274347005,GREEN
2020-10-23,275.472412109375,16.631181716918945,6.096496585818875,0.3622268952999401,GREEN
2020-10-26,271.3414001464844,15.873048782348633,5.9958432829499495,0.3515183472691086,GREEN
2020-10-27,273.4601135253906,16.247936248779297,6.04563378656613,0.3568570571117648,GREEN
2020-10-28,262.7987670898437,14.341261863708496,5.792476384624543,0.32874640596022336,GREEN
2020-10-29,267.39422607421875,15.070741653442385,5.889351769698152,0.3397856623069902,GREEN
2020-10-30,260.6123962402344,14.022488594055176,5.750175850680463,0.3238037608713512,GREEN
2020-11-02,261.1928405761719,14.027262687683104,5.750822569031411,0.3238775767443544,GREEN
2020-11-03,265.7107849121094,14.732864379882812,5.844526302016132,0.3347154762027643,GREEN
2020-11-04,277.5718078613281,16.72430992126465,6.108967527441115,0.3635116299307953,GREEN
2020-11-05,284.808349609375,18.01492691040039,6.280350531612988,0.38087857175602197,GREEN
2020-11-06,285.02105712890625,18.07581901550293,6.288448998463139,0.3816738106245724,GREEN
2020-11-09,279.19708251953125,16.972639083862305,6.141979801351664,0.3669263594469201,GREEN
2020-11-10,274.19537353515625,16.056913375854492,6.020401848781575,0.3541396091173535,GREEN
2020-11-11,280.3290710449219,17.136211395263672,6.16372666088437,0.3691555138344414,GREEN
2020-11-12,279.01324462890625,16.885486602783203,6.1304489070627675,0.36572885213245665,GREEN
2020-11-13,281.4609069824219,17.328428268432617,6.189276528646558,0.37175533153959495,GREEN
2020-11-16,283.65704345703125,17.727195739746094,6.2422383211716586,0.3770835736074875,GREEN
2020-11-17,282.7573547363281,17.563629150390625,6.220531259224817,0.3749079944664969,GREEN
2020-11-18,280.6676330566406,17.1564998626709,6.166484322387836,0.36942729419807663,GREEN
2020-11-19,282.8637390136719,17.581541061401367,6.222933548358521,0.37514546043189756,GREEN
2020-11-20,280.9288635253906,17.22456169128418,6.1755425121808845,0.3703488353265951,GREEN
2020-11-23,280.9385070800781,17.228137969970703,6.176026325789257,0.3703967114540922,GREEN
2020-11-24,284.8856506347656,17.932546615600586,6.269569638803347,0.37978880367848095,GREEN
2020-11-25,286.6368713378906,18.270421981811523,6.31444561711792,0.38419461245013187,GREEN
2020-11-27,289.2779846191406,18.769479751586918,6.38072365399645,0.39058918931175707,GREEN
2020-11-30,289.8681335449219,18.866186141967773,6.393575748147178,0.391812439206705,GREEN
2020-12-01,293.5831298828125,19.607606887817383,6.492034358954278,0.401034468256241,GREEN
2020-12-02,293.9604187011719,19.6864013671875,6.502509160987347,0.4019974351287478,GREEN
2020-12-03,294.3763732910156,19.76639747619629,6.513142745843297,0.40297197818685876,GREEN
2020-12-04,295.5761108398437,20.008758544921875,6.545335410964435,0.40590664065493615,GREEN
2020-12-07,297.24969482421875,20.34783172607422,6.5903696658000195,0.40996452815745066,GREEN
2020-12-08,298.25592041015625,20.53407859802246,6.6151106262421,0.41216966780808334,GREEN
2020-12-09,291.5030822753906,19.158693313598636,6.43249525122644,0.3954798226837028,GREEN
2020-12-10,292.6736755371094,19.39389419555664,6.4637364038335186,0.3983999766538148,GREEN
2020-12-11,292.0255432128906,19.257789611816406,6.445675020140932,0.3967125613808874,GREEN
2020-12-14,294.14422607421875,19.66849136352539,6.500218688732202,0.4017732341962716,GREEN
2020-12-15,297.2884826660156,20.27977561950684,6.581395253003738,0.4091505049806697,GREEN
2020-12-16,298.92352294921875,20.620040893554688,6.626587024518079,0.41317833009995814,GREEN
2020-12-17,300.877685546875,21.04268455505371,6.682717902262455,0.4181055532154241,GREEN
2020-12-18,299.9683532714844,20.813453674316406,6.652292602479234,0.41544231229659995,GREEN
2020-12-21,299.4070739746094,20.735849380493164,6.642000524571342,0.4145346553101712,GREEN
2020-12-22,300.22125244140625,20.899417877197266,6.663731448709349,0.4164420951216963,GREEN
2020-12-23,298.7092590332031,20.584228515625,6.621892135219519,0.412753164829203,GREEN
2020-12-24,300.02740478515625,20.851659774780277,6.65741366097307,0.41588476084720516,GREEN
2020-12-28,303.0513916015625,21.477270126342773,6.740494782154382,0.423082656110561,GREEN
2020-12-29,303.3226013183594,21.54054450988769,6.748908801573041,0.4238000829970724,GREEN
2020-12-30,303.3324584960937,21.536964416503903,6.748447319309969,0.42375862244812285,GREEN
2020-12-31,304.07867431640625,21.705307006835938,6.770810920978896,0.42566031941506716,GREEN
2021-01-04,299.7850646972656,20.756147384643555,6.644790011777687,0.41476624464325196,GREEN
2021-01-05,302.2565612792969,21.276691436767575,6.713919180869302,0.420790480067454,GREEN
2021-01-06,298.069580078125,20.39678001403809,6.597095165020123,0.4105317802760571,GREEN
2021-01-07,305.280517578125,21.870065689086918,6.792732440845567,0.42750726414838125,GREEN
2021-01-08,309.2057800292969,22.717742919921875,6.905300730924133,0.43683809353629355,GREEN
2021-01-11,304.7378234863281,21.713666915893555,6.771990251216227,0.4257501080959219,GREEN
2021-01-12,304.253173828125,21.619346618652344,6.759478596042725,0.4246853570249949,GREEN
2021-01-13,306.3078918457031,22.03960227966309,6.8152931634389216,0.4293951459749742,GREEN
2021-01-14,304.6699523925781,21.7041130065918,6.770758704235353,0.4256401865642164,GREEN
2021-01-15,302.2565612792969,21.176403045654297,6.700700101689101,0.41963328889067897,GREEN
2021-01-19,306.6664123535156,22.094520568847656,6.8226207956003835,0.4300027847578333,GREEN
2021-01-20,313.7998046875,23.634666442871094,7.027135104770554,0.44659010228838214,GREEN
2021-01-21,316.31011962890625,24.22207260131836,7.103535289509669,0.0,GREEN
2021-01-22,315.3990173339844,24.00239372253418,7.1035558672108,0.0,GREEN
2021-01-25,318.0061950683594,24.668590545654297,7.103575599310515,0.0,GREEN
2021-01-26,318.47137451171875,24.694862365722656,7.1035953314650415,0.0,GREEN
2021-01-27,309.59344482421875,22.703418731689453,7.10361449989793,0.0,GREEN
2021-01-28,311.42529296875,23.0377140045166,7.103631413265409,0.0,GREEN
2021-01-29,304.8734130859375,21.602632522583008,7.1036469172227745,0.0,GREEN
2021-02-01,312.4914855957031,23.190534591674805,7.103660447978925,0.0,GREEN
2021-02-02,317.5894775390625,24.31280517578125,7.103673978760848,0.0,GREEN
2021-02-03,316.3294677734375,24.03343391418457,7.103688073352287,0.0,GREEN
2021-02-04,320.0705871582031,24.883501052856445,7.103699349047389,0.0,GREEN
2021-02-05,321.1561279296875,25.143770217895508,7.10370780583214,0.0,GREEN
2021-02-08,323.3077697753906,25.635662078857425,7.103714289374991,0.0,GREEN
2021-02-09,323.2398681640625,25.623722076416016,7.103719927243349,0.0,GREEN
2021-02-10,322.5032958984375,25.442249298095703,7.10372922973368,0.0,GREEN
2021-02-11,324.2769470214844,25.85294914245605,7.103739096024318,0.0,GREEN
2021-02-12,326.08935546875,26.292314529418945,7.10374896232866,0.0,GREEN
2021-02-16,325.2073974609375,26.07263565063477,7.103758828646705,0.0,GREEN
2021-02-17,323.64697265625,25.709680557250977,7.103768694978453,0.0,GREEN
2021-02-18,322.2319030761719,25.363449096679688,7.103778561323905,0.0,GREEN
2021-02-19,320.8265380859375,25.02915382385254,7.1037850449313344,0.0,GREEN
2021-02-22,312.5108337402344,23.090242385864254,7.103791528544681,0.0,GREEN
2021-02-23,311.5803527832031,22.8848934173584,7.1037985759570175,0.0,GREEN
2021-02-24,314.14874267578125,23.43647575378418,7.103805059582714,0.0,GREEN
2021-02-25,303.1967163085937,20.98895835876465,7.10381295269969,0.0,GREEN
2021-02-26,304.46636962890625,21.30415344238281,7.10382225531184,0.0,GREEN
2021-03-01,313.6253662109375,23.161874771118164,7.103832121731681,0.0,GREEN
2021-03-02,308.5952453613281,22.05154037475586,7.103840014878727,0.0,GREEN
2021-03-03,299.6396789550781,20.13889503479004,7.103849881323233,0.0,GREEN
2021-03-04,294.7355651855469,19.143171310424805,7.103859747781444,0.0,GREEN
2021-03-05,299.1744384765625,20.00040054321289,7.1038676409591845,0.0,GREEN
2021-03-08,290.70361328125,18.290721893310547,7.103875534145695,0.0,GREEN
2021-03-09,302.1693115234375,20.44453430175781,7.103885400639535,0.0,GREEN
2021-03-10,301.3067932128906,20.270225524902344,7.103895267147077,0.0,GREEN
2021-03-11,308.24627685546875,21.67665672302246,7.103903724165064,0.0,GREEN
2021-03-12,305.7456970214844,21.136999130249023,7.103911617391667,0.0,GREEN
2021-03-15,309.0119323730469,21.81275749206543,7.103918664923139,0.0,GREEN
2021-03-16,310.7080383300781,22.170934677124023,7.103922893446059,0.0,GREEN
2021-03-17,311.9874267578125,22.450305938720703,7.1039251486597825,0.0,GREEN
2021-03-18,302.4310302734375,20.389617919921875,7.103927403874222,0.0,GREEN
2021-03-19,303.49713134765625,20.649890899658203,7.103928249579872,0.0,GREEN
2021-03-22,309.1887512207031,21.750675201416016,7.103929659089414,0.0,GREEN
2021-03-23,307.8397827148437,21.466524124145508,7.103931068599236,0.0,GREEN
2021-03-24,302.64813232421875,20.3824520111084,7.103933887619438,0.0,GREEN
2021-03-25,302.1240539550781,20.272613525390625,7.1039381161514195,0.0,GREEN
2021-03-26,306.6559143066406,21.168048858642575,7.103942344685918,0.0,GREEN
2021-03-29,306.56854248046875,21.156105041503903,7.103946573222934,0.0,GREEN
2021-03-30,305.025634765625,20.85524177551269,7.1039488284441745,0.0,GREEN
2021-03-31,309.6933898925781,21.791269302368164,7.103952493179757,0.0,GREEN
2021-04-01,314.97247314453125,22.899219512939453,7.10395615791723,0.0,GREEN
2021-04-05,321.2608947753906,24.27460479736328,7.103958413141513,0.0,GREEN
2021-04-06,321.0377197265625,24.2172966003418,7.103962641688093,0.0,GREEN
2021-04-07,321.8140563964844,24.396385192871094,7.10396687023719,0.0,GREEN
2021-04-08,325.1717529296875,25.158100128173828,7.103969689271598,0.0,GREEN
2021-04-09,327.1417236328125,25.61417007446289,7.103971098789363,0.0,GREEN
2021-04-12,326.71466064453125,25.51388359069824,7.1039719445002145,0.0,GREEN
2021-04-13,330.5285339355469,26.387828826904297,7.103974763536637,0.0,GREEN
2021-04-14,326.5595092773437,25.461349487304688,7.103978992092949,0.0,GREEN
2021-04-15,331.5086364746094,26.58601188659668,7.103983220651778,0.0,GREEN
2021-04-16,331.89678955078125,26.6982421875,7.103986039692675,0.0,GREEN
2021-04-19,328.8593444824219,25.96995735168457,7.103988294926445,0.0,GREEN
2021-04-20,326.4623413085937,25.40165328979492,7.103992523490812,0.0,GREEN
2021-04-21,329.2572326660156,26.043981552124023,7.1039967520576965,0.0,GREEN
2021-04-22,325.2882385253906,25.09601593017578,7.1040004168180015,0.0,GREEN
2021-04-23,329.3833312988281,26.041593551635746,7.104004645389583,0.0,GREEN
2021-04-26,331.52801513671875,26.55735969543457,7.104008873963682,0.0,GREEN
2021-04-27,330.0918884277344,26.208740234375,7.104011129204701,0.0,GREEN
2021-04-28,328.975830078125,25.93891716003418,7.104013948256673,0.0,GREEN
2021-04-29,330.1596984863281,26.199190139770508,7.104016203499303,0.0,GREEN
2021-04-30,327.99566650390625,25.707300186157227,7.104018458742649,0.0,GREEN
2021-05-03,326.2488708496094,25.287038803100582,7.104019304459139,0.0,GREEN
2021-05-04,320.3778686523437,23.954633712768555,7.104020713986747,0.0,GREEN
2021-05-05,319.3006591796875,23.67526054382324,7.104023533042523,0.0,GREEN
2021-05-06,321.707275390625,24.193418502807617,7.104025788288196,0.0,GREEN
2021-05-07,324.3178100585937,24.785594940185547,7.104028043534584,0.0,GREEN
2021-05-10,316.1273193359375,22.923099517822266,7.104030298781689,0.0,GREEN
2021-05-11,315.6905822753906,22.80847930908203,7.104031708311479,0.0,GREEN
2021-05-12,307.5196533203125,21.072532653808597,7.104034527371617,0.0,GREEN
2021-05-13,309.8971862792969,21.51666831970215,7.104037346432873,0.0,GREEN
2021-05-14,316.7386779785156,22.91593170166016,7.104039601682931,0.0,GREEN
2021-05-17,314.8172302246094,22.529102325439453,7.1040410112145675,0.0,GREEN
2021-05-18,312.69195556640625,22.056320190429688,7.104042420746484,0.0,GREEN
2021-05-19,313.0510559082031,22.13749885559082,7.104045239810873,0.0,GREEN
2021-05-20,319.1065368652344,23.417375564575195,7.104046649343627,0.0,GREEN
2021-05-21,317.34039306640625,23.03054618835449,7.104047495063473,0.0,GREEN
2021-05-24,322.677734375,24.18386459350586,7.10404834078342,0.0,GREEN
2021-05-25,323.12420654296875,24.30086898803711,7.104049186503467,0.0,GREEN
2021-05-26,324.24981689453125,24.546817779541016,7.104052005570541,0.0,GREEN
2021-05-27,323.0367736816406,24.260278701782227,7.104053415104638,0.0,GREEN
2021-05-28,324.0556640625,24.49667358398437,7.104054824639015,0.0,GREEN
2021-06-01,322.978515625,24.257884979248047,7.104057079894622,0.0,GREEN
2021-06-02,323.6093444824219,24.38444328308105,7.104059898964828,0.0,GREEN
2021-06-03,320.2419738769531,23.61795234680176,7.104064127571816,0.0,GREEN
2021-06-04,325.6763610839844,24.82857894897461,7.104068356181322,0.0,GREEN
2021-06-07,326.64678955078125,25.04825592041016,7.104072584793344,0.0,GREEN
2021-06-08,326.8020324707031,25.076908111572266,7.104077659130685,0.0,GREEN
2021-06-09,326.8797607421875,25.105567932128903,7.104083297287432,0.0,GREEN
2021-06-10,330.285888671875,25.87444496154785,7.104088935448654,0.0,GREEN
2021-06-11,331.1495361328125,26.079797744750977,7.10409457361435,0.0,GREEN
2021-06-14,334.3228759765625,26.81047248840332,7.104099647967398,0.0,GREEN
2021-06-15,332.1394348144531,26.31380653381348,7.104103876598046,0.0,GREEN
2021-06-16,330.9264221191406,26.032041549682617,7.1041095147756,0.0,GREEN
2021-06-17,335.1282958984375,27.003881454467773,7.104117408230859,0.0,GREEN
2021-06-18,332.4984741210937,26.35917091369629,7.104125301694889,0.0,GREEN
2021-06-21,334.5649108886719,26.84151077270508,7.10413319516769,0.0,GREEN
2021-06-22,337.68365478515625,27.591289520263672,7.104141652468924,0.0,GREEN
2021-06-23,337.8487854003906,27.63904571533203,7.104152365063134,0.0,GREEN
2021-06-24,339.93768310546875,28.14765167236328,7.104163641495207,0.0,GREEN
2021-06-25,339.51983642578125,28.059303283691406,7.10417576367961,0.0,GREEN
2021-06-28,343.6489562988281,29.052637100219727,7.104187885884698,0.0,GREEN
2021-06-29,344.89263916015625,29.3797664642334,7.104199162373153,0.0,GREEN
2021-06-30,344.3485412597656,29.250825881958008,7.104210438879507,0.0,GREEN
2021-07-01,344.4845275878906,29.26515007019043,7.104221715403761,0.0,GREEN
2021-07-02,348.4388122558594,30.258485794067383,7.1042329919459135,0.0,GREEN
2021-07-06,349.9447326660156,30.664411544799805,7.104243704677859,0.0,GREEN
2021-07-07,350.6830749511719,30.860218048095703,7.104254981254915,0.0,GREEN
2021-07-08,348.5650939941406,30.325345993041992,7.104267103595175,0.0,GREEN
2021-07-09,350.7414245605469,30.838727951049805,7.104279225956121,0.0,GREEN
2021-07-12,352.1112670898437,31.225557327270508,7.104291348337752,0.0,GREEN
2021-07-13,352.1112670898437,31.20884132385254,7.104303470740068,0.0,GREEN
2021-07-14,352.7427673339844,31.37837600708008,7.104316156996769,0.0,GREEN
2021-07-15,350.2652282714844,30.7288875579834,7.104328843276124,0.0,GREEN
2021-07-16,347.4283142089844,29.974334716796875,7.104339556152607,0.0,GREEN
2021-07-19,344.5816650390625,29.25560188293457,7.104350269045244,0.0,GREEN
2021-07-20,348.5845642089844,30.220277786254883,7.10436154579145,0.0,GREEN
2021-07-21,351.27569580078125,30.910356521606445,7.104374232151857,0.0,GREEN
2021-07-22,353.5977478027344,31.559850692749023,7.104386918534918,0.0,GREEN
2021-07-23,357.7268371582031,32.60810470581055,7.10439904110031,0.0,GREEN
2021-07-26,358.008544921875,32.74421310424805,7.104411727527673,0.0,GREEN
2021-07-27,354.0640869140625,31.674467086791992,7.104423004371432,0.0,GREEN
2021-07-28,355.4241943359375,32.02070236206055,7.104435690841586,0.0,GREEN
2021-07-29,356.0557861328125,32.17829132080078,7.1044483773343945,0.0,GREEN
2021-07-30,354.2001342773437,31.695959091186523,7.1044596542363285,0.0,GREEN
2021-08-02,354.2292785644531,31.686403274536133,7.104470931156162,0.0,GREEN
2021-08-03,356.3763427734375,32.23799133300781,7.1044816442469045,0.0,GREEN
2021-08-04,356.8913269042969,32.397979736328125,7.1044943308217725,0.0,GREEN
2021-08-05,359.1549987792969,33.006874084472656,7.104507017419295,0.0,GREEN
2021-08-06,357.58111572265625,32.57706069946289,7.104519140189618,0.0,GREEN
2021-08-09,358.24176025390625,32.75136947631836,7.104531262980626,0.0,GREEN
2021-08-10,356.40545654296875,32.26186752319336,7.1045439496441,0.0,GREEN
2021-08-11,355.7934875488281,32.08755874633789,7.104558045961671,0.0,GREEN
2021-08-12,357.07586669921875,32.421852111816406,7.104570732672971,0.0,GREEN
2021-08-13,358.3292541503906,32.7465934753418,7.104582855552014,0.0,GREEN
2021-08-16,358.4846496582031,32.80391311645508,7.104595542307616,0.0,GREEN
2021-08-17,355.32720947265625,31.9419059753418,7.104611894154029,0.0,GREEN
2021-08-18,351.90728759765625,31.01304244995117,7.104629655684051,0.0,GREEN
2021-08-19,353.6074523925781,31.454782485961918,7.1046451618201205,0.0,GREEN
2021-08-20,357.2702941894531,32.42662811279297,7.104657284826166,0.0,GREEN
2021-08-23,362.6138000488281,33.87126159667969,7.104669407852897,0.0,GREEN
2021-08-24,363.7213134765625,34.20555877685547,7.104680685105673,0.0,GREEN
2021-08-25,364.1390686035156,34.24375534057617,7.104694217830905,0.0,GREEN
2021-08-26,361.8267517089844,33.66352081298828,7.104706904785369,0.0,GREEN
2021-08-27,365.3439331054688,34.647308349609375,7.104719027896769,0.0,GREEN
2021-08-30,369.4439392089844,35.79584884643555,7.104731151028855,0.0,GREEN
2021-08-31,369.1427001953125,35.6955680847168,7.104741864511992,0.0,GREEN
2021-09-01,369.7547607421875,35.891361236572266,7.104753141879779,0.0,GREEN
2021-09-02,369.5798645019531,35.841217041015625,7.104764419265465,0.0,GREEN
2021-09-03,370.716552734375,36.16357421875,7.104775696669053,0.0,GREEN
2021-09-07,371.24114990234375,36.311614990234375,7.104786974090541,0.0,GREEN
2021-09-08,369.9490661621094,35.93911361694336,7.10479684185027,0.0,GREEN
2021-09-09,368.6763610839844,35.554683685302734,7.104808119305321,0.0,GREEN
2021-09-10,365.8782043457031,34.7547607421875,7.104818832904522,0.0,GREEN
2021-09-13,365.6256408691406,34.67594909667969,7.104829546519878,0.0,GREEN
2021-09-14,364.5860595703125,34.377479553222656,7.10484026015139,0.0,GREEN
2021-09-15,367.2966613769531,35.139190673828125,7.104850127985126,0.0,GREEN
2021-09-16,367.5492858886719,35.20844268798828,7.104859995832569,0.0,GREEN
2021-09-17,363.1966857910156,33.964385986328125,7.104868453999042,0.0,GREEN
2021-09-20,355.69189453125,31.87504005432129,7.104876348297567,0.0,GREEN
2021-09-21,356.12957763671875,31.915637969970703,7.104883396786113,0.0,GREEN
2021-09-22,359.4559936523437,32.84927749633789,7.104889035582334,0.0,GREEN
2021-09-23,362.7727355957031,33.76142120361328,7.104896084083467,0.0,GREEN
2021-09-24,363.1130676269531,33.856929779052734,7.104903132591593,0.0,GREEN
2021-09-27,360.2146301269531,33.04030227661133,7.104910181106711,0.0,GREEN
2021-09-28,350.0214538574219,30.284751892089844,7.104917229628822,0.0,GREEN
2021-09-29,349.44757080078125,30.084177017211918,7.10492568786343,0.0,GREEN
2021-09-30,348.16363525390625,29.74510383605957,7.104934146108107,0.0,GREEN
2021-10-01,350.3228759765625,30.28713798522949,7.1049420404796235,0.0,GREEN
2021-10-04,342.9698486328125,28.424640655517575,7.104949934859912,0.0,GREEN
2021-10-05,347.5995788574219,29.51826286315918,7.1049578292489715,0.0,GREEN
2021-10-06,349.8269348144531,30.100889205932617,7.104967697245998,0.0,GREEN
2021-10-07,353.0365905761719,30.915136337280277,7.104978974972249,0.0,GREEN
2021-10-08,351.2761535644531,30.43996238708496,7.104990252716401,0.0,GREEN
2021-10-11,348.5819091796875,29.764205932617188,7.105001530478454,0.0,GREEN
2021-10-12,347.3661804199219,29.46095466613769,7.105012808258408,0.0,GREEN
2021-10-13,350.1478576660156,30.151031494140625,7.105024086056264,0.0,GREEN
2021-10-14,356.59637451171875,31.81534767150879,7.105036773599778,0.0,GREEN
2021-10-15,358.84326171875,32.405147552490234,7.105048051435674,0.0,GREEN
2021-10-18,362.4516296386719,33.37698745727539,7.105058765396677,0.0,GREEN
2021-10-19,365.1944885253906,34.110042572021484,7.105070889108474,0.0,GREEN
2021-10-20,364.7179870605469,34.002586364746094,7.10508498647156,0.0,GREEN
2021-10-21,366.9452209472656,34.61149215698242,7.105099083862617,0.0,GREEN
2021-10-22,363.862060546875,33.735145568847656,7.105113181281645,0.0,GREEN
2021-10-25,367.5871887207031,34.747596740722656,7.105127278728644,0.0,GREEN
2021-10-26,368.74462890625,35.07233428955078,7.105141376203615,0.0,GREEN
2021-10-27,369.6005554199219,35.34932327270508,7.105155473706556,0.0,GREEN
2021-10-28,373.7050476074219,36.509803771972656,7.105169571237468,0.0,GREEN
2021-10-29,375.5433349609375,37.0494499206543,7.105183104893912,0.0,GREEN
2021-11-01,376.8271789550781,37.414794921875,7.105196638576134,0.0,GREEN
2021-11-02,378.4028015136719,37.913848876953125,7.105207916665783,0.0,GREEN
2021-11-03,382.4197998046875,39.11730194091797,7.105220604537567,0.0,GREEN
2021-11-04,387.3219299316406,40.57626724243164,7.105233292432007,0.0,GREEN
2021-11-05,387.6915588378906,40.72670364379883,7.1052431608116216,0.0,GREEN
2021-11-08,387.1663513183594,40.55955123901367,7.105254438975116,0.0,GREEN
2021-11-09,384.5012512207031,39.72381210327149,7.105264307384101,0.0,GREEN
2021-11-10,378.8502807617188,37.98308944702149,7.105275585581162,0.0,GREEN
2021-11-11,379.9007263183594,38.29112243652344,7.105288273573783,0.0,GREEN
2021-11-12,383.8982543945313,39.50651931762695,7.105299551808885,0.0,GREEN
2021-11-15,383.8106689453125,39.49458312988281,7.105311675931548,0.0,GREEN
2021-11-16,386.5438232421875,40.31122589111328,7.10532239029008,0.0,GREEN
2021-11-17,386.7480163574219,40.358985900878906,7.105333668579336,0.0,GREEN
2021-11-18,390.75531005859375,41.59347534179688,7.1053463566756765,0.0,GREEN
2021-11-19,392.9339294433594,42.297889709472656,7.105359044794675,0.0,GREEN
2021-11-22,388.3723449707031,40.831764221191406,7.10537173293633,0.0,GREEN
2021-11-23,386.6021423339844,40.27539825439453,7.105383011303908,0.0,GREEN
2021-11-24,387.84716796875,40.64790344238281,7.10539569948836,0.0,GREEN
2021-11-26,380.4940185546875,38.40573501586914,7.105409797495911,0.0,GREEN
2021-11-29,388.7516479492188,40.79117584228516,7.105421921806692,0.0,GREEN
2021-11-30,383.0423583984375,39.03851318359375,7.105432636331468,0.0,GREEN
2021-12-01,376.5257263183594,37.03512954711914,7.105446170488988,0.0,GREEN
2021-12-02,379.2392578125,37.73237228393555,7.10546026859668,0.0,GREEN
2021-12-03,372.6448669433594,35.836448669433594,7.105472392993582,0.0,GREEN
2021-12-06,375.630859375,36.674560546875,7.105484517411173,0.0,GREEN
2021-12-07,386.9425659179688,39.981693267822266,7.105496641849452,0.0,GREEN
2021-12-08,388.673828125,40.53806686401367,7.105512995769825,0.0,GREEN
2021-12-09,382.9548950195313,38.78778839111328,7.105529913657532,0.0,GREEN
2021-12-10,387.1175537109375,39.988861083984375,7.105544857827411,0.0,GREEN
2021-12-13,381.5250854492188,38.26963424682617,7.105558956130911,0.0,GREEN
2021-12-14,377.57611083984375,37.130638122558594,7.105571080696208,0.0,GREEN
2021-12-15,386.1838684082031,39.58770751953125,7.105584615117432,0.0,GREEN
2021-12-16,376.25335693359375,36.567115783691406,7.105597303661892,0.0,GREEN
2021-12-17,374.3761596679688,36.008358001708984,7.105607172547077,0.0,GREEN
2021-12-20,370.74456787109375,34.931453704833984,7.105615631603046,0.0,GREEN
2021-12-21,379.0419616699219,37.26674270629883,7.105626346419924,0.0,GREEN
2021-12-22,383.65814208984375,38.59676361083984,7.105644674423716,0.0,GREEN
2021-12-23,386.5505676269531,39.5136833190918,7.105663002474783,0.0,GREEN
2021-12-27,392.939208984375,41.4024543762207,7.105679356778049,0.0,GREEN
2021-12-28,391.1180114746094,40.91533660888672,7.105691481548792,0.0,GREEN
2021-12-29,391.0595397949219,40.850868225097656,7.105705580143212,0.0,GREEN
2021-12-30,389.8909606933594,40.46882247924805,7.10571826890368,0.0,GREEN
2021-12-31,387.4562683105469,39.71664810180664,7.105725318227465,0.0,GREEN
2022-01-03,391.186279296875,40.86281204223633,7.105734623343904,0.0,GREEN
2022-01-04,386.1123046875,39.27490615844727,7.105749567944323,0.0,GREEN
2022-01-05,374.2505187988281,35.66212844848633,7.105772125878956,0.0,GREEN
2022-01-06,373.9875793457031,35.56422805786133,7.10579609376138,0.0,GREEN
2022-01-07,369.9361877441406,34.4013671875,7.105821471605581,0.0,GREEN
2022-01-10,370.1797180175781,34.52791213989258,7.105846285585188,0.0,GREEN
2022-01-11,375.7405090332031,36.04656982421875,7.105871663608646,0.0,GREEN
2022-01-12,377.2305603027344,36.45727157592773,7.105904937134891,0.0,GREEN
2022-01-13,367.7937316894531,33.81156921386719,7.105937364876263,0.0,GREEN
2022-01-14,370.0823059082031,34.322566986083984,7.1059683828566556,0.0,GREEN
2022-01-18,360.8695068359375,31.848777770996094,7.106001656835792,0.0,GREEN
2022-01-19,356.90582275390625,30.74082946777344,7.106038314779502,0.0,GREEN
2022-01-20,352.2701416015625,29.551692962646484,7.106084842413174,0.0,GREEN
2022-01-21,342.5021667480469,27.063575744628903,7.106132216311485,0.0,GREEN
2022-01-24,344.0701904296875,27.455183029174805,7.106176770634574,0.0,GREEN
2022-01-25,336.0940856933594,25.430309295654297,7.106220479261873,0.0,GREEN
2022-01-26,335.5682373046875,25.382551193237305,7.106272647944636,0.0,GREEN
2022-01-27,332.1889038085937,24.62322425842285,7.10632284304596,0.0,GREEN
2022-01-28,342.6092529296875,26.920312881469727,7.1063750124802025,0.0,GREEN
2022-01-31,353.5653991699219,29.52781105041504,7.106423798306677,0.0,GREEN
2022-02-01,355.97088623046875,30.09133720397949,7.1064725844680705,0.0,GREEN
2022-02-02,358.86328125,30.802907943725582,7.106529831051131,0.0,GREEN
2022-02-03,344.3135681152344,27.09701156616211,7.106582002004929,0.0,GREEN
2022-02-04,348.6570739746094,28.033037185668945,7.106636429399875,0.0,GREEN
2022-02-07,345.8523254394531,27.397872924804688,7.106699317493465,0.0,GREEN
2022-02-08,349.7380065917969,28.32912826538086,7.106756565902986,0.0,GREEN
2022-02-09,357.1493225097656,30.08656311035156,7.106834119795763,0.0,GREEN
2022-02-10,349.06610107421875,28.09034538269043,7.106910264450073,0.0,GREEN
2022-02-11,337.9931030273437,25.444637298583984,7.107014611943395,0.0,GREEN
2022-02-14,338.411865234375,25.516271591186523,7.107109936186864,0.0,GREEN
2022-02-15,346.82623291015625,27.364442825317383,7.107211466332844,0.0,GREEN
2022-02-16,346.73858642578125,27.35967063903809,7.107324279214943,0.0,GREEN
2022-02-17,336.4252624511719,24.933643341064453,7.1074294788946,0.0,GREEN
2022-02-18,332.5881652832031,24.08835220336914,7.10752678298832,0.0,GREEN
2022-02-22,329.2477111816406,23.343351364135746,7.107616473204088,0.0,GREEN
2022-02-23,320.81396484375,21.557260513305664,7.107709549137793,0.0,GREEN
2022-02-24,331.5948181152344,23.66809463500977,7.107805446807321,0.0,GREEN
2022-02-25,336.7368469238281,24.79037094116211,7.10788526858856,0.0,GREEN
2022-02-28,337.73992919921875,25.05303192138672,7.107969322154669,0.0,GREEN
2022-03-01,332.5686340332031,23.89733123779297,7.1080505560862814,0.0,GREEN
2022-03-02,338.14898681640625,25.038707733154297,7.10813884258542,0.0,GREEN
2022-03-03,333.318603515625,23.992843627929688,7.108230515007607,0.0,GREEN
2022-03-04,328.4881591796875,22.966073989868164,7.108325009344188,0.0,GREEN
2022-03-07,316.373046875,20.40155601501465,7.10841104264493,0.0,GREEN
2022-03-08,314.9025573730469,20.119792938232425,7.108497076986947,0.0,GREEN
2022-03-09,326.2384948730469,22.27360725402832,7.108598626949225,0.0,GREEN
2022-03-10,322.6156616210937,21.557260513305664,7.108702999231997,0.0,GREEN
2022-03-11,315.9251403808594,20.220081329345703,7.108804552136021,0.0,GREEN
2022-03-14,309.8578796386719,19.035720825195312,7.10890751696655,0.0,RED
2022-03-15,319.5772399902344,20.797931671142575,7.109014150576816,0.0,RED
2022-03-16,331.42926025390625,23.13322639465332,7.109140533054505,0.0,RED
2022-03-17,335.44158935546875,23.906879425048828,7.109262686143352,0.0,RED
2022-03-18,342.3074645996094,25.392105102539062,7.109364247042904,0.0,RED
2022-03-21,341.35565185546875,25.21063041687012,7.109472298090919,0.0,RED
2022-03-22,348.06427001953125,26.70063018798828,7.109600663566667,0.0,RED
2022-03-23,343.0621643066406,25.573579788208008,7.108858651185525,0.2500312539067383,RED
2022-03-24,350.6872253417969,27.230728149414062,7.224136746576116,0.26198471226336517,RED
2022-03-25,350.3947448730469,27.187747955322266,7.221251687853443,0.2616757069727266,RED
2022-03-28,355.816162109375,28.424640655517575,7.307329281182755,0.27035783393499996,RED
2022-03-29,361.9396667480469,29.881208419799805,7.408672382291179,0.2803240890177628,RED
2022-03-30,357.9418640136719,28.9833927154541,7.3463890538594985,0.27420662936571344,YELLOW
2022-03-31,353.50518798828125,27.78470039367676,7.263187596114731,0.2658772081353654,YELLOW
2022-04-01,352.8324584960937,27.66530990600586,7.254993930140177,0.2650337241932024,YELLOW
2022-04-04,360.0967712402344,29.39409065246582,7.375254927164103,0.27700374839427194,YELLOW
2022-04-05,352.10107421875,27.45040702819824,7.24027720341376,0.26350948214508735,YELLOW
2022-04-06,344.45654296875,25.645212173461918,7.114952355537286,0.2505168564336039,YELLOW
2022-04-07,345.2755126953125,25.812360763549805,7.126709956486244,0.25173366296427113,YELLOW
2022-04-08,340.4489440917969,24.75694274902344,7.053495055191908,0.24394689754687612,YELLOW
2022-04-11,332.3948059082031,22.9995059967041,6.9314895430154495,0.23061873663858826,RED
2022-04-12,330.99072265625,22.703418731689453,6.910265561364658,0.0,RED
2022-04-13,337.7186889648437,24.06447410583496,6.910467933420858,0.0,RED
2022-04-14,329.9960632324219,22.44552993774414,6.910670859862788,0.0,RED
2022-04-18,330.2495422363281,22.50761985778809,6.910875986131879,0.0,RED
2022-04-19,337.6309509277344,23.954633712768555,6.9110830381690445,0.0,RED
2022-04-20,332.706787109375,22.87533950805664,6.911311487859538,0.0,RED
2022-04-21,325.8227233886719,21.53338623046875,6.911529523286053,0.0,RED
2022-04-22,317.290771484375,19.823701858520508,6.911748936924982,0.0,RED
2022-04-25,321.3665771484375,20.55914878845215,6.9119628720032775,0.0,RED
2022-04-26,309.2366027832031,18.247737884521484,6.912181750821541,0.0,RED
2022-04-27,308.8661499023437,18.166553497314453,6.912410236830592,0.0,RED
2022-04-28,319.8357849121094,20.08636283874512,6.912631872849077,0.0,RED
2022-04-29,305.4435119628906,17.445430755615234,6.912847206825326,0.0,RED
2022-05-02,310.543212890625,18.26684188842773,6.913068856854595,0.0,RED
2022-05-03,310.8747863769531,18.309823989868164,6.91327871786954,0.0,RED
2022-05-04,321.3861694335937,20.12456703186035,6.913524248993374,0.0,RED
2022-05-05,305.1998596191406,17.125463485717773,6.913752779379448,0.0,RED
2022-05-06,301.5433044433594,16.528507232666016,6.913973086653148,0.0,RED
2022-05-09,289.74481201171875,14.57526683807373,6.914196693321765,0.0,RED
2022-05-10,293.26483154296875,15.076711654663086,6.91441619163276,0.0,RED
2022-05-11,284.567138671875,13.73475456237793,6.914657098678844,0.0,RED
2022-05-12,283.8943786621094,13.624917030334473,6.9148993860729,0.0,RED
2022-05-13,294.4154357910156,15.105364799499512,6.915147718761255,0.0,RED
2022-05-16,291.0026550292969,14.637351989746094,6.915406487984564,0.0,RED
2022-05-17,298.5400085449219,15.740528106689451,6.915675420464331,0.0,RED
2022-05-18,283.88458251953125,13.443439483642578,6.9159602804246765,0.0,RED
2022-05-19,282.3634338378906,13.171228408813477,6.916235546627311,0.0,RED
2022-05-20,281.48590087890625,13.056614875793455,6.916510000418843,0.0,RED
2022-05-23,286.1662292480469,13.70132541656494,6.916778426874326,0.0,RED
2022-05-24,280.0817565917969,12.846484184265137,6.917050980873402,0.0,RED
2022-05-25,284.00164794921875,13.362255096435549,6.917337269923175,0.0,RED
2022-05-26,291.8704528808594,14.479754447937012,6.917624119810089,0.0,RED
2022-05-27,301.39697265625,15.89812183380127,6.917906314951969,0.0,RED
2022-05-31,300.59747314453125,15.783507347106934,6.918187698039584,0.0,RED
2022-06-01,298.374267578125,15.41578197479248,6.9184704652273235,0.0,RED
2022-06-02,306.5454406738281,16.6669979095459,6.918773285593722,0.0,RED
2022-06-03,298.5692749023437,15.348922729492188,6.919078864756856,0.0,RED
2022-06-06,299.5638122558594,15.539950370788574,6.919390497869773,0.0,RED
2022-06-07,302.14776611328125,15.917223930358888,6.919709009486701,0.0,RED
2022-06-08,299.97344970703125,15.592486381530762,6.920045384236765,0.0,RED
2022-06-09,291.9386901855469,14.322158813476562,6.920383972182636,0.0,RED
2022-06-10,281.6418762207031,12.793954849243164,6.92072394978588,0.0,RED
2022-06-13,268.5465393066406,11.022189140319824,6.921077675673242,0.0,RED
2022-06-14,269.0341186523437,11.09382438659668,6.9214890952977015,0.0,RED
2022-06-15,275.7523803710937,11.891355514526367,6.9219678316351745,0.0,RED
2022-06-16,264.62677001953125,10.439559936523438,6.922433416390638,0.0,RED
2022-06-17,267.8444519042969,10.826387405395508,6.922840796114202,0.0,RED
2022-06-21,274.60205078125,11.643022537231444,6.9232556171275395,0.0,RED
2022-06-22,274.2015380859375,11.600040435791016,6.923664418897483,0.0,RED
2022-06-23,278.2851867675781,12.096709251403809,6.924088905454232,0.0,RED
2022-06-24,287.8202819824219,13.362255096435549,6.92451753951361,0.0,RED
2022-06-27,285.7100830078125,13.047062873840332,6.924956641869623,0.0,RED
2022-06-28,277.00537109375,11.85792636871338,6.925405390056467,0.0,RED
2022-06-29,277.2593994140625,11.881803512573242,6.925883023183939,0.0,RED
2022-06-30,273.8205261230469,11.461549758911133,6.926351619646311,0.0,RED
2022-07-01,275.6279602050781,11.647797584533691,6.926791388009667,0.0,RED
2022-07-05,280.3465881347656,12.249528884887695,6.9272320089186135,0.0,RED
2022-07-06,282.1442565917969,12.483534812927246,6.927680079876609,0.0,RED
2022-07-07,288.18182373046875,13.25718879699707,6.9281859104947925,0.0,RED
2022-07-08,288.543212890625,13.31927490234375,6.928695352113947,0.0,RED
2022-07-11,282.3786926269531,12.469209671020508,6.929202081713574,0.0,RED
2022-07-12,279.6432189941406,12.106261253356934,6.9297390948610085,0.0,RED
2022-07-13,279.0667724609375,12.029850959777832,6.9303201479612415,0.0,RED
2022-07-14,280.0633239746094,12.154017448425291,6.930959002460704,0.0,RED
2022-07-15,285.1434936523437,12.793954849243164,6.931584163961729,0.0,RED
2022-07-18,282.7303771972656,12.49786376953125,6.9322003047789265,0.0,RED
2022-07-19,291.4253234863281,13.591485023498535,6.932822002105224,0.0,RED
2022-07-20,296.0462341308594,14.274402618408203,6.933496026479658,0.0,RED
2022-07-21,300.2960510253906,14.880910873413086,6.934150306388247,0.0,RED
2022-07-22,295.0301513671875,14.102478981018066,6.933932845076988,0.25003125390673836,RED
2022-07-25,293.3498840332031,13.89235019683838,6.907732529473975,0.0,RED
2022-07-26,287.5857849121094,13.051836967468262,6.907524941355819,0.2500312539067383,RED
2022-07-27,299.7391967773437,14.680330276489258,7.1225544124644316,0.0,RED
2022-07-28,302.6699523925781,15.100589752197266,7.122337542559719,0.25003125390673836,RED
2022-07-29,308.1898193359375,15.931549072265623,7.2198820845872,0.0,RED
2022-08-01,308.0040588378906,15.907673835754396,7.219637901541765,0.25003125390673836,RED
2022-08-02,307.08575439453125,15.759628295898438,7.202430816741335,0.0,RED
2022-08-03,315.44854736328125,17.02039909362793,7.202234376781268,0.2500312539067383,RED
2022-08-04,316.9237060546875,17.26395606994629,7.227610218604706,0.0,RED
2022-08-05,314.33477783203125,16.853252410888672,7.226485179559466,0.5001250312578145,RED
2022-08-08,313.3187866210937,16.68132781982422,7.188173123500808,0.0,RED
2022-08-09,309.7724914550781,16.108247756958008,7.187077607419594,0.5001250312578145,RED
2022-08-10,318.41845703125,17.43110466003418,7.48068500941038,0.0,RED
2022-08-11,316.611083984375,17.168441772460938,7.479567171342815,0.5001250312578145,RED
2022-08-12,322.77569580078125,18.137901306152344,7.689189787476536,0.0,RED
2022-08-15,325.3841552734375,18.572481155395508,7.688030115772726,0.5001250312578145,RED
2022-08-16,324.62213134765625,18.453094482421875,7.661787143620419,0.0,RED
2022-08-17,320.9194641113281,17.81315803527832,7.660661393145952,0.5001250312578145,RED
2022-08-18,321.6913146972656,17.932546615600586,7.684801468072752,0.0,RED
2022-08-19,315.4192199707031,16.88190460205078,7.683662275179,0.5001250312578145,RED
2022-08-22,307.1151123046875,15.554279327392578,7.3800807118856575,0.0,RED
2022-08-23,306.86114501953125,15.501745223999023,7.379933599055896,0.25003125390673836,RED
2022-08-24,307.7501220703125,15.621133804321287,7.393808691963326,0.0,RED
2022-08-25,313.1917419433594,16.442546844482422,7.393680374447983,0.25003125390673836,RED
2022-08-26,300.3546142578125,14.441550254821776,7.168495298247993,0.0,RED
2022-08-29,297.3944396972656,13.997414588928224,7.169278996873668,0.0,RED
2022-08-30,294.0826721191406,13.529400825500488,7.170075014466153,0.0,RED
2022-08-31,292.37286376953125,13.281068801879885,7.170892459896568,0.0,RED
2022-09-01,292.4999084472656,13.295395851135254,7.171706299249069,0.0,RED
2022-09-02,288.3674621582031,12.741421699523926,7.172521084746406,0.0,RED
2022-09-06,286.2962341308594,12.45010471343994,7.173323723991651,0.0,RED
2022-09-07,292.0798034667969,13.185555458068848,7.174133569475779,0.0,RED
2022-09-08,293.59405517578125,13.400458335876465,7.174968558935649,0.0,RED
2022-09-09,300.0126953125,14.250523567199709,7.175808485824181,0.0,RED
2022-09-12,303.5785522460937,14.77107048034668,7.176653636582934,0.0,RED
2022-09-13,286.9312744140625,12.340267181396484,7.177506576139293,0.0,RED
2022-09-14,289.2076110839844,12.617255210876465,7.178404618959517,0.0,RED
2022-09-15,284.3912353515625,11.982093811035156,7.179295652681687,0.0,RED
2022-09-16,282.6522827148437,11.748086929321287,7.1801773955487675,0.0,RED
2022-09-19,284.8533630371094,12.029850959777832,7.181052123490237,0.0,RED
2022-09-20,282.582763671875,11.743309020996094,7.181916984355759,0.0,RED
2022-09-21,277.5228271484375,11.09859848022461,7.1828412286811325,0.0,RED
2022-09-22,274.1070556640625,10.687893867492676,7.183750485186311,0.0,RED
2022-09-23,269.6441345214844,10.176898956298828,7.184642752640309,0.0,RED
2022-09-26,268.52838134765625,10.038406372070312,7.185528858591222,0.0,RED
2022-09-27,268.6361694335937,10.047956466674805,7.186431326788179,0.0,RED
2022-09-28,273.9798583984375,10.635361671447754,7.187358148288658,0.0,RED
2022-09-29,266.0816650390625,9.737542152404783,7.1882793850726285,0.0,RED
2022-09-30,261.5698547363281,9.226547241210938,7.189197316921637,0.0,RED
2022-10-03,267.70635986328125,9.866482734680176,7.190104525173533,0.0,RED
2022-10-04,276.1233215332031,10.783406257629396,7.191003288266391,0.0,RED
2022-10-05,275.9764404296875,10.783406257629396,7.191949247643853,0.0,RED
2022-10-06,273.8036804199219,10.51119327545166,7.192889052752942,0.0,RED
2022-10-07,263.37066650390625,9.312507629394531,7.1938275535455505,0.0,RED
2022-10-10,260.73797607421875,9.021191596984863,7.194767604101516,0.0,RED
2022-10-11,257.1558532714844,8.663018226623535,7.195705493474414,0.0,RED
2022-10-12,257.0677795410156,8.643918991088867,7.196659209971659,0.0,RED
2022-10-13,263.0966186523437,9.22177028656006,7.19766817016745,0.0,RED
2022-10-14,255.18862915039065,8.390809059143066,7.198691552891878,0.0,RED
2022-10-17,263.6152648925781,9.216996192932127,7.199727935951597,0.0,RED
2022-10-18,265.699951171875,9.446227073669434,7.2007816104106,0.0,RED
2022-10-19,264.7310485839844,9.331612586975098,7.201876872137362,0.0,RED
2022-10-20,263.38043212890625,9.174015045166016,7.2029894477664405,0.0,RED
2022-10-21,269.55615234375,9.82350254058838,7.204101337834195,0.0,RED
2022-10-24,272.5215759277344,10.157793998718262,7.205211970121052,0.0,RED
2022-10-25,278.1589660644531,10.769078254699709,7.20633077945473,0.0,RED
2022-10-26,272.0126342773437,10.057509422302246,7.207464632665921,0.0,RED
2022-10-27,267.0604248046875,9.503534317016602,7.2085886539551085,0.0,RED
2022-10-28,275.2326354980469,10.363150596618652,7.209712850538095,0.0,RED
2022-10-31,272.03228759765625,10.00497817993164,7.210848666419956,0.0,RED
2022-11-01,269.25262451171875,9.694558143615724,7.2119860919263585,0.0,RED
2022-11-02,260.0234680175781,8.691675186157227,7.21314516117429,0.0,RED
2022-11-03,254.9440155029297,8.190231323242188,7.2142972607759415,0.0,RED
2022-11-04,259.0447082519531,8.572281837463379,7.215449544393506,0.0,RED
2022-11-07,261.892822265625,8.844493865966797,7.2165985761039915,0.0,RED
2022-11-08,263.8013000488281,9.03551959991455,7.217739199612629,0.0,RED
2022-11-09,257.7137756347656,8.405134201049805,7.21891065018516,0.0,RED
2022-11-10,276.7301025390625,10.243757247924805,7.220083150217821,0.0,RED
2022-11-11,281.8291320800781,10.826387405395508,7.221244953231103,0.0,RED
2022-11-14,279.36279296875,10.539847373962402,7.222409235759078,0.0,RED
2022-11-15,283.2286376953125,10.964879035949709,7.222672192025995,0.2500312539067383,RED
2022-11-16,279.36279296875,10.520747184753418,7.149545935581044,0.0,RED
2022-11-17,278.74615478515625,10.439559936523438,7.149822408628765,0.25003125390673836,RED
2022-11-18,278.7559509277344,10.430006980895996,7.148168709212975,0.0,RED
2022-11-21,275.88836669921875,10.114816665649414,7.14844796528856,0.2500312539067383,RED
2022-11-22,279.8619079589844,10.539847373962402,7.223493478033781,0.0,RED
2022-11-23,282.6708374023437,10.85504150390625,7.223793733204659,0.25003125390673836,RED
2022-11-25,280.811279296875,10.630586624145508,7.186465129176653,0.0,RED
2022-11-28,276.69091796875,10.162572860717772,7.1867572870215515,0.25003125390673836,RED
2022-11-29,274.5964660644531,9.919013023376465,7.143709555243142,0.0,RED
2022-11-30,287.1141662597656,11.251419067382812,7.14402208350948,0.25003125390673836,RED
2022-12-01,287.46649169921875,11.313502311706545,7.15388435428242,0.0,RED
2022-12-02,286.32135009765625,11.17978572845459,7.153285912435608,0.5001250312578145,RED
2022-12-05,281.51593017578125,10.616259574890137,6.971855734468059,0.0,RED
2022-12-06,275.68280029296875,9.942893028259276,6.972134464900804,0.25003125390673836,RED
2022-12-07,274.557373046875,9.82350254058838,6.9512166326589835,0.0,RED
2022-12-08,277.806640625,10.172122955322266,6.951501433165886,0.25003125390673836,RED
2022-12-09,276.03515625,9.976323127746582,6.9180517027703585,0.0,RED
2022-12-12,279.49981689453125,10.339272499084473,6.918332399488093,0.25003125390673836,RED
2022-12-13,282.50445556640625,10.664015769958496,6.9726292766607765,0.0,RED
2022-12-14,280.409912109375,10.410906791687012,6.972932937196104,0.25003125390673836,RED
2022-12-15,270.99481201171875,9.379364967346191,6.800277287264424,0.0,RED
2022-12-16,268.4110412597656,9.102380752563477,6.801414174843472,0.0,RED
2022-12-19,264.638916015625,8.725104331970215,6.80253775769809,0.0,RED
2022-12-20,264.432861328125,8.686899185180664,6.803661526166817,0.0,RED
2022-12-21,268.26873779296875,9.064173698425291,6.804803569356716,0.0,RED
2022-12-22,261.7055053710937,8.419955253601074,6.805939053423779,0.0,RED
2022-12-23,262.2940979003906,8.443957328796387,6.8070755372643745,0.0,RED
2022-12-27,258.5858154296875,8.083927154541016,6.808208158956324,0.0,RED
2022-12-28,255.17173767089844,7.757497787475586,6.8093415095275756,0.0,RED
2022-12-29,261.3915405273437,8.3047456741333,6.81051368898184,0.0,RED
2022-12-30,261.23468017578125,8.3047456741333,6.8116744491728625,0.0,RED
2023-01-03,259.4687194824219,8.117531776428223,6.81282594658209,0.0,RED
2023-01-04,260.7048034667969,8.242341041564941,6.8139762868671045,0.0,RED
2023-01-05,256.6236572265625,7.853505134582519,6.815166028784249,0.0,RED
2023-01-06,263.70684814453125,8.467960357666016,6.8163824818709715,0.0,RED
2023-01-09,265.4139099121094,8.645577430725098,6.8175977995971255,0.0,RED
2023-01-10,267.6604919433594,8.875997543334961,6.818810628548841,0.0,RED
2023-01-11,272.291015625,9.317636489868164,6.82004586152144,0.0,RED
2023-01-12,273.7627258300781,9.461649894714355,6.821278611828126,0.0,RED
2023-01-13,275.6462707519531,9.648866653442385,6.82248993012723,0.0,RED
2023-01-17,276.2054748535156,9.70167064666748,6.823704983073018,0.0,RED
2023-01-18,272.61480712890625,9.34164047241211,6.8240684911538585,0.2500312539067383,RED
2023-01-19,269.9365539550781,9.048810958862305,6.7706774341727,0.0,RED
2023-01-20,277.3238220214844,9.788080215454102,6.7718932006820385,0.0,RED
2023-01-23,283.48486328125,10.431336402893066,6.7731126789387055,0.0,RED
2023-01-24,282.90606689453125,10.36893081665039,6.7743315704055895,0.0,GREEN
2023-01-25,282.2782287597656,10.292126655578612,6.7755608965151675,0.0,RED
2023-01-26,287.7818908691406,10.887378692626951,6.775088721610896,0.5001250312578145,RED
2023-01-27,290.64654541015625,11.199405670166016,6.872808918935977,0.5071436076311728,GREEN
2023-01-30,284.7700500488281,10.52734661102295,6.664260702130773,0.4916286608454157,GREEN
2023-01-31,289.03765869140625,10.997788429260254,6.811282223152922,0.5025123438458886,GREEN
2023-02-01,295.2183532714844,11.708250999450684,7.033008291797181,0.5181090089727012,GREEN
2023-02-02,305.813720703125,12.917959213256836,7.410103960718892,0.5425501116357743,GREEN
2023-02-03,300.37860107421875,12.25070095062256,7.203045186766144,0.5293160323751871,GREEN
2023-02-06,297.83770751953125,11.938671112060549,7.106543160707946,0.5228388365203602,GREEN
2023-02-07,304.008544921875,12.677938461303713,7.3372293726991344,0.5377578918595206,GREEN
2023-02-08,298.6029663085937,11.996275901794434,7.125696066895117,0.5239494638828422,GREEN
2023-02-09,295.96392822265625,11.674649238586426,7.026215973149725,0.5171215009317108,GREEN
2023-02-10,294.0213928222656,11.434625625610352,6.9521364236243555,0.5118867799876683,GREEN
2023-02-13,298.7304077148437,11.977076530456545,7.121583212254168,0.5234130188120083,GREEN
2023-02-14,300.93780517578125,12.236298561096191,7.202884413945307,0.5287055491055644,GREEN
2023-02-15,303.24322509765625,12.509920120239258,7.288669201223041,0.5341663742379372,GREEN
2023-02-16,297.5531921386719,11.794660568237305,7.066690285375401,0.5194450816800007,GREEN
2023-02-17,295.45379638671875,11.540236473083496,6.988136568778886,0.5139531989269093,GREEN
2023-02-21,288.4588317871094,10.728963851928713,6.736281494342366,0.4956873139096372,GREEN
2023-02-22,288.6746520996094,10.738565444946287,6.739901706675173,0.4958644282699309,GREEN
2023-02-23,291.1960144042969,11.0073881149292,6.82419827498091,0.501999046570704,GREEN
2023-02-24,286.3201599121094,10.450539588928224,6.6515272696828,0.4889760501342381,GREEN
2023-02-27,288.3704833984375,10.676158905029297,6.722379319871952,0.4942677379392912,GREEN
2023-02-28,287.9976806640625,10.623353004455566,6.706574317083156,0.49298206613622486,GREEN
2023-03-01,285.68243408203125,10.364131927490234,6.6265345647733405,0.4867620529908959,GREEN
2023-03-02,288.0467224121094,10.613755226135254,6.704860505276125,0.4926625723896563,GREEN
2023-03-03,294.0017395019531,11.261810302734377,6.9071870187451605,0.5074312875793353,GREEN
2023-03-06,294.3353271484375,11.309815406799316,6.922764241321621,0.5084476262504082,GREEN
2023-03-07,290.7250671386719,10.887378692626951,6.7919311035041865,0.4988848395299431,GREEN
2023-03-08,292.1770324707031,11.036191940307615,6.838899426784998,0.5022307240711812,GREEN
2023-03-09,287.1147766113281,10.455340385437012,6.65878529098376,0.48866745252302063,GREEN
2023-03-10,283.0826416015625,10.023300170898438,6.524979912741462,0.47808135496558635,GREEN
2023-03-13,285.1820983886719,10.23931884765625,6.5928587448860485,0.4833564800231756,GREEN
2023-03-14,291.735595703125,10.935383796691896,6.810119048978604,0.4997462859769851,GREEN
2023-03-15,293.2659606933594,11.093795776367188,6.86005302662131,0.5032953793472065,GREEN
2023-03-16,300.9967346191406,11.972274780273438,7.134071304285497,0.522287316563697,GREEN
2023-03-17,299.5740966796875,11.794660568237305,7.07940649422378,0.5185120412974071,GREEN
2023-03-20,300.6372375488281,11.919469833374023,7.118830567483707,0.5210969502444268,GREEN
2023-03-21,304.9311828613281,12.42351531982422,7.276304653377755,0.5313783729670948,GREEN
2023-03-22,300.7846984863281,11.916532516479492,7.119143572444036,0.5209456309918462,GREEN
2023-03-23,304.3514099121094,12.341432571411133,7.251999341450125,0.5296366963525461,GREEN
2023-03-24,305.4715576171875,12.46696949005127,7.291678715210088,0.5321126961270533,GREEN
2023-03-27,303.37872314453125,12.211064338684082,7.212645044934062,0.5269012257085326,GREEN
2023-03-28,301.7673034667969,12.008270263671877,7.150151650205588,0.5226794795159243,GREEN
2023-03-29,307.2696228027344,12.664936065673828,7.355147259924497,0.5358976821347491,GREEN
2023-03-30,310.1781311035156,13.007753372192385,7.4624667082696305,0.5424880008894251,GREEN
2023-03-31,315.3365173339844,13.64510440826416,7.661456381641028,0.5542883859896094,GREEN
2023-04-03,314.5701599121094,13.548535346984863,7.63202327193645,0.5524880792750526,GREEN
2023-04-04,313.5090026855469,13.413341522216797,7.590567367271068,0.5499623925145117,GREEN
2023-04-05,310.4139099121094,12.983612060546877,7.457467031437366,0.5418442109954485,GREEN
2023-04-06,312.5067443847656,13.244348526000977,7.539251864352396,0.5467296133086699,GREEN
2023-04-10,312.329833984375,13.215375900268556,7.5308736599719595,0.5461405308924129,GREEN
2023-04-11,310.32537841796875,12.95946979522705,7.451886251221254,0.5412417205924236,GREEN
2023-04-12,307.5840148925781,12.61665153503418,7.345855693926594,0.5345298526340835,GREEN
2023-04-13,313.6072692871094,13.340914726257324,7.571921743937337,0.5483397636749453,GREEN
2023-04-14,313.0176696777344,13.263659477233888,7.54853709356809,0.5468532773404728,GREEN
2023-04-17,313.2829284667969,13.278145790100098,7.553711075276103,0.547075558809274,GREEN
2023-04-18,313.3025817871094,13.287801742553713,7.557384587464435,0.5472072784289849,GREEN
2023-04-19,313.1552429199219,13.258830070495604,7.549050994442879,0.5466169501698035,GREEN
2023-04-20,310.7675476074219,12.949813842773438,7.453556765427489,0.5407172332015874,GREEN
2023-04-21,311.0918884277344,12.973955154418944,7.461741824824307,0.5411310111104425,GREEN
2023-04-24,310.4433898925781,12.896699905395508,7.438370857856301,0.5395988508936824,GREEN
2023-04-25,304.5871887207031,12.167610168457031,7.212124344613779,0.5250641061238117,GREEN
2023-04-26,306.4344177246094,12.370404243469238,7.27591155032537,0.5291352935527642,GREEN
2023-04-27,314.7666931152344,13.369885444641112,7.587649776694292,0.5483914289904244,GREEN
2023-04-28,316.93817138671875,13.640275955200195,7.672481134814192,0.5532960585808804,GREEN
2023-05-01,316.5746459960937,13.60165023803711,7.661129515878244,0.5525467740518171,GREEN
2023-05-02,313.8135681152344,13.239516258239746,7.549087258678857,0.5458180846695906,GREEN
2023-05-03,311.7599792480469,12.97878360748291,7.468627260912994,0.5408333389634477,GREEN
2023-05-04,310.6595458984375,12.833932876586914,7.424239884484403,0.5379947241913778,GREEN
2023-05-05,317.262451171875,13.62096118927002,7.669868436667074,0.5527007962269007,GREEN
2023-05-08,318.0484619140625,13.732016563415527,7.705122899924104,0.5546576375057081,GREEN
2023-05-09,316.0341491699219,13.466453552246094,7.62316599484066,0.5497789531760532,GREEN
2023-05-10,319.47320556640625,13.901012420654297,7.759107988644719,0.5575770429436736,GREEN
2023-05-11,320.5147399902344,14.01689338684082,7.7958626584447135,0.5595744027369215,GREEN
2023-05-12,319.3651123046875,13.872040748596191,7.751464628054549,0.5569636287411949,GREEN
2023-05-15,321.094482421875,14.084490776062012,7.818268945209931,0.560661575390026,GREEN
2023-05-16,321.4579772949219,14.137603759765623,7.835480393722261,0.5615396491397933,GREEN
2023-05-17,325.34893798828125,14.644587516784668,7.993954441453996,0.5701455304471695,GREEN
2023-05-18,331.39178466796875,15.431617736816406,8.239589330578635,0.5828759540352574,GREEN
2023-05-19,330.6449584960937,15.325392723083496,8.20722875139662,0.581146094281348,GREEN
2023-05-22,331.75537109375,15.484731674194336,8.25751219845466,0.5836126669136791,GREEN
2023-05-23,327.5499267578125,14.886008262634276,8.071871487009375,0.573950272037629,GREEN
2023-05-24,325.8696594238281,14.644587516784668,7.9974392712907685,0.5698970934052107,GREEN
2023-05-25,333.7990417480469,15.702008247375488,8.327239571943664,0.5868463273343429,GREEN
2023-05-26,342.32781982421875,16.88979721069336,8.69761047306902,0.6043586337327381,GREEN
2023-05-30,343.8802795410156,17.126394271850586,8.769278090084397,0.0,GREEN
2023-05-31,341.9248962402344,16.778745651245117,8.771067788430477,0.0,GREEN
2023-06-01,345.8748779296875,17.387126922607422,8.772894398153696,0.0,GREEN
2023-06-02,348.4688415527344,17.778228759765625,8.774705722366235,0.0,GREEN
2023-06-05,348.71453857421875,17.816852569580078,8.776521599020246,0.0,GREEN
2023-06-06,348.6555480957031,17.797542572021484,8.778312775674555,0.0,GREEN
2023-06-07,342.7404479980469,16.88979721069336,8.78010954302495,0.0,GREEN
2023-06-08,346.9949951171875,17.46921157836914,8.781904936017149,0.0,GREEN
2023-06-09,348.32147216796875,17.681663513183594,8.783682226268585,0.0,GREEN
2023-06-12,354.20703125,18.584571838378903,8.785458133375725,0.0,GREEN
2023-06-13,356.92877197265625,18.999813079833984,8.78723439954026,0.0,GREEN
2023-06-14,359.5228271484375,19.40540885925293,8.78901276837358,0.0,GREEN
2023-06-15,363.8068237304688,20.08621406555176,8.790784521714562,0.0,GREEN
2023-06-16,361.5173950195313,19.699939727783203,8.792547911168857,0.0,GREEN
2023-06-20,360.9998474121094,19.603370666503903,8.79431514353684,0.0,GREEN
2023-06-21,356.08026123046875,18.81772232055664,8.796086220825574,0.0,GREEN
2023-06-22,360.2816162109375,19.44255828857422,8.79787859799848,0.0,GREEN
2023-06-23,356.7099914550781,18.866161346435547,8.799671340403814,0.0,GREEN
2023-06-26,351.9281311035156,18.1202335357666,8.801465495619992,0.0,GREEN
2023-06-27,357.9792175292969,19.01631736755371,8.80326595421033,0.0,GREEN
2023-06-28,358.6778564453125,19.1325626373291,8.805075514374284,0.0,GREEN
2023-06-29,357.95953369140625,19.00178337097168,8.806881952512422,0.0,GREEN
2023-06-30,363.4793701171875,19.859113693237305,8.808690508694326,0.0,GREEN
2023-07-03,364.3353576660156,19.99473762512207,8.8104917460402,0.0,GREEN
2023-07-05,364.3254699707031,19.98021125793457,8.812290554765015,0.0,GREEN
2023-07-06,361.55084228515625,19.5103702545166,8.814106516012595,0.0,GREEN
2023-07-07,360.3504333496094,19.3117790222168,8.815929846793853,0.0,GREEN
2023-07-10,360.468505859375,19.326313018798828,8.817753554758566,0.0,GREEN
2023-07-11,362.2494201660156,19.60240173339844,8.819581838944387,0.0,GREEN
2023-07-12,366.8246765136719,20.328954696655277,8.821416801954337,0.0,GREEN
2023-07-13,373.0528259277344,21.34128761291504,8.823247596003641,0.0,GREEN
2023-07-14,372.9741516113281,21.321908950805664,8.825076319123937,0.0,GREEN
2023-07-17,376.4572448730469,21.912843704223636,8.826902619693415,0.0,GREEN
2023-07-18,379.5369873046875,22.43595695495605,8.828735603013175,0.0,GREEN
2023-07-19,379.44830322265625,22.43595695495605,8.830574222287954,0.0,GREEN
2023-07-20,370.7013244628906,20.86176300048828,8.832412173112768,0.0,GREEN
2023-07-21,369.5895080566406,20.67770004272461,8.834249805545037,0.0,GREEN
2023-07-24,370.1797790527344,20.760046005249023,8.836089573174405,0.0,GREEN
2023-07-25,372.6888427734375,21.17659950256348,8.837930425168818,0.0,GREEN
2023-07-26,371.4490661621094,20.958635330200195,8.839776921300109,0.0,GREEN
2023-07-27,370.5635681152344,20.77942276000977,8.841624855662577,0.0,GREEN
2023-07-28,377.3132629394531,21.903154373168945,8.843473176331333,0.0,GREEN
2023-07-31,377.510009765625,21.946748733520508,8.84531732127394,0.0,GREEN
2023-08-01,376.6343383789063,21.777219772338867,8.847159393757442,0.0,GREEN
2023-08-02,368.3694152832031,20.353174209594727,8.849006062822369,0.0,GREEN
2023-08-03,367.7790832519531,20.20786476135254,8.850853117342838,0.0,GREEN
2023-08-04,366.0572814941406,19.926929473876957,8.852699854834084,0.0,GREEN
2023-08-07,369.1565551757813,20.42098999023437,8.854545221120295,0.0,GREEN
2023-08-08,366.0177917480469,19.89786720275879,8.856393431830206,0.0,GREEN
2023-08-09,361.9936218261719,19.234281539916992,8.858247299933282,0.0,GREEN
2023-08-10,362.6626892089844,19.321468353271484,8.860103313727018,0.0,GREEN
2023-08-11,360.3504333496094,18.93397331237793,8.861955497273529,0.0,GREEN
2023-08-14,364.3944091796875,19.563650131225582,8.863807012928685,0.0,GREEN
2023-08-15,360.527587890625,18.963037490844727,8.865660674150474,0.0,GREEN
2023-08-16,356.7099914550781,18.33335494995117,8.86751824122268,0.0,GREEN
2023-08-17,352.8136901855469,17.713361740112305,8.869377956800133,0.0,GREEN
2023-08-18,352.370849609375,17.631023406982422,8.871235598695899,0.0,GREEN
2023-08-21,358.0480651855469,18.48351287841797,8.87309362966443,0.0,GREEN
2023-08-22,357.5364685058594,18.40117073059082,8.874952754117853,0.0,GREEN
2023-08-23,363.1742858886719,19.268190383911133,8.87681755076508,0.0,GREEN
2023-08-24,355.4111633300781,17.9991455078125,8.87868273924161,0.0,GREEN
2023-08-25,358.1661682128906,18.42538452148437,8.880551138222923,0.0,GREEN
2023-08-28,360.862060546875,18.837099075317383,8.882424159247043,0.0,GREEN
2023-08-29,368.7433166503906,20.038333892822266,8.884300395095975,0.0,GREEN
2023-08-30,370.7997131347656,20.37255096435547,8.886175969684349,0.0,GREEN
2023-08-31,371.9114990234375,20.556610107421875,8.888050177056861,0.0,GREEN
2023-09-01,371.5179138183594,20.48395156860352,8.889918783746685,0.0,GREEN
2023-09-05,371.990234375,20.53723526000977,8.891777200146363,0.0,GREEN
2023-09-06,368.7137451171875,19.99473762512207,8.8936395334391,0.0,GREEN
2023-09-07,366.076904296875,19.55881118774414,8.895510021186066,0.0,GREEN
2023-09-08,366.5885009765625,19.61693382263184,8.897374901319957,0.0,GREEN
2023-09-11,370.9078979492188,20.28536605834961,8.899243703197785,0.0,GREEN
2023-09-12,366.7951354980469,19.636306762695312,8.901112897598182,0.0,GREEN
2023-09-13,368.19232177734375,19.83005714416504,8.902986723089999,0.0,GREEN
2023-09-14,371.20306396484375,20.2950496673584,8.904860943051814,0.0,GREEN
2023-09-15,364.8470153808594,19.253660202026367,8.906732023979307,0.0,GREEN
2023-09-18,365.2273254394531,19.297250747680664,8.908604558304939,0.0,GREEN
2023-09-19,364.4488830566406,19.18099975585937,8.910478193458042,0.0,GREEN
2023-09-20,359.1970520019531,18.349328994750977,8.912355758485715,0.0,GREEN
2023-09-21,352.61492919921875,17.304264068603516,8.914235487508188,0.0,GREEN
2023-09-22,352.6641845703125,17.318849563598633,8.916112075513388,0.0,GREEN
2023-09-25,354.3392333984375,17.547300338745117,8.917989058570136,0.0,GREEN
2023-09-26,349.0184020996094,16.764726638793945,8.919869268001534,0.0,GREEN
2023-09-27,349.8363037109375,16.86680030822754,8.921754121261484,0.0,GREEN
2023-09-28,352.7626953125,17.27509880065918,8.923641143038692,0.0,GREEN
2023-09-29,353.0189208984375,17.313987731933594,8.9255207735137,0.0,GREEN
2023-10-02,355.96514892578125,17.727153778076172,8.927397966442351,0.0,GREEN
2023-10-03,349.7179870605469,16.78902816772461,8.929280868057528,0.0,GREEN
2023-10-04,354.4772033691406,17.469532012939453,8.931173025247922,0.0,GREEN
2023-10-05,353.4327087402344,17.28482437133789,8.933063811296748,0.0,GREEN
2023-10-06,359.3546447753906,18.154895782470703,8.934951452689258,0.0,GREEN
2023-10-09,361.18743896484375,18.422237396240234,8.936847647959578,0.0,GREEN
2023-10-10,363.1877136230469,18.723602294921875,8.938744245644676,0.0,GREEN
2023-10-11,365.7790832519531,19.122188568115234,8.940632377994294,0.0,GREEN
2023-10-12,364.5079650878906,18.89859390258789,8.942525166648169,0.0,GREEN
2023-10-13,359.9261474609375,18.18406105041504,8.944418356017422,0.0,GREEN
2023-10-16,363.9956359863281,18.79651260375977,8.946309461637068,0.0,GREEN
2023-10-17,362.8033752441406,18.616670608520508,8.948200967090477,0.0,GREEN
2023-10-18,358.04412841796875,17.829225540161133,8.950097133540066,0.0,GREEN
2023-10-19,354.6940002441406,17.352872848510742,8.951990150089228,0.0,GREEN
2023-10-20,349.4027404785156,16.570289611816406,8.953876462279098,0.0,GREEN
2023-10-23,350.45703125,16.716115951538086,8.95575961890441,0.0,GREEN
2023-10-24,353.8663024902344,17.18760871887207,8.957640683890299,0.0,GREEN
2023-10-25,345.20513916015625,15.928675651550291,8.959527475856014,0.0,GREEN
2023-10-26,338.6230773925781,15.000271797180176,8.961417153992793,0.0,GREEN
2023-10-27,340.2488708496094,15.214143753051758,8.963301896557294,0.0,GREEN
2023-10-30,344.0818176269531,15.705082893371582,8.965188813820095,0.0,GREEN
2023-10-31,345.7273864746094,15.933534622192385,8.967078974533605,0.0,GREEN
2023-11-01,351.72808837890625,16.7550048828125,8.968972024600422,0.0,GREEN
2023-11-02,358.1131896972656,17.644515991210938,8.970858356086179,0.0,GREEN
2023-11-03,362.320556640625,18.266695022583008,8.972734404632428,0.0,GREEN
2023-11-06,363.7985229492188,18.475706100463867,8.974604792405305,0.0,GREEN
2023-11-07,367.2374572753906,18.99580764770508,8.976478063169678,0.0,GREEN
2023-11-08,367.4739074707031,19.029834747314453,8.978356355499203,0.0,GREEN
2023-11-09,364.6459655761719,18.577781677246094,8.980233259563132,0.0,GREEN
2023-11-10,372.8440246582031,19.817272186279297,8.9821087741563,0.0,GREEN
2023-11-13,371.6813049316406,19.637426376342773,8.983980046817583,0.0,GREEN
2023-11-14,379.6822814941406,20.872058868408203,8.985855274480382,0.0,GREEN
2023-11-15,379.9680480957031,20.93038749694824,8.987728397329706,0.0,GREEN
2023-11-16,380.2932739257813,20.96441078186035,8.989602624066077,0.0,GREEN
2023-11-17,380.38189697265625,20.978992462158203,8.991472960845137,0.0,GREEN
2023-11-20,385.0130310058594,21.72754669189453,8.993340118631666,0.0,GREEN
2023-11-21,382.7763366699219,21.33382797241211,8.995209448583516,0.0,GREEN
2023-11-22,384.3429565429688,21.58172607421875,8.9970852353566,0.0,GREEN
2023-11-24,383.8010864257813,21.474788665771484,8.998964983474176,0.0,GREEN
2023-11-27,383.466064453125,21.41160011291504,9.00084083907344,0.0,GREEN
2023-11-28,384.4710693359375,21.58172607421875,9.00271887162125,0.0,GREEN
2023-11-29,384.0966491699219,21.503955841064453,9.004598010642095,0.0,GREEN
2023-11-30,383.1309814453125,21.32410430908203,9.006470395226014,0.0,GREEN
2023-12-01,384.2247619628906,21.503955841064453,9.008342454399598,0.0,GREEN
2023-12-04,380.6578369140625,20.891496658325195,9.010206680878735,0.0,GREEN
2023-12-05,381.6135864257813,21.042179107666016,9.012074153495442,0.0,GREEN
2023-12-06,379.4064331054688,20.66790199279785,9.013949165601069,0.0,GREEN
2023-12-07,384.70751953125,21.533113479614254,9.015824567813382,0.0,GREEN
2023-12-08,386.4220886230469,21.79073905944824,9.017696782423501,0.0,GREEN
2023-12-11,389.7229309082031,22.344865798950195,9.019569385815313,0.0,GREEN
2023-12-12,392.8267822265625,22.8844051361084,9.021442378069553,0.0,GREEN
2023-12-13,397.8224792480469,23.6912899017334,9.023321129296054,0.0,GREEN
2023-12-14,397.4776306152344,23.65240859985352,9.025191320038346,0.0,GREEN
2023-12-15,399.3990173339844,23.934329986572266,9.027059033296723,0.0,GREEN
2023-12-18,401.9146728515625,24.43498420715332,9.028930715145457,0.0,GREEN
2023-12-19,403.9683532714844,24.799541473388672,9.030802785071074,0.0,GREEN
2023-12-20,397.9654235839844,23.697654724121094,9.03267990190561,0.0,GREEN
2023-12-21,402.5959777832031,24.48366928100586,9.03455454143177,0.0,GREEN
2023-12-22,403.19818115234375,24.58131217956543,9.036422399745481,0.0,GREEN
2023-12-26,405.6665344238281,25.03046417236328,9.038289927107087,0.0,GREEN
2023-12-27,406.4923095703125,25.162282943725582,9.040156047071823,0.0,GREEN
2023-12-28,406.2947692871094,25.098812103271484,9.042034031917593,0.0,GREEN
2023-12-29,404.5364074707031,24.75218391418457,9.04390630703633,0.0,GREEN
2024-01-02,397.6907653808594,23.49748992919922,9.045765332160059,0.0,GREEN
2024-01-03,393.4825744628906,22.74564552307129,9.047636585059056,0.0,GREEN
2024-01-04,391.4575805664063,22.364845275878903,9.049516123897579,0.0,GREEN
2024-01-05,391.9217834472656,22.447834014892575,9.05139353944441,0.0,GREEN
2024-01-08,400.0220336914063,23.8001766204834,9.053268470887934,0.0,GREEN
2024-01-09,400.8122863769531,23.95640754699707,9.0551437907101,0.0,GREEN
2024-01-10,403.5288391113281,24.42996597290039,9.057023092384629,0.0,GREEN
2024-01-11,404.3684997558594,24.547138214111328,9.05890098701931,0.0,GREEN
2024-01-12,404.5759582519531,24.57642936706543,9.060776754668629,0.0,GREEN
2024-01-16,404.5364074707031,24.561782836914062,9.062645719635137,0.0,GREEN
2024-01-17,402.2544860839844,24.137039184570312,9.064516868297897,0.0,GREEN
2024-01-18,407.9641723632813,25.172042846679688,9.06639271976025,0.0,GREEN
2024-01-19,416.0544738769531,26.62690544128418,9.068263562633799,0.0,GREEN
2024-01-22,416.5977783203125,26.73430824279785,9.070134071902984,0.0,GREEN
2024-01-23,418.3265075683594,27.05164909362793,9.072005686801552,0.0,GREEN
2024-01-24,420.6479187011719,27.49592018127441,9.073881287991007,0.0,GREEN
2024-01-25,421.16162109375,27.574031829833984,9.075757276953569,0.0,GREEN
2024-01-26,418.6524963378906,27.066295623779297,9.077628251581018,0.0,GREEN
2024-01-29,422.9396667480469,27.862070083618164,9.079501412897557,0.0,GREEN
2024-01-30,420.1243896484375,27.305513381958008,9.081374960739433,0.0,GREEN
2024-01-31,411.8957824707031,25.69930648803711,9.083249976395953,0.0,GREEN
2024-02-01,416.74603271484375,26.60737991333008,9.085119972535397,0.0,GREEN
2024-02-02,423.7892761230469,27.945072174072266,9.086994679762553,0.0,GREEN
2024-02-05,423.2361145019531,27.803489685058597,9.088873379866847,0.0,GREEN
2024-02-06,422.3865356445313,27.642379760742188,9.090758960482752,0.0,GREEN
2024-02-07,426.7329711914063,28.46745491027832,9.092643128518523,0.0,GREEN
2024-02-08,427.5232543945313,28.58462142944336,9.094527687070553,0.0,GREEN
2024-02-09,431.73138427734375,29.42434310913086,9.096410831708702,0.0,GREEN
2024-02-12,430.0422058105469,29.077714920043945,9.098295088162393,0.0,GREEN
2024-02-13,423.3348388671875,27.700965881347656,9.100182623408953,0.0,GREEN
2024-02-14,427.9480590820313,28.579744338989254,9.102072355705111,0.0,GREEN
2024-02-15,429.2222900390625,28.818960189819336,9.103957062568675,0.0,GREEN
2024-02-16,425.3302307128906,28.02806663513184,9.105842159686219,0.0,GREEN
2024-02-20,422.1197814941406,27.37874794006348,9.107729453894615,0.0,GREEN
2024-02-21,420.4306640625,27.03700256347656,9.109613525006132,0.0,GREEN
2024-02-22,432.7389831542969,29.37552070617676,9.111505938816437,0.0,GREEN
2024-02-23,431.4646911621094,29.107006072998047,9.113398022497805,0.0,GREEN
2024-02-26,431.2374572753906,29.06795310974121,9.115293030575264,0.0,GREEN
2024-02-27,432.2747192382813,29.24859046936035,9.117192049956634,0.0,GREEN
2024-02-28,429.9730224609375,28.7750244140625,9.11908965595896,0.0,GREEN
2024-02-29,433.65765380859375,29.46827888488769,9.120985847534754,0.0,GREEN
2024-03-01,440.1872253417969,30.820619583129883,9.122876280452768,0.0,GREEN
2024-03-04,438.6165466308594,30.454463958740234,9.124764209071602,0.0,GREEN
2024-03-05,430.7435607910156,28.8238468170166,9.126655425100033,0.0,GREEN
2024-03-06,433.45025634765625,29.355995178222656,9.128547757390738,0.0,GREEN
2024-03-07,440.0291748046875,30.66439247131348,9.130442293301265,0.0,GREEN
2024-03-08,433.6773986816406,29.32181739807129,9.132336497817418,0.0,GREEN
2024-03-11,432.0672302246094,28.98007202148437,9.134231095305854,0.0,GREEN
2024-03-12,438.2609558105469,30.210359573364254,9.136130435339533,0.0,GREEN
2024-03-13,434.8924255371094,29.50733757019043,9.13803017031533,0.0,GREEN
2024-03-14,433.7959899902344,29.26811408996582,9.139929575127441,0.0,GREEN
2024-03-15,428.6394653320313,28.198938369750977,9.141829374744404,0.0,GREEN
2024-03-18,432.7276306152344,28.99471664428711,9.14372956924828,0.0,GREEN
2024-03-19,433.8057556152344,29.19488525390625,9.145630158721149,0.0,GREEN
2024-03-20,438.94927978515625,30.23117446899414,9.14753114324511,0.0,GREEN
2024-03-21,441.0264587402344,30.62314796447754,9.149428893019609,0.0,GREEN
2024-03-22,441.5309143066406,30.686843872070312,9.15132703650189,0.0,GREEN
2024-03-25,439.9285278320313,30.37326431274414,9.153222668454687,0.0,GREEN
2024-03-26,438.5042114257813,30.08907890319824,9.155117966680498,0.0,GREEN
2024-03-27,439.9977416992188,30.353662490844727,9.157013657353373,0.0,GREEN
2024-03-28,439.1867065429688,30.16257667541504,9.15890865051291,0.0,GREEN
2024-04-01,440.1164855957031,30.34876251220703,9.160799674415193,0.0,GREEN
2024-04-02,436.3181457519531,29.53541374206543,9.162696541562298,0.0,GREEN
2024-04-03,437.2974243164063,29.73139953613281,9.164591983444376,0.0,GREEN
2024-04-04,430.61083984375,28.33008575439453,9.166486726483397,0.0,GREEN
2024-04-05,435.6851196289063,29.329627990722656,9.168379315017814,0.0,GREEN
2024-04-08,435.8136901855469,29.34922409057617,9.170276660237132,0.0,GREEN
2024-04-09,437.4259948730469,29.653005599975582,9.172177309262972,0.0,GREEN
2024-04-10,433.6079406738281,28.873950958251957,9.174077260200669,0.0,GREEN
2024-04-11,440.5318908691406,30.23117446899414,9.175985977952859,0.0,GREEN
2024-04-12,433.509033203125,28.77105712890625,9.177893272150573,0.0,GREEN
2024-04-15,426.37738037109375,27.325647354125977,9.179798049213606,0.0,GREEN
2024-04-16,426.41693115234375,27.33054542541504,9.181706135777548,0.0,GREEN
2024-04-17,421.2140197753906,26.316307067871094,9.18361279714212,0.0,GREEN
2024-04-18,418.8104553222656,25.84593772888184,9.185522405433987,0.0,GREEN
2024-04-19,410.14556884765625,24.243730545043945,9.18743350441224,0.0,GREEN
2024-04-22,414.2702941894531,24.94928741455078,9.189345730113796,0.0,GREEN
2024-04-23,420.4524230957031,26.06151962280273,9.19125835381629,0.0,GREEN
2024-04-24,421.8767700195313,26.316307067871094,9.193171375602557,0.0,GREEN
2024-04-25,419.8391418457031,25.894933700561523,9.19508844372283,0.0,GREEN
2024-04-26,426.3180236816406,27.085561752319336,9.197002262684537,0.0,GREEN
2024-04-29,428.0489807128906,27.408939361572266,9.19891392526708,0.0,GREEN
2024-04-30,419.97760009765625,25.841035842895508,9.200827810425448,0.0,GREEN
2024-05-01,416.9409484863281,25.282468795776367,9.202742823949762,0.0,GREEN
2024-05-02,422.2625122070313,26.21831321716309,9.204660062038085,0.0,GREEN
2024-05-03,430.7493286132813,27.781322479248047,9.206573316348896,0.0,GREEN
2024-05-06,435.4674377441406,28.69266700744629,9.208485872402083,0.0,GREEN
2024-05-07,435.5367736816406,28.69266700744629,9.210400652714135,0.0,GREEN
2024-05-08,435.2795715332031,28.63876724243164,9.212316927749978,0.0,GREEN
2024-05-09,436.2291259765625,28.795557022094727,9.214234332560762,0.0,GREEN
2024-05-10,437.2578430175781,28.991544723510746,9.216150308187494,0.0,GREEN
2024-05-13,438.2667236328125,29.18263435363769,9.218067779471108,0.0,GREEN
2024-05-14,441.0857849121094,29.726497650146484,9.219984552211368,0.0,GREEN
2024-05-15,447.9801025390625,31.09841728210449,9.22189989428922,0.0,GREEN
2024-05-16,447.0701293945313,30.907331466674805,9.223817463866018,0.0,GREEN
2024-05-17,446.85247802734375,30.83873176574707,9.225736530343974,0.0,GREEN
2024-05-20,449.96826171875,31.475690841674805,9.227654897697443,0.0,GREEN
2024-05-21,450.8486022949219,31.637386322021484,9.229573663949502,0.0,GREEN
2024-05-22,450.7595520019531,31.617786407470703,9.231492829183097,0.0,GREEN
2024-05-23,448.7318115234375,31.14741516113281,9.233414225168518,0.0,GREEN
2024-05-24,452.9752197265625,32.01956558227539,9.235336021063532,0.0,GREEN
2024-05-28,454.6864318847656,32.3674430847168,9.237258216951371,0.0,GREEN
2024-05-29,451.4816589355469,31.691280364990234,9.239181912683973,0.0,GREEN
2024-05-30,446.6447448730469,30.67214584350586,9.241106742249116,0.0,GREEN
2024-05-31,445.8138427734375,30.63784408569336,9.243031239452405,0.0,GREEN
2024-06-03,448.2075500488281,30.93672561645508,9.244955036983878,0.0,GREEN
2024-06-04,449.4341125488281,31.167015075683597,9.246878501251379,0.0,GREEN
2024-06-05,458.4946594238281,33.04850387573242,9.248801264792256,0.0,GREEN
2024-06-06,458.33636474609375,33.00930404663086,9.250724428145853,0.0,GREEN
2024-06-07,457.9308166503906,32.88681411743164,9.252645421760834,0.0,GREEN
2024-06-10,459.7804870605469,33.23468399047852,9.254568650171256,0.0,GREEN
2024-06-11,462.9358215332031,33.92064666748047,9.25649044207247,0.0,GREEN
2024-06-12,468.999267578125,35.258262634277344,9.258417040933953,0.0,GREEN
2024-06-13,471.5413513183594,35.82172775268555,9.260343306046181,0.0,GREEN
2024-06-14,473.9844970703125,36.34109878540039,9.262268869411425,0.0,GREEN
2024-06-17,479.7907104492188,37.65912628173828,9.264194833171574,0.0,GREEN
2024-06-18,479.9391479492188,37.67872619628906,9.266122300385582,0.0,GREEN
2024-06-20,476.2397155761719,36.7918701171875,9.268047227031602,0.0,GREEN
2024-06-21,474.9637451171875,36.45379638671875,9.26996887567753,0.0,GREEN
2024-06-24,469.5564880371094,35.21906280517578,9.271887244292653,0.0,GREEN
2024-06-25,474.9261169433594,36.39500045776367,9.273804170201242,0.0,GREEN
2024-06-26,475.9069519042969,36.62272644042969,9.275726276536195,0.0,GREEN
2024-06-27,477.1353759765625,36.88832092285156,9.277651357829974,0.0,GREEN
2024-06-28,474.65863037109375,36.30793762207031,9.279574261540372,0.0,GREEN
2024-07-01,477.4424743652344,36.903076171875,9.281493881340438,0.0,GREEN
2024-07-02,482.4555358886719,38.03431701660156,9.28341573985119,0.0,GREEN
2024-07-03,486.477783203125,38.96881866455078,9.285341680288122,0.0,GREEN
2024-07-05,491.55023193359375,40.14925003051758,9.28726875715975,0.0,GREEN
2024-07-08,492.7192077636719,40.41484069824219,9.289194391222068,0.0,GREEN
2024-07-09,493.145263671875,40.50336837768555,9.291117844227267,0.0,GREEN
2024-07-10,498.2870178222656,41.77233123779297,9.293044276364173,0.0,GREEN
2024-07-11,487.3594665527344,39.0278434753418,9.294971107929955,0.0,GREEN
2024-07-12,490.2226257324219,39.66231918334961,9.296888380128111,0.0,GREEN
2024-07-15,491.540283203125,39.95742416381836,9.298806047801696,0.0,GREEN
2024-07-16,491.728515625,39.9869384765625,9.300722265988854,0.0,GREEN
2024-07-17,477.2939147949219,36.47024917602539,9.30263887905382,0.0,GREEN
2024-07-18,475.03509521484375,35.92430114746094,9.304556625505153,0.0,GREEN
2024-07-19,470.8245544433594,34.95045852661133,9.306474028722038,0.0,GREEN
2024-07-22,477.8387756347656,36.47517395019531,9.30839182706093,0.0,GREEN
2024-07-23,476.154541015625,36.08169174194336,9.310308912541686,0.0,GREEN
2024-07-24,459.0747680664063,32.19120407104492,9.31222011201353,0.0,GREEN
2024-07-25,454.01220703125,31.11898422241211,9.314130595294863,0.0,GREEN
2024-07-26,458.6685180664063,32.00922775268555,9.316037774360359,0.0,GREEN
2024-07-29,459.58990478515625,32.196128845214844,9.31794349565724,0.0,GREEN
2024-07-30,453.2790832519531,30.88290023803711,9.319846648579608,0.0,GREEN
2024-07-31,466.69329833984375,33.583126068115234,9.321745752336497,0.0,GREEN
2024-08-01,455.3893432617188,31.163253784179688,9.323645243073475,0.0,GREEN
2024-08-02,444.5806884765625,28.890932083129883,9.325537720981583,0.0,GREEN
2024-08-05,431.324951171875,26.37268829345703,9.327399127993216,0.0,GREEN
2024-08-06,435.4463195800781,27.03175926208496,9.329272010495357,0.0,GREEN
2024-08-07,430.7305908203125,26.161195755004883,9.331152673237481,0.0,GREEN
2024-08-08,443.906982421875,28.556474685668945,9.333033715097327,0.0,GREEN
2024-08-09,446.2252502441406,28.945032119750977,9.334916247322836,0.0,GREEN
2024-08-12,447.1862487792969,29.14177131652832,9.336796195663101,0.0,GREEN
2024-08-13,458.2821960449219,31.261621475219727,9.338675781642197,0.0,GREEN
2024-08-14,458.4307861328125,31.31572151184082,9.34054833435947,0.0,GREEN
2024-08-15,470.01220703125,33.671653747558594,9.34242496920492,0.0,GREEN
2024-08-16,470.6165161132813,33.76019287109375,9.344308283416458,0.0,GREEN
2024-08-19,476.7985229492188,35.06849670410156,9.346190123208366,0.0,GREEN
2024-08-20,475.79791259765625,34.852088928222656,9.348067891560882,0.0,GREEN
2024-08-21,478.0171203613281,35.32917404174805,9.34993490845084,0.0,GREEN
2024-08-22,470.4382019042969,33.63230895996094,9.351791909454285,0.0,GREEN
2024-08-23,475.5403747558594,34.68977355957031,9.353656701328765,0.0,GREEN
2024-08-26,470.9236450195313,33.671653747558594,9.355512585594902,0.0,GREEN
2024-08-27,472.3304748535156,33.956932067871094,9.35736809564486,0.0,GREEN
2024-08-28,466.9707336425781,32.80601119995117,9.359212833902493,0.0,GREEN
2024-08-29,466.2871398925781,32.63386154174805,9.36105310766749,0.0,GREEN
2024-08-30,471.8450317382813,33.74542999267578,9.362897458068598,0.0,GREEN
2024-09-03,457.5193481445313,30.666488647460938,9.364743286400524,0.0,GREEN
2024-09-04,456.3304748535156,30.405811309814453,9.366590221804039,0.0,GREEN
2024-09-05,456.7564697265625,30.504180908203125,9.368429344343273,0.0,GREEN
2024-09-06,444.521240234375,28.03020668029785,9.37026287986023,0.0,GREEN
2024-09-09,450.2376403808594,29.072912216186523,9.372087850103993,0.0,GREEN
2024-09-10,454.3985900878906,29.85494613647461,9.373908340970958,0.0,GREEN
2024-09-11,464.26611328125,31.75838279724121,9.37570686665295,0.0,GREEN
2024-09-12,468.8233642578125,32.69780349731445,9.377520619469415,0.0,GREEN
2024-09-13,470.9236450195313,33.12570571899414,9.379321698883269,0.0,GREEN
2024-09-16,468.8431396484375,32.683048248291016,9.381094465127678,0.0,GREEN
2024-09-17,469.0908508300781,32.70272445678711,9.382860865610354,0.0,GREEN
2024-09-18,467.0598449707031,32.27482223510742,9.384623875429854,0.0,GREEN
2024-09-19,478.8691101074219,34.71437072753906,9.386342527693234,0.0,GREEN
2024-09-20,477.9576416015625,34.4930305480957,9.388053300336924,0.0,GREEN
2024-09-23,479.2245788574219,34.74879455566406,9.389746502835587,0.0,GREEN
2024-09-24,481.53619384765625,35.24064254760742,9.391424361028468,0.0,GREEN
2024-09-25,481.9826354980469,35.36399459838867,9.393099537672438,0.0,GREEN
2024-09-26,485.6037902832031,36.11400985717773,9.394772031224742,0.0,GREEN
2024-09-27,482.9053039550781,35.49229049682617,9.396437739194038,0.0,GREEN
2024-09-30,484.2148742675781,35.76860809326172,9.398108962716426,0.0,GREEN
2024-10-01,477.4685363769531,34.2537841796875,9.399786450632167,0.0,GREEN
2024-10-02,478.1431579589844,34.382076263427734,9.401458269746787,0.0,GREEN
2024-10-03,477.7860412597656,34.30312728881836,9.403127028608168,0.0,GREEN
2024-10-04,483.4707946777344,35.51202392578125,9.40479309859299,0.0,GREEN
2024-10-07,478.29205322265625,34.34260177612305,9.40647439200511,0.0,GREEN
2024-10-08,485.4351501464844,35.8327522277832,9.408163451430543,0.0,GREEN
2024-10-09,489.2546997070313,36.69625473022461,9.409853934087671,0.0,GREEN
2024-10-10,488.69915771484375,36.56796646118164,9.411547334331928,0.0,GREEN
2024-10-11,489.4630432128906,36.661712646484375,9.413239172085863,0.0,GREEN
2024-10-14,493.57037353515625,37.59922409057617,9.414925710720988,0.0,GREEN
2024-10-15,486.972900390625,36.099212646484375,9.416613672449012,0.0,GREEN
2024-10-16,487.0324096679688,36.079471588134766,9.4183008156821,0.0,GREEN
2024-10-17,487.3697509765625,36.188018798828125,9.419983776258494,0.0,GREEN
2024-10-18,490.5642700195313,36.8294792175293,9.42167152330183,0.0,GREEN
2024-10-21,491.50677490234375,37.03178405761719,9.42335882503566,0.0,GREEN
2024-10-22,492.0425109863281,37.14033889770508,9.42504829870065,0.0,GREEN
2024-10-23,484.5025329589844,35.4232063293457,9.426731343039704,0.0,GREEN
2024-10-24,488.4313354492188,36.2669677734375,9.4284165583484,0.0,GREEN
2024-10-25,491.4075927734375,36.87882232666016,9.430095340292425,0.0,GREEN
2024-10-28,491.4869384765625,36.91335678100586,9.43178302807588,0.0,GREEN
2024-10-29,496.2093811035156,37.934757232666016,9.433460538010186,0.0,GREEN
2024-10-30,492.459228515625,37.09099578857422,9.435137597668527,0.0,GREEN
2024-10-31,480.0281982421875,34.26858139038086,9.436808590422764,0.0,GREEN
2024-11-01,483.5798950195313,34.99885940551758,9.438468270469775,0.0,GREEN
2024-11-04,482.1711730957031,34.67319869995117,9.44011625702891,0.0,GREEN
2024-11-05,488.3221435546875,35.99065017700195,9.441771274319077,0.0,GREEN
2024-11-06,501.5865478515625,38.9117431640625,9.443428454994221,0.0,GREEN
2024-11-07,509.4836120605469,40.73249435424805,9.445088549694004,0.0,GREEN
2024-11-08,510.0789184570313,40.831180572509766,9.446745188269809,0.0,GREEN
2024-11-11,509.7813415527344,40.75716400146485,9.448403241945774,0.0,GREEN
2024-11-12,508.8586120605469,40.53512191772461,9.450058587181996,0.0,GREEN
2024-11-13,508.2038269042969,40.35749053955078,9.451717222412046,0.0,GREEN
2024-11-14,504.6720275878906,39.50385284423828,9.453363771513017,0.0,GREEN
2024-11-15,492.6477355957031,36.64691162109375,9.455007981530354,0.0,GREEN
2024-11-18,496.0704040527344,37.38705062866211,9.456656229595955,0.0,GREEN
2024-11-19,499.4832763671875,38.13706207275391,9.458308517541374,0.0,GREEN
2024-11-20,499.195556640625,38.09265899658203,9.459962970869675,0.0,GREEN
2024-11-21,500.99127197265625,38.4676628112793,9.461618464332297,0.0,GREEN
2024-11-22,501.794921875,38.61075973510742,9.463275373986809,0.0,GREEN
2024-11-25,502.5885925292969,38.788387298583984,9.464933324796934,0.0,GREEN
2024-11-26,505.2870788574219,39.39037322998047,9.466587810244615,0.0,GREEN
2024-11-27,501.3087158203125,38.43805694580078,9.468238828230545,0.0,GREEN
2024-11-29,505.7136535644531,39.41997528076172,9.469886377017406,0.0,GREEN
2024-12-02,511.2199096679688,40.69795608520508,9.471529702989606,0.0,GREEN
2024-12-03,512.7872924804688,41.05816268920898,9.473175945100044,0.0,GREEN
2024-12-04,519.126953125,42.55817794799805,9.474813827100053,0.0,GREEN
2024-12-05,517.6883544921875,42.20784378051758,9.476447480436992,0.0,GREEN
2024-12-06,522.3214721679688,43.29338836669922,9.478075774757123,0.0,GREEN
2024-12-09,518.2537841796875,42.2818603515625,9.479691184922826,0.0,GREEN
2024-12-10,516.4879150390625,41.822975158691406,9.481306118111487,0.0,GREEN
2024-12-11,525.7342529296875,44.05820846557617,9.48291831633646,0.0,GREEN
2024-12-12,522.3412475585938,43.18482971191406,9.484519499611112,0.0,GREEN
2024-12-13,526.3394165039062,44.11248397827149,9.486108909385605,0.0,GREEN
2024-12-16,533.9190673828125,46.03191375732422,9.487696703304835,0.0,GREEN
2024-12-17,531.5678100585938,45.415130615234375,9.489288528035702,0.0,GREEN
2024-12-18,512.3905639648438,40.505516052246094,9.490885138400264,0.0,GREEN
2024-12-19,510.1086730957031,39.93313980102539,9.492479004460222,0.0,GREEN
2024-12-20,514.5632934570312,40.96934127807617,9.494068617928763,0.0,GREEN
2024-12-23,519.576416015625,42.1104736328125,9.495656613987226,0.0,GREEN
2024-12-24,526.621826171875,43.78380584716797,9.497244875656945,0.0,GREEN
2024-12-26,526.2640991210938,43.68974304199219,9.498827749731005,0.0,GREEN
2024-12-27,519.2684326171875,41.91244888305664,9.500416541810948,0.0,GREEN
2024-12-30,512.3621826171875,40.22922134399414,9.501991650543406,0.0,GREEN
2024-12-31,508.0097351074219,39.17472076416016,9.503568528742017,0.0,GREEN
2025-01-02,507.0160827636719,38.92718505859375,9.505155473905077,0.0,GREEN
2025-01-03,515.3134765625,40.79359436035156,9.5067426840628,0.0,GREEN
2025-01-06,521.2359619140625,42.18473052978516,9.508324500354512,0.0,GREEN
2025-01-07,511.9348754882813,39.912376403808594,9.509905447981518,0.0,GREEN
2025-01-08,512.0243530273438,39.94207763671875,9.511491564380362,0.0,GREEN
2025-01-10,503.9952392578125,38.03606414794922,9.513078700146337,0.0,GREEN
2025-01-13,502.3755187988281,37.64001083374024,9.514669120735944,0.0,GREEN
2025-01-14,501.89849853515625,37.50634002685547,9.516261695090476,0.0,GREEN
2025-01-15,513.4453125,40.04108810424805,9.517852647821238,0.0,GREEN
2025-01-16,509.8481140136719,39.2242317199707,9.519440845029886,0.0,GREEN
2025-01-17,518.45361328125,41.15994644165039,9.521025529790958,0.0,GREEN
2025-01-21,521.4943237304688,41.84313583374024,9.522609722589408,0.0,GREEN
2025-01-22,528.1620483398438,43.46696090698242,9.524195690575915,0.0,GREEN
2025-01-23,529.2849731445312,43.73429489135742,9.525788725746116,0.0,GREEN
2025-01-24,526.2938232421875,42.9471435546875,9.527381271229991,0.0,GREEN
2025-01-27,510.9710083007813,39.17967224121094,9.528971058433113,0.0,GREEN
2025-01-28,518.5231323242188,40.917362213134766,9.53055468274737,0.0,GREEN
2025-01-29,517.5493774414062,40.66487503051758,9.532139326583325,0.0,GREEN
2025-01-30,519.7553100585938,41.1747932434082,9.533723477433599,0.0,GREEN
2025-01-31,519.0000610351562,40.9520149230957,9.535305621604635,0.0,GREEN
2025-02-03,514.8463745117188,39.961875915527344,9.536890298663012,0.0,GREEN
2025-02-04,521.1663208007812,41.41242980957031,9.538475995920834,0.0,GREEN
2025-02-05,523.5313110351562,41.95204925537109,9.540070662494669,0.0,GREEN
2025-02-06,526.2640991210938,42.580787658691406,9.54166446002852,0.0,GREEN
2025-02-07,519.6260986328125,40.95696640014648,9.543259659657858,0.0,GREEN
2025-02-10,525.9161987304688,42.39761352539063,9.54486080661843,0.0,GREEN
2025-02-11,524.6641845703125,42.09562301635742,9.546462222215894,0.0,GREEN
2025-02-12,524.97216796875,42.17978286743164,9.548062769913452,0.0,GREEN
2025-02-13,532.5244140625,43.95707321166992,9.54966472272922,0.0,GREEN
2025-02-14,534.76025390625,44.471946716308594,9.55126125986274,0.0,GREEN
2025-02-18,535.9724731445312,44.74918746948242,9.55285806390938,0.0,GREEN
2025-02-19,536.1215209960938,44.75413513183594,9.554455134913765,0.0,GREEN
2025-02-20,533.8458862304688,44.20956039428711,9.55605436868914,0.0,GREEN
2025-02-21,522.7661743164062,41.44213104248047,9.557648940430857,0.0,GREEN
2025-02-24,516.5953369140625,39.95197677612305,9.559240744115705,0.0,GREEN
2025-02-25,510.0865783691406,38.42716979980469,9.560830157578595,0.0,GREEN
2025-02-26,511.3188171386719,38.67470169067383,9.562416800167913,0.0,GREEN
2025-02-27,497.1188049316406,35.4666633605957,9.564007880013587,0.0,GREEN
2025-02-28,504.9690551757813,37.09048843383789,9.565599983771461,0.0,GREEN
2025-03-03,493.9190673828125,34.69435119628906,9.5671915932635,0.0,GREEN
2025-03-04,492.4285278320313,34.31315231323242,9.568783467581662,0.0,GREEN
2025-03-05,498.8478698730469,35.649837493896484,9.570376366323293,0.0,GREEN
2025-03-06,485.1248779296875,32.694278717041016,9.571973327906239,0.0,GREEN
2025-03-07,488.6922302246094,33.37252426147461,9.573567517283731,0.0,GREEN
2025-03-10,469.7522888183594,29.610010147094727,9.57516197216967,0.0,GREEN
2025-03-11,468.6293640136719,29.26346206665039,9.57675213297545,0.0,GREEN
2025-03-12,473.9159240722656,30.26349830627441,9.57834635824695,0.0,GREEN
2025-03-13,465.3899230957031,28.609973907470703,9.579941609037478,0.0,GREEN
2025-03-14,476.63861083984375,30.63974952697754,9.58153370417222,0.0,GREEN
2025-03-17,479.72900390625,31.23383140563965,9.583126063898023,0.0,GREEN
2025-03-18,471.5508728027344,29.659517288208008,9.58471868825886,0.0,GREEN
2025-03-19,477.8609008789063,30.813026428222656,9.586314239708964,0.0,GREEN
2025-03-20,476.24114990234375,30.49618148803711,9.58790815467773,0.0,GREEN
2025-03-21,477.8111877441406,30.7833194732666,9.589499290925312,0.0,GREEN
2025-03-24,488.2964782714844,32.73883819580078,9.591091832750067,0.0,GREEN
2025-03-25,491.0829772949219,33.32301712036133,9.592683497336624,0.0,GREEN
2025-03-26,482.0466918945313,31.469974517822266,9.594275426063719,0.0,GREEN
2025-03-27,479.2999877929688,30.93372344970703,9.595870664737696,0.0,GREEN
2025-03-28,466.68109130859375,28.4709415435791,9.597465407129917,0.0,GREEN
2025-03-31,466.6611633300781,28.451080322265625,9.599060414553149,0.0,YELLOW
2025-04-01,470.4229431152344,29.10649871826172,9.600657591488874,0.0,YELLOW
2025-04-02,473.8563232421875,29.75695037841797,9.60225770101479,0.0,YELLOW
2025-04-03,448.4891052246094,24.97538185119629,9.603859220450373,0.0,RED
2025-04-04,420.6339721679688,20.4023551940918,9.605454147049105,0.0,RED
2025-04-07,421.6490173339844,20.481800079345703,9.607037903556895,0.0,RED
2025-04-08,414.0557556152344,19.31495857238769,9.608620014994036,0.0,RED
2025-04-09,463.7552490234375,26.12236595153809,9.610213063175228,0.0,RED
2025-04-10,444.03070068359375,22.909822463989254,9.611825443429494,0.0,RED
2025-04-11,452.2111206054688,24.12135505676269,9.613426270081982,0.0,RED
2025-04-14,455.2762756347656,24.62781143188477,9.615033467032468,0.0,RED
2025-04-15,455.7837829589844,24.722152709960938,9.61663406493107,0.0,RED
2025-04-16,442.0403442382813,22.487773895263672,9.618236837202438,0.0,RED
2025-04-17,441.9607238769531,22.42322540283203,9.619842930153713,0.0,RED
2025-04-21,431.0236206054688,20.784683227539062,9.621448145978608,0.0,RED
2025-04-22,442.33892822265625,22.373573303222656,9.623055538719148,0.0,RED
2025-04-23,452.3703308105469,23.858192443847656,9.624664345515152,0.0,RED
2025-04-24,465.0987243652344,25.888994216918945,9.626271511758336,0.0,RED
2025-04-25,470.28363037109375,26.743024826049805,9.627874744369125,0.0,RED
2025-04-28,470.1343383789063,26.723163604736328,9.629476715688988,0.0,RED
2025-04-29,473.23931884765625,27.244516372680664,9.631078953559069,0.0,RED
2025-04-30,473.1795654296875,27.249481201171875,9.631476226510859,0.25003125390673836,RED
2025-05-01,479.3596496582031,28.18791961669922,9.715611642236475,0.25640222843000043,RED
2025-05-02,486.4752502441406,29.508686065673828,9.833534024532023,0.26519734077394064,RED
2025-05-05,483.5892028808594,28.997264862060547,9.78954380706959,0.26177218554182025,RED
2025-05-06,479.0910034179688,28.17302703857422,9.717908654715655,0.25620618942254647,RED
2025-05-07,480.9718627929688,28.500732421875,9.748077139042781,0.25838421659481225,RED
2025-05-08,485.9378662109375,29.349796295166016,9.82432226206749,0.26401670644746755,RED
2025-05-09,485.6193542480469,29.2802848815918,9.819388591538925,0.26352375390934313,RED
2025-05-12,505.4036560058594,32.825496673583984,10.13390591207326,0.28626177238191697,RED
2025-05-13,513.1063842773438,34.329978942871094,10.268092831244534,0.29546950753908435,GREEN
2025-05-14,516.181396484375,34.93574142456055,10.322857126193803,0.2990879841721918,GREEN
2025-05-15,516.748779296875,35.044979095458984,10.333741301598927,0.2997071734454379,GREEN
2025-05-16,518.9978637695312,35.476959228515625,10.373140264325786,0.3022491276728754,GREEN
2025-05-19,519.4954223632812,35.5713005065918,10.382694603303921,0.30277400202024346,GREEN
2025-05-20,517.7638549804688,35.19890213012695,10.35100194001314,0.3005215675629329,GREEN
2025-05-21,510.568603515625,33.7341423034668,10.222774450289085,0.2916283974997852,GREEN
2025-05-22,511.5240173339844,33.907928466796875,10.239349762696989,0.292656246203754,GREEN
2025-05-23,506.7869262695313,32.92976760864258,10.154121218646658,0.2865993755599501,GREEN
2025-05-27,518.7091674804688,35.223731994628906,10.358066033417776,0.30052846308562825,GREEN
2025-05-28,516.4103393554688,34.77189254760742,10.319343160369701,0.29778662783960475,GREEN
2025-05-29,517.4254760742188,34.940711975097656,10.335477478751994,0.2987652778507566,GREEN
2025-05-30,516.6093139648438,34.75699234008789,10.320457835751437,0.29762687332628185,GREEN
2025-06-02,520.689697265625,35.55640411376953,10.392323108602904,0.3023668044946369,GREEN
2025-06-03,524.7598876953125,36.38560485839844,10.466821183111309,0.3072159162045491,GREEN
2025-06-04,526.2228393554688,36.67855453491211,10.493929192823497,0.3088893966471028,GREEN
2025-06-05,522.2620239257812,35.82453155517578,10.419675256546807,0.3038472108321143,GREEN
2025-06-06,527.3673095703125,36.84737777709961,10.511287344093144,0.3097987036949832,GREEN
2025-06-09,528.1435546875,37.01123046875,10.526986171973531,0.31071225938548763,GREEN
2025-06-10,531.63671875,37.72623443603516,10.591395444843384,0.3147887430797018,GREEN
2025-06-11,529.8453369140625,37.33893585205078,10.55839192933275,0.3125309809860887,GREEN
2025-06-12,531.0892333984375,37.58224105834961,10.581118164874024,0.3138918409146965,GREEN
2025-06-13,524.421630859375,36.16216659545898,10.456845905612367,0.3056206197383286,GREEN
2025-06-16,531.7161865234375,37.63685607910156,10.588393130995858,0.31413201373982313,GREEN
2025-06-17,526.5313720703125,36.52463150024414,10.491324605266819,0.3076694932274916,GREEN
2025-06-18,526.4417724609375,36.474979400634766,10.488152371624915,0.3073441738079485,GREEN
2025-06-20,524.2921752929688,35.973487854003906,10.445050518600409,0.30436935238298835,GREEN
2025-06-23,529.6832275390625,37.09067535400391,10.544991389442593,0.310847536091742,GREEN
2025-06-24,537.7831420898438,38.77886581420898,10.695384119072521,0.3204259155513643,GREEN
2025-06-25,539.157958984375,39.07662963867188,10.722905158919612,0.32205759954809265,GREEN
2025-06-26,544.1992797851562,40.14715194702149,10.818720580735048,0.3279500905187532,GREEN
2025-06-27,546.0623779296875,40.54050827026367,10.854693172053796,0.33006582141675667,GREEN
2025-06-30,549.5992431640625,41.32721710205078,10.925429606181023,0.334292440774533,GREEN
2025-07-01,544.9664306640625,40.27660751342773,10.832011676158938,0.0,GREEN
2025-07-02,548.7623291015625,41.07826232910156,10.833827757440636,0.0,GREEN
2025-07-03,554.1622924804688,42.22845077514648,10.835643283438927,0.0,GREEN
2025-07-07,549.9878540039062,41.287384033203125,10.837466423321535,0.0,GREEN
2025-07-08,550.2967529296875,41.34215545654297,10.83929202029482,0.0,GREEN
2025-07-09,554.1921997070312,42.19857406616211,10.841120075496654,0.0,GREEN
2025-07-10,553.3952026367188,42.004390716552734,10.84294628793633,0.0,GREEN
2025-07-11,552.1497192382812,41.68572235107422,10.844770656578358,0.0,GREEN
2025-07-14,554.15234375,42.12887191772461,10.84659404122708,0.0,GREEN
2025-07-15,554.660400390625,42.23841094970703,10.848413858742378,0.0,GREEN
2025-07-16,555.2283325195312,42.35791015625,10.850235703428272,0.0,GREEN
2025-07-17,559.7216186523438,43.343788146972656,10.85205484012717,0.0,GREEN
2025-07-18,559.1836547851562,43.19441604614258,10.853878588289742,0.0,GREEN
2025-07-21,562.0828857421875,43.851661682128906,10.855700489346708,0.0,GREEN
2025-07-22,559.1737060546875,43.16951751708984,10.857519680763566,0.0,GREEN
2025-07-23,561.7241821289062,43.73714447021485,10.859342193003913,0.0,GREEN
2025-07-24,562.9197998046875,44.02593612670898,10.861169320321883,0.0,GREEN
2025-07-25,564.2747802734375,44.2748908996582,10.862998910104496,0.0,GREEN
2025-07-28,566.0381469726562,44.70808410644531,10.864828808085855,0.0,GREEN
2025-07-29,565.1614379882812,44.50393295288086,10.866654702984777,0.0,GREEN
2025-07-30,565.918701171875,44.658294677734375,10.868478748603861,0.0,GREEN
2025-07-31,562.9197998046875,43.9213752746582,10.870303962917191,0.0,GREEN
2025-08-01,551.8309326171875,41.287384033203125,10.872130777946328,0.0,GREEN
2025-08-04,562.0131225585938,43.54793548583984,10.873935034004079,0.0,GREEN
2025-08-05,558.197265625,42.6417236328125,10.875727075705223,0.0,GREEN
2025-08-06,565.2212524414062,44.23506164550781,10.877518118102103,0.0,GREEN
2025-08-07,567.1340942382812,44.68318557739258,10.879302117358522,0.0,GREEN
2025-08-08,572.4244384765625,45.88814926147461,10.881088567846067,0.0,GREEN
2025-08-11,570.730712890625,45.48483657836914,10.882873152684567,0.0,GREEN
2025-08-12,577.9041137695312,47.16282272338867,10.88466234890844,0.0,GREEN
2025-08-13,578.1930541992188,47.23252868652344,10.886446224176163,0.0,GREEN
2025-08-14,577.7447509765625,47.10307312011719,10.888221751772786,0.0,GREEN
2025-08-15,575.2041625976562,46.43586349487305,10.889998433031463,0.0,GREEN
2025-08-18,574.9749755859375,46.37611389160156,10.8917754041994,0.0,GREEN
2025-08-19,567.1740112304688,44.48401641845703,10.893557419737908,0.0,GREEN
2025-08-20,563.8065185546875,43.67241287231445,10.895334107136701,0.0,GREEN
2025-08-21,561.1961669921875,43.0649528503418,10.897113245920714,0.0,GREEN
2025-08-22,569.85400390625,45.00185394287109,10.898898296758402,0.0,GREEN
2025-08-25,568.2100830078125,44.608497619628906,10.900666340182333,0.0,GREEN
2025-08-26,570.4916381835938,45.1263313293457,10.90243683330231,0.0,GREEN
2025-08-27,571.368408203125,45.33048248291016,10.904205450755478,0.0,GREEN
2025-08-28,574.9451293945312,46.15702819824219,10.905962239386673,0.0,GREEN
2025-08-29,568.2898559570312,44.49397659301758,10.907724504407705,0.0,GREEN
2025-09-02,563.5275268554688,43.35872650146485,10.909474501732493,0.0,GREEN
2025-09-03,567.9611206054688,44.36949920654297,10.911220017680845,0.0,GREEN
2025-09-04,573.1019287109375,45.569480895996094,10.912959751149282,0.0,GREEN
2025-09-05,573.9288330078125,45.7188606262207,10.914691100834407,0.0,GREEN
2025-09-08,576.7284545898438,46.371131896972656,10.916384610482861,0.0,GREEN
2025-09-09,578.3624877929688,46.749549865722656,10.91808618026296,0.0,GREEN
2025-09-10,578.5517578125,46.7993392944336,10.919794514178141,0.0,GREEN
2025-09-11,581.919189453125,47.58605194091797,10.921497482161065,0.0,GREEN
2025-09-12,584.4896240234375,48.1785774230957,10.923199848899888,0.0,GREEN
2025-09-15,589.4910888671875,49.40843200683594,10.924902480991745,0.0,GREEN
2025-09-16,588.9929809570312,49.27399444580078,10.926593239750385,0.0,GREEN
2025-09-17,587.8173217773438,48.96030807495117,10.928279924228514,0.0,GREEN
2025-09-18,593.1176147460938,50.27979278564453,10.929957328477737,0.0,GREEN
2025-09-19,597.1326904296875,51.27562713623047,10.931640194973188,0.0,GREEN
2025-09-22,600.667724609375,52.14200592041016,10.933322452945626,0.0,GREEN
2025-09-23,596.6779174804688,51.09139633178711,10.934991953951226,0.0,GREEN
2025-09-24,594.583251953125,50.54216766357422,10.936660408093122,0.0,GREEN
2025-09-25,592.0198364257812,49.864349365234375,10.938334758739648,0.0,GREEN
2025-09-26,594.4535522460938,50.46242141723633,10.940020217181774,0.0,GREEN
2025-09-29,597.20654296875,51.13525390625,10.94169595039172,0.0,GREEN
2025-09-30,598.8424072265625,51.53396987915039,10.94337324287339,0.0,GREEN
2025-10-01,601.7150268554688,52.261627197265625,10.94504297582704,0.0,GREEN
2025-10-02,604.188720703125,52.89956665039063,10.946712963547483,0.0,GREEN
2025-10-03,601.645263671875,52.18187713623047,10.948384509262823,0.0,GREEN
2025-10-06,606.1636962890625,53.34812545776367,10.950060654813429,0.0,GREEN
2025-10-07,602.9718627929688,52.48590469360352,10.951737925963384,0.0,GREEN
2025-10-08,609.88427734375,54.265167236328125,10.953408065968908,0.0,GREEN
2025-10-09,609.1461181640625,54.05085754394531,10.95507846067078,0.0,GREEN
2025-10-10,588.0000610351562,48.37913513183594,10.95675345735705,0.0,GREEN
2025-10-13,600.4782104492188,51.44924545288086,10.958428710144993,0.0,GREEN
2025-10-14,596.4783935546875,50.40261459350586,10.960104219073763,0.0,GREEN
2025-10-15,600.6876220703125,51.43428802490234,10.961779984182524,0.0,GREEN
2025-10-16,598.4633178710938,50.861141204833984,10.963458180516573,0.0,GREEN
2025-10-17,602.393310546875,51.82802200317383,10.965134458435381,0.0,GREEN
2025-10-20,609.98388671875,53.771759033203125,10.966801855079547,0.0,GREEN
2025-10-21,609.8244018554688,53.71194839477539,10.96845470883004,0.0,GREEN
2025-10-22,603.9493408203125,52.13204193115234,10.970102153354418,0.0,GREEN
2025-10-23,609.0264282226562,53.437835693359375,10.971751151296031,0.0,GREEN
2025-10-24,615.52978515625,55.10247421264648,10.973400397110835,0.0,GREEN
2025-10-27,626.4918823242188,58.02804946899414,10.97503900448464,0.0,GREEN
2025-10-28,631.3095703125,59.35377502441406,10.976658258226978,0.0,GREEN
2025-10-29,634.15234375,60.11133575439453,10.978278622077559,0.0,GREEN
2025-10-30,624.45703125,57.36019515991211,10.979903581580327,0.0,GREEN
2025-10-31,627.4693603515625,58.17258071899414,10.981540545763696,0.0,GREEN
2025-11-03,630.4716796875,58.97001266479492,10.983160758741354,0.0,GREEN
2025-11-04,617.6743774414062,55.36163711547852,10.984809540370978,0.0,GREEN
2025-11-05,621.6941528320312,56.43817138671875,10.986462928561378,0.0,GREEN
2025-11-06,610.1136474609375,53.27336502075195,10.988114385813239,0.0,GREEN
2025-11-07,608.1885375976562,52.72014617919922,10.989755190359253,0.0,GREEN
2025-11-10,621.6442260742188,56.17401885986328,10.991393623292378,0.0,GREEN
2025-11-11,619.9884643554688,55.71051406860352,10.993043640831786,0.0,GREEN
2025-11-12,619.4996948242188,55.59588623046875,10.994693906070255,0.0,GREEN
2025-11-13,606.8519897460938,52.16194915771485,10.996342237612174,0.0,GREEN
2025-11-14,607.310791015625,52.20181655883789,10.997997361656559,0.0,GREEN
2025-11-17,602.1240234375,50.861141204833984,10.999650552735158,0.0,GREEN
2025-11-18,594.792724609375,49.022064208984375,11.00129700839798,0.0,GREEN
2025-11-19,598.3436889648438,49.864349365234375,11.002118489728185,0.15001125084381328,GREEN
2025-11-20,584.1798095703125,46.30082702636719,10.885570571782916,0.14078213408692733,GREEN
2025-11-21,588.568603515625,47.327518463134766,10.920953755626165,0.1434376492174141,GREEN
2025-11-24,603.6201782226562,50.91596221923828,11.04111464437356,0.15263391003968826,GREEN
2025-11-25,607.3406982421875,51.84297180175781,11.073182206520519,0.15496279324306309,GREEN
2025-11-26,612.70703125,53.19860458374024,11.119437556202843,0.15835340782691032,GREEN
2025-11-28,617.6743774414062,54.36484909057617,11.159432417848988,0.16124493218001087,GREEN
2025-12-01,615.599609375,53.87642288208008,11.144639356317334,0.16000837971744433,GREEN
2025-12-02,620.4173583984375,55.12240982055664,11.187251706096488,0.16308528602039193,GREEN
2025-12-03,621.9335327148438,55.51115417480469,11.2014829010431,0.16402676907345856,GREEN
2025-12-04,621.35498046875,55.331729888916016,11.196894943337826,0.16356359157083014,GREEN
2025-12-05,623.8884887695312,55.96968078613281,11.219352629830494,0.16511823025867955,GREEN
2025-12-08,622.6915893554688,55.62080383300781,11.209144515364446,0.16423843049107695,GREEN
2025-12-09,623.4595947265625,55.83012771606445,11.217417850607502,0.1647349381404231,GREEN
2025-12-10,626.0130615234375,56.468074798583984,11.239883424105889,0.16628426990243514,GREEN
2025-12-11,623.98828125,55.9298095703125,11.223403675810806,0.16494104834970374,GREEN
2025-12-12,612.0587158203125,52.65037155151367,11.1161857614137,0.1567673576425977,GREEN
2025-12-15,608.9865112304688,51.85294342041016,11.091103162677955,0.15474216284316286,GREEN
2025-12-16,610.1934204101562,52.16194915771485,11.102647026744005,0.15550246292975944,GREEN
2025-12-17,598.8822631835938,49.241355895996094,11.007298383799931,0.14806733410707204,GREEN
2025-12-18,607.5601806640625,51.34457778930664,11.078230571734228,0.15340311575276336,GREEN
2025-12-19,615.4799194335938,53.34812545776367,11.145856049301921,0.1584220860326643,GREEN
2025-12-22,618.4302368164062,54.075782775878906,11.171251489828887,0.1602178794880809,GREEN
2025-12-23,621.3265380859375,54.83333587646485,11.197638856654184,0.1620795434222133,GREEN
2025-12-24,623.144287109375,55.26862335205078,11.213366931486537,0.1631370508745876,GREEN
2025-12-26,623.1043090820312,55.21870422363281,11.21303849836881,0.16299447800657607,GREEN
2025-12-29,620.088134765625,54.40005874633789,11.18726199519189,0.16094798847653405,GREEN
2025-12-30,618.64990234375,54.01070022583008,11.175692624486318,0.15996145759143143,GREEN
2025-12-31,613.536376953125,52.63298034667969,11.13141077876317,0.15650122688699566,GREEN
2026-01-02,612.347900390625,52.26358795166016,11.120505982865485,0.1555552476666249,GREEN
2026-01-05,617.2117309570312,53.51152420043945,11.163127515324383,0.1586614537672816,GREEN
2026-01-06,622.6348876953125,54.91919708251953,11.211029587278805,0.16213944199076374,GREEN
2026-01-07,623.2341918945312,55.07893371582031,11.217628727833356,0.16251537549324604,GREEN
2026-01-08,619.6885986328125,54.10055160522461,11.186556018630302,0.16007196819271136,GREEN
2026-01-09,625.86083984375,55.6679573059082,11.239742593393233,0.1639301792105745,GREEN
2026-01-12,626.3801879882812,55.79774475097656,11.24534839554122,0.16423046570332908,GREEN
2026-01-13,625.4513549804688,55.50822448730469,11.237083329523497,0.1634984832430267,GREEN
2026-01-14,618.769775390625,53.74114990234375,11.17992349845299,0.15910290764810914,GREEN
2026-01-15,620.9970092773438,54.29024124145508,11.199425769584467,0.16044862860826128,GREEN
2026-01-16,620.4776611328125,54.05063247680664,11.192825202513026,0.15983469340077186,GREEN
2026-01-20,607.2942504882812,50.646263122558594,11.081472604349788,0.15127247876796107,GREEN
2026-01-21,615.50390625,52.64296340942383,11.148893787441779,0.15628544883112946,GREEN
2026-01-22,619.978271484375,53.811031341552734,11.188894537718554,0.15918206304052018,GREEN
2026-01-23,621.935791015625,54.29024124145508,11.206095222843818,0.16035313552099498,GREEN
2026-01-26,624.67236328125,54.98908615112305,11.230563475907658,0.1620634011481136,GREEN
2026-01-27,630.335205078125,56.44667434692383,11.280142666937083,0.16562800121764107,GREEN
2026-01-28,632.4225463867188,56.965816497802734,11.298658903228283,0.1668773606250168,GREEN
2026-01-29,628.6373291015625,55.9474983215332,11.266291983269676,0.1643651207059758,GREEN
2026-01-30,621.0868530273438,53.910865783691406,11.200219697909372,0.1593161336884146,GREEN
2026-02-02,625.3515014648438,55.00904846191406,11.237902696526888,0.16201635554110652,GREEN
2026-02-03,615.7435913085938,52.43330764770508,11.153986299074582,0.15559195653597951,GREEN
2026-02-04,604.9871826171875,49.67786407470703,11.064126661630514,0.14861264694260173,GREEN
2026-02-05,596.2781982421875,47.56136322021485,10.995417211832883,0.14317018119873576,GREEN
2026-02-06,608.8822631835938,50.50649642944336,11.094234741790643,0.15068148298339243,GREEN
2026-02-09,613.54638671875,51.654598236083984,11.133577674408723,0.15356216916166376,GREEN
2026-02-10,610.699951171875,50.93578338623047,11.111129539992467,0.15173115809103557,GREEN
2026-02-11,612.337890625,51.31515884399414,11.125029067702279,0.15267028514393544,GREEN
2026-02-12,599.8836059570312,48.18033981323242,11.022617510842771,0.1446755409119919,GREEN
2026-02-13,601.1619873046875,48.38999557495117,11.030902925615155,0.14519595354432502,GREEN
2026-02-17,600.542724609375,48.27019119262695,11.028281982861127,0.1448708974365751,GREEN
2026-02-18,605.027099609375,49.308475494384766,11.06399237848915,0.14750940150778494,GREEN
2026-02-19,602.7100219726562,48.7494010925293,11.046836326943437,0.14606338417255774,GREEN
2026-02-20,608.0433349609375,49.97737121582031,11.088826195737473,0.14917561115845834,GREEN
2026-02-23,600.652587890625,48.16037368774414,11.03003200455343,0.1445183747994917,GREEN
2026-02-24,607.1044921875,49.69783020019531,11.082263211147874,0.14842906808071332,GREEN
2026-02-25,615.9033813476562,51.78438186645508,11.152668905335677,0.15368446897146362,GREEN
2026-02-26,608.4727783203125,49.967384338378906,11.09387266767044,0.14907795702902502,GREEN
2026-02-27,606.5252075195312,49.438262939453125,11.07770355442527,0.14771461182170653,GREEN
2026-03-02,607.32421875,49.61796569824219,11.084991993187234,0.14815406237679474,GREEN
2026-03-03,600.8224487304688,48.02060317993164,11.033466695981659,0.1440540975033437,GREEN
2026-03-04,609.9808959960938,50.17703628540039,11.106188949704553,0.14953744008756387,GREEN
2026-03-05,608.1431274414062,49.7177963256836,11.092336205534373,0.14835385634971443,GREEN
2026-03-06,598.9946899414062,47.46152877807617,11.019001881637202,0.14256386452903558,GREEN
2026-03-09,606.99462890625,49.308475494384766,11.081471763622822,0.14727672721191604,GREEN
2026-03-10,607.004638671875,49.318458557128906,11.08314948284846,0.1472842464360104,GREEN
2026-03-11,606.9247436523438,49.26853942871094,11.082845463917565,0.14713920449040482,GREEN
2026-03-12,596.5078735351562,46.75270462036133,11.000925086609692,0.14066547786756795,GREEN
2026-03-13,592.9722900390625,45.85418701171875,10.972537758495749,0.1383190213149713,GREEN
2026-03-16,599.6239013671875,47.38166046142578,11.024446849314593,0.14225366417220733,GREEN
2026-03-17,602.5502319335938,48.08050537109375,11.048930416031752,0.14403192957602393,GREEN
2026-03-18,594.15087890625,46.023902893066406,10.982212647851945,0.1387086642543848,GREEN
2026-03-19,592.273193359375,45.61458206176758,10.970019712585952,0.13762783737097778,GREEN
2026-03-20,581.3269653320312,43.00889205932617,10.88513091584861,0.13077797001734898,GREEN
2026-03-23,588.0,44.496429443359375,10.935724777359015,0.13467518625745653,GREEN
2026-03-24,583.97998046875,43.547996520996094,10.905689305492201,0.13216761474415223,GREEN
2026-03-25,587.8200073242188,44.38999938964844,10.934918000977977,0.1343629721183174,GREEN
2026-03-26,573.7899780273438,41.22999954223633,10.831686092091395,0.1259874419401845,GREEN
2026-03-27,562.5800170898438,38.77999877929688,10.751954374203596,0.11937966938837599,GREEN
2026-03-30,558.280029296875,37.88999938964844,10.722602252030423,0.3500407892778246,GREEN
2026-03-31,577.1799926757812,41.68000030517578,11.099031278006901,0.37199481858784444,GREEN
2026-04-01,584.3099975585938,43.22999954223633,11.25356851297479,0.38053028307787035,GREEN
2026-04-02,584.97998046875,43.33000183105469,11.26447192216192,0.3810413639811655,GREEN
2026-04-06,588.5,44.09999847412109,11.341745045977621,0.385170437220454,GREEN
2026-04-07,588.5900268554688,44.150001525878906,11.347700843455936,0.3854047806167912,GREEN
2026-04-08,606.0900268554688,48.0,11.730078588969185,0.405354098167763,GREEN
2026-04-09,610.1900024414062,48.959999084472656,11.8261716701176,0.4101016103114328,GREEN
2026-04-10,611.0700073242188,49.16999816894531,11.847967268081362,0.41110295545482783,GREEN
2026-04-13,617.3900146484375,50.65999984741211,11.996560260175563,0.4183142862519982,GREEN
2026-04-14,628.5999755859375,53.40999984741211,12.269970426958587,0.43119459990533754,GREEN
2026-04-15,637.4000244140625,55.650001525878906,12.492863268836073,0.4412629320204584,GREEN
2026-04-16,640.469970703125,56.43000030517578,12.571129722644454,0.44466197974628435,GREEN
2026-04-17,648.8499755859375,58.59000015258789,12.786097390123945,0.45392044438362056,GREEN
2026-04-20,646.7899780273438,58.08000183105469,12.736574890855334,0.451718856788915,GREEN
2026-04-21,644.3300170898438,57.400001525878906,12.670211741259022,0.44876841574761717,GREEN
2026-04-22,655.1099853515625,60.209999084472656,12.949564681640789,0.46058278758955584,GREEN
2026-04-23,651.4199829101562,59.220001220703125,12.852492914903468,0.4564311662255175,GREEN
2026-04-24,663.8800048828125,62.560001373291016,13.184346873050426,0.47003736350107983,GREEN
2026-04-27,664.22998046875,62.63999938964844,13.193267634388526,0.4703201924543722,GREEN
2026-04-28,657.5499877929688,60.7400016784668,13.006051167659923,0.4626191367684717,GREEN
2026-04-29,661.5700073242188,61.86000061035156,13.117992905891917,0.46712894739973665,GREEN
2026-04-30,667.739990234375,63.540000915527344,13.285408001998109,0.47376892658363917,GREEN
2026-05-01,674.1500244140625,65.30000305175781,13.45751248112547,0.0,GREEN
2026-05-04,672.8800048828125,64.91000366210938,13.459421632227125,0.0,GREEN
2026-05-05,681.6099853515625,67.38999938964844,13.46133906565984,0.0,GREEN
2026-05-06,695.77001953125,71.56999969482422,13.463262114046849,0.0,GREEN
2026-05-07,694.9400024414062,71.33999633789062,13.465185437155046,0.0,GREEN
2026-05-08,711.22998046875,76.27999877929688,13.467107966435625,0.0,GREEN
2026-05-11,713.2899780273438,76.95999908447266,13.469029166972318,0.0,GREEN
2026-05-12,707.239990234375,74.95999908447266,13.470953313945198,0.0,GREEN
2026-05-13,714.7100219726562,77.23999786376953,13.472879339492343,0.0,GREEN
2026-05-14,719.7899780273438,78.94999694824219,13.474804036489854,0.0,GREEN
2026-05-15,708.9299926757812,75.33999633789062,13.476722591953331,0.0,GREEN
2026-05-18,705.8800048828125,74.31999969482422,13.478641420582568,0.0,GREEN
2026-05-19,701.530029296875,72.93000030517578,13.480549825092199,0.0,GREEN
2026-05-20,713.1500244140625,76.51000213623047,13.482462244388527,0.0,GREEN
2026-05-21,714.510009765625,76.94999694824219,13.48436530459285,0.0,GREEN
2026-05-22,717.5399780273438,77.83999633789062,13.48628201081319,0.0,GREEN
2026-05-26,730.280029296875,81.94999694824219,13.488200595000619,0.0,GREEN
2026-05-27,729.4500122070312,81.66999816894531,13.490117846380096,0.0,GREEN
2026-05-28,735.5999755859375,83.68000030517578,13.492036976260806,0.0,GREEN
2026-05-29,738.3099975585938,84.55999755859375,13.493959056085677,0.0,GREEN
2026-06-01,742.739990234375,86.04000091552734,13.495880338859132,0.0,GREEN
2026-06-02,746.1599731445312,87.22000122070312,13.497819032719537,0.0,GREEN
2026-06-03,744.2100219726562,86.55999755859375,13.49975693389701,0.0,GREEN
2026-06-04,738.489990234375,84.51010131835938,13.50169779175851,0.0,GREEN
